issue_id,series_id,issue_number,title,publish_date,cover_price,page_count,notes
1,109,581,Oblivion of Holt,2024-10-06,0.12,28,Low distribution; considered scarce.
2,279,674,Dawn of Cross,1966-08-22,1.5,24,High print run; common in collections.
3,74,408,Shadows of Burns,2023-12-29,0.35,100,High print run; common in collections.
4,291,694,Descent of Flynn,1970-06-16,2.5,32,Landmark story milestone.
5,257,355,Dawn of Kane,2006-09-20,2.99,36,Landmark story milestone.
6,175,788,Shattered of Price,1978-10-14,2.5,44,Key first appearance issue.
7,140,462,Oblivion of Vale,1994-10-15,1.95,80,Direct edition only; no newsstand version.
8,222,697,Reborn of Ward,1997-05-02,0.15,100,Low distribution; considered scarce.
9,127,76,Shadows of Holt,2023-12-29,0.25,48,Controversial issue banned in three states.
10,200,370,Rising of Voss,1983-05-30,0.1,40,Contains bonus pin-up gallery.
11,185,277,Rising of Steele,2001-07-16,0.15,32,Direct edition only; no newsstand version.
12,230,569,Resurgence of Crane,1972-06-28,0.2,24,Landmark story milestone.
13,182,96,Shattered of Price,2002-09-21,1.5,48,Key first appearance issue.
14,150,398,Shadows of Grant,2014-07-24,0.75,100,Double-sized anniversary issue.
15,87,174,Fallen of Holt,2003-02-27,1.25,40,Contains bonus pin-up gallery.
16,75,172,Legacy of Holt,1973-11-02,2.99,40,Contains bonus pin-up gallery.
17,40,258,Revelation of Stark,1947-01-10,0.5,64,Landmark story milestone.
18,70,7,Nemesis of Flynn,1960-08-31,2.5,44,Contains bonus pin-up gallery.
19,172,667,Shattered of Steele,1983-08-29,1.25,44,Reprints classic story with new framing pages.
20,103,322,Convergence of Ward,1955-05-17,1.5,40,Contains bonus pin-up gallery.
21,295,334,Nemesis of Holt,1943-05-12,2.5,44,Landmark story milestone.
22,289,607,Descent of Cross,1994-06-25,0.1,64,High print run; common in collections.
23,225,710,Shadows of Crane,1986-01-26,4.99,32,Low distribution; considered scarce.
24,124,675,Fallen of Crane,1946-09-01,2.5,28,Contains bonus pin-up gallery.
25,246,411,Descent of Cole,2009-02-12,2.99,80,Key first appearance issue.
26,185,550,Shattered of Voss,2000-11-13,0.2,36,Part of a crossover event.
27,86,577,Nemesis of Flynn,1999-12-27,2.99,28,Key first appearance issue.
28,51,228,Resurgence of Cole,2014-10-21,0.75,64,Part of a crossover event.
29,201,791,Reborn of Cole,2015-05-22,0.25,44,Key first appearance issue.
30,248,303,Legacy of Voss,2011-03-05,0.2,32,Part of a crossover event.
31,160,467,Uprising of Cole,1952-12-17,4.99,44,Contains bonus pin-up gallery.
32,50,740,Fracture of Flynn,1977-04-23,0.15,40,Key first appearance issue.
33,59,352,Rising of Cross,1990-01-06,0.75,80,Controversial issue banned in three states.
34,283,339,Descent of Crane,1970-10-18,3.99,36,Direct edition only; no newsstand version.
35,95,656,Legacy of Ward,1988-09-20,0.1,100,High print run; common in collections.
36,231,440,Nemesis of Morgan,2001-07-25,0.5,36,Low distribution; considered scarce.
37,33,105,Descent of Cross,1984-03-28,1.95,44,High print run; common in collections.
38,235,269,Oblivion of Cole,2006-07-22,1.5,100,Direct edition only; no newsstand version.
39,201,117,Inferno of Nash,2018-03-02,3.99,100,Controversial issue banned in three states.
40,153,689,Fallen of Flynn,1968-12-13,0.2,36,Low distribution; considered scarce.
41,60,383,Fallen of Cole,1962-01-19,2.5,48,Reprints classic story with new framing pages.
42,71,393,Legacy of Cross,2020-07-27,4.99,80,Controversial issue banned in three states.
43,285,502,Vendetta of Steele,1972-06-26,0.35,44,Contains bonus pin-up gallery.
44,28,368,Reckoning of Stark,2019-10-29,0.25,36,Direct edition only; no newsstand version.
45,288,669,Oblivion of Crane,2012-09-03,4.99,48,Contains bonus pin-up gallery.
46,251,85,Reborn of Morgan,1958-01-02,0.75,40,Key first appearance issue.
47,141,551,Vendetta of Cross,1980-02-01,3.99,100,Contains bonus pin-up gallery.
48,282,116,Reborn of Kane,1998-11-30,1,80,Part of a crossover event.
49,278,43,Fracture of Grant,1980-12-21,0.5,48,Landmark story milestone.
50,127,34,Fracture of Holt,2014-09-04,1.95,28,Contains bonus pin-up gallery.
51,61,243,Uprising of Hunt,1995-05-25,1.95,100,Direct edition only; no newsstand version.
52,85,143,Uprising of Stone,2023-08-22,0.12,100,Part of a crossover event.
53,273,612,Descent of Cross,1964-03-20,1.5,40,Low distribution; considered scarce.
54,294,527,Rising of Steele,2012-12-31,2.99,24,Low distribution; considered scarce.
55,65,136,Revelation of Steele,2016-12-05,1.5,36,Direct edition only; no newsstand version.
56,251,592,Chaos of Crane,1955-10-03,2.5,64,Landmark story milestone.
57,48,528,Chaos of Nash,1992-01-27,3.99,64,Part of a crossover event.
58,298,793,Shadows of Fox,1950-01-11,1.95,28,Double-sized anniversary issue.
59,204,440,Uprising of Stark,1989-11-20,1,44,Low distribution; considered scarce.
60,173,592,Fallen of Hunt,2023-07-21,4.99,44,Key first appearance issue.
61,24,642,Fracture of Morgan,1968-07-22,0.2,32,Contains bonus pin-up gallery.
62,234,439,Uprising of Steele,1990-01-02,1.25,32,Low distribution; considered scarce.
63,48,257,Shadows of Nash,1990-03-03,0.35,24,Direct edition only; no newsstand version.
64,157,774,Revelation of Crane,2021-12-17,0.15,28,Key first appearance issue.
65,110,80,Fallen of Hunt,2018-05-08,0.75,80,Contains bonus pin-up gallery.
66,5,713,Eclipse of Kane,1957-09-22,2.99,32,Contains bonus pin-up gallery.
67,37,393,Shadows of Kane,1981-04-09,0.2,44,Part of a crossover event.
68,154,392,Fallen of Steele,1997-02-24,0.15,80,Reprints classic story with new framing pages.
69,5,666,Convergence of Fox,2011-10-03,1.95,36,Controversial issue banned in three states.
70,211,704,Fracture of Stone,2003-04-09,0.15,28,Controversial issue banned in three states.
71,64,360,Legacy of Flynn,2019-03-24,0.25,36,Low distribution; considered scarce.
72,44,567,Shattered of Price,1969-04-06,1.25,24,Low distribution; considered scarce.
73,106,622,Resurgence of Stone,2004-10-21,2.5,40,Key first appearance issue.
74,123,396,Rising of Vale,2008-05-25,4.99,100,Landmark story milestone.
75,271,13,Inferno of Flynn,1953-12-26,0.25,48,Reprints classic story with new framing pages.
76,216,560,Convergence of Stark,1978-10-13,0.15,24,Reprints classic story with new framing pages.
77,35,269,Uprising of Drake,2007-01-29,0.12,48,Double-sized anniversary issue.
78,147,786,Legacy of Crane,1960-03-28,2.5,28,Double-sized anniversary issue.
79,276,157,Chaos of Voss,1982-10-26,1.25,28,Double-sized anniversary issue.
80,105,160,Descent of Flynn,2023-07-13,2.5,100,Landmark story milestone.
81,159,448,Revelation of Drake,1971-09-02,0.75,28,Direct edition only; no newsstand version.
82,60,627,Shattered of Drake,1965-01-31,1.25,32,Landmark story milestone.
83,7,719,Reckoning of Cross,1956-01-30,4.99,44,Double-sized anniversary issue.
84,265,739,Chaos of Cross,2014-03-30,1.95,32,Low distribution; considered scarce.
85,61,31,Eclipse of Crane,1995-04-21,1,80,Landmark story milestone.
86,135,643,Shadows of Stark,2023-06-20,3.99,80,Part of a crossover event.
87,29,581,Convergence of Nash,1949-10-20,0.35,40,Landmark story milestone.
88,294,741,Rising of Vale,2017-07-24,0.1,24,Key first appearance issue.
89,126,484,Inferno of Ward,1975-07-08,0.25,32,Key first appearance issue.
90,284,430,Revelation of Flynn,2017-11-02,0.75,48,Part of a crossover event.
91,139,586,Inferno of Kane,1993-06-30,0.12,32,High print run; common in collections.
92,265,411,Shadows of Fox,1948-02-13,1.25,40,Part of a crossover event.
93,45,468,Reckoning of Nash,2020-08-14,0.5,40,Reprints classic story with new framing pages.
94,156,638,Revelation of Fox,2011-05-09,1.95,100,Contains bonus pin-up gallery.
95,101,779,Revelation of Steele,2020-07-07,0.1,48,Key first appearance issue.
96,120,652,Reckoning of Flynn,1989-10-08,0.1,48,Low distribution; considered scarce.
97,54,543,Revelation of Crane,1999-03-16,4.99,24,Controversial issue banned in three states.
98,144,45,Revelation of Cole,1944-03-04,2.99,44,Contains bonus pin-up gallery.
99,44,98,Resurgence of Steele,1999-02-07,2.5,28,Reprints classic story with new framing pages.
100,291,446,Fallen of Vale,1955-10-18,1.25,40,Part of a crossover event.
101,202,326,Fracture of Holt,2018-10-31,0.75,28,High print run; common in collections.
102,70,112,Fallen of Kane,1973-03-24,0.35,64,Contains bonus pin-up gallery.
103,161,124,Descent of Nash,2015-06-21,0.5,64,Low distribution; considered scarce.
104,238,123,Shadows of Cross,1951-12-22,1.25,100,Key first appearance issue.
105,111,336,Fallen of Voss,1973-05-16,0.75,44,Direct edition only; no newsstand version.
106,263,694,Vendetta of Holt,1969-05-24,0.35,24,Direct edition only; no newsstand version.
107,232,767,Descent of Vale,1990-11-17,0.2,64,Landmark story milestone.
108,72,13,Dawn of Vale,1965-06-12,0.25,36,Direct edition only; no newsstand version.
109,191,597,Reborn of Holt,2005-10-08,0.15,24,Landmark story milestone.
110,102,455,Fallen of Voss,1972-03-30,1.5,28,Key first appearance issue.
111,237,173,Reborn of Crane,2019-04-14,2.5,64,Key first appearance issue.
112,196,177,Inferno of Stone,1959-07-28,0.35,40,Low distribution; considered scarce.
113,229,36,Shattered of Price,1977-05-02,0.75,40,Contains bonus pin-up gallery.
114,211,491,Dawn of Voss,1997-05-27,1,48,Controversial issue banned in three states.
115,215,659,Resurgence of Vale,1988-02-13,0.1,48,Part of a crossover event.
116,246,497,Inferno of Hunt,2007-06-05,1.5,48,Low distribution; considered scarce.
117,93,327,Shattered of Vale,2020-02-23,0.1,40,Key first appearance issue.
118,242,367,Reborn of Vale,2019-10-01,0.35,28,High print run; common in collections.
119,124,547,Dawn of Vale,1946-12-24,2.5,44,Controversial issue banned in three states.
120,91,607,Eclipse of Nash,2020-08-26,0.1,44,Reprints classic story with new framing pages.
121,289,577,Uprising of Stark,1993-03-10,1.25,32,Contains bonus pin-up gallery.
122,20,58,Revelation of Price,1942-01-18,0.75,24,Double-sized anniversary issue.
123,245,340,Shattered of Stone,1979-01-12,0.25,44,Controversial issue banned in three states.
124,166,23,Fallen of Hunt,1984-05-05,0.25,28,Double-sized anniversary issue.
125,187,383,Nemesis of Hunt,1963-08-18,0.2,44,Low distribution; considered scarce.
126,166,162,Legacy of Stark,1991-03-30,1.5,32,Double-sized anniversary issue.
127,183,682,Reborn of Cross,1948-01-03,2.5,40,Low distribution; considered scarce.
128,66,747,Reckoning of Hunt,1983-12-21,2.5,100,Key first appearance issue.
129,94,326,Shattered of Vale,2010-10-03,0.2,64,Controversial issue banned in three states.
130,170,244,Inferno of Flynn,1949-06-09,0.35,28,Part of a crossover event.
131,229,272,Uprising of Vale,1974-04-04,0.15,44,Low distribution; considered scarce.
132,56,2,Dawn of Ward,1962-01-15,3.99,48,Controversial issue banned in three states.
133,212,388,Inferno of Grant,1988-03-27,2.5,28,Contains bonus pin-up gallery.
134,296,167,Fracture of Voss,2020-07-12,0.12,40,Key first appearance issue.
135,164,108,Shadows of Flynn,2004-11-09,0.35,48,Controversial issue banned in three states.
136,39,347,Shattered of Price,1986-05-09,4.99,24,Direct edition only; no newsstand version.
137,85,445,Convergence of Drake,2023-03-30,0.2,44,High print run; common in collections.
138,98,714,Descent of Grant,2018-03-07,1,40,Low distribution; considered scarce.
139,122,51,Nemesis of Hunt,1952-08-08,4.99,32,Key first appearance issue.
140,185,438,Shadows of Burns,1993-01-16,4.99,36,Landmark story milestone.
141,14,175,Vendetta of Voss,1992-08-22,4.99,28,Low distribution; considered scarce.
142,204,501,Chaos of Voss,1995-07-25,2.5,32,Part of a crossover event.
143,196,192,Fracture of Drake,1958-04-15,1,64,Contains bonus pin-up gallery.
144,135,276,Reborn of Drake,2019-07-16,0.25,28,Landmark story milestone.
145,177,555,Legacy of Hunt,2021-04-03,0.75,80,Key first appearance issue.
146,199,429,Descent of Stark,1960-09-20,0.75,64,Low distribution; considered scarce.
147,41,732,Dawn of Cole,2006-09-17,0.25,28,Contains bonus pin-up gallery.
148,89,217,Uprising of Steele,2015-12-09,0.12,48,Landmark story milestone.
149,223,643,Fallen of Price,1965-07-13,1,44,Landmark story milestone.
150,45,570,Nemesis of Grant,2005-10-26,1.5,40,Double-sized anniversary issue.
151,235,13,Shattered of Hunt,2024-07-27,2.99,28,Direct edition only; no newsstand version.
152,77,581,Reborn of Hunt,2010-04-29,0.2,28,Reprints classic story with new framing pages.
153,52,549,Inferno of Crane,2014-06-01,1,48,Contains bonus pin-up gallery.
154,293,39,Convergence of Holt,2017-04-21,2.5,32,Reprints classic story with new framing pages.
155,206,406,Eclipse of Vale,1985-03-21,0.12,64,Low distribution; considered scarce.
156,191,346,Vendetta of Burns,2002-11-28,1,64,Landmark story milestone.
157,117,308,Fracture of Flynn,2015-07-05,1,48,Reprints classic story with new framing pages.
158,46,453,Uprising of Crane,1962-03-20,4.99,80,Part of a crossover event.
159,29,163,Shadows of Burns,1949-11-21,2.5,32,Double-sized anniversary issue.
160,292,178,Uprising of Stone,1991-04-20,0.12,36,Key first appearance issue.
161,234,370,Uprising of Holt,1990-04-14,1.95,64,Double-sized anniversary issue.
162,204,127,Reckoning of Vale,1999-04-03,1.95,64,Reprints classic story with new framing pages.
163,229,486,Reborn of Grant,1977-12-25,1.95,44,Controversial issue banned in three states.
164,133,292,Reckoning of Ward,2002-01-06,0.12,32,Reprints classic story with new framing pages.
165,110,663,Revelation of Stone,2015-06-26,1,48,Double-sized anniversary issue.
166,11,486,Fallen of Cross,2006-02-06,0.1,36,Low distribution; considered scarce.
167,157,727,Chaos of Crane,2021-12-30,2.5,44,Contains bonus pin-up gallery.
168,130,478,Vendetta of Cole,2010-11-23,2.5,100,Landmark story milestone.
169,4,679,Inferno of Grant,1974-06-08,1.25,40,Landmark story milestone.
170,247,345,Chaos of Flynn,1957-11-11,1,40,Low distribution; considered scarce.
171,97,530,Revelation of Drake,1964-05-13,2.5,44,Controversial issue banned in three states.
172,14,510,Vendetta of Holt,2002-09-13,2.99,48,Direct edition only; no newsstand version.
173,19,352,Revelation of Grant,1976-04-04,4.99,44,Double-sized anniversary issue.
174,154,674,Descent of Cross,1998-08-17,1.25,28,Contains bonus pin-up gallery.
175,66,743,Descent of Cross,1987-08-08,1.5,28,High print run; common in collections.
176,182,763,Vendetta of Crane,1973-01-14,1.5,44,Low distribution; considered scarce.
177,300,475,Rising of Stark,2020-10-28,0.12,100,Reprints classic story with new framing pages.
178,37,200,Resurgence of Kane,1992-03-07,2.5,80,Low distribution; considered scarce.
179,212,155,Fallen of Stone,1948-11-06,1.5,48,Reprints classic story with new framing pages.
180,235,324,Convergence of Voss,2007-03-19,4.99,44,Controversial issue banned in three states.
181,161,5,Fracture of Holt,1984-03-15,0.5,32,Reprints classic story with new framing pages.
182,82,782,Shadows of Steele,1984-12-03,2.99,48,Direct edition only; no newsstand version.
183,220,393,Reckoning of Drake,1998-09-15,0.5,44,Key first appearance issue.
184,165,196,Reckoning of Morgan,1981-12-23,0.75,36,Part of a crossover event.
185,160,106,Nemesis of Cole,1952-05-12,1.25,32,Landmark story milestone.
186,24,298,Fracture of Cole,1969-09-02,1.5,48,Controversial issue banned in three states.
187,176,368,Uprising of Cross,2012-09-30,2.5,24,High print run; common in collections.
188,115,135,Uprising of Morgan,2012-03-27,0.35,28,Part of a crossover event.
189,20,656,Chaos of Grant,1954-10-31,0.12,100,Key first appearance issue.
190,56,21,Dawn of Kane,1961-08-31,2.99,64,Direct edition only; no newsstand version.
191,64,486,Fallen of Stone,2013-05-03,0.1,40,Direct edition only; no newsstand version.
192,52,533,Chaos of Price,2022-11-10,0.25,48,Landmark story milestone.
193,262,633,Rising of Burns,2007-06-26,0.2,28,Contains bonus pin-up gallery.
194,102,205,Chaos of Cole,1971-10-31,0.5,44,Direct edition only; no newsstand version.
195,152,41,Descent of Stark,1969-05-22,0.5,64,Part of a crossover event.
196,121,14,Shadows of Kane,1989-02-14,4.99,32,Landmark story milestone.
197,262,741,Rising of Holt,1949-09-25,0.75,64,Low distribution; considered scarce.
198,136,52,Rising of Cross,2020-08-08,0.12,40,Part of a crossover event.
199,161,757,Rising of Kane,2017-03-21,0.12,24,Controversial issue banned in three states.
200,88,367,Fracture of Price,2005-05-16,1,28,Part of a crossover event.
201,176,117,Nemesis of Ward,2011-01-10,3.99,40,Direct edition only; no newsstand version.
202,245,665,Convergence of Kane,1997-12-01,0.25,24,Controversial issue banned in three states.
203,54,605,Oblivion of Hunt,2008-08-30,3.99,32,Reprints classic story with new framing pages.
204,195,627,Reckoning of Steele,2006-03-04,4.99,64,Landmark story milestone.
205,211,48,Shadows of Holt,1987-07-15,1.5,24,Double-sized anniversary issue.
206,296,230,Eclipse of Cole,2024-05-03,0.2,48,High print run; common in collections.
207,247,680,Nemesis of Steele,1970-07-05,0.12,24,Controversial issue banned in three states.
208,259,508,Convergence of Voss,2017-07-11,4.99,44,High print run; common in collections.
209,170,52,Resurgence of Vale,1950-07-24,2.5,48,High print run; common in collections.
210,41,455,Reborn of Fox,2009-08-05,0.15,64,Contains bonus pin-up gallery.
211,162,510,Reckoning of Kane,1954-08-30,2.5,48,Key first appearance issue.
212,286,94,Shattered of Price,2011-01-02,1.25,80,Double-sized anniversary issue.
213,106,350,Inferno of Drake,2004-02-12,0.75,64,Part of a crossover event.
214,287,635,Shattered of Stark,1962-03-19,1.95,64,Landmark story milestone.
215,50,675,Revelation of Morgan,2006-02-14,1.5,44,Low distribution; considered scarce.
216,281,383,Rising of Drake,2017-09-16,0.35,64,Controversial issue banned in three states.
217,210,261,Shattered of Stone,1951-08-06,0.5,28,Direct edition only; no newsstand version.
218,111,196,Eclipse of Kane,1969-02-15,2.99,24,Reprints classic story with new framing pages.
219,64,469,Reborn of Cole,2022-03-18,0.25,64,Key first appearance issue.
220,272,50,Descent of Crane,2020-01-10,4.99,80,Controversial issue banned in three states.
221,297,749,Fallen of Kane,1941-12-12,2.5,100,Reprints classic story with new framing pages.
222,165,394,Legacy of Price,1981-10-29,0.75,40,Direct edition only; no newsstand version.
223,176,464,Fallen of Steele,2011-08-26,2.99,100,Double-sized anniversary issue.
224,154,322,Descent of Stone,2015-07-29,0.5,36,Reprints classic story with new framing pages.
225,149,354,Fallen of Cross,2014-10-19,1.5,28,Part of a crossover event.
226,288,597,Reborn of Crane,2011-07-20,1.25,48,Key first appearance issue.
227,268,26,Nemesis of Steele,1989-03-12,0.12,24,High print run; common in collections.
228,137,165,Vendetta of Holt,1953-03-17,0.25,24,Low distribution; considered scarce.
229,105,555,Dawn of Nash,2023-03-24,3.99,28,Reprints classic story with new framing pages.
230,288,761,Descent of Ward,2000-01-24,0.75,80,Low distribution; considered scarce.
231,25,397,Legacy of Flynn,1988-03-26,0.12,24,Low distribution; considered scarce.
232,104,800,Fracture of Vale,2019-12-02,1.95,100,Double-sized anniversary issue.
233,101,302,Fracture of Cross,2004-09-05,0.15,32,Controversial issue banned in three states.
234,264,387,Dawn of Crane,2015-09-05,1,80,Low distribution; considered scarce.
235,67,599,Chaos of Morgan,2013-10-21,1.5,64,Controversial issue banned in three states.
236,21,331,Shattered of Drake,2019-09-22,1.25,64,Reprints classic story with new framing pages.
237,282,75,Eclipse of Cole,1992-01-23,0.75,32,Double-sized anniversary issue.
238,35,164,Legacy of Grant,2009-10-31,2.5,28,Part of a crossover event.
239,114,680,Eclipse of Flynn,1967-10-14,1.95,40,High print run; common in collections.
240,272,575,Reckoning of Kane,2008-04-20,1.95,64,High print run; common in collections.
241,125,699,Eclipse of Ward,1967-10-16,0.2,48,Low distribution; considered scarce.
242,277,26,Resurgence of Nash,1966-03-04,3.99,64,Key first appearance issue.
243,152,198,Eclipse of Cole,2013-06-14,0.15,28,Controversial issue banned in three states.
244,276,8,Shadows of Stone,1980-12-17,0.5,48,Landmark story milestone.
245,106,720,Legacy of Voss,2005-01-11,0.25,24,Contains bonus pin-up gallery.
246,170,90,Shadows of Drake,1949-03-19,0.35,40,Double-sized anniversary issue.
247,37,234,Chaos of Crane,1996-10-16,2.5,64,Direct edition only; no newsstand version.
248,222,18,Nemesis of Kane,2003-03-12,0.1,100,Landmark story milestone.
249,300,718,Shadows of Nash,2020-02-16,0.2,40,Low distribution; considered scarce.
250,45,784,Fracture of Ward,1996-04-03,2.5,24,Contains bonus pin-up gallery.
251,81,226,Fallen of Ward,2012-12-25,1.25,32,Low distribution; considered scarce.
252,192,567,Descent of Steele,1987-04-02,0.2,24,Key first appearance issue.
253,294,404,Descent of Grant,2016-09-09,0.15,40,High print run; common in collections.
254,177,423,Resurgence of Steele,1994-07-02,0.35,32,High print run; common in collections.
255,130,118,Convergence of Hunt,2010-05-11,0.12,80,Contains bonus pin-up gallery.
256,282,298,Shadows of Holt,1979-04-13,0.2,36,Reprints classic story with new framing pages.
257,250,366,Fallen of Vale,1987-09-17,0.2,40,Reprints classic story with new framing pages.
258,36,326,Oblivion of Fox,1973-09-06,1.5,100,Low distribution; considered scarce.
259,300,580,Reborn of Nash,2020-06-05,1.5,48,Controversial issue banned in three states.
260,3,253,Revelation of Crane,1955-01-19,1,44,Controversial issue banned in three states.
261,170,474,Fracture of Nash,1951-09-10,1.25,64,Double-sized anniversary issue.
262,56,662,Shattered of Voss,1958-12-26,1,32,Double-sized anniversary issue.
263,101,752,Shadows of Voss,2007-10-22,0.1,80,Key first appearance issue.
264,298,415,Reborn of Stone,1956-06-29,0.12,80,Low distribution; considered scarce.
265,279,484,Fallen of Nash,1966-02-08,2.5,36,Reprints classic story with new framing pages.
266,149,476,Resurgence of Cole,1990-01-02,0.15,48,Part of a crossover event.
267,258,679,Revelation of Price,1979-03-28,0.35,80,Controversial issue banned in three states.
268,229,184,Reborn of Hunt,1977-07-28,0.25,64,Part of a crossover event.
269,21,780,Oblivion of Vale,2020-06-15,0.15,40,Part of a crossover event.
270,120,685,Uprising of Cole,1982-12-17,1.95,48,Contains bonus pin-up gallery.
271,233,41,Eclipse of Kane,2016-04-05,1,40,Reprints classic story with new framing pages.
272,279,179,Nemesis of Ward,1966-10-15,1.95,100,Landmark story milestone.
273,265,386,Revelation of Cole,1966-07-27,2.5,44,Part of a crossover event.
274,250,619,Reckoning of Cole,1989-05-28,0.25,64,Controversial issue banned in three states.
275,118,527,Chaos of Stone,1970-06-17,0.25,32,Controversial issue banned in three states.
276,186,677,Revelation of Crane,1993-04-22,1.5,28,Contains bonus pin-up gallery.
277,246,216,Reborn of Cross,2004-06-27,2.99,24,High print run; common in collections.
278,23,588,Reborn of Cross,1951-06-22,0.25,80,Key first appearance issue.
279,294,58,Convergence of Holt,2011-08-25,0.35,80,Direct edition only; no newsstand version.
280,289,20,Vendetta of Voss,2004-04-20,0.5,64,Reprints classic story with new framing pages.
281,242,175,Revelation of Crane,2017-08-09,0.25,100,Controversial issue banned in three states.
282,262,172,Eclipse of Fox,1966-09-24,0.15,36,Direct edition only; no newsstand version.
283,198,112,Reckoning of Stone,1959-11-11,2.99,32,Reprints classic story with new framing pages.
284,50,488,Shattered of Price,1953-12-01,0.12,80,Double-sized anniversary issue.
285,61,494,Fallen of Price,1980-02-03,0.1,48,Double-sized anniversary issue.
286,216,45,Resurgence of Crane,1979-03-25,0.75,64,Direct edition only; no newsstand version.
287,180,436,Fallen of Holt,1985-10-07,4.99,36,Landmark story milestone.
288,146,557,Legacy of Holt,2021-05-10,0.5,24,Key first appearance issue.
289,296,121,Resurgence of Morgan,2023-11-11,2.5,36,Part of a crossover event.
290,210,110,Fallen of Crane,1974-07-02,1,40,Double-sized anniversary issue.
291,217,375,Shattered of Holt,1993-08-29,2.5,36,Direct edition only; no newsstand version.
292,283,184,Inferno of Grant,1974-05-31,4.99,40,Low distribution; considered scarce.
293,296,793,Nemesis of Steele,2021-11-11,0.2,36,Contains bonus pin-up gallery.
294,83,220,Resurgence of Ward,2017-07-25,1.5,80,Reprints classic story with new framing pages.
295,27,399,Reckoning of Voss,1988-08-09,0.25,64,Reprints classic story with new framing pages.
296,223,66,Chaos of Vale,1962-12-24,1.95,28,Reprints classic story with new framing pages.
297,20,411,Shattered of Cole,1955-03-29,1.25,100,Key first appearance issue.
298,90,507,Fracture of Morgan,2005-09-21,0.5,80,Low distribution; considered scarce.
299,100,614,Resurgence of Cole,1985-10-03,0.75,100,Controversial issue banned in three states.
300,19,245,Reckoning of Cross,1980-01-25,0.15,40,Direct edition only; no newsstand version.
301,181,416,Reborn of Stone,1993-09-22,0.1,28,Landmark story milestone.
302,282,744,Descent of Hunt,1988-10-05,1.95,44,Low distribution; considered scarce.
303,116,200,Fracture of Ward,1959-10-20,0.1,40,Controversial issue banned in three states.
304,209,110,Descent of Voss,2011-06-02,1.25,44,Landmark story milestone.
305,263,551,Reborn of Holt,1988-02-14,3.99,48,Reprints classic story with new framing pages.
306,248,776,Eclipse of Fox,2012-09-23,3.99,100,Key first appearance issue.
307,247,265,Shadows of Ward,1960-03-19,0.75,36,Part of a crossover event.
308,212,529,Descent of Morgan,1975-09-05,1,36,Low distribution; considered scarce.
309,48,690,Eclipse of Voss,1991-11-24,0.35,64,Part of a crossover event.
310,182,588,Chaos of Cross,1972-08-10,0.5,64,High print run; common in collections.
311,121,272,Uprising of Vale,1999-11-10,0.5,36,Reprints classic story with new framing pages.
312,183,798,Rising of Kane,1946-07-01,0.15,64,Reprints classic story with new framing pages.
313,4,44,Oblivion of Nash,1974-07-09,1.5,64,Reprints classic story with new framing pages.
314,141,188,Resurgence of Holt,1992-01-07,2.5,36,Reprints classic story with new framing pages.
315,66,539,Legacy of Stark,1978-06-06,0.12,80,Part of a crossover event.
316,202,469,Rising of Cole,2017-12-24,3.99,44,Key first appearance issue.
317,7,389,Reborn of Kane,1957-09-23,1.5,44,Reprints classic story with new framing pages.
318,133,562,Chaos of Vale,2003-02-06,1,64,Reprints classic story with new framing pages.
319,176,189,Oblivion of Crane,2012-01-20,0.5,48,Part of a crossover event.
320,187,287,Fracture of Cross,1970-12-26,0.25,100,High print run; common in collections.
321,52,277,Revelation of Grant,2024-03-01,2.99,48,High print run; common in collections.
322,75,485,Reckoning of Cross,1977-09-16,2.99,64,Controversial issue banned in three states.
323,265,738,Eclipse of Stark,1991-11-27,1.25,40,Double-sized anniversary issue.
324,291,408,Rising of Cross,1955-02-21,0.12,36,Low distribution; considered scarce.
325,244,461,Eclipse of Holt,2001-04-27,1.95,44,Double-sized anniversary issue.
326,286,353,Reckoning of Crane,2016-10-12,0.2,44,Reprints classic story with new framing pages.
327,102,590,Descent of Cross,1971-06-21,1.25,44,Part of a crossover event.
328,262,794,Fracture of Voss,1986-09-26,2.5,100,Low distribution; considered scarce.
329,238,172,Eclipse of Crane,1950-08-17,2.5,28,Landmark story milestone.
330,83,234,Eclipse of Flynn,2018-12-05,1.25,40,Reprints classic story with new framing pages.
331,203,456,Inferno of Hunt,2006-03-03,3.99,48,Controversial issue banned in three states.
332,95,129,Revelation of Holt,1974-01-26,0.15,36,Controversial issue banned in three states.
333,204,98,Shadows of Stark,1987-04-24,0.12,24,Direct edition only; no newsstand version.
334,269,86,Rising of Holt,2013-02-26,0.25,28,Direct edition only; no newsstand version.
335,159,254,Vendetta of Fox,1961-02-21,0.25,32,Double-sized anniversary issue.
336,88,36,Inferno of Flynn,1998-08-23,4.99,64,Double-sized anniversary issue.
337,140,456,Fallen of Grant,1992-02-25,0.35,100,Reprints classic story with new framing pages.
338,234,767,Reborn of Crane,1993-07-16,1.25,44,Contains bonus pin-up gallery.
339,277,92,Fracture of Burns,1965-07-19,1.95,48,Low distribution; considered scarce.
340,80,11,Reckoning of Cole,2012-08-13,0.25,44,Low distribution; considered scarce.
341,241,9,Oblivion of Stark,2024-01-01,1.25,24,Direct edition only; no newsstand version.
342,150,237,Reckoning of Grant,2022-10-12,1.95,36,Direct edition only; no newsstand version.
343,288,405,Revelation of Cross,2009-08-10,2.5,48,High print run; common in collections.
344,135,433,Revelation of Cole,2017-11-21,1,40,Double-sized anniversary issue.
345,138,193,Shadows of Cross,1982-01-17,0.25,40,Landmark story milestone.
346,234,464,Chaos of Price,1993-06-19,4.99,36,Part of a crossover event.
347,10,51,Descent of Morgan,1989-10-28,0.35,28,Low distribution; considered scarce.
348,138,733,Fracture of Morgan,1956-03-21,0.75,28,Controversial issue banned in three states.
349,8,223,Eclipse of Crane,2022-01-26,1.25,64,Part of a crossover event.
350,238,339,Shadows of Steele,1949-05-10,0.12,40,Direct edition only; no newsstand version.
351,37,482,Convergence of Stone,1995-05-14,1,48,Key first appearance issue.
352,63,395,Fracture of Vale,2004-03-02,0.12,36,Contains bonus pin-up gallery.
353,49,682,Uprising of Stark,1993-05-18,2.5,40,Part of a crossover event.
354,82,746,Dawn of Grant,1997-06-12,0.2,40,Contains bonus pin-up gallery.
355,153,370,Dawn of Stone,1970-03-24,0.2,36,Direct edition only; no newsstand version.
356,167,172,Chaos of Hunt,2015-01-31,0.2,48,High print run; common in collections.
357,5,596,Oblivion of Price,1960-10-08,0.25,44,Landmark story milestone.
358,128,512,Shadows of Price,1980-01-28,1.5,24,Key first appearance issue.
359,183,158,Descent of Kane,1957-06-16,0.25,64,High print run; common in collections.
360,163,661,Inferno of Fox,1957-04-06,0.5,24,Direct edition only; no newsstand version.
361,184,257,Dawn of Stark,1987-02-01,3.99,80,Low distribution; considered scarce.
362,278,502,Uprising of Hunt,1979-08-20,0.35,80,Part of a crossover event.
363,166,282,Shattered of Grant,2021-01-08,0.35,28,Double-sized anniversary issue.
364,80,303,Chaos of Grant,2019-02-27,1.95,64,Key first appearance issue.
365,260,752,Convergence of Morgan,2010-01-02,1.95,100,High print run; common in collections.
366,165,675,Descent of Ward,1979-05-10,0.5,80,Contains bonus pin-up gallery.
367,283,628,Vendetta of Flynn,1970-09-24,2.99,44,Landmark story milestone.
368,50,675,Shadows of Drake,1984-12-09,0.25,32,Key first appearance issue.
369,104,498,Uprising of Kane,2008-05-26,0.12,100,Direct edition only; no newsstand version.
370,251,639,Reborn of Holt,1990-03-05,0.12,44,High print run; common in collections.
371,37,214,Oblivion of Voss,1971-08-03,3.99,24,Part of a crossover event.
372,286,378,Dawn of Price,2020-04-30,1,80,Key first appearance issue.
373,37,80,Uprising of Cole,1984-08-19,0.2,28,High print run; common in collections.
374,273,195,Uprising of Cole,1973-07-27,0.75,100,Controversial issue banned in three states.
375,286,765,Rising of Hunt,2020-04-24,1.95,64,Direct edition only; no newsstand version.
376,54,185,Descent of Ward,1997-06-26,1.5,32,Double-sized anniversary issue.
377,227,323,Descent of Flynn,1957-10-21,1.95,48,Direct edition only; no newsstand version.
378,166,577,Descent of Stone,2000-08-05,2.5,80,Low distribution; considered scarce.
379,185,459,Nemesis of Morgan,1998-01-28,0.12,40,Reprints classic story with new framing pages.
380,9,139,Vendetta of Morgan,1978-08-11,1.25,36,High print run; common in collections.
381,162,791,Chaos of Grant,1952-06-26,0.25,28,Key first appearance issue.
382,236,160,Fallen of Holt,1989-11-28,1.95,100,High print run; common in collections.
383,120,308,Shadows of Hunt,1987-10-01,2.5,100,High print run; common in collections.
384,40,495,Convergence of Stark,1946-10-27,0.2,100,Low distribution; considered scarce.
385,20,391,Shadows of Drake,1963-11-07,1.5,44,Direct edition only; no newsstand version.
386,214,789,Revelation of Price,1939-05-09,0.1,48,Key first appearance issue.
387,157,43,Eclipse of Grant,2021-06-20,0.25,44,Double-sized anniversary issue.
388,114,52,Nemesis of Fox,1966-06-08,0.15,36,Direct edition only; no newsstand version.
389,149,404,Fallen of Steele,2019-04-10,1.5,28,Contains bonus pin-up gallery.
390,293,562,Nemesis of Holt,2012-07-20,0.15,48,Double-sized anniversary issue.
391,223,781,Fallen of Stark,1963-12-05,0.5,64,Direct edition only; no newsstand version.
392,293,575,Shattered of Cole,2014-03-14,0.75,36,Landmark story milestone.
393,137,441,Eclipse of Hunt,1953-05-10,0.15,28,Direct edition only; no newsstand version.
394,217,357,Uprising of Flynn,1975-10-09,1.95,100,Key first appearance issue.
395,157,359,Shattered of Fox,2020-06-22,0.25,64,Key first appearance issue.
396,120,702,Inferno of Steele,1986-06-24,0.15,28,Key first appearance issue.
397,125,152,Vendetta of Morgan,1993-11-09,1.5,28,Low distribution; considered scarce.
398,231,24,Eclipse of Stone,1996-02-19,0.5,36,Double-sized anniversary issue.
399,268,562,Oblivion of Price,1990-11-25,0.25,24,Direct edition only; no newsstand version.
400,299,540,Dawn of Holt,1975-09-20,0.35,24,Low distribution; considered scarce.
401,103,714,Shattered of Holt,1958-11-07,0.12,64,Key first appearance issue.
402,35,677,Chaos of Nash,2009-03-06,0.2,24,Low distribution; considered scarce.
403,198,390,Resurgence of Kane,1968-09-26,1.5,64,Reprints classic story with new framing pages.
404,273,191,Uprising of Cole,1946-11-24,3.99,80,Key first appearance issue.
405,21,543,Vendetta of Flynn,2020-10-10,4.99,48,Controversial issue banned in three states.
406,10,701,Inferno of Nash,1998-07-22,1.25,36,Double-sized anniversary issue.
407,142,64,Chaos of Ward,2012-03-18,0.1,80,Low distribution; considered scarce.
408,116,350,Nemesis of Steele,1954-09-14,0.15,48,Double-sized anniversary issue.
409,117,247,Reborn of Steele,2018-09-06,2.99,40,Reprints classic story with new framing pages.
410,169,556,Fallen of Stone,2012-02-24,0.25,100,Double-sized anniversary issue.
411,104,317,Resurgence of Steele,2009-02-05,2.99,32,Reprints classic story with new framing pages.
412,81,70,Descent of Grant,2010-07-24,0.2,32,Part of a crossover event.
413,75,784,Eclipse of Crane,1972-04-28,2.99,40,Contains bonus pin-up gallery.
414,141,798,Uprising of Kane,1976-10-25,0.25,32,Key first appearance issue.
415,137,581,Shattered of Vale,1952-05-25,0.75,36,Key first appearance issue.
416,184,705,Oblivion of Steele,1982-02-17,4.99,44,Controversial issue banned in three states.
417,199,486,Fallen of Cross,1960-01-09,0.5,36,Key first appearance issue.
418,210,16,Chaos of Crane,2010-08-04,0.75,36,High print run; common in collections.
419,34,450,Shattered of Stark,1956-12-26,1.5,64,High print run; common in collections.
420,219,795,Dawn of Price,1999-04-28,2.5,44,Direct edition only; no newsstand version.
421,293,657,Dawn of Cole,2017-11-21,0.2,64,Contains bonus pin-up gallery.
422,22,532,Descent of Ward,1969-01-08,0.12,80,Direct edition only; no newsstand version.
423,265,646,Dawn of Stone,2012-08-23,1.25,64,Direct edition only; no newsstand version.
424,156,293,Fracture of Cross,2014-05-30,2.99,40,Reprints classic story with new framing pages.
425,28,530,Fallen of Fox,2011-12-14,3.99,28,Double-sized anniversary issue.
426,58,798,Reborn of Grant,1996-02-16,0.25,48,Direct edition only; no newsstand version.
427,166,26,Convergence of Fox,2019-06-14,0.5,64,Landmark story milestone.
428,129,709,Convergence of Kane,1988-07-15,0.15,28,Contains bonus pin-up gallery.
429,186,537,Nemesis of Cole,1991-10-29,0.35,48,Double-sized anniversary issue.
430,195,787,Convergence of Flynn,1977-12-09,0.25,32,Controversial issue banned in three states.
431,92,730,Dawn of Crane,2012-01-02,1.25,40,Contains bonus pin-up gallery.
432,148,186,Rising of Steele,2012-02-06,0.5,24,Reprints classic story with new framing pages.
433,130,470,Oblivion of Stark,2006-04-11,0.1,100,Contains bonus pin-up gallery.
434,122,603,Oblivion of Fox,1963-06-16,2.99,64,Landmark story milestone.
435,4,561,Chaos of Price,1973-09-08,0.5,24,Controversial issue banned in three states.
436,76,669,Inferno of Drake,1975-06-22,0.25,24,Reprints classic story with new framing pages.
437,153,90,Dawn of Kane,1971-09-18,2.99,32,Controversial issue banned in three states.
438,146,677,Shattered of Hunt,2021-06-05,0.35,64,Reprints classic story with new framing pages.
439,185,96,Vendetta of Flynn,1993-05-27,1.95,48,Landmark story milestone.
440,219,67,Vendetta of Stark,2012-05-20,0.25,28,Low distribution; considered scarce.
441,169,424,Resurgence of Stone,2015-08-23,0.5,100,Key first appearance issue.
442,56,748,Resurgence of Voss,1961-03-16,4.99,100,Low distribution; considered scarce.
443,219,325,Chaos of Cole,2017-08-15,1.95,32,Reprints classic story with new framing pages.
444,289,533,Oblivion of Stark,2001-02-18,0.35,100,High print run; common in collections.
445,149,2,Rising of Morgan,1992-09-06,3.99,28,High print run; common in collections.
446,213,47,Eclipse of Nash,2018-08-23,0.5,24,High print run; common in collections.
447,145,70,Vendetta of Burns,2017-11-08,1.5,24,Landmark story milestone.
448,171,406,Reborn of Price,2016-08-28,0.1,32,High print run; common in collections.
449,170,689,Oblivion of Stark,1950-11-24,0.12,32,Contains bonus pin-up gallery.
450,80,550,Eclipse of Fox,2019-08-30,2.99,24,Double-sized anniversary issue.
451,154,743,Eclipse of Grant,2016-05-05,0.1,36,Reprints classic story with new framing pages.
452,170,68,Fallen of Holt,1950-12-26,0.1,44,Direct edition only; no newsstand version.
453,274,170,Reborn of Price,2011-06-13,2.5,32,Reprints classic story with new framing pages.
454,60,770,Vendetta of Flynn,1969-09-11,0.12,40,Direct edition only; no newsstand version.
455,45,244,Inferno of Fox,2015-08-05,1.25,36,Double-sized anniversary issue.
456,155,115,Inferno of Drake,1995-12-18,0.5,28,Contains bonus pin-up gallery.
457,260,495,Resurgence of Steele,1978-03-28,0.5,44,Contains bonus pin-up gallery.
458,269,795,Eclipse of Steele,2002-12-17,0.2,80,Controversial issue banned in three states.
459,106,471,Nemesis of Cole,1999-05-30,0.2,24,Low distribution; considered scarce.
460,23,609,Shadows of Flynn,2001-08-21,3.99,24,Landmark story milestone.
461,267,675,Vendetta of Morgan,1957-08-05,1.25,36,Part of a crossover event.
462,103,294,Chaos of Grant,1952-02-28,1.5,64,Landmark story milestone.
463,140,162,Chaos of Kane,1987-09-04,0.1,100,Double-sized anniversary issue.
464,264,212,Descent of Nash,2015-04-19,1.5,40,Controversial issue banned in three states.
465,146,251,Convergence of Voss,2021-03-21,1.25,100,Part of a crossover event.
466,277,52,Fallen of Morgan,1967-12-23,4.99,24,Landmark story milestone.
467,197,89,Legacy of Ward,1948-08-08,0.35,100,Reprints classic story with new framing pages.
468,229,365,Vendetta of Flynn,1987-10-28,0.5,80,Landmark story milestone.
469,239,135,Shadows of Fox,2021-05-14,0.2,64,Low distribution; considered scarce.
470,239,238,Revelation of Steele,2020-04-11,1,44,Direct edition only; no newsstand version.
471,94,682,Eclipse of Flynn,2011-11-05,3.99,64,Key first appearance issue.
472,34,116,Inferno of Stark,1960-04-30,3.99,32,Low distribution; considered scarce.
473,179,589,Fallen of Cole,2018-02-11,0.2,48,Landmark story milestone.
474,167,310,Descent of Fox,2015-05-26,2.5,100,Direct edition only; no newsstand version.
475,123,250,Descent of Cross,2019-09-13,4.99,48,Landmark story milestone.
476,175,711,Reborn of Crane,1974-05-02,2.99,100,Part of a crossover event.
477,279,242,Convergence of Voss,1969-07-27,4.99,28,Reprints classic story with new framing pages.
478,238,569,Rising of Fox,1952-08-25,0.35,40,Direct edition only; no newsstand version.
479,36,112,Shattered of Ward,1991-11-02,1.5,64,Key first appearance issue.
480,47,143,Reborn of Morgan,1977-03-21,0.25,32,Contains bonus pin-up gallery.
481,273,400,Shattered of Hunt,1965-02-24,3.99,36,High print run; common in collections.
482,163,584,Vendetta of Crane,1954-05-12,1.95,28,Reprints classic story with new framing pages.
483,5,523,Nemesis of Steele,2011-11-11,1.25,24,Part of a crossover event.
484,282,1,Descent of Nash,1978-05-20,0.2,40,Key first appearance issue.
485,121,720,Reborn of Ward,2008-05-14,1.5,48,Direct edition only; no newsstand version.
486,196,559,Uprising of Cross,1959-10-06,4.99,32,High print run; common in collections.
487,285,369,Legacy of Steele,1982-04-03,1.25,32,Controversial issue banned in three states.
488,6,664,Reckoning of Steele,1984-08-10,4.99,48,Controversial issue banned in three states.
489,44,658,Legacy of Fox,1959-04-24,2.99,100,Controversial issue banned in three states.
490,233,435,Descent of Fox,2018-11-09,2.5,44,High print run; common in collections.
491,96,620,Reckoning of Hunt,2016-01-21,4.99,36,Double-sized anniversary issue.
492,138,560,Reborn of Nash,1981-11-10,0.12,24,Reprints classic story with new framing pages.
493,248,116,Reborn of Stark,2014-02-18,0.15,32,Double-sized anniversary issue.
494,144,530,Shadows of Cole,1960-11-08,0.15,36,Contains bonus pin-up gallery.
495,40,649,Descent of Hunt,1948-11-01,1.25,100,Key first appearance issue.
496,176,798,Reckoning of Stark,2012-12-31,3.99,80,Contains bonus pin-up gallery.
497,294,340,Legacy of Nash,2018-03-25,1.25,40,Controversial issue banned in three states.
498,19,745,Reborn of Holt,1978-10-26,0.12,64,Reprints classic story with new framing pages.
499,87,53,Vendetta of Price,2020-05-24,0.1,40,Contains bonus pin-up gallery.
500,43,518,Shadows of Holt,1979-05-18,1,32,Reprints classic story with new framing pages.
501,144,264,Reckoning of Kane,1952-05-06,0.35,100,Controversial issue banned in three states.
502,229,180,Chaos of Vale,1982-04-18,4.99,32,Double-sized anniversary issue.
503,17,87,Fallen of Price,1972-05-19,0.25,64,Direct edition only; no newsstand version.
504,197,677,Fracture of Cross,1950-09-01,0.5,100,Part of a crossover event.
505,28,271,Rising of Drake,2009-10-23,0.35,64,Direct edition only; no newsstand version.
506,244,488,Descent of Vale,2010-07-09,2.5,48,Contains bonus pin-up gallery.
507,135,544,Legacy of Morgan,2018-08-18,1.25,64,Direct edition only; no newsstand version.
508,162,700,Dawn of Kane,1963-11-22,1.95,48,Reprints classic story with new framing pages.
509,140,277,Chaos of Kane,1989-10-04,1,100,Direct edition only; no newsstand version.
510,237,768,Revelation of Hunt,2022-10-14,0.5,80,Part of a crossover event.
511,93,561,Reckoning of Morgan,2021-10-03,0.15,24,Direct edition only; no newsstand version.
512,51,107,Fracture of Nash,2020-10-12,0.75,40,Low distribution; considered scarce.
513,99,25,Shattered of Voss,1952-01-21,0.12,100,High print run; common in collections.
514,63,123,Shadows of Price,2024-10-06,0.25,48,Reprints classic story with new framing pages.
515,95,713,Convergence of Holt,1981-12-11,1.25,64,Landmark story milestone.
516,233,788,Legacy of Flynn,2017-07-20,1,32,Landmark story milestone.
517,142,64,Nemesis of Ward,2011-06-07,1.5,24,Low distribution; considered scarce.
518,136,452,Shadows of Stark,2018-12-31,0.5,100,Direct edition only; no newsstand version.
519,92,504,Rising of Steele,2000-11-28,2.99,36,Reprints classic story with new framing pages.
520,55,453,Chaos of Kane,2022-11-16,0.12,28,Landmark story milestone.
521,293,796,Fracture of Morgan,2014-10-23,4.99,32,Key first appearance issue.
522,20,400,Chaos of Steele,1967-10-24,1.5,48,Reprints classic story with new framing pages.
523,2,725,Oblivion of Stark,2014-06-12,2.99,48,Landmark story milestone.
524,277,4,Nemesis of Stark,1965-07-14,0.2,100,Double-sized anniversary issue.
525,184,699,Vendetta of Ward,2004-11-30,0.12,28,Part of a crossover event.
526,274,349,Shadows of Fox,2011-07-28,1.25,36,Controversial issue banned in three states.
527,284,394,Uprising of Burns,2016-02-10,2.5,28,Part of a crossover event.
528,250,648,Fracture of Stone,1984-12-13,0.25,24,High print run; common in collections.
529,13,501,Nemesis of Voss,1993-05-24,1.25,64,Double-sized anniversary issue.
530,231,38,Eclipse of Drake,1975-09-26,1.5,24,Direct edition only; no newsstand version.
531,61,670,Resurgence of Fox,1982-10-01,0.25,100,High print run; common in collections.
532,37,754,Fallen of Stark,1972-08-27,0.1,64,Reprints classic story with new framing pages.
533,24,719,Fallen of Morgan,1969-05-12,0.35,24,Low distribution; considered scarce.
534,50,626,Convergence of Hunt,1978-12-05,0.15,28,Landmark story milestone.
535,255,631,Revelation of Voss,1950-09-03,0.5,48,Part of a crossover event.
536,206,124,Reborn of Grant,1986-10-27,0.25,44,High print run; common in collections.
537,24,178,Eclipse of Voss,1971-04-29,0.2,40,Controversial issue banned in three states.
538,213,714,Inferno of Grant,2015-11-20,0.35,64,High print run; common in collections.
539,298,137,Rising of Price,1950-06-16,2.5,32,Key first appearance issue.
540,250,7,Reckoning of Cross,1984-11-26,0.15,100,Low distribution; considered scarce.
541,214,792,Oblivion of Steele,1945-10-11,0.5,32,Low distribution; considered scarce.
542,268,422,Revelation of Cross,1993-01-18,0.12,100,Controversial issue banned in three states.
543,256,91,Vendetta of Nash,2016-11-28,2.99,24,Double-sized anniversary issue.
544,121,121,Resurgence of Kane,1997-08-11,1.95,80,Double-sized anniversary issue.
545,113,789,Uprising of Holt,1983-08-25,0.12,36,Landmark story milestone.
546,77,486,Oblivion of Cross,2022-05-15,0.35,24,Key first appearance issue.
547,187,215,Legacy of Holt,1968-05-24,1.5,100,Contains bonus pin-up gallery.
548,23,759,Dawn of Grant,1949-05-14,0.35,32,Key first appearance issue.
549,249,119,Shadows of Vale,2021-10-10,3.99,100,Reprints classic story with new framing pages.
550,167,204,Eclipse of Vale,2017-05-08,0.2,44,High print run; common in collections.
551,51,756,Legacy of Stone,2014-04-27,2.5,36,Landmark story milestone.
552,242,497,Dawn of Crane,2022-03-31,0.25,36,Reprints classic story with new framing pages.
553,233,397,Inferno of Steele,2016-12-30,3.99,36,Part of a crossover event.
554,139,344,Fallen of Drake,1999-01-27,0.12,40,Controversial issue banned in three states.
555,57,470,Legacy of Cross,2016-11-18,1.5,36,Low distribution; considered scarce.
556,81,654,Shattered of Cross,2015-11-08,0.75,28,Direct edition only; no newsstand version.
557,268,222,Reborn of Stark,1993-06-26,3.99,40,Key first appearance issue.
558,220,253,Revelation of Flynn,2004-07-05,2.99,100,High print run; common in collections.
559,77,6,Legacy of Drake,2019-11-13,0.12,64,Double-sized anniversary issue.
560,18,544,Nemesis of Stark,2018-10-10,0.2,64,Contains bonus pin-up gallery.
561,124,572,Reckoning of Crane,1942-11-12,0.5,32,Part of a crossover event.
562,152,664,Shadows of Morgan,1976-06-12,4.99,40,Controversial issue banned in three states.
563,236,766,Reborn of Morgan,2009-03-04,3.99,64,Controversial issue banned in three states.
564,208,380,Fracture of Morgan,1960-08-04,0.15,48,Part of a crossover event.
565,272,304,Legacy of Holt,1988-06-19,0.5,28,Reprints classic story with new framing pages.
566,172,528,Inferno of Drake,1975-03-26,0.2,48,Part of a crossover event.
567,239,42,Inferno of Nash,2021-12-10,0.35,80,Landmark story milestone.
568,288,793,Uprising of Steele,2021-10-26,1.5,36,Double-sized anniversary issue.
569,59,756,Reborn of Stone,2010-06-19,0.75,44,Part of a crossover event.
570,137,697,Legacy of Holt,1951-10-29,0.12,28,Part of a crossover event.
571,177,498,Resurgence of Cole,2005-04-18,0.2,64,Double-sized anniversary issue.
572,273,300,Fracture of Price,2019-09-11,1.95,28,High print run; common in collections.
573,235,83,Nemesis of Cross,2005-12-16,1.25,28,Landmark story milestone.
574,85,115,Fallen of Stark,2008-05-18,0.25,36,Double-sized anniversary issue.
575,12,427,Descent of Steele,1992-02-25,4.99,44,Direct edition only; no newsstand version.
576,228,661,Reckoning of Burns,2021-02-02,0.5,28,Key first appearance issue.
577,119,661,Eclipse of Crane,2009-08-27,1.5,44,Contains bonus pin-up gallery.
578,272,562,Fracture of Fox,2024-10-06,1.25,100,Controversial issue banned in three states.
579,157,267,Revelation of Stark,2020-06-24,1.95,40,Key first appearance issue.
580,76,292,Fracture of Cross,1988-11-03,0.35,80,Low distribution; considered scarce.
581,94,726,Fallen of Cross,2005-12-19,0.75,28,Key first appearance issue.
582,163,130,Fracture of Holt,1957-06-11,1.95,32,High print run; common in collections.
583,288,36,Eclipse of Nash,2021-09-20,0.25,44,Contains bonus pin-up gallery.
584,277,547,Vendetta of Kane,1964-10-27,0.1,48,Contains bonus pin-up gallery.
585,75,328,Fallen of Morgan,1991-07-19,1.5,40,Contains bonus pin-up gallery.
586,149,588,Fallen of Hunt,2017-10-30,3.99,44,Landmark story milestone.
587,246,42,Fallen of Grant,2023-05-19,0.2,40,Key first appearance issue.
588,206,226,Fracture of Nash,1988-06-18,0.15,44,Key first appearance issue.
589,100,540,Revelation of Holt,1998-02-01,0.5,24,Landmark story milestone.
590,276,457,Shadows of Cole,1988-01-20,2.5,36,Contains bonus pin-up gallery.
591,163,620,Resurgence of Drake,1957-10-06,1.95,48,Controversial issue banned in three states.
592,219,396,Inferno of Morgan,1996-02-29,1.25,44,Part of a crossover event.
593,158,575,Shadows of Stone,1955-12-30,3.99,48,Contains bonus pin-up gallery.
594,148,746,Legacy of Crane,1991-05-07,0.25,100,Reprints classic story with new framing pages.
595,45,213,Vendetta of Stark,1983-11-20,1.5,28,Reprints classic story with new framing pages.
596,193,7,Legacy of Holt,2005-12-20,2.99,32,Double-sized anniversary issue.
597,237,582,Fallen of Stone,2022-12-25,0.35,48,Low distribution; considered scarce.
598,284,44,Vendetta of Hunt,2017-05-17,1.25,64,Double-sized anniversary issue.
599,238,28,Reckoning of Steele,1951-07-09,1,40,Contains bonus pin-up gallery.
600,64,428,Convergence of Stark,2014-11-27,0.75,24,Landmark story milestone.
601,142,69,Shattered of Nash,2005-01-22,4.99,100,Direct edition only; no newsstand version.
602,133,711,Rising of Nash,2006-05-04,0.1,40,Controversial issue banned in three states.
603,298,150,Eclipse of Fox,1950-08-28,0.25,44,Controversial issue banned in three states.
604,28,370,Legacy of Nash,1993-03-26,0.12,40,Low distribution; considered scarce.
605,272,79,Resurgence of Stone,2015-08-30,0.35,28,Reprints classic story with new framing pages.
606,86,331,Eclipse of Burns,2022-05-23,1,44,Landmark story milestone.
607,274,361,Fallen of Morgan,2008-07-03,0.25,80,Low distribution; considered scarce.
608,191,422,Eclipse of Cross,2023-10-02,0.2,36,Controversial issue banned in three states.
609,258,193,Descent of Price,1983-12-17,0.2,48,Contains bonus pin-up gallery.
610,40,135,Reckoning of Stark,1945-08-27,1.95,40,Part of a crossover event.
611,72,612,Resurgence of Flynn,1979-10-28,0.35,40,Key first appearance issue.
612,61,132,Fallen of Vale,1982-12-27,1.25,32,High print run; common in collections.
613,67,436,Rising of Voss,2012-11-17,0.1,64,Direct edition only; no newsstand version.
614,22,111,Dawn of Cole,1966-10-23,0.12,64,Landmark story milestone.
615,130,68,Vendetta of Morgan,2006-12-21,0.2,28,Reprints classic story with new framing pages.
616,106,205,Convergence of Nash,2005-08-03,0.1,28,Controversial issue banned in three states.
617,143,357,Inferno of Cross,1990-04-02,0.75,80,Reprints classic story with new framing pages.
618,35,593,Reckoning of Cole,2007-07-22,0.5,36,Low distribution; considered scarce.
619,88,551,Reckoning of Kane,2014-11-29,0.5,80,Contains bonus pin-up gallery.
620,188,604,Convergence of Fox,2018-08-19,0.2,32,Part of a crossover event.
621,195,220,Resurgence of Vale,2012-01-18,2.99,28,Part of a crossover event.
622,64,113,Resurgence of Steele,2022-11-25,4.99,44,Low distribution; considered scarce.
623,286,85,Eclipse of Stark,2011-11-29,0.2,48,Low distribution; considered scarce.
624,234,754,Vendetta of Fox,1993-05-14,0.75,80,Direct edition only; no newsstand version.
625,149,439,Uprising of Voss,2022-05-15,4.99,44,Controversial issue banned in three states.
626,7,689,Rising of Ward,1964-01-11,3.99,80,Landmark story milestone.
627,62,405,Nemesis of Hunt,1943-05-27,0.2,32,Landmark story milestone.
628,187,347,Uprising of Price,1966-06-19,2.5,28,High print run; common in collections.
629,218,286,Reborn of Hunt,2023-08-07,1,48,Part of a crossover event.
630,244,415,Oblivion of Cole,2024-01-22,1,32,Contains bonus pin-up gallery.
631,56,257,Oblivion of Stark,1958-09-08,0.75,32,Key first appearance issue.
632,51,70,Oblivion of Morgan,2010-03-09,0.35,48,Reprints classic story with new framing pages.
633,168,311,Shattered of Price,1973-11-07,0.2,28,Double-sized anniversary issue.
634,253,478,Uprising of Burns,1993-10-12,4.99,64,Double-sized anniversary issue.
635,134,352,Descent of Grant,2020-05-01,0.1,24,Direct edition only; no newsstand version.
636,61,461,Eclipse of Ward,1986-08-09,3.99,64,Key first appearance issue.
637,17,571,Vendetta of Cross,1964-12-07,4.99,48,Controversial issue banned in three states.
638,160,500,Rising of Hunt,1953-02-02,4.99,80,Double-sized anniversary issue.
639,293,488,Descent of Cross,2017-04-08,0.12,48,Low distribution; considered scarce.
640,254,387,Shattered of Nash,2011-07-07,1.25,44,Key first appearance issue.
641,15,132,Inferno of Nash,2010-01-05,0.1,44,Direct edition only; no newsstand version.
642,50,354,Inferno of Crane,1976-05-30,1.95,24,High print run; common in collections.
643,127,664,Vendetta of Hunt,2013-04-06,0.15,28,Low distribution; considered scarce.
644,59,174,Reckoning of Grant,2004-02-23,1.5,24,Contains bonus pin-up gallery.
645,217,528,Legacy of Holt,1993-12-17,0.1,64,Reprints classic story with new framing pages.
646,12,387,Reborn of Ward,1993-03-13,1.5,100,Landmark story milestone.
647,251,708,Uprising of Flynn,1951-12-23,4.99,80,Part of a crossover event.
648,86,373,Legacy of Stone,2011-06-09,4.99,28,Double-sized anniversary issue.
649,110,272,Dawn of Burns,2016-03-23,2.5,36,Reprints classic story with new framing pages.
650,48,607,Eclipse of Holt,1978-04-02,0.15,100,Double-sized anniversary issue.
651,244,215,Inferno of Voss,2016-02-28,1.25,80,Low distribution; considered scarce.
652,222,553,Eclipse of Stone,2018-10-06,2.99,48,Low distribution; considered scarce.
653,264,688,Descent of Cross,2023-03-02,0.1,80,Controversial issue banned in three states.
654,296,219,Fracture of Holt,2023-08-07,2.99,100,Key first appearance issue.
655,268,374,Fracture of Steele,1990-04-01,0.75,32,Low distribution; considered scarce.
656,223,327,Shadows of Stone,1970-03-15,2.99,40,Low distribution; considered scarce.
657,83,704,Shattered of Vale,2018-06-10,2.5,36,Landmark story milestone.
658,77,29,Revelation of Burns,2011-04-22,3.99,64,Double-sized anniversary issue.
659,224,663,Dawn of Stone,2010-12-06,0.35,40,Controversial issue banned in three states.
660,15,285,Descent of Cross,2014-10-18,0.12,64,Key first appearance issue.
661,29,322,Shattered of Burns,1947-06-21,0.15,48,Part of a crossover event.
662,47,742,Fallen of Vale,1978-03-23,0.2,100,Double-sized anniversary issue.
663,62,681,Reborn of Cole,1944-06-18,1,64,Landmark story milestone.
664,122,126,Eclipse of Flynn,1997-10-23,2.5,36,Direct edition only; no newsstand version.
665,112,110,Convergence of Stone,1959-12-11,1,64,Direct edition only; no newsstand version.
666,131,503,Descent of Nash,1981-07-05,0.2,44,Double-sized anniversary issue.
667,217,700,Revelation of Holt,1985-08-08,0.25,44,Contains bonus pin-up gallery.
668,189,22,Shattered of Drake,2021-06-16,0.12,36,Low distribution; considered scarce.
669,283,317,Inferno of Kane,1973-04-25,0.75,64,Direct edition only; no newsstand version.
670,5,262,Vendetta of Voss,1992-04-04,0.75,40,High print run; common in collections.
671,83,647,Eclipse of Crane,2019-06-18,0.12,40,Landmark story milestone.
672,252,755,Legacy of Flynn,1967-07-27,2.99,28,Controversial issue banned in three states.
673,134,68,Inferno of Crane,2018-09-17,1.5,64,Key first appearance issue.
674,27,657,Convergence of Fox,1999-05-22,0.25,24,Direct edition only; no newsstand version.
675,103,313,Eclipse of Hunt,1957-01-17,0.15,28,Controversial issue banned in three states.
676,128,731,Fallen of Price,1996-03-01,2.99,44,Contains bonus pin-up gallery.
677,245,267,Convergence of Hunt,1984-12-27,1.5,40,High print run; common in collections.
678,44,377,Convergence of Ward,1984-03-09,2.5,100,High print run; common in collections.
679,11,572,Shattered of Vale,2006-04-05,0.15,64,High print run; common in collections.
680,135,51,Nemesis of Price,2018-11-23,2.99,100,Low distribution; considered scarce.
681,77,377,Convergence of Hunt,2008-12-30,0.2,24,Double-sized anniversary issue.
682,223,690,Oblivion of Kane,1971-03-06,0.75,36,High print run; common in collections.
683,137,765,Oblivion of Ward,1950-08-13,0.25,48,High print run; common in collections.
684,111,290,Uprising of Crane,1973-03-29,0.35,48,Controversial issue banned in three states.
685,15,269,Revelation of Price,2015-07-06,3.99,36,Part of a crossover event.
686,299,663,Fracture of Voss,1975-11-02,0.1,64,Controversial issue banned in three states.
687,166,704,Uprising of Ward,2014-09-01,2.99,100,Low distribution; considered scarce.
688,38,571,Dawn of Drake,1965-07-20,1.5,36,Contains bonus pin-up gallery.
689,182,687,Shattered of Drake,2007-05-27,0.1,40,Double-sized anniversary issue.
690,196,405,Inferno of Steele,1956-10-14,0.12,100,Controversial issue banned in three states.
691,134,516,Oblivion of Flynn,2003-08-15,3.99,32,Landmark story milestone.
692,163,544,Legacy of Steele,1958-12-19,1,28,Part of a crossover event.
693,23,512,Chaos of Nash,1951-06-22,2.99,40,Low distribution; considered scarce.
694,136,321,Legacy of Cross,2020-11-24,1.5,64,Controversial issue banned in three states.
695,285,55,Uprising of Steele,1984-09-26,0.12,36,Controversial issue banned in three states.
696,19,267,Convergence of Fox,1982-07-19,2.99,28,Contains bonus pin-up gallery.
697,21,366,Descent of Stark,2022-12-14,3.99,64,Landmark story milestone.
698,76,358,Shadows of Stone,1978-07-19,1.25,32,Controversial issue banned in three states.
699,261,280,Reborn of Hunt,1971-06-14,0.5,100,Key first appearance issue.
700,270,185,Legacy of Voss,2000-08-08,0.75,64,Landmark story milestone.
701,169,292,Rising of Ward,1993-03-01,1.95,100,Landmark story milestone.
702,166,30,Shadows of Fox,1992-10-17,4.99,64,Low distribution; considered scarce.
703,3,45,Shattered of Fox,1955-10-12,1.5,100,Controversial issue banned in three states.
704,109,660,Vendetta of Flynn,2017-07-19,0.12,28,Double-sized anniversary issue.
705,196,409,Chaos of Cross,1952-01-29,0.75,48,Landmark story milestone.
706,11,167,Nemesis of Ward,2008-05-02,1.25,32,Landmark story milestone.
707,153,443,Vendetta of Price,1973-07-03,0.25,44,Landmark story milestone.
708,189,205,Oblivion of Fox,2023-10-01,2.5,64,Low distribution; considered scarce.
709,289,434,Shadows of Crane,2003-06-19,1.95,100,Controversial issue banned in three states.
710,223,96,Dawn of Cole,1970-07-22,1.5,64,High print run; common in collections.
711,80,540,Resurgence of Voss,2021-03-21,1.25,64,Direct edition only; no newsstand version.
712,41,490,Vendetta of Steele,2024-12-15,0.25,40,High print run; common in collections.
713,268,303,Reborn of Drake,1992-10-17,0.15,24,Double-sized anniversary issue.
714,56,436,Legacy of Kane,1960-11-11,3.99,100,Low distribution; considered scarce.
715,182,600,Shadows of Cole,1975-11-13,0.1,28,Contains bonus pin-up gallery.
716,92,187,Nemesis of Drake,2013-07-13,0.15,48,Low distribution; considered scarce.
717,161,776,Fracture of Price,2019-10-27,1,44,Controversial issue banned in three states.
718,109,81,Shattered of Holt,2019-01-29,0.2,48,Double-sized anniversary issue.
719,10,405,Rising of Morgan,1983-04-06,0.35,64,Contains bonus pin-up gallery.
720,208,674,Shattered of Stark,2021-12-10,1.25,100,Reprints classic story with new framing pages.
721,185,690,Nemesis of Burns,2000-09-29,0.15,32,Controversial issue banned in three states.
722,8,115,Reckoning of Stone,2015-04-13,0.1,36,Contains bonus pin-up gallery.
723,75,447,Descent of Stone,1981-11-05,0.15,40,Contains bonus pin-up gallery.
724,76,433,Reckoning of Kane,1994-04-06,0.35,32,Contains bonus pin-up gallery.
725,249,21,Fracture of Hunt,2021-04-15,0.75,36,Low distribution; considered scarce.
726,292,53,Eclipse of Morgan,2007-07-29,0.2,48,Direct edition only; no newsstand version.
727,254,593,Shattered of Grant,2018-01-24,1.25,24,Contains bonus pin-up gallery.
728,205,526,Reborn of Price,2010-06-15,4.99,36,Key first appearance issue.
729,271,433,Reborn of Flynn,1949-02-08,0.15,40,Direct edition only; no newsstand version.
730,243,507,Shattered of Nash,1983-08-16,3.99,48,Key first appearance issue.
731,83,744,Uprising of Stark,2018-08-13,1.95,64,High print run; common in collections.
732,260,602,Eclipse of Price,1995-09-17,3.99,32,Low distribution; considered scarce.
733,200,690,Inferno of Stark,1992-05-25,0.35,100,High print run; common in collections.
734,145,684,Oblivion of Steele,2015-12-20,0.35,36,Controversial issue banned in three states.
735,252,426,Oblivion of Burns,1959-04-07,0.75,36,Double-sized anniversary issue.
736,25,368,Chaos of Nash,1955-08-18,0.35,32,Double-sized anniversary issue.
737,17,346,Legacy of Kane,1959-11-10,0.75,28,Double-sized anniversary issue.
738,115,265,Eclipse of Nash,1990-08-20,0.12,80,Low distribution; considered scarce.
739,78,619,Rising of Drake,1957-07-24,3.99,64,Landmark story milestone.
740,55,626,Shattered of Kane,2011-02-16,0.12,80,Landmark story milestone.
741,86,211,Inferno of Cross,2003-04-19,1.25,64,Double-sized anniversary issue.
742,256,158,Inferno of Flynn,1970-11-28,0.25,28,High print run; common in collections.
743,225,788,Reckoning of Vale,1991-08-26,4.99,44,Low distribution; considered scarce.
744,259,88,Chaos of Nash,2010-11-03,2.99,44,High print run; common in collections.
745,78,432,Revelation of Steele,1957-11-17,2.99,48,Direct edition only; no newsstand version.
746,235,529,Inferno of Morgan,2023-02-12,3.99,32,Key first appearance issue.
747,265,87,Eclipse of Flynn,1950-03-30,2.5,32,Direct edition only; no newsstand version.
748,32,778,Dawn of Steele,1958-10-27,0.12,80,Low distribution; considered scarce.
749,215,698,Descent of Burns,1989-04-03,1.5,44,Key first appearance issue.
750,144,718,Nemesis of Fox,1946-08-03,0.5,80,Reprints classic story with new framing pages.
751,227,665,Nemesis of Stone,1957-06-27,1.25,28,Key first appearance issue.
752,276,400,Fallen of Cole,1976-07-03,1.25,36,Landmark story milestone.
753,262,320,Resurgence of Flynn,1992-07-02,0.35,24,Key first appearance issue.
754,277,248,Vendetta of Crane,1965-11-25,0.2,24,Part of a crossover event.
755,133,363,Rising of Drake,2006-09-10,0.2,64,Low distribution; considered scarce.
756,294,6,Fracture of Flynn,2018-04-07,0.75,100,Reprints classic story with new framing pages.
757,274,610,Revelation of Nash,2011-06-22,1.25,40,Reprints classic story with new framing pages.
758,72,533,Revelation of Kane,1976-12-09,1.5,80,Reprints classic story with new framing pages.
759,99,798,Inferno of Fox,2022-10-27,0.2,32,Direct edition only; no newsstand version.
760,211,95,Dawn of Crane,1955-05-09,0.25,64,High print run; common in collections.
761,229,379,Resurgence of Ward,1975-10-02,2.5,40,Reprints classic story with new framing pages.
762,256,434,Fracture of Stark,2019-02-06,2.99,32,Controversial issue banned in three states.
763,259,497,Fracture of Steele,2009-11-07,0.2,36,Contains bonus pin-up gallery.
764,243,765,Convergence of Grant,1981-09-25,1.95,28,Reprints classic story with new framing pages.
765,210,124,Inferno of Hunt,1951-11-25,1.25,24,Double-sized anniversary issue.
766,79,381,Vendetta of Nash,1996-04-13,1.25,40,Contains bonus pin-up gallery.
767,15,146,Reborn of Crane,2012-03-16,0.12,40,Low distribution; considered scarce.
768,111,758,Oblivion of Morgan,1966-01-19,0.2,80,Part of a crossover event.
769,35,428,Oblivion of Hunt,2007-04-02,1.25,100,Contains bonus pin-up gallery.
770,173,487,Shattered of Steele,2015-12-04,0.25,80,Contains bonus pin-up gallery.
771,231,153,Eclipse of Voss,1995-02-22,2.99,48,High print run; common in collections.
772,203,554,Dawn of Fox,2009-03-17,1,28,Controversial issue banned in three states.
773,13,646,Vendetta of Grant,2023-04-26,0.2,80,Landmark story milestone.
774,99,555,Reborn of Drake,2004-07-04,0.5,64,Double-sized anniversary issue.
775,10,675,Descent of Cross,1988-05-24,0.1,40,High print run; common in collections.
776,126,723,Reborn of Fox,1984-04-21,0.15,80,Reprints classic story with new framing pages.
777,165,604,Dawn of Stark,1981-04-02,0.1,44,Direct edition only; no newsstand version.
778,93,25,Resurgence of Flynn,2022-04-29,2.5,40,Landmark story milestone.
779,59,555,Convergence of Burns,1993-06-16,0.25,32,Low distribution; considered scarce.
780,46,315,Legacy of Cross,1961-06-17,0.12,100,Part of a crossover event.
781,93,731,Dawn of Burns,2020-02-25,2.5,28,Part of a crossover event.
782,73,332,Chaos of Ward,1973-07-08,0.2,24,High print run; common in collections.
783,123,601,Revelation of Stark,2017-07-23,2.5,28,Low distribution; considered scarce.
784,32,476,Descent of Crane,1957-02-20,0.15,64,Key first appearance issue.
785,209,240,Reckoning of Holt,2022-11-02,0.2,36,Double-sized anniversary issue.
786,65,582,Legacy of Fox,1981-04-30,0.15,80,High print run; common in collections.
787,73,554,Convergence of Vale,1971-09-30,2.99,80,Contains bonus pin-up gallery.
788,22,476,Shattered of Burns,1958-01-17,0.35,24,Key first appearance issue.
789,247,613,Chaos of Ward,1967-04-05,1.95,36,Reprints classic story with new framing pages.
790,262,47,Convergence of Grant,1968-03-28,0.15,40,Landmark story milestone.
791,203,144,Descent of Holt,1999-07-08,2.99,36,Reprints classic story with new framing pages.
792,259,326,Eclipse of Holt,2024-12-27,3.99,40,High print run; common in collections.
793,165,216,Fracture of Price,1980-11-30,1.5,24,Controversial issue banned in three states.
794,2,488,Reckoning of Morgan,2014-09-16,0.35,48,Double-sized anniversary issue.
795,251,403,Descent of Voss,2011-05-28,0.15,80,Key first appearance issue.
796,228,127,Inferno of Ward,2018-02-26,1.95,48,Controversial issue banned in three states.
797,5,474,Inferno of Stone,1968-03-12,3.99,24,High print run; common in collections.
798,11,697,Inferno of Stone,2009-02-25,0.15,100,Low distribution; considered scarce.
799,114,506,Inferno of Drake,1968-04-03,1,64,Reprints classic story with new framing pages.
800,108,201,Nemesis of Kane,1948-01-15,1,100,Double-sized anniversary issue.
801,253,566,Uprising of Hunt,1979-10-28,0.35,28,Reprints classic story with new framing pages.
802,66,131,Chaos of Hunt,1978-12-01,0.75,80,Low distribution; considered scarce.
803,99,24,Descent of Price,2009-10-29,1,80,Contains bonus pin-up gallery.
804,2,657,Dawn of Flynn,2014-03-14,2.99,48,Low distribution; considered scarce.
805,63,531,Fracture of Stark,2023-07-06,1.95,80,Key first appearance issue.
806,115,285,Legacy of Grant,1951-03-19,3.99,44,Key first appearance issue.
807,201,343,Shadows of Hunt,2009-05-14,0.1,36,Direct edition only; no newsstand version.
808,39,202,Convergence of Flynn,2000-06-05,1.25,28,Landmark story milestone.
809,15,443,Reckoning of Hunt,2019-10-07,1.5,40,High print run; common in collections.
810,56,245,Eclipse of Drake,1960-08-27,1.5,80,High print run; common in collections.
811,38,635,Fracture of Kane,2010-10-29,3.99,100,Landmark story milestone.
812,44,35,Nemesis of Flynn,1952-06-11,0.15,32,Key first appearance issue.
813,227,309,Shattered of Crane,1944-06-16,0.15,28,Key first appearance issue.
814,287,302,Nemesis of Ward,1946-03-04,0.2,100,Direct edition only; no newsstand version.
815,120,465,Nemesis of Fox,1982-03-28,2.99,100,Reprints classic story with new framing pages.
816,52,667,Reckoning of Fox,2015-08-14,1.5,100,High print run; common in collections.
817,56,13,Shattered of Voss,1958-07-30,0.5,100,Controversial issue banned in three states.
818,261,364,Legacy of Stark,1958-10-01,3.99,32,High print run; common in collections.
819,71,62,Fallen of Burns,1972-12-15,2.99,80,Part of a crossover event.
820,160,555,Fallen of Steele,1953-08-20,4.99,40,Reprints classic story with new framing pages.
821,176,378,Reckoning of Cole,2011-08-20,0.25,24,High print run; common in collections.
822,260,433,Inferno of Stone,1980-11-24,0.5,36,Landmark story milestone.
823,175,684,Oblivion of Fox,1974-02-14,1.5,100,Reprints classic story with new framing pages.
824,172,429,Eclipse of Cross,1980-09-20,0.2,64,Key first appearance issue.
825,254,4,Revelation of Vale,1994-11-04,3.99,100,High print run; common in collections.
826,123,753,Eclipse of Ward,2007-02-17,0.5,48,Controversial issue banned in three states.
827,4,11,Shadows of Nash,1974-01-07,0.1,80,Landmark story milestone.
828,73,451,Uprising of Hunt,1968-01-13,1.95,24,Key first appearance issue.
829,102,291,Convergence of Vale,1967-03-22,1,32,Part of a crossover event.
830,284,183,Uprising of Morgan,2016-09-08,0.35,40,Landmark story milestone.
831,11,389,Rising of Flynn,2007-07-17,0.5,40,Contains bonus pin-up gallery.
832,123,382,Convergence of Cole,1997-02-28,2.99,28,Landmark story milestone.
833,74,195,Uprising of Grant,2017-06-19,2.5,44,Part of a crossover event.
834,220,251,Dawn of Price,2002-04-08,0.5,80,Low distribution; considered scarce.
835,77,254,Dawn of Holt,2014-05-08,0.25,80,Reprints classic story with new framing pages.
836,251,745,Shadows of Stark,1961-10-09,0.15,32,Double-sized anniversary issue.
837,199,770,Resurgence of Nash,1963-06-21,4.99,80,Contains bonus pin-up gallery.
838,92,730,Inferno of Cole,1971-11-15,4.99,64,Contains bonus pin-up gallery.
839,138,411,Reborn of Drake,1997-02-21,0.5,36,High print run; common in collections.
840,232,241,Nemesis of Stone,2018-06-10,1.25,48,Direct edition only; no newsstand version.
841,293,384,Chaos of Grant,2013-10-05,0.15,32,Landmark story milestone.
842,152,532,Inferno of Vale,1994-11-17,0.12,64,Double-sized anniversary issue.
843,173,462,Fracture of Crane,2018-02-11,2.99,44,Contains bonus pin-up gallery.
844,163,392,Reckoning of Cross,1954-01-23,3.99,36,Low distribution; considered scarce.
845,39,85,Vendetta of Cole,2010-03-20,0.15,40,High print run; common in collections.
846,51,74,Inferno of Drake,2011-08-30,0.5,44,High print run; common in collections.
847,169,310,Chaos of Stone,2003-03-20,0.25,80,Low distribution; considered scarce.
848,5,289,Inferno of Ward,1983-11-14,2.5,100,Key first appearance issue.
849,242,780,Fallen of Ward,2018-12-30,0.75,36,High print run; common in collections.
850,243,529,Reborn of Grant,1986-03-30,3.99,64,Part of a crossover event.
851,44,193,Legacy of Crane,1975-02-01,0.5,64,Contains bonus pin-up gallery.
852,286,384,Fallen of Hunt,2011-09-04,0.25,40,Key first appearance issue.
853,256,364,Eclipse of Vale,2021-02-09,2.99,48,Direct edition only; no newsstand version.
854,276,334,Reborn of Morgan,1975-09-21,0.12,32,Controversial issue banned in three states.
855,170,645,Shattered of Price,1952-03-09,2.5,48,High print run; common in collections.
856,201,548,Nemesis of Stone,2006-06-06,4.99,28,Part of a crossover event.
857,292,655,Vendetta of Voss,2010-04-03,0.35,28,Double-sized anniversary issue.
858,91,706,Shattered of Stark,2018-05-12,0.1,32,High print run; common in collections.
859,36,291,Uprising of Vale,1982-04-24,1.25,80,Landmark story milestone.
860,233,378,Resurgence of Morgan,2016-04-27,0.35,44,Direct edition only; no newsstand version.
861,201,114,Fallen of Grant,2008-07-10,2.99,64,Landmark story milestone.
862,200,134,Uprising of Burns,1973-07-10,2.99,64,Controversial issue banned in three states.
863,295,602,Uprising of Cole,1943-09-28,3.99,40,High print run; common in collections.
864,4,457,Shadows of Ward,1973-05-27,0.75,80,Part of a crossover event.
865,292,472,Fracture of Hunt,2012-01-09,0.12,28,Low distribution; considered scarce.
866,234,718,Vendetta of Ward,1991-12-12,0.35,48,High print run; common in collections.
867,92,633,Legacy of Fox,2023-09-28,2.5,32,Reprints classic story with new framing pages.
868,49,716,Dawn of Vale,1987-08-27,0.35,40,Double-sized anniversary issue.
869,150,715,Uprising of Stark,1998-12-29,2.99,80,Landmark story milestone.
870,189,774,Rising of Cole,2018-11-10,1.5,48,Contains bonus pin-up gallery.
871,85,213,Resurgence of Drake,2007-05-04,3.99,24,Landmark story milestone.
872,237,352,Nemesis of Stone,2021-02-19,2.5,24,Key first appearance issue.
873,129,727,Fallen of Flynn,1979-02-22,3.99,64,Contains bonus pin-up gallery.
874,35,562,Revelation of Fox,2007-06-19,0.25,64,Low distribution; considered scarce.
875,83,19,Shattered of Kane,2017-12-16,0.35,40,Landmark story milestone.
876,274,401,Convergence of Voss,2010-04-25,0.1,40,Controversial issue banned in three states.
877,226,183,Uprising of Drake,1972-01-23,0.5,64,Key first appearance issue.
878,268,400,Vendetta of Fox,1989-02-25,0.12,100,Key first appearance issue.
879,25,387,Uprising of Vale,2023-04-19,1.95,36,High print run; common in collections.
880,47,432,Reckoning of Morgan,1976-02-02,1.5,36,Landmark story milestone.
881,113,99,Convergence of Cross,2021-02-25,0.12,48,Double-sized anniversary issue.
882,56,335,Eclipse of Grant,1962-07-29,0.5,100,High print run; common in collections.
883,278,439,Rising of Vale,1972-11-10,0.5,28,Part of a crossover event.
884,166,16,Nemesis of Flynn,1994-07-30,0.1,48,High print run; common in collections.
885,235,68,Chaos of Price,2008-12-08,1.95,24,Landmark story milestone.
886,112,309,Shattered of Stark,1983-11-18,0.2,80,Reprints classic story with new framing pages.
887,88,98,Shattered of Flynn,2003-08-26,2.5,32,Part of a crossover event.
888,90,780,Eclipse of Stark,2005-07-02,0.15,44,Key first appearance issue.
889,300,392,Resurgence of Vale,2021-04-04,0.1,36,Key first appearance issue.
890,64,243,Legacy of Vale,2015-11-09,0.15,24,Controversial issue banned in three states.
891,192,304,Uprising of Steele,1998-03-09,2.5,36,Key first appearance issue.
892,122,613,Fracture of Flynn,2009-01-25,0.25,40,Part of a crossover event.
893,21,425,Vendetta of Morgan,2023-11-04,0.75,44,Part of a crossover event.
894,125,553,Dawn of Vale,1975-03-27,0.75,100,Direct edition only; no newsstand version.
895,267,188,Fracture of Morgan,1952-08-10,0.15,64,Landmark story milestone.
896,99,650,Fallen of Stone,1953-09-04,0.25,28,Controversial issue banned in three states.
897,282,242,Resurgence of Voss,1985-03-02,2.99,64,Low distribution; considered scarce.
898,85,251,Legacy of Cross,2004-11-10,0.75,40,Low distribution; considered scarce.
899,296,651,Uprising of Holt,2023-01-11,4.99,28,Part of a crossover event.
900,204,172,Oblivion of Fox,1993-06-22,2.99,80,Reprints classic story with new framing pages.
901,222,494,Reckoning of Ward,1995-12-29,2.99,28,Low distribution; considered scarce.
902,276,567,Convergence of Holt,1972-06-05,2.5,64,Low distribution; considered scarce.
903,233,385,Descent of Price,2017-08-03,4.99,28,Part of a crossover event.
904,70,201,Fallen of Stone,1968-01-19,0.1,24,Double-sized anniversary issue.
905,192,415,Legacy of Ward,1998-01-08,1.95,48,Contains bonus pin-up gallery.
906,158,603,Shadows of Crane,1960-05-18,0.12,28,Direct edition only; no newsstand version.
907,290,199,Legacy of Holt,1989-08-23,1.95,80,Contains bonus pin-up gallery.
908,189,667,Nemesis of Crane,2018-08-25,0.75,36,Contains bonus pin-up gallery.
909,18,371,Reckoning of Steele,2023-02-13,1,100,Contains bonus pin-up gallery.
910,76,254,Shattered of Hunt,1984-05-29,0.35,24,Landmark story milestone.
911,48,408,Reborn of Voss,1991-03-30,0.5,48,Controversial issue banned in three states.
912,219,709,Vendetta of Cole,1985-09-08,2.5,100,Low distribution; considered scarce.
913,211,746,Shadows of Kane,2015-07-04,1.95,32,Low distribution; considered scarce.
914,108,408,Vendetta of Morgan,1952-03-12,0.35,64,Key first appearance issue.
915,50,793,Legacy of Cole,1944-04-07,2.99,40,Direct edition only; no newsstand version.
916,88,384,Convergence of Steele,2001-12-16,0.5,64,Controversial issue banned in three states.
917,258,462,Reborn of Stone,1981-06-22,0.35,36,Key first appearance issue.
918,94,778,Uprising of Holt,2013-01-27,2.99,64,Reprints classic story with new framing pages.
919,56,652,Convergence of Voss,1962-11-14,1.25,28,Direct edition only; no newsstand version.
920,64,66,Eclipse of Morgan,2014-06-01,0.75,64,Contains bonus pin-up gallery.
921,52,63,Chaos of Morgan,2008-03-18,0.12,28,High print run; common in collections.
922,268,385,Shattered of Cole,1988-01-30,1,64,Contains bonus pin-up gallery.
923,173,345,Inferno of Flynn,2018-04-07,1.5,36,Part of a crossover event.
924,205,626,Dawn of Nash,2009-03-31,1.5,28,Key first appearance issue.
925,234,412,Fallen of Morgan,1993-12-01,0.2,80,Low distribution; considered scarce.
926,128,463,Shattered of Stark,1989-07-12,2.99,36,Key first appearance issue.
927,165,649,Inferno of Drake,1979-02-04,1.5,64,High print run; common in collections.
928,249,757,Shattered of Voss,2020-06-27,1.95,48,Contains bonus pin-up gallery.
929,52,395,Vendetta of Price,2024-06-20,0.5,32,Double-sized anniversary issue.
930,293,33,Fallen of Stark,2017-08-28,0.15,40,Double-sized anniversary issue.
931,240,457,Rising of Stark,2020-12-10,0.75,36,High print run; common in collections.
932,88,676,Shadows of Kane,2014-11-23,2.99,24,Controversial issue banned in three states.
933,168,785,Chaos of Vale,1984-03-15,1,64,Landmark story milestone.
934,70,649,Oblivion of Voss,1970-12-23,1.5,36,Reprints classic story with new framing pages.
935,34,352,Nemesis of Ward,1962-03-22,2.99,36,High print run; common in collections.
936,133,298,Shadows of Kane,2002-04-19,0.15,44,Reprints classic story with new framing pages.
937,97,587,Inferno of Steele,1963-08-10,1.5,48,Reprints classic story with new framing pages.
938,1,64,Reborn of Grant,2000-11-19,0.5,48,Direct edition only; no newsstand version.
939,164,696,Fallen of Cole,2007-03-10,0.75,28,Direct edition only; no newsstand version.
940,5,472,Eclipse of Steele,2005-04-17,1.25,36,Contains bonus pin-up gallery.
941,234,616,Vendetta of Steele,1990-10-29,0.12,100,Part of a crossover event.
942,159,706,Rising of Holt,1967-04-08,4.99,36,Contains bonus pin-up gallery.
943,150,61,Eclipse of Steele,2012-11-23,0.5,36,Key first appearance issue.
944,92,500,Nemesis of Burns,2019-11-12,0.35,24,Double-sized anniversary issue.
945,201,433,Oblivion of Nash,2012-07-27,2.5,48,Landmark story milestone.
946,271,290,Vendetta of Stone,1953-01-28,2.5,28,Controversial issue banned in three states.
947,166,727,Vendetta of Fox,1983-11-09,0.35,100,Controversial issue banned in three states.
948,227,299,Fallen of Stone,1963-08-23,0.5,36,Key first appearance issue.
949,186,695,Fallen of Ward,1992-07-28,2.99,32,Key first appearance issue.
950,50,486,Convergence of Drake,1969-11-25,0.2,80,Part of a crossover event.
951,223,643,Nemesis of Vale,1964-05-02,0.12,28,High print run; common in collections.
952,204,310,Shattered of Cross,1995-12-17,2.5,28,Contains bonus pin-up gallery.
953,196,648,Fracture of Nash,1956-03-04,0.1,28,Landmark story milestone.
954,43,501,Resurgence of Vale,1978-12-13,0.1,100,Reprints classic story with new framing pages.
955,294,281,Rising of Hunt,2015-05-19,0.35,48,Contains bonus pin-up gallery.
956,223,586,Fallen of Kane,1967-09-11,1.5,28,Double-sized anniversary issue.
957,95,718,Reckoning of Ward,2008-05-12,4.99,28,Double-sized anniversary issue.
958,300,731,Rising of Stone,2021-07-05,0.2,32,Reprints classic story with new framing pages.
959,93,569,Fracture of Flynn,2020-01-11,0.2,24,Controversial issue banned in three states.
960,295,669,Convergence of Voss,1943-02-27,1,24,Landmark story milestone.
961,64,306,Inferno of Grant,2024-09-14,0.35,48,Key first appearance issue.
962,128,48,Resurgence of Burns,1986-06-27,3.99,32,Reprints classic story with new framing pages.
963,252,321,Resurgence of Nash,1972-08-04,0.5,28,Key first appearance issue.
964,122,193,Fallen of Burns,1947-04-18,0.5,32,Reprints classic story with new framing pages.
965,283,606,Inferno of Holt,1971-06-04,0.25,100,Direct edition only; no newsstand version.
966,39,267,Nemesis of Cross,2000-11-15,2.5,64,Landmark story milestone.
967,131,712,Fallen of Grant,1998-01-29,0.5,28,Low distribution; considered scarce.
968,99,382,Reborn of Cole,2013-02-04,0.35,48,Controversial issue banned in three states.
969,162,389,Reckoning of Price,1961-09-22,0.75,28,Low distribution; considered scarce.
970,64,701,Descent of Crane,2006-12-08,0.15,44,Landmark story milestone.
971,186,797,Chaos of Steele,2002-12-17,0.75,40,Key first appearance issue.
972,51,228,Nemesis of Kane,2017-06-17,0.2,32,Double-sized anniversary issue.
973,157,502,Rising of Cole,2021-08-25,1.95,100,Low distribution; considered scarce.
974,283,623,Rising of Drake,1972-01-16,0.35,44,Direct edition only; no newsstand version.
975,93,760,Descent of Grant,2021-12-07,2.5,64,Reprints classic story with new framing pages.
976,66,10,Resurgence of Steele,1987-08-15,0.25,32,Direct edition only; no newsstand version.
977,291,55,Inferno of Vale,1964-12-29,2.99,64,Controversial issue banned in three states.
978,225,480,Resurgence of Burns,1988-11-17,1,48,Double-sized anniversary issue.
979,118,651,Shadows of Burns,1980-09-09,2.99,44,Landmark story milestone.
980,41,748,Revelation of Voss,1992-06-10,0.35,100,Key first appearance issue.
981,44,293,Descent of Stark,2013-09-11,0.1,48,Double-sized anniversary issue.
982,70,510,Resurgence of Grant,1968-07-07,0.2,48,Key first appearance issue.
983,98,732,Legacy of Grant,2009-03-01,1.95,36,Double-sized anniversary issue.
984,22,173,Resurgence of Vale,1978-02-15,0.35,28,Part of a crossover event.
985,69,362,Dawn of Crane,1971-10-06,4.99,48,Controversial issue banned in three states.
986,192,347,Revelation of Grant,1989-07-16,0.2,40,Low distribution; considered scarce.
987,248,272,Uprising of Morgan,2013-04-17,2.5,36,Low distribution; considered scarce.
988,264,475,Shattered of Stark,2013-10-18,0.12,44,Key first appearance issue.
989,236,306,Inferno of Kane,1987-06-23,0.1,44,Controversial issue banned in three states.
990,206,10,Rising of Crane,1986-12-28,4.99,36,Landmark story milestone.
991,271,158,Legacy of Kane,1951-11-20,4.99,24,Controversial issue banned in three states.
992,129,482,Nemesis of Nash,1984-02-22,1.25,44,Direct edition only; no newsstand version.
993,94,276,Rising of Fox,2010-01-06,3.99,32,Controversial issue banned in three states.
994,182,445,Reckoning of Nash,2020-01-10,0.5,28,High print run; common in collections.
995,146,137,Nemesis of Crane,2018-03-24,1.5,24,Controversial issue banned in three states.
996,102,682,Chaos of Kane,1970-05-18,2.99,64,Double-sized anniversary issue.
997,254,699,Fallen of Flynn,2020-11-17,2.5,80,Direct edition only; no newsstand version.
998,68,111,Reckoning of Steele,1957-11-04,0.25,44,Double-sized anniversary issue.
999,7,54,Eclipse of Crane,1958-04-22,0.1,48,Contains bonus pin-up gallery.
1000,149,498,Shadows of Crane,1996-08-28,0.75,100,Controversial issue banned in three states.
1001,262,256,Chaos of Kane,1959-10-07,1,36,Direct edition only; no newsstand version.
1002,102,724,Rising of Cole,1970-04-26,0.35,36,Reprints classic story with new framing pages.
1003,77,124,Fallen of Ward,2012-02-23,0.12,40,High print run; common in collections.
1004,75,19,Shattered of Stone,1990-02-14,0.15,24,Direct edition only; no newsstand version.
1005,209,314,Revelation of Vale,2013-02-05,1.5,48,Contains bonus pin-up gallery.
1006,32,438,Dawn of Burns,1961-06-08,0.2,40,Part of a crossover event.
1007,144,729,Legacy of Vale,1955-09-30,1.5,24,Controversial issue banned in three states.
1008,21,54,Eclipse of Stone,2018-01-03,1.25,64,Low distribution; considered scarce.
1009,52,190,Chaos of Stark,2017-08-30,1.95,44,Low distribution; considered scarce.
1010,58,686,Reckoning of Grant,1988-09-09,0.25,44,Part of a crossover event.
1011,186,620,Inferno of Vale,2011-09-21,1,36,Reprints classic story with new framing pages.
1012,197,109,Fallen of Price,1948-12-23,0.2,24,Reprints classic story with new framing pages.
1013,98,722,Fracture of Kane,2013-04-30,0.15,80,Reprints classic story with new framing pages.
1014,176,743,Oblivion of Stone,2011-09-10,0.25,24,Controversial issue banned in three states.
1015,99,564,Chaos of Grant,1986-07-09,1.95,44,Contains bonus pin-up gallery.
1016,61,70,Oblivion of Crane,1987-10-13,0.1,32,Reprints classic story with new framing pages.
1017,141,297,Dawn of Hunt,1975-10-14,0.12,36,Direct edition only; no newsstand version.
1018,254,546,Resurgence of Voss,2015-09-19,0.35,64,Double-sized anniversary issue.
1019,197,411,Shattered of Holt,1952-05-17,0.5,32,Key first appearance issue.
1020,82,224,Reborn of Morgan,1992-04-22,3.99,80,Double-sized anniversary issue.
1021,133,226,Vendetta of Holt,2004-05-27,0.2,32,High print run; common in collections.
1022,24,244,Vendetta of Drake,1970-12-28,0.25,40,Controversial issue banned in three states.
1023,139,658,Revelation of Stone,1992-04-24,0.2,24,Part of a crossover event.
1024,189,86,Descent of Holt,2021-08-22,0.25,48,Reprints classic story with new framing pages.
1025,151,59,Reckoning of Nash,1974-04-13,0.75,40,Controversial issue banned in three states.
1026,132,551,Reborn of Kane,1944-05-27,2.5,40,Reprints classic story with new framing pages.
1027,283,453,Revelation of Flynn,1971-04-25,1,36,Reprints classic story with new framing pages.
1028,203,457,Revelation of Crane,2000-12-25,1.95,32,Contains bonus pin-up gallery.
1029,48,186,Fracture of Cross,1996-03-31,0.35,36,Reprints classic story with new framing pages.
1030,252,185,Vendetta of Morgan,1973-05-12,1.25,32,Controversial issue banned in three states.
1031,202,72,Fallen of Voss,2018-01-20,2.99,36,Contains bonus pin-up gallery.
1032,207,742,Resurgence of Steele,1997-07-01,0.1,100,Landmark story milestone.
1033,194,22,Rising of Morgan,2002-08-12,0.12,32,High print run; common in collections.
1034,43,147,Shattered of Morgan,1992-01-05,0.1,28,Double-sized anniversary issue.
1035,174,88,Uprising of Steele,2017-12-25,4.99,100,Contains bonus pin-up gallery.
1036,84,340,Oblivion of Steele,1958-06-13,0.75,24,Double-sized anniversary issue.
1037,137,557,Rising of Morgan,1952-07-09,0.12,28,Double-sized anniversary issue.
1038,152,524,Legacy of Steele,1964-03-14,0.1,36,Key first appearance issue.
1039,117,395,Fallen of Nash,2018-10-16,1.25,36,Direct edition only; no newsstand version.
1040,58,174,Rising of Vale,2024-02-14,0.2,40,Part of a crossover event.
1041,40,342,Rising of Nash,1948-06-14,0.15,24,Reprints classic story with new framing pages.
1042,78,439,Resurgence of Flynn,1949-12-29,0.35,48,Controversial issue banned in three states.
1043,155,294,Inferno of Kane,2001-01-03,1,64,Part of a crossover event.
1044,136,729,Shadows of Morgan,2022-07-19,0.25,32,Part of a crossover event.
1045,76,458,Oblivion of Voss,1990-07-10,0.2,100,Direct edition only; no newsstand version.
1046,143,93,Eclipse of Steele,1987-10-24,0.35,48,Part of a crossover event.
1047,164,435,Oblivion of Crane,2010-01-31,1.5,32,High print run; common in collections.
1048,197,563,Oblivion of Grant,1952-09-10,4.99,80,Double-sized anniversary issue.
1049,118,86,Reborn of Crane,1984-04-02,0.75,28,High print run; common in collections.
1050,186,209,Reckoning of Nash,1988-02-16,4.99,32,Landmark story milestone.
1051,31,370,Fallen of Burns,2018-11-01,3.99,32,Double-sized anniversary issue.
1052,216,216,Revelation of Drake,1967-10-04,0.25,28,Controversial issue banned in three states.
1053,194,27,Legacy of Nash,2010-06-11,0.12,28,Reprints classic story with new framing pages.
1054,38,609,Convergence of Morgan,1999-10-12,0.25,44,Controversial issue banned in three states.
1055,41,79,Reckoning of Hunt,1999-12-29,2.99,32,Controversial issue banned in three states.
1056,241,767,Resurgence of Burns,2019-07-28,4.99,48,Part of a crossover event.
1057,228,661,Reckoning of Burns,2023-01-19,0.2,32,Key first appearance issue.
1058,17,516,Convergence of Morgan,1964-10-14,2.5,48,Contains bonus pin-up gallery.
1059,284,265,Reborn of Cole,2017-12-29,1.25,36,Direct edition only; no newsstand version.
1060,81,95,Resurgence of Ward,2010-01-18,0.25,36,Direct edition only; no newsstand version.
1061,29,402,Convergence of Grant,1948-03-24,0.15,64,Contains bonus pin-up gallery.
1062,161,390,Convergence of Drake,2015-05-06,1.95,48,High print run; common in collections.
1063,139,107,Shadows of Nash,1994-11-12,1.5,24,High print run; common in collections.
1064,145,555,Rising of Voss,2016-10-28,0.5,100,Key first appearance issue.
1065,159,565,Uprising of Drake,1960-03-17,0.75,40,Landmark story milestone.
1066,292,46,Reborn of Stark,2015-05-03,0.12,24,Part of a crossover event.
1067,48,9,Inferno of Burns,1987-11-05,2.5,80,High print run; common in collections.
1068,162,401,Inferno of Steele,1968-11-11,0.2,44,Direct edition only; no newsstand version.
1069,258,515,Fallen of Morgan,1981-04-07,2.5,64,Reprints classic story with new framing pages.
1070,20,166,Fallen of Fox,1951-01-06,0.15,28,High print run; common in collections.
1071,111,698,Fallen of Cross,1973-01-20,1.5,64,Controversial issue banned in three states.
1072,174,369,Shattered of Crane,2016-10-24,0.12,48,High print run; common in collections.
1073,107,622,Shadows of Steele,2002-09-10,4.99,28,Key first appearance issue.
1074,74,561,Shadows of Stark,2019-06-21,0.2,64,Part of a crossover event.
1075,87,166,Shadows of Holt,1995-07-10,1.95,44,Landmark story milestone.
1076,37,728,Fracture of Holt,1979-01-14,4.99,40,Contains bonus pin-up gallery.
1077,72,583,Oblivion of Drake,1965-07-24,1.95,40,Direct edition only; no newsstand version.
1078,210,635,Fallen of Fox,2018-11-20,1.95,80,Reprints classic story with new framing pages.
1079,161,86,Legacy of Cole,2012-07-10,3.99,40,Key first appearance issue.
1080,30,251,Descent of Morgan,2019-08-15,0.25,28,Low distribution; considered scarce.
1081,193,584,Nemesis of Voss,2009-02-05,0.75,48,Contains bonus pin-up gallery.
1082,48,478,Fracture of Grant,1989-08-26,3.99,28,Landmark story milestone.
1083,93,111,Nemesis of Crane,2024-02-07,0.5,48,Part of a crossover event.
1084,34,351,Shattered of Stark,1958-07-23,0.5,64,Landmark story milestone.
1085,143,40,Descent of Steele,1989-07-19,4.99,32,High print run; common in collections.
1086,164,33,Shattered of Ward,2011-09-29,0.12,44,Direct edition only; no newsstand version.
1087,243,56,Uprising of Morgan,1985-10-15,2.99,40,Low distribution; considered scarce.
1088,91,146,Shadows of Holt,2018-12-09,2.5,28,Low distribution; considered scarce.
1089,232,430,Resurgence of Stone,2019-03-03,1,32,Key first appearance issue.
1090,48,351,Vendetta of Cross,1993-03-23,0.5,44,Direct edition only; no newsstand version.
1091,247,549,Convergence of Crane,1976-04-30,1.95,100,Direct edition only; no newsstand version.
1092,6,612,Uprising of Voss,1995-07-31,0.25,44,Part of a crossover event.
1093,8,470,Fallen of Stark,2014-05-17,1.5,28,Direct edition only; no newsstand version.
1094,135,740,Reckoning of Fox,2022-11-03,0.25,64,Reprints classic story with new framing pages.
1095,50,224,Uprising of Crane,1941-04-10,0.35,100,Direct edition only; no newsstand version.
1096,111,215,Uprising of Hunt,1967-11-26,0.1,44,Part of a crossover event.
1097,9,315,Resurgence of Kane,1973-10-09,4.99,64,Direct edition only; no newsstand version.
1098,211,361,Descent of Crane,1979-07-22,1.5,28,Controversial issue banned in three states.
1099,235,383,Convergence of Grant,2013-08-10,0.35,80,Direct edition only; no newsstand version.
1100,196,676,Legacy of Burns,1956-05-23,0.2,28,Landmark story milestone.
1101,46,17,Shattered of Crane,1972-07-27,0.2,64,Reprints classic story with new framing pages.
1102,279,649,Fracture of Cole,1956-03-27,0.12,40,Direct edition only; no newsstand version.
1103,109,796,Fracture of Grant,2019-07-02,2.5,28,High print run; common in collections.
1104,241,360,Fracture of Crane,2019-05-25,2.5,24,Part of a crossover event.
1105,115,291,Chaos of Holt,1992-07-14,1.25,48,High print run; common in collections.
1106,3,34,Reckoning of Morgan,1959-08-07,0.25,44,Double-sized anniversary issue.
1107,163,175,Reborn of Crane,1954-10-04,0.75,80,Direct edition only; no newsstand version.
1108,99,660,Nemesis of Drake,2004-04-15,2.99,32,Direct edition only; no newsstand version.
1109,89,326,Resurgence of Cross,2017-04-05,2.99,36,Landmark story milestone.
1110,65,122,Reborn of Ward,1999-03-29,1,80,Controversial issue banned in three states.
1111,166,96,Shadows of Morgan,1997-04-12,2.99,24,Reprints classic story with new framing pages.
1112,79,633,Descent of Voss,1992-03-31,2.5,24,Controversial issue banned in three states.
1113,233,192,Revelation of Vale,2018-01-03,1.25,36,Double-sized anniversary issue.
1114,126,799,Nemesis of Holt,1983-02-22,0.12,40,Landmark story milestone.
1115,74,24,Reborn of Kane,2023-01-13,0.2,64,Reprints classic story with new framing pages.
1116,63,146,Vendetta of Holt,1997-10-21,0.35,28,Landmark story milestone.
1117,254,371,Uprising of Ward,2022-11-21,0.2,64,Key first appearance issue.
1118,212,499,Shadows of Stone,1950-08-07,2.99,48,Part of a crossover event.
1119,231,185,Vendetta of Morgan,1982-03-24,0.35,100,Reprints classic story with new framing pages.
1120,17,352,Inferno of Stark,1962-04-05,0.1,32,Double-sized anniversary issue.
1121,131,198,Shattered of Morgan,1984-06-15,0.1,80,Double-sized anniversary issue.
1122,79,374,Rising of Stone,2000-09-13,0.1,44,Controversial issue banned in three states.
1123,113,746,Fallen of Holt,1949-06-27,1,64,High print run; common in collections.
1124,48,726,Descent of Burns,1989-08-20,3.99,64,Direct edition only; no newsstand version.
1125,263,198,Chaos of Cross,2000-11-18,0.5,40,Direct edition only; no newsstand version.
1126,53,785,Reborn of Burns,2009-03-07,0.35,36,Contains bonus pin-up gallery.
1127,222,434,Shattered of Holt,2009-01-05,1.5,100,Landmark story milestone.
1128,197,205,Reborn of Nash,1952-10-24,1.95,28,Contains bonus pin-up gallery.
1129,86,524,Chaos of Hunt,1999-07-08,2.99,40,Reprints classic story with new framing pages.
1130,272,408,Reckoning of Kane,2002-10-20,0.35,44,Direct edition only; no newsstand version.
1131,96,252,Shadows of Stone,2013-01-18,1.95,44,Controversial issue banned in three states.
1132,161,10,Eclipse of Morgan,1989-12-21,1.5,36,Contains bonus pin-up gallery.
1133,291,239,Descent of Voss,1967-06-05,2.5,40,Reprints classic story with new framing pages.
1134,109,223,Rising of Grant,2022-11-30,1,100,Landmark story milestone.
1135,294,432,Legacy of Flynn,2017-04-01,1.5,36,High print run; common in collections.
1136,26,506,Oblivion of Drake,2019-07-02,1,48,Landmark story milestone.
1137,64,176,Shattered of Flynn,2022-04-24,2.5,36,Reprints classic story with new framing pages.
1138,11,19,Reborn of Morgan,2009-03-13,3.99,40,Controversial issue banned in three states.
1139,207,547,Resurgence of Drake,1994-08-30,1.5,24,Landmark story milestone.
1140,241,426,Vendetta of Holt,2019-01-25,1.5,44,Direct edition only; no newsstand version.
1141,41,794,Eclipse of Stark,2013-12-17,0.12,48,Low distribution; considered scarce.
1142,233,657,Rising of Nash,2018-10-07,0.2,24,High print run; common in collections.
1143,25,143,Rising of Flynn,1954-12-07,2.99,36,Controversial issue banned in three states.
1144,46,742,Inferno of Grant,1962-04-15,0.1,24,Low distribution; considered scarce.
1145,23,50,Vendetta of Voss,1949-12-09,1,44,Reprints classic story with new framing pages.
1146,195,716,Convergence of Steele,1998-03-20,3.99,28,Controversial issue banned in three states.
1147,164,772,Reborn of Crane,2002-04-27,3.99,28,Double-sized anniversary issue.
1148,271,592,Oblivion of Stark,1950-05-08,1,44,Contains bonus pin-up gallery.
1149,116,271,Vendetta of Voss,1954-01-12,1.95,80,High print run; common in collections.
1150,106,77,Oblivion of Drake,1999-11-16,0.5,24,High print run; common in collections.
1151,240,193,Oblivion of Kane,2022-02-27,1.5,36,Reprints classic story with new framing pages.
1152,271,321,Vendetta of Fox,1951-11-19,0.25,80,Landmark story milestone.
1153,67,373,Nemesis of Fox,2014-06-15,0.5,48,High print run; common in collections.
1154,36,434,Convergence of Burns,1977-06-19,0.2,32,Contains bonus pin-up gallery.
1155,55,113,Revelation of Morgan,2007-11-04,3.99,32,Low distribution; considered scarce.
1156,15,678,Resurgence of Fox,2019-09-07,1.95,40,Landmark story milestone.
1157,282,363,Legacy of Stone,1979-10-09,0.25,48,Double-sized anniversary issue.
1158,221,342,Dawn of Fox,1985-11-06,1,44,Landmark story milestone.
1159,26,392,Legacy of Stone,2018-08-21,1.25,36,Direct edition only; no newsstand version.
1160,91,283,Resurgence of Price,2024-08-30,4.99,80,Direct edition only; no newsstand version.
1161,56,52,Revelation of Kane,1961-10-27,0.75,28,Key first appearance issue.
1162,19,245,Shadows of Grant,1977-12-20,0.2,40,High print run; common in collections.
1163,208,403,Rising of Vale,1979-02-28,1,64,High print run; common in collections.
1164,88,209,Inferno of Burns,2015-08-16,1.25,24,Landmark story milestone.
1165,95,718,Shattered of Stark,2017-02-23,1.25,36,Controversial issue banned in three states.
1166,162,72,Convergence of Cross,1967-04-14,1.5,64,Controversial issue banned in three states.
1167,7,439,Eclipse of Morgan,1963-08-24,0.35,40,Landmark story milestone.
1168,88,779,Reckoning of Price,2013-03-27,1.95,64,Reprints classic story with new framing pages.
1169,1,254,Oblivion of Kane,2016-10-22,0.12,24,Reprints classic story with new framing pages.
1170,149,234,Resurgence of Cole,2021-06-21,0.35,32,Landmark story milestone.
1171,52,754,Eclipse of Fox,2014-10-31,4.99,44,Double-sized anniversary issue.
1172,132,499,Chaos of Nash,2002-07-08,3.99,24,Part of a crossover event.
1173,155,342,Resurgence of Price,2001-12-18,4.99,28,Low distribution; considered scarce.
1174,266,22,Fallen of Crane,1966-09-13,0.75,32,Part of a crossover event.
1175,255,251,Reborn of Crane,1944-05-06,1.95,36,Landmark story milestone.
1176,100,655,Rising of Holt,1993-06-22,3.99,80,Controversial issue banned in three states.
1177,136,358,Eclipse of Ward,2021-10-22,2.99,40,Low distribution; considered scarce.
1178,98,594,Resurgence of Flynn,2009-12-03,0.2,48,Contains bonus pin-up gallery.
1179,291,296,Rising of Morgan,1968-07-26,4.99,32,Contains bonus pin-up gallery.
1180,77,297,Shattered of Grant,2018-09-25,0.35,40,Contains bonus pin-up gallery.
1181,148,302,Reckoning of Fox,1986-11-24,0.12,36,Low distribution; considered scarce.
1182,64,501,Vendetta of Morgan,2004-05-21,2.99,44,Key first appearance issue.
1183,26,142,Inferno of Burns,2016-05-29,0.25,28,Low distribution; considered scarce.
1184,74,443,Reborn of Voss,2018-03-16,1.25,36,Key first appearance issue.
1185,243,255,Nemesis of Crane,1988-12-15,2.5,28,Low distribution; considered scarce.
1186,155,319,Convergence of Hunt,2000-09-11,2.99,44,Reprints classic story with new framing pages.
1187,72,257,Fallen of Crane,1968-12-12,0.5,40,Low distribution; considered scarce.
1188,44,581,Fracture of Grant,1973-09-04,0.35,48,Direct edition only; no newsstand version.
1189,50,540,Fracture of Flynn,1950-06-08,1.95,64,Part of a crossover event.
1190,219,431,Legacy of Fox,2004-11-08,0.1,80,Key first appearance issue.
1191,216,774,Fallen of Price,1953-12-07,1.25,36,Reprints classic story with new framing pages.
1192,263,131,Shattered of Grant,1998-06-23,1.25,24,Direct edition only; no newsstand version.
1193,65,687,Reckoning of Fox,1990-02-24,3.99,24,Landmark story milestone.
1194,29,666,Rising of Flynn,1948-07-07,0.2,40,Reprints classic story with new framing pages.
1195,247,63,Rising of Hunt,1969-11-11,0.12,36,Double-sized anniversary issue.
1196,74,759,Oblivion of Steele,2022-04-21,0.75,32,Low distribution; considered scarce.
1197,160,497,Shattered of Stone,1952-01-07,0.2,28,Key first appearance issue.
1198,79,124,Resurgence of Kane,2018-01-31,0.75,36,Landmark story milestone.
1199,243,518,Fracture of Ward,1981-07-21,0.12,28,Low distribution; considered scarce.
1200,208,189,Revelation of Grant,1987-05-25,1,100,Contains bonus pin-up gallery.
1201,64,150,Reckoning of Cross,2021-05-24,0.25,36,Controversial issue banned in three states.
1202,262,717,Descent of Stone,2009-07-15,4.99,64,Low distribution; considered scarce.
1203,149,103,Reborn of Stark,2013-12-10,1.95,40,Direct edition only; no newsstand version.
1204,198,110,Fracture of Crane,2010-08-03,2.99,32,Key first appearance issue.
1205,146,124,Reborn of Ward,2020-07-25,0.1,100,Low distribution; considered scarce.
1206,18,667,Shattered of Fox,2021-03-27,0.12,44,Controversial issue banned in three states.
1207,240,284,Reckoning of Cross,2022-07-27,1.95,80,Double-sized anniversary issue.
1208,108,724,Resurgence of Ward,1949-12-15,0.15,32,Controversial issue banned in three states.
1209,181,348,Fracture of Steele,2001-04-05,1,40,Direct edition only; no newsstand version.
1210,35,496,Nemesis of Stark,2010-08-14,0.35,100,Double-sized anniversary issue.
1211,270,133,Eclipse of Hunt,1986-08-18,1.95,100,Reprints classic story with new framing pages.
1212,207,47,Reckoning of Cross,1996-01-13,0.75,28,Landmark story milestone.
1213,256,488,Eclipse of Vale,2022-12-12,0.75,28,Controversial issue banned in three states.
1214,197,66,Dawn of Price,1952-09-16,1,28,Key first appearance issue.
1215,38,782,Inferno of Price,1996-08-12,0.1,32,Part of a crossover event.
1216,56,461,Nemesis of Steele,1961-12-01,0.5,36,Low distribution; considered scarce.
1217,252,696,Vendetta of Vale,1966-10-25,0.5,32,Direct edition only; no newsstand version.
1218,271,197,Shadows of Hunt,1953-07-15,0.1,28,High print run; common in collections.
1219,18,144,Reckoning of Nash,2023-01-31,2.99,100,Double-sized anniversary issue.
1220,37,190,Resurgence of Stark,1986-04-14,0.5,36,Reprints classic story with new framing pages.
1221,243,361,Inferno of Price,1992-03-26,0.25,28,Contains bonus pin-up gallery.
1222,219,386,Shadows of Hunt,2019-02-11,0.15,32,Double-sized anniversary issue.
1223,153,121,Oblivion of Vale,1969-02-17,0.12,100,Double-sized anniversary issue.
1224,170,230,Vendetta of Holt,1949-02-16,2.5,44,Landmark story milestone.
1225,81,77,Descent of Hunt,2010-03-25,0.75,80,Reprints classic story with new framing pages.
1226,257,409,Shattered of Drake,1997-01-01,0.2,100,Contains bonus pin-up gallery.
1227,135,34,Eclipse of Crane,2017-05-03,1,36,Part of a crossover event.
1228,31,210,Descent of Flynn,2014-02-15,0.12,36,Contains bonus pin-up gallery.
1229,38,625,Dawn of Nash,2007-08-03,0.15,48,Reprints classic story with new framing pages.
1230,42,491,Fallen of Holt,2023-03-09,0.12,28,Key first appearance issue.
1231,255,231,Inferno of Crane,1949-09-10,4.99,40,High print run; common in collections.
1232,11,27,Uprising of Grant,2006-08-15,2.5,24,Double-sized anniversary issue.
1233,247,397,Nemesis of Steele,1957-05-04,2.99,48,Double-sized anniversary issue.
1234,71,449,Rising of Price,1979-05-16,1.95,44,High print run; common in collections.
1235,176,60,Revelation of Vale,2012-06-13,0.15,100,Key first appearance issue.
1236,117,766,Descent of Hunt,2018-08-19,0.12,24,High print run; common in collections.
1237,30,59,Fallen of Fox,2004-09-19,0.35,40,Key first appearance issue.
1238,161,617,Revelation of Burns,2010-05-15,0.25,100,Direct edition only; no newsstand version.
1239,246,126,Shadows of Voss,2012-06-30,1,80,High print run; common in collections.
1240,254,753,Inferno of Vale,2016-08-20,3.99,40,Part of a crossover event.
1241,283,670,Revelation of Cole,1972-04-13,1,44,Double-sized anniversary issue.
1242,258,56,Inferno of Crane,1981-05-05,4.99,40,Landmark story milestone.
1243,105,534,Revelation of Burns,2019-10-08,0.5,28,Part of a crossover event.
1244,73,241,Fracture of Fox,1956-08-10,0.2,24,Contains bonus pin-up gallery.
1245,18,285,Reborn of Ward,2017-01-12,1.25,28,Key first appearance issue.
1246,143,625,Nemesis of Stark,1991-10-17,0.1,48,Direct edition only; no newsstand version.
1247,228,230,Uprising of Ward,1989-12-28,0.35,48,Double-sized anniversary issue.
1248,27,313,Dawn of Grant,1999-10-25,1.95,24,Reprints classic story with new framing pages.
1249,173,772,Reborn of Stone,2010-10-11,0.1,44,Reprints classic story with new framing pages.
1250,223,747,Dawn of Kane,1970-08-04,2.5,40,Double-sized anniversary issue.
1251,238,587,Reborn of Cole,1953-10-03,1,32,Direct edition only; no newsstand version.
1252,240,136,Reckoning of Holt,2021-05-02,1,28,High print run; common in collections.
1253,278,346,Reborn of Ward,1970-08-20,0.12,100,Low distribution; considered scarce.
1254,186,676,Chaos of Price,2000-01-21,0.1,28,Low distribution; considered scarce.
1255,292,329,Chaos of Cross,2019-08-23,3.99,64,Key first appearance issue.
1256,226,478,Dawn of Nash,1956-05-25,4.99,80,High print run; common in collections.
1257,210,594,Shadows of Holt,1947-04-04,1.5,28,Contains bonus pin-up gallery.
1258,93,785,Chaos of Holt,2021-06-12,4.99,32,High print run; common in collections.
1259,90,633,Dawn of Vale,1983-08-04,0.2,24,Controversial issue banned in three states.
1260,260,594,Eclipse of Drake,2015-07-03,0.75,24,Low distribution; considered scarce.
1261,132,695,Inferno of Grant,1944-06-12,0.12,100,High print run; common in collections.
1262,180,80,Resurgence of Fox,1986-10-18,0.2,80,Landmark story milestone.
1263,122,334,Reborn of Nash,1962-04-22,2.99,28,Direct edition only; no newsstand version.
1264,145,26,Eclipse of Price,2016-08-09,1.95,44,Direct edition only; no newsstand version.
1265,192,302,Shattered of Morgan,1997-07-22,0.35,44,Key first appearance issue.
1266,149,606,Reckoning of Kane,1990-09-24,0.5,44,Double-sized anniversary issue.
1267,261,596,Inferno of Stone,1970-07-29,2.5,100,Key first appearance issue.
1268,77,781,Shadows of Voss,2015-07-19,0.75,100,Double-sized anniversary issue.
1269,295,562,Legacy of Grant,1945-07-14,0.2,80,Key first appearance issue.
1270,242,533,Fracture of Flynn,2019-07-11,1,36,Reprints classic story with new framing pages.
1271,151,250,Eclipse of Vale,1987-06-08,1.95,36,Contains bonus pin-up gallery.
1272,162,119,Revelation of Fox,1968-10-12,2.99,44,Landmark story milestone.
1273,181,518,Shadows of Nash,2001-02-20,4.99,100,High print run; common in collections.
1274,230,236,Reborn of Steele,1969-05-24,0.75,48,Reprints classic story with new framing pages.
1275,71,267,Vendetta of Flynn,2023-04-30,1.5,28,Landmark story milestone.
1276,210,518,Fallen of Hunt,1979-10-10,4.99,36,Controversial issue banned in three states.
1277,233,171,Rising of Crane,2016-02-01,1,80,Contains bonus pin-up gallery.
1278,52,35,Legacy of Morgan,2010-11-01,0.35,28,Controversial issue banned in three states.
1279,264,398,Legacy of Nash,2024-11-15,0.25,48,Double-sized anniversary issue.
1280,124,301,Rising of Flynn,1956-12-20,1.5,100,Reprints classic story with new framing pages.
1281,56,47,Shadows of Nash,1962-01-19,3.99,48,Contains bonus pin-up gallery.
1282,224,776,Oblivion of Steele,2004-12-22,0.35,100,Double-sized anniversary issue.
1283,43,8,Reborn of Hunt,1981-08-29,1.95,64,Direct edition only; no newsstand version.
1284,165,181,Resurgence of Hunt,1981-06-17,1,28,High print run; common in collections.
1285,153,350,Dawn of Hunt,1973-07-13,2.99,40,Part of a crossover event.
1286,197,776,Convergence of Steele,1951-07-28,0.12,36,Direct edition only; no newsstand version.
1287,266,589,Shattered of Flynn,1950-06-25,0.2,44,Low distribution; considered scarce.
1288,85,295,Chaos of Stark,2001-04-26,3.99,36,Controversial issue banned in three states.
1289,148,621,Rising of Vale,1995-08-21,1,32,Landmark story milestone.
1290,106,521,Convergence of Morgan,2005-03-11,0.12,80,Double-sized anniversary issue.
1291,100,501,Reckoning of Nash,1985-02-24,0.5,40,Reprints classic story with new framing pages.
1292,219,534,Fallen of Fox,2002-11-28,1.25,28,Landmark story milestone.
1293,228,506,Chaos of Voss,2007-05-23,0.25,40,Landmark story milestone.
1294,182,763,Revelation of Voss,1960-02-04,1.5,32,Double-sized anniversary issue.
1295,172,465,Resurgence of Voss,1980-03-11,1.5,24,Direct edition only; no newsstand version.
1296,52,534,Eclipse of Stone,2023-10-25,0.12,24,High print run; common in collections.
1297,71,386,Revelation of Stone,2021-08-09,1,64,Controversial issue banned in three states.
1298,249,752,Oblivion of Burns,2018-02-05,0.25,36,Landmark story milestone.
1299,265,741,Uprising of Morgan,2020-11-24,2.99,28,Contains bonus pin-up gallery.
1300,286,728,Convergence of Drake,2015-09-05,2.99,40,Reprints classic story with new framing pages.
1301,195,654,Inferno of Stark,1995-01-22,0.35,40,High print run; common in collections.
1302,150,502,Nemesis of Price,2017-10-04,1.95,80,Contains bonus pin-up gallery.
1303,152,225,Rising of Burns,1963-08-30,2.99,64,Part of a crossover event.
1304,127,436,Rising of Cross,2022-11-09,3.99,44,Landmark story milestone.
1305,178,408,Fallen of Stark,2006-07-12,4.99,100,Direct edition only; no newsstand version.
1306,121,298,Chaos of Cole,1990-04-20,0.5,48,Key first appearance issue.
1307,288,331,Chaos of Flynn,2024-08-15,2.99,48,Contains bonus pin-up gallery.
1308,218,267,Dawn of Holt,2022-06-21,4.99,36,Part of a crossover event.
1309,24,459,Legacy of Vale,1969-09-23,0.35,80,High print run; common in collections.
1310,57,626,Eclipse of Steele,2023-07-06,0.1,24,Direct edition only; no newsstand version.
1311,47,722,Eclipse of Nash,1980-05-17,0.15,24,Double-sized anniversary issue.
1312,108,549,Uprising of Cross,1950-01-11,2.5,36,Low distribution; considered scarce.
1313,83,340,Legacy of Stone,2019-02-05,0.75,24,Key first appearance issue.
1314,11,105,Resurgence of Ward,2011-11-27,4.99,24,Controversial issue banned in three states.
1315,145,25,Revelation of Vale,2018-05-19,0.12,40,Landmark story milestone.
1316,194,411,Fallen of Holt,2008-09-12,0.15,28,Landmark story milestone.
1317,259,721,Legacy of Morgan,2023-03-13,0.1,80,Reprints classic story with new framing pages.
1318,78,754,Reborn of Ward,1948-02-22,0.5,100,Low distribution; considered scarce.
1319,166,525,Reckoning of Burns,2017-02-21,1,64,High print run; common in collections.
1320,52,672,Reborn of Stark,2013-12-04,2.5,40,Direct edition only; no newsstand version.
1321,48,417,Descent of Holt,1983-12-21,4.99,40,Double-sized anniversary issue.
1322,260,392,Reckoning of Stark,1997-12-11,2.5,44,Double-sized anniversary issue.
1323,56,230,Reborn of Morgan,1960-07-15,2.5,36,Contains bonus pin-up gallery.
1324,190,577,Rising of Burns,2023-05-07,1.5,32,Landmark story milestone.
1325,49,174,Uprising of Stark,1995-02-28,0.75,28,Controversial issue banned in three states.
1326,207,485,Resurgence of Hunt,2020-08-27,0.75,24,Contains bonus pin-up gallery.
1327,130,319,Eclipse of Steele,2015-03-28,0.12,44,Reprints classic story with new framing pages.
1328,209,275,Uprising of Grant,1966-07-02,4.99,80,Contains bonus pin-up gallery.
1329,161,330,Fracture of Stark,2000-02-24,0.15,28,Direct edition only; no newsstand version.
1330,40,131,Reckoning of Cross,1947-02-09,0.2,32,High print run; common in collections.
1331,225,40,Legacy of Stark,1978-02-06,0.35,80,Contains bonus pin-up gallery.
1332,72,409,Reckoning of Burns,1978-10-03,0.2,48,Low distribution; considered scarce.
1333,139,331,Shattered of Nash,2013-06-09,0.35,32,Low distribution; considered scarce.
1334,268,629,Inferno of Cole,1990-04-17,1,64,Contains bonus pin-up gallery.
1335,108,765,Fallen of Cross,1949-11-07,4.99,24,Part of a crossover event.
1336,214,154,Oblivion of Voss,1940-01-05,0.1,40,High print run; common in collections.
1337,103,97,Descent of Fox,1957-10-13,1.5,28,Key first appearance issue.
1338,240,161,Shadows of Nash,2023-05-02,0.75,44,Key first appearance issue.
1339,99,292,Legacy of Hunt,1973-08-20,1.25,44,Reprints classic story with new framing pages.
1340,207,575,Descent of Stone,2004-06-05,0.15,100,Controversial issue banned in three states.
1341,53,222,Chaos of Cross,2015-10-11,1,100,Landmark story milestone.
1342,65,602,Nemesis of Flynn,2000-11-10,1,100,Contains bonus pin-up gallery.
1343,108,3,Revelation of Stone,1948-12-10,0.15,100,Controversial issue banned in three states.
1344,74,487,Reckoning of Flynn,2017-11-06,0.15,24,Controversial issue banned in three states.
1345,262,451,Legacy of Stark,2015-06-03,1.5,40,Double-sized anniversary issue.
1346,61,574,Nemesis of Ward,1983-05-27,2.5,64,Part of a crossover event.
1347,160,325,Resurgence of Voss,1953-06-18,0.5,32,Low distribution; considered scarce.
1348,74,574,Fracture of Stark,2020-11-25,1,28,Double-sized anniversary issue.
1349,223,183,Reckoning of Nash,1968-10-23,3.99,44,Direct edition only; no newsstand version.
1350,110,392,Inferno of Cross,2015-02-22,0.1,36,Contains bonus pin-up gallery.
1351,185,200,Reckoning of Hunt,1998-11-25,1.25,44,Landmark story milestone.
1352,189,515,Reckoning of Price,2020-11-05,1,24,Low distribution; considered scarce.
1353,246,45,Chaos of Holt,2000-11-12,0.12,100,Key first appearance issue.
1354,242,648,Fracture of Stark,2023-04-03,0.35,64,Double-sized anniversary issue.
1355,54,379,Reckoning of Price,1991-09-18,0.25,32,Controversial issue banned in three states.
1356,43,123,Dawn of Fox,2005-08-22,0.12,44,Landmark story milestone.
1357,279,199,Shattered of Morgan,1960-03-23,1.5,44,Controversial issue banned in three states.
1358,188,15,Nemesis of Crane,2002-04-28,0.12,28,High print run; common in collections.
1359,257,747,Chaos of Voss,1993-04-23,0.35,64,Key first appearance issue.
1360,142,204,Resurgence of Crane,2007-08-26,0.35,24,Low distribution; considered scarce.
1361,141,360,Rising of Flynn,1995-02-23,3.99,100,Landmark story milestone.
1362,290,475,Shadows of Kane,2006-11-12,0.15,32,Landmark story milestone.
1363,96,606,Reckoning of Cross,2011-03-30,0.1,36,Part of a crossover event.
1364,236,742,Revelation of Burns,1965-04-17,0.5,32,Low distribution; considered scarce.
1365,28,723,Vendetta of Cross,1998-01-06,1,32,Reprints classic story with new framing pages.
1366,162,232,Uprising of Holt,1961-04-14,0.5,32,Low distribution; considered scarce.
1367,133,271,Shadows of Stark,2005-12-06,1.95,100,Part of a crossover event.
1368,179,536,Fracture of Cross,2019-10-16,0.12,100,Direct edition only; no newsstand version.
1369,80,583,Uprising of Crane,2023-02-17,1.95,40,High print run; common in collections.
1370,176,565,Chaos of Voss,2012-10-28,0.5,40,High print run; common in collections.
1371,240,33,Rising of Cole,2021-06-18,0.35,64,Controversial issue banned in three states.
1372,240,331,Inferno of Hunt,2023-04-16,2.5,100,Key first appearance issue.
1373,166,645,Inferno of Morgan,1988-05-20,0.35,48,Contains bonus pin-up gallery.
1374,172,664,Rising of Cross,1981-07-21,1.95,40,Controversial issue banned in three states.
1375,240,191,Reckoning of Fox,2023-01-24,3.99,100,Reprints classic story with new framing pages.
1376,223,485,Revelation of Holt,1969-12-16,1.95,100,Part of a crossover event.
1377,248,308,Dawn of Vale,2014-07-02,0.2,48,Direct edition only; no newsstand version.
1378,138,411,Reborn of Morgan,1996-10-23,0.35,80,Controversial issue banned in three states.
1379,154,715,Resurgence of Stone,2017-10-09,0.25,32,Part of a crossover event.
1380,28,93,Vendetta of Steele,2024-07-11,1.95,64,Direct edition only; no newsstand version.
1381,85,1,Fallen of Stone,2016-08-29,0.35,40,Low distribution; considered scarce.
1382,42,242,Uprising of Crane,2019-01-27,0.15,36,Controversial issue banned in three states.
1383,285,6,Oblivion of Cross,1981-10-15,1.95,28,Contains bonus pin-up gallery.
1384,282,716,Uprising of Stark,1993-09-04,2.5,64,High print run; common in collections.
1385,50,132,Eclipse of Steele,1972-10-09,2.5,44,Low distribution; considered scarce.
1386,218,404,Descent of Voss,2024-09-11,1.95,64,Reprints classic story with new framing pages.
1387,14,624,Convergence of Vale,1992-12-21,1.95,44,Part of a crossover event.
1388,257,2,Shattered of Price,2008-06-18,2.5,28,High print run; common in collections.
1389,71,193,Dawn of Stone,2013-11-08,1.25,48,Landmark story milestone.
1390,174,670,Convergence of Crane,2017-01-28,0.25,40,Low distribution; considered scarce.
1391,199,36,Chaos of Crane,1959-10-13,0.35,32,Direct edition only; no newsstand version.
1392,265,109,Fracture of Voss,2018-11-04,1.95,28,Direct edition only; no newsstand version.
1393,7,327,Fallen of Hunt,1956-08-10,2.5,64,Key first appearance issue.
1394,249,687,Nemesis of Crane,2023-05-02,0.12,40,Direct edition only; no newsstand version.
1395,133,619,Fracture of Cole,2002-04-20,1.95,64,Part of a crossover event.
1396,274,374,Rising of Cross,2012-11-24,2.99,80,Direct edition only; no newsstand version.
1397,41,8,Eclipse of Hunt,1995-09-30,1,36,Double-sized anniversary issue.
1398,233,50,Fracture of Burns,2018-06-09,0.12,28,Contains bonus pin-up gallery.
1399,236,52,Shattered of Nash,1990-12-08,1,48,Part of a crossover event.
1400,152,25,Descent of Holt,2023-10-18,0.35,40,Part of a crossover event.
1401,214,458,Eclipse of Burns,1938-03-13,0.12,100,Landmark story milestone.
1402,183,545,Nemesis of Vale,1943-10-27,0.35,28,Double-sized anniversary issue.
1403,49,745,Fallen of Stark,1975-08-28,2.99,40,Part of a crossover event.
1404,235,633,Revelation of Cole,2019-06-15,3.99,24,Landmark story milestone.
1405,168,40,Fallen of Price,1983-09-21,0.2,48,Double-sized anniversary issue.
1406,41,653,Vendetta of Crane,2004-02-26,2.5,24,Controversial issue banned in three states.
1407,132,669,Shadows of Crane,2007-09-27,0.2,36,Reprints classic story with new framing pages.
1408,134,631,Resurgence of Grant,2009-08-07,0.75,24,Part of a crossover event.
1409,294,221,Legacy of Holt,2015-04-22,0.35,40,Double-sized anniversary issue.
1410,24,409,Convergence of Burns,1971-05-23,1,24,Direct edition only; no newsstand version.
1411,107,425,Fallen of Holt,1989-06-03,1,64,Reprints classic story with new framing pages.
1412,163,227,Revelation of Morgan,1952-02-02,1.5,36,Landmark story milestone.
1413,148,472,Reborn of Crane,2011-05-02,1.5,80,Direct edition only; no newsstand version.
1414,244,13,Eclipse of Flynn,2022-01-06,1.5,44,Contains bonus pin-up gallery.
1415,78,761,Oblivion of Stone,1956-05-12,0.35,48,Low distribution; considered scarce.
1416,207,677,Reborn of Voss,1994-06-13,4.99,80,Part of a crossover event.
1417,43,766,Resurgence of Nash,1986-08-15,1.25,40,Part of a crossover event.
1418,232,479,Reckoning of Steele,2001-07-07,0.35,100,Part of a crossover event.
1419,290,426,Reckoning of Burns,1995-09-06,4.99,36,Direct edition only; no newsstand version.
1420,276,388,Shattered of Kane,1971-12-15,0.2,48,High print run; common in collections.
1421,109,585,Vendetta of Cross,2018-03-30,0.35,48,Double-sized anniversary issue.
1422,210,770,Uprising of Crane,1973-08-01,1,44,Part of a crossover event.
1423,55,704,Eclipse of Cole,2000-08-04,2.5,36,Direct edition only; no newsstand version.
1424,254,476,Vendetta of Fox,2018-12-13,0.35,32,Direct edition only; no newsstand version.
1425,148,546,Eclipse of Fox,1984-02-24,0.35,28,Direct edition only; no newsstand version.
1426,298,429,Legacy of Crane,1957-04-29,0.5,24,Reprints classic story with new framing pages.
1427,115,625,Shattered of Cole,1959-06-07,0.15,100,Reprints classic story with new framing pages.
1428,210,333,Shattered of Vale,1944-01-19,0.35,100,Contains bonus pin-up gallery.
1429,47,24,Shattered of Ward,1978-01-28,0.5,32,Contains bonus pin-up gallery.
1430,189,180,Oblivion of Stone,2020-09-07,1.5,32,Low distribution; considered scarce.
1431,34,212,Reborn of Fox,1955-05-07,3.99,36,Reprints classic story with new framing pages.
1432,228,182,Fracture of Cole,1998-11-07,0.2,100,Part of a crossover event.
1433,82,474,Shadows of Morgan,1962-12-20,0.12,48,Double-sized anniversary issue.
1434,241,73,Legacy of Holt,2022-04-28,0.2,100,Double-sized anniversary issue.
1435,13,493,Dawn of Burns,2011-05-05,2.5,24,Part of a crossover event.
1436,205,645,Fracture of Crane,2010-09-27,0.2,28,Controversial issue banned in three states.
1437,135,772,Rising of Cross,2023-07-03,1.95,48,Part of a crossover event.
1438,73,495,Uprising of Holt,1965-11-26,0.2,44,Landmark story milestone.
1439,235,727,Oblivion of Vale,2024-03-02,1,44,Low distribution; considered scarce.
1440,228,462,Chaos of Hunt,2002-10-31,1,100,Key first appearance issue.
1441,72,535,Vendetta of Morgan,1966-08-22,0.75,44,Reprints classic story with new framing pages.
1442,186,315,Convergence of Hunt,2001-01-23,1.25,64,Contains bonus pin-up gallery.
1443,151,762,Fallen of Steele,1970-06-19,1.25,48,Low distribution; considered scarce.
1444,117,217,Reborn of Burns,2014-04-25,0.25,100,Key first appearance issue.
1445,133,739,Resurgence of Cole,2005-01-31,2.5,64,Reprints classic story with new framing pages.
1446,88,660,Fallen of Hunt,2005-09-20,1.5,80,Part of a crossover event.
1447,194,664,Convergence of Cole,2004-11-19,4.99,32,Contains bonus pin-up gallery.
1448,195,685,Shadows of Flynn,1975-04-12,0.75,40,High print run; common in collections.
1449,115,285,Shattered of Kane,1960-06-19,0.5,44,Contains bonus pin-up gallery.
1450,236,654,Reckoning of Cole,2009-01-31,0.75,36,Part of a crossover event.
1451,17,642,Rising of Flynn,1974-11-16,0.15,40,Double-sized anniversary issue.
1452,274,760,Descent of Voss,2011-06-30,0.12,64,Reprints classic story with new framing pages.
1453,268,251,Chaos of Cross,1990-10-12,0.75,36,Contains bonus pin-up gallery.
1454,91,624,Chaos of Grant,2018-06-14,1,28,High print run; common in collections.
1455,33,536,Vendetta of Drake,1981-09-29,0.5,36,High print run; common in collections.
1456,300,489,Fracture of Kane,2021-08-18,0.12,44,Landmark story milestone.
1457,101,120,Fracture of Voss,2017-06-15,4.99,36,Landmark story milestone.
1458,278,221,Shattered of Stark,1977-03-21,1.25,100,Key first appearance issue.
1459,298,115,Fracture of Stone,1954-10-27,3.99,24,Low distribution; considered scarce.
1460,209,278,Oblivion of Cross,2019-12-14,1.5,80,Contains bonus pin-up gallery.
1461,264,661,Vendetta of Holt,2019-05-14,0.75,44,Low distribution; considered scarce.
1462,288,317,Fracture of Kane,2012-07-26,0.35,64,Key first appearance issue.
1463,164,482,Oblivion of Cross,2010-06-06,0.35,28,Direct edition only; no newsstand version.
1464,156,454,Eclipse of Grant,1953-06-26,0.35,36,Landmark story milestone.
1465,119,315,Resurgence of Burns,2002-10-13,1.5,80,Contains bonus pin-up gallery.
1466,53,308,Shattered of Stone,2013-09-18,0.25,44,Controversial issue banned in three states.
1467,99,406,Convergence of Cross,2017-10-04,0.35,44,Double-sized anniversary issue.
1468,243,799,Chaos of Vale,1990-05-09,1,64,Low distribution; considered scarce.
1469,190,314,Eclipse of Nash,2019-08-17,1.5,64,Low distribution; considered scarce.
1470,218,403,Legacy of Morgan,2024-04-26,2.5,24,Direct edition only; no newsstand version.
1471,182,144,Fracture of Holt,2010-12-09,0.1,36,High print run; common in collections.
1472,132,383,Reckoning of Flynn,1969-06-12,2.99,48,Part of a crossover event.
1473,286,221,Shattered of Cole,2015-06-22,3.99,40,Landmark story milestone.
1474,39,165,Eclipse of Stark,1999-10-25,4.99,24,Direct edition only; no newsstand version.
1475,250,287,Shattered of Hunt,1986-10-20,2.5,24,Landmark story milestone.
1476,29,283,Descent of Nash,1948-12-02,3.99,40,Landmark story milestone.
1477,242,768,Shadows of Flynn,2002-01-09,2.99,32,Controversial issue banned in three states.
1478,154,205,Descent of Voss,2016-10-01,3.99,36,Part of a crossover event.
1479,294,782,Chaos of Grant,2016-02-17,1.25,24,Controversial issue banned in three states.
1480,35,729,Eclipse of Nash,2010-12-03,3.99,36,Controversial issue banned in three states.
1481,165,234,Fracture of Nash,1981-08-17,1.5,36,Low distribution; considered scarce.
1482,131,144,Rising of Crane,1980-01-15,2.99,48,Contains bonus pin-up gallery.
1483,25,62,Resurgence of Nash,2001-05-28,0.1,100,Direct edition only; no newsstand version.
1484,17,335,Descent of Stark,1979-08-15,1.25,100,Part of a crossover event.
1485,35,579,Shadows of Grant,2007-06-04,0.2,80,Controversial issue banned in three states.
1486,263,588,Fracture of Price,1972-11-14,0.5,28,Direct edition only; no newsstand version.
1487,142,463,Fallen of Flynn,2004-06-12,0.15,32,Reprints classic story with new framing pages.
1488,174,541,Legacy of Morgan,2017-04-09,2.5,100,Low distribution; considered scarce.
1489,4,400,Reckoning of Morgan,1974-10-01,0.75,44,Direct edition only; no newsstand version.
1490,78,229,Reborn of Flynn,1951-10-22,3.99,36,Reprints classic story with new framing pages.
1491,182,591,Fallen of Stone,2017-02-19,0.25,36,Low distribution; considered scarce.
1492,93,27,Descent of Price,2020-07-25,0.12,32,Double-sized anniversary issue.
1493,179,336,Eclipse of Vale,1994-02-08,0.5,36,Low distribution; considered scarce.
1494,84,278,Revelation of Stone,1959-10-04,1.95,24,Controversial issue banned in three states.
1495,226,385,Reckoning of Fox,1961-07-10,0.5,48,Key first appearance issue.
1496,229,409,Uprising of Stone,1983-11-02,2.5,100,Landmark story milestone.
1497,48,519,Reborn of Cole,1981-11-08,0.2,32,High print run; common in collections.
1498,62,759,Shattered of Nash,1944-05-15,1.5,48,High print run; common in collections.
1499,108,520,Inferno of Stark,1948-07-04,1,80,Landmark story milestone.
1500,234,8,Nemesis of Crane,1990-02-03,2.5,28,Part of a crossover event.
1501,185,67,Legacy of Burns,1996-06-23,0.75,28,Direct edition only; no newsstand version.
1502,242,282,Eclipse of Drake,1996-09-16,0.25,36,Controversial issue banned in three states.
1503,290,132,Resurgence of Steele,1986-03-17,0.25,64,Key first appearance issue.
1504,32,758,Vendetta of Nash,1954-09-15,2.99,32,Direct edition only; no newsstand version.
1505,89,532,Fallen of Cross,2015-12-24,1.95,28,Controversial issue banned in three states.
1506,16,209,Vendetta of Ward,1971-07-31,1.95,40,Reprints classic story with new framing pages.
1507,165,27,Eclipse of Morgan,1979-02-28,4.99,24,Controversial issue banned in three states.
1508,209,553,Nemesis of Price,1970-03-04,0.35,32,Landmark story milestone.
1509,8,229,Shadows of Crane,2018-10-27,0.15,28,Contains bonus pin-up gallery.
1510,238,550,Fracture of Steele,1953-08-28,0.1,40,Contains bonus pin-up gallery.
1511,241,132,Eclipse of Grant,2020-11-18,1.95,100,Landmark story milestone.
1512,245,767,Reborn of Stone,2001-02-08,0.25,36,Double-sized anniversary issue.
1513,67,231,Shadows of Kane,2013-08-07,2.5,40,Reprints classic story with new framing pages.
1514,54,232,Chaos of Cross,2001-03-16,1.25,44,Contains bonus pin-up gallery.
1515,267,592,Chaos of Steele,1954-10-19,1.5,48,Part of a crossover event.
1516,75,755,Dawn of Ward,1996-12-27,0.12,36,Controversial issue banned in three states.
1517,8,650,Dawn of Vale,2014-03-17,0.35,48,Part of a crossover event.
1518,6,493,Oblivion of Nash,1995-10-31,0.5,100,Direct edition only; no newsstand version.
1519,232,465,Shattered of Holt,1960-04-10,3.99,28,Low distribution; considered scarce.
1520,264,346,Convergence of Holt,2020-07-26,1.5,64,Double-sized anniversary issue.
1521,234,99,Eclipse of Cole,1993-09-20,1,28,Part of a crossover event.
1522,219,27,Descent of Steele,2020-08-15,0.2,36,Contains bonus pin-up gallery.
1523,57,564,Vendetta of Steele,2001-05-24,1.95,40,Contains bonus pin-up gallery.
1524,224,85,Resurgence of Cross,2016-10-26,2.5,80,High print run; common in collections.
1525,73,795,Reckoning of Stone,1964-12-13,1.95,80,Reprints classic story with new framing pages.
1526,78,538,Dawn of Grant,1957-11-25,1.95,80,High print run; common in collections.
1527,272,384,Convergence of Kane,1994-06-25,0.35,100,High print run; common in collections.
1528,78,208,Chaos of Drake,1955-07-06,2.5,40,Direct edition only; no newsstand version.
1529,268,488,Fracture of Flynn,1992-09-21,0.25,40,Key first appearance issue.
1530,39,726,Descent of Burns,2000-07-19,0.5,100,Reprints classic story with new framing pages.
1531,35,774,Legacy of Steele,2007-05-02,0.25,64,Controversial issue banned in three states.
1532,125,164,Legacy of Ward,1983-07-21,0.5,36,Part of a crossover event.
1533,37,283,Fallen of Ward,1981-02-24,0.2,100,Controversial issue banned in three states.
1534,106,146,Chaos of Flynn,2003-12-22,0.1,28,Double-sized anniversary issue.
1535,160,106,Shattered of Stark,1953-06-20,0.75,64,Low distribution; considered scarce.
1536,64,158,Shadows of Flynn,2022-05-20,1,24,Direct edition only; no newsstand version.
1537,131,642,Fracture of Crane,1984-01-23,0.35,64,Low distribution; considered scarce.
1538,116,106,Shadows of Price,1958-11-12,1.95,36,Contains bonus pin-up gallery.
1539,222,59,Rising of Holt,2007-12-01,1,40,Double-sized anniversary issue.
1540,169,683,Chaos of Nash,2010-10-28,0.15,24,Landmark story milestone.
1541,249,600,Oblivion of Vale,2018-09-21,2.99,40,Landmark story milestone.
1542,250,622,Reborn of Ward,1990-04-15,2.5,24,Reprints classic story with new framing pages.
1543,56,659,Rising of Hunt,1961-04-24,0.2,28,High print run; common in collections.
1544,185,689,Shattered of Crane,1999-07-05,2.5,24,Part of a crossover event.
1545,226,588,Resurgence of Drake,1976-08-31,2.5,48,Key first appearance issue.
1546,111,186,Reckoning of Flynn,1970-05-11,0.2,40,Direct edition only; no newsstand version.
1547,15,260,Inferno of Nash,2019-03-30,1.95,36,Low distribution; considered scarce.
1548,229,333,Fracture of Holt,1975-01-27,0.35,36,Double-sized anniversary issue.
1549,281,330,Nemesis of Nash,2020-07-16,0.35,64,Landmark story milestone.
1550,171,632,Descent of Vale,2016-11-21,1.5,40,Landmark story milestone.
1551,47,416,Eclipse of Price,1979-08-02,4.99,32,Direct edition only; no newsstand version.
1552,104,725,Oblivion of Nash,2011-12-09,1.5,64,Part of a crossover event.
1553,82,331,Reckoning of Kane,1956-02-14,0.5,100,Low distribution; considered scarce.
1554,260,775,Descent of Grant,2002-07-29,0.35,48,Reprints classic story with new framing pages.
1555,39,96,Shadows of Price,1995-10-27,2.5,40,Controversial issue banned in three states.
1556,175,363,Nemesis of Steele,1977-12-22,2.5,28,Low distribution; considered scarce.
1557,292,332,Revelation of Fox,1993-09-08,0.12,36,Double-sized anniversary issue.
1558,80,27,Oblivion of Vale,2011-04-13,0.75,36,High print run; common in collections.
1559,226,149,Reckoning of Burns,1965-09-08,0.75,24,Reprints classic story with new framing pages.
1560,248,425,Descent of Grant,2014-12-03,0.5,48,Controversial issue banned in three states.
1561,266,410,Reborn of Ward,1964-01-22,1,44,Low distribution; considered scarce.
1562,221,374,Revelation of Flynn,1985-01-28,1.95,28,Controversial issue banned in three states.
1563,165,253,Descent of Hunt,1982-12-09,0.25,28,Double-sized anniversary issue.
1564,244,322,Rising of Price,2021-01-06,0.75,44,Double-sized anniversary issue.
1565,115,276,Reborn of Drake,1988-09-28,3.99,100,Contains bonus pin-up gallery.
1566,255,447,Shadows of Cross,1950-08-17,0.1,80,Contains bonus pin-up gallery.
1567,287,59,Inferno of Stark,1959-08-03,0.25,28,Part of a crossover event.
1568,34,283,Reborn of Holt,1963-01-23,0.1,100,Contains bonus pin-up gallery.
1569,221,406,Uprising of Fox,1983-10-01,1.25,80,Low distribution; considered scarce.
1570,170,584,Resurgence of Crane,1950-04-22,0.25,80,Reprints classic story with new framing pages.
1571,162,625,Dawn of Nash,1952-02-25,0.2,28,Reprints classic story with new framing pages.
1572,33,424,Convergence of Stone,1983-12-21,0.75,100,Controversial issue banned in three states.
1573,93,665,Oblivion of Kane,2020-03-01,1.5,28,Landmark story milestone.
1574,207,718,Nemesis of Crane,2018-10-01,2.5,64,Controversial issue banned in three states.
1575,176,99,Vendetta of Nash,2011-01-10,0.35,48,Low distribution; considered scarce.
1576,256,189,Chaos of Ward,1970-02-21,0.5,36,Part of a crossover event.
1577,42,463,Rising of Cole,2020-10-23,1,24,Reprints classic story with new framing pages.
1578,32,61,Inferno of Kane,1962-06-30,0.35,24,Double-sized anniversary issue.
1579,7,335,Nemesis of Burns,1953-02-08,0.1,100,Reprints classic story with new framing pages.
1580,192,177,Uprising of Price,1988-07-22,4.99,32,Double-sized anniversary issue.
1581,112,100,Fallen of Price,1977-12-22,1.95,100,Controversial issue banned in three states.
1582,226,520,Fallen of Fox,1963-12-18,0.1,100,Key first appearance issue.
1583,276,124,Vendetta of Burns,1988-12-03,0.2,44,Controversial issue banned in three states.
1584,266,103,Oblivion of Stone,1945-07-05,0.25,100,Part of a crossover event.
1585,233,459,Rising of Grant,2018-03-07,0.15,44,High print run; common in collections.
1586,188,246,Oblivion of Stone,1968-09-06,2.5,24,Part of a crossover event.
1587,31,676,Reborn of Kane,2021-10-10,0.15,44,Double-sized anniversary issue.
1588,289,720,Descent of Cole,2002-11-25,2.5,80,High print run; common in collections.
1589,145,139,Fracture of Stone,2018-08-05,1.25,48,Direct edition only; no newsstand version.
1590,223,85,Oblivion of Morgan,1969-06-16,4.99,28,Part of a crossover event.
1591,288,625,Nemesis of Burns,2011-09-19,4.99,40,Key first appearance issue.
1592,271,43,Uprising of Voss,1953-08-30,1.25,100,Reprints classic story with new framing pages.
1593,278,657,Eclipse of Drake,1967-11-21,0.1,24,Low distribution; considered scarce.
1594,198,361,Descent of Drake,1964-11-20,2.99,80,Double-sized anniversary issue.
1595,92,380,Dawn of Stone,1988-08-22,0.2,64,Controversial issue banned in three states.
1596,114,328,Shadows of Stone,1978-12-24,4.99,36,Reprints classic story with new framing pages.
1597,8,391,Uprising of Kane,2012-01-06,1.25,24,High print run; common in collections.
1598,170,400,Revelation of Nash,1949-12-29,2.5,24,Controversial issue banned in three states.
1599,73,637,Chaos of Crane,1966-01-16,1.25,36,Low distribution; considered scarce.
1600,210,11,Legacy of Crane,2003-12-06,2.5,40,High print run; common in collections.
1601,250,615,Reckoning of Ward,1986-11-04,0.12,64,Controversial issue banned in three states.
1602,115,653,Rising of Kane,1953-04-29,0.35,64,Landmark story milestone.
1603,94,336,Convergence of Holt,2010-01-08,2.5,40,Double-sized anniversary issue.
1604,147,584,Chaos of Kane,1955-05-22,0.2,48,High print run; common in collections.
1605,45,510,Uprising of Steele,2020-10-08,0.12,64,Contains bonus pin-up gallery.
1606,56,235,Dawn of Ward,1958-08-17,0.35,28,Landmark story milestone.
1607,124,631,Inferno of Fox,1950-10-12,0.25,64,Reprints classic story with new framing pages.
1608,22,786,Uprising of Stone,1980-08-04,1.5,24,Reprints classic story with new framing pages.
1609,8,350,Chaos of Cross,2014-06-05,1.95,64,High print run; common in collections.
1610,29,390,Fallen of Burns,1949-03-12,0.15,36,Controversial issue banned in three states.
1611,100,674,Fracture of Morgan,1992-07-14,3.99,28,High print run; common in collections.
1612,271,571,Convergence of Steele,1950-08-13,1.5,24,Landmark story milestone.
1613,34,531,Descent of Morgan,1959-08-07,0.35,44,Part of a crossover event.
1614,20,107,Revelation of Morgan,1944-06-08,2.5,24,Reprints classic story with new framing pages.
1615,30,397,Reborn of Kane,2021-04-01,0.75,24,Reprints classic story with new framing pages.
1616,280,21,Oblivion of Hunt,2001-04-26,2.5,40,Reprints classic story with new framing pages.
1617,199,767,Revelation of Stark,1959-02-01,1,44,Contains bonus pin-up gallery.
1618,246,157,Fracture of Grant,2024-03-29,1.95,36,Controversial issue banned in three states.
1619,147,398,Chaos of Cross,1952-11-29,1.95,24,Direct edition only; no newsstand version.
1620,154,44,Fracture of Crane,1997-06-17,0.75,48,Controversial issue banned in three states.
1621,181,416,Legacy of Crane,1985-05-02,3.99,64,Contains bonus pin-up gallery.
1622,199,373,Eclipse of Flynn,1959-05-26,2.5,32,Double-sized anniversary issue.
1623,106,223,Uprising of Hunt,2001-10-04,0.5,100,Part of a crossover event.
1624,238,783,Legacy of Nash,1955-02-24,1.25,36,Direct edition only; no newsstand version.
1625,73,112,Descent of Fox,1976-02-04,1.25,100,Direct edition only; no newsstand version.
1626,27,223,Eclipse of Grant,1989-06-22,0.35,48,Double-sized anniversary issue.
1627,222,454,Reckoning of Stone,1997-02-02,2.5,100,Controversial issue banned in three states.
1628,140,697,Reborn of Steele,1994-05-14,2.5,100,High print run; common in collections.
1629,78,325,Fracture of Vale,1955-03-24,0.25,64,Part of a crossover event.
1630,272,644,Dawn of Kane,2019-12-26,0.15,28,Key first appearance issue.
1631,5,340,Shadows of Flynn,1961-09-25,1.95,36,Controversial issue banned in three states.
1632,110,68,Inferno of Price,2016-06-13,1.5,100,Contains bonus pin-up gallery.
1633,244,721,Convergence of Burns,2012-03-10,1.25,28,Double-sized anniversary issue.
1634,82,156,Convergence of Crane,2021-10-25,0.2,80,Reprints classic story with new framing pages.
1635,210,576,Descent of Stark,1956-03-14,1,36,Landmark story milestone.
1636,76,100,Dawn of Steele,1992-12-16,2.5,64,Direct edition only; no newsstand version.
1637,245,786,Reckoning of Hunt,1986-08-24,1.95,64,Reprints classic story with new framing pages.
1638,293,459,Reckoning of Stark,2014-01-14,1.95,44,Landmark story milestone.
1639,190,182,Fallen of Price,2018-10-10,1.25,48,Controversial issue banned in three states.
1640,57,650,Eclipse of Burns,2004-11-03,0.15,44,Reprints classic story with new framing pages.
1641,254,637,Reborn of Crane,1985-09-19,0.35,44,Low distribution; considered scarce.
1642,99,287,Resurgence of Morgan,1995-01-23,4.99,44,Controversial issue banned in three states.
1643,27,245,Vendetta of Holt,1999-07-26,3.99,48,Part of a crossover event.
1644,21,768,Fracture of Voss,2021-01-22,1.5,80,Key first appearance issue.
1645,67,11,Reborn of Morgan,2018-12-31,1.25,48,High print run; common in collections.
1646,241,398,Dawn of Holt,2022-04-06,2.5,44,Part of a crossover event.
1647,263,417,Eclipse of Steele,2003-02-01,1.95,40,Double-sized anniversary issue.
1648,99,289,Chaos of Voss,1992-11-08,3.99,28,Part of a crossover event.
1649,261,24,Fallen of Kane,1955-07-19,0.75,28,Controversial issue banned in three states.
1650,192,158,Reborn of Vale,1988-06-16,0.15,28,Key first appearance issue.
1651,7,633,Shadows of Steele,1960-08-26,3.99,44,Landmark story milestone.
1652,63,722,Fallen of Stone,1995-07-10,0.15,32,Landmark story milestone.
1653,47,444,Revelation of Stone,1976-01-08,0.12,28,Direct edition only; no newsstand version.
1654,165,543,Uprising of Stark,1982-07-04,0.5,64,Reprints classic story with new framing pages.
1655,96,295,Reborn of Drake,2018-01-18,3.99,32,Double-sized anniversary issue.
1656,4,181,Uprising of Holt,1973-03-23,0.25,80,Reprints classic story with new framing pages.
1657,97,720,Shadows of Stone,1963-10-13,0.35,44,High print run; common in collections.
1658,84,651,Reborn of Burns,1959-06-05,2.99,80,Low distribution; considered scarce.
1659,112,257,Inferno of Vale,1985-04-07,0.1,40,Low distribution; considered scarce.
1660,83,64,Shadows of Stark,2017-05-13,1.95,24,Reprints classic story with new framing pages.
1661,221,691,Fracture of Morgan,1983-06-13,0.15,44,Reprints classic story with new framing pages.
1662,186,583,Chaos of Flynn,1990-12-15,3.99,44,Contains bonus pin-up gallery.
1663,190,308,Oblivion of Flynn,2023-08-09,0.5,36,Reprints classic story with new framing pages.
1664,88,708,Inferno of Crane,1998-12-16,3.99,64,Part of a crossover event.
1665,207,476,Fracture of Steele,2013-10-19,0.25,48,Direct edition only; no newsstand version.
1666,13,325,Nemesis of Steele,1984-07-04,2.5,44,Key first appearance issue.
1667,223,155,Reborn of Cross,1964-11-16,0.5,28,Key first appearance issue.
1668,201,154,Chaos of Flynn,2015-08-05,0.5,24,Contains bonus pin-up gallery.
1669,201,311,Descent of Holt,2008-07-20,0.75,36,Contains bonus pin-up gallery.
1670,256,446,Convergence of Stark,2000-10-31,0.12,44,Landmark story milestone.
1671,35,723,Oblivion of Price,2008-10-24,1.25,32,High print run; common in collections.
1672,266,222,Legacy of Stark,1960-03-03,0.1,40,Controversial issue banned in three states.
1673,174,319,Shattered of Crane,2017-10-07,0.2,100,Controversial issue banned in three states.
1674,272,350,Inferno of Steele,1999-08-24,1.95,100,Contains bonus pin-up gallery.
1675,33,458,Inferno of Crane,1981-02-06,0.75,36,Part of a crossover event.
1676,120,650,Oblivion of Holt,1989-01-04,1.5,100,Part of a crossover event.
1677,100,330,Reborn of Vale,1987-11-08,0.75,36,Contains bonus pin-up gallery.
1678,289,20,Eclipse of Cole,2000-07-15,0.2,48,Controversial issue banned in three states.
1679,165,542,Oblivion of Fox,1979-06-16,1,28,Contains bonus pin-up gallery.
1680,200,198,Chaos of Steele,2024-09-29,1.95,24,Contains bonus pin-up gallery.
1681,127,649,Reckoning of Flynn,2013-01-03,1.95,100,Contains bonus pin-up gallery.
1682,288,280,Eclipse of Stark,1996-07-22,1.5,100,Double-sized anniversary issue.
1683,103,662,Uprising of Price,1959-03-30,0.2,40,Key first appearance issue.
1684,100,517,Vendetta of Vale,1996-09-28,2.5,48,Key first appearance issue.
1685,153,210,Fallen of Burns,1970-12-05,0.1,24,Direct edition only; no newsstand version.
1686,41,477,Fallen of Fox,2005-07-15,2.5,80,Controversial issue banned in three states.
1687,228,322,Rising of Holt,2022-01-08,3.99,40,High print run; common in collections.
1688,233,167,Reborn of Steele,2017-08-06,1.5,24,Landmark story milestone.
1689,27,566,Oblivion of Nash,1992-04-28,0.25,44,Direct edition only; no newsstand version.
1690,282,644,Legacy of Flynn,1977-02-21,2.5,32,Part of a crossover event.
1691,18,290,Eclipse of Hunt,2021-03-21,0.12,80,Key first appearance issue.
1692,68,66,Shadows of Steele,1992-07-23,0.25,28,Double-sized anniversary issue.
1693,84,95,Inferno of Nash,1957-08-20,1.5,28,Direct edition only; no newsstand version.
1694,176,505,Nemesis of Grant,2010-05-23,0.12,80,Direct edition only; no newsstand version.
1695,203,562,Shadows of Stone,2000-12-14,3.99,32,Landmark story milestone.
1696,134,246,Dawn of Grant,2006-03-14,0.1,24,High print run; common in collections.
1697,246,44,Revelation of Vale,1984-11-25,0.25,32,Double-sized anniversary issue.
1698,164,397,Nemesis of Morgan,2006-03-30,1.25,64,Key first appearance issue.
1699,213,70,Dawn of Stone,2020-03-02,0.12,36,High print run; common in collections.
1700,299,8,Inferno of Voss,1974-10-03,1.95,80,Controversial issue banned in three states.
1701,204,156,Descent of Morgan,1989-10-10,1.25,40,Double-sized anniversary issue.
1702,192,398,Convergence of Stone,1998-06-17,1,44,High print run; common in collections.
1703,168,403,Rising of Burns,1978-09-05,3.99,24,Contains bonus pin-up gallery.
1704,263,210,Convergence of Kane,2001-05-25,0.12,48,Landmark story milestone.
1705,106,778,Reborn of Burns,2001-03-30,0.5,100,Low distribution; considered scarce.
1706,185,56,Revelation of Hunt,1998-03-15,1,36,Double-sized anniversary issue.
1707,13,13,Uprising of Cross,1999-10-20,1.5,36,Contains bonus pin-up gallery.
1708,199,469,Nemesis of Price,1956-05-05,0.35,64,Contains bonus pin-up gallery.
1709,288,293,Revelation of Voss,2016-10-07,0.2,24,Key first appearance issue.
1710,26,12,Chaos of Morgan,2019-10-22,1.25,64,Direct edition only; no newsstand version.
1711,291,100,Dawn of Nash,1960-02-27,0.5,36,Direct edition only; no newsstand version.
1712,191,287,Legacy of Morgan,2005-05-31,1.25,24,Landmark story milestone.
1713,155,270,Fracture of Stone,1995-08-04,0.2,24,Contains bonus pin-up gallery.
1714,90,116,Shadows of Vale,1977-08-24,3.99,100,Double-sized anniversary issue.
1715,140,24,Reborn of Stark,1989-01-11,0.15,32,High print run; common in collections.
1716,34,695,Nemesis of Morgan,1959-06-17,0.12,64,Direct edition only; no newsstand version.
1717,239,180,Reckoning of Hunt,2019-08-17,0.12,28,Low distribution; considered scarce.
1718,145,208,Chaos of Morgan,2020-05-16,1,36,High print run; common in collections.
1719,230,666,Dawn of Hunt,1960-01-16,2.99,80,Contains bonus pin-up gallery.
1720,119,294,Inferno of Voss,1999-01-23,1.95,64,Contains bonus pin-up gallery.
1721,279,383,Inferno of Grant,1957-09-04,0.25,44,Part of a crossover event.
1722,209,595,Nemesis of Nash,1981-08-10,3.99,44,Low distribution; considered scarce.
1723,76,692,Descent of Crane,1995-03-09,1.95,48,Landmark story milestone.
1724,130,341,Inferno of Fox,2009-02-01,3.99,80,Controversial issue banned in three states.
1725,22,519,Fallen of Price,1973-05-29,1.5,80,Controversial issue banned in three states.
1726,294,211,Nemesis of Voss,2011-07-26,2.99,28,Double-sized anniversary issue.
1727,279,533,Rising of Hunt,1954-12-10,0.1,40,Double-sized anniversary issue.
1728,85,701,Eclipse of Stark,2006-03-04,0.2,44,Part of a crossover event.
1729,281,536,Nemesis of Vale,2014-11-10,1.95,48,Landmark story milestone.
1730,116,660,Fracture of Steele,1960-03-08,0.5,24,Double-sized anniversary issue.
1731,56,148,Shadows of Burns,1960-10-11,0.75,48,Low distribution; considered scarce.
1732,108,654,Rising of Stone,1951-01-14,0.1,24,Key first appearance issue.
1733,152,213,Convergence of Voss,1965-11-11,0.15,40,Contains bonus pin-up gallery.
1734,61,367,Nemesis of Morgan,1987-06-19,1.25,44,Direct edition only; no newsstand version.
1735,192,312,Legacy of Price,1991-09-04,4.99,100,Reprints classic story with new framing pages.
1736,22,33,Oblivion of Flynn,1980-01-16,1.95,24,Low distribution; considered scarce.
1737,243,771,Descent of Kane,1989-08-10,2.99,100,Reprints classic story with new framing pages.
1738,180,28,Nemesis of Drake,2020-12-27,4.99,28,Contains bonus pin-up gallery.
1739,130,85,Revelation of Kane,2008-01-25,3.99,48,Part of a crossover event.
1740,124,481,Dawn of Flynn,1954-07-16,1.25,80,Contains bonus pin-up gallery.
1741,111,421,Rising of Morgan,1970-11-18,0.25,100,Key first appearance issue.
1742,260,71,Resurgence of Cross,2015-11-15,3.99,40,Reprints classic story with new framing pages.
1743,199,670,Dawn of Holt,1961-01-06,0.2,80,Contains bonus pin-up gallery.
1744,90,301,Convergence of Drake,1997-04-07,1.25,100,Part of a crossover event.
1745,219,704,Fallen of Voss,1972-11-02,0.5,64,Contains bonus pin-up gallery.
1746,128,397,Convergence of Ward,1973-04-04,0.12,40,Controversial issue banned in three states.
1747,115,700,Reborn of Stark,1977-07-05,0.75,64,Landmark story milestone.
1748,52,143,Fallen of Price,2011-09-09,0.1,64,Contains bonus pin-up gallery.
1749,188,441,Reckoning of Cole,2018-09-14,1.95,80,Landmark story milestone.
1750,215,35,Chaos of Crane,1989-08-28,2.99,28,Landmark story milestone.
1751,45,681,Inferno of Stark,1994-07-29,2.5,80,High print run; common in collections.
1752,71,25,Convergence of Voss,1979-11-10,0.35,36,Contains bonus pin-up gallery.
1753,280,571,Chaos of Stark,2014-09-30,0.15,32,Reprints classic story with new framing pages.
1754,212,574,Dawn of Vale,1954-05-24,0.5,32,Low distribution; considered scarce.
1755,69,12,Inferno of Drake,1970-05-20,0.1,28,Double-sized anniversary issue.
1756,137,544,Reckoning of Burns,1952-04-14,0.25,44,High print run; common in collections.
1757,246,219,Uprising of Stark,2018-12-10,4.99,64,High print run; common in collections.
1758,51,398,Descent of Grant,2012-11-13,0.15,32,Controversial issue banned in three states.
1759,262,779,Shadows of Stark,1956-01-17,0.15,100,Controversial issue banned in three states.
1760,127,772,Legacy of Nash,2022-01-22,0.75,40,Direct edition only; no newsstand version.
1761,31,44,Eclipse of Ward,2020-09-07,0.1,36,Part of a crossover event.
1762,201,621,Revelation of Steele,2015-02-02,4.99,100,Double-sized anniversary issue.
1763,209,774,Convergence of Vale,2023-12-17,1.25,64,Landmark story milestone.
1764,222,32,Legacy of Voss,2015-11-28,0.15,32,Key first appearance issue.
1765,190,403,Chaos of Fox,2021-02-10,1.5,40,Double-sized anniversary issue.
1766,168,482,Resurgence of Stark,1980-10-27,2.5,100,Double-sized anniversary issue.
1767,294,481,Eclipse of Voss,2011-07-17,4.99,44,Double-sized anniversary issue.
1768,265,647,Shadows of Holt,1999-04-19,1,40,Low distribution; considered scarce.
1769,263,321,Eclipse of Vale,1985-06-10,0.5,44,Low distribution; considered scarce.
1770,99,344,Resurgence of Crane,2023-01-30,1,40,Reprints classic story with new framing pages.
1771,218,787,Shattered of Steele,2020-02-11,1.25,36,Part of a crossover event.
1772,278,329,Uprising of Fox,1976-05-26,0.35,28,Low distribution; considered scarce.
1773,127,613,Eclipse of Cross,2012-08-12,4.99,44,High print run; common in collections.
1774,201,735,Chaos of Hunt,2015-11-12,3.99,80,Part of a crossover event.
1775,75,621,Shadows of Holt,1982-06-05,0.2,48,Double-sized anniversary issue.
1776,202,69,Uprising of Holt,2017-01-07,4.99,64,Double-sized anniversary issue.
1777,299,524,Reborn of Crane,1973-07-21,0.5,40,Key first appearance issue.
1778,219,502,Shattered of Kane,2019-05-08,4.99,48,Direct edition only; no newsstand version.
1779,161,144,Convergence of Kane,1989-09-18,1.95,24,Key first appearance issue.
1780,36,111,Descent of Grant,1977-06-11,1,32,Landmark story milestone.
1781,217,41,Reborn of Drake,1961-05-19,0.1,28,Part of a crossover event.
1782,142,441,Revelation of Vale,2000-05-17,0.75,100,Reprints classic story with new framing pages.
1783,293,566,Inferno of Vale,2014-12-28,0.25,24,Double-sized anniversary issue.
1784,300,781,Revelation of Cross,2020-11-20,2.5,36,Double-sized anniversary issue.
1785,9,94,Reborn of Price,1970-08-06,1,64,Landmark story milestone.
1786,49,417,Revelation of Vale,1981-01-16,3.99,100,Controversial issue banned in three states.
1787,89,287,Rising of Morgan,2016-03-27,0.75,40,Direct edition only; no newsstand version.
1788,297,615,Nemesis of Fox,1949-08-27,0.5,36,Landmark story milestone.
1789,42,730,Fracture of Fox,2021-08-01,0.25,48,Reprints classic story with new framing pages.
1790,195,555,Chaos of Stone,1976-01-25,4.99,48,Double-sized anniversary issue.
1791,176,22,Oblivion of Cole,2011-10-22,2.5,64,Reprints classic story with new framing pages.
1792,106,148,Shadows of Price,2003-03-08,2.5,32,Direct edition only; no newsstand version.
1793,107,322,Inferno of Ward,1993-11-21,1,36,Low distribution; considered scarce.
1794,119,615,Oblivion of Morgan,2006-07-06,0.75,28,Contains bonus pin-up gallery.
1795,12,586,Inferno of Nash,1996-06-11,2.5,24,Contains bonus pin-up gallery.
1796,224,457,Legacy of Voss,2024-06-25,2.99,40,Part of a crossover event.
1797,118,376,Chaos of Stark,1979-01-27,0.35,32,High print run; common in collections.
1798,300,530,Shattered of Cole,2021-10-22,0.5,24,Direct edition only; no newsstand version.
1799,187,779,Revelation of Voss,1963-01-29,0.35,28,Reprints classic story with new framing pages.
1800,284,257,Shadows of Cole,2016-02-21,1,64,Controversial issue banned in three states.
1801,151,447,Chaos of Cross,1970-03-06,0.75,48,Low distribution; considered scarce.
1802,86,69,Revelation of Voss,2021-05-08,0.12,100,Controversial issue banned in three states.
1803,148,482,Legacy of Cross,2008-07-30,0.75,24,High print run; common in collections.
1804,40,792,Rising of Holt,1945-05-18,0.35,80,Landmark story milestone.
1805,237,780,Inferno of Cross,2022-02-07,0.25,80,Controversial issue banned in three states.
1806,126,9,Eclipse of Cross,1983-10-29,1,80,Key first appearance issue.
1807,257,59,Nemesis of Steele,2001-04-25,0.35,24,Contains bonus pin-up gallery.
1808,80,248,Shattered of Nash,2004-12-07,1,64,High print run; common in collections.
1809,233,728,Rising of Vale,2016-12-24,0.35,100,Key first appearance issue.
1810,35,140,Reckoning of Burns,2009-02-11,3.99,80,Contains bonus pin-up gallery.
1811,203,555,Nemesis of Cole,2018-09-08,3.99,80,Part of a crossover event.
1812,296,770,Chaos of Cole,2022-07-18,2.99,32,Double-sized anniversary issue.
1813,256,38,Uprising of Voss,1973-04-29,1.95,40,Landmark story milestone.
1814,212,385,Vendetta of Nash,1978-04-28,0.1,44,Contains bonus pin-up gallery.
1815,102,17,Uprising of Crane,1973-06-01,0.25,64,Reprints classic story with new framing pages.
1816,72,406,Revelation of Steele,1973-07-18,0.1,36,Contains bonus pin-up gallery.
1817,130,409,Fracture of Fox,2016-12-01,1.95,36,Contains bonus pin-up gallery.
1818,67,53,Revelation of Steele,2016-08-30,0.2,40,Part of a crossover event.
1819,28,477,Nemesis of Crane,1996-09-22,0.15,100,Low distribution; considered scarce.
1820,182,565,Oblivion of Drake,1998-12-26,4.99,28,Part of a crossover event.
1821,170,318,Resurgence of Cross,1950-02-01,0.1,28,Controversial issue banned in three states.
1822,288,62,Reckoning of Cole,2002-02-04,0.5,80,Part of a crossover event.
1823,13,414,Eclipse of Price,2012-03-22,3.99,44,Reprints classic story with new framing pages.
1824,168,377,Dawn of Cole,1979-10-13,0.2,64,Contains bonus pin-up gallery.
1825,222,38,Descent of Hunt,2012-01-21,0.15,32,Direct edition only; no newsstand version.
1826,170,732,Fracture of Holt,1952-09-14,0.25,32,High print run; common in collections.
1827,48,283,Nemesis of Vale,1991-03-22,0.12,24,Low distribution; considered scarce.
1828,7,200,Legacy of Hunt,1955-12-26,0.5,48,Controversial issue banned in three states.
1829,219,582,Chaos of Stone,2012-01-29,0.1,28,Controversial issue banned in three states.
1830,20,745,Oblivion of Voss,1949-11-29,0.75,64,Controversial issue banned in three states.
1831,253,82,Fracture of Flynn,1978-07-24,1.95,64,Low distribution; considered scarce.
1832,296,562,Eclipse of Flynn,2024-04-06,0.25,100,Double-sized anniversary issue.
1833,143,609,Revelation of Vale,1991-07-10,0.1,48,Contains bonus pin-up gallery.
1834,140,522,Vendetta of Stark,1989-09-06,2.5,24,Reprints classic story with new framing pages.
1835,154,110,Fallen of Grant,2002-07-23,0.75,36,High print run; common in collections.
1836,238,101,Descent of Cole,1950-09-20,1.95,48,Direct edition only; no newsstand version.
1837,215,307,Shadows of Vale,1988-11-09,0.35,100,Contains bonus pin-up gallery.
1838,34,322,Dawn of Crane,1963-09-10,2.5,48,Controversial issue banned in three states.
1839,213,32,Eclipse of Nash,2019-04-23,0.2,40,High print run; common in collections.
1840,250,406,Reborn of Stone,1989-07-07,2.5,48,High print run; common in collections.
1841,147,626,Convergence of Flynn,1954-06-16,0.35,100,Part of a crossover event.
1842,193,104,Shadows of Voss,2005-09-19,0.1,32,Double-sized anniversary issue.
1843,220,95,Fallen of Drake,1999-01-18,0.1,64,Controversial issue banned in three states.
1844,17,299,Inferno of Nash,1962-12-27,0.15,24,Controversial issue banned in three states.
1845,159,103,Dawn of Hunt,1963-05-28,0.15,24,Reprints classic story with new framing pages.
1846,1,175,Nemesis of Stark,1990-04-01,0.2,40,Reprints classic story with new framing pages.
1847,150,539,Shadows of Price,2023-08-10,1.25,32,Landmark story milestone.
1848,237,267,Convergence of Cole,2022-05-26,0.2,64,Reprints classic story with new framing pages.
1849,115,291,Dawn of Ward,2008-10-25,1.5,32,Contains bonus pin-up gallery.
1850,232,522,Vendetta of Burns,1973-03-09,2.5,48,High print run; common in collections.
1851,159,335,Uprising of Vale,1970-12-10,3.99,32,Controversial issue banned in three states.
1852,19,61,Reborn of Kane,1973-10-12,0.25,28,Contains bonus pin-up gallery.
1853,65,741,Shadows of Burns,1967-05-26,1.5,44,Reprints classic story with new framing pages.
1854,123,446,Legacy of Kane,2007-03-16,1.25,36,Contains bonus pin-up gallery.
1855,18,161,Nemesis of Stone,2018-01-31,1.95,28,Key first appearance issue.
1856,17,399,Convergence of Stark,1968-04-24,3.99,48,Part of a crossover event.
1857,231,335,Legacy of Flynn,1980-12-17,0.35,24,Controversial issue banned in three states.
1858,129,96,Oblivion of Flynn,1992-08-26,0.25,24,Controversial issue banned in three states.
1859,123,619,Oblivion of Holt,2010-01-01,0.5,32,Direct edition only; no newsstand version.
1860,20,647,Inferno of Flynn,1938-06-01,1.95,44,Key first appearance issue.
1861,54,791,Resurgence of Stone,2011-08-29,0.5,32,Part of a crossover event.
1862,259,544,Nemesis of Cole,2013-02-18,0.5,48,Key first appearance issue.
1863,233,552,Fracture of Drake,2017-08-17,1.25,44,Key first appearance issue.
1864,209,643,Shadows of Stark,2018-11-14,2.99,64,Reprints classic story with new framing pages.
1865,293,323,Reborn of Vale,2014-08-03,3.99,40,Low distribution; considered scarce.
1866,20,685,Reborn of Holt,1948-04-17,2.5,40,Key first appearance issue.
1867,272,42,Revelation of Fox,1997-04-13,0.75,48,Key first appearance issue.
1868,221,78,Chaos of Grant,1983-04-08,2.99,24,Double-sized anniversary issue.
1869,157,680,Dawn of Stark,2021-09-06,0.5,80,Double-sized anniversary issue.
1870,148,241,Nemesis of Grant,1989-03-13,1.5,32,Double-sized anniversary issue.
1871,103,702,Legacy of Voss,1950-02-28,1.5,36,Contains bonus pin-up gallery.
1872,11,133,Chaos of Cross,2007-02-12,1.25,40,Direct edition only; no newsstand version.
1873,83,209,Convergence of Nash,2019-05-24,0.2,40,Low distribution; considered scarce.
1874,278,562,Shadows of Voss,1979-07-06,0.25,28,Key first appearance issue.
1875,123,798,Chaos of Cross,1969-12-02,0.2,64,Part of a crossover event.
1876,63,785,Descent of Fox,2015-06-14,0.2,64,Reprints classic story with new framing pages.
1877,143,86,Inferno of Voss,1991-05-28,1.95,32,Direct edition only; no newsstand version.
1878,97,257,Reckoning of Price,1973-03-26,0.15,28,Controversial issue banned in three states.
1879,75,165,Resurgence of Grant,1986-05-06,0.5,64,Part of a crossover event.
1880,16,399,Legacy of Kane,1969-10-25,2.5,36,Controversial issue banned in three states.
1881,98,653,Oblivion of Hunt,2022-12-06,0.15,36,Contains bonus pin-up gallery.
1882,286,397,Eclipse of Nash,2021-04-08,0.5,24,Key first appearance issue.
1883,232,4,Reborn of Nash,1957-11-16,0.1,44,Part of a crossover event.
1884,213,8,Eclipse of Fox,2022-05-29,0.15,32,Landmark story milestone.
1885,267,785,Rising of Hunt,1955-04-19,0.25,64,Contains bonus pin-up gallery.
1886,284,744,Eclipse of Kane,2017-07-18,0.12,44,High print run; common in collections.
1887,160,436,Vendetta of Drake,1953-07-03,0.2,24,Low distribution; considered scarce.
1888,71,389,Fallen of Holt,1992-03-04,1.5,48,Landmark story milestone.
1889,272,77,Oblivion of Burns,2003-04-27,1.25,48,Key first appearance issue.
1890,14,336,Convergence of Voss,1994-05-24,0.25,80,Reprints classic story with new framing pages.
1891,52,117,Rising of Holt,2016-02-17,1.5,44,Landmark story milestone.
1892,94,218,Reborn of Voss,2010-06-18,0.75,24,Low distribution; considered scarce.
1893,160,773,Descent of Voss,1953-07-17,1.25,80,Low distribution; considered scarce.
1894,52,771,Dawn of Burns,2017-01-19,2.99,28,Part of a crossover event.
1895,138,54,Fallen of Voss,2011-06-28,0.2,100,Key first appearance issue.
1896,55,489,Dawn of Stark,2020-12-21,1.95,48,Double-sized anniversary issue.
1897,55,163,Reborn of Grant,1964-09-17,0.75,28,Part of a crossover event.
1898,87,665,Reborn of Kane,1985-08-11,0.1,64,High print run; common in collections.
1899,65,756,Resurgence of Vale,1969-03-12,2.99,24,Double-sized anniversary issue.
1900,140,748,Uprising of Stark,1992-06-20,0.75,24,Direct edition only; no newsstand version.
1901,109,683,Nemesis of Stone,2023-11-17,1.25,44,Controversial issue banned in three states.
1902,208,422,Reborn of Burns,1996-12-31,1,36,Reprints classic story with new framing pages.
1903,64,262,Shattered of Stark,2020-11-06,0.1,28,Direct edition only; no newsstand version.
1904,98,708,Fallen of Hunt,2014-09-04,0.35,100,Landmark story milestone.
1905,128,729,Dawn of Vale,1978-12-11,0.75,24,Landmark story milestone.
1906,203,224,Chaos of Kane,1999-12-19,0.1,36,Landmark story milestone.
1907,8,110,Eclipse of Stone,2020-04-09,3.99,32,Controversial issue banned in three states.
1908,64,333,Legacy of Ward,2018-07-17,1,64,High print run; common in collections.
1909,75,399,Inferno of Stone,1980-04-10,0.75,64,Contains bonus pin-up gallery.
1910,141,51,Chaos of Morgan,1989-08-16,2.99,64,Controversial issue banned in three states.
1911,32,767,Fracture of Cole,1951-05-04,1.25,36,Direct edition only; no newsstand version.
1912,57,145,Vendetta of Holt,2008-11-18,0.35,48,Key first appearance issue.
1913,243,67,Reborn of Fox,1992-11-17,1.95,40,High print run; common in collections.
1914,231,705,Chaos of Stark,1984-01-05,2.5,40,Controversial issue banned in three states.
1915,246,449,Fallen of Morgan,1992-11-22,0.75,64,Direct edition only; no newsstand version.
1916,113,522,Fallen of Kane,1991-07-02,1,44,Double-sized anniversary issue.
1917,131,279,Resurgence of Burns,1983-06-08,2.5,24,Landmark story milestone.
1918,291,248,Vendetta of Holt,1957-10-22,0.75,80,Reprints classic story with new framing pages.
1919,295,188,Oblivion of Cole,1944-12-21,0.1,32,Key first appearance issue.
1920,168,430,Reborn of Flynn,1991-11-05,0.1,64,High print run; common in collections.
1921,96,751,Vendetta of Crane,2001-11-13,1,40,Reprints classic story with new framing pages.
1922,103,412,Shattered of Hunt,1957-01-19,1.95,28,Direct edition only; no newsstand version.
1923,242,201,Revelation of Flynn,2024-01-07,0.12,44,Part of a crossover event.
1924,242,546,Eclipse of Stark,2006-10-26,0.75,48,Double-sized anniversary issue.
1925,9,106,Reborn of Steele,1968-09-16,0.75,48,Key first appearance issue.
1926,105,423,Descent of Voss,2021-08-14,0.2,80,Contains bonus pin-up gallery.
1927,70,756,Uprising of Stone,1956-11-25,1.95,28,Key first appearance issue.
1928,132,602,Legacy of Kane,1944-01-19,1,100,Contains bonus pin-up gallery.
1929,108,349,Revelation of Price,1948-07-10,0.2,28,Low distribution; considered scarce.
1930,275,780,Revelation of Drake,2022-06-10,4.99,40,Double-sized anniversary issue.
1931,86,502,Uprising of Crane,1998-04-15,1.5,28,Landmark story milestone.
1932,258,235,Reborn of Holt,1992-01-27,0.1,48,Part of a crossover event.
1933,183,570,Convergence of Morgan,1953-02-22,0.2,100,Key first appearance issue.
1934,141,177,Convergence of Vale,1978-08-21,0.12,32,High print run; common in collections.
1935,108,136,Vendetta of Fox,1949-02-08,0.12,64,High print run; common in collections.
1936,69,121,Uprising of Nash,1966-05-09,1.25,48,Controversial issue banned in three states.
1937,33,163,Oblivion of Ward,1985-09-04,0.1,32,Part of a crossover event.
1938,18,180,Legacy of Kane,2019-12-24,0.15,32,High print run; common in collections.
1939,38,426,Rising of Crane,1970-10-17,0.75,32,Low distribution; considered scarce.
1940,267,569,Resurgence of Hunt,1957-01-02,1.5,64,Controversial issue banned in three states.
1941,273,581,Uprising of Fox,1998-04-04,2.99,32,Reprints classic story with new framing pages.
1942,228,324,Chaos of Price,2000-07-10,0.5,24,High print run; common in collections.
1943,208,385,Descent of Fox,1970-07-07,0.15,100,Landmark story milestone.
1944,65,236,Descent of Kane,1958-10-29,4.99,48,Reprints classic story with new framing pages.
1945,70,531,Convergence of Grant,1949-05-15,0.75,32,High print run; common in collections.
1946,26,622,Descent of Voss,2017-11-07,0.75,80,Double-sized anniversary issue.
1947,43,538,Descent of Voss,1998-06-04,1,40,Part of a crossover event.
1948,282,183,Dawn of Crane,1982-02-09,4.99,36,Controversial issue banned in three states.
1949,113,652,Shadows of Cole,2004-09-09,0.25,100,Contains bonus pin-up gallery.
1950,37,739,Descent of Voss,1989-12-08,1.5,64,Controversial issue banned in three states.
1951,142,346,Reckoning of Drake,2013-01-01,0.1,24,Key first appearance issue.
1952,16,331,Convergence of Hunt,1966-12-09,0.15,28,High print run; common in collections.
1953,247,450,Descent of Nash,1959-05-29,0.12,100,Key first appearance issue.
1954,77,321,Nemesis of Kane,2014-12-04,1.25,40,Low distribution; considered scarce.
1955,82,559,Fallen of Price,1948-08-18,4.99,40,Contains bonus pin-up gallery.
1956,268,155,Convergence of Burns,1988-11-09,0.12,44,Direct edition only; no newsstand version.
1957,241,520,Legacy of Fox,2018-06-15,0.1,24,Reprints classic story with new framing pages.
1958,26,678,Chaos of Vale,2015-01-06,2.5,44,Part of a crossover event.
1959,46,742,Resurgence of Holt,1966-02-09,0.25,48,Direct edition only; no newsstand version.
1960,289,242,Legacy of Steele,1992-10-04,1,80,High print run; common in collections.
1961,165,678,Dawn of Nash,1981-01-26,1.25,32,Reprints classic story with new framing pages.
1962,193,566,Dawn of Stark,2003-11-18,0.12,48,High print run; common in collections.
1963,124,617,Shattered of Grant,1950-03-15,3.99,100,Part of a crossover event.
1964,9,190,Fallen of Voss,1978-10-17,0.12,40,Key first appearance issue.
1965,63,259,Resurgence of Kane,2010-07-28,0.1,40,Low distribution; considered scarce.
1966,91,486,Oblivion of Vale,2024-02-21,0.5,48,High print run; common in collections.
1967,271,66,Nemesis of Holt,1952-08-19,0.75,32,Landmark story milestone.
1968,73,634,Vendetta of Cross,1972-12-11,1.25,48,Low distribution; considered scarce.
1969,82,249,Legacy of Steele,1942-11-10,1.95,80,Direct edition only; no newsstand version.
1970,110,318,Chaos of Voss,2014-03-03,3.99,24,Direct edition only; no newsstand version.
1971,150,400,Convergence of Nash,2024-05-01,1.95,40,Key first appearance issue.
1972,96,235,Inferno of Flynn,2015-02-03,0.35,40,High print run; common in collections.
1973,12,482,Nemesis of Burns,1982-10-18,2.99,40,Low distribution; considered scarce.
1974,263,544,Resurgence of Morgan,2016-08-25,0.75,28,Part of a crossover event.
1975,124,715,Resurgence of Cole,1953-06-22,0.35,40,Part of a crossover event.
1976,69,625,Dawn of Flynn,1971-03-23,0.12,40,Key first appearance issue.
1977,150,210,Uprising of Stone,2006-09-17,1.95,36,Double-sized anniversary issue.
1978,132,323,Rising of Ward,1995-09-03,0.75,32,Landmark story milestone.
1979,47,729,Shattered of Fox,1976-07-12,3.99,28,Double-sized anniversary issue.
1980,25,204,Revelation of Hunt,2008-05-29,0.15,36,Contains bonus pin-up gallery.
1981,111,415,Eclipse of Vale,1965-07-05,0.12,48,Key first appearance issue.
1982,40,769,Shattered of Cole,1945-06-21,4.99,44,Direct edition only; no newsstand version.
1983,49,513,Legacy of Grant,1990-09-17,0.1,24,Controversial issue banned in three states.
1984,107,28,Reckoning of Hunt,2007-05-27,0.2,44,Direct edition only; no newsstand version.
1985,58,612,Resurgence of Morgan,1991-06-23,0.75,48,Part of a crossover event.
1986,242,720,Oblivion of Holt,2024-07-25,1.25,100,Landmark story milestone.
1987,213,636,Uprising of Ward,2014-01-13,1.95,100,Part of a crossover event.
1988,69,79,Vendetta of Price,1966-08-26,0.15,28,Double-sized anniversary issue.
1989,295,112,Descent of Burns,1943-08-11,0.75,36,Direct edition only; no newsstand version.
1990,272,352,Reckoning of Hunt,2008-05-30,0.25,48,High print run; common in collections.
1991,88,741,Convergence of Stone,2016-04-12,0.25,28,High print run; common in collections.
1992,232,344,Eclipse of Crane,1965-09-03,0.15,28,Low distribution; considered scarce.
1993,19,134,Resurgence of Grant,1978-08-05,2.99,24,Part of a crossover event.
1994,11,244,Oblivion of Ward,2009-10-14,2.99,48,Key first appearance issue.
1995,266,120,Fallen of Crane,1942-04-22,0.1,24,High print run; common in collections.
1996,29,209,Inferno of Ward,1949-12-01,2.5,100,Landmark story milestone.
1997,14,158,Fracture of Voss,1996-08-30,1.5,36,Landmark story milestone.
1998,90,261,Eclipse of Nash,1986-10-22,0.12,48,Double-sized anniversary issue.
1999,282,447,Reborn of Kane,1984-03-23,4.99,64,Direct edition only; no newsstand version.
2000,288,147,Shattered of Stone,2018-11-23,1,40,Key first appearance issue.
2001,60,312,Descent of Morgan,1962-09-18,3.99,36,Part of a crossover event.
2002,153,489,Descent of Cole,1970-08-30,0.25,48,Key first appearance issue.
2003,109,661,Inferno of Price,2019-08-16,0.2,24,Landmark story milestone.
2004,190,708,Reckoning of Price,2023-01-24,0.12,80,Part of a crossover event.
2005,290,725,Shadows of Burns,1999-01-11,1.25,100,Controversial issue banned in three states.
2006,9,262,Reborn of Cross,1977-02-28,2.5,100,Reprints classic story with new framing pages.
2007,216,640,Reborn of Ward,2014-10-11,1.25,80,Reprints classic story with new framing pages.
2008,234,535,Vendetta of Steele,1990-07-03,1.95,100,Direct edition only; no newsstand version.
2009,292,151,Eclipse of Hunt,2001-02-18,0.2,40,Key first appearance issue.
2010,257,318,Reborn of Price,2009-11-26,0.5,32,High print run; common in collections.
2011,56,800,Revelation of Burns,1959-01-14,0.25,48,Direct edition only; no newsstand version.
2012,289,57,Legacy of Price,2002-07-23,0.1,80,Contains bonus pin-up gallery.
2013,80,656,Rising of Fox,2016-11-07,2.99,24,Contains bonus pin-up gallery.
2014,90,317,Descent of Vale,1986-09-08,0.75,44,Reprints classic story with new framing pages.
2015,186,533,Fallen of Grant,1998-12-11,0.1,40,Key first appearance issue.
2016,177,680,Rising of Steele,2003-04-13,2.99,44,Key first appearance issue.
2017,282,416,Reborn of Nash,1982-08-09,0.25,48,Low distribution; considered scarce.
2018,48,587,Nemesis of Nash,1991-02-26,2.99,28,High print run; common in collections.
2019,8,494,Legacy of Kane,2023-08-08,0.25,36,Double-sized anniversary issue.
2020,161,769,Rising of Holt,2009-03-21,0.5,40,Direct edition only; no newsstand version.
2021,278,247,Reborn of Burns,1967-05-05,1,24,Key first appearance issue.
2022,85,771,Revelation of Morgan,2017-06-17,0.1,80,Direct edition only; no newsstand version.
2023,201,399,Shadows of Drake,2024-11-08,0.2,48,Double-sized anniversary issue.
2024,104,84,Uprising of Price,2007-09-07,1.5,24,Key first appearance issue.
2025,34,541,Dawn of Price,1959-03-17,1,28,Low distribution; considered scarce.
2026,38,330,Dawn of Fox,2023-03-09,2.99,32,Double-sized anniversary issue.
2027,101,454,Legacy of Steele,2022-02-16,0.12,44,High print run; common in collections.
2028,144,18,Oblivion of Fox,1952-02-12,3.99,100,Low distribution; considered scarce.
2029,201,60,Fracture of Steele,2008-08-22,2.5,48,Controversial issue banned in three states.
2030,71,20,Descent of Voss,1999-11-30,4.99,64,Direct edition only; no newsstand version.
2031,25,579,Shattered of Voss,1968-06-10,1,24,Direct edition only; no newsstand version.
2032,269,547,Chaos of Voss,2011-02-17,0.5,36,High print run; common in collections.
2033,233,92,Fallen of Flynn,2017-04-20,1.95,32,High print run; common in collections.
2034,177,112,Fracture of Grant,2003-01-02,0.15,64,Key first appearance issue.
2035,105,169,Rising of Voss,2023-10-06,0.35,24,Direct edition only; no newsstand version.
2036,58,769,Legacy of Vale,1999-08-20,1.5,32,Contains bonus pin-up gallery.
2037,254,588,Inferno of Ward,2009-07-01,0.2,36,High print run; common in collections.
2038,230,684,Descent of Burns,1961-08-31,1.25,40,Reprints classic story with new framing pages.
2039,26,173,Reborn of Flynn,2019-01-26,0.12,32,Direct edition only; no newsstand version.
2040,151,45,Rising of Crane,1978-06-12,1,40,Key first appearance issue.
2041,122,210,Chaos of Kane,1984-07-11,2.5,64,Double-sized anniversary issue.
2042,56,475,Oblivion of Cole,1958-10-18,0.35,32,Landmark story milestone.
2043,8,655,Shadows of Stark,2014-08-15,0.35,28,High print run; common in collections.
2044,134,430,Convergence of Hunt,2019-04-20,1.5,64,Reprints classic story with new framing pages.
2045,225,777,Legacy of Vale,1983-06-29,0.75,28,Double-sized anniversary issue.
2046,91,698,Eclipse of Crane,2024-02-05,0.1,44,High print run; common in collections.
2047,294,461,Reckoning of Stark,2018-06-01,2.99,48,Landmark story milestone.
2048,233,717,Dawn of Ward,2018-09-06,4.99,36,Direct edition only; no newsstand version.
2049,266,16,Inferno of Morgan,1944-07-28,2.5,80,Controversial issue banned in three states.
2050,44,176,Convergence of Vale,2006-02-11,1.95,44,Controversial issue banned in three states.
2051,45,696,Inferno of Morgan,2006-04-16,1.5,80,Contains bonus pin-up gallery.
2052,54,415,Reborn of Steele,2001-11-19,0.15,80,Controversial issue banned in three states.
2053,38,143,Eclipse of Hunt,2008-03-12,2.5,64,Reprints classic story with new framing pages.
2054,21,605,Descent of Holt,2024-04-02,0.75,48,Reprints classic story with new framing pages.
2055,278,560,Reckoning of Cross,1970-06-23,0.25,24,Part of a crossover event.
2056,18,709,Revelation of Grant,2020-10-14,2.99,100,Low distribution; considered scarce.
2057,260,664,Fallen of Burns,2002-03-08,1.5,100,Double-sized anniversary issue.
2058,284,68,Shadows of Burns,2017-10-06,1.95,64,Double-sized anniversary issue.
2059,260,770,Dawn of Fox,2017-01-28,0.15,44,Controversial issue banned in three states.
2060,121,412,Fracture of Ward,2013-05-27,4.99,36,Double-sized anniversary issue.
2061,96,631,Fracture of Holt,1998-03-06,2.5,28,Reprints classic story with new framing pages.
2062,33,643,Fracture of Stark,1985-01-13,4.99,48,Double-sized anniversary issue.
2063,77,589,Legacy of Cole,2020-12-26,4.99,32,Controversial issue banned in three states.
2064,164,591,Uprising of Stark,2010-07-30,0.12,80,Part of a crossover event.
2065,269,409,Convergence of Vale,1996-01-06,1.95,24,Low distribution; considered scarce.
2066,16,774,Nemesis of Ward,1970-01-16,1.5,64,Reprints classic story with new framing pages.
2067,20,690,Rising of Cross,1939-05-17,1,80,Controversial issue banned in three states.
2068,176,275,Chaos of Cross,2012-02-07,2.5,64,Reprints classic story with new framing pages.
2069,202,144,Inferno of Price,2018-02-06,1.25,32,High print run; common in collections.
2070,69,758,Reborn of Holt,1971-12-22,2.5,36,High print run; common in collections.
2071,280,106,Eclipse of Ward,2023-09-08,0.35,40,Landmark story milestone.
2072,168,546,Eclipse of Stark,1975-05-16,0.35,44,Direct edition only; no newsstand version.
2073,86,176,Nemesis of Hunt,2023-10-25,0.75,36,Part of a crossover event.
2074,272,703,Inferno of Kane,2014-04-09,0.75,80,Landmark story milestone.
2075,287,401,Inferno of Nash,1960-12-09,0.1,64,Double-sized anniversary issue.
2076,135,573,Eclipse of Morgan,2021-05-02,1.5,64,Low distribution; considered scarce.
2077,134,8,Uprising of Burns,2006-01-21,0.2,80,Reprints classic story with new framing pages.
2078,39,493,Shattered of Stark,1988-02-27,0.35,24,High print run; common in collections.
2079,268,596,Revelation of Holt,1991-09-28,0.12,28,Part of a crossover event.
2080,108,315,Shadows of Flynn,1950-03-18,1.25,64,Landmark story milestone.
2081,168,208,Rising of Stone,1981-09-14,0.35,44,Reprints classic story with new framing pages.
2082,110,488,Resurgence of Kane,2017-09-15,0.75,48,Contains bonus pin-up gallery.
2083,163,17,Shattered of Holt,1951-07-07,0.25,28,Low distribution; considered scarce.
2084,45,795,Inferno of Cross,1974-02-27,3.99,48,Reprints classic story with new framing pages.
2085,271,713,Reborn of Cole,1949-09-07,4.99,80,Key first appearance issue.
2086,68,490,Reckoning of Holt,2015-12-25,1.95,32,High print run; common in collections.
2087,264,572,Inferno of Ward,2024-10-25,0.35,32,Part of a crossover event.
2088,286,427,Dawn of Flynn,2020-08-08,2.99,64,Double-sized anniversary issue.
2089,227,306,Convergence of Steele,1954-07-16,4.99,44,Double-sized anniversary issue.
2090,173,555,Eclipse of Hunt,2011-07-18,2.99,44,Part of a crossover event.
2091,148,515,Fallen of Burns,1991-12-22,0.2,28,Direct edition only; no newsstand version.
2092,171,140,Reckoning of Drake,2009-07-28,0.12,32,Low distribution; considered scarce.
2093,191,601,Revelation of Voss,2012-04-19,0.75,32,Landmark story milestone.
2094,167,71,Uprising of Morgan,2016-10-11,1.5,44,Contains bonus pin-up gallery.
2095,18,209,Legacy of Grant,2019-11-08,0.35,28,Low distribution; considered scarce.
2096,156,533,Resurgence of Price,1970-07-07,2.5,48,Reprints classic story with new framing pages.
2097,252,512,Revelation of Crane,1960-03-26,3.99,64,Low distribution; considered scarce.
2098,212,765,Reckoning of Steele,1957-06-06,1.95,80,Controversial issue banned in three states.
2099,189,215,Shadows of Cole,2021-03-25,0.5,32,Double-sized anniversary issue.
2100,55,137,Uprising of Voss,2007-02-15,0.25,36,Reprints classic story with new framing pages.
2101,74,8,Vendetta of Price,2023-03-27,0.15,24,Direct edition only; no newsstand version.
2102,5,533,Revelation of Crane,1965-01-23,1,64,Controversial issue banned in three states.
2103,105,567,Fracture of Nash,2023-01-09,0.1,80,Controversial issue banned in three states.
2104,242,532,Shadows of Fox,2014-02-14,0.35,32,Part of a crossover event.
2105,246,329,Chaos of Nash,2003-10-29,1,64,Controversial issue banned in three states.
2106,195,585,Dawn of Flynn,1987-11-20,0.25,100,Landmark story milestone.
2107,262,795,Fracture of Ward,2016-04-07,0.75,28,Direct edition only; no newsstand version.
2108,28,187,Fracture of Kane,2005-08-23,4.99,32,Landmark story milestone.
2109,235,221,Uprising of Fox,2019-06-02,0.5,100,Reprints classic story with new framing pages.
2110,96,334,Convergence of Cross,1998-04-25,0.25,100,Reprints classic story with new framing pages.
2111,110,176,Rising of Crane,2017-08-15,1.5,100,Landmark story milestone.
2112,156,567,Descent of Steele,1966-03-14,0.75,32,Part of a crossover event.
2113,187,592,Descent of Stone,1967-06-27,1.5,80,Low distribution; considered scarce.
2114,137,126,Oblivion of Fox,1951-05-06,4.99,36,Controversial issue banned in three states.
2115,202,254,Reckoning of Hunt,2018-08-17,1.5,40,Low distribution; considered scarce.
2116,296,626,Rising of Cross,2023-08-03,3.99,100,Reprints classic story with new framing pages.
2117,225,192,Reborn of Cross,1973-02-14,3.99,28,Controversial issue banned in three states.
2118,29,253,Shattered of Fox,1948-11-09,4.99,28,High print run; common in collections.
2119,252,335,Fallen of Hunt,1972-11-17,0.75,32,Controversial issue banned in three states.
2120,15,138,Inferno of Ward,2011-03-19,0.12,80,High print run; common in collections.
2121,89,46,Chaos of Grant,2015-03-19,4.99,100,Contains bonus pin-up gallery.
2122,266,519,Reborn of Fox,1960-08-01,1.95,36,Part of a crossover event.
2123,264,190,Revelation of Grant,2021-01-06,2.5,24,Key first appearance issue.
2124,104,285,Vendetta of Vale,2006-05-23,2.5,28,Reprints classic story with new framing pages.
2125,294,113,Fracture of Voss,2013-08-06,1.95,32,High print run; common in collections.
2126,293,24,Fallen of Hunt,2013-01-18,0.35,100,Part of a crossover event.
2127,13,311,Uprising of Stark,1980-04-18,1,80,High print run; common in collections.
2128,30,202,Reckoning of Hunt,2016-09-23,2.99,64,Landmark story milestone.
2129,108,608,Oblivion of Voss,1951-11-07,0.2,32,Direct edition only; no newsstand version.
2130,25,155,Fallen of Kane,2010-10-25,0.5,32,Landmark story milestone.
2131,236,478,Fallen of Drake,1994-10-17,0.2,100,Landmark story milestone.
2132,60,392,Nemesis of Kane,1961-04-06,0.25,32,Key first appearance issue.
2133,62,739,Dawn of Fox,1944-09-24,0.25,44,Double-sized anniversary issue.
2134,225,203,Shattered of Stone,1984-02-27,0.12,40,Reprints classic story with new framing pages.
2135,99,390,Eclipse of Stone,1987-09-16,0.1,32,Contains bonus pin-up gallery.
2136,155,534,Rising of Steele,2002-09-17,1.25,32,Landmark story milestone.
2137,47,24,Descent of Ward,1977-08-05,0.25,44,Key first appearance issue.
2138,296,138,Fallen of Price,2021-08-30,1.25,48,Controversial issue banned in three states.
2139,9,199,Inferno of Nash,1980-04-06,2.5,28,Key first appearance issue.
2140,110,132,Reborn of Stark,2016-11-15,0.1,28,High print run; common in collections.
2141,233,146,Chaos of Stone,2016-08-30,2.99,44,Double-sized anniversary issue.
2142,168,376,Nemesis of Burns,1991-03-17,0.25,36,Key first appearance issue.
2143,133,761,Fallen of Morgan,2001-11-03,0.25,64,Key first appearance issue.
2144,217,371,Shattered of Cross,1954-01-17,4.99,36,Double-sized anniversary issue.
2145,254,62,Convergence of Price,1997-06-20,0.12,64,Landmark story milestone.
2146,221,605,Reckoning of Crane,1985-05-22,0.75,32,Controversial issue banned in three states.
2147,145,666,Rising of Flynn,2020-12-15,1.5,40,Controversial issue banned in three states.
2148,4,719,Vendetta of Drake,1973-08-16,0.75,24,Landmark story milestone.
2149,9,372,Nemesis of Stark,1980-10-26,3.99,44,Direct edition only; no newsstand version.
2150,158,67,Inferno of Fox,1959-12-21,1.95,44,Low distribution; considered scarce.
2151,218,253,Chaos of Stark,2019-12-08,0.2,32,Low distribution; considered scarce.
2152,237,3,Rising of Drake,2021-06-08,0.12,28,Double-sized anniversary issue.
2153,63,213,Reckoning of Crane,1994-09-27,0.75,28,Contains bonus pin-up gallery.
2154,205,782,Shadows of Stark,2008-02-06,0.35,48,Double-sized anniversary issue.
2155,22,14,Resurgence of Kane,1982-06-03,1.95,64,Landmark story milestone.
2156,76,738,Rising of Flynn,1974-05-15,0.12,64,Landmark story milestone.
2157,101,44,Legacy of Fox,2018-10-21,0.2,36,Key first appearance issue.
2158,237,235,Eclipse of Voss,2022-12-30,0.12,40,Part of a crossover event.
2159,272,504,Vendetta of Stone,1999-05-12,2.5,32,Landmark story milestone.
2160,101,18,Reborn of Crane,1997-02-10,0.35,44,Double-sized anniversary issue.
2161,271,364,Fracture of Crane,1952-10-17,2.99,100,Low distribution; considered scarce.
2162,255,210,Rising of Grant,1944-05-01,0.1,44,High print run; common in collections.
2163,103,413,Convergence of Fox,1956-10-22,1,48,Direct edition only; no newsstand version.
2164,224,81,Inferno of Hunt,1998-09-05,0.15,80,High print run; common in collections.
2165,71,20,Dawn of Drake,2011-08-13,1,48,Direct edition only; no newsstand version.
2166,218,319,Eclipse of Hunt,2019-02-15,0.1,28,Landmark story milestone.
2167,26,603,Oblivion of Fox,2017-07-04,0.2,40,Key first appearance issue.
2168,11,600,Revelation of Grant,2008-12-11,0.15,100,Low distribution; considered scarce.
2169,294,323,Revelation of Voss,2010-01-13,1.5,32,Key first appearance issue.
2170,131,39,Reborn of Burns,2001-07-06,4.99,48,Reprints classic story with new framing pages.
2171,271,655,Revelation of Voss,1951-10-07,0.5,64,Reprints classic story with new framing pages.
2172,225,425,Nemesis of Price,1978-05-25,1.25,28,Direct edition only; no newsstand version.
2173,196,153,Uprising of Stark,1952-03-26,1.25,24,Contains bonus pin-up gallery.
2174,246,273,Revelation of Vale,2008-08-12,0.35,44,Direct edition only; no newsstand version.
2175,94,755,Resurgence of Hunt,2006-05-13,1.25,100,Reprints classic story with new framing pages.
2176,59,457,Reckoning of Voss,2016-05-22,1,32,Direct edition only; no newsstand version.
2177,72,220,Fracture of Drake,1961-03-07,3.99,80,Controversial issue banned in three states.
2178,55,421,Dawn of Cross,1948-12-27,0.1,40,Landmark story milestone.
2179,280,241,Inferno of Price,2001-10-03,3.99,32,Landmark story milestone.
2180,43,23,Descent of Cole,2007-11-15,1.25,80,Key first appearance issue.
2181,37,409,Chaos of Burns,1995-07-09,0.25,32,Landmark story milestone.
2182,232,365,Resurgence of Cole,2019-12-19,0.75,100,Contains bonus pin-up gallery.
2183,260,449,Reckoning of Grant,2009-07-14,0.35,24,Key first appearance issue.
2184,133,429,Oblivion of Flynn,2001-07-11,4.99,28,Controversial issue banned in three states.
2185,97,577,Shadows of Burns,1969-07-13,2.5,28,Landmark story milestone.
2186,81,512,Reborn of Holt,2012-09-23,0.35,100,Direct edition only; no newsstand version.
2187,287,155,Fracture of Ward,1956-04-27,4.99,24,Low distribution; considered scarce.
2188,23,364,Revelation of Kane,1992-10-29,1,28,Reprints classic story with new framing pages.
2189,217,364,Legacy of Drake,1953-02-03,4.99,80,High print run; common in collections.
2190,91,291,Descent of Grant,2023-06-20,0.75,44,Direct edition only; no newsstand version.
2191,182,798,Fracture of Hunt,1962-08-08,2.5,32,Low distribution; considered scarce.
2192,24,432,Vendetta of Price,1971-05-23,2.5,48,Double-sized anniversary issue.
2193,128,627,Legacy of Morgan,1984-11-17,1,64,Double-sized anniversary issue.
2194,160,67,Fracture of Morgan,1952-06-04,0.25,80,Part of a crossover event.
2195,53,146,Convergence of Nash,2000-04-24,0.75,48,Low distribution; considered scarce.
2196,278,129,Reckoning of Cole,1976-04-05,0.75,40,Double-sized anniversary issue.
2197,205,714,Resurgence of Vale,2010-12-22,0.12,48,Controversial issue banned in three states.
2198,133,492,Fallen of Cole,2005-06-07,3.99,100,Reprints classic story with new framing pages.
2199,35,23,Shattered of Voss,2009-05-20,0.15,40,Landmark story milestone.
2200,110,601,Revelation of Nash,2014-04-08,0.35,36,Direct edition only; no newsstand version.
2201,56,219,Oblivion of Crane,1959-04-22,0.1,44,Controversial issue banned in three states.
2202,128,261,Eclipse of Grant,1974-12-19,0.2,48,Part of a crossover event.
2203,12,369,Chaos of Burns,1986-06-05,4.99,32,Low distribution; considered scarce.
2204,64,440,Eclipse of Drake,2006-05-15,0.5,40,Low distribution; considered scarce.
2205,15,427,Nemesis of Voss,2021-09-21,4.99,64,Landmark story milestone.
2206,265,717,Chaos of Price,1955-05-17,0.12,80,Double-sized anniversary issue.
2207,2,473,Descent of Steele,2014-02-15,0.2,40,Landmark story milestone.
2208,227,424,Resurgence of Kane,1954-02-24,0.75,44,Reprints classic story with new framing pages.
2209,95,642,Nemesis of Holt,2007-05-24,2.99,100,Double-sized anniversary issue.
2210,128,406,Shattered of Grant,1999-02-05,3.99,40,Double-sized anniversary issue.
2211,196,320,Shadows of Flynn,1962-09-21,1.5,100,Low distribution; considered scarce.
2212,161,114,Rising of Price,1983-06-04,0.25,100,Controversial issue banned in three states.
2213,30,704,Oblivion of Nash,2021-12-12,0.75,48,Key first appearance issue.
2214,180,73,Oblivion of Voss,1987-03-05,2.99,24,High print run; common in collections.
2215,276,790,Descent of Ward,1985-11-19,0.5,48,Part of a crossover event.
2216,128,727,Fallen of Kane,1991-06-06,1,44,Part of a crossover event.
2217,29,498,Reckoning of Drake,1949-02-15,0.1,100,Reprints classic story with new framing pages.
2218,155,306,Resurgence of Hunt,1995-07-11,1,32,Key first appearance issue.
2219,151,386,Nemesis of Holt,1987-08-24,2.99,48,Contains bonus pin-up gallery.
2220,211,335,Legacy of Holt,1952-06-26,0.35,24,Low distribution; considered scarce.
2221,162,373,Oblivion of Fox,1961-07-02,1.5,80,Key first appearance issue.
2222,293,316,Eclipse of Vale,2017-01-19,0.5,80,Reprints classic story with new framing pages.
2223,15,134,Revelation of Nash,2018-07-15,1,48,Direct edition only; no newsstand version.
2224,67,789,Legacy of Flynn,2014-01-24,1.25,24,Landmark story milestone.
2225,204,343,Shattered of Price,1999-03-11,1.95,36,Key first appearance issue.
2226,5,692,Legacy of Cross,2019-05-02,0.35,28,Controversial issue banned in three states.
2227,78,186,Fracture of Crane,1952-08-06,4.99,64,Low distribution; considered scarce.
2228,206,783,Eclipse of Price,1985-10-03,0.15,48,Key first appearance issue.
2229,54,182,Chaos of Kane,1993-07-19,0.15,44,Double-sized anniversary issue.
2230,129,530,Nemesis of Drake,1997-12-05,0.1,80,Key first appearance issue.
2231,56,603,Resurgence of Ward,1960-08-29,4.99,64,Double-sized anniversary issue.
2232,66,82,Convergence of Hunt,1984-10-14,1.95,64,Key first appearance issue.
2233,140,139,Legacy of Holt,1991-01-02,0.35,48,Landmark story milestone.
2234,76,169,Dawn of Stone,1977-12-23,1,36,Contains bonus pin-up gallery.
2235,176,441,Inferno of Hunt,2011-04-12,2.5,80,Key first appearance issue.
2236,237,359,Convergence of Nash,2022-02-08,1,80,Controversial issue banned in three states.
2237,159,127,Descent of Vale,1958-11-13,1.5,40,Part of a crossover event.
2238,138,33,Legacy of Holt,1949-03-25,1.25,44,Low distribution; considered scarce.
2239,240,758,Fallen of Stone,2021-11-24,0.15,28,Controversial issue banned in three states.
2240,100,731,Fracture of Burns,1988-06-16,4.99,100,Landmark story milestone.
2241,231,793,Nemesis of Stone,1994-08-31,0.75,40,Controversial issue banned in three states.
2242,251,32,Uprising of Grant,1958-03-24,2.5,32,Landmark story milestone.
2243,244,732,Reckoning of Grant,2012-11-11,0.12,28,Reprints classic story with new framing pages.
2244,199,43,Chaos of Flynn,1954-07-16,0.5,24,Direct edition only; no newsstand version.
2245,118,737,Descent of Cole,1981-07-30,0.25,40,Reprints classic story with new framing pages.
2246,118,236,Vendetta of Morgan,1981-11-06,0.12,28,Double-sized anniversary issue.
2247,36,452,Oblivion of Cole,1982-10-12,1.25,80,Landmark story milestone.
2248,218,177,Chaos of Holt,2021-11-15,1,44,Low distribution; considered scarce.
2249,135,55,Descent of Stone,2021-10-18,1.95,28,Contains bonus pin-up gallery.
2250,112,722,Descent of Kane,1987-05-27,0.1,44,High print run; common in collections.
2251,64,550,Fracture of Cole,2008-08-06,1,80,Direct edition only; no newsstand version.
2252,291,436,Reborn of Cole,1978-12-26,0.25,100,Key first appearance issue.
2253,157,493,Reborn of Steele,2020-11-18,4.99,28,Low distribution; considered scarce.
2254,231,260,Nemesis of Vale,1981-03-03,0.12,28,Reprints classic story with new framing pages.
2255,277,728,Chaos of Cross,1967-04-11,1,32,High print run; common in collections.
2256,286,607,Fracture of Cross,2016-01-29,0.75,36,Reprints classic story with new framing pages.
2257,53,116,Descent of Stark,1989-10-09,0.1,48,Controversial issue banned in three states.
2258,291,177,Resurgence of Cole,1962-06-05,0.12,100,Double-sized anniversary issue.
2259,109,150,Rising of Drake,2018-11-19,0.2,24,Controversial issue banned in three states.
2260,118,3,Reckoning of Voss,1974-11-19,2.5,64,Direct edition only; no newsstand version.
2261,195,47,Reckoning of Cole,1984-04-13,4.99,48,Landmark story milestone.
2262,6,86,Vendetta of Stone,1995-04-15,1.95,48,Landmark story milestone.
2263,148,742,Revelation of Grant,1986-10-08,1.25,44,High print run; common in collections.
2264,44,523,Dawn of Stark,1999-11-25,1,48,Double-sized anniversary issue.
2265,71,323,Vendetta of Crane,1986-06-30,1.5,28,Key first appearance issue.
2266,2,751,Reckoning of Fox,2013-07-23,2.5,32,Key first appearance issue.
2267,190,338,Reborn of Ward,2021-02-16,3.99,28,Part of a crossover event.
2268,11,447,Legacy of Ward,2006-07-08,2.99,40,Landmark story milestone.
2269,38,663,Nemesis of Nash,1958-03-04,1.25,28,Landmark story milestone.
2270,116,2,Fracture of Grant,1956-03-01,1.5,28,Direct edition only; no newsstand version.
2271,138,634,Oblivion of Drake,2014-04-19,0.1,44,Double-sized anniversary issue.
2272,100,430,Descent of Stone,1994-08-23,1.25,80,Controversial issue banned in three states.
2273,194,744,Reborn of Hunt,2005-12-25,2.5,32,Direct edition only; no newsstand version.
2274,236,541,Revelation of Grant,1959-05-21,2.99,80,Double-sized anniversary issue.
2275,267,580,Rising of Stark,1956-02-16,4.99,100,Landmark story milestone.
2276,187,380,Reborn of Crane,1962-09-08,0.35,44,Contains bonus pin-up gallery.
2277,40,466,Nemesis of Morgan,1948-03-12,0.75,32,Key first appearance issue.
2278,45,442,Inferno of Fox,1982-11-27,0.35,48,Key first appearance issue.
2279,155,567,Reckoning of Hunt,1994-11-19,1.95,32,Landmark story milestone.
2280,237,344,Resurgence of Flynn,2021-01-09,0.2,64,Contains bonus pin-up gallery.
2281,234,724,Shadows of Steele,1991-08-19,4.99,40,Direct edition only; no newsstand version.
2282,95,99,Descent of Grant,1978-09-11,0.25,40,Landmark story milestone.
2283,207,447,Chaos of Cross,1999-03-08,0.35,32,Reprints classic story with new framing pages.
2284,245,525,Reborn of Voss,1993-12-29,3.99,24,Low distribution; considered scarce.
2285,188,136,Rising of Grant,1979-11-25,1.95,40,Part of a crossover event.
2286,249,327,Legacy of Cole,2016-07-04,0.25,24,Reprints classic story with new framing pages.
2287,73,376,Oblivion of Morgan,1960-08-31,0.1,24,Landmark story milestone.
2288,205,722,Eclipse of Crane,2007-06-19,1,24,Contains bonus pin-up gallery.
2289,88,140,Chaos of Stark,2002-09-27,0.35,80,Controversial issue banned in three states.
2290,287,336,Chaos of Morgan,1958-09-15,0.12,28,Contains bonus pin-up gallery.
2291,267,530,Convergence of Cross,1956-04-24,1,64,High print run; common in collections.
2292,47,430,Shadows of Ward,1976-10-06,1.95,24,Contains bonus pin-up gallery.
2293,34,360,Descent of Drake,1955-08-30,0.15,28,Reprints classic story with new framing pages.
2294,191,626,Convergence of Fox,2002-01-17,0.2,28,Part of a crossover event.
2295,96,83,Dawn of Nash,2016-03-04,0.75,64,Key first appearance issue.
2296,292,205,Dawn of Drake,1996-02-09,3.99,28,Direct edition only; no newsstand version.
2297,161,5,Oblivion of Holt,1980-04-26,0.15,80,Reprints classic story with new framing pages.
2298,160,729,Eclipse of Burns,1953-07-29,0.75,32,Reprints classic story with new framing pages.
2299,268,424,Reborn of Grant,1993-04-02,0.5,48,Part of a crossover event.
2300,68,264,Chaos of Stark,2001-05-24,0.2,48,Landmark story milestone.
2301,264,486,Uprising of Burns,2016-03-03,0.15,36,Landmark story milestone.
2302,19,341,Dawn of Steele,1977-10-13,1.95,80,Reprints classic story with new framing pages.
2303,207,702,Convergence of Voss,2002-12-13,3.99,40,High print run; common in collections.
2304,185,263,Resurgence of Vale,1997-11-29,1.5,32,Direct edition only; no newsstand version.
2305,272,416,Chaos of Grant,1989-09-17,2.99,24,Direct edition only; no newsstand version.
2306,230,603,Descent of Vale,1964-05-06,1,40,Double-sized anniversary issue.
2307,258,561,Vendetta of Cross,1983-05-19,1.5,36,Direct edition only; no newsstand version.
2308,153,142,Descent of Drake,1972-07-20,1.5,44,Key first appearance issue.
2309,229,284,Dawn of Ward,1983-12-19,1.95,64,Reprints classic story with new framing pages.
2310,172,82,Inferno of Ward,1981-11-27,0.35,36,Reprints classic story with new framing pages.
2311,94,10,Shattered of Drake,2012-03-05,1.5,44,Landmark story milestone.
2312,22,645,Vendetta of Morgan,1980-02-18,0.2,36,Landmark story milestone.
2313,43,474,Resurgence of Ward,1976-12-24,0.2,100,Key first appearance issue.
2314,73,303,Fracture of Ward,1969-09-26,0.12,32,Controversial issue banned in three states.
2315,13,735,Shattered of Nash,2008-06-07,0.75,44,Low distribution; considered scarce.
2316,43,1,Shadows of Steele,1983-11-22,0.35,64,Part of a crossover event.
2317,290,61,Reckoning of Cross,1994-01-06,2.99,24,Landmark story milestone.
2318,164,346,Uprising of Cross,2001-06-28,1.95,100,Low distribution; considered scarce.
2319,226,33,Fracture of Burns,1971-03-30,0.12,64,Landmark story milestone.
2320,227,133,Fracture of Price,1950-07-31,0.12,44,Reprints classic story with new framing pages.
2321,188,29,Revelation of Voss,2013-10-07,0.12,24,Direct edition only; no newsstand version.
2322,148,637,Uprising of Burns,2014-05-23,0.1,36,Reprints classic story with new framing pages.
2323,61,285,Inferno of Steele,1978-01-25,0.12,36,Direct edition only; no newsstand version.
2324,24,627,Vendetta of Voss,1970-11-03,0.15,80,Low distribution; considered scarce.
2325,49,670,Eclipse of Price,1979-12-07,0.35,80,Part of a crossover event.
2326,178,769,Revelation of Nash,2012-03-06,1.5,32,Key first appearance issue.
2327,186,73,Dawn of Drake,2005-05-26,2.99,64,Reprints classic story with new framing pages.
2328,296,660,Reckoning of Ward,2018-02-23,2.99,80,Key first appearance issue.
2329,38,397,Fracture of Stark,2006-01-19,1,24,High print run; common in collections.
2330,246,274,Fallen of Stone,2005-06-21,0.5,100,Low distribution; considered scarce.
2331,158,716,Inferno of Vale,1959-01-12,0.1,24,Direct edition only; no newsstand version.
2332,252,387,Convergence of Flynn,1967-04-14,1.5,24,High print run; common in collections.
2333,83,357,Reckoning of Voss,2020-07-20,4.99,36,Direct edition only; no newsstand version.
2334,161,134,Nemesis of Cross,2001-11-20,1.25,28,Contains bonus pin-up gallery.
2335,276,189,Reborn of Drake,1974-09-19,0.35,100,Controversial issue banned in three states.
2336,113,227,Vendetta of Flynn,2012-10-23,0.2,28,Key first appearance issue.
2337,17,41,Legacy of Drake,1982-08-18,1.95,36,Key first appearance issue.
2338,277,523,Chaos of Vale,1967-08-23,0.1,32,Landmark story milestone.
2339,46,403,Fracture of Vale,1966-08-12,0.25,100,Key first appearance issue.
2340,145,468,Eclipse of Hunt,2018-10-02,3.99,44,Reprints classic story with new framing pages.
2341,96,176,Reborn of Hunt,2000-12-08,2.99,40,Controversial issue banned in three states.
2342,203,237,Revelation of Crane,1996-01-31,0.35,24,Controversial issue banned in three states.
2343,235,363,Resurgence of Cross,2012-04-19,0.15,40,Contains bonus pin-up gallery.
2344,238,712,Shattered of Steele,1949-04-12,0.1,64,Landmark story milestone.
2345,47,353,Convergence of Vale,1980-06-28,0.1,32,High print run; common in collections.
2346,221,102,Shattered of Cross,1983-12-11,0.15,44,Double-sized anniversary issue.
2347,64,741,Reckoning of Nash,2023-12-06,0.2,48,Landmark story milestone.
2348,58,217,Descent of Nash,2019-03-01,1.5,80,Double-sized anniversary issue.
2349,42,321,Reborn of Fox,2023-08-08,4.99,32,Landmark story milestone.
2350,196,530,Dawn of Drake,1962-06-21,1.5,36,Contains bonus pin-up gallery.
2351,274,717,Shattered of Stone,2010-08-02,0.15,80,Direct edition only; no newsstand version.
2352,80,596,Oblivion of Cross,2021-10-23,1,44,Low distribution; considered scarce.
2353,28,99,Resurgence of Steele,2010-06-28,0.35,64,Controversial issue banned in three states.
2354,1,182,Descent of Stone,1977-11-04,1.25,80,Controversial issue banned in three states.
2355,118,679,Fallen of Drake,1973-01-25,1,28,Low distribution; considered scarce.
2356,143,286,Uprising of Steele,1989-09-24,0.2,28,Direct edition only; no newsstand version.
2357,185,617,Uprising of Morgan,1999-06-23,0.25,24,Controversial issue banned in three states.
2358,19,52,Chaos of Steele,1976-08-29,0.75,32,Controversial issue banned in three states.
2359,225,368,Fallen of Kane,1995-05-05,0.75,44,High print run; common in collections.
2360,22,516,Shadows of Crane,1963-11-11,1.5,24,Direct edition only; no newsstand version.
2361,130,202,Reckoning of Drake,2014-11-17,1.95,100,High print run; common in collections.
2362,226,471,Inferno of Ward,1976-06-30,0.2,100,Double-sized anniversary issue.
2363,115,787,Shadows of Morgan,1958-11-05,0.35,100,Landmark story milestone.
2364,213,703,Shadows of Stark,2021-08-28,1.25,48,Reprints classic story with new framing pages.
2365,21,597,Resurgence of Stone,2019-10-14,0.2,24,Low distribution; considered scarce.
2366,127,555,Chaos of Voss,2024-08-21,2.5,48,Controversial issue banned in three states.
2367,78,208,Rising of Crane,1947-10-27,4.99,24,Double-sized anniversary issue.
2368,29,416,Descent of Nash,1949-01-21,2.99,48,Contains bonus pin-up gallery.
2369,21,240,Nemesis of Steele,2022-04-19,0.15,100,Double-sized anniversary issue.
2370,202,371,Dawn of Burns,2019-01-12,1.25,40,Low distribution; considered scarce.
2371,19,442,Nemesis of Stone,1981-11-21,1.25,100,High print run; common in collections.
2372,116,427,Inferno of Morgan,1959-05-14,1.25,100,Direct edition only; no newsstand version.
2373,86,195,Fallen of Cross,2018-05-08,2.5,32,Direct edition only; no newsstand version.
2374,61,303,Fallen of Holt,1979-12-26,0.5,48,Controversial issue banned in three states.
2375,176,273,Fallen of Kane,2011-10-19,0.12,80,Contains bonus pin-up gallery.
2376,51,418,Fallen of Vale,2022-12-20,1.25,28,Reprints classic story with new framing pages.
2377,293,270,Revelation of Stone,2016-04-06,1.5,36,Controversial issue banned in three states.
2378,145,192,Inferno of Drake,2020-03-02,1.95,80,High print run; common in collections.
2379,116,267,Uprising of Drake,1955-10-03,0.75,28,Landmark story milestone.
2380,188,542,Oblivion of Ward,2015-12-21,0.1,44,Low distribution; considered scarce.
2381,190,798,Nemesis of Hunt,2023-03-28,1,64,Part of a crossover event.
2382,233,601,Chaos of Flynn,2018-04-02,0.5,44,High print run; common in collections.
2383,224,578,Oblivion of Holt,2008-08-17,2.5,48,Reprints classic story with new framing pages.
2384,258,66,Legacy of Stone,1987-07-29,1,32,Landmark story milestone.
2385,91,293,Inferno of Morgan,2021-11-06,0.1,100,Part of a crossover event.
2386,157,90,Eclipse of Cross,2021-06-04,2.5,100,Controversial issue banned in three states.
2387,166,590,Nemesis of Ward,2012-04-20,1.25,64,Controversial issue banned in three states.
2388,58,14,Fracture of Holt,2001-06-27,0.25,36,Part of a crossover event.
2389,61,186,Nemesis of Kane,1983-12-17,1.25,24,Low distribution; considered scarce.
2390,279,201,Revelation of Cross,1967-02-02,2.99,28,Low distribution; considered scarce.
2391,163,219,Dawn of Fox,1954-06-19,2.99,36,Contains bonus pin-up gallery.
2392,116,698,Reckoning of Morgan,1954-03-04,0.2,64,Double-sized anniversary issue.
2393,183,146,Rising of Voss,1946-09-30,1.95,80,Contains bonus pin-up gallery.
2394,48,326,Convergence of Stone,1986-08-07,1.95,40,Controversial issue banned in three states.
2395,222,472,Chaos of Holt,2011-09-04,4.99,24,Landmark story milestone.
2396,255,659,Convergence of Morgan,1946-03-05,2.99,44,Controversial issue banned in three states.
2397,114,474,Fracture of Steele,1972-12-22,2.99,48,Part of a crossover event.
2398,209,200,Fracture of Morgan,1982-11-23,0.2,40,Key first appearance issue.
2399,24,718,Inferno of Steele,1971-07-12,3.99,80,Landmark story milestone.
2400,13,334,Resurgence of Drake,2004-12-19,0.12,24,Controversial issue banned in three states.
2401,248,747,Fallen of Voss,2011-12-31,1.25,32,Part of a crossover event.
2402,238,123,Legacy of Morgan,1951-03-10,1.25,36,Reprints classic story with new framing pages.
2403,64,782,Nemesis of Cole,2011-10-06,0.15,64,Controversial issue banned in three states.
2404,18,125,Uprising of Ward,2016-03-23,1.95,44,Controversial issue banned in three states.
2405,266,181,Reckoning of Price,1955-07-13,0.35,100,Contains bonus pin-up gallery.
2406,127,131,Inferno of Price,2015-09-18,1.95,36,High print run; common in collections.
2407,76,155,Fracture of Vale,1980-07-31,0.5,80,Reprints classic story with new framing pages.
2408,90,295,Inferno of Stark,1977-01-24,0.75,44,High print run; common in collections.
2409,67,434,Legacy of Voss,2014-07-17,1.95,24,Contains bonus pin-up gallery.
2410,204,51,Descent of Fox,1987-01-21,0.12,80,Controversial issue banned in three states.
2411,200,510,Rising of Cole,2009-06-20,0.35,36,Direct edition only; no newsstand version.
2412,20,15,Oblivion of Kane,1942-06-05,0.25,48,Landmark story milestone.
2413,182,567,Revelation of Grant,2010-11-07,0.35,28,Contains bonus pin-up gallery.
2414,223,547,Chaos of Ward,1966-11-18,4.99,36,Part of a crossover event.
2415,227,135,Fallen of Stone,1953-10-13,0.5,32,Controversial issue banned in three states.
2416,83,521,Reckoning of Kane,2020-12-29,1.25,40,Controversial issue banned in three states.
2417,178,687,Reborn of Steele,1994-04-05,0.35,32,Part of a crossover event.
2418,208,387,Convergence of Price,1949-02-16,1.5,36,Part of a crossover event.
2419,26,249,Oblivion of Vale,2017-03-08,0.15,28,Double-sized anniversary issue.
2420,29,407,Oblivion of Holt,1948-07-10,0.2,36,Key first appearance issue.
2421,249,323,Revelation of Grant,2023-07-03,1.25,28,Double-sized anniversary issue.
2422,166,14,Shadows of Vale,1992-04-27,2.5,32,Direct edition only; no newsstand version.
2423,30,294,Nemesis of Vale,2014-05-30,4.99,44,Direct edition only; no newsstand version.
2424,33,749,Chaos of Stark,1982-10-05,0.12,44,Part of a crossover event.
2425,129,75,Convergence of Voss,1999-07-06,1.95,28,Direct edition only; no newsstand version.
2426,138,80,Reborn of Flynn,1951-06-18,1.5,48,Low distribution; considered scarce.
2427,9,687,Shadows of Hunt,1979-10-10,2.5,100,High print run; common in collections.
2428,165,561,Oblivion of Nash,1981-07-12,0.35,24,Contains bonus pin-up gallery.
2429,1,19,Chaos of Cross,1985-04-20,2.99,32,Key first appearance issue.
2430,37,99,Fallen of Voss,1993-04-03,0.25,40,Landmark story milestone.
2431,104,250,Legacy of Price,2018-10-27,2.5,64,Double-sized anniversary issue.
2432,291,416,Dawn of Hunt,1973-05-12,4.99,36,Landmark story milestone.
2433,85,503,Oblivion of Vale,2015-02-15,0.15,100,Controversial issue banned in three states.
2434,68,668,Nemesis of Morgan,1987-04-13,3.99,44,Reprints classic story with new framing pages.
2435,272,637,Oblivion of Grant,2010-12-27,2.99,44,High print run; common in collections.
2436,107,702,Reborn of Burns,2003-02-25,0.5,28,Reprints classic story with new framing pages.
2437,47,789,Nemesis of Flynn,1979-07-14,1.25,36,Key first appearance issue.
2438,263,653,Eclipse of Cross,2016-11-16,0.75,28,Controversial issue banned in three states.
2439,24,124,Reborn of Voss,1968-11-20,1.95,24,Part of a crossover event.
2440,249,279,Vendetta of Hunt,2020-03-28,3.99,40,Contains bonus pin-up gallery.
2441,4,52,Reckoning of Steele,1974-12-30,2.99,80,Contains bonus pin-up gallery.
2442,203,317,Descent of Crane,2007-09-26,4.99,48,Low distribution; considered scarce.
2443,294,608,Fracture of Burns,2015-01-09,0.15,48,High print run; common in collections.
2444,198,437,Dawn of Holt,1979-03-07,1.5,24,Key first appearance issue.
2445,209,362,Eclipse of Vale,1987-12-01,4.99,36,Key first appearance issue.
2446,198,579,Legacy of Price,1972-06-08,0.35,64,Contains bonus pin-up gallery.
2447,41,651,Reborn of Nash,1993-12-06,0.25,100,Direct edition only; no newsstand version.
2448,115,211,Dawn of Nash,1975-10-22,3.99,24,Controversial issue banned in three states.
2449,189,113,Convergence of Cole,2021-12-03,0.35,64,Direct edition only; no newsstand version.
2450,106,307,Revelation of Voss,2003-10-14,1.5,100,Low distribution; considered scarce.
2451,269,574,Reborn of Flynn,2009-12-03,2.5,44,Low distribution; considered scarce.
2452,212,446,Revelation of Burns,2002-12-25,1.5,40,Low distribution; considered scarce.
2453,114,727,Chaos of Voss,1969-11-23,1.25,100,Landmark story milestone.
2454,203,618,Reborn of Vale,2019-07-17,0.75,40,Low distribution; considered scarce.
2455,297,292,Revelation of Hunt,1945-01-20,1,48,Low distribution; considered scarce.
2456,9,778,Descent of Cross,1978-10-17,0.25,36,Key first appearance issue.
2457,169,431,Fallen of Price,2014-06-14,4.99,36,Reprints classic story with new framing pages.
2458,273,790,Resurgence of Hunt,1996-08-23,1,28,High print run; common in collections.
2459,81,9,Reborn of Fox,2008-02-29,0.25,24,Controversial issue banned in three states.
2460,59,780,Dawn of Stark,2010-06-23,1.5,40,Double-sized anniversary issue.
2461,179,294,Legacy of Nash,1999-08-24,1.5,64,Reprints classic story with new framing pages.
2462,68,129,Dawn of Vale,2017-10-10,0.1,24,Low distribution; considered scarce.
2463,143,444,Vendetta of Ward,1990-03-06,0.15,32,Reprints classic story with new framing pages.
2464,115,56,Reckoning of Steele,1997-10-30,1.95,28,Controversial issue banned in three states.
2465,59,752,Fracture of Flynn,1998-02-25,2.5,44,Double-sized anniversary issue.
2466,201,339,Reborn of Flynn,2009-04-09,4.99,24,Double-sized anniversary issue.
2467,221,588,Shattered of Stone,1983-06-11,0.15,40,Part of a crossover event.
2468,283,194,Chaos of Flynn,1972-05-07,2.5,48,High print run; common in collections.
2469,44,229,Descent of Grant,1953-07-02,1.95,24,High print run; common in collections.
2470,152,196,Legacy of Cross,1971-06-21,0.25,24,High print run; common in collections.
2471,100,469,Vendetta of Cross,1991-12-15,1,48,High print run; common in collections.
2472,56,309,Revelation of Fox,1958-02-08,2.99,80,Direct edition only; no newsstand version.
2473,277,34,Descent of Flynn,1963-04-25,0.25,100,Low distribution; considered scarce.
2474,196,52,Fallen of Voss,1963-01-25,4.99,64,Low distribution; considered scarce.
2475,33,270,Uprising of Drake,1983-08-12,1.25,36,Part of a crossover event.
2476,30,234,Descent of Nash,2006-06-25,0.12,32,Controversial issue banned in three states.
2477,287,288,Legacy of Ward,1958-09-03,1.5,32,Contains bonus pin-up gallery.
2478,173,204,Uprising of Steele,2006-02-25,0.25,100,High print run; common in collections.
2479,5,17,Fallen of Flynn,1969-03-25,2.5,100,Landmark story milestone.
2480,111,11,Revelation of Morgan,1966-04-17,0.75,36,Low distribution; considered scarce.
2481,210,452,Shadows of Kane,1984-01-11,2.99,64,Part of a crossover event.
2482,6,438,Fallen of Stark,1992-10-24,1.95,44,High print run; common in collections.
2483,30,285,Inferno of Stone,2006-11-22,0.12,28,Controversial issue banned in three states.
2484,119,570,Chaos of Stark,2011-01-18,0.35,36,Key first appearance issue.
2485,111,734,Fallen of Drake,1967-01-14,0.25,80,Low distribution; considered scarce.
2486,235,596,Reckoning of Voss,2005-07-11,3.99,32,Controversial issue banned in three states.
2487,68,54,Inferno of Drake,1974-04-04,3.99,48,Low distribution; considered scarce.
2488,280,748,Rising of Stark,2018-10-01,4.99,44,Low distribution; considered scarce.
2489,212,638,Shattered of Cross,1953-07-01,1,24,Direct edition only; no newsstand version.
2490,185,555,Revelation of Grant,2000-03-05,3.99,32,Contains bonus pin-up gallery.
2491,76,518,Shadows of Cross,1988-03-25,0.25,44,Reprints classic story with new framing pages.
2492,21,705,Eclipse of Ward,2024-07-23,2.5,80,Low distribution; considered scarce.
2493,131,743,Fallen of Vale,2001-09-30,4.99,36,High print run; common in collections.
2494,232,788,Shadows of Cross,1992-06-11,0.2,32,Landmark story milestone.
2495,45,123,Resurgence of Fox,1975-03-25,0.12,36,Part of a crossover event.
2496,284,761,Shattered of Drake,2017-03-01,0.15,64,Key first appearance issue.
2497,249,711,Dawn of Vale,2019-04-08,0.25,44,Landmark story milestone.
2498,129,183,Shattered of Flynn,1989-12-03,0.2,64,Landmark story milestone.
2499,89,146,Oblivion of Ward,2015-12-26,1,36,High print run; common in collections.
2500,286,187,Convergence of Morgan,2021-03-11,1.95,40,Controversial issue banned in three states.
2501,74,385,Convergence of Ward,2017-04-07,1.5,40,Reprints classic story with new framing pages.
2502,196,200,Reckoning of Grant,1954-04-25,0.5,36,Low distribution; considered scarce.
2503,151,454,Reckoning of Burns,1973-10-10,4.99,80,Reprints classic story with new framing pages.
2504,298,13,Chaos of Fox,1953-09-16,0.1,32,Key first appearance issue.
2505,192,700,Nemesis of Cole,2000-10-07,1.95,28,Reprints classic story with new framing pages.
2506,161,699,Fracture of Stark,1995-12-31,1,100,Controversial issue banned in three states.
2507,204,650,Uprising of Cross,1994-08-01,1.5,48,High print run; common in collections.
2508,138,464,Oblivion of Stark,1961-08-06,1.5,32,Controversial issue banned in three states.
2509,184,18,Legacy of Voss,1988-10-12,2.5,44,Double-sized anniversary issue.
2510,43,620,Fallen of Morgan,1980-09-19,1.95,100,Controversial issue banned in three states.
2511,78,120,Shadows of Flynn,1952-05-30,2.99,36,Key first appearance issue.
2512,78,324,Reborn of Ward,1953-02-15,0.75,48,High print run; common in collections.
2513,238,662,Legacy of Cross,1950-09-24,1.25,32,Key first appearance issue.
2514,221,78,Eclipse of Holt,1985-02-11,0.1,80,Part of a crossover event.
2515,50,210,Rising of Vale,1955-06-15,0.12,24,Low distribution; considered scarce.
2516,294,230,Convergence of Voss,2015-12-30,0.15,32,Controversial issue banned in three states.
2517,49,79,Inferno of Burns,1977-10-03,0.2,44,Double-sized anniversary issue.
2518,79,557,Legacy of Grant,2010-07-14,4.99,48,Low distribution; considered scarce.
2519,5,782,Reborn of Kane,1966-05-01,1.5,40,Double-sized anniversary issue.
2520,276,399,Vendetta of Burns,1970-04-25,0.25,24,Key first appearance issue.
2521,199,584,Resurgence of Stark,1952-12-26,3.99,80,Contains bonus pin-up gallery.
2522,126,322,Resurgence of Flynn,1984-04-30,2.5,48,Low distribution; considered scarce.
2523,205,794,Rising of Price,2008-06-27,2.99,32,High print run; common in collections.
2524,152,185,Rising of Price,2014-01-28,0.25,48,Controversial issue banned in three states.
2525,92,198,Convergence of Morgan,1949-09-26,1.25,28,Key first appearance issue.
2526,146,627,Chaos of Grant,2018-12-01,0.5,28,Low distribution; considered scarce.
2527,249,582,Rising of Voss,2021-09-24,4.99,100,Contains bonus pin-up gallery.
2528,79,603,Shattered of Price,2009-03-23,1,100,Double-sized anniversary issue.
2529,50,165,Resurgence of Stone,1996-06-19,0.2,80,Key first appearance issue.
2530,30,443,Legacy of Crane,2007-12-02,0.1,32,Key first appearance issue.
2531,32,357,Uprising of Cross,1950-02-14,1.5,36,Double-sized anniversary issue.
2532,203,99,Reckoning of Flynn,2002-06-17,0.12,44,Controversial issue banned in three states.
2533,139,543,Revelation of Grant,2000-12-16,0.1,44,Double-sized anniversary issue.
2534,83,631,Convergence of Hunt,2019-05-06,0.12,24,Contains bonus pin-up gallery.
2535,204,715,Legacy of Cross,1996-12-23,3.99,48,High print run; common in collections.
2536,117,570,Uprising of Cole,2015-12-28,2.5,36,High print run; common in collections.
2537,248,765,Shadows of Cole,2014-07-28,1.5,28,Double-sized anniversary issue.
2538,207,408,Fracture of Kane,2000-12-10,0.75,48,Double-sized anniversary issue.
2539,157,1,Shadows of Stone,2020-04-21,0.25,80,Controversial issue banned in three states.
2540,103,232,Shattered of Steele,1960-02-04,0.2,80,Double-sized anniversary issue.
2541,115,192,Fracture of Price,1978-05-04,0.15,80,Contains bonus pin-up gallery.
2542,167,416,Oblivion of Stark,2015-02-10,2.5,28,Key first appearance issue.
2543,217,645,Inferno of Hunt,2010-10-12,0.35,24,Double-sized anniversary issue.
2544,268,670,Chaos of Vale,1989-02-15,0.15,100,Controversial issue banned in three states.
2545,240,456,Legacy of Kane,2023-05-27,3.99,80,Landmark story milestone.
2546,181,594,Descent of Vale,1994-10-17,1.25,44,Contains bonus pin-up gallery.
2547,92,692,Reckoning of Steele,2008-11-20,2.5,48,Part of a crossover event.
2548,205,394,Convergence of Price,2010-12-27,1.95,100,Landmark story milestone.
2549,71,459,Uprising of Burns,1998-01-15,0.35,44,Part of a crossover event.
2550,115,280,Legacy of Morgan,2001-01-14,3.99,40,Controversial issue banned in three states.
2551,297,623,Reckoning of Fox,1949-08-30,1,64,Controversial issue banned in three states.
2552,211,605,Vendetta of Voss,1985-12-14,3.99,100,Reprints classic story with new framing pages.
2553,203,23,Descent of Morgan,2015-09-24,3.99,40,Contains bonus pin-up gallery.
2554,131,703,Shattered of Hunt,1994-10-15,1.25,48,Low distribution; considered scarce.
2555,39,199,Shattered of Cole,2023-09-02,1.25,28,Direct edition only; no newsstand version.
2556,237,296,Fracture of Cole,2020-05-11,1.5,36,Direct edition only; no newsstand version.
2557,298,547,Rising of Ward,1956-01-07,1.25,100,Double-sized anniversary issue.
2558,15,297,Eclipse of Morgan,2014-12-13,0.35,80,Direct edition only; no newsstand version.
2559,6,176,Rising of Drake,1990-04-30,0.35,48,Controversial issue banned in three states.
2560,235,407,Nemesis of Burns,2004-11-16,0.12,24,Double-sized anniversary issue.
2561,92,548,Chaos of Nash,1967-04-10,0.2,36,Key first appearance issue.
2562,285,587,Descent of Stone,1989-03-17,0.12,44,Contains bonus pin-up gallery.
2563,157,554,Descent of Vale,2021-11-13,4.99,40,Landmark story milestone.
2564,284,426,Revelation of Morgan,2016-12-21,0.25,64,Part of a crossover event.
2565,7,1,Uprising of Drake,1954-01-23,1.95,48,Direct edition only; no newsstand version.
2566,53,798,Shattered of Nash,2009-07-25,0.5,24,Part of a crossover event.
2567,199,100,Descent of Holt,1955-07-27,0.5,64,Double-sized anniversary issue.
2568,151,460,Reborn of Drake,1976-09-08,4.99,24,Landmark story milestone.
2569,272,166,Legacy of Drake,2008-03-05,0.1,28,High print run; common in collections.
2570,219,705,Rising of Drake,1996-05-28,0.75,40,Low distribution; considered scarce.
2571,156,135,Shattered of Price,1967-08-13,0.12,48,Contains bonus pin-up gallery.
2572,141,352,Legacy of Grant,1999-11-04,2.5,44,Controversial issue banned in three states.
2573,155,387,Fallen of Steele,1994-06-08,0.2,44,Part of a crossover event.
2574,224,141,Eclipse of Crane,2013-06-05,0.35,32,Controversial issue banned in three states.
2575,64,340,Revelation of Stone,2002-05-10,1.25,64,Key first appearance issue.
2576,133,315,Oblivion of Ward,2006-08-06,1.25,80,Low distribution; considered scarce.
2577,167,612,Revelation of Price,2017-02-01,2.99,44,Controversial issue banned in three states.
2578,50,238,Descent of Vale,2014-02-01,1.5,24,Contains bonus pin-up gallery.
2579,42,295,Eclipse of Nash,2018-07-16,0.5,28,Controversial issue banned in three states.
2580,29,759,Revelation of Ward,1947-01-07,0.25,32,Landmark story milestone.
2581,35,243,Fallen of Fox,2009-08-25,4.99,32,Direct edition only; no newsstand version.
2582,139,658,Descent of Vale,2014-01-17,1.95,80,Part of a crossover event.
2583,165,333,Convergence of Cross,1982-02-08,1.25,32,Part of a crossover event.
2584,72,104,Nemesis of Kane,1974-01-09,1.5,64,Part of a crossover event.
2585,44,69,Dawn of Flynn,1987-04-01,0.12,80,Key first appearance issue.
2586,186,614,Shadows of Holt,2001-11-02,3.99,64,Low distribution; considered scarce.
2587,138,236,Inferno of Stone,1987-04-24,1.95,32,Low distribution; considered scarce.
2588,225,750,Vendetta of Kane,1996-09-22,3.99,28,Part of a crossover event.
2589,298,720,Reborn of Fox,1953-05-14,0.5,40,Low distribution; considered scarce.
2590,105,342,Revelation of Stark,2019-03-17,0.1,36,High print run; common in collections.
2591,64,432,Shadows of Voss,2011-10-08,0.5,36,Double-sized anniversary issue.
2592,94,39,Resurgence of Stark,2008-10-15,0.35,80,Landmark story milestone.
2593,181,492,Descent of Stark,1983-10-23,0.5,24,Low distribution; considered scarce.
2594,285,189,Eclipse of Voss,1984-07-03,1.5,32,Landmark story milestone.
2595,228,314,Legacy of Flynn,2019-01-07,0.5,44,High print run; common in collections.
2596,248,52,Rising of Cole,2015-09-28,0.2,44,Direct edition only; no newsstand version.
2597,245,300,Chaos of Ward,1987-06-08,4.99,28,Contains bonus pin-up gallery.
2598,227,167,Reborn of Ward,1958-12-30,0.15,40,High print run; common in collections.
2599,108,406,Fallen of Hunt,1952-07-24,1,48,Direct edition only; no newsstand version.
2600,135,54,Shattered of Hunt,2020-10-30,0.1,24,Landmark story milestone.
2601,25,610,Descent of Flynn,2001-10-02,4.99,36,Reprints classic story with new framing pages.
2602,9,240,Eclipse of Cross,1978-12-01,0.2,28,Double-sized anniversary issue.
2603,210,535,Vendetta of Burns,2001-07-13,0.35,40,Direct edition only; no newsstand version.
2604,142,527,Resurgence of Burns,2010-07-06,3.99,100,Part of a crossover event.
2605,225,575,Inferno of Stark,1980-08-28,1.5,100,Part of a crossover event.
2606,267,531,Rising of Hunt,1950-06-02,0.12,32,Controversial issue banned in three states.
2607,37,764,Reborn of Fox,1990-10-15,0.15,32,Low distribution; considered scarce.
2608,271,193,Shattered of Fox,1952-01-12,0.15,64,Key first appearance issue.
2609,169,542,Vendetta of Holt,2018-01-16,1.5,28,Low distribution; considered scarce.
2610,106,509,Convergence of Cole,2003-10-09,2.5,80,Landmark story milestone.
2611,43,744,Uprising of Morgan,1984-05-07,0.5,80,Double-sized anniversary issue.
2612,175,445,Descent of Kane,1980-06-07,0.15,100,High print run; common in collections.
2613,252,82,Chaos of Flynn,1969-01-31,0.1,24,Reprints classic story with new framing pages.
2614,294,171,Rising of Fox,2017-01-25,3.99,100,Key first appearance issue.
2615,190,152,Descent of Crane,2021-07-16,2.99,100,High print run; common in collections.
2616,114,383,Shadows of Flynn,1981-06-17,0.1,64,Key first appearance issue.
2617,164,130,Nemesis of Morgan,2003-05-18,0.2,28,Reprints classic story with new framing pages.
2618,124,599,Shadows of Morgan,1958-08-29,0.75,80,Controversial issue banned in three states.
2619,294,315,Fallen of Flynn,2015-04-27,1.95,28,High print run; common in collections.
2620,219,588,Dawn of Cole,1966-10-16,1.5,80,Landmark story milestone.
2621,258,126,Dawn of Burns,1995-02-01,1.5,24,Controversial issue banned in three states.
2622,154,732,Fracture of Stone,2000-07-08,2.5,28,Part of a crossover event.
2623,272,211,Nemesis of Ward,2009-04-04,0.25,64,Landmark story milestone.
2624,112,358,Resurgence of Price,2008-12-02,2.5,100,High print run; common in collections.
2625,108,248,Shattered of Drake,1949-12-24,0.1,44,Double-sized anniversary issue.
2626,165,93,Inferno of Burns,1981-05-31,3.99,36,Landmark story milestone.
2627,172,385,Revelation of Hunt,1982-08-27,4.99,100,Controversial issue banned in three states.
2628,183,119,Rising of Ward,1950-10-11,1.25,36,Direct edition only; no newsstand version.
2629,22,521,Revelation of Stark,1964-01-05,4.99,32,Contains bonus pin-up gallery.
2630,15,558,Shattered of Crane,2012-07-21,2.5,48,Key first appearance issue.
2631,176,303,Convergence of Cole,2011-05-26,0.15,48,Low distribution; considered scarce.
2632,132,722,Legacy of Voss,1949-02-28,0.12,28,Reprints classic story with new framing pages.
2633,237,650,Uprising of Flynn,2020-10-24,1.25,48,Low distribution; considered scarce.
2634,22,128,Dawn of Stone,1974-09-30,0.1,32,Contains bonus pin-up gallery.
2635,110,271,Fallen of Stark,2013-02-03,2.99,36,Direct edition only; no newsstand version.
2636,69,105,Chaos of Holt,1971-09-17,1,64,Landmark story milestone.
2637,271,593,Revelation of Hunt,1953-03-27,1.5,36,Key first appearance issue.
2638,295,589,Dawn of Crane,1944-04-23,4.99,48,Low distribution; considered scarce.
2639,2,178,Convergence of Cole,2014-08-07,1,100,Double-sized anniversary issue.
2640,233,328,Inferno of Kane,2017-07-06,0.75,44,Double-sized anniversary issue.
2641,233,503,Rising of Fox,2016-10-05,1,36,Key first appearance issue.
2642,218,574,Rising of Kane,2024-03-14,2.5,40,Key first appearance issue.
2643,104,214,Reborn of Cole,2012-11-04,0.15,80,Contains bonus pin-up gallery.
2644,106,482,Fracture of Nash,2005-02-24,0.75,36,High print run; common in collections.
2645,208,780,Oblivion of Fox,1969-06-22,0.1,40,Landmark story milestone.
2646,120,620,Reckoning of Price,1982-03-11,0.2,44,High print run; common in collections.
2647,263,430,Reckoning of Cross,2022-02-21,0.25,48,Controversial issue banned in three states.
2648,179,171,Dawn of Holt,2002-11-12,0.15,32,High print run; common in collections.
2649,44,36,Inferno of Fox,2001-11-01,3.99,32,Key first appearance issue.
2650,138,287,Shadows of Morgan,2012-12-31,0.12,64,Reprints classic story with new framing pages.
2651,140,579,Uprising of Cross,1987-02-13,1,44,High print run; common in collections.
2652,283,61,Shattered of Stark,1969-11-05,1.25,28,Controversial issue banned in three states.
2653,74,558,Fracture of Morgan,2019-02-08,4.99,32,Direct edition only; no newsstand version.
2654,131,210,Convergence of Cross,1997-04-02,1.95,28,Contains bonus pin-up gallery.
2655,153,190,Vendetta of Morgan,1969-08-13,1,36,Controversial issue banned in three states.
2656,215,111,Descent of Price,1987-07-24,0.12,24,High print run; common in collections.
2657,157,539,Legacy of Kane,2021-01-26,2.5,36,Key first appearance issue.
2658,244,153,Descent of Ward,1997-07-16,3.99,32,Key first appearance issue.
2659,78,33,Shattered of Flynn,1946-10-15,0.75,48,Direct edition only; no newsstand version.
2660,70,585,Inferno of Stone,1950-02-22,2.99,80,Reprints classic story with new framing pages.
2661,16,348,Fracture of Stark,1966-02-10,1.5,24,Key first appearance issue.
2662,50,250,Fallen of Flynn,1982-05-27,0.1,24,Contains bonus pin-up gallery.
2663,111,473,Shadows of Stone,1970-11-25,0.12,64,Controversial issue banned in three states.
2664,83,112,Uprising of Grant,2017-07-11,2.5,100,Key first appearance issue.
2665,261,78,Nemesis of Stark,1963-08-08,0.25,32,Landmark story milestone.
2666,13,324,Chaos of Crane,1994-10-11,0.2,64,Landmark story milestone.
2667,292,561,Shadows of Stark,1997-07-02,0.1,64,Low distribution; considered scarce.
2668,157,417,Dawn of Steele,2020-09-07,0.75,40,Low distribution; considered scarce.
2669,68,370,Fallen of Voss,1964-06-23,2.5,24,Controversial issue banned in three states.
2670,176,220,Reborn of Holt,2011-01-06,0.15,32,Key first appearance issue.
2671,299,313,Fracture of Stark,1973-07-10,0.35,48,Reprints classic story with new framing pages.
2672,12,691,Convergence of Crane,1988-05-04,1.95,44,Landmark story milestone.
2673,116,134,Oblivion of Crane,1963-05-09,0.15,64,Reprints classic story with new framing pages.
2674,154,25,Fallen of Holt,2015-12-30,1.95,44,Reprints classic story with new framing pages.
2675,277,115,Nemesis of Drake,1966-12-07,0.25,28,Landmark story milestone.
2676,295,114,Eclipse of Grant,1945-09-28,0.15,32,Direct edition only; no newsstand version.
2677,277,776,Vendetta of Price,1967-07-16,2.99,40,Contains bonus pin-up gallery.
2678,285,527,Legacy of Steele,1984-03-13,0.5,64,Direct edition only; no newsstand version.
2679,31,513,Resurgence of Holt,2011-03-21,1.25,64,Low distribution; considered scarce.
2680,13,768,Revelation of Fox,2017-11-10,0.15,100,Landmark story milestone.
2681,293,503,Vendetta of Price,2012-05-13,0.25,28,Direct edition only; no newsstand version.
2682,154,52,Nemesis of Hunt,1992-12-15,0.5,48,Reprints classic story with new framing pages.
2683,66,334,Revelation of Holt,1984-11-07,1,80,Direct edition only; no newsstand version.
2684,139,41,Resurgence of Cross,2010-02-22,0.2,36,Reprints classic story with new framing pages.
2685,271,327,Chaos of Crane,1951-04-21,0.35,32,Key first appearance issue.
2686,87,171,Uprising of Stark,1974-12-01,0.25,24,Part of a crossover event.
2687,169,214,Uprising of Morgan,1992-01-25,0.12,24,Key first appearance issue.
2688,281,386,Revelation of Burns,2017-08-22,2.5,64,High print run; common in collections.
2689,57,5,Reckoning of Cole,2023-06-18,0.15,28,Low distribution; considered scarce.
2690,61,3,Reckoning of Hunt,1987-02-10,0.15,48,Reprints classic story with new framing pages.
2691,78,143,Oblivion of Stone,1951-04-10,3.99,100,Double-sized anniversary issue.
2692,296,758,Shattered of Drake,2023-02-27,2.5,24,Double-sized anniversary issue.
2693,173,557,Shadows of Grant,2012-06-19,2.99,64,Low distribution; considered scarce.
2694,199,42,Dawn of Morgan,1954-06-30,1,36,High print run; common in collections.
2695,223,100,Revelation of Fox,1963-08-31,0.15,28,Double-sized anniversary issue.
2696,44,95,Shattered of Grant,1975-07-24,1.95,40,Part of a crossover event.
2697,257,778,Reborn of Burns,1993-03-05,0.25,24,High print run; common in collections.
2698,134,71,Inferno of Stone,1996-07-16,1.5,36,Low distribution; considered scarce.
2699,212,31,Fracture of Flynn,1980-11-18,2.5,100,Reprints classic story with new framing pages.
2700,129,596,Chaos of Ward,1986-09-17,2.99,64,Controversial issue banned in three states.
2701,28,60,Descent of Steele,1985-04-14,1,24,Controversial issue banned in three states.
2702,277,706,Resurgence of Steele,1964-01-11,0.25,36,Double-sized anniversary issue.
2703,229,786,Vendetta of Morgan,1987-05-19,0.25,48,Controversial issue banned in three states.
2704,18,355,Resurgence of Voss,2019-12-15,4.99,40,Part of a crossover event.
2705,70,233,Inferno of Stone,1967-12-22,2.99,40,Controversial issue banned in three states.
2706,114,466,Reckoning of Morgan,1970-09-22,1.25,28,Controversial issue banned in three states.
2707,49,143,Descent of Flynn,1995-02-14,0.2,80,Landmark story milestone.
2708,215,644,Convergence of Flynn,1987-05-23,1.95,100,Key first appearance issue.
2709,147,118,Dawn of Drake,1957-12-01,3.99,100,Controversial issue banned in three states.
2710,113,271,Legacy of Crane,1946-12-20,0.1,24,Landmark story milestone.
2711,66,249,Resurgence of Steele,2001-03-10,3.99,28,Key first appearance issue.
2712,46,764,Convergence of Stone,1974-03-24,0.25,100,Direct edition only; no newsstand version.
2713,36,92,Fallen of Morgan,1980-09-27,1,80,Part of a crossover event.
2714,6,754,Legacy of Crane,1994-03-01,1.5,36,Low distribution; considered scarce.
2715,160,743,Dawn of Burns,1953-01-25,0.35,32,Contains bonus pin-up gallery.
2716,215,650,Vendetta of Ward,1988-03-24,0.1,28,Reprints classic story with new framing pages.
2717,46,243,Reckoning of Nash,1965-06-20,4.99,36,Low distribution; considered scarce.
2718,252,266,Revelation of Nash,1960-05-04,2.99,28,Contains bonus pin-up gallery.
2719,210,174,Convergence of Flynn,1989-12-22,0.2,32,Contains bonus pin-up gallery.
2720,94,464,Reckoning of Cole,2008-06-02,2.5,48,Direct edition only; no newsstand version.
2721,180,157,Fallen of Holt,2012-11-26,0.15,100,Contains bonus pin-up gallery.
2722,210,559,Fracture of Cole,2018-06-19,1,100,Low distribution; considered scarce.
2723,243,83,Convergence of Hunt,1991-06-24,0.12,36,Part of a crossover event.
2724,8,423,Rising of Cole,2011-10-27,1.25,80,Reprints classic story with new framing pages.
2725,248,150,Fallen of Vale,2013-05-19,1.5,40,High print run; common in collections.
2726,158,315,Legacy of Ward,1947-03-16,0.25,28,Controversial issue banned in three states.
2727,45,653,Legacy of Holt,2001-03-03,1.95,32,Part of a crossover event.
2728,132,177,Reckoning of Ward,1994-07-28,1,40,Landmark story milestone.
2729,64,687,Shattered of Stark,2006-07-15,0.5,80,Double-sized anniversary issue.
2730,42,151,Fracture of Vale,2022-12-16,0.1,48,High print run; common in collections.
2731,158,346,Reborn of Burns,1951-01-21,0.35,28,Double-sized anniversary issue.
2732,265,601,Legacy of Grant,1968-11-14,0.1,48,Direct edition only; no newsstand version.
2733,133,356,Rising of Kane,2001-03-16,0.12,32,Landmark story milestone.
2734,83,380,Vendetta of Stone,2021-07-28,1,28,Controversial issue banned in three states.
2735,127,122,Nemesis of Drake,2008-08-28,1.25,100,Double-sized anniversary issue.
2736,218,246,Oblivion of Steele,2018-01-18,0.2,80,Direct edition only; no newsstand version.
2737,28,208,Convergence of Drake,1983-08-16,0.5,28,Reprints classic story with new framing pages.
2738,229,607,Shattered of Price,1986-05-09,0.12,28,Landmark story milestone.
2739,142,14,Uprising of Burns,1994-09-23,4.99,28,High print run; common in collections.
2740,55,707,Oblivion of Kane,2008-04-21,3.99,80,Direct edition only; no newsstand version.
2741,24,646,Nemesis of Steele,1968-08-02,1.95,100,Key first appearance issue.
2742,260,101,Reborn of Burns,1999-03-07,3.99,80,Part of a crossover event.
2743,187,644,Rising of Voss,1962-03-19,0.5,64,Part of a crossover event.
2744,115,543,Convergence of Kane,1977-04-18,0.1,64,Controversial issue banned in three states.
2745,286,693,Fracture of Cole,2022-11-08,0.1,64,Controversial issue banned in three states.
2746,240,779,Dawn of Vale,2023-05-11,3.99,28,Direct edition only; no newsstand version.
2747,55,29,Descent of Cole,1979-04-15,0.2,100,Contains bonus pin-up gallery.
2748,80,208,Shattered of Hunt,2004-10-27,2.5,40,Contains bonus pin-up gallery.
2749,252,124,Descent of Stone,1974-05-19,4.99,44,High print run; common in collections.
2750,21,430,Descent of Kane,2023-01-07,0.1,32,Low distribution; considered scarce.
2751,281,690,Descent of Nash,2006-05-03,1.95,64,Double-sized anniversary issue.
2752,17,174,Chaos of Burns,1957-08-30,0.5,32,High print run; common in collections.
2753,203,167,Rising of Ward,2002-05-10,0.12,48,Reprints classic story with new framing pages.
2754,196,361,Fracture of Holt,1962-05-15,2.5,64,Key first appearance issue.
2755,200,699,Inferno of Voss,1994-09-12,2.99,100,Landmark story milestone.
2756,126,374,Fallen of Voss,1981-06-25,1.5,24,Landmark story milestone.
2757,209,149,Nemesis of Voss,1992-10-02,0.1,64,Key first appearance issue.
2758,112,373,Dawn of Cole,1964-09-23,1,32,Low distribution; considered scarce.
2759,109,767,Rising of Price,2024-11-18,0.75,100,Controversial issue banned in three states.
2760,148,300,Resurgence of Voss,2008-04-21,0.75,24,Key first appearance issue.
2761,155,757,Legacy of Price,1995-03-15,0.15,24,Part of a crossover event.
2762,118,151,Rising of Nash,1969-02-06,0.15,48,Contains bonus pin-up gallery.
2763,187,398,Vendetta of Ward,1974-05-04,0.75,36,Reprints classic story with new framing pages.
2764,169,318,Descent of Voss,2002-06-09,0.15,24,Part of a crossover event.
2765,9,780,Chaos of Stark,1969-08-28,2.99,40,Controversial issue banned in three states.
2766,252,600,Legacy of Kane,1968-05-04,1.5,64,High print run; common in collections.
2767,283,329,Rising of Steele,1972-10-12,0.15,64,Contains bonus pin-up gallery.
2768,169,138,Revelation of Hunt,1996-06-01,1.95,100,Contains bonus pin-up gallery.
2769,260,350,Inferno of Holt,1984-10-31,0.25,48,Key first appearance issue.
2770,237,233,Nemesis of Morgan,2019-11-26,0.25,40,Low distribution; considered scarce.
2771,223,791,Chaos of Crane,1969-04-18,3.99,64,Controversial issue banned in three states.
2772,19,67,Fracture of Kane,1980-01-12,0.1,64,High print run; common in collections.
2773,32,475,Rising of Nash,1961-03-20,2.5,40,Contains bonus pin-up gallery.
2774,273,771,Revelation of Stark,1996-07-11,0.12,36,Landmark story milestone.
2775,250,315,Revelation of Cole,1987-07-26,0.1,32,Contains bonus pin-up gallery.
2776,152,309,Resurgence of Flynn,1961-07-16,3.99,32,Direct edition only; no newsstand version.
2777,26,577,Convergence of Flynn,2015-11-28,1,48,Double-sized anniversary issue.
2778,207,462,Convergence of Grant,1999-08-14,1.25,24,Contains bonus pin-up gallery.
2779,214,257,Fallen of Morgan,1942-10-22,3.99,48,High print run; common in collections.
2780,74,70,Uprising of Flynn,2021-05-12,0.5,80,Direct edition only; no newsstand version.
2781,244,709,Fallen of Nash,2015-09-25,0.25,36,Double-sized anniversary issue.
2782,221,487,Shattered of Drake,1985-10-29,2.99,24,Low distribution; considered scarce.
2783,265,403,Reborn of Vale,1990-12-13,0.35,24,Part of a crossover event.
2784,190,266,Reckoning of Nash,2020-08-21,0.1,80,Reprints classic story with new framing pages.
2785,75,205,Reborn of Crane,1992-04-10,0.15,44,Reprints classic story with new framing pages.
2786,231,264,Reckoning of Flynn,1994-03-31,0.5,44,Direct edition only; no newsstand version.
2787,231,755,Oblivion of Cole,1977-08-04,3.99,64,Part of a crossover event.
2788,177,163,Legacy of Voss,1996-06-04,0.1,36,Double-sized anniversary issue.
2789,133,186,Oblivion of Stone,2002-08-26,2.5,32,Contains bonus pin-up gallery.
2790,106,62,Convergence of Cross,2001-01-08,0.25,64,Landmark story milestone.
2791,55,77,Fracture of Nash,2009-04-29,4.99,48,Reprints classic story with new framing pages.
2792,62,110,Legacy of Cross,1944-05-18,0.12,40,Controversial issue banned in three states.
2793,279,117,Vendetta of Holt,1962-05-06,2.5,100,Double-sized anniversary issue.
2794,120,384,Convergence of Kane,1982-09-23,2.99,100,Key first appearance issue.
2795,107,184,Convergence of Morgan,2002-02-10,0.35,48,Reprints classic story with new framing pages.
2796,282,98,Chaos of Cross,1976-08-15,2.5,40,Contains bonus pin-up gallery.
2797,40,433,Descent of Morgan,1945-05-05,0.15,64,Contains bonus pin-up gallery.
2798,10,222,Shadows of Ward,2024-05-04,0.5,64,Key first appearance issue.
2799,176,34,Vendetta of Hunt,2010-01-23,0.5,36,Controversial issue banned in three states.
2800,212,470,Convergence of Holt,2018-12-03,1,48,Reprints classic story with new framing pages.
2801,115,116,Fracture of Cross,2023-07-05,1,64,Direct edition only; no newsstand version.
2802,124,569,Reckoning of Grant,1961-07-17,0.75,100,Key first appearance issue.
2803,204,333,Chaos of Drake,2001-12-18,0.35,44,Reprints classic story with new framing pages.
2804,282,112,Shattered of Vale,1990-07-31,0.75,32,Contains bonus pin-up gallery.
2805,81,506,Convergence of Grant,2015-07-03,0.15,32,Reprints classic story with new framing pages.
2806,61,228,Inferno of Drake,1986-09-11,1.25,100,Direct edition only; no newsstand version.
2807,31,441,Legacy of Fox,2013-10-24,2.5,44,Controversial issue banned in three states.
2808,233,567,Vendetta of Nash,2016-12-06,0.5,100,Contains bonus pin-up gallery.
2809,136,767,Reborn of Nash,2021-06-30,0.1,64,Key first appearance issue.
2810,259,446,Vendetta of Morgan,2019-04-01,2.99,64,Part of a crossover event.
2811,212,23,Convergence of Drake,2019-12-10,0.1,28,Reprints classic story with new framing pages.
2812,88,48,Convergence of Cross,2011-05-07,0.15,44,Low distribution; considered scarce.
2813,122,34,Chaos of Holt,1999-08-06,0.12,100,High print run; common in collections.
2814,89,357,Uprising of Vale,2015-11-18,0.5,32,Key first appearance issue.
2815,86,367,Shadows of Drake,2008-12-22,0.25,44,Part of a crossover event.
2816,177,61,Rising of Price,2023-04-15,0.75,44,Low distribution; considered scarce.
2817,169,700,Dawn of Vale,2024-03-15,2.5,100,Double-sized anniversary issue.
2818,284,292,Uprising of Price,2017-07-27,0.5,36,High print run; common in collections.
2819,84,253,Nemesis of Cross,1958-04-21,2.99,32,Key first appearance issue.
2820,276,356,Reborn of Grant,1969-08-07,0.75,28,Controversial issue banned in three states.
2821,138,277,Shadows of Cross,2012-07-11,0.12,64,Part of a crossover event.
2822,202,627,Shattered of Price,2018-10-04,0.25,24,Landmark story milestone.
2823,74,509,Nemesis of Stone,2018-09-21,0.15,64,Contains bonus pin-up gallery.
2824,159,381,Chaos of Cross,1969-03-09,0.15,24,Direct edition only; no newsstand version.
2825,94,794,Chaos of Voss,2010-09-04,0.5,64,Part of a crossover event.
2826,51,136,Convergence of Ward,2022-02-22,3.99,28,High print run; common in collections.
2827,52,382,Revelation of Ward,2018-10-20,0.25,48,Low distribution; considered scarce.
2828,243,155,Resurgence of Ward,1988-02-23,1,48,Landmark story milestone.
2829,73,636,Legacy of Kane,1956-02-21,3.99,36,Key first appearance issue.
2830,3,676,Descent of Holt,1948-02-08,1.5,32,Low distribution; considered scarce.
2831,32,171,Rising of Voss,1954-04-15,1.95,36,Part of a crossover event.
2832,182,326,Rising of Holt,1953-11-22,0.5,32,Landmark story milestone.
2833,298,108,Vendetta of Vale,1957-03-05,0.12,80,Contains bonus pin-up gallery.
2834,249,473,Fallen of Holt,2022-08-18,3.99,100,Controversial issue banned in three states.
2835,192,760,Chaos of Steele,2002-07-13,0.25,28,Double-sized anniversary issue.
2836,280,726,Chaos of Flynn,2008-08-06,0.2,100,Controversial issue banned in three states.
2837,4,791,Descent of Stark,1973-11-06,4.99,24,Direct edition only; no newsstand version.
2838,253,392,Reborn of Stone,1990-03-22,0.5,36,Controversial issue banned in three states.
2839,286,363,Rising of Nash,2020-08-23,0.12,32,Part of a crossover event.
2840,240,682,Vendetta of Crane,2023-01-16,1,24,Double-sized anniversary issue.
2841,171,368,Resurgence of Cole,2020-04-17,0.5,80,Controversial issue banned in three states.
2842,165,448,Oblivion of Steele,1982-12-03,2.5,32,Key first appearance issue.
2843,261,408,Oblivion of Steele,1958-12-21,0.35,44,Low distribution; considered scarce.
2844,111,799,Eclipse of Nash,1973-09-01,0.15,100,Direct edition only; no newsstand version.
2845,87,163,Convergence of Cross,2018-10-31,1.95,24,Landmark story milestone.
2846,274,362,Nemesis of Cross,2004-01-22,1.25,64,Controversial issue banned in three states.
2847,283,194,Reborn of Holt,1973-08-12,0.35,24,Landmark story milestone.
2848,87,252,Chaos of Voss,1983-08-01,1.25,100,Reprints classic story with new framing pages.
2849,90,12,Reckoning of Price,2003-08-25,2.99,48,Controversial issue banned in three states.
2850,228,138,Legacy of Ward,1989-10-13,0.1,40,Part of a crossover event.
2851,27,370,Legacy of Stone,1998-01-10,0.35,28,Contains bonus pin-up gallery.
2852,146,41,Reckoning of Vale,2021-08-18,0.15,24,Landmark story milestone.
2853,295,252,Inferno of Stone,1943-03-26,0.35,32,Controversial issue banned in three states.
2854,153,96,Shadows of Hunt,1973-03-14,0.75,48,Key first appearance issue.
2855,24,22,Resurgence of Steele,1970-05-09,3.99,64,Key first appearance issue.
2856,165,288,Nemesis of Kane,1981-03-30,2.99,24,Contains bonus pin-up gallery.
2857,224,401,Vendetta of Stone,1997-10-27,1.95,24,Key first appearance issue.
2858,294,234,Fracture of Cross,2013-08-26,0.5,40,Direct edition only; no newsstand version.
2859,47,436,Fallen of Vale,1978-06-29,0.2,36,High print run; common in collections.
2860,211,13,Shattered of Holt,1958-04-15,1.25,28,Direct edition only; no newsstand version.
2861,154,205,Rising of Ward,1997-02-26,1.95,40,Low distribution; considered scarce.
2862,60,202,Fracture of Cross,1968-05-25,3.99,64,Direct edition only; no newsstand version.
2863,268,489,Legacy of Drake,1992-01-22,2.99,36,Low distribution; considered scarce.
2864,150,639,Dawn of Holt,2004-01-29,2.99,28,Contains bonus pin-up gallery.
2865,168,103,Resurgence of Grant,1982-04-05,3.99,24,Landmark story milestone.
2866,254,631,Reborn of Stone,2012-10-19,0.35,40,Controversial issue banned in three states.
2867,22,294,Descent of Vale,1965-07-26,3.99,40,Low distribution; considered scarce.
2868,137,788,Oblivion of Cross,1949-06-09,0.75,40,Part of a crossover event.
2869,220,344,Uprising of Cole,2005-07-07,2.5,100,Low distribution; considered scarce.
2870,230,780,Reckoning of Cross,1972-10-15,1.95,40,Double-sized anniversary issue.
2871,190,388,Fallen of Crane,2020-07-12,0.12,40,Contains bonus pin-up gallery.
2872,89,529,Legacy of Holt,2016-02-10,0.15,24,Key first appearance issue.
2873,174,513,Eclipse of Flynn,2016-08-20,4.99,40,Controversial issue banned in three states.
2874,47,744,Chaos of Vale,1978-03-11,1.5,100,Reprints classic story with new framing pages.
2875,9,596,Revelation of Stark,1967-09-24,0.15,40,Direct edition only; no newsstand version.
2876,26,501,Legacy of Kane,2016-09-16,1.25,36,Contains bonus pin-up gallery.
2877,259,269,Chaos of Stone,2018-09-20,3.99,24,Direct edition only; no newsstand version.
2878,193,556,Fracture of Nash,2005-09-11,2.99,40,Direct edition only; no newsstand version.
2879,240,696,Nemesis of Vale,2020-09-26,2.5,80,Landmark story milestone.
2880,189,711,Shadows of Cole,2021-05-01,1.95,80,Reprints classic story with new framing pages.
2881,293,62,Fallen of Fox,2012-05-17,4.99,32,Reprints classic story with new framing pages.
2882,57,796,Resurgence of Burns,1996-06-30,1.5,24,Contains bonus pin-up gallery.
2883,288,21,Vendetta of Vale,2007-04-10,1.95,48,Direct edition only; no newsstand version.
2884,18,38,Revelation of Vale,2017-10-14,3.99,40,Direct edition only; no newsstand version.
2885,261,217,Reckoning of Ward,1958-07-06,4.99,64,High print run; common in collections.
2886,12,483,Rising of Grant,1997-02-23,0.25,32,Controversial issue banned in three states.
2887,216,487,Reborn of Holt,1982-10-24,0.15,100,Key first appearance issue.
2888,263,521,Resurgence of Crane,2005-07-25,1.5,36,Double-sized anniversary issue.
2889,169,613,Dawn of Ward,2022-05-02,4.99,36,Reprints classic story with new framing pages.
2890,213,312,Convergence of Cole,2016-04-17,4.99,48,Key first appearance issue.
2891,162,331,Reckoning of Burns,1966-04-20,0.25,32,Landmark story milestone.
2892,234,269,Descent of Crane,1990-05-01,0.15,80,Direct edition only; no newsstand version.
2893,227,417,Nemesis of Stone,1943-05-03,0.35,24,Landmark story milestone.
2894,206,167,Reborn of Morgan,1989-04-12,4.99,36,Reprints classic story with new framing pages.
2895,298,786,Resurgence of Price,1951-12-28,0.15,100,Double-sized anniversary issue.
2896,82,123,Descent of Steele,1985-01-03,2.99,44,High print run; common in collections.
2897,120,93,Fracture of Morgan,1992-05-26,2.99,40,Reprints classic story with new framing pages.
2898,135,415,Reborn of Burns,2018-12-04,0.35,24,High print run; common in collections.
2899,275,90,Revelation of Flynn,1987-01-12,1.25,100,Key first appearance issue.
2900,58,368,Reborn of Price,2005-04-28,2.99,64,Key first appearance issue.
2901,195,66,Shattered of Flynn,1990-02-12,3.99,36,Key first appearance issue.
2902,189,622,Resurgence of Cross,2020-11-24,1,36,Double-sized anniversary issue.
2903,263,675,Revelation of Drake,1989-12-08,0.25,28,Contains bonus pin-up gallery.
2904,276,425,Oblivion of Cole,1971-07-04,0.1,48,Direct edition only; no newsstand version.
2905,139,695,Rising of Flynn,1999-12-13,0.12,28,Direct edition only; no newsstand version.
2906,130,670,Resurgence of Voss,2009-03-08,1.5,24,High print run; common in collections.
2907,230,118,Oblivion of Drake,1961-01-14,0.25,48,Low distribution; considered scarce.
2908,22,50,Uprising of Morgan,1978-01-07,0.12,80,Landmark story milestone.
2909,233,412,Fallen of Cole,2016-11-22,0.35,100,Direct edition only; no newsstand version.
2910,282,667,Vendetta of Burns,1983-10-19,1.5,24,Key first appearance issue.
2911,235,529,Resurgence of Hunt,2007-04-21,1.5,100,Controversial issue banned in three states.
2912,240,283,Shadows of Voss,2023-07-16,2.99,80,Key first appearance issue.
2913,217,702,Rising of Price,1996-02-21,2.5,28,Controversial issue banned in three states.
2914,242,402,Fallen of Morgan,2014-03-21,0.12,80,Controversial issue banned in three states.
2915,9,640,Rising of Fox,1972-05-20,0.12,32,Direct edition only; no newsstand version.
2916,100,271,Chaos of Holt,2000-02-01,0.5,44,Reprints classic story with new framing pages.
2917,196,658,Chaos of Flynn,1954-02-15,4.99,24,Landmark story milestone.
2918,92,754,Vendetta of Steele,1943-12-25,1.25,32,Part of a crossover event.
2919,111,611,Reckoning of Hunt,1968-07-28,0.15,32,High print run; common in collections.
2920,235,255,Reckoning of Cross,2012-03-02,1,100,Contains bonus pin-up gallery.
2921,208,722,Dawn of Vale,2017-10-29,2.5,64,Key first appearance issue.
2922,68,301,Revelation of Ward,2015-08-31,1.5,32,Low distribution; considered scarce.
2923,22,364,Revelation of Crane,1973-10-15,1,80,Landmark story milestone.
2924,273,451,Inferno of Holt,2012-02-17,0.1,36,Direct edition only; no newsstand version.
2925,140,560,Fallen of Kane,1991-09-21,1.95,100,Contains bonus pin-up gallery.
2926,256,531,Inferno of Holt,1984-04-26,2.5,48,Controversial issue banned in three states.
2927,102,237,Legacy of Drake,1966-06-05,2.5,48,Contains bonus pin-up gallery.
2928,271,291,Reborn of Voss,1951-04-16,0.25,44,Reprints classic story with new framing pages.
2929,159,497,Convergence of Steele,1968-09-18,0.12,40,Controversial issue banned in three states.
2930,269,189,Convergence of Crane,2004-09-04,0.25,24,Direct edition only; no newsstand version.
2931,214,75,Fracture of Hunt,1942-06-19,2.99,32,High print run; common in collections.
2932,177,625,Reborn of Price,2001-11-29,0.25,100,Reprints classic story with new framing pages.
2933,281,221,Eclipse of Grant,2011-07-25,4.99,48,Double-sized anniversary issue.
2934,264,728,Oblivion of Fox,2023-05-30,0.35,44,Direct edition only; no newsstand version.
2935,7,125,Revelation of Holt,1959-10-03,0.35,24,Double-sized anniversary issue.
2936,129,253,Rising of Flynn,2001-04-10,0.5,100,Double-sized anniversary issue.
2937,98,87,Fallen of Steele,2022-06-13,2.5,24,Key first appearance issue.
2938,3,297,Vendetta of Drake,1943-12-26,3.99,48,Controversial issue banned in three states.
2939,35,759,Revelation of Drake,2008-09-16,1.25,100,Landmark story milestone.
2940,112,122,Reckoning of Stone,1973-12-17,4.99,44,Controversial issue banned in three states.
2941,279,136,Dawn of Hunt,1964-07-17,2.99,44,Direct edition only; no newsstand version.
2942,153,761,Fallen of Burns,1969-10-16,0.1,44,Reprints classic story with new framing pages.
2943,78,532,Convergence of Vale,1947-04-01,1.5,36,Key first appearance issue.
2944,292,437,Legacy of Price,2011-09-25,0.2,100,Low distribution; considered scarce.
2945,287,411,Fallen of Hunt,1958-12-01,0.12,44,Direct edition only; no newsstand version.
2946,274,5,Shadows of Stark,2003-06-24,1.95,36,Key first appearance issue.
2947,230,419,Legacy of Kane,1973-10-22,2.99,100,Part of a crossover event.
2948,246,776,Vendetta of Morgan,1989-11-10,1.25,36,Low distribution; considered scarce.
2949,252,124,Convergence of Flynn,1962-10-12,0.75,28,High print run; common in collections.
2950,247,415,Rising of Morgan,1969-03-01,0.12,64,Contains bonus pin-up gallery.
2951,254,658,Convergence of Voss,1993-10-24,4.99,44,Key first appearance issue.
2952,116,89,Reborn of Cross,1957-09-13,0.12,32,Part of a crossover event.
2953,299,740,Shadows of Hunt,1975-05-08,0.5,80,Contains bonus pin-up gallery.
2954,100,471,Dawn of Stone,1989-09-17,1.25,32,Low distribution; considered scarce.
2955,159,460,Vendetta of Grant,1962-03-03,0.1,40,Contains bonus pin-up gallery.
2956,221,455,Descent of Crane,1983-02-22,0.25,36,Part of a crossover event.
2957,34,6,Oblivion of Crane,1964-12-03,1.5,28,Reprints classic story with new framing pages.
2958,37,645,Dawn of Grant,1992-02-20,1.95,28,Contains bonus pin-up gallery.
2959,123,171,Descent of Hunt,2022-12-24,1.95,28,Low distribution; considered scarce.
2960,181,198,Chaos of Drake,1993-03-15,0.15,80,Part of a crossover event.
2961,261,353,Inferno of Grant,1953-01-12,0.15,28,Part of a crossover event.
2962,232,278,Shattered of Ward,1964-05-18,1.95,36,Reprints classic story with new framing pages.
2963,60,49,Oblivion of Stark,1964-06-19,0.1,24,Low distribution; considered scarce.
2964,6,252,Reckoning of Burns,1996-03-08,1.5,40,Landmark story milestone.
2965,277,19,Revelation of Price,1966-02-05,0.25,32,Landmark story milestone.
2966,277,698,Uprising of Hunt,1963-04-09,2.5,48,Controversial issue banned in three states.
2967,21,527,Inferno of Grant,2020-09-04,2.5,40,Key first appearance issue.
2968,228,554,Reckoning of Steele,2011-12-17,2.5,44,Controversial issue banned in three states.
2969,174,392,Vendetta of Crane,2016-04-02,0.5,36,High print run; common in collections.
2970,176,136,Uprising of Drake,2012-05-05,0.5,100,Contains bonus pin-up gallery.
2971,154,22,Resurgence of Cole,2002-10-29,0.12,48,Contains bonus pin-up gallery.
2972,22,738,Shattered of Grant,1980-09-05,4.99,24,Reprints classic story with new framing pages.
2973,87,696,Rising of Price,1972-09-06,0.15,80,Low distribution; considered scarce.
2974,114,95,Uprising of Steele,1964-10-08,2.5,48,Landmark story milestone.
2975,50,551,Chaos of Grant,1968-01-30,1.5,80,Key first appearance issue.
2976,176,409,Revelation of Cross,2010-11-30,0.2,28,Reprints classic story with new framing pages.
2977,207,303,Fracture of Cross,1994-06-14,0.25,24,Part of a crossover event.
2978,116,482,Reckoning of Stark,1959-09-27,4.99,40,Part of a crossover event.
2979,143,492,Dawn of Grant,1988-08-29,0.25,36,Landmark story milestone.
2980,228,66,Vendetta of Ward,2021-09-03,0.15,100,Reprints classic story with new framing pages.
2981,174,591,Chaos of Crane,2016-09-06,4.99,48,Direct edition only; no newsstand version.
2982,68,185,Revelation of Flynn,1984-07-21,2.5,24,Part of a crossover event.
2983,119,142,Nemesis of Voss,1998-04-22,1.25,24,Controversial issue banned in three states.
2984,192,569,Fracture of Morgan,1997-11-26,0.5,48,Double-sized anniversary issue.
2985,206,339,Dawn of Ward,1985-04-10,0.75,24,Direct edition only; no newsstand version.
2986,203,445,Reckoning of Nash,2004-09-15,0.12,32,Double-sized anniversary issue.
2987,45,273,Reckoning of Price,2009-06-25,0.2,24,High print run; common in collections.
2988,23,122,Convergence of Drake,1993-02-21,0.75,24,Controversial issue banned in three states.
2989,187,24,Shattered of Holt,1965-01-13,1.5,32,High print run; common in collections.
2990,236,583,Fracture of Price,1991-04-15,1.95,36,Landmark story milestone.
2991,295,192,Nemesis of Drake,1945-08-22,0.12,100,Double-sized anniversary issue.
2992,221,137,Fracture of Nash,1983-03-30,4.99,40,Part of a crossover event.
2993,132,280,Reborn of Steele,2015-10-15,0.12,44,Low distribution; considered scarce.
2994,286,711,Vendetta of Flynn,2017-04-25,0.75,80,Landmark story milestone.
2995,64,646,Descent of Kane,2002-09-24,2.5,44,Part of a crossover event.
2996,272,291,Vendetta of Flynn,1996-06-24,2.5,48,Controversial issue banned in three states.
2997,86,703,Inferno of Steele,2024-10-14,0.2,64,Reprints classic story with new framing pages.
2998,254,323,Legacy of Ward,1987-05-08,0.1,36,Direct edition only; no newsstand version.
2999,53,431,Fallen of Burns,2019-05-17,2.99,24,Contains bonus pin-up gallery.
3000,6,460,Fallen of Crane,1989-08-24,2.5,24,Controversial issue banned in three states.
