card_id,name,supertype,subtypes,set_id,artist_id,rarity_id
swsh6-76,Diglett,Pokémon,"Basic,Rapid Strike",swsh6,224,21
swsh10-142,Gapejaw Bog,Trainer,Stadium,swsh10,145,29
swsh12pt5-33,Corphish,Pokémon,Basic,swsh12pt5,131,21
swsh8-64,Swampert,Pokémon,Stage 2,swsh8,117,34
sm7-158,Scizor-GX,Pokémon,"Stage 1,GX",sm7,76,28
dp4-69,Houndour,Pokémon,Basic,dp4,116,21
svp-152,Chien-Pao,Pokémon,Basic,svp,,38
sv4-47,Wimpod,Pokémon,Basic,sv4,90,21
base5-74,Challenge!,Trainer,,base5,162,29
smp-SM190,Detective Pikachu,Pokémon,Basic,smp,220,38
swsh7-207,Gyarados VMAX,Pokémon,VMAX,swsh7,317,20
sm11-180,Yungoos,Pokémon,Basic,sm11,90,21
hgss3-THREE,Alph Lithograph,Trainer,Item,hgss3,364,27
sv10-98,Probopass,Pokémon,Stage 1,sv10,129,29
sv8pt5-88,Furfrou,Pokémon,Basic,sv8pt5,,21
swsh9-99,Probopass,Pokémon,Stage 1,swsh9,187,29
xyp-XY108,Machamp-EX,Pokémon,"Basic,EX",xyp,297,38
dpp-DP47,Rayquaza C LV.X,Pokémon,"Level-Up,SP",dpp,298,38
ecard3-44,Starmie,Pokémon,Stage 1,ecard3,271,29
pop6-15,Piplup,Pokémon,Basic,pop6,191,21
sm115-68,Jessie & James,Trainer,Supporter,sm115,184,28
swsh8-236,Power Tablet,Trainer,"Item,Fusion Strike",swsh8,334,29
dp3-61,Raticate,Pokémon,Stage 1,dp3,116,29
sm11-200,Hapu,Trainer,Supporter,sm11,116,29
sv4-172,Rika,Trainer,Supporter,sv4,94,29
bw5-93,Dark Patch,Trainer,Item,bw5,76,29
ex4-36,Team Magma's Lairon,Pokémon,Stage 1,ex4,69,29
swsh8-252,Sandaconda V,Pokémon,"Basic,V",swsh8,304,28
swsh7-48,Arctovish V,Pokémon,"Basic,V",swsh7,297,16
dp6-61,Lucario,Pokémon,Stage 1,dp6,284,29
swsh9tg-TG15,Sylveon VMAX,Pokémon,"VMAX,Rapid Strike",swsh9tg,254,25
sv4-193,Plusle,Pokémon,Basic,sv4,140,7
bwp-BW38,Zekrom-EX,Pokémon,"Basic,EX",bwp,298,38
swsh45sv-SV027,Inteleon,Pokémon,Stage 2,swsh45sv,214,9
sv6-210,Sinistcha ex,Pokémon,"Stage 1,ex",sv6,323,5
swsh6-223,Bronzong,Pokémon,Stage 1,swsh6,297,27
sv4-169,Parasol Lady,Trainer,Supporter,sv4,365,21
neo4-39,Dark Quilava,Pokémon,Stage 1,neo4,108,29
bw5-53,Aerodactyl,Pokémon,Restored,bw5,284,2
gym2-21,Blaine's Ninetales,Pokémon,Stage 1,gym2,116,2
bwp-BW85,Lucario,Pokémon,Stage 1,bwp,117,38
swsh4-111,Garbodor,Pokémon,Stage 1,swsh4,264,2
sm6-37,Helioptile,Pokémon,Basic,sm6,189,21
bw1-38,Alomomola,Pokémon,Basic,bw1,254,29
sm8-45,Houndour,Pokémon,Basic,sm8,116,21
cel25c-145_A,Garchomp C LV.X,Pokémon,"Level-Up,SP",cel25c,298,12
sm9-126,Persian,Pokémon,Stage 1,sm9,293,29
np-32,Articuno ex,Pokémon,"Basic,EX",np,240,38
sm10-210,Janine,Trainer,Supporter,sm10,37,28
ecard2-33,Slowbro,Pokémon,Stage 1,ecard2,308,2
dp2-90,Murkrow,Pokémon,Basic,dp2,191,21
swsh4-90,Riolu,Pokémon,Basic,swsh4,242,21
sv4pt5-184,Sableye,Pokémon,Basic,sv4pt5,214,31
xy1-75,Inkay,Pokémon,Basic,xy1,76,21
rsv10pt5-29,Vanilluxe,Pokémon,Stage 2,rsv10pt5,329,29
ex13-61,Carvanha δ,Pokémon,Basic,ex13,112,21
col1-42,Donphan,Pokémon,Stage 1,col1,198,29
rsv10pt5-115,Zebstrika,Pokémon,Stage 1,rsv10pt5,313,7
ecard2-131,Pokémon Park,Trainer,Stadium,ecard2,23,29
ex3-12,Torkoal,Pokémon,Basic,ex3,162,34
sv3-163,Pidgeotto,Pokémon,Stage 1,sv3,106,29
swsh4-46,Electrode,Pokémon,Stage 1,swsh4,254,34
smp-SM210,Moltres & Zapdos & Articuno-GX,Pokémon,"Basic,TAG TEAM,GX",smp,12,38
xy6-34,Gallade-EX,Pokémon,"Basic,EX",xy6,297,33
xy5-54,Kyogre-EX,Pokémon,"Basic,EX",xy5,196,33
sv9-113,Shelgon,Pokémon,Stage 1,sv9,144,21
neo4-40,Dark Wigglytuff,Pokémon,Stage 1,neo4,189,29
swsh10-171,Machamp V,Pokémon,"Basic,V",swsh10,232,28
sv1-235,Arven,Trainer,Supporter,sv1,94,32
bw11-68,Garbodor,Pokémon,Stage 1,bw11,39,34
dp7-52,Staravia,Pokémon,Stage 1,dp7,198,29
swsh4-159,Rocky Helmet,Trainer,Pokémon Tool,swsh4,296,29
sm6-93,Sliggoo,Pokémon,Stage 1,sm6,191,29
dp2-76,Chansey,Pokémon,Basic,dp2,191,21
sm11-76,Jynx,Pokémon,Basic,sm11,129,29
base5-26,Dark Hypno,Pokémon,Stage 1,base5,162,2
sv8pt5-149,Vaporeon ex,Pokémon,"Stage 1,Tera,ex",sv8pt5,,5
swsh12-2,Venomoth,Pokémon,Stage 1,swsh12,162,29
col1-18,Pachirisu,Pokémon,Basic,col1,253,34
sv5-115,Metagross,Pokémon,Stage 2,sv5,208,29
sv4-103,Naclstack,Pokémon,Stage 1,sv4,105,21
hgss1-15,Ariados,Pokémon,Stage 1,hgss1,116,2
sm12-3,Gloom,Pokémon,Stage 1,sm12,254,29
ex12-86,Dustox ex,Pokémon,"Stage 2,ex",ex12,108,33
sv3-177,Gumshoos,Pokémon,Stage 1,sv3,377,29
pop2-6,Venusaur,Pokémon,Stage 2,pop2,108,2
xy8-10,Quilladin,Pokémon,Stage 1,xy8,189,29
sm9-97,Incineroar-GX,Pokémon,"Stage 2,GX",sm9,76,10
pl4-96,Arceus LV.X,Pokémon,Level-Up,pl4,232,3
bw5-62,Sableye,Pokémon,Basic,bw5,73,29
ex9-28,Grovyle,Pokémon,Stage 1,ex9,108,29
me2-66,Krookodile,Pokémon,Stage 2,me2,66,29
xy5-8,Sceptile,Pokémon,Stage 2,xy5,163,2
sma-SV17,Inkay,Pokémon,Basic,sma,90,9
ex11-52,Rapidash,Pokémon,Stage 1,ex11,191,29
ex14-37,Lombre,Pokémon,Stage 1,ex14,162,29
base4-119,Energy Removal,Trainer,,base4,307,21
dp3-78,Burmy Plant Cloak,Pokémon,Basic,dp3,112,21
swsh10-201,Cyllene,Trainer,Supporter,swsh10,214,20
rsv10pt5-72,Patrat,Pokémon,Basic,rsv10pt5,263,21
ex16-75,Energy Switch,Trainer,Item,ex16,347,29
sv4pt5-240,Wo-Chien ex,Pokémon,"Basic,ex",sv4pt5,76,1
rsv10pt5-38,Sigilyph,Pokémon,Basic,rsv10pt5,209,29
sm12-235,Roller Skater,Trainer,Supporter,sm12,214,28
pl1-22,Blissey,Pokémon,Stage 1,pl1,191,2
ex11-78,Ponyta,Pokémon,Basic,ex11,284,21
ex12-15,Absol,Pokémon,Basic,ex12,198,2
bw11-RC4,Growlithe,Pokémon,Basic,bw11,351,29
me1-109,Yungoos,Pokémon,Basic,me1,,21
base2-28,Vaporeon,Pokémon,Stage 1,base2,162,2
bw9-4,Exeggcute,Pokémon,Basic,bw9,90,29
swsh12-86,Indeedee,Pokémon,Basic,swsh12,183,21
xy4-78,Spearow,Pokémon,Basic,xy4,71,21
pl3-90,Beldum,Pokémon,Basic,pl3,191,21
swsh8-71,Galarian Darumaka,Pokémon,Basic,swsh8,191,21
mcd21-22,Froakie,Pokémon,Basic,mcd21,76,13
xy8-50,Raichu BREAK,Pokémon,BREAK,xy8,76,15
me2-15,Darumaka,Pokémon,Basic,me2,81,21
bw8-95,Black Kyurem-EX,Pokémon,"Basic,EX",bw8,298,33
ex15-5,Milotic δ,Pokémon,Stage 1,ex15,198,34
sv3pt5-120,Staryu,Pokémon,Basic,sv3pt5,327,21
sv4pt5-73,Tandemaus,Pokémon,Basic,sv4pt5,145,21
swsh10-184,Gardenia's Vigor,Trainer,Supporter,swsh10,339,28
xy10-86,Minccino,Pokémon,Basic,xy10,215,21
sv3-198,Gloom,Pokémon,Stage 1,sv3,316,7
hgss2-77,Interviewer's Questions,Trainer,Supporter,hgss2,112,29
mcd22-14,Drampa,Pokémon,Basic,mcd22,17,13
ex4-96,Absol,Pokémon,Basic,ex4,108,27
me2-115,Mega Lopunny ex,Pokémon,"Stage 1,MEGA,ex",me2,76,32
ex7-51,Cubone,Pokémon,Basic,ex7,112,21
bw7-102,White Kyurem,Pokémon,Basic,bw7,76,2
sm9-96,Hoopa-GX,Pokémon,"Basic,GX",sm9,76,10
sv4pt5-148,Abra,Pokémon,Basic,sv4pt5,112,31
swsh5-19,Flapple VMAX,Pokémon,VMAX,swsh5,70,25
sm3-63,Necrozma-GX,Pokémon,"Basic,GX",sm3,216,10
ex9-6,Kyogre,Pokémon,Basic,ex9,117,34
pl2-45,Leafeon,Pokémon,Stage 1,pl2,38,29
sv2-44,Marill,Pokémon,Basic,sv2,47,21
swsh7-83,Medicham V,Pokémon,"Basic,V,Rapid Strike",swsh7,290,16
xyp-XY30,Blastoise-EX,Pokémon,"Basic,EX",xyp,297,38
sv3pt5-183,Charizard ex,Pokémon,"Stage 2,ex",sv3pt5,336,32
swsh8-42,Oricorio,Pokémon,"Basic,Fusion Strike",swsh8,145,2
base3-39,Magmar,Pokémon,Basic,base3,108,29
hgss1-107,Donphan,Pokémon,"Stage 1,Prime",hgss1,79,23
xy1-98,Doduo,Pokémon,Basic,xy1,125,21
sv8-246,Lisia's Appeal,Trainer,Supporter,sv8,,5
bw3-96,Xtransceiver,Trainer,Item,bw3,232,29
ex6-7,Marowak,Pokémon,Stage 1,ex6,308,34
xy10-59,Wormadam,Pokémon,Stage 1,xy10,271,29
sv4-244,Tulip,Trainer,Supporter,sv4,292,32
basep-2,Electabuzz,Pokémon,Basic,basep,116,38
sv7-104,Melmetal,Pokémon,Stage 1,sv7,,2
ex14-4,Charizard δ,Pokémon,Stage 2,ex14,112,34
smp-SM194,Detective Pikachu,Pokémon,Basic,smp,213,38
sv4-132,Doublade,Pokémon,Stage 1,sv4,352,21
gym2-14,Rocket's Mewtwo,Pokémon,Basic,gym2,257,34
bw5-74,Escavalier,Pokémon,Stage 1,bw5,117,2
sv3pt5-53,Persian,Pokémon,Stage 1,sv3pt5,292,29
bw11-79,Riolu,Pokémon,Basic,bw11,284,29
swsh8-149,Pancham,Pokémon,Basic,swsh8,40,21
xy12-35,Pikachu,Pokémon,Basic,xy12,108,21
xy2-78,Kangaskhan-EX,Pokémon,"Basic,EX",xy2,297,33
swsh5-174,Korrina's Focus,Trainer,"Supporter,Rapid Strike",swsh5,256,20
swsh7-28,Gyarados V,Pokémon,"Basic,V",swsh7,70,16
swsh12pt5gg-GG58,Cheren's Care,Trainer,Supporter,swsh12pt5gg,24,28
g1-72,Shauna,Trainer,Supporter,g1,116,29
sv8-251,Night Stretcher,Trainer,Item,sv8,,1
pl1-94,Skuntank G,Pokémon,"Basic,SP",pl1,258,21
ex10-59,Hoothoot,Pokémon,Basic,ex10,108,21
dp2-45,Dewgong,Pokémon,Stage 1,dp2,117,29
base5-59,Machop,Pokémon,Basic,base5,116,21
sv9-46,Alolan Golem,Pokémon,Stage 2,sv9,360,29
gym2-100,Blaine,Trainer,,gym2,116,2
swshp-SWSH006,Rillaboom,Pokémon,Stage 2,swshp,112,38
swsh5-102,Bronzong,Pokémon,Stage 1,swsh5,264,34
pl1-85,Piplup,Pokémon,Basic,pl1,108,21
base1-84,PlusPower,Trainer,,base1,307,29
sv8pt5-118,Ogre's Mask,Trainer,Item,sv8pt5,,29
sv8-102,Phanpy,Pokémon,Basic,sv8,,21
bw11-101,White Kyurem-EX,Pokémon,"Basic,EX",bw11,297,33
dp5-88,Warp Point,Trainer,Item,dp5,232,29
sm8-59,Suicune,Pokémon,Basic,sm8,277,34
swsh12pt5-19,Charizard VSTAR,Pokémon,VSTAR,swsh12pt5,76,24
pop6-13,Cherubi,Pokémon,Basic,pop6,191,21
ex11-7,Jolteon δ,Pokémon,Stage 1,ex11,112,34
dp6-8,Luxray,Pokémon,Stage 2,dp6,108,34
hgss1-70,Koffing,Pokémon,Basic,hgss1,163,21
swsh12pt5-14,Leafeon VSTAR,Pokémon,VSTAR,swsh12pt5,83,24
swsh45sv-SV064,Galarian Sirfetch'd,Pokémon,Stage 1,swsh45sv,112,9
sm4-86,Cinccino,Pokémon,Stage 1,sm4,131,29
sm75-35,Dratini,Pokémon,Basic,sm75,277,21
sv5-152,Hero's Cape,Trainer,"Pokémon Tool,ACE SPEC",sv5,334,19
ex12-83,Arcanine ex,Pokémon,"Stage 1,ex",ex12,136,33
swshp-SWSH080,Dedenne,Pokémon,Basic,swshp,55,38
swsh12pt5gg-GG30,Pikachu,Pokémon,Basic,swsh12pt5gg,112,37
xy1-96,Xerneas,Pokémon,Basic,xy1,76,2
xy7-55,Cottonee,Pokémon,Basic,xy7,194,21
xy5-49,Clamperl,Pokémon,Basic,xy5,108,21
rsv10pt5-120,Swoobat,Pokémon,Stage 1,rsv10pt5,323,7
sm12-263,Giant Hearth,Trainer,Stadium,sm12,76,27
sm2-27,Carvanha,Pokémon,Basic,sm2,37,21
pl1-78,Kricketot,Pokémon,Basic,pl1,271,21
sm7-119,Exploud,Pokémon,Stage 2,sm7,73,2
sv6pt5-77,Fraxure,Pokémon,Stage 1,sv6pt5,,7
sm11-191,Cherish Ball,Trainer,Item,sm11,76,29
svp-38,Togekiss,Pokémon,Stage 2,svp,140,38
xy12-16,Ninetales BREAK,Pokémon,BREAK,xy12,76,15
bw4-15,Pansear,Pokémon,Basic,bw4,274,21
xy3-87,Noibat,Pokémon,Basic,xy3,76,21
smp-SM132,Delcatty,Pokémon,Stage 1,smp,131,38
sm1-135,Ultra Ball,Trainer,Item,sm1,232,29
swsh4-10,Seedot,Pokémon,Basic,swsh4,38,21
swsh8-58,Marill,Pokémon,Basic,swsh8,129,21
sv3-215,Charizard ex,Pokémon,"Stage 2,ex,Tera",sv3,76,32
sv3pt5-109,Koffing,Pokémon,Basic,sv3pt5,322,21
g1-3,Caterpie,Pokémon,Basic,g1,125,21
zsv10pt5-85,Professor's Research,Trainer,Supporter,zsv10pt5,256,29
ex13-85,Holon Adventurer,Trainer,Supporter,ex13,112,29
sv10-77,Rotom,Pokémon,Basic,sv10,45,21
pl3-1,Absol G,Pokémon,"Basic,SP",pl3,203,34
ex14-51,Duskull,Pokémon,Basic,ex14,293,21
pl1-59,Prinplup,Pokémon,Stage 1,pl1,108,29
me1-43,Frosmoth,Pokémon,Stage 1,me1,,29
g1-RC30,Gardevoir-EX,Pokémon,"Basic,EX",g1,71,28
sv10-207,Arboliva ex,Pokémon,"Stage 2,ex",sv10,70,32
sv1-119,Silicobra,Pokémon,Basic,sv1,112,21
xyp-XY190,Manaphy,Pokémon,Basic,xyp,116,38
sm1-23,Torkoal,Pokémon,Basic,sm1,254,21
dp6-13,Probopass,Pokémon,Stage 1,dp6,79,34
xy11-15,Volcarona,Pokémon,Stage 1,xy11,112,2
zsv10pt5-21,Seismitoad,Pokémon,Stage 2,zsv10pt5,124,29
sv5-153,Master Ball,Trainer,"Item,ACE SPEC",sv5,296,19
sm8-187,Net Ball,Trainer,Item,sm8,232,29
ecard1-9,Dragonite,Pokémon,Stage 2,ecard1,162,34
sm5-28,Alolan Sandshrew,Pokémon,Basic,sm5,317,21
me1-40,Drizzile,Pokémon,Stage 1,me1,,21
sm7-161,Apricorn Maker,Trainer,Supporter,sm7,162,28
ex13-91,Claw Fossil,Trainer,Item,ex13,232,21
sm3-22,Pansear,Pokémon,Basic,sm3,189,21
swsh4-95,Lycanroc,Pokémon,Stage 1,swsh4,277,2
swsh45-10,Dhelmise VMAX,Pokémon,VMAX,swsh45,336,25
ex15-75,Holon Mentor,Trainer,Supporter,ex15,112,29
swsh9-147,Professor's Research,Trainer,Supporter,swsh9,351,34
xy8-108,Axew,Pokémon,Basic,xy8,162,21
swsh6-169,Galarian Articuno V,Pokémon,"Basic,V",swsh6,76,28
swsh6-16,Grookey,Pokémon,"Basic,Rapid Strike",swsh6,183,21
ex5-10,Medicham,Pokémon,Stage 1,ex5,191,34
sv5-194,Farigiraf ex,Pokémon,"Stage 1,Tera,ex",sv5,76,32
swsh7-227,Inteleon,Pokémon,"Stage 2,Rapid Strike",swsh7,115,27
ex2-21,Sandslash,Pokémon,Stage 1,ex2,112,2
swsh4-63,Clefairy,Pokémon,Basic,swsh4,12,21
swsh9-26,Infernape,Pokémon,Stage 2,swsh9,277,34
sm6-75,Rockruff,Pokémon,Basic,sm6,17,21
swshp-SWSH256,Origin Forme Dialga VSTAR,Pokémon,VSTAR,swshp,76,38
swsh12-195,Worker,Trainer,Supporter,swsh12,55,28
swsh12-151,Brandon,Trainer,Supporter,swsh12,116,29
sv4-148,Whismur,Pokémon,Basic,sv4,254,21
sv9-12,Shelmet,Pokémon,Basic,sv9,286,21
swshp-SWSH242,Comfey,Pokémon,Basic,swshp,151,38
sv5-83,Medicham,Pokémon,Stage 1,sv5,316,21
sm8-195,Shuckle-GX,Pokémon,"Basic,GX",sm8,76,28
sv5-30,Victini,Pokémon,Basic,sv5,322,21
ecard2-67,Aipom,Pokémon,Basic,ecard2,162,21
xy2-69,M Charizard-EX,Pokémon,"MEGA,EX",xy2,76,33
ex4-22,Team Magma's Rhydon,Pokémon,Stage 1,ex4,193,2
bw6-111,Rufflet,Pokémon,Basic,bw6,38,21
svp-88,Pikachu,Pokémon,Basic,svp,47,38
hgss3-69,Stunky,Pokémon,Basic,hgss3,284,21
dp2-123,Magmortar LV.X,Pokémon,Level-Up,dp2,298,3
sv4-252,Gholdengo ex,Pokémon,"Stage 1,ex",sv4,340,5
swshp-SWSH166,Zacian V-UNION,Pokémon,V-UNION,swshp,70,38
sv4pt5-78,Clive,Trainer,Supporter,sv4pt5,376,29
sm5-52,Drifblim,Pokémon,Stage 1,sm5,262,29
swsh6-41,Sobble,Pokémon,"Basic,Rapid Strike",swsh6,55,21
neo4-67,Gligar,Pokémon,Basic,neo4,116,21
ex3-30,Graveler,Pokémon,Stage 1,ex3,198,29
swsh12pt5-140,Raihan,Trainer,Supporter,swsh12pt5,37,34
sv8pt5-68,Heatran,Pokémon,Basic,sv8pt5,,29
swshp-SWSH042,Eevee,Pokémon,Basic,swshp,273,38
sm12-68,Magnemite,Pokémon,Basic,sm12,38,21
ex13-67,Kabuto δ,Pokémon,Stage 1,ex13,163,21
dp1-44,Cascoon,Pokémon,Stage 1,dp1,116,29
dp2-113,Night Maintenance,Trainer,Item,dp2,232,29
sm11-35,Slowpoke & Psyduck-GX,Pokémon,"Basic,TAG TEAM,GX",sm11,108,10
sm2-26,Delibird,Pokémon,Basic,sm2,254,21
sv3-213,Glimmora ex,Pokémon,"Stage 1,ex",sv3,76,32
bw6-44,Manectric,Pokémon,Stage 1,bw6,117,2
dp1-13,Roserade,Pokémon,Stage 1,dp1,240,34
xy1-102,Taillow,Pokémon,Basic,xy1,254,21
swsh8-219,Rookidee,Pokémon,Basic,swsh8,140,21
sv8pt5-170,Amarys,Trainer,Supporter,sv8pt5,,5
sm3-76,Lycanroc,Pokémon,Stage 1,sm3,117,2
xy2-5,Seedot,Pokémon,Basic,xy2,284,21
swsh45-9,Dhelmise V,Pokémon,"Basic,V",swsh45,297,16
bwp-BW10,Axew,Pokémon,Basic,bwp,117,38
base3-28,Muk,Pokémon,Stage 1,base3,108,2
dp7-43,Magneton,Pokémon,Stage 1,dp7,79,29
ex13-60,Barboach,Pokémon,Basic,ex13,198,21
rsv10pt5-172,Victini,Pokémon,Basic,rsv10pt5,76,2
sm8-160,Ho-Oh,Pokémon,Basic,sm8,308,2
sv6-168,Pinsir,Pokémon,Basic,sv6,124,7
dpp-DP53,Arceus LV.X,Pokémon,Level-Up,dpp,298,38
sv4pt5-24,Exeggutor,Pokémon,Stage 1,sv4pt5,170,2
sv8-21,Victini,Pokémon,Basic,sv8,,29
svp-100,Grafaiai ex,Pokémon,"Stage 1,ex",svp,207,38
sv8-25,Volcarona,Pokémon,Stage 1,sv8,,21
sm11-242,Mewtwo & Mew-GX,Pokémon,"Basic,TAG TEAM,GX",sm11,76,20
swsh6-7,Celebi V,Pokémon,"Basic,V",swsh6,305,16
ex5-52,Baltoy,Pokémon,Basic,ex5,271,21
sv6-190,Teal Mask Ogerpon ex,Pokémon,"Basic,Tera,ex",sv6,76,32
ex4-68,Team Magma's Rhyhorn,Pokémon,Basic,ex4,278,21
ex12-56,Lileep,Pokémon,Stage 1,ex12,191,21
ex11-64,Ditto,Pokémon,Basic,ex11,43,21
sv8pt5-146,Flareon ex,Pokémon,"Stage 1,Tera,ex",sv8pt5,,5
smp-SM129,Kyogre,Pokémon,Basic,smp,277,38
swsh6-136,Echoing Horn,Trainer,"Item,Rapid Strike",swsh6,296,29
swsh12pt5-47,Emolga,Pokémon,Basic,swsh12pt5,332,21
hgss2-23,Roserade,Pokémon,Stage 1,hgss2,202,2
cel25-19,Yveltal,Pokémon,Basic,cel25,305,2
ex7-47,Rocket's Wobbuffet,Pokémon,Basic,ex7,108,29
sm35-46,Stunfisk,Pokémon,Basic,sm35,284,21
sv10-198,Team Rocket's Orbeetle,Pokémon,Stage 2,sv10,12,7
sv3pt5-74,Geodude,Pokémon,Basic,sv3pt5,146,21
ex4-45,Slowpoke,Pokémon,Basic,ex4,116,21
svp-147,Iron Boulder ex,Pokémon,"Basic,ex,Future",svp,76,38
neo1-94,Miracle Berry,Trainer,Pokémon Tool,neo1,306,29
swsh35-3,Kakuna,Pokémon,Stage 1,swsh35,189,21
pop6-5,Rampardos,Pokémon,Stage 2,pop6,205,2
neo2-14,Unown [A],Pokémon,Basic,neo2,111,34
swsh7-110,Rayquaza V,Pokémon,"Basic,V,Rapid Strike",swsh7,336,16
bw11-63,Toxicroak,Pokémon,Stage 1,bw11,292,2
gym1-131,Psychic Energy,Energy,Basic,gym1,307,13
sv4pt5-88,Professor's Research,Trainer,Supporter,sv4pt5,215,2
sv7-175,Bravery Charm,Trainer,Pokémon Tool,sv7,,1
swsh12-30,Litten,Pokémon,Basic,swsh12,304,21
swsh7-124,Regidrago,Pokémon,Basic,swsh7,112,34
hgss4-13,Ambipom,Pokémon,Stage 1,hgss4,284,2
swsh3-114,Grimmsnarl V,Pokémon,"Basic,V",swsh3,76,16
pl4-59,Charmander,Pokémon,Basic,pl4,38,21
ex5-20,Masquerain,Pokémon,Stage 1,ex5,286,2
pop1-2,Metagross,Pokémon,Stage 2,pop1,116,2
swsh11tg-TG08,Hisuian Arcanine,Pokémon,Stage 1,swsh11tg,273,37
xy5-139,Shrine of Memories,Trainer,Stadium,xy5,232,29
neo4-86,Unown [L],Pokémon,Basic,neo4,111,21
sm8-191,Thunder Mountain ◇,Trainer,"Stadium,Prism Star",sm8,76,18
ecard1-19,Mew,Pokémon,Basic,ecard1,163,34
sv3-150,Kingambit,Pokémon,Stage 2,sv3,196,29
sma-SV81,Aether Foundation Employee,Trainer,Supporter,sma,236,28
sm1-43,Crabominable,Pokémon,Stage 1,sm1,142,2
swsh6-35,Snorunt,Pokémon,Basic,swsh6,112,21
base2-34,Dodrio,Pokémon,Stage 1,base2,108,29
bw4-42,Shinx,Pokémon,Basic,bw4,191,21
base5-39,Dark Kadabra,Pokémon,Stage 1,base5,162,29
ecard1-16,Machamp,Pokémon,Stage 2,ecard1,257,34
swsh9-67,Dedenne,Pokémon,Basic,swsh9,368,21
sv6pt5-65,Tapu Bulu,Pokémon,Basic,sv6pt5,,7
sm75-10,Heatmor,Pokémon,Basic,sm75,116,29
ex14-81,Mysterious Shard,Trainer,Pokémon Tool,ex14,50,29
swsh4-80,Milcery,Pokémon,Basic,swsh4,112,21
sv3pt5-130,Gyarados,Pokémon,Stage 1,sv3pt5,112,2
me2-108,Mega Heracross ex,Pokémon,"Basic,MEGA,ex",me2,76,32
bw2-50,Roggenrola,Pokémon,Basic,bw2,117,21
xy0-36,Pokémon Catcher,Trainer,Item,xy0,76,13
swsh7-52,Chinchou,Pokémon,Basic,swsh7,129,21
np-35,Pikachu δ,Pokémon,Basic,np,232,38
zsv10pt5-62,Klang,Pokémon,Stage 1,zsv10pt5,74,21
xy11-96,Talonflame,Pokémon,Stage 2,xy11,112,2
dp1-64,Staravia,Pokémon,Stage 1,dp1,117,29
ex11-46,Kakuna,Pokémon,Stage 1,ex11,34,29
dp3-62,Roselia,Pokémon,Basic,dp3,112,29
xy11-53,Primeape,Pokémon,Stage 1,xy11,117,2
pgo-41,Alolan Rattata,Pokémon,Basic,pgo,88,21
xy12-42,Zapdos,Pokémon,Basic,xy12,116,34
zsv10pt5-72,Tranquill,Pokémon,Stage 1,zsv10pt5,101,21
bw9-119,Garbodor,Pokémon,Stage 1,bw9,281,27
bw1-14,Sawsbuck,Pokémon,Stage 1,bw1,284,2
swshp-SWSH276,Togetic,Pokémon,Stage 1,swshp,304,38
swsh8-267,Boltund VMAX,Pokémon,VMAX,swsh8,70,20
swsh11tg-TG23,Adventurer's Discovery,Trainer,Supporter,swsh11tg,256,28
ecard3-148,Golem,Pokémon,Stage 2,ecard3,108,27
pl4-54,Bronzor,Pokémon,Basic,pl4,117,21
swsh10tg-TG13,Starmie V,Pokémon,"Basic,V",swsh10tg,340,16
xy1-131,Rainbow Energy,Energy,Special,xy1,76,29
hgss2-60,Riolu,Pokémon,Basic,hgss2,112,21
ex16-34,Medicham,Pokémon,Stage 1,ex16,39,29
dp1-118,Potion,Trainer,Item,dp1,176,21
bw3-70,Mienshao,Pokémon,Stage 1,bw3,191,29
neo3-64,Old Rod,Trainer,,neo3,307,21
base4-56,Persian,Pokémon,Stage 1,base4,162,29
xy1-18,Skiddo,Pokémon,Basic,xy1,76,21
mcd21-13,Tepig,Pokémon,Basic,mcd21,116,13
xy8-42,Simipour,Pokémon,Stage 1,xy8,117,2
smp-SM240,Espeon & Deoxys-GX,Pokémon,"Basic,TAG TEAM,GX",smp,264,38
ex10-E,Unown,Pokémon,Basic,ex10,176,2
xy10-41,Larvitar,Pokémon,Basic,xy10,117,21
swsh10-203,Grant,Trainer,Supporter,swsh10,37,20
base4-65,Abra,Pokémon,Basic,base4,108,21
bw1-78,Patrat,Pokémon,Basic,bw1,117,21
svp-170,Leafeon,Pokémon,Stage 1,svp,238,38
xy1-86,Aegislash,Pokémon,Stage 2,xy1,76,34
base4-37,Dodrio,Pokémon,Stage 1,base4,108,29
bw8-60,Kirlia,Pokémon,Stage 1,bw8,71,29
base6-73,Drowzee,Pokémon,Basic,base6,162,21
sm10-231,Fire Crystal,Trainer,Item,sm10,355,27
sv6-66,Shinx,Pokémon,Basic,sv6,55,21
sv10-84,Steven's Claydol,Pokémon,Stage 1,sv10,214,29
dp2-55,Masquerain,Pokémon,Stage 1,dp2,198,29
swshp-SWSH093,Arrokuda,Pokémon,Basic,swshp,223,38
dp2-108,Zubat,Pokémon,Basic,dp2,116,21
xyp-XY113,Manaphy,Pokémon,Basic,xyp,75,38
swsh12pt5-147,Elesa's Sparkle,Trainer,"Fusion Strike,Supporter",swsh12pt5,184,28
bw11-86,Meloetta,Pokémon,Basic,bw11,71,2
xy5-102,Marill,Pokémon,Basic,xy5,90,21
sm35-75,Raichu-GX,Pokémon,"Stage 1,GX",sm35,76,20
swsh9-182,Galarian Zapdos V,Pokémon,"Basic,V",swsh9,76,27
sm12-258,Arceus & Dialga & Palkia-GX,Pokémon,"Basic,TAG TEAM,GX",sm12,76,20
me1-37,Clauncher,Pokémon,Basic,me1,,21
swsh11tg-TG26,Kabu,Trainer,Supporter,swsh11tg,37,28
sv3-192,Pokémon League Headquarters,Trainer,Stadium,sv3,145,29
swsh7-206,Trevenant VMAX,Pokémon,VMAX,swsh7,41,20
ex4-57,Team Aqua's Spheal,Pokémon,Basic,ex4,240,21
dpp-DP10,Infernape LV.X,Pokémon,Level-Up,dpp,298,38
col1-64,Mawile,Pokémon,Basic,col1,142,21
swsh5-3,Victreebel,Pokémon,Stage 2,swsh5,98,2
bw9-24,Tympole,Pokémon,Basic,bw9,267,21
g1-68,Pokémon Center Lady,Trainer,Supporter,g1,348,29
base2-54,Jigglypuff,Pokémon,Basic,base2,162,21
ex9-81,PokéNav,Trainer,Item,ex9,92,29
bw7-39,Oshawott,Pokémon,Basic,bw7,167,21
pl2-97,Underground Expedition,Trainer,Supporter,pl2,162,29
pl1-83,Misdreavus,Pokémon,Basic,pl1,162,21
xyp-XY158,M Beedrill-EX,Pokémon,"MEGA,EX",xyp,76,38
xy9-10,Growlithe,Pokémon,Basic,xy9,167,21
sv8pt5-48,Pupitar,Pokémon,Stage 1,sv8pt5,,21
svp-181,N's Darmanitan,Pokémon,Stage 1,svp,360,38
dp3-18,Salamence,Pokémon,Stage 2,dp3,205,34
xy8-98,Snubbull,Pokémon,Basic,xy8,43,21
swshp-SWSH079,Galarian Mr. Rime,Pokémon,Stage 1,swshp,105,38
bw6-116,Tool Scrapper,Trainer,Item,bw6,232,29
swsh8-257,Greedent V,Pokémon,"Basic,V",swsh8,332,28
neo1-10,Meganium,Pokémon,Stage 2,neo1,116,34
sv10-184,Cynthia's Roserade,Pokémon,Stage 1,sv10,118,7
bwp-BW37,Kyurem-EX,Pokémon,"Basic,EX",bwp,298,38
xyp-XY182,Mandibuzz BREAK,Pokémon,BREAK,xyp,76,38
xy2-76,Pidgeotto,Pokémon,Stage 1,xy2,317,29
sv4-256,Professor Sada's Vitality,Trainer,"Supporter,Ancient",sv4,196,5
ex5-23,Rain Castform,Pokémon,Basic,ex5,125,2
sv4-63,Zebstrika,Pokémon,Stage 1,sv4,376,29
ex7-90,Rocket's Tricky Gym,Trainer,Stadium,ex7,232,29
swsh6-2,Kakuna,Pokémon,"Stage 1,Single Strike",swsh6,214,29
sv1-187,Pokémon Catcher,Trainer,Item,sv1,296,21
sv5-109,Roaring Moon,Pokémon,"Basic,Ancient",sv5,357,2
gym2-64,Blaine's Ponyta,Pokémon,Basic,gym2,116,21
base6-110,Potion,Trainer,,base6,307,21
sm115-12,Slowpoke,Pokémon,Basic,sm115,6,21
sv3pt5-207,Basic Psychic Energy,Energy,Basic,sv3pt5,,1
pl1-8,Gardevoir,Pokémon,Stage 2,pl1,112,34
swsh11-190,Colress's Experiment,Trainer,Supporter,swsh11,292,28
swsh12-111,Sandile,Pokémon,Basic,swsh12,131,21
me2-89,Firebreather,Trainer,Supporter,me2,292,29
swsh9-22,Entei V,Pokémon,"Basic,V",swsh9,336,16
sv6pt5-44,Axew,Pokémon,Basic,sv6pt5,,21
pl1-101,Turtwig,Pokémon,Basic,pl1,162,21
sv9-165,Swinub,Pokémon,Basic,sv9,155,7
ex5-49,Starmie,Pokémon,Stage 1,ex5,308,29
xy5-128,Exp. Share,Trainer,Pokémon Tool,xy5,334,29
swsh12pt5gg-GG13,Diancie,Pokémon,Basic,swsh12pt5gg,280,37
pl4-58,Burmy Trash Cloak,Pokémon,Basic,pl4,293,21
dp3-83,Clefairy,Pokémon,Basic,dp3,14,21
xyp-XY52,Groudon,Pokémon,Basic,xyp,108,38
sv6-145,Carmine,Trainer,Supporter,sv6,91,29
pl1-110,Memory Berry,Trainer,Pokémon Tool,pl1,298,29
neo3-15,Aerodactyl,Pokémon,Stage 1,neo3,257,2
swsh6-195,Melony,Trainer,Supporter,swsh6,256,28
sv4pt5-176,Nacli,Pokémon,Basic,sv4pt5,55,31
neo3-11,Misdreavus,Pokémon,Basic,neo3,116,34
ex6-99,Super Scoop Up,Trainer,Item,ex6,307,29
dp2-114,Quick Ball,Trainer,Item,dp2,232,29
sv1-184,Picnic Basket,Trainer,Item,sv1,140,29
svp-150,Paradise Resort,Trainer,Stadium,svp,292,38
sm8-107,Poipole,Pokémon,"Basic,Ultra Beast",sm8,75,21
sm2-110,Fletchinder,Pokémon,Stage 1,sm2,73,29
swsh12-94,Claydol,Pokémon,Stage 1,swsh12,82,29
sv7-55,Zeraora,Pokémon,Basic,sv7,,2
pl1-27,Giratina,Pokémon,Basic,pl1,108,2
sm7-93,Beldum,Pokémon,Basic,sm7,264,21
smp-SM220,Phione,Pokémon,Basic,smp,162,38
sm11-224,Aerodactyl-GX,Pokémon,"Stage 1,GX",sm11,227,28
pl1-SH5,Swablu,Pokémon,Basic,pl1,162,2
base6-10,Flareon,Pokémon,Stage 1,base6,162,34
swsh4-118,Metagross,Pokémon,Stage 2,swsh4,73,2
sv5-23,Rellor,Pokémon,Basic,sv5,323,21
swsh12-141,Spinda,Pokémon,Basic,swsh12,224,21
sv5-202,Salvatore,Trainer,Supporter,sv5,66,32
sm7-98,Heatran,Pokémon,Basic,sm7,117,34
smp-SM236,Alolan Sandslash-GX,Pokémon,"Stage 1,GX",smp,76,38
sm2-107,Patrat,Pokémon,Basic,sm2,281,21
bw2-10,Cottonee,Pokémon,Basic,bw2,162,21
bw9-78,Hydreigon,Pokémon,"Stage 2,Team Plasma",bw9,76,34
sm11-32,Talonflame,Pokémon,Stage 2,sm11,172,2
swsh10tg-TG24,Allister,Trainer,Supporter,swsh10tg,211,28
xy5-48,Walrein,Pokémon,Stage 2,xy5,290,2
sv3-104,Dugtrio,Pokémon,Stage 1,sv3,300,29
bw6-25,Wailmer,Pokémon,Basic,bw6,191,29
swshp-SWSH130,Ice Rider Calyrex V,Pokémon,"Basic,V",swshp,76,38
sv6-77,Iron Thorns ex,Pokémon,"Basic,ex,Future",sv6,336,14
sv9-73,Grimmsnarl,Pokémon,Stage 2,sv9,82,29
swshp-SWSH294,Hisuian Electrode V,Pokémon,"Basic,V",swshp,76,38
sv1-223,Spidops ex,Pokémon,"Stage 1,ex",sv1,356,32
ex11-27,Sandslash δ,Pokémon,Stage 1,ex11,108,2
base2-9,Pinsir,Pokémon,Basic,base2,162,34
ex16-91,Warp Energy,Energy,Special,ex16,176,29
sm10-113,Sandile,Pokémon,Basic,sm10,43,21
rsv10pt5-131,Archen,Pokémon,Stage 1,rsv10pt5,263,29
sv9-3,Butterfree,Pokémon,Stage 2,sv9,103,2
dp5-92,Call Energy,Energy,Special,dp5,50,29
xy1-40,Frogadier,Pokémon,Stage 1,xy1,76,29
swshp-SWSH155,Greninja V-UNION,Pokémon,V-UNION,swshp,317,38
sm10-190,Triple Acceleration Energy,Energy,Special,sm10,,29
swsh7-189,Umbreon V,Pokémon,"Basic,V,Single Strike",swsh7,151,28
sv9-151,Lillie's Pearl,Trainer,Pokémon Tool,sv9,26,29
sv5-205,Walking Wake ex,Pokémon,"Basic,ex,Ancient",sv5,151,5
ex16-43,Bagon,Pokémon,Basic,ex16,198,21
swsh9-145,Marnie's Pride,Trainer,Supporter,swsh9,47,29
swshp-SWSH278,Cinderace,Pokémon,"Stage 2,Single Strike",swshp,128,38
hgss3-20,Rotom,Pokémon,Basic,hgss3,267,2
swsh8-254,Genesect V,Pokémon,"Basic,V,Fusion Strike",swsh8,70,28
neo3-59,Zubat,Pokémon,Basic,neo3,293,21
bw4-60,Darmanitan,Pokémon,Stage 1,bw4,317,2
sv3pt5-168,Charmander,Pokémon,Basic,sv3pt5,58,7
swshp-SWSH175,Eevee,Pokémon,Basic,swshp,98,38
sm6-68,Tyrunt,Pokémon,Stage 1,sm6,172,29
sm10-74,Weezing,Pokémon,Stage 1,sm10,288,2
svp-42,Houndstone,Pokémon,Stage 1,svp,187,38
bw1-83,Stoutland,Pokémon,Stage 2,bw1,167,2
bw5-33,Vanillite,Pokémon,Basic,bw5,112,21
xy7-98,M Rayquaza-EX,Pokémon,"MEGA,EX",xy7,76,27
me2-8,Genesect,Pokémon,Basic,me2,108,2
swsh3-106,Purrloin,Pokémon,Basic,swsh3,129,21
sv5-151,Heavy Baton,Trainer,Pokémon Tool,sv5,281,29
sm3-71,Lucario,Pokémon,Stage 1,sm3,214,34
sv8pt5-122,Professor's Research,Trainer,Supporter,sv8pt5,,21
xy8-43,Vanillite,Pokémon,Basic,xy8,267,21
xy9-121,Ho-Oh-EX,Pokémon,"Basic,EX",xy9,232,28
sm35-37,Arbok,Pokémon,Stage 1,sm35,183,29
sv4pt5-66,Iron Treads ex,Pokémon,"Basic,ex,Future",sv4pt5,378,14
sm12-69,Magneton,Pokémon,Stage 1,sm12,297,34
sv3-91,Grumpig,Pokémon,Stage 1,sv3,104,29
ecard3-68,Jigglypuff,Pokémon,Basic,ecard3,191,21
sv10-206,Yanmega ex,Pokémon,"Stage 1,ex",sv10,356,32
sv3pt5-101,Electrode,Pokémon,Stage 1,sv3pt5,214,2
base1-36,Magmar,Pokémon,Basic,base1,116,29
sm8-29,Nincada,Pokémon,Basic,sm8,172,21
zsv10pt5-125,Timburr,Pokémon,Basic,zsv10pt5,90,7
dp4-19,Hypno,Pokémon,Stage 1,dp4,108,2
swsh12pt5gg-GG05,Lapras,Pokémon,Basic,swsh12pt5gg,200,37
gym1-46,Erika's Gloom,Pokémon,Stage 1,gym1,116,29
ecard3-92,Sandshrew,Pokémon,Basic,ecard3,284,21
bw6-6,Wurmple,Pokémon,Basic,bw6,112,21
sv5-180,Lickitung,Pokémon,Basic,sv5,197,7
dp4-49,Porygon2,Pokémon,Stage 1,dp4,79,29
xyp-XY82,Regigigas,Pokémon,Basic,xyp,317,38
xy11-27,Mantine,Pokémon,Basic,xy11,235,21
rsv10pt5-18,Chandelure,Pokémon,Stage 2,rsv10pt5,103,2
ex12-38,Lairon,Pokémon,Stage 1,ex12,284,29
swsh45sv-SV030,Cramorant,Pokémon,Basic,swsh45sv,340,9
ecard2-27,Parasect,Pokémon,Stage 1,ecard2,30,2
dp3-7,Gardevoir,Pokémon,Stage 2,dp3,191,34
svp-125,Armarouge ex,Pokémon,"Stage 1,ex",svp,76,38
swsh45sv-SV023,Galarian Darumaka,Pokémon,Basic,swsh45sv,172,9
sm10-182,Pokégear 3.0,Trainer,Item,sm10,296,29
sv6-92,Palossand,Pokémon,Stage 1,sv6,146,21
swsh12pt5-85,Galarian Perrserker,Pokémon,Stage 1,swsh12pt5,151,2
xy7-64,Porygon,Pokémon,Basic,xy7,293,21
me1-31,Chi-Yu,Pokémon,Basic,me1,,29
neo1-102,Pokémon March,Trainer,,neo1,17,21
sm115-39,Clefairy,Pokémon,Basic,sm115,215,21
xy11-18,Chimchar,Pokémon,Basic,xy11,322,21
sv6pt5-63,Powerglass,Trainer,Pokémon Tool,sv6pt5,,29
swsh6-229,Urn of Vitality,Trainer,"Item,Single Strike",swsh6,334,27
sv1-134,Kingambit,Pokémon,Stage 2,sv1,277,2
bw11-113,Double Colorless Energy,Energy,Special,bw11,76,29
neo4-23,Light Lanturn,Pokémon,Stage 1,neo4,189,2
swsh7-12,Crustle,Pokémon,Stage 1,swsh7,129,29
xy5-99,Doublade,Pokémon,Stage 1,xy5,194,29
swsh6-74,Shadow Rider Calyrex V,Pokémon,"Basic,V",swsh6,54,16
dp7-19,Gyarados,Pokémon,Stage 1,dp7,198,2
col1-78,Dual Ball,Trainer,Item,col1,202,29
ex13-70,Mankey δ,Pokémon,Basic,ex13,191,21
swsh2-10,Surskit,Pokémon,Basic,swsh2,117,21
ecard1-78,Gloom,Pokémon,Stage 1,ecard1,343,29
swsh6-202,Ice Rider Calyrex VMAX,Pokémon,VMAX,swsh6,76,20
bw8-68,Elgyem,Pokémon,Basic,bw8,112,21
ex11-4,Espeon δ,Pokémon,Stage 1,ex11,232,34
xy6-72,Swellow,Pokémon,Stage 1,xy6,108,34
swsh10-177,Origin Forme Dialga V,Pokémon,"Basic,V",swsh10,108,28
xy5-142,Weakness Policy,Trainer,Pokémon Tool,xy5,281,29
sv9-174,Mamoswine ex,Pokémon,"Stage 2,ex",sv9,275,32
swsh45sv-SV004,Grookey,Pokémon,Basic,swsh45sv,351,9
bw7-16,Petilil,Pokémon,Basic,bw7,254,29
sv9-116,N's Reshiram,Pokémon,Basic,sv9,118,2
sm8-221,Zeraora-GX,Pokémon,"Basic,GX",sm8,218,20
swsh6-140,Fog Crystal,Trainer,Item,swsh6,60,29
ex4-88,Double Rainbow Energy,Energy,Special,ex4,50,2
ex10-B,Unown,Pokémon,Basic,ex10,176,2
ex3-54,Corphish,Pokémon,Basic,ex3,294,21
xyp-XY156,Lugia,Pokémon,Basic,xyp,163,38
sv6-91,Sandygast,Pokémon,Basic,sv6,165,21
ex6-84,Venonat,Pokémon,Basic,ex6,162,21
sv2-45,Azumarill,Pokémon,Stage 1,sv2,339,29
xy11-43,Nidoran ♂,Pokémon,Basic,xy11,264,21
xy8-20,Typhlosion,Pokémon,Stage 2,xy8,184,34
zsv10pt5-25,Cubchoo,Pokémon,Basic,zsv10pt5,288,21
me1-49,Electrike,Pokémon,Basic,me1,,21
pop8-7,Carnivine,Pokémon,Basic,pop8,112,29
ecard2-25,Ninetales,Pokémon,Stage 1,ecard2,162,2
sm1-35,Lapras-GX,Pokémon,"Basic,GX",sm1,76,10
swsh5-95,Houndour,Pokémon,"Basic,Single Strike",swsh5,351,21
sv3pt5-29,Nidoran ♀,Pokémon,Basic,sv3pt5,151,21
sm7-65,Banette,Pokémon,Stage 1,sm7,377,2
sv4-257,Professor Turo's Scenario,Trainer,"Supporter,Future",sv4,233,5
swshp-SWSH203,Umbreon V,Pokémon,"Basic,V,Single Strike",swshp,76,38
pl1-96,Squirtle,Pokémon,Basic,pl1,117,21
xy3-5,M Heracross-EX,Pokémon,"MEGA,EX",xy3,76,33
base1-70,Clefairy Doll,Trainer,,base1,307,2
bw8-66,Garbodor,Pokémon,"Stage 1,Team Plasma",bw8,76,34
sv4-122,Lokix,Pokémon,Stage 1,sv4,224,2
ecard1-56,Mewtwo,Pokémon,Basic,ecard1,259,2
bw7-123,Pidove,Pokémon,Basic,bw7,17,21
swsh10-84,Hisuian Decidueye VSTAR,Pokémon,VSTAR,swsh10,76,24
col1-45,Jolteon,Pokémon,Stage 1,col1,317,29
svp-151,Gouging Fire,Pokémon,"Basic,Ancient",svp,,38
sv2-106,Mankey,Pokémon,Basic,sv2,346,21
pl1-29,Golduck,Pokémon,Stage 1,pl1,112,2
sv4pt5-126,Dondozo,Pokémon,Basic,sv4pt5,90,31
sm10-71,Drowzee,Pokémon,Basic,sm10,189,21
swsh10-78,Lucario V,Pokémon,"Basic,V",swsh10,356,16
ex2-19,Omastar,Pokémon,Stage 2,ex2,112,2
sv6-121,Lairon,Pokémon,Stage 1,sv6,135,21
hgss2-12,Beedrill,Pokémon,Stage 2,hgss2,271,2
xyp-XY94,Trevenant,Pokémon,Stage 1,xyp,198,38
rsv10pt5-152,Patrat,Pokémon,Basic,rsv10pt5,124,7
ex3-15,Flygon,Pokémon,Stage 2,ex3,163,2
me1-128,Strange Timepiece,Trainer,Item,me1,,29
smp-SM216,Porygon-Z-GX,Pokémon,"Stage 2,GX",smp,70,38
xyp-XY95,Pikachu,Pokémon,Basic,xyp,194,38
bw3-61,Gigalith,Pokémon,Stage 2,bw3,108,2
xy1-12,Chespin,Pokémon,Basic,xy1,76,21
swshp-SWSH127,Eevee,Pokémon,Basic,swshp,224,38
swshp-SWSH045,Eternatus VMAX,Pokémon,VMAX,swshp,76,38
sv7-167,Hydrapple ex,Pokémon,"Stage 2,ex",sv7,,5
sv4pt5-211,Flamigo,Pokémon,Basic,sv4pt5,340,31
sv6-12,Phantump,Pokémon,Basic,sv6,138,21
ex5-44,Metang,Pokémon,Stage 1,ex5,116,29
ecard2-H25,Suicune,Pokémon,Basic,ecard2,191,34
swsh45sv-SV048,Galarian Rapidash,Pokémon,Stage 1,swsh45sv,162,9
swsh3-93,Hippopotas,Pokémon,Basic,swsh3,317,21
dp3-121,PlusPower,Trainer,Item,dp3,232,29
sv7-103,Meltan,Pokémon,Basic,sv7,,21
pl3-42,Sandslash,Pokémon,Stage 1,pl3,162,2
ex14-14,Blastoise,Pokémon,Stage 2,ex14,112,2
swsh9tg-TG06,Dusknoir,Pokémon,Stage 2,swsh9tg,358,37
base5-80,Rainbow Energy,Energy,Special,base5,50,2
bw6-17,Foongus,Pokémon,Basic,bw6,317,21
ex16-58,Poochyena,Pokémon,Basic,ex16,198,21
swsh11-199,Aerodactyl VSTAR,Pokémon,VSTAR,swsh11,76,20
pop5-13,Pikachu δ,Pokémon,Basic,pop5,232,21
ex14-95,Kyogre ex,Pokémon,"Basic,ex",ex14,250,33
hgss4-44,Marowak,Pokémon,Stage 1,hgss4,73,29
sv8-180,Lively Stadium,Trainer,Stadium,sv8,,29
bw9-13,Heatran-EX,Pokémon,"Basic,EX,Team Plasma",bw9,297,33
sv1-53,Quaxwell,Pokémon,Stage 1,sv1,215,29
base6-39,Dark Wartortle,Pokémon,Stage 1,base6,162,29
xy5-96,Excadrill,Pokémon,Stage 1,xy5,317,2
swshp-SWSH129,Umbreon,Pokémon,Stage 1,swshp,224,38
mcd11-10,Klink,Pokémon,Basic,mcd11,116,13
ex12-21,Magmar,Pokémon,Basic,ex12,125,2
swsh12-114,Mareanie,Pokémon,Basic,swsh12,55,21
hsp-HGSS03,Pikachu,Pokémon,Basic,hsp,194,38
sm9-166,Hoopa-GX,Pokémon,"Basic,GX",sm9,76,28
sma-SV51,Reshiram-GX,Pokémon,"Basic,GX",sma,72,35
sm5-84,Shieldon,Pokémon,Stage 1,sm5,62,29
bw10-12,Larvesta,Pokémon,Basic,bw10,117,21
bw6-13,Roselia,Pokémon,Basic,bw6,317,21
det1-9,Greninja,Pokémon,Stage 2,det1,213,28
xy11-95,Fletchinder,Pokémon,Stage 1,xy11,90,29
neo3-24,Sneasel,Pokémon,Basic,neo3,125,2
me1-150,Steelix,Pokémon,Stage 1,me1,,7
smp-SM39,Primarina-GX,Pokémon,"Stage 2,GX",smp,76,38
bw1-79,Watchog,Pokémon,Stage 1,bw1,167,29
base4-95,Staryu,Pokémon,Basic,base4,307,21
ecard1-70,Weezing,Pokémon,Stage 1,ecard1,163,2
xy2-86,Fletchling,Pokémon,Basic,xy2,76,21
me2-4,Mega Heracross ex,Pokémon,"Basic,MEGA,ex",me2,76,14
ex4-16,Team Aqua's Sealeo,Pokémon,Stage 1,ex4,193,2
gym2-48,Koga's Koffing,Pokémon,Basic,gym2,116,29
swsh7-169,Flareon V,Pokémon,"Basic,V,Single Strike",swsh7,76,28
neo4-35,Dark Forretress,Pokémon,Stage 1,neo4,108,29
ex15-13,Arbok δ,Pokémon,Stage 1,ex15,294,2
sv10-211,Dondozo ex,Pokémon,"Basic,ex",sv10,275,32
gym2-125,Transparent Walls,Trainer,,gym2,307,21
ex7-56,Grimer,Pokémon,Basic,ex7,308,21
neo4-30,Unown [X],Pokémon,Basic,neo4,111,2
g1-32,Slowpoke,Pokémon,Basic,g1,189,21
sm2-77,Minior,Pokémon,Basic,sm2,292,34
sv4-94,Gible,Pokémon,Basic,sv4,47,21
swsh9-30,Staryu,Pokémon,Basic,swsh9,43,21
bw7-51,Voltorb,Pokémon,Basic,bw7,116,21
sm3-74,Crabominable,Pokémon,Stage 1,sm3,108,2
mcd19-4,Alolan Sandshrew,Pokémon,Basic,mcd19,317,13
ex7-111,Here Comes Team Rocket!,Trainer,Supporter,ex7,116,27
ex5-73,Snorunt,Pokémon,Basic,ex5,198,21
sv3pt5-56,Mankey,Pokémon,Basic,sv3pt5,40,21
base4-18,Venusaur,Pokémon,Stage 2,base4,108,34
sm11-186,Blaine's Quiz Show,Trainer,Supporter,sm11,184,29
mcd11-5,Alomomola,Pokémon,Basic,mcd11,254,13
sv8-13,Rellor,Pokémon,Basic,sv8,,21
swsh10-14,Shaymin,Pokémon,Basic,swsh10,112,2
sv6pt5-23,Croagunk,Pokémon,Basic,sv6pt5,,21
hgss1-81,Slowpoke,Pokémon,Basic,hgss1,125,21
pop2-11,TV Reporter,Trainer,Supporter,pop2,116,29
sv1-38,Skeledirge,Pokémon,Stage 2,sv1,214,2
sv2-15,Meowscarada ex,Pokémon,"Stage 2,ex",sv2,76,14
pl3-79,Relicanth,Pokémon,Basic,pl3,125,29
neo1-30,Clefairy,Pokémon,Basic,neo1,125,29
swsh12-122,Ferrothorn,Pokémon,Stage 1,swsh12,277,29
xy10-12,Braixen,Pokémon,Stage 1,xy10,215,29
swsh12tg-TG05,Gardevoir,Pokémon,Stage 2,swsh12tg,305,37
swsh10-12,Vespiquen,Pokémon,Stage 1,swsh10,128,2
sv6pt5-10,Horsea,Pokémon,Basic,sv6pt5,,21
smp-SM111,Ash's Pikachu,Pokémon,Basic,smp,42,38
swsh5-157,Stoutland V,Pokémon,"Basic,V",swsh5,297,28
sv3pt5-123,Scyther,Pokémon,Basic,sv3pt5,37,29
sm11-41,Snover,Pokémon,Basic,sm11,143,21
sm7-21,Tropius,Pokémon,Basic,sm7,162,29
neo1-75,Spinarak,Pokémon,Basic,neo1,116,21
sv7-131,Area Zero Underdepths,Trainer,Stadium,sv7,,29
sm5-69,Hippowdon,Pokémon,Stage 1,sm5,90,2
bw2-41,Sigilyph,Pokémon,Basic,bw2,198,29
swsh12-90,Hisuian Arcanine V,Pokémon,"Basic,V",swsh12,76,16
dp4-61,Buizel,Pokémon,Basic,dp4,117,21
dp5-14,Zapdos,Pokémon,Basic,dp5,108,34
sv6-219,Lana's Aid,Trainer,Supporter,sv6,286,5
sv8-101,Paldean Tauros,Pokémon,Basic,sv8,,29
ex9-91,Cacturne ex,Pokémon,"Stage 1,ex",ex9,136,33
swsh1-84,Haunter,Pokémon,Stage 1,swsh1,12,29
bw8-82,Purrloin,Pokémon,Basic,bw8,267,21
ex9-66,Spoink,Pokémon,Basic,ex9,191,21
xy1-3,Weedle,Pokémon,Basic,xy1,38,21
ex14-25,Medicham,Pokémon,Stage 1,ex14,198,2
ex15-30,Flaaffy δ,Pokémon,Stage 1,ex15,43,29
swsh1-188,Torkoal V,Pokémon,"Basic,V",swsh1,281,28
sv3pt5-28,Sandslash,Pokémon,Stage 1,sv3pt5,183,29
pl3-48,Zapdos,Pokémon,Basic,pl3,162,2
sm2-47,Tapu Koko-GX,Pokémon,"Basic,GX",sm2,76,10
sv5-81,Iron Crown ex,Pokémon,"Basic,ex,Future",sv5,76,14
swsh1-214,Metal Saucer,Trainer,Item,swsh1,334,27
xy8-105,Spritzee,Pokémon,Basic,xy8,284,21
swsh7-10,Lilligant,Pokémon,Stage 1,swsh7,162,2
xy9-99,Fighting Fury Belt,Trainer,Pokémon Tool,xy9,334,29
sm8-129,Cobalion,Pokémon,Basic,sm8,112,34
xy8-156,M Glalie-EX,Pokémon,"MEGA,EX",xy8,76,28
pl3-109,Kricketot,Pokémon,Basic,pl3,112,21
xy10-81,Loudred,Pokémon,Stage 1,xy10,142,29
sm8-77,Flaaffy,Pokémon,Stage 1,sm8,71,29
sv2-109,Sudowoodo,Pokémon,Basic,sv2,245,29
swsh3-76,Golett,Pokémon,Basic,swsh3,66,21
cel25c-15_A3,Rocket's Zapdos,Pokémon,Basic,cel25c,257,12
swsh45sv-SV086,Galarian Meowth,Pokémon,Basic,swsh45sv,90,9
sm12-190,Dragonium Z: Dragon Claw,Trainer,Pokémon Tool,sm12,207,29
pl3-25,Dodrio,Pokémon,Stage 1,pl3,112,2
ex12-69,Wailmer,Pokémon,Basic,ex12,125,21
ex5-55,Chikorita,Pokémon,Basic,ex5,176,21
swsh2-117,Trubbish,Pokémon,Basic,swsh2,12,21
swsh6-11,Deerling,Pokémon,Basic,swsh6,14,21
g1-44,Graveler,Pokémon,Stage 1,g1,284,29
swsh8-173,Mandibuzz,Pokémon,Stage 1,swsh8,304,29
sm9-50,Heliolisk,Pokémon,Stage 1,sm9,125,29
swsh3-35,Galarian Mr. Mime,Pokémon,Basic,swsh3,6,21
mcd21-25,Pikachu,Pokémon,Basic,mcd21,351,13
xy1-59,Dugtrio,Pokémon,Stage 1,xy1,334,2
sm3-70,Riolu,Pokémon,Basic,sm3,332,21
sv6-222,Bloodmoon Ursaluna ex,Pokémon,"Basic,ex",sv6,207,1
ex7-53,Dratini,Pokémon,Basic,ex7,191,21
zsv10pt5-143,Bisharp,Pokémon,Stage 1,zsv10pt5,378,7
hsp-HGSS15,Shuckle,Pokémon,Basic,hsp,167,38
xy5-64,Eelektrik,Pokémon,Stage 1,xy5,292,2
bw7-44,Frillish,Pokémon,Basic,bw7,189,21
xy9-100,Great Ball,Trainer,Item,xy9,334,29
xy8-54,Magnezone,Pokémon,Stage 2,xy8,163,34
pgo-46,Melmetal,Pokémon,Stage 1,pgo,90,34
bw1-81,Lillipup,Pokémon,Basic,bw1,254,21
bw1-112,Metal Energy,Energy,Basic,bw1,,21
ex7-78,Spinarak,Pokémon,Basic,ex7,43,21
sv3pt5-19,Rattata,Pokémon,Basic,sv3pt5,129,21
swsh12pt5-131,Friends in Sinnoh,Trainer,Supporter,swsh12pt5,66,29
mcd21-8,Grookey,Pokémon,Basic,mcd21,215,13
g1-76,Fire Energy,Energy,Basic,g1,,21
mcd19-5,Lapras,Pokémon,Basic,mcd19,332,13
neo4-25,Light Machamp,Pokémon,Stage 2,neo4,189,2
swsh7-168,Trevenant V,Pokémon,"Basic,V",swsh7,41,28
gym1-37,Blaine's Magmar,Pokémon,Basic,gym1,116,29
ecard2-108,Slowpoke,Pokémon,Basic,ecard2,308,21
dp6-114,Poliwag,Pokémon,Basic,dp6,191,21
sv6-37,Lampent,Pokémon,Stage 1,sv6,282,21
gym1-96,Sabrina's Venonat,Pokémon,Basic,gym1,116,21
sm12-200,N's Resolve,Trainer,Supporter,sm12,66,29
xy8-127,Staraptor,Pokémon,Stage 2,xy8,112,2
bw6-52,Sigilyph,Pokémon,Basic,bw6,232,34
bw2-49,Roggenrola,Pokémon,Basic,bw2,162,21
sv4pt5-137,Luxray,Pokémon,Stage 2,sv4pt5,91,31
sm8-199,Blacephalon-GX,Pokémon,"Basic,GX,Ultra Beast",sm8,76,28
swshp-SWSH214,Lucario VSTAR,Pokémon,VSTAR,swshp,207,38
sv9-162,Wailord,Pokémon,Stage 1,sv9,138,7
sm10-23,Darumaka,Pokémon,Basic,sm10,43,21
pl2-22,Gastrodon West Sea,Pokémon,Stage 1,pl2,271,2
zsv10pt5-151,Audino,Pokémon,Basic,zsv10pt5,165,7
zsv10pt5-112,Emolga,Pokémon,Basic,zsv10pt5,101,7
ru1-14,Bastiodon,Pokémon,Stage 2,ru1,20,13
pl2-62,Gliscor E4,Pokémon,"Basic,SP",pl2,162,21
bw11-85,Landorus,Pokémon,Basic,bw11,198,34
ecard1-13,Gengar,Pokémon,Stage 2,ecard1,293,34
ex4-69,Team Aqua Schemer,Trainer,Supporter,ex4,116,21
sv3pt5-131,Lapras,Pokémon,Basic,sv3pt5,46,29
swsh10tg-TG05,Gardevoir,Pokémon,Stage 2,swsh10tg,351,37
ecard1-14,Golem,Pokémon,Stage 2,ecard1,308,34
swsh7-25,Golduck,Pokémon,Stage 1,swsh7,271,29
bw7-54,Electivire,Pokémon,Stage 1,bw7,27,34
hgss3-82,Houndoom,Pokémon,"Stage 1,Prime",hgss3,299,23
xy8-36,Piplup,Pokémon,Basic,xy8,194,21
ex2-41,Lairon,Pokémon,Stage 1,ex2,191,29
swsh12-215,V Guard Energy,Energy,Special,swsh12,,27
sm12-135,Bisharp,Pokémon,Stage 1,sm12,172,29
hgss3-49,Gligar,Pokémon,Basic,hgss3,292,21
bw5-44,Tynamo,Pokémon,Basic,bw5,198,21
xy11-68,M Steelix-EX,Pokémon,"MEGA,EX",xy11,76,33
sv6-61,Palafin ex,Pokémon,"Stage 1,ex",sv6,336,14
xy11-19,Monferno,Pokémon,Stage 1,xy11,71,29
xy9-51,Hypno,Pokémon,Stage 1,xy9,17,2
sv4-14,Nymble,Pokémon,Basic,sv4,112,21
dp2-22,Chimecho,Pokémon,Basic,dp2,335,2
sv8-88,Xerneas,Pokémon,Basic,sv8,,29
swsh35-24,Machop,Pokémon,Basic,swsh35,322,21
basep-35,Pichu,Pokémon,Baby,basep,116,38
sv8-223,Hydreigon ex,Pokémon,"Stage 2,Tera,ex",sv8,,32
swsh8-53,Starmie,Pokémon,"Stage 1,Rapid Strike",swsh8,184,34
xy0-23,Granbull,Pokémon,Stage 1,xy0,117,13
ecard2-129,Metal Cube 01,Trainer,Technical Machine,ecard2,341,29
bw1-60,Gurdurr,Pokémon,Stage 1,bw1,292,29
xy5-85,Groudon-EX,Pokémon,"Basic,EX",xy5,196,33
swsh9-118,Staravia,Pokémon,Stage 1,swsh9,112,29
sv10-237,Team Rocket's Ariana,Trainer,Supporter,sv10,51,5
hgss3-48,Eevee,Pokémon,Basic,hgss3,253,21
swsh5-36,Remoraid,Pokémon,"Basic,Rapid Strike",swsh5,12,21
swsh6-57,Gengar,Pokémon,Stage 2,swsh6,308,34
pl2-10,Mismagius GL,Pokémon,"Basic,SP",pl2,284,34
sv3-115,Crabominable,Pokémon,Stage 1,sv3,6,29
swshp-SWSH063,Pikachu V,Pokémon,"Basic,V",swshp,196,38
sv6-209,Perrin,Trainer,Supporter,sv6,292,32
pl4-84,Buffer Piece,Trainer,Pokémon Tool,pl4,232,29
bw7-6,Tangrowth,Pokémon,Stage 1,bw7,142,34
sm12-39,Alolan Vulpix,Pokémon,Basic,sm12,214,21
sv3-196,Town Store,Trainer,Stadium,sv3,145,21
svp-98,Iron Thorns,Pokémon,"Basic,Future",svp,247,38
ex15-4,Meganium δ,Pokémon,Stage 2,ex15,125,34
sv6-28,Slugma,Pokémon,Basic,sv6,3,21
swsh9-135,Choice Belt,Trainer,"Item,Pokémon Tool",swsh9,296,29
bw8-49,Rotom,Pokémon,"Basic,Team Plasma",bw8,76,29
ex9-88,Metal Energy,Energy,Special,ex9,364,2
swsh45-60,Professor's Research,Trainer,Supporter,swsh45,37,2
sm11-203,Normalium Z: Tackle,Trainer,Pokémon Tool,sm11,76,29
pl4-79,Treecko,Pokémon,Basic,pl4,112,21
sm11-111,Relicanth,Pokémon,Basic,sm11,43,29
sm2-5,Lilligant,Pokémon,Stage 1,sm2,273,2
bw9-16,Chandelure,Pokémon,"Stage 2,Team Plasma",bw9,76,34
xy0-20,Bisharp,Pokémon,Stage 1,xy0,162,13
ex3-42,Shelgon,Pokémon,Stage 1,ex3,116,29
ecard1-150,Strength Charm,Trainer,Pokémon Tool,ecard1,307,29
dp4-12,Altaria,Pokémon,Stage 1,dp4,162,2
sm115-37,Cubone,Pokémon,Basic,sm115,264,21
hgss4-23,Grumpig,Pokémon,Stage 1,hgss4,293,2
dp7-77,Swinub,Pokémon,Basic,dp7,293,21
xy9-104,Misty's Determination,Trainer,Supporter,xy9,116,29
sm35-64,Pokémon Catcher,Trainer,Item,sm35,334,29
hgss2-56,Onix,Pokémon,Basic,hgss2,267,21
xy12-14,Vulpix,Pokémon,Basic,xy12,116,21
zsv10pt5-84,Pokégear 3.0,Trainer,Item,zsv10pt5,334,29
ex7-77,Slugma,Pokémon,Basic,ex7,112,21
base5-81,Full Heal Energy,Energy,Special,base5,307,29
pl2-73,Nidorina,Pokémon,Stage 1,pl2,116,21
swsh12pt5gg-GG43,Zeraora VSTAR,Pokémon,VSTAR,swsh12pt5gg,303,24
pl3-56,Dragonite FB,Pokémon,"Basic,SP",pl3,317,29
sma-SV92,Tapu Fini-GX,Pokémon,"Basic,GX",sma,76,27
sm8-2,Tangrowth,Pokémon,Stage 1,sm8,191,2
swsh3-112,Nickit,Pokémon,Basic,swsh3,6,21
bw7-42,Ducklett,Pokémon,Basic,bw7,112,21
pl2-104,Floatzel GL LV.X,Pokémon,"Level-Up,SP",pl2,108,3
sv4-229,Roaring Moon ex,Pokémon,"Basic,ex,Ancient",sv4,356,32
bw10-3,Lileep,Pokémon,Restored,bw10,38,29
sv4-57,Chien-Pao,Pokémon,Basic,sv4,277,2
sv9-96,N's Purrloin,Pokémon,Basic,sv9,11,21
swsh8-225,Battle VIP Pass,Trainer,Item,swsh8,232,29
zsv10pt5-128,Throh,Pokémon,Basic,zsv10pt5,376,7
dp7-47,Pupitar,Pokémon,Stage 1,dp7,163,29
smp-SM223,Terrakion,Pokémon,Basic,smp,117,38
sv6-2,Tangrowth,Pokémon,Stage 1,sv6,46,21
swshp-SWSH274,Cranidos,Pokémon,Stage 1,swshp,94,38
sv6-214,Greninja ex,Pokémon,"Stage 2,Tera,ex",sv6,120,5
ex15-64,Smoochum δ,Pokémon,Basic,ex15,189,21
dp1-9,Manaphy,Pokémon,Basic,dp1,240,34
sv1-164,Cyclizar,Pokémon,Basic,sv1,196,2
pop8-9,Night Maintenance,Trainer,Item,pop8,232,29
pl3-80,Rhydon,Pokémon,Stage 1,pl3,117,29
swsh6-111,Aggron,Pokémon,Stage 2,swsh6,151,2
hgss2-5,Mismagius,Pokémon,Stage 1,hgss2,299,34
ex8-75,Slugma,Pokémon,Basic,ex8,198,21
sma-SV74,Stakataka-GX,Pokémon,"Basic,GX,Ultra Beast",sma,76,35
bw11-RC10,Gardevoir,Pokémon,Stage 2,bw11,191,29
swsh45-17,Reshiram,Pokémon,Basic,swsh45,70,26
swsh2-19,Eldegoss V,Pokémon,"Basic,V",swsh2,76,16
bw6-73,Honchkrow,Pokémon,Stage 1,bw6,317,2
swsh12pt5gg-GG31,Turtwig,Pokémon,Basic,swsh12pt5gg,112,37
bw7-29,Squirtle,Pokémon,Basic,bw7,194,21
dp6-21,Cradily,Pokémon,Stage 2,dp6,117,2
swsh6-151,Rapid Strike Scroll of the Skies,Trainer,"Pokémon Tool,Rapid Strike",swsh6,76,29
basep-40,Pokémon Center,Trainer,,basep,341,38
smp-SM128,Alolan Ninetales,Pokémon,Stage 1,smp,215,38
sv4-254,Mela,Trainer,Supporter,sv4,118,5
pop8-6,Cherrim,Pokémon,Stage 1,pop8,191,29
sm9-87,Mightyena,Pokémon,Stage 1,sm9,215,2
ecard3-96,Shuckle,Pokémon,Basic,ecard3,125,21
bw4-82,Regigigas-EX,Pokémon,"Basic,EX",bw4,298,33
swsh8-134,Primeape,Pokémon,Stage 1,swsh8,128,29
basep-41,Lucky Stadium,Trainer,Stadium,basep,341,38
sv4-239,Professor Sada's Vitality,Trainer,"Supporter,Ancient",sv4,184,32
si1-17,Vileplume,Pokémon,Stage 2,si1,284,13
xy11-40,Ampharos,Pokémon,Stage 2,xy11,194,34
xy12-74,Brock's Grit,Trainer,Supporter,xy12,116,29
ex16-40,Vibrava,Pokémon,Stage 1,ex16,108,29
me2-61,Mega Sharpedo ex,Pokémon,"Stage 1,MEGA,ex",me2,76,14
xy2-93,Pokémon Center Lady,Trainer,Supporter,xy2,348,29
bw8-10,Leavanny,Pokémon,Stage 2,bw8,108,2
sv4-81,Espathra,Pokémon,Stage 1,sv4,151,2
xy4-41,Litwick,Pokémon,Basic,xy4,198,21
xy2-90,Lysandre,Trainer,Supporter,xy2,116,29
ex9-76,Double Full Heal,Trainer,Item,ex9,232,29
zsv10pt5-164,Serperior ex,Pokémon,"Stage 2,ex",zsv10pt5,196,5
pl4-78,Treecko,Pokémon,Basic,pl4,142,21
dp4-51,Relicanth,Pokémon,Basic,dp4,116,29
sv7-89,Garganacl ex,Pokémon,"Stage 2,ex",sv7,,14
sv1-175,Jacq,Trainer,Supporter,sv1,94,29
mcd19-6,Pikachu,Pokémon,Basic,mcd19,162,13
cel25c-9_A,Team Magma's Groudon,Pokémon,Basic,cel25c,23,12
swsh6-189,Caitlin,Trainer,Supporter,swsh6,339,28
sm115-52,Blaine's Last Stand,Trainer,Supporter,sm115,116,2
swsh8-74,Clauncher,Pokémon,Basic,swsh8,187,21
sm4-16,Starmie,Pokémon,Stage 1,sm4,43,2
sm11-45,Carracosta,Pokémon,Stage 2,sm11,112,29
dp3-14,Lugia,Pokémon,Basic,dp3,205,34
me1-61,Shedinja,Pokémon,Stage 1,me1,,29
smp-SM59,Marshadow-GX,Pokémon,"Basic,GX",smp,76,38
me1-118,Iron Defender,Trainer,Item,me1,,29
swsh45-30,Frosmoth,Pokémon,Stage 1,swsh45,162,34
sv8-97,Gimmighoul,Pokémon,Basic,sv8,,21
sv3pt5-26,Raichu,Pokémon,Stage 1,sv3pt5,284,2
swsh1-97,Rhyhorn,Pokémon,Basic,swsh1,254,21
sm7-59,Spoink,Pokémon,Basic,sm7,267,21
ex10-69,Porygon,Pokémon,Basic,ex10,162,21
dp7-85,Great Ball,Trainer,Item,dp7,79,29
xyp-XY79,Latios,Pokémon,Basic,xyp,292,38
dp3-40,Weavile,Pokémon,Stage 1,dp3,162,2
neo3-61,Healing Field,Trainer,Stadium,neo3,307,29
me1-165,Acerola's Mischief,Trainer,Supporter,me1,,32
xy3-20,Seismitoad-EX,Pokémon,"Basic,EX",xy3,297,33
xy2-108,M Charizard-EX,Pokémon,"MEGA,EX",xy2,76,27
swsh12pt5-65,Hatterene V,Pokémon,"Basic,V",swsh12pt5,73,16
base6-94,Spearow,Pokémon,Basic,base6,108,21
me2-45,Zacian,Pokémon,Basic,me2,73,2
sm11-29,Lampent,Pokémon,Stage 1,sm11,34,29
smp-SM55,Decidueye,Pokémon,Stage 2,smp,112,38
ecard2-H24,Sudowoodo,Pokémon,Basic,ecard2,162,34
bwp-BW80,Druddigon,Pokémon,"Basic,Team Plasma",bwp,76,38
ex6-54,Bulbasaur,Pokémon,Basic,ex6,191,21
swsh1-13,Thwackey,Pokémon,Stage 1,swsh1,340,29
sm12-61,Black Kyurem,Pokémon,Basic,sm12,112,34
sv9-128,Noivern,Pokémon,Stage 1,sv9,277,2
ecard2-134,Super Energy Removal 2,Trainer,,ecard2,307,29
dp6-58,Lanturn,Pokémon,Stage 1,dp6,117,29
pl4-75,Snorunt,Pokémon,Basic,pl4,43,21
sv9-25,Torkoal,Pokémon,Basic,sv9,183,21
swsh10-131,Rufflet,Pokémon,Basic,swsh10,377,21
sm6-107,Fossil Excavation Map,Trainer,Item,sm6,355,29
swsh5-160,Korrina's Focus,Trainer,"Supporter,Single Strike",swsh5,256,28
xy9-6,Kricketune,Pokémon,Stage 1,xy9,38,29
dp6-123,Swinub,Pokémon,Basic,dp6,125,21
sm11-174,Pidove,Pokémon,Basic,sm11,242,21
sm3-50,Seviper,Pokémon,Basic,sm3,377,29
hgss4-89,Twins,Trainer,Supporter,hgss4,194,29
sv2-1,Hoppip,Pokémon,Basic,sv2,293,21
sv4pt5-196,Pidgey,Pokémon,Basic,sv4pt5,129,31
ex9-37,Minun,Pokémon,Basic,ex9,284,29
xy8-31,Remoraid,Pokémon,Basic,xy8,38,21
swsh8-269,Mew VMAX,Pokémon,"VMAX,Fusion Strike",swsh8,305,20
gym2-90,Misty's Psyduck,Pokémon,Basic,gym2,116,21
base5-82,Potion Energy,Energy,Special,base5,307,29
sm1-21,Growlithe,Pokémon,Basic,sm1,267,21
bw1-72,Vullaby,Pokémon,Basic,bw1,162,29
pop5-6,Bill's Maintenance,Trainer,Supporter,pop5,116,29
sv7-2,Ledyba,Pokémon,Basic,sv7,,21
sv10-227,Team Rocket's Proton,Trainer,Supporter,sv10,292,32
swshp-SWSH083,Alakazam V,Pokémon,"Basic,V",swshp,281,38
neo4-21,Dark Ursaring,Pokémon,Stage 1,neo4,108,2
bw2-75,Klang,Pokémon,Stage 1,bw2,112,29
swsh12-61,Hypno,Pokémon,Stage 1,swsh12,325,29
dp2-40,Whiscash,Pokémon,Stage 1,dp2,335,2
swsh1-57,Drizzile,Pokémon,Stage 1,swsh1,71,29
hgss4-98,Yanmega,Pokémon,"Stage 1,Prime",hgss4,253,23
base5-15,Here Comes Team Rocket!,Trainer,,base5,116,34
sv4pt5-182,Sneasel,Pokémon,Basic,sv4pt5,162,31
g1-51,Clefable,Pokémon,Stage 1,g1,191,29
sm5-90,Dusk Mane Necrozma-GX,Pokémon,"Basic,GX,Ultra Beast",sm5,76,10
swsh4-152,Hero's Medal,Trainer,Pokémon Tool,swsh4,334,29
dc1-13,Team Magma's Lairon,Pokémon,Stage 1,dc1,117,21
sm4-32,Alolan Geodude,Pokémon,Basic,sm4,108,21
swshp-SWSH216,Morpeko V-UNION,Pokémon,V-UNION,swshp,108,38
sm10-213,Red's Challenge,Trainer,Supporter,sm10,292,28
sm12-216,Solgaleo & Lunala-GX,Pokémon,"Basic,TAG TEAM,GX",sm12,37,28
ex8-96,Crobat ex,Pokémon,"Stage 2,ex",ex8,232,33
ex4-43,Pikachu,Pokémon,Basic,ex4,116,21
swsh11-187,Hisuian Goodra V,Pokémon,"Basic,V",swsh11,76,28
ex3-88,TV Reporter,Trainer,Supporter,ex3,116,29
sm12-265,Island Challenge Amulet,Trainer,Pokémon Tool,sm12,60,27
neo4-96,Thought Wave Machine,Trainer,Rocket's Secret Machine,neo4,125,2
zsv10pt5-5,Simisage,Pokémon,Stage 1,zsv10pt5,346,29
swsh4-116,Beldum,Pokémon,Basic,swsh4,308,21
dp6-90,Cubone,Pokémon,Basic,dp6,162,21
ex9-2,Deoxys,Pokémon,Basic,ex9,372,34
gym2-3,Brock's Ninetales,Pokémon,Stage 1,gym2,116,34
smp-SM61,Tapu Bulu,Pokémon,Basic,smp,184,38
smp-SM60,Charizard-GX,Pokémon,"Stage 2,GX",smp,76,38
ecard3-26,Poliwrath,Pokémon,Stage 2,ecard3,284,2
swsh12pt5-60,Mew V,Pokémon,"Basic,V,Fusion Strike",swsh12pt5,72,16
sm8-8,Meganium,Pokémon,Stage 2,sm8,214,34
sm11-244,Aerodactyl-GX,Pokémon,"Stage 1,GX",sm11,227,20
sm12-86,Rotom,Pokémon,Basic,sm12,40,29
dp7-56,Cherubi,Pokémon,Basic,dp7,17,21
bw9-87,Rattata,Pokémon,Basic,bw9,117,21
swsh5-133,Single Strike Scroll of Scorn,Trainer,"Pokémon Tool,Single Strike",swsh5,76,29
sm6-48,Doublade,Pokémon,Stage 1,sm6,215,29
me2-68,Toxtricity,Pokémon,Stage 1,me2,260,2
sv6pt5-55,Binding Mochi,Trainer,Pokémon Tool,sv6pt5,,29
bw11-RC6,Piplup,Pokémon,Basic,bw11,254,29
xy4-61,Bronzong,Pokémon,Stage 1,xy4,167,2
sv4pt5-58,Paldean Wooper,Pokémon,Basic,sv4pt5,112,21
ex11-109,Jolteon ex,Pokémon,"Stage 1,ex",ex11,108,33
base4-80,Meowth,Pokémon,Basic,base4,108,21
ex1-41,Marshtomp,Pokémon,Stage 1,ex1,116,29
sv8pt5-165,Dragapult ex,Pokémon,"Stage 2,Tera,ex",sv8pt5,,5
sv8-145,Slakoth,Pokémon,Basic,sv8,,21
swsh11-191,Fantina,Trainer,Supporter,swsh11,66,28
sm12-259,Reshiram & Zekrom-GX,Pokémon,"Basic,TAG TEAM,GX",sm12,292,20
swshp-SWSH061,Pikachu V,Pokémon,"Basic,V",swshp,70,38
sm1-58,Alolan Muk,Pokémon,Stage 1,sm1,75,34
swsh2-51,Cramorant,Pokémon,Basic,swsh2,108,2
xy4-63,Heatran,Pokémon,Basic,xy4,198,34
base4-57,Poliwhirl,Pokémon,Stage 1,base4,116,29
bw11-45,Keldeo-EX,Pokémon,"Basic,EX",bw11,334,33
pop7-17,Spinda,Pokémon,Basic,pop7,191,21
swsh2-48,Galarian Darmanitan,Pokémon,Stage 1,swsh2,112,2
swsh5-8,Cherrim,Pokémon,Stage 1,swsh5,40,34
xy6-94,Wally,Trainer,Supporter,xy6,184,29
sm11-211,U-Turn Board,Trainer,Pokémon Tool,sm11,60,29
sv4-128,Ferrothorn,Pokémon,Stage 1,sv4,172,29
sv2-5,Forretress ex,Pokémon,"Stage 1,Tera,ex",sv2,76,14
g1-27,Raichu,Pokémon,Stage 1,g1,108,34
gym2-126,Warp Point,Trainer,,gym2,307,21
sm3-3,Butterfree,Pokémon,Stage 2,sm3,317,2
rsv10pt5-9,Accelgor,Pokémon,Stage 1,rsv10pt5,323,29
rsv10pt5-39,Yamask,Pokémon,Basic,rsv10pt5,352,21
dp6-14,Rayquaza,Pokémon,Basic,dp6,79,34
me2-83,Buneary,Pokémon,Basic,me2,110,21
sv3-56,Froakie,Pokémon,Basic,sv3,363,21
ex1-19,Pelipper,Pokémon,Stage 1,ex1,112,2
ex16-18,Mightyena,Pokémon,Stage 1,ex16,198,2
dp2-111,Fossil Excavator,Trainer,Supporter,dp2,194,29
svp-96,Cyclizar,Pokémon,Basic,svp,264,38
svp-46,Bulbasaur,Pokémon,Basic,svp,140,38
rsv10pt5-114,Blitzle,Pokémon,Basic,rsv10pt5,175,7
swsh8-78,Inteleon V,Pokémon,"Basic,V,Rapid Strike",swsh8,76,16
swsh7-132,Swablu,Pokémon,Basic,swsh7,14,21
swsh7-22,Litleo,Pokémon,Basic,swsh7,6,21
dp2-107,Vulpix,Pokémon,Basic,dp2,162,21
swsh4-130,Eevee,Pokémon,Basic,swsh4,14,21
sm115-3,Butterfree,Pokémon,Stage 2,sm115,117,2
bw7-68,Munna,Pokémon,Basic,bw7,254,29
base6-13,Hitmonlee,Pokémon,Basic,base6,116,34
sv6-200,Dragapult ex,Pokémon,"Stage 2,Tera,ex",sv6,76,32
bw2-17,Virizion,Pokémon,Basic,bw2,76,34
xy1-10,Pansage,Pokémon,Basic,xy1,198,21
sm7-153,Blaziken-GX,Pokémon,"Stage 2,GX",sm7,76,28
bwp-BW15,Pidove,Pokémon,Basic,bwp,292,38
swsh6-139,Flannery,Trainer,"Supporter,Single Strike",swsh6,184,29
sm10-173,Fire Crystal,Trainer,Item,sm10,355,29
sv6pt5-94,Cassiopeia,Trainer,Supporter,sv6pt5,,5
swsh12pt5gg-GG02,Kricketune,Pokémon,Stage 1,swsh12pt5gg,208,37
sv8-123,Alolan Dugtrio,Pokémon,Stage 1,sv8,,29
bw8-113,Watchog,Pokémon,"Stage 1,Team Plasma",bw8,76,2
bp-3,Professor Elm,Trainer,,bp,116,38
sv6-220,Perrin,Trainer,Supporter,sv6,94,5
sv7-96,Grimmsnarl,Pokémon,Stage 2,sv7,,2
sm9-194,Judge Whistle,Trainer,Item,sm9,281,27
swsh3-103,Ariados,Pokémon,Stage 1,swsh3,317,29
dp3-103,Rattata,Pokémon,Basic,dp3,108,21
ex1-31,Grovyle,Pokémon,Stage 1,ex1,198,29
sv9-167,N's Reshiram,Pokémon,Basic,sv9,352,7
sv4-66,Zekrom,Pokémon,Basic,sv4,251,2
mcd12-2,Pansage,Pokémon,Basic,mcd12,112,13
bw2-36,Woobat,Pokémon,Basic,bw2,117,21
xy10-106,Old Amber Aerodactyl,Trainer,Item,xy10,334,29
swsh4-12,Shiftry,Pokémon,Stage 2,swsh4,146,2
swsh9-8,Torterra,Pokémon,Stage 2,swsh9,145,34
basep-24,_____'s Pikachu,Pokémon,Basic,basep,162,38
bw9-95,Starly,Pokémon,Basic,bw9,112,21
dp6-63,Marowak,Pokémon,Stage 1,dp6,116,29
sm11-183,Type: Null,Pokémon,Basic,sm11,223,29
swshp-SWSH219,Boltund V,Pokémon,"Basic,V",swshp,281,38
sm5-158,Pheromosa-GX,Pokémon,"Basic,GX,Ultra Beast",sm5,76,20
pgo-43,Tyranitar,Pokémon,Stage 2,pgo,82,34
dp7-51,Skarmory,Pokémon,Basic,dp7,162,29
bw10-1,Surskit,Pokémon,Basic,bw10,284,21
sv3-113,Diggersby,Pokémon,Stage 1,sv3,172,29
xy3-37,Jynx,Pokémon,Basic,xy3,292,2
ex13-35,Aerodactyl δ,Pokémon,Stage 1,ex13,108,29
dp3-6,Gallade,Pokémon,Stage 2,dp3,335,34
swsh10tg-TG09,Mightyena,Pokémon,Stage 1,swsh10tg,376,37
xy3-43,Golurk,Pokémon,Stage 1,xy3,216,2
xy8-51,Magnemite,Pokémon,Basic,xy8,340,21
zsv10pt5-1,Snivy,Pokémon,Basic,zsv10pt5,97,21
sm7-157,Banette-GX,Pokémon,"Stage 1,GX",sm7,76,28
sv9-70,Dhelmise,Pokémon,Basic,sv9,351,21
bwp-BW35,Meowth,Pokémon,Basic,bwp,125,38
xy4-84,Loudred,Pokémon,Stage 1,xy4,267,29
ex16-76,Glacia's Stadium,Trainer,Stadium,ex16,232,29
dp6-113,Pineco,Pokémon,Basic,dp6,117,21
sv8-31,Skeledirge,Pokémon,Stage 2,sv8,,2
swsh7-9,Petilil,Pokémon,Basic,swsh7,64,21
xy7-28,M Ampharos-EX,Pokémon,"MEGA,EX",xy7,76,33
sv2-3,Jumpluff,Pokémon,Stage 2,sv2,284,2
dp7-2,Empoleon,Pokémon,Stage 2,dp7,112,34
ex4-7,Team Magma's Aggron,Pokémon,Stage 2,ex4,69,34
dpp-DP18,Palkia LV.X,Pokémon,Level-Up,dpp,232,38
sv6pt5-20,Dusknoir,Pokémon,Stage 2,sv6pt5,,2
si1-18,Primeape,Pokémon,Stage 1,si1,284,13
sv5-154,Maximum Belt,Trainer,"Pokémon Tool,ACE SPEC",sv5,100,19
sv4-60,Plusle,Pokémon,Basic,sv4,333,21
swsh8-12,Maractus,Pokémon,Basic,swsh8,131,2
base4-15,Poliwrath,Pokémon,Stage 2,base4,116,34
sv3-87,Snubbull,Pokémon,Basic,sv3,333,21
neo4-41,Heracross,Pokémon,Basic,neo4,182,29
sma-SV35,Kirlia,Pokémon,Stage 1,sma,125,9
rsv10pt5-136,Purrloin,Pokémon,Basic,rsv10pt5,109,7
dp4-57,Unown [G],Pokémon,Basic,dp4,335,29
ex2-50,Pelipper,Pokémon,Stage 1,ex2,162,29
ecard2-70,Chinchou,Pokémon,Basic,ecard2,43,21
ex5-35,Gloom,Pokémon,Stage 1,ex5,43,29
bw3-48,Trubbish,Pokémon,Basic,bw3,267,21
sm5-68,Hippopotas,Pokémon,Basic,sm5,262,21
col1-46,Magby,Pokémon,Basic,col1,340,29
dp7-12,Abomasnow,Pokémon,Stage 1,dp7,108,2
pl4-49,Wormadam Plant Cloak,Pokémon,Stage 1,pl4,112,29
sv5-24,Rabsca,Pokémon,Stage 1,sv5,178,29
dp4-59,Zangoose,Pokémon,Basic,dp4,117,29
sv8-3,Exeggutor,Pokémon,Stage 1,sv8,,29
sv8-190,Tyme,Trainer,Supporter,sv8,,29
xy5-56,Manaphy,Pokémon,Basic,xy5,254,34
ex11-108,Flareon ex,Pokémon,"Stage 1,ex",ex11,232,33
me2-16,Darmanitan,Pokémon,Stage 1,me2,146,29
bwp-BW72,Cobalion,Pokémon,Basic,bwp,76,38
neo1-91,Bill's Teleporter,Trainer,,neo1,307,29
sm5-40,Wash Rotom,Pokémon,Basic,sm5,90,2
sv10-60,Abomasnow,Pokémon,Stage 1,sv10,85,29
sv7-94,Impidimp,Pokémon,Basic,sv7,,21
sm12-159,Drampa,Pokémon,Basic,sm12,292,2
bw3-87,Fraxure,Pokémon,Stage 1,bw3,162,29
swsh45-37,Morpeko V,Pokémon,"Basic,V",swsh45,76,16
sv4pt5-237,Iono,Trainer,Supporter,sv4pt5,127,5
ex9-36,Marshtomp,Pokémon,Stage 1,ex9,191,29
swsh35-60,Pokémon Center Lady,Trainer,Supporter,swsh35,215,29
ecard3-93,Sandslash,Pokémon,Stage 1,ecard3,189,21
ecard2-32,Scizor,Pokémon,Stage 1,ecard2,294,2
ex9-25,Combusken,Pokémon,Stage 1,ex9,198,29
swsh8-137,Golem,Pokémon,Stage 2,swsh8,105,2
bw8-124,Plasma Frigate,Trainer,"Stadium,Team Plasma",bw8,76,29
sv8-232,Drayton,Trainer,Supporter,sv8,,32
hgss2-81,Pokémon Circulator,Trainer,Item,hgss2,299,29
sm35-59,Energy Retrieval,Trainer,Item,sm35,334,29
sv4pt5-202,Snorlax,Pokémon,Basic,sv4pt5,90,31
sm2-61,Lunala,Pokémon,Stage 2,sm2,76,2
sv5-188,Gouging Fire ex,Pokémon,"Basic,ex,Ancient",sv5,76,32
ex12-28,Wobbuffet,Pokémon,Basic,ex12,112,2
swsh6-191,Flannery,Trainer,"Supporter,Single Strike",swsh6,66,28
zsv10pt5-170,N's Plan,Trainer,Supporter,zsv10pt5,313,5
ex9-99,Regirock ex,Pokémon,"Basic,ex",ex9,136,33
pop7-2,Gallade,Pokémon,Stage 2,pop7,335,2
hgss3-41,Vaporeon,Pokémon,Stage 1,hgss3,254,29
dp6-32,Kyogre,Pokémon,Basic,dp6,79,2
dp7-74,Snover,Pokémon,Basic,dp7,162,21
sv10-100,Medicham,Pokémon,Stage 1,sv10,359,29
ex13-49,Pidgeotto δ,Pokémon,Stage 1,ex13,191,29
gym1-106,Brock's Training Method,Trainer,,gym1,116,29
me2-44,Alcremie,Pokémon,Stage 1,me2,304,29
swsh12pt5-103,Duraludon V,Pokémon,"Basic,V,Single Strike",swsh12pt5,336,16
ex13-5,Deoxys δ,Pokémon,Basic,ex13,112,34
ex16-68,Trapinch,Pokémon,Basic,ex16,34,21
swsh8-262,Schoolgirl,Trainer,Supporter,swsh8,37,28
sv8-35,Ceruledge,Pokémon,Stage 1,sv8,,29
bw11-49,Emolga,Pokémon,Basic,bw11,17,29
xy7-96,Primal Kyogre-EX,Pokémon,"MEGA,EX",xy7,76,27
sm10-200,Greninja & Zoroark-GX,Pokémon,"Basic,TAG TEAM,GX",sm10,76,28
swsh8-3,Butterfree,Pokémon,Stage 2,swsh8,242,34
sm12-79,Xatu,Pokémon,Stage 1,sm12,277,2
pl4-22,Manectric,Pokémon,Stage 1,pl4,137,2
sm3-10,Ledian,Pokémon,Stage 1,sm3,191,2
sv6-110,Ting-Lu,Pokémon,Basic,sv6,277,2
sv4-9,Steenee,Pokémon,Stage 1,sv4,106,29
bw6-53,Trubbish,Pokémon,Basic,bw6,17,21
sv8-30,Crocalor,Pokémon,Stage 1,sv8,,21
zsv10pt5-92,Lilligant,Pokémon,Stage 1,zsv10pt5,339,7
ex1-56,Makuhita,Pokémon,Basic,ex1,116,21
swsh2-57,Electrode,Pokémon,Stage 1,swsh2,143,29
sv1-250,Jacq,Trainer,Supporter,sv1,145,5
col1-1,Clefable,Pokémon,Stage 1,col1,254,34
smp-SM58,Necrozma-GX,Pokémon,"Basic,GX",smp,76,38
sm12-66,Pikachu,Pokémon,Basic,sm12,284,21
bw6-3,Jumpluff,Pokémon,Stage 2,bw6,162,2
sm11-255,U-Turn Board,Trainer,Pokémon Tool,sm11,60,27
bw5-47,Eelektross,Pokémon,Stage 2,bw5,73,34
sv4-234,Bombirdier ex,Pokémon,"Basic,ex",sv4,336,32
sm10-44,Seel,Pokémon,Basic,sm10,125,21
sv4pt5-205,Skwovet,Pokémon,Basic,sv4pt5,351,31
pl2-80,Shellos West Sea,Pokémon,Basic,pl2,189,21
swsh1-58,Inteleon,Pokémon,Stage 2,swsh1,162,34
sm7-79,Claydol,Pokémon,Stage 1,sm7,262,2
ex8-80,Taillow,Pokémon,Basic,ex8,198,21
sm2-50,Trubbish,Pokémon,Basic,sm2,43,21
swsh45sv-SV122,Eternatus VMAX,Pokémon,VMAX,swsh45sv,76,27
sm12-167,Eevee,Pokémon,Basic,sm12,264,21
rsv10pt5-20,Reshiram ex,Pokémon,"Basic,ex",rsv10pt5,76,14
swsh8-165,Croagunk,Pokémon,Basic,swsh8,368,21
xy9-86,Dragalge,Pokémon,Stage 1,xy9,317,34
neo2-52,Xatu,Pokémon,Stage 1,neo2,125,29
swsh45-53,Greedent V,Pokémon,"Basic,V",swsh45,72,16
swsh10-156,Trekking Shoes,Trainer,Item,swsh10,334,29
sm7-108,Latios ◇,Pokémon,"Basic,Prism Star",sm7,277,18
sm9-114,Alolan Exeggutor,Pokémon,Stage 1,sm9,277,2
bw6-93,Deino,Pokémon,Basic,bw6,73,21
sm11-239,Slowpoke & Psyduck-GX,Pokémon,"Basic,TAG TEAM,GX",sm11,227,20
pgo-5,Alolan Exeggutor V,Pokémon,"Basic,V",pgo,41,16
bw4-90,Pokémon Center,Trainer,Stadium,bw4,76,29
sv4pt5-119,Starmie,Pokémon,Stage 1,sv4pt5,90,31
gym2-86,Lt. Surge's Voltorb,Pokémon,Basic,gym2,191,21
smp-SM18,Alolan Sandslash,Pokémon,Stage 1,smp,142,38
svp-85,Pikachu with Grey Felt Hat,Pokémon,Basic,svp,284,38
bw6-11,Ninjask,Pokémon,Stage 1,bw6,117,29
base4-109,Defender,Trainer,,base4,307,29
sm12-29,Torkoal,Pokémon,Basic,sm12,131,29
ex14-34,Ivysaur,Pokémon,Stage 1,ex14,125,29
sv8-24,Larvesta,Pokémon,Basic,sv8,,21
swsh6-37,Spheal,Pokémon,Basic,swsh6,215,21
swsh12pt5gg-GG38,Suicune V,Pokémon,"Basic,V",swsh12pt5gg,233,16
xy3-100,Super Scoop Up,Trainer,Item,xy3,76,29
sm4-17,Magikarp,Pokémon,Basic,sm4,142,21
sv1-199,Tarountula,Pokémon,Basic,sv1,189,7
me1-159,Mega Gardevoir ex,Pokémon,"Stage 2,MEGA,ex",me1,,32
swsh35-77,Kabu,Trainer,Supporter,swsh35,75,20
ex13-40,Donphan,Pokémon,Stage 1,ex13,294,29
swsh11tg-TG25,Cook,Trainer,Supporter,swsh11tg,351,28
base1-87,Pokédex,Trainer,,base1,307,29
sv8-149,Zangoose,Pokémon,Basic,sv8,,21
sm11-109,Meditite,Pokémon,Basic,sm11,40,21
swsh1-186,Aurora Energy,Energy,Special,swsh1,,29
sv3pt5-80,Slowbro,Pokémon,Stage 1,sv3pt5,140,29
swsh3-156,Corviknight,Pokémon,Stage 2,swsh3,112,34
xy4-40,Musharna,Pokémon,Stage 1,xy4,38,2
dpp-DP15,Shinx,Pokémon,Basic,dpp,162,38
ex5-77,Tentacool,Pokémon,Basic,ex5,294,21
xy8-22,M Houndoom-EX,Pokémon,"MEGA,EX",xy8,76,33
svp-116,Infernape,Pokémon,Stage 2,svp,342,38
sm12-119,Pancham,Pokémon,Basic,sm12,44,21
swshp-SWSH046,Eldegoss,Pokémon,Stage 1,swshp,40,38
ecard1-72,Chansey,Pokémon,Basic,ecard1,125,29
sv3-127,Paldean Wooper,Pokémon,Basic,sv3,187,21
sv1-39,Charcadet,Pokémon,Basic,sv1,224,21
ecard2-73,Doduo,Pokémon,Basic,ecard2,293,21
base5-34,Dark Electrode,Pokémon,Stage 1,base5,116,29
swsh4-52,Manectric,Pokémon,Stage 1,swsh4,172,2
det1-17,Ditto,Pokémon,Basic,det1,213,28
swsh12pt5-11,Cherubi,Pokémon,Basic,swsh12pt5,14,21
xy5-78,Nosepass,Pokémon,Basic,xy5,290,21
sv8-170,Cyrano,Trainer,Supporter,sv8,,29
sm5-59,Cresselia,Pokémon,Basic,sm5,24,34
sm12-224,Naganadel & Guzzlord-GX,Pokémon,"Basic,TAG TEAM,GX,Ultra Beast",sm12,308,28
rsv10pt5-169,Hydreigon ex,Pokémon,"Stage 2,ex",rsv10pt5,279,5
cel25-22,Lugia,Pokémon,Basic,cel25,112,2
neo3-63,Rocket's Hideout,Trainer,Stadium,neo3,307,29
swsh10-91,Hisuian Overqwil,Pokémon,Stage 1,swsh10,277,2
ex9-1,Blaziken,Pokémon,Stage 2,ex9,198,34
sv8-206,Vibrava,Pokémon,Stage 1,sv8,,7
g1-28,Jolteon-EX,Pokémon,"Basic,EX",g1,292,33
sv8-73,Marill,Pokémon,Basic,sv8,,21
sv9-104,N's Klang,Pokémon,Stage 1,sv9,105,21
hgss4-79,Swinub,Pokémon,Basic,hgss4,162,21
pop2-9,Multi Technical Machine 01,Trainer,Technical Machine,pop2,341,29
ecard3-H14,Ledian,Pokémon,Stage 1,ecard3,136,34
bw11-80,Lucario,Pokémon,Stage 1,bw11,267,34
neo1-43,Phanpy,Pokémon,Basic,neo1,116,29
sv3-53,Cubchoo,Pokémon,Basic,sv3,71,21
pl3-34,Medicham,Pokémon,Stage 1,pl3,117,2
sm5-42,Manaphy,Pokémon,Basic,sm5,73,29
ex6-83,Squirtle,Pokémon,Basic,ex6,108,21
bw4-99,Regigigas-EX,Pokémon,"Basic,EX",bw4,76,28
bw3-76,Bisharp,Pokémon,Stage 1,bw3,112,29
zsv10pt5-108,Alomomola,Pokémon,Basic,zsv10pt5,282,7
sv7-169,Dachsbun ex,Pokémon,"Stage 1,ex",sv7,,5
swsh6-183,Blissey V,Pokémon,"Basic,V",swsh6,332,28
sv10-191,Team Rocket's Houndoom,Pokémon,Stage 1,sv10,214,7
swsh12pt5-23,Simisear VSTAR,Pokémon,VSTAR,swsh12pt5,76,24
g1-15,Rapidash,Pokémon,Stage 1,g1,235,2
ex1-83,Lady Outing,Trainer,Supporter,ex1,116,29
swshp-SWSH221,Cyndaquil,Pokémon,Basic,swshp,151,38
sv4-162,Defiance Vest,Trainer,Pokémon Tool,sv4,281,29
sm9-123,Pidgeotto,Pokémon,Stage 1,sm9,71,21
ex2-7,Ludicolo,Pokémon,Stage 2,ex2,17,34
rsv10pt5-171,Hilda,Trainer,Supporter,rsv10pt5,292,5
sv1-30,Growlithe,Pokémon,Basic,sv1,73,21
ex15-53,Ledyba δ,Pokémon,Basic,ex15,271,21
gym2-16,Sabrina's Alakazam,Pokémon,Stage 2,gym2,116,34
swsh9-58,Baltoy,Pokémon,Basic,swsh9,271,21
sv3-137,Inkay,Pokémon,Basic,sv3,309,21
ex2-44,Linoone,Pokémon,Stage 1,ex2,108,29
sv2-46,Delibird,Pokémon,Basic,sv2,58,21
bw8-79,Timburr,Pokémon,Basic,bw8,162,21
xy8-53,Magneton,Pokémon,Stage 1,xy8,17,29
swsh8-63,Marshtomp,Pokémon,Stage 1,swsh8,223,29
sm2-113,Bewear,Pokémon,Stage 1,sm2,317,29
ex7-95,R Energy,Energy,Special,ex7,50,29
sm7-37,Lombre,Pokémon,Stage 1,sm7,191,29
ex10-114,Raikou ★,Pokémon,"Basic,Star",ex10,117,6
dp3-68,Unown [K],Pokémon,Basic,dp3,335,29
xyp-XY39,Kingdra,Pokémon,Stage 2,xyp,134,38
pop5-2,Lugia,Pokémon,Basic,pop5,108,2
sm9-59,Nidoking,Pokémon,Stage 2,sm9,73,2
ex14-78,Dual Ball,Trainer,Item,ex14,341,29
sv9-39,Pelipper,Pokémon,Stage 1,sv9,300,29
sv8pt5-133,Atticus,Trainer,Supporter,sv8pt5,,32
swsh10-170,Jirachi V,Pokémon,"Basic,V",swsh10,275,28
sv4-185,Toedscruel,Pokémon,Stage 1,sv4,105,7
sm10-227,Persian-GX,Pokémon,"Stage 1,GX",sm10,76,20
sv7-127,Cyclizar,Pokémon,Basic,sv7,,21
ex12-59,Magnemite,Pokémon,Basic,ex12,255,21
bw2-87,Rufflet,Pokémon,Basic,bw2,284,21
mcd12-8,Drilbur,Pokémon,Basic,mcd12,167,13
swsh11tg-TG01,Parasect,Pokémon,Stage 1,swsh11tg,145,37
xy10-75,Kangaskhan,Pokémon,Basic,xy10,117,29
sv9-114,Salamence ex,Pokémon,"Stage 2,ex",sv9,378,14
sv4pt5-35,Whimsicott,Pokémon,Stage 1,sv4pt5,186,29
bw7-117,Lopunny,Pokémon,Stage 1,bw7,142,29
sv1-106,Houndstone,Pokémon,Stage 1,sv1,112,2
sm1-80,Umbreon-GX,Pokémon,"Stage 1,GX",sm1,76,10
dp6-94,Gligar,Pokémon,Basic,dp6,117,21
smp-SM79,Shining Celebi,Pokémon,Basic,smp,351,38
xy8-114,Meowth,Pokémon,Basic,xy8,215,21
ex3-60,Magikarp,Pokémon,Basic,ex3,112,21
swsh1-154,Dubwool,Pokémon,Stage 1,swsh1,273,29
xy7-2,Gloom,Pokémon,Stage 1,xy7,117,29
swsh6-231,Water Energy,Energy,Basic,swsh6,,27
ex6-12,Raichu,Pokémon,Stage 1,ex6,198,34
sv4-125,Steelix,Pokémon,Stage 1,sv4,78,2
pl3-87,Wailmer,Pokémon,Basic,pl3,117,29
sm8-23,Wurmple,Pokémon,Basic,sm8,215,21
ex12-25,Solrock,Pokémon,Basic,ex12,294,2
xy9-4,Seedot,Pokémon,Basic,xy9,194,21
swsh3-149,Swanna,Pokémon,Stage 1,swsh3,256,2
col1-60,Koffing,Pokémon,Basic,col1,163,21
xy12-106,Dragonite-EX,Pokémon,"Basic,EX",xy12,232,28
hgss4-95,Machamp,Pokémon,"Stage 2,Prime",hgss4,298,23
sv4pt5-16,Lapras,Pokémon,Basic,sv4pt5,96,21
sv4pt5-56,Haunter,Pokémon,Stage 1,sv4pt5,260,21
xy11-63,Pawniard,Pokémon,Basic,xy11,125,21
sm12-194,Island Challenge Amulet,Trainer,Pokémon Tool,sm12,60,29
gym2-1,Blaine's Arcanine,Pokémon,Stage 1,gym2,116,34
rsv10pt5-153,Watchog,Pokémon,Stage 1,rsv10pt5,169,7
dc1-29,Team Magma Admin,Trainer,Supporter,dc1,373,29
xy6-37,Gliscor,Pokémon,Stage 1,xy6,163,29
base2-10,Scyther,Pokémon,Basic,base2,116,34
me1-18,Dhelmise,Pokémon,Basic,me1,,21
dp7-39,Grovyle,Pokémon,Stage 1,dp7,284,29
xy1-129,Team Flare Grunt,Trainer,Supporter,xy1,171,29
ex4-67,Team Magma's Rhyhorn,Pokémon,Basic,ex4,278,21
ecard2-11,Espeon,Pokémon,Stage 1,ecard2,271,2
xy10-60,Bronzor,Pokémon,Basic,xy10,163,21
sm35-30,Voltorb,Pokémon,Basic,sm35,167,21
sm75-52,Jangmo-o,Pokémon,Basic,sm75,171,21
ex15-81,Strength Charm,Trainer,Pokémon Tool,ex15,298,29
swsh2-162,Nugget,Trainer,Item,swsh2,60,29
sv4pt5-74,Maushold,Pokémon,Stage 1,sv4pt5,88,29
ex6-6,Kangaskhan,Pokémon,Basic,ex6,284,34
sv4-141,Tatsugiri,Pokémon,Basic,sv4,322,29
dpp-DP02,Chimchar,Pokémon,Basic,dpp,162,38
bwp-BW19,Zoroark,Pokémon,Stage 1,bwp,76,38
xy11-77,Azumarill,Pokémon,Stage 1,xy11,351,29
swsh9-89,Spiritomb,Pokémon,Basic,swsh9,146,21
sv9-50,Togedemaru,Pokémon,Basic,sv9,97,21
sm7-86,Sneasel,Pokémon,Basic,sm7,116,21
sv8-179,Lisia's Appeal,Trainer,Supporter,sv8,,29
sm12-253,Blastoise & Piplup-GX,Pokémon,"Basic,TAG TEAM,GX",sm12,76,20
sv4pt5-40,Ceruledge,Pokémon,Stage 1,sv4pt5,196,2
sm12-52,Walrein,Pokémon,Stage 2,sm12,281,2
sm3-80,Marshadow-GX,Pokémon,"Basic,GX",sm3,76,10
dp3-99,Pidgey,Pokémon,Basic,dp3,372,21
sv4pt5-214,Espathra ex,Pokémon,"Stage 1,Tera,ex",sv4pt5,356,8
ex10-86,Mary's Request,Trainer,Supporter,ex10,116,29
ecard2-76,Exeggcute,Pokémon,Basic,ecard2,293,21
xy9-17,Golduck,Pokémon,Stage 1,xy9,108,2
bw3-63,Gurdurr,Pokémon,Stage 1,bw3,125,29
sm2-21,Alolan Vulpix,Pokémon,Basic,sm2,273,21
swsh7-223,Gordie,Trainer,Supporter,swsh7,75,20
xy6-47,Carbink,Pokémon,Basic,xy6,340,2
smp-SM17,Lunala-GX,Pokémon,"Stage 2,GX",smp,76,38
swsh6-163,Ice Rider Calyrex V,Pokémon,"Basic,V",swsh6,76,28
pl2-RT2,Frost Rotom,Pokémon,Basic,pl2,372,2
xy5-140,Silent Lab,Trainer,Stadium,xy5,232,29
sv1-66,Mareep,Pokémon,Basic,sv1,304,21
swsh35-11,Carvanha,Pokémon,Basic,swsh35,90,21
base6-88,Psyduck,Pokémon,Basic,base6,108,21
bw1-111,Darkness Energy,Energy,Basic,bw1,,21
ex15-17,Jynx δ,Pokémon,Basic,ex15,116,2
sv4pt5-241,Chi-Yu ex,Pokémon,"Basic,ex",sv4pt5,99,1
sm8-214,Whitney,Trainer,Supporter,sm8,351,28
ex16-90,Cyclone Energy,Energy,Special,ex16,176,29
swsh4-157,Nessa,Trainer,Supporter,swsh4,236,29
mcd11-2,Maractus,Pokémon,Basic,mcd11,162,13
swshp-SWSH139,Pikachu V-UNION,Pokémon,V-UNION,swshp,,38
bw5-102,Ultra Ball,Trainer,Item,bw5,76,29
gym1-38,Brock's Geodude,Pokémon,Basic,gym1,191,29
sv1-1,Pineco,Pokémon,Basic,sv1,90,21
bw11-50,Thundurus,Pokémon,Basic,bw11,293,34
ecard3-120,Relic Hunter,Trainer,Supporter,ecard3,162,29
ex15-44,Chikorita δ,Pokémon,Basic,ex15,43,21
bw6-50,Drifloon,Pokémon,Basic,bw6,112,21
neo3-36,Piloswine,Pokémon,Stage 1,neo3,191,29
swsh11tg-TG15,Centiskorch VMAX,Pokémon,VMAX,swsh11tg,145,25
sv6pt5-49,Persian,Pokémon,Stage 1,sv6pt5,,21
zsv10pt5-4,Pansage,Pokémon,Basic,zsv10pt5,346,21
pl3-97,Chimchar,Pokémon,Basic,pl3,117,21
sm3-45,Eelektrik,Pokémon,Stage 1,sm3,288,29
sm11-216,Heatran-GX,Pokémon,"Basic,GX",sm11,227,28
sm5-81,Magnemite,Pokémon,Basic,sm5,116,21
ex12-49,Bellsprout,Pokémon,Basic,ex12,198,21
g1-69,Pokémon Fan Club,Trainer,Supporter,g1,171,29
swsh10-100,Hisuian Samurott,Pokémon,Stage 2,swsh10,112,34
hgss1-42,Flaaffy,Pokémon,Stage 1,hgss1,117,29
sv8pt5-104,Ciphermaniac's Codebreaking,Trainer,"Supporter,Future",sv8pt5,,29
ex12-67,Trapinch,Pokémon,Basic,ex12,17,21
dp3-82,Charmander,Pokémon,Basic,dp3,117,21
sm10-57,Dedenne-GX,Pokémon,"Basic,GX",sm10,72,10
swsh5-113,Lickitung,Pokémon,Basic,swsh5,12,21
ex4-29,Team Aqua's Manectric,Pokémon,Stage 1,ex4,319,29
sm1-56,Crobat,Pokémon,Stage 2,sm1,235,34
hgss4-25,Lunatone,Pokémon,Basic,hgss4,112,2
swsh4-45,Voltorb,Pokémon,Basic,swsh4,333,21
ex13-25,Nosepass,Pokémon,Basic,ex13,162,2
sv8pt5-25,Glaceon,Pokémon,Stage 1,sv8pt5,,2
swsh10-129,Chatot,Pokémon,Basic,swsh10,317,21
svp-188,Scrafty,Pokémon,Stage 1,svp,371,38
sv1-176,Judge,Trainer,Supporter,sv1,37,29
ecard1-52,Magby,Pokémon,Baby,ecard1,108,2
ex3-25,Combusken,Pokémon,Stage 1,ex3,191,29
ex3-51,Barboach,Pokémon,Basic,ex3,17,21
base3-19,Dragonite,Pokémon,Stage 2,base3,162,2
me2-100,Zacian,Pokémon,Basic,me2,170,7
svp-31,Tinkaton ex,Pokémon,"Stage 2,ex",svp,356,38
swsh9-95,Morpeko V,Pokémon,"Basic,V",swsh9,336,16
base4-68,Caterpie,Pokémon,Basic,base4,116,21
base1-94,Potion,Trainer,,base1,307,21
hgss2-39,Pupitar,Pokémon,Stage 1,hgss2,112,29
xy11-103,Ninja Boy,Trainer,Supporter,xy11,184,29
swsh12-126,Cobalion,Pokémon,Basic,swsh12,317,2
sv7-77,Meditite,Pokémon,Basic,sv7,,21
swsh12pt5-123,Bea,Trainer,Supporter,swsh12pt5,233,34
xy1-116,Evosoda,Trainer,Item,xy1,76,29
swsh9-177,Cheren's Care,Trainer,Supporter,swsh9,66,20
base2-43,Primeape,Pokémon,Stage 1,base2,162,29
base5-47,Magikarp,Pokémon,Basic,base5,162,29
bw11-42,Seismitoad,Pokémon,Stage 2,bw11,163,2
swsh3-31,Fletchinder,Pokémon,Stage 1,swsh3,40,29
pl4-42,Haunter,Pokémon,Stage 1,pl4,108,29
swsh7-116,Kyurem,Pokémon,Basic,swsh7,224,34
swsh10-165,Heatran V,Pokémon,"Basic,V",swsh10,296,28
swsh45-71,Rose,Trainer,Supporter,swsh45,184,28
ex10-26,Hitmontop,Pokémon,Basic,ex10,294,2
bw9-84,Kingdra,Pokémon,Stage 2,bw9,284,34
bw9-117,Empoleon,Pokémon,Stage 2,bw9,281,27
bw3-47,Cofagrigus,Pokémon,Stage 1,bw3,317,2
xy2-95,Protection Cube,Trainer,Pokémon Tool,xy2,334,29
ex9-3,Exploud,Pokémon,Stage 2,ex9,163,34
neo2-43,Omastar,Pokémon,Stage 2,neo2,257,29
bw10-27,Tirtouga,Pokémon,Restored,bw10,198,29
sm11-157,Druddigon,Pokémon,Basic,sm11,134,21
sv6pt5-88,Janine's Secret Art,Trainer,Supporter,sv6pt5,,32
sm10-178,Lt. Surge's Strategy,Trainer,Supporter,sm10,184,29
ex2-34,Delcatty,Pokémon,Stage 1,ex2,198,29
ex6-92,Great Ball,Trainer,Item,ex6,240,29
base4-50,Magikarp,Pokémon,Basic,base4,108,29
bwp-BW53,Flygon,Pokémon,Stage 2,bwp,27,38
swsh7-155,Ribbon Badge,Trainer,"Item,Pokémon Tool",swsh7,296,29
gym1-98,Brock,Trainer,,gym1,116,2
sm1-1,Caterpie,Pokémon,Basic,sm1,194,21
dp7-88,Poké Blower +,Trainer,Item,dp7,232,29
bw7-24,Tepig,Pokémon,Basic,bw7,317,21
swsh45-54,Cramorant V,Pokémon,"Basic,V",swsh45,207,16
ex1-82,Energy Switch,Trainer,Item,ex1,347,29
sv4-202,Garganacl,Pokémon,Stage 2,sv4,183,7
cel25-8,Surfing Pikachu V,Pokémon,"Basic,V",cel25,207,16
sv2-101,Tinkatink,Pokémon,Basic,sv2,322,21
dp1-21,Carnivine,Pokémon,Basic,dp1,112,2
xy12-66,Rattata,Pokémon,Basic,xy12,108,21
sm2-68,Gliscor,Pokémon,Stage 1,sm2,355,29
dpp-DP03,Piplup,Pokémon,Basic,dpp,191,38
swsh12pt5gg-GG59,Colress's Experiment,Trainer,Supporter,swsh12pt5gg,91,28
swsh8-135,Geodude,Pokémon,Basic,swsh8,140,21
bp-8,Rocket's Mewtwo,Pokémon,Basic,bp,257,38
pl1-42,Cacturne,Pokémon,Stage 1,pl1,108,29
sv6-60,Palafin,Pokémon,Stage 1,sv6,303,29
base5-54,Drowzee,Pokémon,Basic,base5,162,21
swsh12pt5gg-GG57,Adaman,Trainer,Supporter,swsh12pt5gg,292,28
pl1-109,Looker's Investigation,Trainer,Supporter,pl1,116,29
swsh12pt5gg-GG42,Zeraora VMAX,Pokémon,VMAX,swsh12pt5gg,8,25
rsv10pt5-71,Druddigon,Pokémon,Basic,rsv10pt5,208,29
smp-SM161,Jirachi,Pokémon,Basic,smp,71,38
col1-6,Groudon,Pokémon,Basic,col1,232,34
sv3-47,Sharpedo,Pokémon,Stage 1,sv3,247,29
xy8-56,Stunfisk,Pokémon,Basic,xy8,292,29
sv1-82,Drowzee,Pokémon,Basic,sv1,140,21
swsh3-109,Zweilous,Pokémon,Stage 1,swsh3,223,29
dp1-11,Palkia,Pokémon,Basic,dp1,240,34
base1-88,Professor Oak,Trainer,,base1,116,29
zsv10pt5-66,Cobalion,Pokémon,Basic,zsv10pt5,315,2
sm9-13,Charmeleon,Pokémon,Stage 1,sm9,281,29
sv8-214,Braviary,Pokémon,Stage 1,sv8,,7
xy10-73,Kingdra-EX,Pokémon,"Basic,EX",xy10,134,33
hgss4-60,Cubone,Pokémon,Basic,hgss4,73,21
ecard1-100,Chikorita,Pokémon,Basic,ecard1,44,21
neo1-62,Horsea,Pokémon,Basic,neo1,189,21
swsh45-50,Ditto V,Pokémon,"Basic,V",swsh45,115,16
sm8-26,Beautifly,Pokémon,Stage 2,sm8,131,2
hgss3-75,Legend Box,Trainer,Item,hgss3,298,29
sv10-30,Rapidash,Pokémon,Stage 1,sv10,61,29
swsh6-177,Galarian Moltres V,Pokémon,"Basic,V",swsh6,322,28
bw3-5,Lilligant,Pokémon,Stage 1,bw3,340,2
swsh10-30,Starmie V,Pokémon,"Basic,V",swsh10,297,16
pl4-55,Buneary,Pokémon,Basic,pl4,254,21
swshp-SWSH189,Flapple,Pokémon,Stage 1,swshp,214,38
swsh10-97,Absol,Pokémon,Basic,swsh10,94,34
bw8-16,Monferno,Pokémon,Stage 1,bw8,117,29
swsh3-32,Talonflame,Pokémon,Stage 2,swsh3,73,2
sm7-77,Medicham,Pokémon,Stage 1,sm7,6,2
pl2-2,Bastiodon GL,Pokémon,"Basic,SP",pl2,163,34
bw11-87,Spiritomb,Pokémon,Basic,bw11,108,29
sma-SV80,Drampa-GX,Pokémon,"Basic,GX",sma,76,35
sv9-84,Rockruff,Pokémon,Basic,sv9,45,21
swsh10-191,Heatran VMAX,Pokémon,VMAX,swsh10,275,20
swsh5-108,Aegislash,Pokémon,Stage 2,swsh5,284,2
xyp-XY93,Celebi,Pokémon,Basic,xyp,317,38
dp7-70,Pikachu,Pokémon,Basic,dp7,163,21
swsh5-75,Conkeldurr,Pokémon,Stage 2,swsh5,189,2
xy5-93,Aggron-EX,Pokémon,"Basic,EX",xy5,297,33
sv2-114,Croagunk,Pokémon,Basic,sv2,73,21
col1-80,Lost Remover,Trainer,Item,col1,374,29
swsh12-184,Regidrago V,Pokémon,"Basic,V",swsh12,204,28
sm9-48,Galvantula,Pokémon,Stage 1,sm9,172,2
sv9-30,Reshiram ex,Pokémon,"Basic,ex",sv9,336,14
bw11-114,Reshiram,Pokémon,Basic,bw11,76,27
ex1-52,Electrike,Pokémon,Basic,ex1,116,21
rsv10pt5-127,Roggenrola,Pokémon,Basic,rsv10pt5,53,7
neo4-111,Shining Raichu,Pokémon,Basic,neo4,372,36
swsh7-172,Vaporeon V,Pokémon,"Basic,V,Rapid Strike",swsh7,76,28
pl2-48,Scizor E4,Pokémon,"Basic,SP",pl2,112,29
swsh6-156,Welcoming Lantern,Trainer,"Item,Single Strike",swsh6,296,29
sv10-203,Team Rocket's Meowth,Pokémon,Basic,sv10,160,7
swsh7-219,Duraludon VMAX,Pokémon,"VMAX,Single Strike",swsh7,336,20
sm11-40,Lumineon,Pokémon,Stage 1,sm11,333,29
swsh45-64,Alcremie V,Pokémon,"Basic,V",swsh45,281,28
sv10-166,Granite Cave,Trainer,Stadium,sv10,26,29
sv9-132,Greedent,Pokémon,Stage 1,sv9,245,29
base2-18,Electrode,Pokémon,Stage 1,base2,108,2
sm6-63,Croagunk,Pokémon,Basic,sm6,172,21
sv8pt5-40,Sylveon,Pokémon,Stage 1,sv8pt5,,2
swsh6-8,Celebi VMAX,Pokémon,VMAX,swsh6,70,25
sv4-37,Snorunt,Pokémon,Basic,sv4,103,21
ex15-99,Tyranitar ex δ,Pokémon,"Stage 2,ex",ex15,141,33
sm3-47,Togedemaru,Pokémon,Basic,sm3,112,21
ex4-46,Squirtle,Pokémon,Basic,ex4,116,21
xy4-108,Trick Coin,Trainer,Pokémon Tool,xy4,334,29
dp6-50,Castform Snow-Cloud Form,Pokémon,Basic,dp6,332,29
bw1-57,Reuniclus,Pokémon,Stage 2,bw1,76,34
bw8-12,Foongus,Pokémon,Basic,bw8,108,21
dp1-70,Bidoof,Pokémon,Basic,dp1,116,21
sm7-44,Luvdisc,Pokémon,Basic,sm7,165,21
hgss2-43,Aipom,Pokémon,Basic,hgss2,116,21
swsh6-204,Shadow Rider Calyrex VMAX,Pokémon,VMAX,swsh6,76,20
sv3pt5-42,Golbat,Pokémon,Stage 1,sv3pt5,104,29
sm8-114,Larvitar,Pokémon,Basic,sm8,6,21
swsh10-198,Origin Forme Dialga VSTAR,Pokémon,VSTAR,swsh10,76,20
sm75-75,Dragon Talon,Trainer,Pokémon Tool,sm75,334,27
bw3-2,Swadloon,Pokémon,Stage 1,bw3,198,29
sv3pt5-196,Erika's Invitation,Trainer,Supporter,sv3pt5,47,32
sm11-252,Karate Belt,Trainer,Pokémon Tool,sm11,355,27
dp7-75,Starly,Pokémon,Basic,dp7,191,21
xy5-63,Eelektrik,Pokémon,Stage 1,xy5,167,29
swshp-SWSH188,Bibarel,Pokémon,Stage 1,swshp,6,38
bw10-89,Silver Mirror,Trainer,Pokémon Tool,bw10,76,29
dp1-12,Rhyperior,Pokémon,Stage 2,dp1,240,34
base4-62,Tauros,Pokémon,Basic,base4,162,29
ex7-49,Skiploom,Pokémon,Stage 1,ex7,271,29
sm1-54,Zubat,Pokémon,Basic,sm1,290,21
ex7-69,Onix,Pokémon,Basic,ex7,191,21
sm1-115,Crushing Hammer,Trainer,Item,sm1,355,29
sv8-78,Uxie,Pokémon,Basic,sv8,,21
smp-SM87,Latias,Pokémon,Basic,smp,108,38
ecard3-65,Hoothoot,Pokémon,Basic,ecard3,89,21
xy5-145,Trevenant-EX,Pokémon,"Basic,EX",xy5,232,28
sv3pt5-128,Tauros,Pokémon,Basic,sv3pt5,360,29
xy1-35,Lapras,Pokémon,Basic,xy1,75,34
neo2-8,Politoed,Pokémon,Stage 2,neo2,17,34
dp4-85,Solrock,Pokémon,Basic,dp4,116,21
g1-57,Tauros,Pokémon,Basic,g1,162,2
sm6-76,Lycanroc,Pokémon,Stage 1,sm6,184,2
swsh9-119,Staraptor,Pokémon,Stage 2,swsh9,304,2
sv8-168,Colbur Berry,Trainer,Pokémon Tool,sv8,,29
bw1-110,Fighting Energy,Energy,Basic,bw1,,21
xy0-19,Pawniard,Pokémon,Basic,xy0,112,13
swsh45-73,Alcremie VMAX,Pokémon,VMAX,swsh45,76,20
xy6-52,Dragonite,Pokémon,Stage 2,xy6,134,34
swsh9-38,Buizel,Pokémon,Basic,swsh9,98,21
neo2-20,Espeon,Pokémon,Stage 1,neo2,284,2
svp-184,Hop's Snorlax,Pokémon,Basic,svp,140,38
hgss2-9,Sudowoodo,Pokémon,Basic,hgss2,34,34
bwp-BW08,Oshawott,Pokémon,Basic,bwp,108,38
bw9-27,Vanillite,Pokémon,Basic,bw9,340,21
sv8-201,Cetitan,Pokémon,Stage 1,sv8,,7
sm12-246,Excadrill,Pokémon,Stage 1,sm12,108,27
base2-44,Rapidash,Pokémon,Stage 1,base2,108,29
ecard1-91,Quilava,Pokémon,Stage 1,ecard1,93,29
swsh4-92,Terrakion,Pokémon,Basic,swsh4,81,2
swsh9-176,Arceus VSTAR,Pokémon,VSTAR,swsh9,76,20
swsh10-8,Heracross,Pokémon,Basic,swsh10,8,21
swsh2-33,Chandelure,Pokémon,Stage 2,swsh2,256,34
sv5-8,Roselia,Pokémon,Basic,sv5,344,21
sv2-28,Paldean Tauros,Pokémon,Basic,sv2,305,29
ex16-28,Charmeleon,Pokémon,Stage 1,ex16,198,29
base5-38,Dark Jolteon,Pokémon,Stage 1,base5,108,29
xy1-94,Swirlix,Pokémon,Basic,xy1,76,21
swsh12pt5-30,Galarian Mr. Mime,Pokémon,Basic,swsh12pt5,90,21
sv1-205,Clauncher,Pokémon,Basic,sv1,266,7
bw7-55,Chinchou,Pokémon,Basic,bw7,116,21
sm35-54,Yveltal,Pokémon,Basic,sm35,317,34
bw6-115,Rescue Scarf,Trainer,Pokémon Tool,bw6,232,29
sm3-42,Electabuzz,Pokémon,Basic,sm3,167,29
bw5-105,Raikou-EX,Pokémon,"Basic,EX",bw5,76,28
xy3-6,Shroomish,Pokémon,Basic,xy3,271,21
hgss3-46,Drifloon,Pokémon,Basic,hgss3,162,21
swshp-SWSH012,Morpeko,Pokémon,Basic,swshp,162,38
swsh8-122,Musharna,Pokémon,Stage 1,swsh8,98,29
sm8-20,Treecko,Pokémon,Basic,sm8,17,21
sm10-110,Carvanha,Pokémon,Basic,sm10,172,21
zsv10pt5-70,Haxorus,Pokémon,Stage 2,zsv10pt5,237,2
sv9-171,Volcanion ex,Pokémon,"Basic,ex",sv9,76,32
sm8-209,Judge,Trainer,Supporter,sm8,351,28
xy2-32,Shinx,Pokémon,Basic,xy2,351,21
xy10-58,Mandibuzz,Pokémon,Stage 1,xy10,117,2
hgss1-1,Arcanine,Pokémon,Stage 1,hgss1,292,34
swsh9-29,Kingler VMAX,Pokémon,VMAX,swsh9,76,25
neo1-44,Piloswine,Pokémon,Stage 1,neo1,116,29
ecard2-15,Houndoom,Pokémon,Stage 1,ecard2,163,2
sv6-177,Heliolisk,Pokémon,Stage 1,sv6,247,7
base4-113,PlusPower,Trainer,,base4,307,29
pl4-2,Froslass,Pokémon,Stage 1,pl4,142,34
ex11-47,Kirlia,Pokémon,Stage 1,ex11,198,29
bw3-89,Druddigon,Pokémon,Basic,bw3,117,2
swsh4-190,Aegislash VMAX,Pokémon,VMAX,swsh4,207,20
swsh10-74,Sudowoodo,Pokémon,Basic,swsh10,12,21
xy6-66,Fearow,Pokémon,Stage 1,xy6,290,29
rsv10pt5-116,Joltik,Pokémon,Basic,rsv10pt5,12,7
me1-126,Repel,Trainer,Item,me1,,29
sv4pt5-55,Gastly,Pokémon,Basic,sv4pt5,119,21
np-14,Latias,Pokémon,Basic,np,116,38
hsp-HGSS09,Typhlosion,Pokémon,"Stage 2,Prime",hsp,374,38
xy2-3,Butterfree,Pokémon,Stage 2,xy2,254,2
sm11-65,Eelektrik,Pokémon,Stage 1,sm11,198,29
dp2-32,Ninetales,Pokémon,Stage 1,dp2,112,2
neo2-35,Wobbuffet,Pokémon,Basic,neo2,372,2
sv6-124,Varoom,Pokémon,Basic,sv6,90,21
swsh45-61,Rusted Shield,Trainer,Pokémon Tool,swsh45,76,29
bw9-25,Palpitoad,Pokémon,Stage 1,bw9,117,29
sv5-210,Eri,Trainer,Supporter,sv5,260,5
sv5-69,Bronzong,Pokémon,Stage 1,sv5,138,29
ecard1-113,Houndour,Pokémon,Basic,ecard1,108,21
ex7-36,Dark Gyarados,Pokémon,Stage 1,ex7,240,29
sv5-191,Iron Crown ex,Pokémon,"Basic,ex,Future",sv5,76,32
dp7-1,Dusknoir,Pokémon,Stage 2,dp7,108,34
sm11-88,Munna,Pokémon,Basic,sm11,322,21
sm8-119,Alolan Persian,Pokémon,Stage 1,sm8,17,2
ecard2-H27,Togetic,Pokémon,Stage 1,ecard2,162,34
sv6-67,Luxio,Pokémon,Stage 1,sv6,279,21
bw10-74,Porygon-Z,Pokémon,"Stage 2,Team Plasma",bw10,76,34
bw5-18,Torkoal,Pokémon,Basic,bw5,117,29
sv8-137,Turtonator,Pokémon,Basic,sv8,,29
ex14-55,Lotad,Pokémon,Basic,ex14,308,21
ex16-17,Mawile,Pokémon,Basic,ex16,116,2
ex9-8,Milotic,Pokémon,Stage 1,ex9,162,34
base1-82,Full Heal,Trainer,,base1,307,29
sv4-45,Vanilluxe,Pokémon,Stage 2,sv4,300,29
sv7-129,Antique Cover Fossil,Trainer,Item,sv7,,21
ex11-41,Dragonair δ,Pokémon,Stage 1,ex11,163,29
sm7-130,Fisherman,Trainer,Supporter,sm7,117,29
pop8-16,Riolu,Pokémon,Basic,pop8,117,21
sm2-25,Politoed,Pokémon,Stage 2,sm2,332,34
ex11-91,Holon Farmer,Trainer,Supporter,ex11,112,29
pop3-1,Blastoise,Pokémon,Stage 2,pop3,108,2
swsh7-121,Appletun,Pokémon,Stage 1,swsh7,128,2
swsh45-66,Bird Keeper,Trainer,Supporter,swsh45,37,28
sm8-109,Onix,Pokémon,Basic,sm8,17,21
ex7-68,Marill,Pokémon,Basic,ex7,125,21
sm6-105,Diantha,Trainer,Supporter,sm6,116,34
sv8pt5-89,Hawlucha,Pokémon,Basic,sv8pt5,,29
sv3-202,Cleffa,Pokémon,Basic,sv3,12,7
bw4-11,Growlithe,Pokémon,Basic,bw4,71,21
ecard1-114,Koffing,Pokémon,Basic,ecard1,163,21
bw7-14,Cottonee,Pokémon,Basic,bw7,254,21
sv4-52,Wiglett,Pokémon,Basic,sv4,17,21
swsh3-191,Centiskorch VMAX,Pokémon,VMAX,swsh3,76,20
xy4-115,Malamar-EX,Pokémon,"Basic,EX",xy4,232,28
bw4-79,Wigglytuff,Pokémon,Stage 1,bw4,317,2
ex3-62,Magnemite,Pokémon,Basic,ex3,198,21
ex3-4,Flygon,Pokémon,Stage 2,ex3,108,34
sm9-100,Bronzor,Pokémon,Basic,sm9,116,21
hgss4-73,Porygon,Pokémon,Basic,hgss4,112,21
xy9-118,Darkrai-EX,Pokémon,"Basic,EX",xy9,232,28
sm12-31,Tepig,Pokémon,Basic,sm12,40,21
rsv10pt5-30,Keldeo ex,Pokémon,"Basic,ex",rsv10pt5,99,14
sm11-52,Pyukumuku,Pokémon,Basic,sm11,288,29
ecard2-92,Mankey,Pokémon,Basic,ecard2,17,21
swsh7-194,Rayquaza V,Pokémon,"Basic,V,Rapid Strike",swsh7,66,28
svp-173,Eevee,Pokémon,Basic,svp,168,38
hgss4-24,Kricketune,Pokémon,Stage 1,hgss4,17,2
sm4-38,Gengar,Pokémon,Stage 2,sm4,317,34
sv4-208,Steelix,Pokémon,Stage 1,sv4,122,7
me1-81,Stonjourner,Pokémon,Basic,me1,,29
basep-9,Mew,Pokémon,Basic,basep,116,38
ex9-98,Regice ex,Pokémon,"Basic,ex",ex9,136,33
swsh4-37,Galarian Darmanitan VMAX,Pokémon,VMAX,swsh4,76,25
sma-SV52,Turtonator-GX,Pokémon,"Basic,GX",sma,76,35
swsh9-37,Empoleon,Pokémon,Stage 2,swsh9,112,34
sv6pt5-78,Persian,Pokémon,Stage 1,sv6pt5,,7
swsh6-215,Flannery,Trainer,"Supporter,Single Strike",swsh6,66,20
bw1-26,Reshiram,Pokémon,Basic,bw1,76,34
sv10-244,Levincia,Trainer,Stadium,sv10,226,1
swsh8-204,Kangaskhan,Pokémon,"Basic,Rapid Strike",swsh8,224,2
bw11-13,Dwebble,Pokémon,Basic,bw11,254,21
sv7-119,Bouffalant,Pokémon,Basic,sv7,,2
swshp-SWSH164,Zacian V-UNION,Pokémon,V-UNION,swshp,70,38
xyp-XY48,Meowstic,Pokémon,Stage 1,xyp,215,38
ecard3-57,Gastly,Pokémon,Basic,ecard3,271,21
swsh12pt5-70,Baltoy,Pokémon,Basic,swsh12pt5,368,21
sv8pt5-138,Giacomo,Trainer,Supporter,sv8pt5,,32
xy1-41,Greninja,Pokémon,Stage 2,xy1,76,34
sm12-112,Armaldo,Pokémon,Stage 2,sm12,281,2
swsh45sv-SV095,Ducklett,Pokémon,Basic,swsh45sv,271,9
neo3-57,Swinub,Pokémon,Basic,neo3,189,21
sv5-164,Grotle,Pokémon,Stage 1,sv5,145,7
xy11-65,Yveltal,Pokémon,Basic,xy11,163,34
sm2-43,Helioptile,Pokémon,Basic,sm2,117,21
bw7-76,Gothorita,Pokémon,Stage 1,bw7,116,29
sv8-139,Flapple,Pokémon,Stage 1,sv8,,29
ex5-67,Minun,Pokémon,Basic,ex5,162,21
swsh9-90,Purrloin,Pokémon,Basic,swsh9,304,21
sm5-92,Morelull,Pokémon,Basic,sm5,198,21
sv10-178,Team Rocket's Transceiver,Trainer,Item,sv10,100,29
swshp-SWSH163,Zacian V-UNION,Pokémon,V-UNION,swshp,70,38
ex3-53,Corphish,Pokémon,Basic,ex3,162,21
xyp-XY201,Sharpedo Spirit Link,Trainer,Pokémon Tool,xyp,76,38
ex5-59,Cyndaquil,Pokémon,Basic,ex5,347,21
ex11-19,Azumarill δ,Pokémon,Stage 1,ex11,191,2
ex6-113,Charmander,Pokémon,Basic,ex6,116,27
swsh12pt5gg-GG55,Regigigas VSTAR,Pokémon,VSTAR,swsh12pt5gg,308,24
sv4-184,Dottler,Pokémon,Stage 1,sv4,63,7
sv4-237,Norman,Trainer,Supporter,sv4,37,32
sm4-59,Houndoom,Pokémon,Stage 1,sm4,317,2
swsh9-128,Drampa V,Pokémon,"Basic,V",swsh9,207,16
pl1-79,Lapras,Pokémon,Basic,pl1,108,21
swsh10-24,Quilava,Pokémon,Stage 1,swsh10,187,29
swsh6-122,Kecleon,Pokémon,"Basic,Rapid Strike",swsh6,88,2
sv10-29,Ponyta,Pokémon,Basic,sv10,231,21
xy7-65,Porygon2,Pokémon,Stage 1,xy7,267,29
bw10-5,Tropius,Pokémon,Basic,bw10,90,29
sm6-62,Garchomp,Pokémon,Stage 2,sm6,184,34
sv6-98,Sandslash,Pokémon,Stage 1,sv6,82,29
sm10-83,Sandshrew,Pokémon,Basic,sm10,333,21
np-15,Latios,Pokémon,Basic,np,116,38
me2-75,Archaludon,Pokémon,Stage 1,me2,378,29
pl1-92,Shuppet,Pokémon,Basic,pl1,271,21
sm4-88,Diggersby,Pokémon,Stage 1,sm4,277,29
bw10-86,Reversal Trigger,Trainer,"Pokémon Tool,Team Plasma",bw10,76,29
swsh3-71,Granbull,Pokémon,Stage 1,swsh3,172,2
mcd22-6,Lapras,Pokémon,Basic,mcd22,233,13
swshp-SWSH186,Lucario,Pokémon,Stage 1,swshp,81,38
sv1-245,Gardevoir ex,Pokémon,"Stage 2,ex",sv1,211,5
sv3-184,Oinkologne,Pokémon,Stage 1,sv3,340,29
bw10-43,Duosion,Pokémon,Stage 1,bw10,167,29
ex13-63,Corphish,Pokémon,Basic,ex13,198,21
sv8-138,Applin,Pokémon,Basic,sv8,,21
sv6-41,Poliwag,Pokémon,Basic,sv6,309,21
swsh2-65,Charjabug,Pokémon,Stage 1,swsh2,117,29
xy3-71,Clefable,Pokémon,Stage 1,xy3,191,29
pl1-74,Electrike,Pokémon,Basic,pl1,189,21
swshp-SWSH137,Light Toxtricity,Pokémon,Stage 1,swshp,284,38
ecard2-95,Mr. Mime,Pokémon,Basic,ecard2,293,21
base1-55,Nidoran ♂,Pokémon,Basic,base1,116,21
swsh10-132,Hisuian Braviary,Pokémon,Stage 1,swsh10,317,2
sm7-58,Swalot,Pokémon,Stage 1,sm7,43,29
smp-SM15,Zygarde,Pokémon,Basic,smp,73,38
sv10-38,Team Rocket's Houndoom,Pokémon,Stage 1,sv10,277,29
swsh8-109,Morpeko,Pokémon,Basic,swsh8,351,21
swsh2-98,Medicham,Pokémon,Stage 1,swsh2,38,29
sv3pt5-81,Magnemite,Pokémon,Basic,sv3pt5,43,21
swsh45sv-SV002,Dartrix,Pokémon,Stage 1,swsh45sv,117,9
sv7-115,Noctowl,Pokémon,Stage 1,sv7,,2
pgo-30,Mewtwo V,Pokémon,"Basic,V",pgo,208,16
sv4-175,Snorlax Doll,Trainer,Item,sv4,26,29
bw9-48,Espeon,Pokémon,"Stage 1,Team Plasma",bw9,76,29
ex15-16,Gligar δ,Pokémon,Basic,ex15,162,2
sm5-41,Frost Rotom,Pokémon,Basic,sm5,267,2
ex3-36,Marshtomp,Pokémon,Stage 1,ex3,191,29
sv2-67,Electrode,Pokémon,Stage 1,sv2,104,29
swsh8-115,Snubbull,Pokémon,Basic,swsh8,271,21
sm8-51,Pyroar,Pokémon,Stage 1,sm8,264,2
sv4pt5-167,Tinkaton,Pokémon,Stage 2,sv4pt5,162,31
sv8-236,Durant ex,Pokémon,"Basic,ex",sv8,,5
sv4-177,Technical Machine: Devolution,Trainer,Pokémon Tool,sv4,296,29
ex8-92,Strength Charm,Trainer,Pokémon Tool,ex8,307,29
xy10-65,Jigglypuff,Pokémon,Basic,xy10,198,21
g1-34,Haunter,Pokémon,Stage 1,g1,198,29
sv7-151,Zeraora,Pokémon,Basic,sv7,,7
swsh10-157,Unidentified Fossil,Trainer,Item,swsh10,26,29
rsv10pt5-137,Liepard,Pokémon,Stage 1,rsv10pt5,210,7
ecard3-H11,Houndoom,Pokémon,Stage 1,ecard3,259,34
ex6-71,Nidoran ♂,Pokémon,Basic,ex6,294,21
gym1-29,Misty's Cloyster,Pokémon,Stage 1,gym1,116,2
sv4-165,Larry,Trainer,Supporter,sv4,340,21
ex12-30,Cascoon,Pokémon,Stage 1,ex12,34,29
neo3-1,Ampharos,Pokémon,Stage 2,neo3,286,34
ecard1-47,Feraligatr,Pokémon,Stage 2,ecard1,108,2
bw6-62,Nosepass,Pokémon,Basic,bw6,317,21
ex16-3,Armaldo,Pokémon,Stage 2,ex16,116,34
sv5-192,Iron Boulder ex,Pokémon,"Basic,ex,Future",sv5,76,32
sm7-132,Hau,Trainer,Supporter,sm7,142,29
swsh45sv-SV073,Grapploct,Pokémon,Stage 1,swsh45sv,117,9
ecard1-61,Raichu,Pokémon,Stage 1,ecard1,191,2
sm2-45,Vikavolt-GX,Pokémon,"Stage 2,GX",sm2,76,10
me2-23,Swinub,Pokémon,Basic,me2,29,21
xy6-76,M Rayquaza-EX,Pokémon,"MEGA,EX",xy6,76,33
ex10-95,Potion,Trainer,Item,ex10,176,21
swsh35-66,Suspicious Food Tin,Trainer,Item,swsh35,232,29
pl2-101,SP Energy,Energy,Special,pl2,79,29
zsv10pt5-148,Pidove,Pokémon,Basic,zsv10pt5,349,7
sv7-162,Orthworm ex,Pokémon,"Basic,ex",sv7,,32
sv3pt5-199,Charizard ex,Pokémon,"Stage 2,ex",sv3pt5,58,5
sm10-220,Muk & Alolan Muk-GX,Pokémon,"Basic,TAG TEAM,GX",sm10,76,20
sm8-106,Nihilego,Pokémon,"Basic,Ultra Beast",sm8,184,34
swsh10-196,Kleavor VSTAR,Pokémon,VSTAR,swsh10,76,20
neo2-5,Houndour,Pokémon,Basic,neo2,308,34
zsv10pt5-29,Emolga,Pokémon,Basic,zsv10pt5,147,21
bwp-BW50,Tropical Beach,Trainer,Stadium,bwp,292,38
swsh6-142,Honey,Trainer,Supporter,swsh6,66,29
sm8-62,Beartic,Pokémon,Stage 1,sm8,40,2
ex6-98,Prof. Oak's Research,Trainer,Supporter,ex6,116,29
sm115-47,Kangaskhan,Pokémon,Basic,sm115,273,2
me1-177,Mega Venusaur ex,Pokémon,"Stage 2,MEGA,ex",me1,,5
dp3-17,Roserade,Pokémon,Stage 1,dp3,116,34
sv1-200,Dolliv,Pokémon,Stage 1,sv1,145,7
bw10-13,Volcarona,Pokémon,"Stage 1,Team Plasma",bw10,76,2
dp3-87,Electabuzz,Pokémon,Basic,dp3,117,21
gym1-14,Sabrina's Gengar,Pokémon,Stage 2,gym1,116,34
sm6-2,Alolan Exeggutor,Pokémon,Stage 1,sm6,290,2
xy12-95,Psychic Energy,Energy,Basic,xy12,,21
sm10-187,Surprise Box,Trainer,Item,sm10,232,29
xy4-113,Manectric-EX,Pokémon,"Basic,EX",xy4,232,28
hgss1-55,Unown,Pokémon,Basic,hgss1,299,29
sm10-33,Squirtle,Pokémon,Basic,sm10,223,21
me2-69,Eternatus,Pokémon,Basic,me2,120,29
ecard2-22,Magneton,Pokémon,Stage 1,ecard2,136,2
rsv10pt5-47,Boldore,Pokémon,Stage 1,rsv10pt5,277,21
swsh12pt5gg-GG36,Entei V,Pokémon,"Basic,V",swsh12pt5gg,90,16
bw8-63,Trubbish,Pokémon,Basic,bw8,162,29
dpp-DP39,Shaymin LV.X,Pokémon,Level-Up,dpp,298,38
bw1-11,Maractus,Pokémon,Basic,bw1,162,29
sv10-149,Team Rocket's Meowth,Pokémon,Basic,sv10,184,21
swsh7-95,Umbreon VMAX,Pokémon,"VMAX,Single Strike",swsh7,305,25
sv1-152,Greedent,Pokémon,Stage 1,sv1,91,29
sv1-256,Rare Candy,Trainer,Item,sv1,296,1
swshp-SWSH295,Virizion V,Pokémon,"Basic,V",swshp,115,38
sv5-213,Iron Leaves ex,Pokémon,"Basic,ex,Future",sv5,76,1
smp-SM94,Wash Rotom,Pokémon,Basic,smp,90,38
bw4-56,Kirlia,Pokémon,Stage 1,bw4,267,29
swsh7-38,Milotic,Pokémon,"Stage 1,Rapid Strike",swsh7,254,2
sv6-99,Hisuian Growlithe,Pokémon,Basic,sv6,359,21
ex2-71,Onix,Pokémon,Basic,ex2,198,21
sv1-16,Tarountula,Pokémon,Basic,sv1,98,21
sm1-116,Energy Retrieval,Trainer,Item,sm1,334,29
me1-97,Tinkatuff,Pokémon,Stage 1,me1,,21
si1-5,Ivysaur,Pokémon,Stage 1,si1,5,13
sv4-266,Reversal Energy,Energy,Special,sv4,,1
sv10-130,Marnie's Purrloin,Pokémon,Basic,sv10,313,21
swsh4-153,League Staff,Trainer,Supporter,swsh4,206,29
hgss2-57,Onix,Pokémon,Basic,hgss2,117,21
sv9-115,Druddigon,Pokémon,Basic,sv9,73,21
rsv10pt5-163,Harlequin,Trainer,Supporter,rsv10pt5,151,32
sm7-2,Weepinbell,Pokémon,Stage 1,sm7,189,29
sv10-236,Ethan's Adventure,Trainer,Supporter,sv10,106,5
gym1-50,Lt. Surge's Magnemite,Pokémon,Basic,gym1,191,29
ex3-47,Vibrava,Pokémon,Stage 1,ex3,116,29
xy11-16,Ponyta,Pokémon,Basic,xy11,125,21
me1-19,Vulpix,Pokémon,Basic,me1,,21
dp4-70,Igglybuff,Pokémon,Basic,dp4,116,21
sm9-3,Weedle,Pokémon,Basic,sm9,172,21
pl3-33,Mawile,Pokémon,Basic,pl3,38,2
sv10-143,Steven's Beldum,Pokémon,Basic,sv10,360,21
ecard1-40,Charizard,Pokémon,Stage 2,ecard1,69,2
ex12-47,Weepinbell,Pokémon,Stage 1,ex12,92,29
zsv10pt5-33,Thundurus,Pokémon,Basic,zsv10pt5,357,2
sv8pt5-125,Professor's Research,Trainer,Supporter,sv8pt5,,21
sm5-54,Skorupi,Pokémon,Basic,sm5,6,21
swsh8-121,Munna,Pokémon,Basic,swsh8,58,21
sm11-178,Tornadus,Pokémon,Basic,sm11,277,29
xy1-23,Simisear,Pokémon,Stage 1,xy1,254,2
ex8-53,Baltoy,Pokémon,Basic,ex8,133,21
swsh1-26,Heatmor,Pokémon,Basic,swsh1,73,29
sv9-178,Dudunsparce ex,Pokémon,"Stage 1,ex",sv9,76,32
sv1-172,Energy Search,Trainer,Item,sv1,334,21
neo4-3,Dark Donphan,Pokémon,Stage 1,neo4,257,34
sm75-23,Croconaw,Pokémon,Stage 1,sm75,116,29
swsh12pt5-84,Galarian Meowth,Pokémon,Basic,swsh12pt5,58,21
dp1-55,Mantyke,Pokémon,Basic,dp1,198,29
hgss4-71,Pidgey,Pokémon,Basic,hgss4,38,21
swsh1-133,Pawniard,Pokémon,Basic,swsh1,44,21
xy12-63,Clefairy,Pokémon,Basic,xy12,116,34
sm8-108,Naganadel,Pokémon,"Stage 1,Ultra Beast",sm8,317,34
swsh7-32,Lotad,Pokémon,Basic,swsh7,151,21
sv3-131,Houndour,Pokémon,Basic,sv3,104,21
swsh9-166,Arceus V,Pokémon,"Basic,V",swsh9,73,28
swsh6-27,Raboot,Pokémon,"Stage 1,Single Strike",swsh6,224,29
bw11-11,Swadloon,Pokémon,Stage 1,bw11,254,29
bw6-109,Minccino,Pokémon,Basic,bw6,162,21
sv5-6,Shroomish,Pokémon,Basic,sv5,170,21
swsh5-12,Spewpa,Pokémon,Stage 1,swsh5,125,29
swsh45sv-SV021,Galarian Mr. Rime,Pokémon,Stage 1,swsh45sv,37,9
pop6-17,Turtwig,Pokémon,Basic,pop6,117,21
sm12-64,Dewpider,Pokémon,Basic,sm12,322,21
swsh12pt5-69,Solrock,Pokémon,Basic,swsh12pt5,140,29
sv1-168,Crushing Hammer,Trainer,Item,sv1,281,21
swsh12pt5gg-GG32,Paras,Pokémon,Basic,swsh12pt5gg,112,37
base3-38,Kingler,Pokémon,Stage 1,base3,162,29
xy12-10,Charmeleon,Pokémon,Stage 1,xy12,108,29
swsh3-181,Rhyperior V,Pokémon,"Basic,V",swsh3,297,28
sm3-21,Ho-Oh-GX,Pokémon,"Basic,GX",sm3,216,10
bw8-36,Vanillish,Pokémon,Stage 1,bw8,317,29
sv3pt5-182,Venusaur ex,Pokémon,"Stage 2,ex",sv3pt5,99,32
sm8-15,Pineco,Pokémon,Basic,sm8,6,21
smp-SM169,Eevee & Snorlax-GX,Pokémon,"Basic,TAG TEAM,GX",smp,17,38
swsh9-140,Friends in Galar,Trainer,Supporter,swsh9,55,29
neo4-29,Unown [W],Pokémon,Basic,neo4,111,2
sm10-102,Riolu,Pokémon,Basic,sm10,71,21
ex14-57,Mudkip,Pokémon,Basic,ex14,294,21
sv4-233,Maushold ex,Pokémon,"Stage 1,ex",sv4,76,32
sv5-67,Latias,Pokémon,Basic,sv5,279,29
xy8-25,Fennekin,Pokémon,Basic,xy8,194,21
swsh5-61,Meowstic,Pokémon,Stage 1,swsh5,55,34
swshp-SWSH033,Zacian,Pokémon,Basic,swshp,112,38
sv10-150,Team Rocket's Persian ex,Pokémon,"Stage 1,ex",sv10,76,14
xy8-33,Octillery,Pokémon,Stage 1,xy8,271,34
swsh12-150,Fletchling,Pokémon,Basic,swsh12,322,21
dc1-20,Team Aqua's Carvanha,Pokémon,Basic,dc1,351,21
base1-26,Dratini,Pokémon,Basic,base1,116,29
sma-SV88,Brooklet Hill,Trainer,Stadium,sma,76,27
rsv10pt5-64,Mandibuzz,Pokémon,Stage 1,rsv10pt5,187,29
sm5-115,Type: Null,Pokémon,Basic,sm5,167,2
sv6-171,Poltchageist,Pokémon,Basic,sv6,323,7
swsh6-230,Welcoming Lantern,Trainer,"Item,Single Strike",swsh6,296,27
bwp-BW69,Meloetta,Pokémon,Basic,bwp,317,38
swsh45sv-SV083,Impidimp,Pokémon,Basic,swsh45sv,6,9
sm11-148,Dratini,Pokémon,Basic,sm11,333,21
xy8-90,Zorua,Pokémon,Basic,xy8,75,21
sm5-126,Looker,Trainer,Supporter,sm5,116,29
smp-SM50,Tapu Koko-GX,Pokémon,"Basic,GX",smp,76,38
xy4-91,AZ,Trainer,Supporter,xy4,116,29
dp5-13,Rotom,Pokémon,Basic,dp5,162,34
swshp-SWSH124,Galarian Zapdos,Pokémon,Basic,swshp,145,38
sv10-145,Steven's Metagross ex,Pokémon,"Stage 2,ex",sv10,336,14
swsh6-207,Galarian Slowking VMAX,Pokémon,"VMAX,Single Strike",swsh6,76,20
gym1-3,Erika's Clefable,Pokémon,Stage 1,gym1,191,34
swsh9-124,Minccino,Pokémon,Basic,swsh9,40,21
gym1-107,Celadon City Gym,Trainer,Stadium,gym1,307,29
swshp-SWSH204,Arceus V,Pokémon,"Basic,V",swshp,233,38
sv4-228,Sandy Shocks ex,Pokémon,"Basic,ex,Ancient",sv4,336,32
ex12-53,Geodude,Pokémon,Basic,ex12,189,21
xy1-97,Xerneas-EX,Pokémon,"Basic,EX",xy1,76,33
xy12-58,Machoke,Pokémon,Stage 1,xy12,116,29
sv5-84,Relicanth,Pokémon,Basic,sv5,40,2
base1-22,Pidgeotto,Pokémon,Stage 1,base1,116,2
swsh8-211,Delcatty,Pokémon,Stage 1,swsh8,215,29
xyp-XY90,Hoopa,Pokémon,Basic,xyp,117,38
pop9-3,Raichu,Pokémon,Stage 1,pop9,198,2
sm11-248,Dragonite-GX,Pokémon,"Stage 2,GX",sm11,227,20
sv4pt5-162,Ceruledge,Pokémon,Stage 1,sv4pt5,112,31
bw9-121,Max Potion,Trainer,Item,bw9,76,27
base1-6,Gyarados,Pokémon,Stage 1,base1,108,34
dp2-124,Time-Space Distortion,Trainer,Item,dp2,298,27
neo1-104,Darkness Energy,Energy,Special,neo1,364,2
sv4pt5-168,Houndstone,Pokémon,Stage 1,sv4pt5,317,31
bw1-91,Bouffalant,Pokémon,Basic,bw1,112,2
bw8-105,Whismur,Pokémon,Basic,bw8,198,21
xyp-XY150,Yveltal-EX,Pokémon,"Basic,EX",xyp,297,38
ex8-95,Scramble Energy,Energy,Special,ex8,50,29
swsh8-188,Meltan,Pokémon,"Basic,Single Strike",swsh8,151,21
swsh8-94,Rotom,Pokémon,Basic,swsh8,333,21
sv4-218,Armarouge ex,Pokémon,"Stage 1,ex",sv4,356,32
dp6-5,Gliscor,Pokémon,Stage 1,dp6,79,34
dp2-51,Graveler,Pokémon,Stage 1,dp2,108,29
xy11-84,Deino,Pokémon,Basic,xy11,38,21
xy11-30,Oshawott,Pokémon,Basic,xy11,254,21
sv8pt5-127,Roto-Stick,Trainer,Item,sv8pt5,,21
swsh2-119,Vullaby,Pokémon,Basic,swsh2,322,21
sv7-27,Raboot,Pokémon,Stage 1,sv7,,21
sm12-46,Wailord,Pokémon,Stage 1,sm12,271,2
sv6pt5-76,Cufant,Pokémon,Basic,sv6pt5,,7
dp5-58,Chingling,Pokémon,Basic,dp5,116,21
bw11-82,Excadrill-EX,Pokémon,"Basic,EX",bw11,232,33
swsh12-3,Spinarak,Pokémon,Basic,swsh12,187,21
sm7-20,Cacturne,Pokémon,Stage 1,sm7,191,29
ex14-79,Holon Circle,Trainer,Stadium,ex14,232,29
ecard1-111,Goldeen,Pokémon,Basic,ecard1,30,21
bw6-61,Marowak,Pokémon,Stage 1,bw6,112,2
sm9-169,Latias & Latios-GX,Pokémon,"Basic,TAG TEAM,GX",sm9,76,28
xy7-27,Ampharos-EX,Pokémon,"Basic,EX",xy7,297,33
dp1-92,Onix,Pokémon,Basic,dp1,116,21
sv2-108,Paldean Tauros,Pokémon,Basic,sv2,317,29
sm8-39,Cyndaquil,Pokémon,Basic,sm8,40,21
pl3-11,Staraptor FB,Pokémon,"Basic,SP",pl3,255,34
swsh35-4,Beedrill,Pokémon,Stage 2,swsh35,37,29
pl3-2,Blaziken FB,Pokémon,"Basic,SP",pl3,44,34
xy2-102,Toxicroak-EX,Pokémon,"Basic,EX",xy2,232,28
zsv10pt5-126,Gurdurr,Pokémon,Stage 1,zsv10pt5,224,7
swsh9-132,Boss's Orders,Trainer,Supporter,swsh9,94,34
base6-86,Pikachu,Pokémon,Basic,base6,116,21
ex13-50,Primeape δ,Pokémon,Stage 1,ex13,163,29
ex7-80,Voltorb,Pokémon,Basic,ex7,34,21
sm7-23,Slugma,Pokémon,Basic,sm7,198,21
xy6-105,M Rayquaza-EX,Pokémon,"MEGA,EX",xy6,76,28
bw7-138,Crystal Edge,Trainer,"Pokémon Tool,ACE SPEC",bw7,76,30
ex3-2,Altaria,Pokémon,Stage 1,ex3,191,34
dp7-16,Drifblim,Pokémon,Stage 1,dp7,163,2
sv1-36,Fuecoco,Pokémon,Basic,sv1,340,21
sv8-239,Latias ex,Pokémon,"Basic,ex",sv8,,5
sv4-192,Veluza,Pokémon,Basic,sv4,322,7
swsh11tg-TG22,Eternatus VMAX,Pokémon,"VMAX,Eternamax",swsh11tg,108,25
sm3-121,Po Town,Trainer,Stadium,sm3,76,29
ex9-94,Dusclops ex,Pokémon,"Stage 1,ex",ex9,108,33
sv3pt5-157,Cycling Road,Trainer,Stadium,sv3pt5,145,29
xy9-120,M Scizor-EX,Pokémon,"MEGA,EX",xy9,76,28
ecard3-95,Seel,Pokémon,Basic,ecard3,293,21
swsh9-184,Arceus VSTAR,Pokémon,VSTAR,swsh9,76,27
base3-14,Raichu,Pokémon,Stage 1,base3,108,34
gym1-41,Brock's Lickitung,Pokémon,Basic,gym1,116,29
xy8-92,Zoroark BREAK,Pokémon,BREAK,xy8,76,15
me2-42,Mimikyu,Pokémon,Basic,me2,58,21
swsh6-78,Galarian Farfetch'd,Pokémon,"Basic,Single Strike",swsh6,12,21
gym1-123,Misty's Duel,Trainer,,gym1,116,21
sv3pt5-17,Pidgeotto,Pokémon,Stage 1,sv3pt5,145,21
swsh12-183,Regidrago V,Pokémon,"Basic,V",swsh12,275,28
ex14-26,Pelipper δ,Pokémon,Stage 1,ex14,117,2
xy2-72,Goomy,Pokémon,Basic,xy2,76,21
sv4-219,Garchomp ex,Pokémon,"Stage 2,Tera,ex",sv4,76,32
sv1-76,Pawmot,Pokémon,Stage 2,sv1,71,2
swsh5-139,Urn of Vitality,Trainer,"Item,Single Strike",swsh5,334,29
swsh2-76,Natu,Pokémon,Basic,swsh2,284,21
base4-61,Seel,Pokémon,Basic,base4,116,29
sv8-122,Alolan Diglett,Pokémon,Basic,sv8,,21
xy12-6,Kakuna,Pokémon,Stage 1,xy12,307,29
ex4-2,Team Aqua's Crawdaunt,Pokémon,Stage 1,ex4,240,34
sm2-157,Metagross-GX,Pokémon,"Stage 2,GX",sm2,76,20
dp3-86,Duskull,Pokémon,Basic,dp3,255,21
sm2-15,Salandit,Pokémon,Basic,sm2,142,21
bw11-RC8,Ralts,Pokémon,Basic,bw11,71,21
sm6-10,Gogoat,Pokémon,Stage 1,sm6,277,29
swsh7-29,Gyarados VMAX,Pokémon,VMAX,swsh7,317,25
sv2-17,Tarountula,Pokémon,Basic,sv2,40,21
base3-7,Hitmonlee,Pokémon,Basic,base3,116,34
sv4pt5-231,Paldean Student,Trainer,Supporter,sv4pt5,292,32
neo4-27,Unown [G],Pokémon,Basic,neo4,111,2
swsh1-135,Corviknight,Pokémon,Stage 2,swsh1,317,2
sm4-18,Gyarados-GX,Pokémon,"Stage 1,GX",sm4,76,10
gym2-116,Master Ball,Trainer,,gym2,307,29
xyp-XY50,Pangoro,Pokémon,Stage 1,xyp,76,38
swsh2-43,Milotic V,Pokémon,"Basic,V",swsh2,281,16
swsh5-46,Shinx,Pokémon,"Basic,Rapid Strike",swsh5,129,21
sv4pt5-153,Ralts,Pokémon,Basic,sv4pt5,156,31
swshp-SWSH017,Toxtricity V,Pokémon,"Basic,V",swshp,76,38
bw11-64,Woobat,Pokémon,Basic,bw11,71,21
sm11-228,Garchomp & Giratina-GX,Pokémon,"Basic,TAG TEAM,GX",sm11,207,28
pgo-45,Meltan,Pokémon,Basic,pgo,125,21
swsh6-110,Lairon,Pokémon,Stage 1,swsh6,12,29
rsv10pt5-6,Deerling,Pokémon,Basic,rsv10pt5,244,21
ex16-73,Energy Recycle System,Trainer,Item,ex16,174,29
sv3pt5-32,Nidoran ♂,Pokémon,Basic,sv3pt5,251,21
ex5-89,Island Cave,Trainer,Stadium,ex5,347,29
swsh12tg-TG11,Altaria,Pokémon,Stage 1,swsh12tg,55,37
svp-93,Carvanha,Pokémon,Basic,svp,247,38
sm10-217,Reshiram & Charizard-GX,Pokémon,"Basic,TAG TEAM,GX",sm10,207,20
ex13-20,Blaziken,Pokémon,Stage 2,ex13,69,2
ecard2-20,Lanturn,Pokémon,Stage 1,ecard2,108,2
sv1-104,Greavard,Pokémon,Basic,sv1,156,21
ex12-85,Banette ex,Pokémon,"Stage 1,ex",ex12,108,33
sv8-125,Registeel,Pokémon,Basic,sv8,,29
ex8-12,Mightyena,Pokémon,Stage 1,ex8,284,34
swsh4-202,Memory Capsule,Trainer,Pokémon Tool,swsh4,60,27
xyp-XY152,Zygarde,Pokémon,Basic,xyp,76,38
swsh5-18,Flapple V,Pokémon,"Basic,V",swsh5,336,16
swsh12tg-TG20,Rayquaza VMAX,Pokémon,"VMAX,Rapid Strike",swsh12tg,37,25
swsh5-22,Victini VMAX,Pokémon,VMAX,swsh5,336,25
swsh7-36,Sharpedo,Pokémon,Stage 1,swsh7,326,2
ex8-99,Deoxys ex,Pokémon,"Basic,ex",ex8,108,33
sv6-6,Sunkern,Pokémon,Basic,sv6,284,21
xy4-53,Poochyena,Pokémon,Basic,xy4,76,21
dp6-119,Skitty,Pokémon,Basic,dp6,125,21
hgss4-50,Tentacruel,Pokémon,Stage 1,hgss4,34,29
g1-RC32,Sylveon-EX,Pokémon,"Basic,EX",g1,194,28
xy1-54,Phantump,Pokémon,Basic,xy1,76,21
base1-17,Beedrill,Pokémon,Stage 2,base1,116,2
dpp-DP11,Empoleon LV.X,Pokémon,Level-Up,dpp,298,38
sm115-7,Charmander,Pokémon,Basic,sm115,184,21
pl4-14,Bronzong,Pokémon,Stage 1,pl4,191,2
sv4pt5-236,Clive,Trainer,Supporter,sv4pt5,311,5
neo3-13,Raikou,Pokémon,Basic,neo3,116,34
sm12-137,Alolan Sandshrew,Pokémon,Basic,sm12,242,21
xy11-41,Joltik,Pokémon,Basic,xy11,281,21
swsh12pt5-130,Friends in Hisui,Trainer,Supporter,swsh12pt5,215,29
sm11-94,Doublade,Pokémon,Stage 1,sm11,340,29
xyp-XY154,Ho-Oh BREAK,Pokémon,BREAK,xyp,76,38
sv6-16,Rillaboom,Pokémon,Stage 2,sv6,378,29
ex1-72,Taillow,Pokémon,Basic,ex1,162,21
swsh4-97,Mudsdale,Pokémon,Stage 1,swsh4,223,2
sm115-17,Lapras,Pokémon,Basic,sm115,183,2
sv3pt5-174,Nidoking,Pokémon,Stage 2,sv3pt5,153,7
swsh9-2,Exeggutor,Pokémon,Stage 1,swsh9,284,29
ru1-4,Heatran,Pokémon,Basic,ru1,20,13
ex5-57,Chinchou,Pokémon,Basic,ex5,240,21
bw10-51,Throh,Pokémon,Basic,bw10,292,21
swsh7-45,Avalugg,Pokémon,Stage 1,swsh7,112,29
base5-57,Grimer,Pokémon,Basic,base5,162,21
swsh6-201,Blaziken VMAX,Pokémon,"VMAX,Rapid Strike",swsh6,90,20
xy9-38,Froakie,Pokémon,Basic,xy9,351,21
dp6-16,Spiritomb,Pokémon,Basic,dp6,232,34
base4-52,Marowak,Pokémon,Stage 1,base4,108,29
neo1-8,Kingdra,Pokémon,Stage 2,neo1,116,34
sv6-183,Timburr,Pokémon,Basic,sv6,53,7
ex3-97,Rayquaza ex,Pokémon,"Basic,ex",ex3,136,33
sv3pt5-104,Cubone,Pokémon,Basic,sv3pt5,266,21
sma-SV34,Ralts,Pokémon,Basic,sma,271,9
sm1-161,Ultra Ball,Trainer,Item,sm1,232,27
sv9-78,Piloswine,Pokémon,Stage 1,sv9,261,21
gym1-125,Sabrina's Gaze,Trainer,,gym1,116,21
xy4-71,Diancie,Pokémon,Basic,xy4,76,34
sm9-54,Nidoran ♀,Pokémon,Basic,sm9,58,21
dp5-16,Bronzong,Pokémon,Stage 1,dp5,112,2
sv8-130,Archaludon ex,Pokémon,"Stage 1,ex",sv8,,14
sm8-90,Unown,Pokémon,Basic,sm8,117,2
sv1-94,Dedenne,Pokémon,Basic,sv1,200,21
rsv10pt5-46,Roggenrola,Pokémon,Basic,rsv10pt5,277,21
sm8-127,Dialga,Pokémon,Basic,sm8,214,34
sm35-35,Zekrom,Pokémon,Basic,sm35,214,34
sm1-118,Exp. Share,Trainer,Pokémon Tool,sm1,334,29
dp3-79,Burmy Sandy Cloak,Pokémon,Basic,dp3,198,21
me2-10,Lokix,Pokémon,Stage 1,me2,237,29
dp6-29,Groudon,Pokémon,Basic,dp6,49,2
swsh8-90,Minun,Pokémon,"Basic,Rapid Strike",swsh8,12,21
zsv10pt5-132,Venipede,Pokémon,Basic,zsv10pt5,59,7
swshp-SWSH049,Dubwool V,Pokémon,"Basic,V",swshp,76,38
sv6-130,Dragapult ex,Pokémon,"Stage 2,Tera,ex",sv6,76,14
hgss1-72,Magikarp,Pokémon,Basic,hgss1,108,21
swshp-SWSH161,Mewtwo V-UNION,Pokémon,V-UNION,swshp,305,38
bw3-7,Crustle,Pokémon,Stage 1,bw3,284,29
sv4pt5-232,Mew ex,Pokémon,"Basic,ex",sv4pt5,180,5
sm11-190,Channeler,Trainer,Supporter,sm11,142,29
pl3-76,Plusle,Pokémon,Basic,pl3,43,29
sv1-122,Klawf,Pokémon,Basic,sv1,214,2
base5-10,Dark Machamp,Pokémon,Stage 2,base5,108,34
sm2-3,Victreebel,Pokémon,Stage 2,sm2,142,2
sv9-34,Octillery,Pokémon,Stage 1,sv9,286,29
bw6-76,Stunky,Pokémon,Basic,bw6,162,21
base1-71,Computer Search,Trainer,,base1,307,2
sv7-32,Lapras ex,Pokémon,"Basic,Tera,ex",sv7,,14
swsh3-187,Piers,Trainer,Supporter,swsh3,215,28
sm35-18,Totodile,Pokémon,Basic,sm35,142,21
bw3-35,Blitzle,Pokémon,Basic,bw3,317,21
sv10-23,Arboliva ex,Pokémon,"Stage 2,ex",sv10,70,14
sv9-189,N's Zoroark ex,Pokémon,"Stage 1,ex",sv9,356,1
xy9-74,Darkrai-EX,Pokémon,"Basic,EX",xy9,297,33
ex11-107,Metal Energy,Energy,Special,ex11,364,2
ecard3-90,Rattata,Pokémon,Basic,ecard3,30,21
dp2-67,Unown [T],Pokémon,Basic,dp2,205,29
sv4pt5-109,Charmander,Pokémon,Basic,sv4pt5,129,31
sv5-170,Bronzor,Pokémon,Basic,sv5,129,7
sm6-49,Aegislash,Pokémon,Stage 2,sm6,277,2
sv6pt5-31,Zorua,Pokémon,Basic,sv6pt5,,21
smp-SM232,Pikachu-GX,Pokémon,"Basic,GX",smp,207,38
ex7-79,Swinub,Pokémon,Basic,ex7,17,21
bw8-22,Lampent,Pokémon,Stage 1,bw8,112,29
xy8-12,Chesnaught BREAK,Pokémon,BREAK,xy8,76,15
ex1-47,Vigoroth,Pokémon,Stage 1,ex1,162,29
swsh12pt5-54,Zeraora VMAX,Pokémon,VMAX,swsh12pt5,82,25
swsh6-212,Brawly,Trainer,"Supporter,Rapid Strike",swsh6,351,20
si1-7,Ledyba,Pokémon,Basic,si1,5,13
sm11-152,Dragonite-GX,Pokémon,"Stage 2,GX",sm11,72,10
bw8-13,Amoonguss,Pokémon,"Stage 1,Team Plasma",bw8,76,29
dp6-34,Mesprit,Pokémon,Basic,dp6,116,2
col1-3,Dialga,Pokémon,Basic,col1,281,34
swsh7-118,Zygarde,Pokémon,"Basic,Rapid Strike",swsh7,143,34
sm75-60,Fiery Flint,Trainer,Item,sm75,297,29
sm10-86,Dugtrio,Pokémon,Stage 1,sm10,340,2
sm3-55,Toxicroak,Pokémon,Stage 1,sm3,73,2
swsh8-222,Wooloo,Pokémon,Basic,swsh8,293,21
cel25-4,Palkia,Pokémon,Basic,cel25,76,2
sv2-107,Primeape,Pokémon,Stage 1,sv2,317,29
neo3-37,Seaking,Pokémon,Stage 1,neo3,189,29
zsv10pt5-103,Tympole,Pokémon,Basic,zsv10pt5,7,7
xy5-61,Manectric,Pokémon,Stage 1,xy5,292,34
ex13-55,Whiscash,Pokémon,Stage 1,ex13,198,29
ex6-43,Parasect,Pokémon,Stage 1,ex6,43,29
sv5-34,Incineroar ex,Pokémon,"Stage 2,ex",sv5,275,14
swsh12pt5gg-GG56,Hisuian Zoroark VSTAR,Pokémon,VSTAR,swsh12pt5gg,61,24
ecard1-125,Poliwag,Pokémon,Basic,ecard1,43,21
swsh7-145,Digging Gloves,Trainer,"Item,Pokémon Tool",swsh7,334,29
sv3-167,Zigzagoon,Pokémon,Basic,sv3,162,21
sm8-42,Typhlosion,Pokémon,Stage 2,sm8,112,34
swsh12-176,Unown V,Pokémon,"Basic,V",swsh12,275,28
swsh35-37,Galarian Obstagoon,Pokémon,Stage 2,swsh35,317,34
swsh8-9,Sewaddle,Pokémon,Basic,swsh8,340,21
sm9-92,Vullaby,Pokémon,Basic,sm9,377,21
sv4-70,Iron Hands ex,Pokémon,"Basic,ex,Future",sv4,336,14
ex11-76,Marill,Pokémon,Basic,ex11,198,21
rsv10pt5-68,Ferroseed,Pokémon,Basic,rsv10pt5,264,21
sv3-49,Floatzel,Pokémon,Stage 1,sv3,112,29
g1-RC23,Swablu,Pokémon,Basic,g1,191,21
swsh8-158,Tyranitar V,Pokémon,"Basic,V",swsh8,76,16
ex4-25,Team Aqua's Carvanha,Pokémon,Basic,ex4,48,29
ex12-16,Girafarig,Pokémon,Basic,ex12,308,2
base2-30,Victreebel,Pokémon,Stage 2,base2,116,2
ex11-34,Castform,Pokémon,Basic,ex11,189,29
svp-123,Teal Mask Ogerpon,Pokémon,Basic,svp,183,38
xy8-112,Noivern,Pokémon,Stage 1,xy8,108,2
gym1-86,Misty's Horsea,Pokémon,Basic,gym1,116,21
swsh8-151,Bewear,Pokémon,Stage 1,swsh8,90,29
smp-SM199,Psyduck,Pokémon,Basic,smp,220,38
xy11-60,Sneasel,Pokémon,Basic,xy11,163,21
xy3-2,Weepinbell,Pokémon,Stage 1,xy3,71,29
bw3-4,Petilil,Pokémon,Basic,bw3,90,21
swsh6-147,Old Cemetery,Trainer,Stadium,swsh6,145,29
sv6-38,Chandelure,Pokémon,Stage 2,sv6,47,2
sv7-105,Melmetal ex,Pokémon,"Stage 1,ex",sv7,,14
ex4-97,Jirachi,Pokémon,Basic,ex4,108,27
swshp-SWSH064,Eternatus V,Pokémon,"Basic,V",swshp,76,38
sv10-190,Ethan's Typhlosion,Pokémon,Stage 2,sv10,94,7
sm12-210,Venusaur & Snivy-GX,Pokémon,"Basic,TAG TEAM,GX",sm12,76,28
ex11-56,Volbeat,Pokémon,Basic,ex11,198,29
swsh12-51,Chinchou,Pokémon,Basic,swsh12,189,21
bwp-BW57,Haxorus,Pokémon,Stage 2,bwp,73,38
sm115-42,Wigglytuff-GX,Pokémon,"Stage 1,GX",sm115,76,10
xy8-88,Cacturne,Pokémon,Stage 1,xy8,167,29
pl2-64,Hippopotas,Pokémon,Basic,pl2,73,21
basep-25,Flying Pikachu,Pokémon,Basic,basep,286,38
swsh45sv-SV090,Cufant,Pokémon,Basic,swsh45sv,129,9
sm11-250,Cherish Ball,Trainer,Item,sm11,76,27
swsh10-102,Hisuian Samurott VSTAR,Pokémon,VSTAR,swsh10,76,24
swsh45sv-SV056,Hatterene,Pokémon,Stage 2,swsh45sv,340,9
sv1-68,Pachirisu,Pokémon,Basic,sv1,292,29
xy5-138,Scorched Earth,Trainer,Stadium,xy5,232,29
pop9-2,Manaphy,Pokémon,Basic,pop9,117,2
pl2-56,Ambipom G,Pokémon,"Basic,SP",pl2,258,21
sv4-78,Gourgeist,Pokémon,Stage 1,sv4,122,29
bw11-27,Emboar,Pokémon,Stage 2,bw11,194,34
ex15-65,Swablu δ,Pokémon,Basic,ex15,189,21
sv4-158,Iron Jugulis,Pokémon,"Basic,Future",sv4,224,2
ex7-63,Larvitar,Pokémon,Basic,ex7,198,21
ecard3-58,Girafarig,Pokémon,Basic,ecard3,293,21
ex2-74,Ralts,Pokémon,Basic,ex2,163,21
dp3-12,Lickilicky,Pokémon,Stage 1,dp3,205,34
dp2-20,Ariados,Pokémon,Stage 1,dp2,198,2
ecard2-105,Remoraid,Pokémon,Basic,ecard2,108,21
sv9-14,Durant,Pokémon,Basic,sv9,105,21
rsv10pt5-162,Bouffalant ex,Pokémon,"Basic,ex",rsv10pt5,275,32
xyp-XY112,Jirachi,Pokémon,Basic,xyp,162,38
sv1-195,Team Star Grunt,Trainer,Supporter,sv1,214,29
swsh12pt5-71,Riolu,Pokémon,Basic,swsh12pt5,256,21
xy6-9,Nincada,Pokémon,Basic,xy6,271,21
sm8-233,Lost Blender,Trainer,Item,sm8,76,27
neo1-16,Togetic,Pokémon,Stage 1,neo1,116,34
ecard2-49,Gloom,Pokémon,Stage 1,ecard2,271,29
swsh12-120,Radiant Jirachi,Pokémon,"Basic,Radiant",swsh12,66,22
gym1-5,Erika's Vileplume,Pokémon,Stage 2,gym1,116,34
sm8-44,Magcargo-GX,Pokémon,"Stage 1,GX",sm8,76,10
bw11-7,Servine,Pokémon,Stage 1,bw11,90,29
sm3-125,Tormenting Spray,Trainer,Item,sm3,334,29
g1-81,Darkness Energy,Energy,Basic,g1,,21
ex6-50,Wartortle,Pokémon,Stage 1,ex6,108,29
xy1-13,Quilladin,Pokémon,Stage 1,xy1,76,29
bw1-46,Galvantula,Pokémon,Stage 1,bw1,108,2
svp-141,Noctowl,Pokémon,Stage 1,svp,63,38
pl4-11,Toxicroak,Pokémon,Stage 1,pl4,112,34
ex10-52,Chinchou,Pokémon,Basic,ex10,163,21
swsh10-209,Hisuian Samurott VSTAR,Pokémon,VSTAR,swsh10,76,27
dp7-90,Poké Healer +,Trainer,Item,dp7,232,29
sv9-144,Black Belt's Training,Trainer,Supporter,sv9,376,21
swsh8-273,Chili & Cilan & Cress,Trainer,"Supporter,Fusion Strike",swsh8,351,20
hgss4-42,Magmar,Pokémon,Basic,hgss4,117,29
sv8-133,Alolan Exeggutor ex,Pokémon,"Stage 1,Tera,ex",sv8,,14
ex7-89,Rocket's Poké Ball,Trainer,Item,ex7,232,29
swsh6-208,Metagross VMAX,Pokémon,"VMAX,Rapid Strike",swsh6,196,20
swsh1-14,Rillaboom,Pokémon,Stage 2,swsh1,277,34
swsh5-34,Galarian Mr. Mime,Pokémon,Basic,swsh5,183,21
sm10-90,Cubone,Pokémon,Basic,sm10,71,21
sm5-89,Solgaleo ◇,Pokémon,"Basic,Prism Star",sm5,317,18
sm1-44,Wishiwashi,Pokémon,Basic,sm1,108,29
sv1-170,Electric Generator,Trainer,Item,sv1,334,29
sm5-49,Pachirisu,Pokémon,Basic,sm5,288,21
svp-47,Charmander,Pokémon,Basic,svp,81,38
pl2-37,Yanmega E4,Pokémon,"Basic,SP",pl2,112,2
cel25-2,Reshiram,Pokémon,Basic,cel25,308,2
svp-56,Charizard ex,Pokémon,"Stage 2,Tera,ex",svp,356,38
sm7-129,Energy Switch,Trainer,Item,sm7,347,29
hgss3-89,Rayquaza & Deoxys LEGEND,Pokémon,LEGEND,hgss3,272,11
swsh5-180,Exp. Share,Trainer,Pokémon Tool,swsh5,334,27
swsh7-179,Espeon V,Pokémon,"Basic,V",swsh7,76,28
svp-6,Pawmot,Pokémon,Stage 2,svp,94,38
sm12-260,Naganadel & Guzzlord-GX,Pokémon,"Basic,TAG TEAM,GX,Ultra Beast",sm12,76,20
sv8pt5-141,Ortega,Trainer,Supporter,sv8pt5,,32
ecard2-56,Pupitar,Pokémon,Stage 1,ecard2,284,29
ex10-K,Unown,Pokémon,Basic,ex10,240,2
sm1-111,Stufful,Pokémon,Basic,sm1,351,21
swsh4-41,Arrokuda,Pokémon,Basic,swsh4,75,21
sm11-202,Misty's Favor,Trainer,Supporter,sm11,37,29
ecard1-112,Hoppip,Pokémon,Basic,ecard1,286,21
swsh6-82,Galarian Yamask,Pokémon,Basic,swsh6,172,21
sm6-122,Lucario-GX,Pokémon,"Stage 1,GX",sm6,76,28
sv1-158,Oinkologne ex,Pokémon,"Stage 1,ex",sv1,207,14
swsh3-58,Electrike,Pokémon,Basic,swsh3,262,21
svp-174,Eevee ex,Pokémon,"Basic,Tera,ex",svp,219,38
xy9-72,Nuzleaf,Pokémon,Stage 1,xy9,43,29
base4-17,Scyther,Pokémon,Basic,base4,116,34
bw6-84,Altaria,Pokémon,Stage 1,bw6,152,34
ex14-59,Numel,Pokémon,Basic,ex14,189,21
bw3-33,Cryogonal,Pokémon,Basic,bw3,162,2
sv3pt5-197,Giovanni's Charisma,Trainer,Supporter,sv3pt5,357,32
swsh7-144,Crystal Cave,Trainer,Stadium,swsh7,334,29
swsh6-150,Peony,Trainer,Supporter,swsh6,116,29
swsh8-105,Toxel,Pokémon,Basic,swsh8,40,21
sm12-134,Pawniard,Pokémon,Basic,sm12,116,21
swsh12-181,Skuntank V,Pokémon,"Basic,V",swsh12,211,28
col1-16,Magmortar,Pokémon,Stage 1,col1,163,34
col1-12,Kyogre,Pokémon,Basic,col1,232,34
ex1-79,Zigzagoon,Pokémon,Basic,ex1,191,21
mcd12-6,Emolga,Pokémon,Basic,mcd12,112,13
sv10-32,Ethan's Cyndaquil,Pokémon,Basic,sv10,97,21
sm8-156,Stantler,Pokémon,Basic,sm8,198,29
ecard1-58,Pichu,Pokémon,Baby,ecard1,191,2
ex15-48,Elekid δ,Pokémon,Basic,ex15,116,21
ex2-14,Zangoose,Pokémon,Basic,ex2,162,34
sm10-181,Molayne,Trainer,Supporter,sm10,116,29
sv4-223,Iron Hands ex,Pokémon,"Basic,ex,Future",sv4,336,32
ex10-101,Blissey ex,Pokémon,"Stage 1,ex",ex10,232,33
pop1-14,Surskit,Pokémon,Basic,pop1,162,21
swsh5-104,Bisharp,Pokémon,Stage 1,swsh5,223,29
sv6pt5-24,Toxicroak,Pokémon,Stage 1,sv6pt5,,21
swsh45sv-SV067,Rolycoly,Pokémon,Basic,swsh45sv,90,9
sv10-232,Cynthia's Garchomp ex,Pokémon,"Stage 2,ex",sv10,315,5
swshp-SWSH002,Scorbunny,Pokémon,Basic,swshp,75,38
sm5-114,Oranguru,Pokémon,Basic,sm5,112,29
swsh12pt5-87,Aron,Pokémon,Basic,swsh12pt5,129,21
ex15-37,Seadra δ,Pokémon,Stage 1,ex15,294,29
pop1-15,Swellow,Pokémon,Stage 1,pop1,162,21
sv7-100,Klang,Pokémon,Stage 1,sv7,,21
sv4-203,Slither Wing,Pokémon,"Basic,Ancient",sv4,360,7
gym2-47,Koga's Kakuna,Pokémon,Stage 1,gym2,116,29
col1-15,Lugia,Pokémon,Basic,col1,232,34
swsh8-13,Shelmet,Pokémon,"Basic,Fusion Strike",swsh8,322,21
neo2-19,Butterfree,Pokémon,Stage 2,neo2,191,2
sv6-138,Ambipom,Pokémon,Stage 1,sv6,105,29
sm115-23,Jolteon,Pokémon,Stage 1,sm115,112,2
base1-38,Poliwhirl,Pokémon,Stage 1,base1,116,29
ex8-82,Wurmple,Pokémon,Basic,ex8,162,21
ecard2-H31,Vileplume,Pokémon,Stage 2,ecard2,271,34
base2-17,Clefable,Pokémon,Stage 1,base2,108,2
swsh4-23,Charmander,Pokémon,Basic,swsh4,267,21
swsh8-43,Cinderace V,Pokémon,"Basic,V",swsh8,76,16
np-17,Torchic,Pokémon,Basic,np,162,38
sv1-194,Switch,Trainer,Item,sv1,296,21
sv2-123,Garganacl,Pokémon,Stage 2,sv2,277,2
bw4-4,Kricketune,Pokémon,Stage 1,bw4,284,29
pl3-26,Dusknoir FB,Pokémon,"Basic,SP",pl3,44,2
swsh1-82,Galarian Rapidash,Pokémon,Stage 1,swsh1,273,2
sv6-4,Spinarak,Pokémon,Basic,sv6,332,21
dp5-73,Shellos East Sea,Pokémon,Basic,dp5,198,21
xyp-XY72,Latios-EX,Pokémon,"Basic,EX",xyp,281,38
swsh10-73,Machamp VMAX,Pokémon,VMAX,swsh10,275,25
ex15-84,Holon Energy FF,Energy,Special,ex15,50,2
swsh8-261,Schoolboy,Trainer,Supporter,swsh8,37,28
swsh6-113,Metagross VMAX,Pokémon,"VMAX,Rapid Strike",swsh6,196,25
sv10-13,Fomantis,Pokémon,Basic,sv10,310,21
xy12-44,Nidorino,Pokémon,Stage 1,xy12,108,29
ecard1-82,Ivysaur,Pokémon,Stage 1,ecard1,189,29
sm7-60,Grumpig,Pokémon,Stage 1,sm7,116,2
xy6-79,Tranquill,Pokémon,Stage 1,xy6,254,29
xyp-XY104,M Mawile-EX,Pokémon,"MEGA,EX",xyp,76,38
swsh1-12,Thwackey,Pokémon,Stage 1,swsh1,184,29
zsv10pt5-40,Elgyem,Pokémon,Basic,zsv10pt5,59,21
pl3-45,Solrock,Pokémon,Basic,pl3,284,2
bw5-89,Haxorus,Pokémon,Stage 2,bw5,340,34
dp5-60,Croagunk,Pokémon,Basic,dp5,79,21
dp7-60,Duskull,Pokémon,Basic,dp7,34,21
swsh12pt5-2,Gloom,Pokémon,Stage 1,swsh12pt5,271,29
smp-SM234,Pikachu,Pokémon,Basic,smp,292,38
pl2-78,Seedot,Pokémon,Basic,pl2,189,21
sm9-11,Charmander,Pokémon,Basic,sm9,284,21
swsh7-237,Metal Energy,Energy,Basic,swsh7,,27
ex3-41,Shelgon,Pokémon,Stage 1,ex3,43,29
sm6-54,Hoopa,Pokémon,Basic,sm6,308,29
pl2-70,Munchlax,Pokémon,Basic,pl2,162,21
pl3-75,Pinsir,Pokémon,Basic,pl3,112,29
sv7-40,Frogadier,Pokémon,Stage 1,sv7,,29
ex9-90,Altaria ex,Pokémon,"Stage 1,ex",ex9,232,33
sv10-167,Judge,Trainer,Supporter,sv10,91,29
sv4pt5-242,Chien-Pao ex,Pokémon,"Basic,ex",sv4pt5,207,1
sv1-236,Jacq,Trainer,Supporter,sv1,94,32
dp5-82,Fossil Excavator,Trainer,Supporter,dp5,194,29
sm5-35,Buizel,Pokémon,Basic,sm5,62,21
svp-104,Melmetal ex,Pokémon,"Stage 1,ex",svp,72,38
swsh6-162,Volcanion V,Pokémon,"Basic,V,Single Strike",swsh6,297,28
swsh6-120,Zangoose,Pokémon,"Basic,Rapid Strike",swsh6,277,2
swsh10tg-TG25,Bea,Trainer,Supporter,swsh10tg,224,28
sv3-149,Bisharp,Pokémon,Stage 1,sv3,94,21
ex15-97,Rayquaza ex δ,Pokémon,"Basic,ex",ex15,232,33
bw4-102,Zoroark,Pokémon,Stage 1,bw4,76,27
sm3-94,Diancie,Pokémon,Basic,sm3,142,34
bw8-72,Donphan,Pokémon,Stage 1,bw8,317,29
swsh12pt5-142,Rescue Carrier,Trainer,Item,swsh12pt5,74,29
sv8-33,Charcadet,Pokémon,Basic,sv8,,21
sm3-58,Scolipede,Pokémon,Stage 2,sm3,281,2
base6-43,Golduck,Pokémon,Stage 1,base6,162,29
swsh7-42,Tympole,Pokémon,Basic,swsh7,40,21
ecard2-91,Magnemite,Pokémon,Basic,ecard2,163,21
swsh12-53,Rotom,Pokémon,Basic,swsh12,256,21
sm5-157,Leafeon-GX,Pokémon,"Stage 1,GX",sm5,76,20
dp1-23,Drapion,Pokémon,Stage 1,dp1,112,2
col1-48,Pidgeotto,Pokémon,Stage 1,col1,38,29
ecard2-57,Scyther,Pokémon,Basic,ecard2,294,29
sv4pt5-29,Gardevoir ex,Pokémon,"Stage 2,ex",sv4pt5,275,14
pop7-6,Delibird,Pokémon,Basic,pop7,117,29
sv8-250,Gravity Mountain,Trainer,Stadium,sv8,,1
sm11-53,Tapu Fini,Pokémon,Basic,sm11,264,2
dp6-19,Azelf,Pokémon,Basic,dp6,116,2
swsh3-75,Gothitelle,Pokémon,Stage 2,swsh3,377,2
swsh12pt5-56,Pincurchin,Pokémon,Basic,swsh12pt5,332,29
pl3-64,Loudred,Pokémon,Stage 1,pl3,191,29
g1-50,Clefairy,Pokémon,Basic,g1,322,21
pl4-98,Salamence LV.X,Pokémon,Level-Up,pl4,232,3
swsh12pt5-5,Tangrowth,Pokémon,Stage 1,swsh12pt5,200,2
xy11-25,Volcanion,Pokémon,Basic,xy11,76,2
bw9-60,Primeape,Pokémon,Stage 1,bw9,108,21
sv10-210,Cetitan ex,Pokémon,"Stage 1,ex",sv10,70,32
ecard3-83,Nidorina,Pokémon,Stage 1,ecard3,198,21
sv6pt5-97,Powerglass,Trainer,Pokémon Tool,sv6pt5,,1
base6-23,Exeggutor,Pokémon,Stage 1,base6,162,2
swsh35-23,Alcremie VMAX,Pokémon,VMAX,swsh35,76,25
dp3-101,Qwilfish,Pokémon,Basic,dp3,133,21
pgo-9,Charmeleon,Pokémon,Stage 1,pgo,251,29
xy10-5,Snivy,Pokémon,Basic,xy10,191,21
sv2-54,Cetoddle,Pokémon,Basic,sv2,332,21
me1-99,Gholdengo,Pokémon,Stage 1,me1,,29
sm8-186,Morty,Trainer,Supporter,sm8,116,29
bw1-2,Snivy,Pokémon,Basic,bw1,76,21
sv10-225,Team Rocket's Giovanni,Trainer,Supporter,sv10,120,32
pl2-6,Froslass GL,Pokémon,"Basic,SP",pl2,191,34
hgss2-93,Raikou & Suicune LEGEND,Pokémon,LEGEND,hgss2,86,11
ex6-114,Articuno ex,Pokémon,"Basic,ex",ex6,232,27
sv3pt5-61,Poliwhirl,Pokémon,Stage 1,sv3pt5,285,21
bwp-BW84,Porygon-Z,Pokémon,"Stage 2,Team Plasma",bwp,76,38
sm12-243,Koffing,Pokémon,Basic,sm12,12,27
bw3-1,Sewaddle,Pokémon,Basic,bw3,71,21
rsv10pt5-54,Terrakion,Pokémon,Basic,rsv10pt5,247,2
sv7-146,Turtonator,Pokémon,Basic,sv7,,7
sm75-77,Switch Raft,Trainer,Item,sm75,355,27
neo1-47,Quilava,Pokémon,Stage 1,neo1,116,29
swsh6-170,Galarian Articuno V,Pokémon,"Basic,V",swsh6,146,28
xy3-110,Fossil Researcher,Trainer,Supporter,xy3,292,28
dp2-75,Buizel,Pokémon,Basic,dp2,133,21
swsh45sv-SV111,Lapras VMAX,Pokémon,VMAX,swsh45sv,76,25
xy10-9,Moltres,Pokémon,Basic,xy10,288,2
base4-101,Computer Search,Trainer,,base4,307,2
swsh9-121,Bibarel,Pokémon,Stage 1,swsh9,140,34
sm8-57,Delibird,Pokémon,Basic,sm8,116,29
pop9-14,Gible,Pokémon,Basic,pop9,255,21
rsv10pt5-24,Basculin,Pokémon,Basic,rsv10pt5,105,21
sm12-43,Sneasel,Pokémon,Basic,sm12,242,21
swsh2-110,Falinks V,Pokémon,"Basic,V",swsh2,207,16
swsh1-158,Big Charm,Trainer,Pokémon Tool,swsh1,100,29
swsh6-161,Blaziken V,Pokémon,"Basic,V,Rapid Strike",swsh6,281,28
dp1-100,Sneasel,Pokémon,Basic,dp1,116,21
pgo-44,Steelix,Pokémon,Stage 1,pgo,376,29
bw2-15,Deerling,Pokémon,Basic,bw2,254,21
sv6-84,Farigiraf,Pokémon,Stage 1,sv6,31,29
swsh8-154,Falinks,Pokémon,Basic,swsh8,340,29
sv8pt5-158,Iron Crown ex,Pokémon,"Basic,ex,Future",sv8pt5,,5
swsh12pt5gg-GG25,Bibarel,Pokémon,Stage 1,swsh12pt5gg,74,37
ex15-56,Nidoran ♀ δ,Pokémon,Basic,ex15,163,21
sm12-25,Flareon,Pokémon,Stage 1,sm12,305,29
sm12-207,Unidentified Fossil,Trainer,Item,sm12,334,29
sv6-104,Gurdurr,Pokémon,Stage 1,sv6,308,21
ex11-98,Holon Transceiver,Trainer,Item,ex11,108,29
me1-84,Garganacl,Pokémon,Stage 2,me1,,29
swsh2-70,Toxtricity V,Pokémon,"Basic,V",swsh2,76,16
ex2-68,Marill,Pokémon,Basic,ex2,108,21
sv9-133,Hop's Rookidee,Pokémon,Basic,sv9,221,21
sv8pt5-50,Riolu,Pokémon,Basic,sv8pt5,,21
swsh2-35,Cinderace V,Pokémon,"Basic,V",swsh2,76,16
sv8pt5-105,Crispin,Trainer,Supporter,sv8pt5,,29
base4-93,Squirtle,Pokémon,Basic,base4,108,21
sv1-33,Houndour,Pokémon,Basic,sv1,214,21
xyp-XY192,Mew,Pokémon,Basic,xyp,332,38
swsh3-152,Skwovet,Pokémon,Basic,swsh3,340,21
swsh4-60,Zekrom,Pokémon,Basic,swsh4,134,34
swsh6-77,Dugtrio,Pokémon,"Stage 1,Rapid Strike",swsh6,75,2
bw1-76,Klinklang,Pokémon,Stage 2,bw1,76,34
xy9-20,Slowbro,Pokémon,Stage 1,xy9,215,29
neo1-46,Quilava,Pokémon,Stage 1,neo1,116,29
sv3pt5-173,Pikachu,Pokémon,Basic,sv3pt5,16,7
ex2-89,Wally's Training,Trainer,Supporter,ex2,116,29
svp-84,Quaquaval ex,Pokémon,"Stage 2,ex",svp,76,38
swsh8-265,Chandelure VMAX,Pokémon,VMAX,swsh8,305,20
ex3-59,Houndour,Pokémon,Basic,ex3,163,21
neo4-110,Shining Noctowl,Pokémon,Basic,neo4,116,36
dp7-83,Energy Link,Trainer,Pokémon Tool,dp7,232,29
ex6-111,Mr. Mime ex,Pokémon,"Basic,ex",ex6,232,33
sv5-35,Turtonator,Pokémon,Basic,sv5,90,21
ex6-81,Spearow,Pokémon,Basic,ex6,294,21
sm5-97,Gible,Pokémon,Basic,sm5,116,21
me1-143,Helioptile,Pokémon,Basic,me1,,7
ex15-38,Shelgon δ,Pokémon,Stage 1,ex15,271,29
sv3pt5-2,Ivysaur,Pokémon,Stage 1,sv3pt5,55,29
ex10-48,Smeargle,Pokémon,Basic,ex10,125,29
ex4-3,Team Aqua's Kyogre,Pokémon,Basic,ex4,65,34
bw11-47,Plusle,Pokémon,Basic,bw11,112,29
ex2-16,Espeon,Pokémon,Stage 1,ex2,108,2
hgss2-69,Weedle,Pokémon,Basic,hgss2,271,21
bwp-BW47,Rayquaza-EX,Pokémon,"Basic,EX",bwp,297,38
swsh45-12,Thwackey,Pokémon,Stage 1,swsh45,131,29
pgo-25,Wimpod,Pokémon,Basic,pgo,189,21
sm4-81,Starly,Pokémon,Basic,sm4,58,21
ex2-58,Cacnea,Pokémon,Basic,ex2,198,21
me2-70,Empoleon ex,Pokémon,"Stage 2,ex",me2,76,14
sv7-24,Salazzle,Pokémon,Stage 1,sv7,,29
swsh35-80,Suspicious Food Tin,Trainer,Item,swsh35,232,27
ex3-17,Magneton,Pokémon,Stage 1,ex3,198,2
sv2-95,Sandygast,Pokémon,Basic,sv2,317,21
base4-92,Spearow,Pokémon,Basic,base4,108,21
bw4-16,Simisear,Pokémon,Stage 1,bw4,112,2
xyp-XY157,Beedrill-EX,Pokémon,"Basic,EX",xyp,134,38
sm9-83,Alolan Grimer,Pokémon,Basic,sm9,172,21
swsh3-33,Centiskorch V,Pokémon,"Basic,V",swsh3,76,16
sv6-21,Poltchageist,Pokémon,Basic,sv6,224,21
ex16-37,Sealeo,Pokémon,Stage 1,ex16,116,29
ex15-7,Nidoqueen δ,Pokémon,Stage 2,ex15,112,34
sm12-50,Spheal,Pokémon,Basic,sm12,172,21
sv5-182,Minccino,Pokémon,Basic,sv5,322,7
bw3-94,Rocky Helmet,Trainer,Pokémon Tool,bw3,232,29
hgss1-100,Professor Elm's Training Method,Trainer,Supporter,hgss1,116,29
ex16-66,Swablu,Pokémon,Basic,ex16,116,21
sm9-168,Cobalion-GX,Pokémon,"Basic,GX",sm9,76,28
base1-53,Magnemite,Pokémon,Basic,base1,307,21
bw3-92,N,Trainer,Supporter,bw3,116,29
sm12-53,Kyogre,Pokémon,Basic,sm12,73,2
sm2-73,Rockruff,Pokémon,Basic,sm2,292,21
dc1-30,Team Magma Grunt,Trainer,Supporter,dc1,373,29
sv5-90,Lycanroc,Pokémon,Stage 1,sv5,51,29
sv10-62,Arrokuda,Pokémon,Basic,sv10,371,21
xy12-80,Misty's Determination,Trainer,Supporter,xy12,116,29
swsh10-122,Teddiursa,Pokémon,Basic,swsh10,368,21
sv7-51,Galvantula ex,Pokémon,"Stage 1,Tera,ex",sv7,,14
sv4pt5-218,Glimmora ex,Pokémon,"Stage 1,ex",sv4pt5,76,8
smp-SM198,Bulbasaur,Pokémon,Basic,smp,213,38
sm35-11,Torkoal,Pokémon,Basic,sm35,38,21
sv2-26,Rellor,Pokémon,Basic,sv2,277,21
sm12-83,Duskull,Pokémon,Basic,sm12,242,21
xyp-XY36,Treecko,Pokémon,Basic,xyp,340,38
swsh45-44,Crobat V,Pokémon,"Basic,V",swsh45,336,16
bw10-34,Drifloon,Pokémon,Basic,bw10,271,21
swsh11-202,Hisuian Goodra VSTAR,Pokémon,VSTAR,swsh11,76,20
sm12-227,Silvally-GX,Pokémon,"Stage 1,GX",sm12,184,28
swsh45sv-SV035,Eiscue,Pokémon,Basic,swsh45sv,90,9
sv1-44,Magikarp,Pokémon,Basic,sv1,88,21
zsv10pt5-83,N's Plan,Trainer,Supporter,zsv10pt5,357,29
xy7-41,Golurk,Pokémon,Stage 1,xy7,38,21
sv9-15,Virizion,Pokémon,Basic,sv9,277,29
swsh4-50,Raikou,Pokémon,Basic,swsh4,37,26
swsh12pt5gg-GG51,Hisuian Samurott V,Pokémon,"Basic,V",swsh12pt5gg,183,16
bw6-5,Yanmega,Pokémon,Stage 1,bw6,292,2
swsh6-185,Tornadus V,Pokémon,"Basic,V,Single Strike",swsh6,223,28
sv2-120,Nacli,Pokémon,Basic,sv2,156,21
ex4-64,Team Magma's Numel,Pokémon,Basic,ex4,92,21
swshp-SWSH004,Meowth V,Pokémon,"Basic,V",swshp,207,38
me2-71,Bronzor,Pokémon,Basic,me2,371,21
me1-67,Gimmighoul,Pokémon,Basic,me1,,21
sma-SV91,Tapu Bulu-GX,Pokémon,"Basic,GX",sma,76,27
bwp-BW40,Volcarona,Pokémon,Stage 1,bwp,317,38
hgss1-40,Donphan,Pokémon,Stage 1,hgss1,198,29
base5-78,Goop Gas Attack,Trainer,,base5,125,21
rsv10pt5-139,Scrafty,Pokémon,Stage 1,rsv10pt5,63,7
sv6-39,Chi-Yu,Pokémon,Basic,sv6,192,29
sv7-82,Lucario ex,Pokémon,"Stage 1,ex",sv7,,14
hgss2-14,Crobat,Pokémon,Stage 2,hgss2,73,2
me2-109,Mega Charizard X ex,Pokémon,"Stage 2,MEGA,ex",me2,356,32
sm6-38,Heliolisk,Pokémon,Stage 1,sm6,143,29
sm75-3,Charizard,Pokémon,Stage 2,sm75,196,34
ex10-61,Larvitar,Pokémon,Basic,ex10,308,21
xy2-84,Buneary,Pokémon,Basic,xy2,271,21
ex1-100,Magmar ex,Pokémon,"Basic,ex",ex1,136,33
rsv10pt5-65,Deino,Pokémon,Basic,rsv10pt5,183,21
sv4-159,Ancient Booster Energy Capsule,Trainer,"Pokémon Tool,Ancient",sv4,76,29
sm12-198,Mallow & Lana,Trainer,"Supporter,TAG TEAM",sm12,116,29
sm1-75,Palossand,Pokémon,Stage 1,sm1,112,2
sv6-217,Carmine,Trainer,Supporter,sv6,339,5
dp4-73,Kakuna,Pokémon,Stage 1,dp4,116,21
bw5-71,Zoroark,Pokémon,Stage 1,bw5,76,2
swsh1-53,Keldeo V,Pokémon,"Basic,V",swsh1,72,16
xy6-63,Reshiram,Pokémon,Basic,xy6,112,34
sv8pt5-162,Roaring Moon ex,Pokémon,"Basic,ex,Ancient",sv8pt5,,5
xyp-XY149,Xerneas-EX,Pokémon,"Basic,EX",xyp,297,38
swsh8-210,Skitty,Pokémon,Basic,swsh8,293,21
sv3pt5-190,Kangaskhan ex,Pokémon,"Basic,ex",sv3pt5,275,32
zsv10pt5-6,Petilil,Pokémon,Basic,zsv10pt5,33,21
swsh7-221,Aroma Lady,Trainer,Supporter,swsh7,339,20
sm2-55,Oricorio,Pokémon,Basic,sm2,112,2
sv4-231,Gholdengo ex,Pokémon,"Stage 1,ex",sv4,356,32
swsh7-60,Regieleki,Pokémon,Basic,swsh7,317,34
sv1-218,Mabosstiff,Pokémon,Stage 1,sv1,140,7
ex16-16,Magneton,Pokémon,Stage 1,ex16,117,2
swsh9-81,Sawk,Pokémon,Basic,swsh9,325,21
rsv10pt5-140,Trubbish,Pokémon,Basic,rsv10pt5,145,7
sv2-131,Murkrow,Pokémon,Basic,sv2,151,21
bw2-48,Gothitelle,Pokémon,Stage 2,bw2,112,2
det1-3,Morelull,Pokémon,Basic,det1,213,21
cel25c-93_A,Gardevoir ex δ,Pokémon,"Stage 2,ex",cel25c,157,12
zsv10pt5-56,Scolipede,Pokémon,Stage 2,zsv10pt5,126,29
sv5-207,Iron Boulder ex,Pokémon,"Basic,ex,Future",sv5,214,5
swsh7-229,Boost Shake,Trainer,Item,swsh7,60,27
dpp-DP24,Darkrai,Pokémon,Basic,dpp,112,38
neo3-16,Celebi,Pokémon,Basic,neo3,125,2
dp3-48,Donphan,Pokémon,Stage 1,dp3,116,29
swsh12-4,Ariados,Pokémon,Stage 1,swsh12,98,34
ecard2-94,Miltank,Pokémon,Basic,ecard2,112,21
xy4-58,Malamar-EX,Pokémon,"Basic,EX",xy4,297,33
sm12-45,Wailmer,Pokémon,Basic,sm12,17,21
swsh9-1,Exeggcute,Pokémon,Basic,swsh9,131,21
swsh8-255,Genesect V,Pokémon,"Basic,V,Fusion Strike",swsh8,340,28
swsh7-104,Nickit,Pokémon,Basic,swsh7,68,21
sv8-129,Duraludon,Pokémon,Basic,sv8,,21
dpp-DP19,Darkrai LV.X,Pokémon,Level-Up,dpp,298,38
swshp-SWSH047,Drednaw,Pokémon,Stage 1,swshp,277,38
ex4-54,Team Aqua's Poochyena,Pokémon,Basic,ex4,176,21
sm8-230,Counter Gain,Trainer,Pokémon Tool,sm8,334,27
ex5-78,Togepi,Pokémon,Basic,ex5,240,21
sv1-7,Tropius,Pokémon,Basic,sv1,8,21
sv2-48,Eiscue,Pokémon,Basic,sv2,73,29
gym2-104,Giovanni,Trainer,,gym2,116,2
hgss2-37,Poliwhirl,Pokémon,Stage 1,hgss2,284,29
bw11-RC20,Elesa,Trainer,Supporter,bw11,171,21
swsh10-210,Origin Forme Dialga VSTAR,Pokémon,VSTAR,swsh10,76,27
dp1-41,Wobbuffet,Pokémon,Basic,dp1,112,2
ex8-46,Silcoon,Pokémon,Stage 1,ex8,162,29
xy5-105,Gardevoir-EX,Pokémon,"Basic,EX",xy5,297,33
smp-SM189,Blastoise-GX,Pokémon,"Stage 2,GX",smp,60,38
sm35-34,Minun,Pokémon,Basic,sm35,214,21
sv3-148,Pawniard,Pokémon,Basic,sv3,75,21
pgo-24,Articuno,Pokémon,Basic,pgo,211,34
base4-28,Pidgeotto,Pokémon,Stage 1,base4,116,2
swsh5-25,Emboar,Pokémon,"Stage 2,Single Strike",swsh5,277,34
ex15-98,Salamence ex δ,Pokémon,"Stage 2,ex",ex15,232,33
base6-2,Articuno,Pokémon,Basic,base6,108,34
swsh6-134,Doctor,Trainer,Supporter,swsh6,184,29
swshp-SWSH160,Mewtwo V-UNION,Pokémon,V-UNION,swshp,305,38
sv10-187,Team Rocket's Spidops,Pokémon,Stage 1,sv10,81,7
xyp-XY61,Flygon-EX,Pokémon,"Basic,EX",xyp,334,38
ex12-3,Cradily,Pokémon,Stage 2,ex12,163,34
neo1-73,Slowpoke,Pokémon,Basic,neo1,17,21
swsh5-110,Corviknight VMAX,Pokémon,VMAX,swsh5,336,25
swsh9-23,Torkoal,Pokémon,Basic,swsh9,162,29
bw6-85,Rayquaza-EX,Pokémon,"Basic,EX",bw6,297,33
ex6-39,Metapod,Pokémon,Stage 1,ex6,191,29
xy3-62,Tyrantrum,Pokémon,Stage 1,xy3,76,2
me1-52,Helioptile,Pokémon,Basic,me1,,21
xy7-25,Kyurem-EX,Pokémon,"Basic,EX",xy7,216,33
swsh6-187,Avery,Trainer,Supporter,swsh6,215,28
sv7-3,Ledian,Pokémon,Stage 1,sv7,,2
swsh10-22,Rapidash,Pokémon,Stage 1,swsh10,303,2
mcd22-9,Flaaffy,Pokémon,Stage 1,mcd22,254,13
swsh10-163,Hisuian Lilligant V,Pokémon,"Basic,V",swsh10,183,28
ex15-96,Latios ex δ,Pokémon,"Basic,ex",ex15,232,33
sm10-199,Marshadow & Machamp-GX,Pokémon,"Basic,TAG TEAM,GX",sm10,273,28
sv4-140,Altaria ex,Pokémon,"Stage 1,ex",sv4,115,14
dp1-94,Ponyta,Pokémon,Basic,dp1,162,21
xy0-4,Quilladin,Pokémon,Stage 1,xy0,76,13
sv7-19,Ponyta,Pokémon,Basic,sv7,,21
bw7-101,Black Kyurem-EX,Pokémon,"Basic,EX",bw7,297,33
sm11-13,Foongus,Pokémon,Basic,sm11,116,21
ex7-91,Surprise! Time Machine,Trainer,Rocket's Secret Machine,ex7,92,29
dp4-105,Dialga LV.X,Pokémon,Level-Up,dp4,232,3
sv6-135,Eevee,Pokémon,Basic,sv6,103,21
sv9-33,Remoraid,Pokémon,Basic,sv9,234,21
pl2-112,Pikachu,Pokémon,Basic,pl2,108,27
svp-153,Magneton,Pokémon,Stage 1,svp,,38
bw8-19,Pansear,Pokémon,Basic,bw8,191,21
sv2-79,Bellibolt ex,Pokémon,"Stage 1,ex",sv2,99,14
swsh45sv-SV100,Greedent,Pokémon,Stage 1,swsh45sv,37,9
bw5-94,Enhanced Hammer,Trainer,Item,bw5,232,29
pl3-54,Chatot G,Pokémon,"Basic,SP",pl3,203,29
xy11-94,Fletchling,Pokémon,Basic,xy11,142,21
swsh12pt5-40,Shinx,Pokémon,Basic,swsh12pt5,131,21
sv4pt5-27,Ralts,Pokémon,Basic,sv4pt5,98,21
xy1-1,Venusaur-EX,Pokémon,"Basic,EX",xy1,297,33
me2-81,Zigzagoon,Pokémon,Basic,me2,31,21
sv4-83,Tinkatink,Pokémon,Basic,sv4,145,21
ex12-81,Rainbow Energy,Energy,Special,ex12,50,2
ex13-44,Holon's Castform,Pokémon,Basic,ex13,108,29
xy9-30,Suicune,Pokémon,Basic,xy9,108,34
sm6-3,Snover,Pokémon,Basic,sm6,167,21
rsv10pt5-80,Brave Bangle,Trainer,Pokémon Tool,rsv10pt5,334,29
swsh2-96,Nosepass,Pokémon,Basic,swsh2,189,21
ecard2-21,Lanturn,Pokémon,Stage 1,ecard2,43,2
sv4-199,Groudon,Pokémon,Basic,sv4,208,7
xy10-77,Snorlax,Pokémon,Basic,xy10,17,2
bw9-82,Dragonair,Pokémon,Stage 1,bw9,142,29
sv1-22,Dolliv,Pokémon,Stage 1,sv1,40,21
me1-163,Mega Latias ex,Pokémon,"Basic,MEGA,ex",me1,,32
swshp-SWSH032,Snorlax,Pokémon,Basic,swshp,98,38
sm11-59,Magneton,Pokémon,Stage 1,sm11,262,29
ex3-57,Grimer,Pokémon,Basic,ex3,43,21
xy12-41,Electabuzz,Pokémon,Basic,xy12,116,21
sv4-31,Seadra,Pokémon,Stage 1,sv4,143,21
swsh7-197,Duraludon V,Pokémon,"Basic,V,Single Strike",swsh7,336,28
sv6-80,Abra,Pokémon,Basic,sv6,106,21
swsh7-88,Gigalith,Pokémon,Stage 2,swsh7,117,2
swsh5-48,Luxray,Pokémon,"Stage 2,Rapid Strike",swsh5,326,34
ecard1-76,Electabuzz,Pokémon,Basic,ecard1,32,29
ex15-63,Shellder δ,Pokémon,Basic,ex15,294,21
pl1-118,Team Galactic's Invention G-105 Poké Turn,Trainer,Item,pl1,258,29
swsh10-40,Origin Forme Palkia VSTAR,Pokémon,VSTAR,swsh10,207,24
bw3-59,Lampent,Pokémon,Stage 1,bw3,267,29
me1-71,Tyrogue,Pokémon,Basic,me1,,21
bw10-52,Sawk,Pokémon,Basic,bw10,292,21
dc1-19,Team Magma's Mightyena,Pokémon,Stage 1,dc1,75,21
sv1-169,Defiance Band,Trainer,Pokémon Tool,sv1,100,29
swsh8-4,Shroomish,Pokémon,Basic,swsh8,284,21
ex16-51,Kabuto,Pokémon,Stage 1,ex16,116,21
me2-129,Dawn,Trainer,Supporter,me2,233,5
dp7-9,Regigigas,Pokémon,Basic,dp7,117,34
dp1-45,Cherrim,Pokémon,Stage 1,dp1,191,29
sv5-50,Walking Wake ex,Pokémon,"Basic,ex,Ancient",sv5,356,14
sma-SV57,Electrode-GX,Pokémon,"Stage 1,GX",sma,76,35
sv9-41,Wailord,Pokémon,Stage 1,sv9,360,2
dp1-40,Weavile,Pokémon,Stage 1,dp1,284,2
ex10-55,Eevee,Pokémon,Basic,ex10,189,21
ecard1-41,Clefable,Pokémon,Stage 1,ecard1,162,2
neo4-94,Impostor Professor Oak's Invention,Trainer,,neo4,116,2
swsh3-198,Coalossal,Pokémon,Stage 2,swsh3,70,27
sm75-76,Fiery Flint,Trainer,Item,sm75,297,27
bw1-54,Scolipede,Pokémon,Stage 2,bw1,117,2
xy4-86,Regigigas,Pokémon,Basic,xy4,73,34
swsh9-48,Raikou V,Pokémon,"Basic,V",swsh9,336,16
ecard3-21,Moltres,Pokémon,Basic,ecard3,112,2
xy9-101,Gyarados Spirit Link,Trainer,Pokémon Tool,xy9,76,29
sm8-219,Blacephalon-GX,Pokémon,"Basic,GX,Ultra Beast",sm8,76,20
dp3-60,Quagsire,Pokémon,Stage 1,dp3,125,29
g1-RC24,Altaria,Pokémon,Stage 1,g1,162,29
sv3-79,Miraidon ex,Pokémon,"Basic,ex",sv3,76,14
swsh6-141,Galarian Chestplate,Trainer,Pokémon Tool,swsh6,100,29
swsh7-150,Lucky Ice Pop,Trainer,Item,swsh7,100,29
sm12-30,Victini,Pokémon,Basic,sm12,332,34
ecard2-132,Psychic Cube 01,Trainer,Technical Machine,ecard2,341,29
hsp-HGSS05,Hoothoot,Pokémon,Basic,hsp,117,38
swsh8-118,Galarian Cursola,Pokémon,Stage 1,swsh8,6,2
swshp-SWSH183,Jolteon V,Pokémon,"Basic,V",swshp,214,38
swsh10-42,Dewott,Pokémon,Stage 1,swsh10,40,29
sv8-32,Charcadet,Pokémon,Basic,sv8,,21
ex15-8,Ninetales δ,Pokémon,Stage 1,ex15,163,34
bw6-113,Devolution Spray,Trainer,Item,bw6,232,29
dp7-3,Infernape,Pokémon,Stage 2,dp7,108,34
sv9-103,N's Klink,Pokémon,Basic,sv9,323,21
swsh10-212,Jubilife Village,Trainer,Stadium,swsh10,145,27
cel25c-76_A,M Rayquaza-EX,Pokémon,"MEGA,EX",cel25c,76,12
ecard1-87,Metapod,Pokémon,Stage 1,ecard1,343,29
sv6pt5-6,Tapu Bulu,Pokémon,Basic,sv6pt5,,2
ex14-82,Poké Ball,Trainer,Item,ex14,176,29
ex12-70,Wurmple,Pokémon,Basic,ex12,293,21
base6-14,Jolteon,Pokémon,Stage 1,base6,162,34
swsh9-180,Roseanne's Backup,Trainer,Supporter,swsh9,215,20
bw8-1,Turtwig,Pokémon,Basic,bw8,112,21
sv4pt5-115,Armarouge,Pokémon,Stage 1,sv4pt5,233,31
swshp-SWSH187,Liepard,Pokémon,Stage 1,swshp,47,38
sm11-23,Numel,Pokémon,Basic,sm11,44,21
rsv10pt5-160,Jellicent ex,Pokémon,"Stage 1,ex",rsv10pt5,275,32
sv6pt5-56,Cassiopeia,Trainer,Supporter,sv6pt5,,29
ex10-38,Croconaw,Pokémon,Stage 1,ex10,117,29
sv3-63,Magnemite,Pokémon,Basic,sv3,117,21
bw10-72,Porygon,Pokémon,Basic,bw10,108,21
ecard1-154,Full Heal,Trainer,,ecard1,307,21
xy8-89,Zorua,Pokémon,Basic,xy8,75,21
neo4-84,Swinub,Pokémon,Basic,neo4,162,21
swsh12-185,Lugia V,Pokémon,"Basic,V",swsh12,76,28
cel25c-15_A1,Venusaur,Pokémon,Stage 2,cel25c,108,12
xy4-25,Pachirisu,Pokémon,Basic,xy4,71,2
swsh7-2,Hoppip,Pokémon,"Basic,Rapid Strike",swsh7,162,21
sv10-221,Ethan's Adventure,Trainer,Supporter,sv10,238,32
swsh12pt5gg-GG45,Deoxys VMAX,Pokémon,VMAX,swsh12pt5gg,340,25
swsh5-92,Galarian Slowbro,Pokémon,Stage 1,swsh5,108,2
neo4-58,Unown [P],Pokémon,Basic,neo4,111,29
xyp-XY41,Kyogre-EX,Pokémon,"Basic,EX",xyp,297,38
sv4-74,Deoxys,Pokémon,Basic,sv4,332,2
swsh12pt5gg-GG04,Oricorio,Pokémon,"Basic,Fusion Strike",swsh12pt5gg,17,37
ecard3-56,Forretress,Pokémon,Stage 1,ecard3,112,21
ex11-28,Slowking,Pokémon,Stage 1,ex11,162,2
ex10-78,Totodile,Pokémon,Basic,ex10,117,21
xy5-43,Feebas,Pokémon,Basic,xy5,38,21
swsh12-169,V Guard Energy,Energy,Special,swsh12,,29
swshp-SWSH117,Phanpy,Pokémon,Basic,swshp,162,38
xy2-44,Skrelp,Pokémon,Basic,xy2,76,21
ex14-46,Bulbasaur,Pokémon,Basic,ex14,162,21
swsh12pt5-79,Krokorok,Pokémon,Stage 1,swsh12pt5,317,29
ex12-41,Nuzleaf,Pokémon,Stage 1,ex12,92,29
sv5-42,Carvanha,Pokémon,Basic,sv5,224,21
gym2-18,Giovanni,Trainer,,gym2,116,34
hsp-HGSS08,Meganium,Pokémon,"Stage 2,Prime",hsp,253,38
pl3-92,Buizel,Pokémon,Basic,pl3,162,21
gym2-49,Koga's Pidgey,Pokémon,Basic,gym2,191,29
ecard3-19,Magneton,Pokémon,Stage 1,ecard3,163,2
smp-SM200,Snubbull,Pokémon,Basic,smp,220,38
swsh12tg-TG03,Flaaffy,Pokémon,Stage 1,swsh12tg,47,37
sm7-92,Beldum,Pokémon,Basic,sm7,284,21
xy6-20,Pikachu,Pokémon,Basic,xy6,292,21
sv9-2,Metapod,Pokémon,Stage 1,sv9,371,21
xy12-56,Dugtrio,Pokémon,Stage 1,xy12,307,2
ex10-99,Cyclone Energy,Energy,Special,ex10,176,29
swsh12-135,Regidrago V,Pokémon,"Basic,V",swsh12,275,16
sm3-89,Inkay,Pokémon,Basic,sm3,288,21
sm115-1,Caterpie,Pokémon,Basic,sm115,223,21
swsh8-221,Wooloo,Pokémon,Basic,swsh8,189,21
sv3pt5-15,Beedrill,Pokémon,Stage 2,sv3pt5,122,2
swsh3-24,Blaziken,Pokémon,Stage 2,swsh3,66,34
sm11-34,Salazzle,Pokémon,Stage 1,sm11,198,2
sv6pt5-75,Zorua,Pokémon,Basic,sv6pt5,,7
sv1-121,Stonjourner,Pokémon,Basic,sv1,43,29
hgss2-86,Lanturn,Pokémon,"Stage 1,Prime",hgss2,299,23
xy5-122,Acro Bike,Trainer,Item,xy5,334,29
swsh2-202,Oleana,Trainer,Supporter,swsh2,215,20
swsh45-24,Manaphy,Pokémon,Basic,swsh45,304,2
sv3pt5-138,Omanyte,Pokémon,Stage 1,sv3pt5,340,29
neo3-21,Raichu,Pokémon,Stage 1,neo3,30,2
smp-SM196,Mewtwo-GX,Pokémon,"Basic,GX",smp,213,38
swsh7-225,Zinnia's Resolve,Trainer,Supporter,swsh7,256,20
pl3-58,Floatzel,Pokémon,Stage 1,pl3,162,29
pl1-3,Blaziken,Pokémon,Stage 2,pl1,163,34
me2-40,Meloetta,Pokémon,Basic,me2,243,29
swsh9-173,Shaymin VSTAR,Pokémon,VSTAR,swsh9,76,20
swsh5-142,Kricketune V,Pokémon,"Basic,V",swsh5,290,28
me1-170,Lt. Surge's Bargain,Trainer,Supporter,me1,,32
sv6pt5-69,Dusclops,Pokémon,Stage 1,sv6pt5,,7
sm9-173,Dana,Trainer,Supporter,sm9,162,28
sm11-47,Keldeo-GX,Pokémon,"Basic,GX",sm11,76,10
me1-120,Lt. Surge's Bargain,Trainer,Supporter,me1,,29
ex9-17,Nosepass,Pokémon,Basic,ex9,112,2
swsh45-68,Gym Trainer,Trainer,Supporter,swsh45,214,28
dp4-38,Gorebyss,Pokémon,Stage 1,dp4,116,29
pgo-26,Golisopod,Pokémon,Stage 1,pgo,143,34
sm75-55,Kangaskhan,Pokémon,Basic,sm75,284,21
ex9-64,Snorunt,Pokémon,Basic,ex9,191,21
ecard2-86,Houndour,Pokémon,Basic,ecard2,198,21
ex10-35,Bayleef,Pokémon,Stage 1,ex10,191,29
xy7-3,Vileplume,Pokémon,Stage 2,xy7,198,2
bw10-84,Professor Juniper,Trainer,Supporter,bw10,116,29
xy4-77,Goodra,Pokémon,Stage 2,xy4,76,34
ex9-62,Rhyhorn,Pokémon,Basic,ex9,112,21
sm5-43,Electabuzz,Pokémon,Basic,sm5,112,21
swsh9-60,Duskull,Pokémon,Basic,swsh9,172,21
base5-72,Rocket's Sneak Attack,Trainer,,base5,116,2
ex13-58,Aron,Pokémon,Basic,ex13,117,21
sm3-15,Araquanid,Pokémon,Stage 1,sm3,292,2
swsh2-199,Copperajah VMAX,Pokémon,VMAX,swsh2,76,20
xy10-25,Alakazam-EX,Pokémon,"Basic,EX",xy10,216,33
sm35-8,Virizion,Pokémon,Basic,sm35,73,34
sv5-107,Sableye,Pokémon,Basic,sv5,131,29
swshp-SWSH030,Copperajah V,Pokémon,"Basic,V",swshp,76,38
swsh2-167,Sonia,Trainer,Supporter,swsh2,171,29
sv6-89,Swirlix,Pokémon,Basic,sv6,340,21
hgss1-85,Sunkern,Pokémon,Basic,hgss1,43,21
sm10-205,Gardevoir & Sylveon-GX,Pokémon,"Basic,TAG TEAM,GX",sm10,191,28
sv10-99,Meditite,Pokémon,Basic,sv10,243,21
bw7-57,Zebstrika,Pokémon,Stage 1,bw7,108,34
sv4pt5-36,Dedenne,Pokémon,Basic,sv4pt5,98,21
xy1-95,Slurpuff,Pokémon,Stage 1,xy1,76,34
sm3-84,Alolan Muk-GX,Pokémon,"Stage 1,GX",sm3,76,10
sv8pt5-157,Iron Valiant ex,Pokémon,"Basic,ex,Future",sv8pt5,,5
sv8-121,Grafaiai,Pokémon,Stage 1,sv8,,29
swsh7-202,Raihan,Trainer,Supporter,swsh7,215,28
ecard2-H30,Victreebel,Pokémon,Stage 2,ecard2,189,34
sm6-47,Honedge,Pokémon,Basic,sm6,198,21
ex2-54,Wynaut,Pokémon,Basic,ex2,162,29
mcd21-23,Popplio,Pokémon,Basic,mcd21,112,13
neo1-77,Sudowoodo,Pokémon,Basic,neo1,116,21
zsv10pt5-48,Gurdurr,Pokémon,Stage 1,zsv10pt5,221,21
sv6-79,Clefable,Pokémon,Stage 1,sv6,103,29
sm4-2,Kakuna,Pokémon,Stage 1,sm4,58,29
swsh12pt5gg-GG16,Absol,Pokémon,Basic,swsh12pt5gg,146,37
sm75-1,Charmander,Pokémon,Basic,sm75,223,21
neo1-21,Donphan,Pokémon,Stage 1,neo1,116,2
mcd21-15,Litten,Pokémon,Basic,mcd21,340,13
bw6-33,Floatzel,Pokémon,Stage 1,bw6,292,29
me1-3,Mega Venusaur ex,Pokémon,"Stage 2,MEGA,ex",me1,,14
base4-120,Gust of Wind,Trainer,,base4,307,21
sv3pt5-141,Kabutops,Pokémon,Stage 2,sv3pt5,224,2
sm11-206,Reset Stamp,Trainer,Item,sm11,60,29
xy2-18,Litleo,Pokémon,Basic,xy2,76,21
sv2-60,Baxcalibur,Pokémon,Stage 2,sv2,317,2
sv6pt5-83,Munkidori ex,Pokémon,"Basic,ex",sv6pt5,,32
ecard1-66,Tyranitar,Pokémon,Stage 2,ecard1,259,2
sv6-207,Lana's Aid,Trainer,Supporter,sv6,233,32
bw1-16,Tepig,Pokémon,Basic,bw1,76,21
xy8-37,Prinplup,Pokémon,Stage 1,xy8,215,29
sv3-162,Pidgey,Pokémon,Basic,sv3,284,21
ex11-86,Taillow,Pokémon,Basic,ex11,17,21
sm6-6,Scatterbug,Pokémon,Basic,sm6,116,21
swsh12-59,Radiant Alakazam,Pokémon,"Basic,Radiant",swsh12,340,22
sv8-252,Jet Energy,Energy,Special,sv8,,1
sv9-121,Dudunsparce ex,Pokémon,"Stage 1,ex",sv9,76,14
ex3-56,Geodude,Pokémon,Basic,ex3,198,21
sv4-155,Maushold ex,Pokémon,"Stage 1,ex",sv4,76,14
sm11-60,Magnezone,Pokémon,Stage 2,sm11,317,34
swsh1-134,Bisharp,Pokémon,Stage 1,swsh1,73,29
bw4-46,Luxray,Pokémon,Stage 2,bw4,317,34
xy9-48,Blitzle,Pokémon,Basic,xy9,308,21
swsh45sv-SV013,Flapple,Pokémon,Stage 1,swsh45sv,90,9
swsh9-5,Tropius,Pokémon,Basic,swsh9,317,29
swsh12-8,Serperior VSTAR,Pokémon,VSTAR,swsh12,336,24
swsh3-39,Milotic,Pokémon,Stage 1,swsh3,305,34
neo4-17,Dark Ariados,Pokémon,Stage 1,neo4,286,2
ecard3-127,Hyper Potion,Trainer,,ecard3,92,29
sm2-57,Toxapex-GX,Pokémon,"Stage 1,GX",sm2,76,10
dp4-64,Clamperl,Pokémon,Basic,dp4,116,21
swsh9tg-TG21,Rapid Strike Urshifu VMAX,Pokémon,"VMAX,Rapid Strike",swsh9tg,104,25
sm9-78,Kabutops,Pokémon,Stage 2,sm9,317,2
ex8-10,Ludicolo,Pokémon,Stage 2,ex8,191,34
pl1-15,Shaymin,Pokémon,Basic,pl1,191,34
ex10-92,Solid Rage,Trainer,Pokémon Tool,ex10,232,29
ecard1-126,Ponyta,Pokémon,Basic,ecard1,162,21
xy6-62,Hydreigon-EX,Pokémon,"Basic,EX",xy6,297,33
sm35-39,Mewtwo-GX,Pokémon,"Basic,GX",sm35,76,10
bw8-86,Scrafty,Pokémon,"Stage 1,Team Plasma",bw8,76,2
ex10-82,Energy Removal 2,Trainer,Item,ex10,307,29
hgss3-60,Oddish,Pokémon,Basic,hgss3,108,21
bw4-23,Staryu,Pokémon,Basic,bw4,284,21
ex12-57,Machop,Pokémon,Basic,ex12,293,21
sm115-6,Pinsir-GX,Pokémon,"Basic,GX",sm115,76,10
swshp-SWSH071,Scorbunny,Pokémon,Basic,swshp,340,38
swsh10-44,Hisuian Basculegion,Pokémon,Stage 1,swsh10,340,2
bw11-52,Zekrom-EX,Pokémon,"Basic,EX",bw11,298,33
sm8-41,Quilava,Pokémon,Stage 1,sm8,189,29
sv8-187,Surfer,Trainer,Supporter,sv8,,29
swsh5-98,Morpeko,Pokémon,Basic,swsh5,81,29
sm3-56,Venipede,Pokémon,Basic,sm3,293,21
sm75-51,Drampa,Pokémon,Basic,sm75,351,29
sm8-226,Mimikyu-GX,Pokémon,"Basic,GX",sm8,76,20
sm11-210,Unidentified Fossil,Trainer,Item,sm11,334,29
np-18,Mudkip,Pokémon,Basic,np,162,38
bw8-61,Gallade,Pokémon,Stage 2,bw8,73,34
sv5-43,Sharpedo,Pokémon,Stage 1,sv5,325,29
bw11-67,Trubbish,Pokémon,Basic,bw11,73,21
sv2-58,Frigibax,Pokémon,Basic,sv2,305,21
sv3-220,Poppy,Trainer,Supporter,sv3,156,32
bw8-109,Skitty,Pokémon,Basic,bw8,117,21
dp6-118,Shinx,Pokémon,Basic,dp6,117,21
pl1-23,Dialga,Pokémon,Basic,pl1,79,2
sm8-82,Zebstrika,Pokémon,Stage 1,sm8,6,2
dp4-62,Cacnea,Pokémon,Basic,dp4,332,21
sma-SV77,Altaria-GX,Pokémon,"Stage 1,GX",sma,76,35
ex8-58,Duskull,Pokémon,Basic,ex8,199,21
bw6-51,Drifblim,Pokémon,Stage 1,bw6,194,2
swsh4-200,Cape of Toughness,Trainer,Pokémon Tool,swsh4,100,27
swsh10-60,Ralts,Pokémon,Basic,swsh10,204,21
swsh7-90,Seismitoad,Pokémon,Stage 2,swsh7,187,2
ex1-60,Mudkip,Pokémon,Basic,ex1,116,21
sm10-52,Frogadier,Pokémon,Stage 1,sm10,290,29
xy4-48,Roggenrola,Pokémon,Basic,xy4,76,21
ex11-77,Meowth,Pokémon,Basic,ex11,255,21
xy4-105,Steel Shelter,Trainer,Stadium,xy4,232,29
dp5-62,Eevee,Pokémon,Basic,dp5,116,21
g1-5,Butterfree,Pokémon,Stage 2,g1,58,34
sm1-79,Alolan Persian,Pokémon,Stage 1,sm1,215,29
ex10-4,Feraligatr,Pokémon,Stage 2,ex10,117,34
bw11-88,Darkrai-EX,Pokémon,"Basic,EX",bw11,298,33
sv1-64,Magneton,Pokémon,Stage 1,sv1,251,21
xy12-65,M Pidgeot-EX,Pokémon,"MEGA,EX",xy12,76,33
swsh12tg-TG22,Blissey V,Pokémon,"Basic,V",swsh12tg,273,16
swsh2-189,Boss's Orders,Trainer,Supporter,swsh2,214,28
swsh8-129,Drakloak,Pokémon,"Stage 1,Fusion Strike",swsh8,12,29
base6-38,Dark Dragonair,Pokémon,Stage 1,base6,162,29
sv9-85,Lycanroc,Pokémon,Stage 1,sv9,251,2
swsh7-210,Dracozolt VMAX,Pokémon,VMAX,swsh7,76,20
sv3-80,Cleffa,Pokémon,Basic,sv3,346,21
swsh8-244,Fusion Strike Energy,Energy,"Fusion Strike,Special",swsh8,,29
ecard3-H19,Magneton,Pokémon,Stage 1,ecard3,112,34
sv10-181,TM Machine,Trainer,"Item,MEGA",sv10,296,29
ex7-99,Rocket's Mewtwo ex,Pokémon,"Basic,ex",ex7,108,33
sv8-186,Scramble Switch,Trainer,"Item,ACE SPEC",sv8,,19
sm75-15,Horsea,Pokémon,Basic,sm75,293,21
sm1-17,Shiinotic,Pokémon,Stage 1,sm1,71,34
xy6-80,Unfezant,Pokémon,Stage 2,xy6,90,29
sm115-63,Misty's Water Command,Trainer,Supporter,sm115,142,34
me2-91,Jumbo Ice Cream,Trainer,Item,me2,26,29
sv9-129,Komala,Pokémon,Basic,sv9,84,21
base4-74,Exeggcute,Pokémon,Basic,base4,108,21
base5-49,Abra,Pokémon,Basic,base5,125,21
swsh6-168,Galarian Rapidash V,Pokémon,"Basic,V",swsh6,254,28
pl3-82,Rotom,Pokémon,Basic,pl3,116,29
hgss1-108,Feraligatr,Pokémon,"Stage 2,Prime",hgss1,79,23
sv2-70,Luxio,Pokémon,Stage 1,sv2,304,29
me1-5,Exeggutor,Pokémon,Stage 1,me1,,29
swsh7-167,Leafeon V,Pokémon,"Basic,V",swsh7,273,28
sv9-38,Wingull,Pokémon,Basic,sv9,139,21
ecard1-79,Graveler,Pokémon,Stage 1,ecard1,308,29
xy5-98,Honedge,Pokémon,Basic,xy5,191,21
swsh2-205,Galarian Perrserker,Pokémon,Stage 1,swsh2,70,27
base6-81,Mankey,Pokémon,Basic,base6,125,21
sv8pt5-16,Pyroar,Pokémon,Stage 1,sv8pt5,,29
pl4-38,Grovyle,Pokémon,Stage 1,pl4,39,29
sv8pt5-101,Buddy-Buddy Poffin,Trainer,Item,sv8pt5,,29
gym1-110,Erika's Perfume,Trainer,,gym1,116,29
sm4-82,Staravia,Pokémon,Stage 1,sm4,73,29
ex9-7,Manectric,Pokémon,Stage 1,ex9,117,34
swsh35-28,Zygarde,Pokémon,Basic,swsh35,317,34
sv8pt5-128,Scoop Up Cyclone,Trainer,"Item,ACE SPEC",sv8pt5,,19
base6-70,Charmander,Pokémon,Basic,base6,108,21
sv3pt5-163,Leftovers,Trainer,Pokémon Tool,sv3pt5,296,29
sv4-262,Roaring Moon ex,Pokémon,"Basic,ex,Ancient",sv4,356,1
swshp-SWSH087,Eevee VMAX,Pokémon,VMAX,swshp,336,38
sv3pt5-121,Starmie,Pokémon,Stage 1,sv3pt5,327,2
xy6-18,Wingull,Pokémon,Basic,xy6,267,21
bp-7,Dark Venusaur,Pokémon,Stage 2,bp,257,38
ecard1-8,Cloyster,Pokémon,Stage 1,ecard1,271,34
bw5-107,Darkrai-EX,Pokémon,"Basic,EX",bw5,76,28
sv6-53,Froslass,Pokémon,Stage 1,sv6,168,2
base2-51,Eevee,Pokémon,Basic,base2,162,21
sm12-47,Snorunt,Pokémon,Basic,sm12,129,21
swsh9-104,Klinklang,Pokémon,Stage 2,swsh9,358,2
ex10-5,Flareon,Pokémon,Stage 1,ex10,284,34
swsh8-101,Vikavolt,Pokémon,Stage 2,swsh8,214,2
mcd21-2,Chikorita,Pokémon,Basic,mcd21,129,13
bw9-61,Onix,Pokémon,Basic,bw9,334,29
ex14-75,Crystal Beach,Trainer,Stadium,ex14,298,29
swsh8-11,Leavanny,Pokémon,Stage 2,swsh8,183,2
swsh4-7,Yanmega,Pokémon,Stage 1,swsh4,146,2
sv1-216,Sandile,Pokémon,Basic,sv1,208,7
sv7-38,Carracosta,Pokémon,Stage 2,sv7,,2
swshp-SWSH196,Glaceon V,Pokémon,"Basic,V",swshp,99,38
xy9-42,Electabuzz,Pokémon,Basic,xy9,317,21
smp-SM70,Shining Ho-Oh,Pokémon,Basic,smp,75,38
ecard1-107,Dratini,Pokémon,Basic,ecard1,162,21
sv6-26,Vulpix,Pokémon,Basic,sv6,129,21
swsh12-9,Petilil,Pokémon,Basic,swsh12,12,21
swsh8-268,Mew VMAX,Pokémon,"VMAX,Fusion Strike",swsh8,76,20
xy3-45,Machoke,Pokémon,Stage 1,xy3,108,29
swsh8-138,Onix,Pokémon,Basic,swsh8,105,21
ex3-14,Dragonair,Pokémon,Stage 1,ex3,308,2
xy4-87,Bunnelby,Pokémon,Basic,xy4,162,21
bw3-60,Chandelure,Pokémon,Stage 2,bw3,284,2
sm35-56,Shining Rayquaza,Pokémon,Basic,sm35,292,36
sv3-105,Larvitar,Pokémon,Basic,sv3,186,21
xy3-82,Vigoroth,Pokémon,Stage 1,xy3,38,29
neo4-69,Hitmonchan,Pokémon,Basic,neo4,257,21
ru1-3,Ninetales,Pokémon,Stage 1,ru1,20,13
bw1-92,Energy Retrieval,Trainer,Item,bw1,79,29
base4-110,Energy Retrieval,Trainer,,base4,307,29
me1-85,Crawdaunt,Pokémon,Stage 1,me1,,29
swsh3-200,Turbo Patch,Trainer,Item,swsh3,334,27
ecard1-4,Blastoise,Pokémon,Stage 2,ecard1,259,34
ex16-52,Lileep,Pokémon,Stage 1,ex16,163,21
svp-117,Froslass,Pokémon,Stage 1,svp,178,38
swsh12pt5-93,Bisharp,Pokémon,Stage 1,swsh12pt5,260,29
sv3pt5-160,Erika's Invitation,Trainer,Supporter,sv3pt5,47,29
ex16-104,Fire Energy,Energy,Basic,ex16,,34
bw2-70,Ferroseed,Pokémon,Basic,bw2,198,21
bw4-61,Elgyem,Pokémon,Basic,bw4,125,21
sv10-124,Team Rocket's Muk,Pokémon,Stage 1,sv10,146,29
swsh12pt5-111,Bidoof,Pokémon,Basic,swsh12pt5,284,21
swsh45sv-SV076,Koffing,Pokémon,Basic,swsh45sv,262,9
base2-55,Mankey,Pokémon,Basic,base2,162,21
me2-113,Mega Sharpedo ex,Pokémon,"Stage 1,MEGA,ex",me2,76,32
sm10-183,Power Plant,Trainer,Stadium,sm10,207,29
smp-SM85,Marshadow,Pokémon,Basic,smp,206,38
neo3-12,Porygon2,Pokémon,Stage 1,neo3,307,34
rsv10pt5-110,Swanna,Pokémon,Stage 1,rsv10pt5,96,7
sv6-120,Aron,Pokémon,Basic,sv6,3,21
swsh9-41,Manaphy,Pokémon,Basic,swsh9,12,2
swsh3-15,Steenee,Pokémon,Stage 1,swsh3,254,29
sv4-56,Iron Bundle,Pokémon,"Basic,Future",sv4,145,29
swsh9-129,Acerola's Premonition,Trainer,Supporter,swsh9,251,29
ex7-46,Rocket's Meowth,Pokémon,Basic,ex7,108,29
sm10-50,Kyurem,Pokémon,Basic,sm10,277,34
neo2-70,Weedle,Pokémon,Basic,neo2,189,21
sm11-182,Oranguru,Pokémon,Basic,sm11,292,29
xy8-35,M Glalie-EX,Pokémon,"MEGA,EX",xy8,76,33
pl2-8,Lucario GL,Pokémon,"Basic,SP",pl2,162,34
mcd21-20,Piplup,Pokémon,Basic,mcd21,322,13
xy5-83,Solrock,Pokémon,Basic,xy5,198,21
sv3pt5-38,Ninetales ex,Pokémon,"Stage 1,ex",sv3pt5,73,14
ex9-30,Grumpig,Pokémon,Stage 1,ex9,191,29
sv3pt5-12,Butterfree,Pokémon,Stage 2,sv3pt5,98,29
pl2-103,Alakazam E4 LV.X,Pokémon,"Level-Up,SP",pl2,232,3
swsh12pt5gg-GG70,Arceus VSTAR,Pokémon,VSTAR,swsh12pt5gg,305,27
rsv10pt5-17,Lampent,Pokémon,Stage 1,rsv10pt5,103,21
sv8-37,Scovillain ex,Pokémon,"Stage 1,ex",sv8,,14
hgss3-14,Hariyama,Pokémon,Stage 1,hgss3,17,2
sv4-170,Professor Sada's Vitality,Trainer,"Supporter,Ancient",sv4,184,29
ex11-75,Makuhita,Pokémon,Basic,ex11,34,21
sv8pt5-121,Professor Turo's Scenario,Trainer,"Supporter,Future",sv8pt5,,29
sv1-197,Vitality Band,Trainer,Pokémon Tool,sv1,296,29
rsv10pt5-159,Keldeo ex,Pokémon,"Basic,ex",rsv10pt5,275,32
swsh35-51,Full Heal,Trainer,Item,swsh35,355,29
base3-8,Hypno,Pokémon,Stage 1,base3,116,34
bw7-41,Samurott,Pokémon,Stage 2,bw7,167,34
bw11-62,Croagunk,Pokémon,Basic,bw11,351,21
ex3-7,Minun,Pokémon,Basic,ex3,191,34
bwp-BW66,Ninetales,Pokémon,Stage 1,bwp,299,38
swsh7-92,Lycanroc VMAX,Pokémon,VMAX,swsh7,108,25
sma-SV36,Diancie,Pokémon,Basic,sma,340,9
swsh12pt5-158,Darkness Energy,Energy,Basic,swsh12pt5,,28
ex9-68,Taillow,Pokémon,Basic,ex9,284,21
sm7-39,Wailmer,Pokémon,Basic,sm7,162,21
base5-16,Rocket's Sneak Attack,Trainer,,base5,116,34
dp6-53,Drifblim,Pokémon,Stage 1,dp6,116,29
pl3-63,Lopunny,Pokémon,Stage 1,pl3,194,29
sv7-173,Terapagos ex,Pokémon,"Basic,Tera,ex",sv7,,1
gym1-89,Misty's Shellder,Pokémon,Basic,gym1,116,21
sv5-1,Scyther,Pokémon,Basic,sv5,31,21
xy7-44,Sableye,Pokémon,Basic,xy7,75,29
sv7-73,Marowak,Pokémon,Stage 1,sv7,,29
pgo-11,Radiant Charizard,Pokémon,"Basic,Radiant",pgo,90,22
xy2-46,Graveler,Pokémon,Stage 1,xy2,284,29
me1-63,Grumpig,Pokémon,Stage 1,me1,,29
sv8-136,Palkia,Pokémon,Basic,sv8,,2
bw8-125,Team Plasma Grunt,Trainer,"Supporter,Team Plasma",bw8,171,29
sv10-201,Zamazenta,Pokémon,Basic,sv10,279,7
swsh11tg-TG18,Enamorus V,Pokémon,"Basic,V",swsh11tg,305,16
ex15-59,Pupitar δ,Pokémon,Stage 1,ex15,112,21
sv8-43,Spheal,Pokémon,Basic,sv8,,21
xy10-11,Fennekin,Pokémon,Basic,xy10,215,21
base6-44,Graveler,Pokémon,Stage 1,base6,162,29
neo3-9,Jumpluff,Pokémon,Stage 2,neo3,162,34
pl1-43,Carnivine,Pokémon,Basic,pl1,108,29
bw5-78,Pawniard,Pokémon,Basic,bw5,292,21
swsh8-143,Hariyama,Pokémon,"Stage 1,Single Strike",swsh8,75,29
bw1-77,Patrat,Pokémon,Basic,bw1,162,21
pgo-27,Pikachu,Pokémon,Basic,pgo,275,21
dp6-124,Taillow,Pokémon,Basic,dp6,331,21
g1-2,M Venusaur-EX,Pokémon,"MEGA,EX",g1,76,33
sv4pt5-84,Nest Ball,Trainer,Item,sv4pt5,334,29
gym1-105,Blaine's Last Resort,Trainer,,gym1,116,29
sm9-14,Charizard,Pokémon,Stage 2,sm9,117,2
dp4-32,Wigglytuff,Pokémon,Stage 1,dp4,162,2
sm11-62,Galvantula,Pokémon,Stage 1,sm11,262,2
sv1-79,Kilowattrel,Pokémon,Stage 1,sv1,112,29
sm2-155,Tapu Lele-GX,Pokémon,"Basic,GX",sm2,76,20
sv7-132,Briar,Trainer,Supporter,sv7,,29
bw8-28,Mamoswine,Pokémon,Stage 2,bw8,167,2
sv8pt5-45,Fezandipiti,Pokémon,Basic,sv8pt5,,2
gym2-7,Giovanni's Nidoking,Pokémon,Stage 2,gym2,116,34
rsv10pt5-166,Reshiram ex,Pokémon,"Basic,ex",rsv10pt5,73,5
ex14-97,Shiftry ex,Pokémon,"Stage 2,ex",ex14,232,33
bw1-8,Simisage,Pokémon,Stage 1,bw1,117,29
swsh5-55,Spoink,Pokémon,Basic,swsh5,73,21
swsh12pt5-151,Volo,Trainer,Supporter,swsh12pt5,224,28
sv1-77,Wattrel,Pokémon,Basic,sv1,332,21
sm2-65,Machamp,Pokémon,Stage 2,sm2,75,34
sm11-106,Aerodactyl-GX,Pokémon,"Stage 1,GX",sm11,72,10
dp2-64,Tropius,Pokémon,Basic,dp2,205,29
sv1-93,Florges,Pokémon,Stage 2,sv1,287,29
sm3-51,Duskull,Pokémon,Basic,sm3,198,21
sv1-125,Koraidon ex,Pokémon,"Basic,ex",sv1,207,14
swsh35-43,Trubbish,Pokémon,Basic,swsh35,214,21
ex5-41,Machoke,Pokémon,Stage 1,ex5,163,29
swsh6-171,Shadow Rider Calyrex V,Pokémon,"Basic,V",swsh6,76,28
sv8-17,Ninetales,Pokémon,Stage 1,sv8,,29
swsh9-59,Claydol,Pokémon,Stage 1,swsh9,326,29
ex7-67,Mareep,Pokémon,Basic,ex7,284,21
pl2-46,Machamp GL,Pokémon,"Basic,SP",pl2,162,29
xy12-22,M Blastoise-EX,Pokémon,"MEGA,EX",xy12,76,33
neo2-49,Unown [M],Pokémon,Basic,neo2,111,29
sv8-106,Flygon ex,Pokémon,"Stage 2,Tera,ex",sv8,,14
sv4-149,Loudred,Pokémon,Stage 1,sv4,293,21
bw3-64,Conkeldurr,Pokémon,Stage 2,bw3,73,34
hgss2-1,Jirachi,Pokémon,Basic,hgss2,374,34
swsh10-98,Darkrai V,Pokémon,"Basic,V",swsh10,356,16
neo2-56,Kabuto,Pokémon,Stage 1,neo2,43,21
xy0-22,Snubbull,Pokémon,Basic,xy0,292,13
pl4-AR1,Arceus,Pokémon,Basic,pl4,73,2
base6-109,Mysterious Fossil,Trainer,,base6,307,21
sv7-37,Tirtouga,Pokémon,Stage 1,sv7,,21
dp5-75,Starly,Pokémon,Basic,dp5,79,21
ex3-21,Skarmory,Pokémon,Basic,ex3,294,2
xy4-24,M Manectric-EX,Pokémon,"MEGA,EX",xy4,76,33
sv6-158,Lucky Helmet,Trainer,Pokémon Tool,sv6,296,29
sm6-33,Araquanid,Pokémon,Stage 1,sm6,183,29
sv3-140,Salazzle,Pokémon,Stage 1,sv3,90,29
swsh10-152,Supereffective Glasses,Trainer,"Item,Pokémon Tool",swsh10,232,29
ex15-51,Larvitar,Pokémon,Basic,ex15,293,21
ex3-6,Grumpig,Pokémon,Stage 1,ex3,198,34
swsh3-41,Panpour,Pokémon,Basic,swsh3,242,21
bw9-44,Nidorino,Pokémon,Stage 1,bw9,90,29
sm7-17,Volbeat,Pokémon,Basic,sm7,332,29
base4-114,Pokémon Center,Trainer,,base4,307,29
smp-SM95,Lucario,Pokémon,Stage 1,smp,108,38
xy5-47,Sealeo,Pokémon,Stage 1,xy5,117,29
mcd12-3,Dwebble,Pokémon,Basic,mcd12,267,13
ex3-44,Snorunt,Pokémon,Basic,ex3,125,29
dp4-60,Baltoy,Pokémon,Basic,dp4,125,21
sv6pt5-29,Crobat,Pokémon,Stage 2,sv6pt5,,29
sv5-116,Meltan,Pokémon,Basic,sv5,311,21
sm6-145,Mysterious Treasure,Trainer,Item,sm6,297,27
sm5-70,Passimian,Pokémon,Basic,sm5,73,21
ex2-61,Duskull,Pokémon,Basic,ex2,198,21
sv8-46,Shellos,Pokémon,Basic,sv8,,21
sm6-117,Beast Energy ◇,Energy,"Special,Prism Star",sm6,,18
sv5-189,Walking Wake ex,Pokémon,"Basic,ex,Ancient",sv5,356,32
bw5-31,Tympole,Pokémon,Basic,bw5,112,21
xy9-66,Trevenant BREAK,Pokémon,BREAK,xy9,76,15
sv5-5,Shiftry,Pokémon,Stage 2,sv5,224,29
xyp-XY76,Zekrom,Pokémon,Basic,xyp,292,38
sm9-66,Mr. Mime,Pokémon,Basic,sm9,191,2
neo4-61,Cyndaquil,Pokémon,Basic,neo4,293,21
sv3pt5-87,Dewgong,Pokémon,Stage 1,sv3pt5,8,29
smp-SM89,Zoroark,Pokémon,Stage 1,smp,6,38
dp5-95,Metal Energy,Energy,Special,dp5,50,29
col1-69,Relicanth,Pokémon,Basic,col1,374,21
ex2-13,Solrock,Pokémon,Basic,ex2,163,34
sv6pt5-47,Kyurem,Pokémon,Basic,sv6pt5,,29
swsh9-161,Honchkrow V,Pokémon,"Basic,V",swsh9,336,28
smp-SM188,Kangaskhan-GX,Pokémon,"Basic,GX",smp,207,38
sv3-112,Stunfisk,Pokémon,Basic,sv3,125,29
sv8-229,Clemont's Quick Wit,Trainer,Supporter,sv8,,32
dp7-41,Machoke,Pokémon,Stage 1,dp7,34,29
sv8-10,Dhelmise,Pokémon,Basic,sv8,,21
swsh10-1,Beedrill V,Pokémon,"Basic,V",swsh10,281,16
ecard3-18,Magcargo,Pokémon,Stage 1,ecard3,108,2
smp-SM218,Buzzwole,Pokémon,"Basic,Ultra Beast",smp,112,38
dp7-91,Premier Ball,Trainer,Item,dp7,232,29
gym2-70,Erika's Oddish,Pokémon,Basic,gym2,116,21
swsh5-30,Centiskorch,Pokémon,Stage 1,swsh5,224,2
swsh3-92,Solrock,Pokémon,Basic,swsh3,189,29
ex16-70,Wynaut,Pokémon,Basic,ex16,116,21
swshp-SWSH088,Cherrim,Pokémon,Stage 1,swshp,98,38
sv10-231,Team Rocket's Mewtwo ex,Pokémon,"Basic,ex",sv10,158,5
swshp-SWSH040,Hatenna,Pokémon,Basic,swshp,6,38
swsh4-126,Aegislash V,Pokémon,"Basic,V",swsh4,207,16
swsh12pt5-149,Friends in Sinnoh,Trainer,Supporter,swsh12pt5,37,28
swsh3-104,Crobat V,Pokémon,"Basic,V",swsh3,336,16
xy11-54,Nosepass,Pokémon,Basic,xy11,273,21
rsv10pt5-69,Ferrothorn,Pokémon,Stage 1,rsv10pt5,264,29
ecard2-62,Spinarak,Pokémon,Basic,ecard2,30,29
sm2-16,Salazzle,Pokémon,Stage 1,sm2,108,2
xyp-XY69,Rayquaza-EX,Pokémon,"Basic,EX",xyp,76,38
sm10-77,Misdreavus,Pokémon,Basic,sm10,189,21
swsh3-154,Rookidee,Pokémon,Basic,swsh3,75,21
dp2-19,Abomasnow,Pokémon,Stage 1,dp2,205,2
sm75-5,Combusken,Pokémon,Stage 1,sm75,116,29
cel25-16,Zacian V,Pokémon,"Basic,V",cel25,108,16
bw9-85,Latias-EX,Pokémon,"Basic,EX",bw9,232,33
neo2-61,Pineco,Pokémon,Basic,neo2,17,21
swsh45sv-SV050,Galarian Cursola,Pokémon,Stage 1,swsh45sv,317,9
sv1-209,Pawmot,Pokémon,Stage 2,sv1,112,7
base5-70,Zubat,Pokémon,Basic,base5,108,21
sv6-119,Skarmory,Pokémon,Basic,sv6,56,21
ecard3-67,Igglybuff,Pokémon,Baby,ecard3,5,21
xy12-18,Arcanine,Pokémon,Stage 1,xy12,116,2
bw11-RC12,Stunfisk,Pokémon,Basic,bw11,340,29
base4-38,Dratini,Pokémon,Basic,base4,116,29
sv3-195,Team Star Grunt,Trainer,Supporter,sv3,214,29
swsh12-170,Serperior V,Pokémon,"Basic,V",swsh12,281,28
swsh10-20,Dartrix,Pokémon,Stage 1,swsh10,131,29
sv5-155,Morty's Conviction,Trainer,Supporter,sv5,94,29
base4-84,Onix,Pokémon,Basic,base4,116,21
sv4pt5-203,Wingull,Pokémon,Basic,sv4pt5,346,31
sv4pt5-220,Noivern ex,Pokémon,"Stage 1,ex",sv4pt5,297,8
neo4-81,Seel,Pokémon,Basic,neo4,30,21
hgss2-29,Dunsparce,Pokémon,Basic,hgss2,202,29
sv7-74,Rhyhorn,Pokémon,Basic,sv7,,21
swsh45-25,Volcanion,Pokémon,Basic,swsh45,214,2
me1-21,Numel,Pokémon,Basic,me1,,21
sv9-95,Tyranitar,Pokémon,Stage 2,sv9,305,2
xy9-83,Togekiss-EX,Pokémon,"Basic,EX",xy9,297,33
bw3-38,Tynamo,Pokémon,Basic,bw3,254,21
sv10-125,Team Rocket's Koffing,Pokémon,Basic,sv10,183,21
sv8-45,Walrein,Pokémon,Stage 2,sv8,,29
swsh6-62,Shuppet,Pokémon,"Basic,Single Strike",swsh6,140,21
dp7-94,Cyclone Energy,Energy,Special,dp7,50,29
bw1-74,Klink,Pokémon,Basic,bw1,117,21
sm1-88,Skarmory,Pokémon,Basic,sm1,277,21
bw4-29,Simipour,Pokémon,Stage 1,bw4,340,2
swsh5-124,Energy Recycler,Trainer,Item,swsh5,334,29
sv1-4,Breloom,Pokémon,Stage 1,sv1,66,29
ex3-43,Shuppet,Pokémon,Basic,ex3,308,29
sv8-49,Bruxish,Pokémon,Basic,sv8,,29
ecard3-H24,Poliwrath,Pokémon,Stage 2,ecard3,284,34
ex7-93,Venture Bomb,Trainer,Rocket's Secret Machine,ex7,92,29
sv6-161,Raifort,Trainer,Supporter,sv6,357,29
sm3-78,Mudsdale,Pokémon,Stage 1,sm3,142,2
swsh35-29,Rockruff,Pokémon,Basic,swsh35,284,21
neo1-63,Ledyba,Pokémon,Basic,neo1,125,21
xyp-XY186,Magearna,Pokémon,Basic,xyp,351,38
sm5-125,Lillie,Trainer,Supporter,sm5,351,29
sm7-41,Clamperl,Pokémon,Basic,sm7,254,21
sv2-115,Toxicroak,Pokémon,Stage 1,sv2,128,29
sv3-110,Bonsly,Pokémon,Basic,sv3,71,21
neo4-55,Scyther,Pokémon,Basic,neo4,257,29
swsh8-253,Hoopa V,Pokémon,"Basic,V,Fusion Strike",swsh8,356,28
xy3-64,Hawlucha-EX,Pokémon,"Basic,EX",xy3,76,33
xy3-109,Battle Reporter,Trainer,Supporter,xy3,317,28
xy8-72,Swoobat,Pokémon,Stage 1,xy8,254,29
hgss4-63,Gastly,Pokémon,Basic,hgss4,202,21
sv10-121,Team Rocket's Golbat,Pokémon,Stage 1,sv10,305,29
swsh5-27,Salandit,Pokémon,Basic,swsh5,43,21
bw11-41,Palpitoad,Pokémon,Stage 1,bw11,34,29
sma-SV42,Swablu,Pokémon,Basic,sma,90,9
sv3-156,Revavroom ex,Pokémon,"Stage 1,ex",sv3,356,14
zsv10pt5-79,Air Balloon,Trainer,Pokémon Tool,zsv10pt5,296,29
swsh45-55,Cramorant VMAX,Pokémon,VMAX,swsh45,70,25
rsv10pt5-161,Hydreigon ex,Pokémon,"Stage 2,ex",rsv10pt5,76,32
mcd21-9,Charmander,Pokémon,Basic,mcd21,162,13
swsh5-31,Horsea,Pokémon,Basic,swsh5,277,21
sm10-107,Greninja & Zoroark-GX,Pokémon,"Basic,TAG TEAM,GX",sm10,108,10
swsh45sv-SV088,Galarian Stunfisk,Pokémon,Basic,swsh45sv,223,9
sm12-158,Naganadel & Guzzlord-GX,Pokémon,"Basic,TAG TEAM,GX,Ultra Beast",sm12,108,10
bw7-1,Oddish,Pokémon,Basic,bw7,194,21
ecard3-27,Raichu,Pokémon,Stage 1,ecard3,43,2
sv7-110,Orthworm ex,Pokémon,"Basic,ex",sv7,,14
bw6-118,Blend Energy WaterLightningFightingMetal,Energy,Special,bw6,76,29
sv3pt5-108,Lickitung,Pokémon,Basic,sv3pt5,332,21
bw2-57,Excadrill,Pokémon,Stage 1,bw2,317,2
swsh2-17,Rillaboom V,Pokémon,"Basic,V",swsh2,76,16
base5-61,Mankey,Pokémon,Basic,base5,125,21
xy10-27,Koffing,Pokémon,Basic,xy10,254,21
ex2-17,Golduck,Pokémon,Stage 1,ex2,163,2
zsv10pt5-35,Munna,Pokémon,Basic,zsv10pt5,181,21
swsh4-26,Flareon,Pokémon,Stage 1,swsh4,377,2
sm6-89,Klefki,Pokémon,Basic,sm6,143,29
xy11-79,M Gardevoir-EX,Pokémon,"MEGA,EX",xy11,76,33
dpp-DP52,Darkrai,Pokémon,Basic,dpp,374,38
sma-SV55,Glaceon-GX,Pokémon,"Stage 1,GX",sma,76,35
me1-95,Dialga,Pokémon,Basic,me1,,2
sv4-33,Remoraid,Pokémon,Basic,sv4,198,21
xy8-23,Pansear,Pokémon,Basic,xy8,254,21
rsv10pt5-149,Ferrothorn,Pokémon,Stage 1,rsv10pt5,234,7
neo4-91,Vulpix,Pokémon,Basic,neo4,30,21
ecard1-73,Charmeleon,Pokémon,Stage 1,ecard1,17,29
xyp-XY14,Trevenant,Pokémon,Stage 1,xyp,112,38
bw2-82,Unfezant,Pokémon,Stage 2,bw2,73,2
me2-31,Boltund,Pokémon,Stage 1,me2,197,21
bw11-46,Zapdos,Pokémon,Basic,bw11,112,34
swsh3-172,Turbo Patch,Trainer,Item,swsh3,334,29
gym1-129,Grass Energy,Energy,Basic,gym1,307,13
swsh6-66,Golurk,Pokémon,Stage 1,swsh6,151,2
sv4pt5-71,Lechonk,Pokémon,Basic,sv4pt5,40,21
sv1-27,Capsakid,Pokémon,Basic,sv1,112,21
swshp-SWSH253,Origin Forme Palkia V,Pokémon,"Basic,V",swshp,207,38
ex14-73,Celio's Network,Trainer,Supporter,ex14,116,29
me1-17,Ninjask,Pokémon,Stage 1,me1,,29
swsh8-128,Dreepy,Pokémon,"Basic,Fusion Strike",swsh8,151,21
sv6-100,Hisuian Arcanine,Pokémon,Stage 1,sv6,61,2
dpp-DP13,Buizel,Pokémon,Basic,dpp,108,38
sv9-125,Minccino,Pokémon,Basic,sv9,145,21
swsh7-30,Vaporeon VMAX,Pokémon,"VMAX,Rapid Strike",swsh7,76,25
ecard3-125,Fisherman,Trainer,Supporter,ecard3,162,29
sv3pt5-1,Bulbasaur,Pokémon,Basic,sv3pt5,55,21
hgss4-67,Machop,Pokémon,Basic,hgss4,317,21
gym1-100,Erika,Trainer,,gym1,116,2
sv9-119,Furret,Pokémon,Stage 1,sv9,101,21
xy11-98,Armor Fossil Shieldon,Trainer,Item,xy11,334,29
hgss2-76,Good Rod,Trainer,Item,hgss2,374,29
svp-49,Zapdos ex,Pokémon,"Basic,ex",svp,356,38
xyp-XY75,Palkia,Pokémon,Basic,xyp,292,38
svp-158,Pachirisu,Pokémon,Basic,svp,,38
ex13-57,Anorith δ,Pokémon,Stage 1,ex13,163,21
swsh10-63,Drifloon,Pokémon,Basic,swsh10,304,21
xy2-92,Pal Pad,Trainer,Item,xy2,216,29
swsh5-20,Entei,Pokémon,Basic,swsh5,183,34
sm4-118,Alolan Exeggutor-GX,Pokémon,"Stage 1,GX",sm4,76,20
pl1-SH6,Vulpix,Pokémon,Basic,pl1,108,2
sm9-68,Jynx,Pokémon,Basic,sm9,12,29
xy2-57,Krokorok,Pokémon,Stage 1,xy2,292,29
bw3-21,Volcarona,Pokémon,Stage 1,bw3,108,2
sv4-207,Brute Bonnet,Pokémon,"Basic,Ancient",sv4,17,7
sv4-77,Pumpkaboo,Pokémon,Basic,sv4,47,21
xy12-45,Nidoking,Pokémon,Stage 2,xy12,116,34
sv1-226,Magnezone ex,Pokémon,"Stage 2,ex",sv1,70,32
xy5-127,Escape Rope,Trainer,Item,xy5,334,29
gym1-11,Rocket's Hitmonchan,Pokémon,Basic,gym1,116,34
pl1-69,Chansey,Pokémon,Basic,pl1,112,21
sm8-118,Alolan Meowth,Pokémon,Basic,sm8,340,21
dp3-26,Electrode,Pokémon,Stage 1,dp3,116,2
xy10-50,Carbink,Pokémon,Basic,xy10,73,21
swsh10-82,Hisuian Decidueye,Pokémon,Stage 2,swsh10,112,34
swsh7-170,Volcarona V,Pokémon,"Basic,V",swsh7,297,28
swsh10-127,Glameow,Pokémon,Basic,swsh10,284,21
swshp-SWSH098,Crobat V,Pokémon,"Basic,V",swshp,336,38
bwp-BW32,Victini,Pokémon,Basic,bwp,76,38
sv7-28,Cinderace ex,Pokémon,"Stage 2,Tera,ex",sv7,,14
ecard1-160,Fighting Energy,Energy,Basic,ecard1,,13
smp-SM20,Mudsdale,Pokémon,Stage 1,smp,108,38
rsv10pt5-142,Zorua,Pokémon,Basic,rsv10pt5,292,7
sv1-241,Professor's Research (Professor Turo),Trainer,Supporter,sv1,215,32
swsh8-133,Mankey,Pokémon,Basic,swsh8,129,21
sm75-38,Vibrava,Pokémon,Stage 1,sm75,116,21
sv6-204,Carmine,Trainer,Supporter,sv6,91,32
mcd21-18,Totodile,Pokémon,Basic,mcd21,162,13
bw8-78,Lucario,Pokémon,Stage 1,bw8,290,34
zsv10pt5-116,Munna,Pokémon,Basic,zsv10pt5,58,7
sm75-54,Kommo-o,Pokémon,Stage 2,sm75,62,34
sv9-155,Professor's Research,Trainer,Supporter,sv9,256,21
swsh12pt5-49,Helioptile,Pokémon,Basic,swsh12pt5,145,21
xy11-86,Hydreigon,Pokémon,Stage 2,xy11,37,34
dp3-118,Wooper,Pokémon,Basic,dp3,117,21
g1-79,Psychic Energy,Energy,Basic,g1,,21
swsh3-88,Tyranitar,Pokémon,Stage 2,swsh3,214,34
ecard3-33,Vaporeon,Pokémon,Stage 1,ecard3,284,2
ex11-2,Crobat δ,Pokémon,Stage 2,ex11,232,34
ex7-94,Dark Metal Energy,Energy,Special,ex7,50,29
sm35-66,Super Scoop Up,Trainer,Item,sm35,334,29
swsh10-193,Hisuian Typhlosion VSTAR,Pokémon,VSTAR,swsh10,76,20
pl1-50,Houndoom G,Pokémon,"Basic,SP",pl1,79,29
bw9-37,Pachirisu,Pokémon,Basic,bw9,340,21
sm75-44,Salamence-GX,Pokémon,"Stage 2,GX",sm75,76,10
swsh4-67,Shuppet,Pokémon,Basic,swsh4,189,21
sm115-27,Arbok,Pokémon,Stage 1,sm115,215,2
sv2-85,Slowpoke,Pokémon,Basic,sv2,129,21
sv4pt5-189,Shroodle,Pokémon,Basic,sv4pt5,143,31
sv3-69,Eelektross,Pokémon,Stage 2,sv3,117,29
sm8-80,Pachirisu,Pokémon,Basic,sm8,43,21
swsh5-136,Tool Jammer,Trainer,Pokémon Tool,swsh5,100,29
neo4-56,Togepi,Pokémon,Basic,neo4,43,29
svp-12,Dondozo,Pokémon,Basic,svp,317,38
xyp-XY66,Rayquaza-EX,Pokémon,"Basic,EX",xyp,76,38
smp-SM201,Reshiram & Charizard-GX,Pokémon,"Basic,TAG TEAM,GX",smp,196,38
sv4pt5-62,Maschiff,Pokémon,Basic,sv4pt5,260,21
ecard1-60,Poliwrath,Pokémon,Stage 2,ecard1,43,2
bw9-5,Exeggutor,Pokémon,Stage 1,bw9,167,2
swsh45-59,Gym Trainer,Trainer,Supporter,swsh45,66,29
swsh8-55,Totodile,Pokémon,Basic,swsh8,71,21
xy11-7,Yanmega,Pokémon,Stage 1,xy11,198,2
swsh6-12,Sawsbuck,Pokémon,Stage 1,swsh6,333,2
swsh12-177,Unown V,Pokémon,"Basic,V",swsh12,286,28
swsh9-175,Whimsicott VSTAR,Pokémon,VSTAR,swsh9,76,20
base4-100,Weedle,Pokémon,Basic,base4,108,21
gym2-45,Giovanni's Nidorino,Pokémon,Stage 1,gym2,116,29
sv8-1,Exeggcute,Pokémon,Basic,sv8,,21
sv4-29,Chi-Yu,Pokémon,Basic,sv4,145,2
pl3-9,Regigigas FB,Pokémon,"Basic,SP",pl3,317,34
ex7-5,Dark Houndoom,Pokémon,Stage 1,ex7,108,34
sma-SV13,Voltorb,Pokémon,Basic,sma,317,9
bw11-RC18,Minccino,Pokémon,Basic,bw11,254,21
sm11-57,Alolan Raichu,Pokémon,Stage 1,sm11,112,34
xy9-73,Shiftry,Pokémon,Stage 2,xy9,142,2
swsh8-234,Farewell Bell,Trainer,"Item,Pokémon Tool",swsh8,26,29
sm8-97,Giratina,Pokémon,Basic,sm8,264,34
me1-60,Mega Gardevoir ex,Pokémon,"Stage 2,MEGA,ex",me1,,14
ex10-109,Steelix ex,Pokémon,"Stage 1,ex",ex10,232,33
base5-53,Dratini,Pokémon,Basic,base5,162,21
base1-85,Pokémon Center,Trainer,,base1,307,29
sv2-98,Ceruledge,Pokémon,Stage 1,sv2,196,2
sv1-126,Grimer,Pokémon,Basic,sv1,112,21
sv4-238,Parasol Lady,Trainer,Supporter,sv4,365,32
sv3-134,Houndoom ex,Pokémon,"Stage 1,ex",sv3,70,14
sv10-97,Nosepass,Pokémon,Basic,sv10,192,21
pl2-53,Vibrava,Pokémon,Stage 1,pl2,271,29
ex6-42,Onix,Pokémon,Basic,ex6,112,29
bwp-BW86,Genesect,Pokémon,"Basic,Team Plasma",bwp,76,38
bw7-13,Serperior,Pokémon,Stage 2,bw7,71,34
swsh45sv-SV006,Rillaboom,Pokémon,Stage 2,swsh45sv,66,9
sv4pt5-9,Magmar,Pokémon,Basic,sv4pt5,58,21
ex4-24,Team Aqua's Cacnea,Pokémon,Basic,ex4,319,29
ex9-73,Whismur,Pokémon,Basic,ex9,163,21
sv4pt5-47,Annihilape,Pokémon,Stage 2,sv4pt5,277,2
sv4pt5-136,Luxio,Pokémon,Stage 1,sv4pt5,224,31
swsh12-163,Quad Stone,Trainer,Item,swsh12,60,29
mcd21-10,Cyndaquil,Pokémon,Basic,mcd21,215,13
sv4pt5-134,Electrode,Pokémon,Stage 1,sv4pt5,117,31
rsv10pt5-129,Gigalith,Pokémon,Stage 2,rsv10pt5,56,7
swsh4-189,Coalossal VMAX,Pokémon,VMAX,swsh4,76,20
swsh12pt5-141,Rare Candy,Trainer,Item,swsh12pt5,355,29
xy9-2,Bayleef,Pokémon,Stage 1,xy9,71,29
sv6-8,Heracross,Pokémon,Basic,sv6,286,29
basep-13,Venusaur,Pokémon,Stage 2,basep,116,38
xy3-26,Aurorus,Pokémon,Stage 1,xy3,76,2
sv3-93,Solrock,Pokémon,Basic,sv3,63,29
bw10-64,Salamence,Pokémon,Stage 2,bw10,292,34
neo4-70,Larvitar,Pokémon,Basic,neo4,116,21
sv3-40,Larvesta,Pokémon,Basic,sv3,43,21
rsv10pt5-27,Vanillite,Pokémon,Basic,rsv10pt5,329,21
base3-27,Moltres,Pokémon,Basic,base3,108,2
sv3pt5-5,Charmeleon,Pokémon,Stage 1,sv3pt5,94,29
swsh3-189,Rose,Trainer,Supporter,swsh3,292,28
swsh5-132,Rapid Strike Style Mustard,Trainer,"Supporter,Rapid Strike",swsh5,292,29
bw7-63,Dusknoir,Pokémon,Stage 2,bw7,73,34
ex1-44,Skitty,Pokémon,Basic,ex1,198,29
swsh12-72,Meditite,Pokémon,Basic,swsh12,211,21
swsh12-37,Wailmer,Pokémon,Basic,swsh12,211,21
pl1-19,Banette,Pokémon,Stage 1,pl1,17,2
gym1-23,Brock's Sandslash,Pokémon,Stage 1,gym1,116,2
swsh7-176,Arctovish V,Pokémon,"Basic,V",swsh7,297,28
ex7-11,Jumpluff,Pokémon,Stage 2,ex7,271,34
swsh9-155,Lumineon V,Pokémon,"Basic,V",swsh9,356,28
sm10-193,Venomoth-GX,Pokémon,"Stage 1,GX",sm10,76,28
neo1-87,Mary,Trainer,,neo1,116,2
me1-69,Sandslash,Pokémon,Stage 1,me1,,21
bw2-53,Gigalith,Pokémon,Stage 2,bw2,292,2
sv6pt5-99,Basic Metal Energy,Energy,Basic,sv6pt5,,1
xy1-26,Delphox,Pokémon,Stage 2,xy1,76,34
sv8pt5-42,Scream Tail,Pokémon,"Basic,Ancient",sv8pt5,,29
bw2-79,Watchog,Pokémon,Stage 1,bw2,267,29
col1-91,Lightning Energy,Energy,Basic,col1,,21
swsh9tg-TG27,Rapid Strike Style Mustard,Trainer,"Rapid Strike,Supporter",swsh9tg,88,28
sv10-36,Ethan's Magcargo,Pokémon,Stage 1,sv10,183,2
ex13-2,Cradily δ,Pokémon,Stage 2,ex13,112,34
bw2-90,Bianca,Trainer,Supporter,bw2,171,29
bw6-96,Zweilous,Pokémon,Stage 1,bw6,112,29
rsv10pt5-36,Woobat,Pokémon,Basic,rsv10pt5,10,21
xy5-22,Slugma,Pokémon,Basic,xy5,189,21
swsh45sv-SV018,Sizzlipede,Pokémon,Basic,swsh45sv,90,9
sv2-88,Mismagius,Pokémon,Stage 1,sv2,233,29
sv4-182,Medical Energy,Energy,Special,sv4,,29
bw6-42,Electrike,Pokémon,Basic,bw6,117,21
swsh7-127,Ursaring,Pokémon,Stage 1,swsh7,68,29
sm1-112,Bewear,Pokémon,Stage 1,sm1,215,2
ex7-83,Copycat,Trainer,Supporter,ex7,116,29
sm75-49,Zygarde,Pokémon,Basic,sm75,6,29
xy9-75,Pangoro,Pokémon,Stage 1,xy9,292,2
xy8-38,Empoleon,Pokémon,Stage 2,xy8,290,34
hgss4-15,Bronzong,Pokémon,Stage 1,hgss4,43,2
sv6pt5-9,Iron Moth,Pokémon,"Basic,Future",sv6pt5,,29
sv4-198,Gimmighoul,Pokémon,Basic,sv4,340,7
ex10-15,Sudowoodo,Pokémon,Basic,ex10,17,34
swsh12pt5-155,Lightning Energy,Energy,Basic,swsh12pt5,,28
rsv10pt5-28,Vanillish,Pokémon,Stage 1,rsv10pt5,329,21
svp-55,Kangaskhan ex,Pokémon,"Basic,ex",svp,275,38
ecard2-93,Mareep,Pokémon,Basic,ecard2,89,21
sv4pt5-102,Smoliv,Pokémon,Basic,sv4pt5,143,31
sv10-148,Team Rocket's Raticate,Pokémon,Stage 1,sv10,9,21
gym2-95,Sabrina's Drowzee,Pokémon,Basic,gym2,116,21
base3-5,Gengar,Pokémon,Stage 2,base3,307,34
bw3-41,Eelektross,Pokémon,Stage 2,bw3,117,34
sm5-82,Magneton,Pokémon,Stage 1,sm5,215,29
sm1-16,Morelull,Pokémon,Basic,sm1,332,21
hgss1-12,Slowking,Pokémon,Stage 1,hgss1,125,34
ecard2-51,Growlithe,Pokémon,Basic,ecard2,271,29
sv3-201,Bellibolt,Pokémon,Stage 1,sv3,105,7
ex10-81,Energy Recycle System,Trainer,Item,ex10,174,29
sv4-250,Sandy Shocks ex,Pokémon,"Basic,ex,Ancient",sv4,286,5
ecard2-30,Quagsire,Pokémon,Stage 1,ecard2,108,2
ex5-50,Swalot,Pokémon,Stage 1,ex5,43,29
swsh9-32,Corphish,Pokémon,Basic,swsh9,333,21
pop5-16,Espeon ★,Pokémon,"Basic,Star",pop5,117,2
pop4-16,Wobbuffet,Pokémon,Basic,pop4,162,21
xy3-18,Politoed,Pokémon,Stage 2,xy3,191,2
sv4pt5-89,Rare Candy,Trainer,Item,sv4pt5,296,21
swsh7-142,Boost Shake,Trainer,Item,swsh7,60,29
sv1-154,Lechonk,Pokémon,Basic,sv1,151,21
sv6-140,Swanna,Pokémon,Stage 1,sv6,97,29
sm3-108,Bouffalant,Pokémon,Basic,sm3,142,29
sv8pt5-180,Terapagos ex,Pokémon,"Basic,Tera,ex",sv8pt5,,1
sm11-251,Giant Bomb,Trainer,Pokémon Tool,sm11,296,27
swsh8-206,Snorlax,Pokémon,Basic,swsh8,145,21
swsh8-96,Eelektrik,Pokémon,Stage 1,swsh8,90,29
swsh10-87,Kleavor V,Pokémon,"Basic,V",swsh10,76,16
sv6-81,Kadabra,Pokémon,Stage 1,sv6,9,21
sm5-80,Magnemite,Pokémon,Basic,sm5,267,21
svp-66,Iron Bundle,Pokémon,"Basic,Future",svp,151,38
swsh4-57,Tynamo,Pokémon,Basic,swsh4,129,21
smp-SM217,Trevenant & Dusknoir-GX,Pokémon,"Basic,TAG TEAM,GX",smp,108,38
ex10-6,Forretress,Pokémon,Stage 1,ex10,308,34
bw8-58,Weezing,Pokémon,"Stage 1,Team Plasma",bw8,76,34
xy6-88,Revive,Trainer,Item,xy6,334,29
bw8-8,Sewaddle,Pokémon,Basic,bw8,191,21
me1-145,Houndstone,Pokémon,Stage 1,me1,,7
dp5-56,Chimchar,Pokémon,Basic,dp5,335,21
rsv10pt5-143,Zoroark,Pokémon,Stage 1,rsv10pt5,158,7
svp-178,Kyogre ex,Pokémon,"Basic,ex",svp,356,38
swsh12-13,Durant,Pokémon,Basic,swsh12,128,21
sv3pt5-6,Charizard ex,Pokémon,"Stage 2,ex",sv3pt5,336,14
swsh7-101,Garbodor VMAX,Pokémon,VMAX,swsh7,76,25
zsv10pt5-53,Landorus,Pokémon,Basic,zsv10pt5,342,2
bw1-65,Krookodile,Pokémon,Stage 2,bw1,117,34
bw3-31,Jellicent,Pokémon,Stage 1,bw3,162,2
ecard1-15,Kingler,Pokémon,Stage 1,ecard1,257,34
swsh5-100,Mawile,Pokémon,"Basic,Single Strike",swsh5,73,21
gym1-48,Erika's Weepinbell,Pokémon,Stage 1,gym1,191,29
bw6-27,Feebas,Pokémon,Basic,bw6,112,21
swsh5-35,Galarian Mr. Rime,Pokémon,Stage 1,swsh5,12,2
bw11-32,Articuno,Pokémon,Basic,bw11,162,34
swsh7-97,Shiftry,Pokémon,Stage 2,swsh7,117,2
sv8pt5-93,Amarys,Trainer,Supporter,sv8pt5,,21
swsh10-32,Piloswine,Pokémon,Stage 1,swsh10,156,29
xyp-XY33,Trevor,Trainer,Supporter,xyp,116,38
swsh35-69,Drednaw V,Pokémon,"Basic,V",swsh35,207,28
sv7-4,Celebi,Pokémon,Basic,sv7,,29
me1-70,Onix,Pokémon,Basic,me1,,21
sv3pt5-103,Exeggutor,Pokémon,Stage 1,sv3pt5,90,29
sm8-132,Alolan Ninetales-GX,Pokémon,"Stage 1,GX",sm8,76,10
dp7-44,Miltank,Pokémon,Basic,dp7,112,29
dv1-19,First Ticket,Trainer,Item,dv1,76,13
gym1-132,Water Energy,Energy,Basic,gym1,307,13
ex7-39,Dark Magneton,Pokémon,Stage 1,ex7,283,29
bw9-9,Cacnea,Pokémon,Basic,bw9,198,21
sv4-240,Professor Turo's Scenario,Trainer,"Supporter,Future",sv4,357,32
mcd21-5,Snivy,Pokémon,Basic,mcd21,116,13
ex12-62,Sentret,Pokémon,Basic,ex12,17,21
sv8pt5-7,Cottonee,Pokémon,Basic,sv8pt5,,21
swsh1-117,Galarian Zigzagoon,Pokémon,Basic,swsh1,215,21
sm10-32,Blacephalon,Pokémon,"Basic,Ultra Beast",sm10,73,2
gym2-122,Saffron City Gym,Trainer,Stadium,gym2,307,29
base6-11,Gengar,Pokémon,Stage 2,base6,307,34
neo1-78,Sunkern,Pokémon,Basic,neo1,162,21
swsh45-1,Yanma,Pokémon,Basic,swsh45,112,21
ecard1-32,Weezing,Pokémon,Stage 1,ecard1,163,34
sv9-177,Salamence ex,Pokémon,"Stage 2,ex",sv9,76,32
sv7-102,Meltan,Pokémon,Basic,sv7,,21
base5-6,Dark Dugtrio,Pokémon,Stage 1,base5,162,34
sm75-4,Torchic,Pokémon,Basic,sm75,112,21
ex15-66,Taillow δ,Pokémon,Basic,ex15,189,21
sv8-128,Klefki,Pokémon,Basic,sv8,,21
sv8pt5-137,Friends in Paldea,Trainer,Supporter,sv8pt5,,32
bwp-BW27,Litwick,Pokémon,Basic,bwp,191,38
sv7-31,Lapras,Pokémon,Basic,sv7,,29
smp-SM78,Champions Festival,Trainer,Stadium,smp,292,38
pl1-6,Dialga,Pokémon,Basic,pl1,112,34
sv8-203,Latios,Pokémon,Basic,sv8,,7
sv3pt5-132,Ditto,Pokémon,Basic,sv3pt5,88,2
sm3-155,Lycanroc-GX,Pokémon,"Stage 1,GX",sm3,76,20
sv8pt5-92,Terapagos ex,Pokémon,"Basic,ex",sv8pt5,,14
sv6pt5-79,Bewear,Pokémon,Stage 1,sv6pt5,,7
zsv10pt5-150,Unfezant,Pokémon,Stage 2,zsv10pt5,51,7
swsh12-76,Solosis,Pokémon,Basic,swsh12,303,21
dp1-114,Speed Stadium,Trainer,Stadium,dp1,232,29
ecard1-109,Gastly,Pokémon,Basic,ecard1,293,21
smp-SM07,Pikipek,Pokémon,Basic,smp,167,38
rsv10pt5-67,Hydreigon ex,Pokémon,"Stage 2,ex",rsv10pt5,76,14
sv4pt5-108,Rellor,Pokémon,Basic,sv4pt5,6,31
col1-40,Bayleef,Pokémon,Stage 1,col1,317,29
base6-45,Growlithe,Pokémon,Basic,base6,116,29
pl4-67,Kabuto,Pokémon,Stage 1,pl4,372,21
xy5-97,Excadrill,Pokémon,Stage 1,xy5,216,34
sm4-39,Misdreavus,Pokémon,Basic,sm4,62,21
sm11-116,Riolu,Pokémon,Basic,sm11,305,21
dp4-18,Houndoom,Pokémon,Stage 1,dp4,116,2
sv1-173,Energy Switch,Trainer,Item,sv1,296,21
dp1-57,Nuzleaf,Pokémon,Stage 1,dp1,162,29
swsh12-207,Serena,Trainer,Supporter,swsh12,184,20
swsh12tg-TG10,Smeargle,Pokémon,Basic,swsh12tg,88,37
swsh8-123,Sigilyph,Pokémon,Basic,swsh8,293,21
sm12-225,Mega Lopunny & Jigglypuff-GX,Pokémon,"Basic,TAG TEAM,GX",sm12,207,28
sv4pt5-173,Riolu,Pokémon,Basic,sv4pt5,129,31
sv6-69,Emolga,Pokémon,Basic,sv6,160,21
me1-6,Tangela,Pokémon,Basic,me1,,21
sv6-85,Chimecho,Pokémon,Basic,sv6,169,21
gym2-30,Sabrina's Golduck,Pokémon,Stage 1,gym2,116,2
sv10-54,Clamperl,Pokémon,Basic,sv10,189,21
dp7-71,Ponyta,Pokémon,Basic,dp7,191,21
neo2-47,Unown [D],Pokémon,Basic,neo2,111,29
sm115-28,Koffing,Pokémon,Basic,sm115,332,21
sm10-89,Golem,Pokémon,Stage 2,sm10,271,34
ex2-57,Cacnea,Pokémon,Basic,ex2,191,21
me1-144,Shedinja,Pokémon,Stage 1,me1,,7
bw9-36,Lanturn,Pokémon,Stage 1,bw9,71,29
base5-71,Here Comes Team Rocket!,Trainer,,base5,116,2
bw5-91,Cheren,Trainer,Supporter,bw5,194,29
rsv10pt5-145,Mandibuzz,Pokémon,Stage 1,rsv10pt5,352,7
sv8-42,Milotic ex,Pokémon,"Stage 1,ex",sv8,,14
dp6-101,Hitmontop,Pokémon,Basic,dp6,117,21
sm7-74,Larvitar,Pokémon,Basic,sm7,116,21
ecard1-123,Pidgey,Pokémon,Basic,ecard1,17,21
sv2-13,Sprigatito,Pokémon,Basic,sv2,284,21
sv1-167,Beach Court,Trainer,Stadium,sv1,145,29
sv3pt5-30,Nidorina,Pokémon,Stage 1,sv3pt5,151,29
sm75-78,Ultra Necrozma-GX,Pokémon,"Basic,GX,Ultra Beast",sm75,72,27
xy1-68,Sableye,Pokémon,Basic,xy1,90,29
me2-119,Firebreather,Trainer,Supporter,me2,292,32
pgo-7,Ariados,Pokémon,Stage 1,pgo,6,29
zsv10pt5-90,Simisage,Pokémon,Stage 1,zsv10pt5,1,7
sm2-127,Mallow,Trainer,Supporter,sm2,116,29
swsh9-149,Team Yell's Cheer,Trainer,Supporter,swsh9,376,29
smp-SM211,Charizard-GX,Pokémon,"Stage 2,GX",smp,207,38
bw1-4,Servine,Pokémon,Stage 1,bw1,76,29
ex12-32,Electrode,Pokémon,Stage 1,ex12,198,29
sm12-42,Vaporeon,Pokémon,Stage 1,sm12,254,29
pl1-48,Flaaffy,Pokémon,Stage 1,pl1,125,29
ex13-42,Gloom δ,Pokémon,Stage 1,ex13,198,29
ex6-35,Ivysaur,Pokémon,Stage 1,ex6,191,29
swsh10-43,Hisuian Basculin,Pokémon,Basic,swsh10,162,21
sm10-233,Pokégear 3.0,Trainer,Item,sm10,296,27
ex16-7,Cradily,Pokémon,Stage 2,ex16,116,34
sv4-130,Honedge,Pokémon,Basic,sv4,8,21
ecard1-27,Skarmory,Pokémon,Basic,ecard1,259,34
sv5-29,Magcargo,Pokémon,Stage 1,sv5,108,2
swsh12pt5-122,Dubwool,Pokémon,Stage 1,swsh12pt5,351,2
bw2-33,Joltik,Pokémon,Basic,bw2,162,21
xy4-75,Goomy,Pokémon,Basic,xy4,351,21
det1-14,Jigglypuff,Pokémon,Basic,det1,220,21
swsh12-36,Articuno,Pokémon,Basic,swsh12,284,34
basep-10,Meowth,Pokémon,Basic,basep,162,38
gym1-102,Misty,Trainer,,gym1,116,2
xy10-82,Exploud,Pokémon,Stage 2,xy10,117,2
sv1-239,Penny,Trainer,Supporter,sv1,156,32
sv4pt5-227,Clive,Trainer,Supporter,sv4pt5,376,32
dp6-97,Gloom,Pokémon,Stage 1,dp6,116,21
base3-17,Articuno,Pokémon,Basic,base3,108,2
sm3-95,Cutiefly,Pokémon,Basic,sm3,191,21
swshp-SWSH190,Eevee,Pokémon,Basic,swshp,140,38
bw6-99,Aipom,Pokémon,Basic,bw6,254,21
ex7-7,Dark Marowak,Pokémon,Stage 1,ex7,108,34
swsh7-94,Umbreon V,Pokémon,"Basic,V,Single Strike",swsh7,76,16
sm8-182,Lusamine ◇,Trainer,"Supporter,Prism Star",sm8,214,18
swsh12pt5gg-GG14,Comfey,Pokémon,Basic,swsh12pt5gg,369,37
sm4-120,Counter Catcher,Trainer,Item,sm4,334,27
dp4-75,Krabby,Pokémon,Basic,dp4,116,21
xy10-38,Kabuto,Pokémon,Restored,xy10,267,29
sv10-14,Lurantis,Pokémon,Stage 1,sv10,316,29
dp6-41,Torkoal,Pokémon,Basic,dp6,198,2
col1-79,Interviewer's Questions,Trainer,Supporter,col1,112,29
ex5-80,Voltorb,Pokémon,Basic,ex5,271,21
xy8-129,Rufflet,Pokémon,Basic,xy8,17,21
ex1-4,Camerupt,Pokémon,Stage 1,ex1,116,34
xy7-69,Ace Trainer,Trainer,Supporter,xy7,116,29
rsv10pt5-90,Cottonee,Pokémon,Basic,rsv10pt5,11,7
swsh12pt5-38,Glaceon V,Pokémon,"Basic,V",swsh12pt5,336,16
sv5-134,Tranquill,Pokémon,Stage 1,sv5,187,21
swsh4-3,Beedrill,Pokémon,Stage 2,swsh4,105,2
sm11-192,Coach Trainer,Trainer,Supporter,sm11,214,29
xy8-18,Cyndaquil,Pokémon,Basic,xy8,17,21
swsh2-94,Galarian Farfetch'd,Pokémon,Basic,swsh2,340,21
base1-49,Drowzee,Pokémon,Basic,base1,116,21
ecard2-88,Kangaskhan,Pokémon,Basic,ecard2,286,21
np-31,Moltres ex,Pokémon,"Basic,EX",np,347,38
bw1-22,Simisear,Pokémon,Stage 1,bw1,317,29
hgss2-10,Torterra,Pokémon,Stage 2,hgss2,167,34
dp6-111,Oddish,Pokémon,Basic,dp6,255,21
swsh12-160,Leafy Camo Poncho,Trainer,"Item,Pokémon Tool",swsh12,296,29
swsh12pt5-58,Exeggutor,Pokémon,Stage 1,swsh12pt5,286,2
pl3-108,Growlithe,Pokémon,Basic,pl3,191,21
xyp-XY32,Yveltal,Pokémon,Basic,xyp,117,38
sm8-40,Cyndaquil,Pokémon,Basic,sm8,215,21
base1-64,Starmie,Pokémon,Stage 1,base1,307,21
swsh1-185,Vitality Band,Trainer,Pokémon Tool,swsh1,334,29
swsh7-16,Eldegoss,Pokémon,Stage 1,swsh7,112,34
swsh3-45,Vanillite,Pokémon,Basic,swsh3,351,21
xyp-XY44,M Diancie-EX,Pokémon,"MEGA,EX",xyp,76,38
bw1-33,Panpour,Pokémon,Basic,bw1,191,21
sm2-10,Victini,Pokémon,Basic,sm2,183,34
swsh9-141,Gloria,Trainer,Supporter,swsh9,116,29
hgss4-5,Mamoswine,Pokémon,Stage 2,hgss4,162,34
xy6-78,Pidove,Pokémon,Basic,xy6,215,21
sm10-64,Zubat,Pokémon,Basic,sm10,333,21
swsh4-14,Ninjask,Pokémon,Stage 1,swsh4,17,2
swshp-SWSH020,Pikachu,Pokémon,Basic,swshp,37,38
bw8-92,Durant,Pokémon,"Basic,Team Plasma",bw8,76,29
xy2-71,Dragalge,Pokémon,Stage 1,xy2,76,2
neo2-36,Yanma,Pokémon,Basic,neo2,191,2
dp1-38,Steelix,Pokémon,Stage 1,dp1,112,2
swshp-SWSH262,Charizard VSTAR,Pokémon,VSTAR,swshp,88,38
pop4-12,Pidgey,Pokémon,Basic,pop4,294,21
swsh1-210,Team Yell Grunt,Trainer,Supporter,swsh1,214,20
sv3-37,Lampent,Pokémon,Stage 1,sv3,308,21
ecard1-151,Super Scoop Up,Trainer,,ecard1,307,29
rsv10pt5-49,Sawk,Pokémon,Basic,rsv10pt5,31,29
sv6-191,Magcargo ex,Pokémon,"Stage 1,Tera,ex",sv6,99,32
svp-10,Espathra,Pokémon,Stage 1,svp,351,38
sv4pt5-225,Palafin,Pokémon,Stage 1,sv4pt5,120,7
me2-20,Ceruledge,Pokémon,Stage 1,me2,96,29
ex13-86,Holon Fossil,Trainer,Item,ex13,108,29
swsh1-50,Lapras VMAX,Pokémon,VMAX,swsh1,76,25
sv2-30,Talonflame,Pokémon,Stage 2,sv2,82,29
swsh5-86,Single Strike Urshifu VMAX,Pokémon,"VMAX,Single Strike",swsh5,70,25
xy4-11,Litleo,Pokémon,Basic,xy4,191,21
pl4-51,Wormadam Trash Cloak,Pokémon,Stage 1,pl4,189,29
swsh12-123,Klink,Pokémon,Basic,swsh12,271,21
sv8-103,Donphan,Pokémon,Stage 1,sv8,,21
hgss1-29,Sandslash,Pokémon,Stage 1,hgss1,293,2
sm12-62,Wishiwashi,Pokémon,Basic,sm12,73,34
sv8-166,Chill Teaser Toy,Trainer,Item,sv8,,29
bw5-106,Groudon-EX,Pokémon,"Basic,EX",bw5,76,28
me2-35,Misdreavus,Pokémon,Basic,me2,169,21
pl4-24,Pelipper,Pokémon,Stage 1,pl4,189,2
pop5-10,Charmander δ,Pokémon,Basic,pop5,108,21
sv4-173,Roark,Trainer,Supporter,sv4,66,29
sm2-12,Lampent,Pokémon,Stage 1,sm2,131,29
swsh8-77,Pyukumuku,Pokémon,Basic,swsh8,17,29
ex5-74,Spheal,Pokémon,Basic,ex5,191,21
ex16-82,Sidney's Stadium,Trainer,Stadium,ex16,232,29
swsh5-125,Escape Rope,Trainer,Item,swsh5,60,29
swsh6-219,Peonia,Trainer,Supporter,swsh6,215,20
ex10-111,Tyranitar ex,Pokémon,"Stage 2,ex",ex10,108,33
sv10-217,Team Rocket's Crobat ex,Pokémon,"Stage 2,ex",sv10,76,32
smp-SM231,Champions Festival,Trainer,Stadium,smp,292,38
swsh45sv-SV029,Drednaw,Pokémon,Stage 1,swsh45sv,317,9
xyp-XY203,Gym Badge,Trainer,Item,xyp,232,38
bp-9,Rocket's Hitmonchan,Pokémon,Basic,bp,116,38
swsh10-150,Roxanne,Trainer,Supporter,swsh10,184,29
bw7-83,Trapinch,Pokémon,Basic,bw7,271,21
sv7-121,Fletchling,Pokémon,Basic,sv7,,21
col1-56,Eevee,Pokémon,Basic,col1,340,21
pl3-43,Seaking,Pokémon,Stage 1,pl3,38,2
ex4-71,Archie,Trainer,Supporter,ex4,116,29
neo1-55,Chinchou,Pokémon,Basic,neo1,116,21
swsh12tg-TG09,Druddigon,Pokémon,Basic,swsh12tg,151,37
swsh8-41,Heatmor,Pokémon,Basic,swsh8,145,29
swsh8-171,Zoroark,Pokémon,Stage 1,swsh8,112,29
swsh10tg-TG19,Galarian Zapdos V,Pokémon,"Basic,V",swsh10tg,215,16
mcd11-7,Munna,Pokémon,Basic,mcd11,116,13
xy2-21,Qwilfish,Pokémon,Basic,xy2,112,2
sm5-4,Roselia,Pokémon,Basic,sm5,271,21
ecard2-19,Kingdra,Pokémon,Stage 2,ecard2,191,2
pop4-3,Flygon,Pokémon,Stage 2,pop4,294,2
sv4pt5-219,Paldean Clodsire ex,Pokémon,"Stage 1,ex",sv4pt5,336,8
sm1-45,Dewpider,Pokémon,Basic,sm1,162,21
swsh2-130,Bronzong,Pokémon,Stage 1,swsh2,267,29
svp-166,Teal Mask Ogerpon ex,Pokémon,"Basic,Tera,ex",svp,76,38
xy1-25,Braixen,Pokémon,Stage 1,xy1,76,29
sm115-29,Weezing,Pokémon,Stage 1,sm115,37,2
ex5-61,Feebas,Pokémon,Basic,ex5,17,21
bw5-60,Umbreon,Pokémon,Stage 1,bw5,142,29
pl4-SH11,Ponyta,Pokémon,Basic,pl4,194,2
swsh35-42,Scrafty,Pokémon,Stage 1,swsh35,223,34
dc1-7,Team Aqua's Grimer,Pokémon,Basic,dc1,73,21
ex8-29,Xatu,Pokémon,Stage 1,ex8,43,2
sm10-201,Greninja & Zoroark-GX,Pokémon,"Basic,TAG TEAM,GX",sm10,183,28
swsh1-211,Zacian V,Pokémon,"Basic,V",swsh1,76,27
sv4-131,Honedge,Pokémon,Basic,sv4,368,21
ex7-55,Ekans,Pokémon,Basic,ex7,191,21
sm11-54,Raichu & Alolan Raichu-GX,Pokémon,"Basic,TAG TEAM,GX",sm11,108,10
bw4-55,Ralts,Pokémon,Basic,bw4,108,21
sv2-10,Snover,Pokémon,Basic,sv2,256,21
sv4-209,Ferrothorn,Pokémon,Stage 1,sv4,285,7
neo2-31,Tyranitar,Pokémon,Stage 2,neo2,372,2
sv9-55,Iono's Kilowattrel,Pokémon,Stage 1,sv9,24,2
swsh7-157,Shopping Center,Trainer,Stadium,swsh7,145,29
svp-3,Quaxly,Pokémon,Basic,svp,304,38
sm5-50,Rotom,Pokémon,Basic,sm5,284,29
ecard3-149,Ho-oh,Pokémon,Basic,ecard3,163,27
swsh12pt5-82,Dragalge,Pokémon,Stage 1,swsh12pt5,81,2
sma-SV70,Darkrai-GX,Pokémon,"Basic,GX",sma,76,35
xy12-72,Dragonite-EX,Pokémon,"Basic,EX",xy12,281,33
ex16-6,Charizard,Pokémon,Stage 2,ex16,116,34
sm7-43,Gorebyss,Pokémon,Stage 1,sm7,71,29
dp4-87,Tangela,Pokémon,Basic,dp4,125,21
swsh6-4,Ledyba,Pokémon,Basic,swsh6,284,21
gym1-61,Blaine's Charmander,Pokémon,Basic,gym1,116,21
bw8-115,Rufflet,Pokémon,Basic,bw8,73,21
sm12-49,Spheal,Pokémon,Basic,sm12,254,21
sm6-143,Energy Recycler,Trainer,Item,sm6,334,27
sm115-69,Moltres & Zapdos & Articuno-GX,Pokémon,"Basic,TAG TEAM,GX",sm115,76,20
swsh12-113,Krookodile,Pokémon,Stage 2,swsh12,251,34
ex11-18,Vaporeon δ,Pokémon,Stage 1,ex11,112,34
swshp-SWSH171,Latias,Pokémon,"Basic,Fusion Strike",swshp,356,38
gym2-101,Brock's Protection,Trainer,,gym2,116,2
ecard1-53,Meganium,Pokémon,Stage 2,ecard1,162,2
svp-37,Cleffa,Pokémon,Basic,svp,40,38
ex11-55,Skarmory,Pokémon,Basic,ex11,294,29
dp5-53,Buneary,Pokémon,Basic,dp5,112,21
swsh5-155,Tyranitar V,Pokémon,"Basic,V,Single Strike",swsh5,12,28
cel25c-54_A,Mewtwo-EX,Pokémon,"Basic,EX",cel25c,298,12
sv3pt5-122,Mr. Mime,Pokémon,Basic,sv3pt5,288,2
dc1-31,Team Magma's Great Ball,Trainer,Item,dc1,334,29
ex4-86,Aqua Energy,Energy,Special,ex4,50,29
cel25c-109_A,Luxray GL LV.X,Pokémon,"Level-Up,SP",cel25c,108,12
xy1-88,Jigglypuff,Pokémon,Basic,xy1,351,21
swshp-SWSH073,Sobble,Pokémon,Basic,swshp,340,38
ex2-23,Steelix,Pokémon,Stage 1,ex2,198,2
sm10-72,Hypno,Pokémon,Stage 1,sm10,254,2
swsh35-2,Weedle,Pokémon,Basic,swsh35,43,21
sv4pt5-44,Gimmighoul,Pokémon,Basic,sv4pt5,371,21
swsh2-30,Magmortar,Pokémon,Stage 1,swsh2,326,2
sv1-71,Toxel,Pokémon,Basic,sv1,55,21
ex16-21,Pichu,Pokémon,Basic,ex16,116,2
sv8pt5-72,Drakloak,Pokémon,Stage 1,sv8pt5,,21
ex15-34,Nidorina δ,Pokémon,Stage 1,ex15,125,29
sv2-77,Tadbulb,Pokémon,Basic,sv2,187,21
bw4-47,Blitzle,Pokémon,Basic,bw4,254,21
swsh45sv-SV038,Rotom,Pokémon,Basic,swsh45sv,215,9
ex6-21,Dodrio,Pokémon,Stage 1,ex6,162,2
ex4-58,Team Magma's Aron,Pokémon,Basic,ex4,92,21
ex11-95,Holon Researcher,Trainer,Supporter,ex11,194,29
sm1-82,Sharpedo,Pokémon,Stage 1,sm1,262,34
smp-SM03,Popplio,Pokémon,Basic,smp,167,38
zsv10pt5-51,Dwebble,Pokémon,Basic,zsv10pt5,63,21
dp4-36,Delibird,Pokémon,Basic,dp4,117,29
ex9-59,Pichu,Pokémon,Basic,ex9,240,21
pl3-21,Chimecho,Pokémon,Basic,pl3,293,2
me1-98,Tinkaton,Pokémon,Stage 2,me1,,29
base4-41,Fearow,Pokémon,Stage 1,base4,108,29
ex5-84,Ancient Technical Machine [Ice],Trainer,Technical Machine,ex5,108,29
gym1-36,Blaine's Kangaskhan,Pokémon,Basic,gym1,116,29
base6-36,Arcanine,Pokémon,Stage 1,base6,116,29
bw3-22,Tympole,Pokémon,Basic,bw3,191,21
bw1-94,Energy Switch,Trainer,Item,bw1,79,29
ecard1-39,Charizard,Pokémon,Stage 2,ecard1,191,2
base2-37,Gloom,Pokémon,Stage 1,base2,307,29
ex9-75,Battle Frontier,Trainer,Stadium,ex9,198,29
swsh7-79,Ribombee,Pokémon,Stage 1,swsh7,332,29
sm6-70,Hawlucha,Pokémon,Basic,sm6,292,29
xy4-51,Murkrow,Pokémon,Basic,xy4,162,21
swsh12-198,Regieleki VMAX,Pokémon,VMAX,swsh12,275,20
si1-8,Jigglypuff,Pokémon,Basic,si1,5,13
sm3-49,Wobbuffet,Pokémon,Basic,sm3,214,29
base1-30,Ivysaur,Pokémon,Stage 1,base1,116,29
bw11-20,Vulpix,Pokémon,Basic,bw11,117,21
pl4-31,Sceptile,Pokémon,Stage 2,pl4,112,2
ex9-18,Relicanth,Pokémon,Basic,ex9,191,2
sv4pt5-135,Shinx,Pokémon,Basic,sv4pt5,332,31
sv6pt5-64,Xerosic's Machinations,Trainer,Supporter,sv6pt5,,29
dp3-122,Professor Oak's Visit,Trainer,Supporter,dp3,116,29
xyp-XY111,Celebi,Pokémon,Basic,xyp,108,38
swsh11-215,Collapsed Stadium,Trainer,Stadium,swsh11,145,27
sm2-76,Mudsdale,Pokémon,Stage 1,sm2,108,34
ex7-109,Treecko ★,Pokémon,"Basic,Star",ex7,117,6
sm12-38,Blastoise & Piplup-GX,Pokémon,"Basic,TAG TEAM,GX",sm12,108,10
zsv10pt5-8,Maractus,Pokémon,Basic,zsv10pt5,178,21
bw8-35,Vanillite,Pokémon,Basic,bw8,317,21
ex13-24,Mewtwo δ,Pokémon,Basic,ex13,232,2
dp7-84,Energy Switch,Trainer,Item,dp7,232,29
sm115-15,Magikarp,Pokémon,Basic,sm115,90,21
sm11-18,Steenee,Pokémon,Stage 1,sm11,162,29
sm11-82,Skorupi,Pokémon,Basic,sm11,116,21
pop1-5,Swampert,Pokémon,Stage 2,pop1,69,2
xyp-XY197,Arceus,Pokémon,Basic,xyp,215,38
pl2-RT3,Heat Rotom,Pokémon,Basic,pl2,14,2
neo3-56,Staryu,Pokémon,Basic,neo3,108,21
sv6-126,Applin,Pokémon,Basic,sv6,151,21
sv6-213,Wellspring Mask Ogerpon ex,Pokémon,"Basic,Tera,ex",sv6,369,5
xy9-87,Rattata,Pokémon,Basic,xy9,167,21
xy9-112,Tierno,Trainer,Supporter,xy9,116,29
swsh1-63,Snom,Pokémon,Basic,swsh1,40,21
ex3-61,Magnemite,Pokémon,Basic,ex3,17,21
hgss4-31,Wailord,Pokémon,Stage 1,hgss4,163,2
xy11-31,Dewott,Pokémon,Stage 1,xy11,317,29
swsh2-170,Turffield Stadium,Trainer,Stadium,swsh2,207,29
swsh7-117,Noivern V,Pokémon,"Basic,V",swsh7,281,16
sm10-232,Metal Core Barrier,Trainer,Pokémon Tool,sm10,296,27
ex11-74,Magnemite,Pokémon,Basic,ex11,162,21
ex2-22,Shiftry,Pokémon,Stage 2,ex2,116,2
xy8-77,Cubone,Pokémon,Basic,xy8,125,21
mcd21-24,Sobble,Pokémon,Basic,mcd21,71,13
swsh9-15,Karrablast,Pokémon,Basic,swsh9,129,21
bw3-52,Reuniclus,Pokémon,Stage 2,bw3,162,2
sv4pt5-77,Atticus,Trainer,Supporter,sv4pt5,91,29
swsh12pt5gg-GG66,Roxanne,Trainer,Supporter,swsh12pt5gg,286,28
dpp-DP56,Arceus LV.X,Pokémon,Level-Up,dpp,232,38
sm6-92,Goomy,Pokémon,Basic,sm6,116,21
ex10-42,Miltank,Pokémon,Basic,ex10,17,29
swsh7-103,Zoroark,Pokémon,Stage 1,swsh7,224,34
ex10-116,Rocket's Persian ex,Pokémon,"Stage 1,ex",ex10,108,27
sm12-32,Pignite,Pokémon,Stage 1,sm12,284,29
sv4pt5-188,Mabosstiff,Pokémon,Stage 1,sv4pt5,75,31
sm75-73,Salamence-GX,Pokémon,"Stage 2,GX",sm75,76,20
sv6-42,Poliwhirl,Pokémon,Stage 1,sv6,140,21
swsh8-235,Judge,Trainer,Supporter,swsh8,66,29
swsh8-131,Sandshrew,Pokémon,Basic,swsh8,43,21
ecard3-48,Cleffa,Pokémon,Baby,ecard3,189,21
swsh1-11,Grookey,Pokémon,Basic,swsh1,112,21
sm4-78,Miltank,Pokémon,Basic,sm4,40,29
me2-104,Togedemaru,Pokémon,Basic,me2,197,7
swsh2-131,Probopass,Pokémon,Stage 1,swsh2,277,2
swsh8-278,Shauna,Trainer,Supporter,swsh8,55,20
swsh9-117,Starly,Pokémon,Basic,swsh9,332,21
sv9-56,Lillie's Clefairy ex,Pokémon,"Basic,ex",sv9,76,14
ex14-93,Groudon ex,Pokémon,"Basic,ex",ex14,102,33
hgss3-83,Raichu,Pokémon,"Stage 1,Prime",hgss3,202,23
cel25c-60_A,Tapu Lele-GX,Pokémon,"Basic,GX",cel25c,76,12
swsh12pt5gg-GG69,Giratina VSTAR,Pokémon,VSTAR,swsh12pt5gg,305,27
swsh5-91,Crobat,Pokémon,Stage 2,swsh5,172,34
sv1-232,Toxicroak ex,Pokémon,"Stage 1,ex",sv1,83,32
pl2-34,Vaporeon,Pokémon,Stage 1,pl2,117,2
g1-36,Jynx,Pokémon,Basic,g1,292,2
swsh10-195,Hisuian Decidueye VSTAR,Pokémon,VSTAR,swsh10,76,20
bw4-5,Shaymin-EX,Pokémon,"Basic,EX",bw4,298,33
dp1-72,Buizel,Pokémon,Basic,dp1,116,21
sv4pt5-48,Phanpy,Pokémon,Basic,sv4pt5,191,21
xy1-15,Scatterbug,Pokémon,Basic,xy1,76,21
bw6-92,Giratina-EX,Pokémon,"Basic,EX",bw6,297,33
hgss2-42,Wartortle,Pokémon,Stage 1,hgss2,117,29
sv2-105,Tinkaton,Pokémon,Stage 2,sv2,112,2
neo4-36,Dark Haunter,Pokémon,Stage 1,neo4,308,29
swsh12pt5gg-GG11,Lunatone,Pokémon,Basic,swsh12pt5gg,129,37
me1-44,Eiscue,Pokémon,Basic,me1,,21
xyp-XY180,Arcanine BREAK,Pokémon,BREAK,xyp,76,38
sm12-10,Lileep,Pokémon,Stage 1,sm12,6,29
ecard2-29,Primeape,Pokémon,Stage 1,ecard2,17,2
sm75-72,Altaria-GX,Pokémon,"Stage 1,GX",sm75,76,20
ex4-41,Jigglypuff,Pokémon,Basic,ex4,116,21
sm3-77,Mudbray,Pokémon,Basic,sm3,332,21
swsh45sv-SV063,Galarian Farfetch'd,Pokémon,Basic,swsh45sv,162,9
ex16-74,Energy Removal 2,Trainer,Item,ex16,307,29
swsh8-200,Persian,Pokémon,Stage 1,swsh8,14,29
bw3-3,Leavanny,Pokémon,Stage 2,bw3,76,34
sm1-73,Passimian,Pokémon,Basic,sm1,292,29
sm11-14,Amoonguss,Pokémon,Stage 1,sm11,198,2
ex3-64,Mareep,Pokémon,Basic,ex3,189,21
xyp-XY12,Honedge,Pokémon,Basic,xyp,76,38
swshp-SWSH254,Origin Forme Palkia VSTAR,Pokémon,VSTAR,swshp,207,38
ex1-101,Mewtwo ex,Pokémon,"Basic,ex",ex1,92,33
swsh12-194,Wallace,Trainer,Supporter,swsh12,66,28
pl1-93,Skitty,Pokémon,Basic,pl1,117,21
swsh35-78,Piers,Trainer,Supporter,swsh35,215,20
swsh2-72,Pincurchin V,Pokémon,"Basic,V",swsh2,72,16
pl4-57,Burmy Sandy Cloak,Pokémon,Basic,pl4,17,21
sm9-12,Charmander,Pokémon,Basic,sm9,191,21
swsh11-217,Lost Vacuum,Trainer,Item,swsh11,334,27
pop8-3,Luxray,Pokémon,Stage 2,pop8,116,2
swsh35-54,Hyper Potion,Trainer,Item,swsh35,232,29
swsh45sv-SV075,Stonjourner,Pokémon,Basic,swsh45sv,75,9
xy6-60,Rayquaza-EX,Pokémon,"Basic,EX",xy6,216,33
ex3-3,Crawdaunt,Pokémon,Stage 1,ex3,294,34
sv6-205,Hassel,Trainer,Supporter,sv6,376,32
ex7-98,Rocket's Hitmonchan ex,Pokémon,"Basic,ex",ex7,108,33
sm10-157,Porygon-Z,Pokémon,Stage 2,sm10,6,34
xyp-XY58,Malamar,Pokémon,Stage 1,xyp,76,38
base4-77,Jigglypuff,Pokémon,Basic,base4,162,21
swsh10-34,Mantine,Pokémon,Basic,swsh10,140,21
ex5-91,Magnetic Storm,Trainer,Stadium,ex5,176,29
sv3pt5-151,Mew ex,Pokémon,"Basic,ex",sv3pt5,207,14
sv9-134,Hop's Corvisquire,Pokémon,Stage 1,sv9,224,21
sv6-144,Caretaker,Trainer,Supporter,sv6,340,21
sv10-230,Ethan's Ho-Oh ex,Pokémon,"Basic,ex",sv10,233,5
sv7-68,Flittle,Pokémon,Basic,sv7,,21
pl2-25,Hippowdon,Pokémon,Stage 1,pl2,39,2
swsh45sv-SV022,Suicune,Pokémon,Basic,swsh45sv,162,9
swsh9tg-TG02,Vaporeon,Pokémon,Stage 1,swsh9tg,211,37
sv3pt5-161,Giovanni's Charisma,Trainer,Supporter,sv3pt5,357,29
svp-32,Annihilape ex,Pokémon,"Stage 2,ex",svp,83,38
zsv10pt5-7,Lilligant,Pokémon,Stage 1,zsv10pt5,33,29
sv5-108,Farigiraf ex,Pokémon,"Stage 1,Tera,ex",sv5,76,14
bw1-98,Pokédex,Trainer,Item,bw1,253,29
swshp-SWSH072,Vaporeon,Pokémon,Stage 1,swshp,62,38
base6-58,Omastar,Pokémon,Stage 2,base6,116,29
sv9-10,Foongus,Pokémon,Basic,sv9,323,21
ex5-45,Nuzleaf,Pokémon,Stage 1,ex5,294,29
sv4-88,Gimmighoul,Pokémon,Basic,sv4,112,21
ecard1-152,Warp Point,Trainer,,ecard1,307,29
swsh5-44,Electabuzz,Pokémon,Basic,swsh5,264,21
xy8-57,Dedenne,Pokémon,Basic,xy8,112,29
me2-102,Paldean Wooper,Pokémon,Basic,me2,140,7
sm3-2,Metapod,Pokémon,Stage 1,sm3,38,29
ex6-90,Energy Switch,Trainer,Item,ex6,347,29
sm11-95,Aegislash,Pokémon,Stage 2,sm11,297,34
ex11-3,Dragonite δ,Pokémon,Stage 2,ex11,232,34
pl1-121,Rainbow Energy,Energy,Special,pl1,50,29
swsh5-99,Steelix,Pokémon,Stage 1,swsh5,81,34
sm8-65,Popplio,Pokémon,Basic,sm8,171,21
swsh12-107,Honchkrow,Pokémon,Stage 1,swsh12,8,29
smp-SM168,Pikachu & Zekrom-GX,Pokémon,"Basic,TAG TEAM,GX",smp,73,38
pl1-46,Cranidos,Pokémon,Stage 1,pl1,112,29
base6-107,Energy Retrieval,Trainer,,base6,307,29
sm8-232,Electropower,Trainer,Item,sm8,297,27
ecard2-17,Jumpluff,Pokémon,Stage 2,ecard2,43,2
bw4-101,Chandelure,Pokémon,Stage 2,bw4,76,27
sv5-135,Unfezant,Pokémon,Stage 2,sv5,277,29
me2-125,Mega Charizard X ex,Pokémon,"Stage 2,MEGA,ex",me2,177,5
sm12-118,Throh,Pokémon,Basic,sm12,116,29
swsh7-43,Cryogonal,Pokémon,Basic,swsh7,162,21
neo4-95,Radio Tower,Trainer,Stadium,neo4,306,2
sm75-12,Litten,Pokémon,Basic,sm75,196,21
sv10-128,Team Rocket's Sneasel,Pokémon,Basic,sv10,94,2
ex1-36,Lairon,Pokémon,Stage 1,ex1,116,29
bw3-55,Elgyem,Pokémon,Basic,bw3,292,21
sv9-158,Super Potion,Trainer,Item,sv9,296,29
sm7-35,Swampert,Pokémon,Stage 2,sm7,172,2
sv4pt5-157,Mime Jr.,Pokémon,Basic,sv4pt5,332,31
ex1-16,Breloom,Pokémon,Stage 1,ex1,116,2
swsh1-187,Dhelmise V,Pokémon,"Basic,V",swsh1,297,28
smp-SM04,Pikachu,Pokémon,Basic,smp,215,38
dp3-27,Furret,Pokémon,Stage 1,dp3,162,2
xy8-95,Bronzor,Pokémon,Basic,xy8,90,21
ex15-79,Professor Elm's Training Method,Trainer,Supporter,ex15,116,29
sv8pt5-4,Budew,Pokémon,Basic,sv8pt5,,21
swsh45-46,Yveltal,Pokémon,Basic,swsh45,264,26
sv4-260,Garchomp ex,Pokémon,"Stage 2,Tera,ex",sv4,76,1
bw8-15,Chimchar,Pokémon,Basic,bw8,254,21
ecard2-61,Smoochum,Pokémon,Baby,ecard2,162,29
xy2-1,Caterpie,Pokémon,Basic,xy2,125,21
zsv10pt5-106,Tirtouga,Pokémon,Stage 1,zsv10pt5,149,7
xy0-39,Tierno,Trainer,Supporter,xy0,116,13
swsh10-140,Energy Loto,Trainer,Item,swsh10,80,29
swsh8-198,Turtonator,Pokémon,Basic,swsh8,66,29
sv3-75,Tadbulb,Pokémon,Basic,sv3,332,21
xy2-67,Spritzee,Pokémon,Basic,xy2,76,21
smp-SM51,Alolan Meowth,Pokémon,Basic,smp,254,38
smp-SM209,Stakataka,Pokémon,"Basic,Ultra Beast",smp,317,38
swsh7-149,Gordie,Trainer,Supporter,swsh7,236,29
ex3-52,Corphish,Pokémon,Basic,ex3,116,21
swsh3-54,Arctovish,Pokémon,Stage 1,swsh3,317,2
ex14-7,Luvdisc,Pokémon,Basic,ex14,271,34
bw1-10,Lilligant,Pokémon,Stage 1,bw1,191,2
bw8-116,Braviary,Pokémon,Stage 1,bw8,340,2
swsh7-82,Galarian Zapdos,Pokémon,Basic,swsh7,183,34
swsh7-15,Gossifleur,Pokémon,Basic,swsh7,71,21
base4-75,Gastly,Pokémon,Basic,base4,307,21
swsh12-188,Brandon,Trainer,Supporter,swsh12,37,28
rsv10pt5-147,Zweilous,Pokémon,Stage 1,rsv10pt5,271,7
sv9-60,Banette,Pokémon,Stage 1,sv9,277,29
ru1-6,Gyarados,Pokémon,Stage 1,ru1,20,13
sv9-79,Mamoswine ex,Pokémon,"Stage 2,ex",sv9,82,14
swsh10-148,Jubilife Village,Trainer,Stadium,swsh10,145,29
xy9-84,Spritzee,Pokémon,Basic,xy9,215,21
sm4-47,Salazzle,Pokémon,Stage 1,sm4,317,34
bw9-86,Latios-EX,Pokémon,"Basic,EX",bw9,232,33
sm8-206,Mimikyu-GX,Pokémon,"Basic,GX",sm8,76,28
ex3-77,Torchic,Pokémon,Basic,ex3,372,21
swsh12-80,Beheeyem,Pokémon,Stage 1,swsh12,325,29
swsh7-21,Volcarona V,Pokémon,"Basic,V",swsh7,73,16
me1-80,Marshadow,Pokémon,Basic,me1,,29
swsh8-277,Schoolgirl,Trainer,Supporter,swsh8,37,20
sm12-226,Mega Lopunny & Jigglypuff-GX,Pokémon,"Basic,TAG TEAM,GX",sm12,322,28
det1-16,Lickitung,Pokémon,Basic,det1,213,21
sv6pt5-80,Kingdra ex,Pokémon,"Stage 2,ex",sv6pt5,,32
swsh7-190,Garbodor V,Pokémon,"Basic,V",swsh7,207,28
sm35-55,Hoopa,Pokémon,Basic,sm35,142,34
me2-2,Gloom,Pokémon,Stage 1,me2,170,21
swsh1-83,Gastly,Pokémon,Basic,swsh1,256,21
bw7-62,Dusclops,Pokémon,Stage 1,bw7,340,29
sv10-46,Misty's Staryu,Pokémon,Basic,sv10,266,21
xy1-17,Vivillon,Pokémon,Stage 2,xy1,76,34
sm11-175,Tranquill,Pokémon,Stage 1,sm11,333,29
bw8-106,Loudred,Pokémon,Stage 1,bw8,308,29
sm11-20,Dhelmise,Pokémon,Basic,sm11,142,29
cel25-12,Xerneas,Pokémon,Basic,cel25,305,2
zsv10pt5-137,Krookodile,Pokémon,Stage 2,zsv10pt5,9,7
ex11-97,Holon Scientist,Trainer,Supporter,ex11,116,29
ecard3-H10,Gyarados,Pokémon,Stage 1,ecard3,259,34
sm7-182,Rainbow Brush,Trainer,Item,sm7,297,27
zsv10pt5-93,Maractus,Pokémon,Basic,zsv10pt5,338,7
xy12-37,Magnemite,Pokémon,Basic,xy12,307,21
swsh45sv-SV028,Chewtle,Pokémon,Basic,swsh45sv,143,9
ex3-68,Nincada,Pokémon,Basic,ex3,163,21
sm8-66,Brionne,Pokémon,Stage 1,sm8,191,29
bw5-42,Joltik,Pokémon,Basic,bw5,189,21
cel25-13,Cosmog,Pokémon,Basic,cel25,215,2
dp5-79,Dawn Stadium,Trainer,Stadium,dp5,232,29
swsh1-17,Blipbug,Pokémon,Basic,swsh1,40,21
ecard3-H25,Raichu,Pokémon,Stage 1,ecard3,43,34
ecard3-17,Magcargo,Pokémon,Stage 1,ecard3,163,2
sv3pt5-148,Dragonair,Pokémon,Stage 1,sv3pt5,351,29
sv4-212,Loudred,Pokémon,Stage 1,sv4,81,7
base3-29,Raichu,Pokémon,Stage 1,base3,108,2
sm9-52,Zeraora,Pokémon,Basic,sm9,112,34
swsh6-25,Volcanion V,Pokémon,"Basic,V,Single Strike",swsh6,196,16
xy5-120,Bunnelby,Pokémon,Basic,xy5,267,21
swshp-SWSH174,Espeon,Pokémon,Stage 1,swshp,98,38
gym1-21,Brock's Onix,Pokémon,Basic,gym1,150,2
xy7-86,Kyurem-EX,Pokémon,"Basic,EX",xy7,232,28
col1-17,Ninetales,Pokémon,Stage 1,col1,142,34
ex2-72,Pikachu,Pokémon,Basic,ex2,108,21
ex8-62,Koffing,Pokémon,Basic,ex8,294,21
pl3-98,Chingling,Pokémon,Basic,pl3,162,21
dp2-35,Sudowoodo,Pokémon,Basic,dp2,191,2
ecard1-104,Cyndaquil,Pokémon,Basic,ecard1,123,21
xy3-52,Hariyama,Pokémon,Stage 1,xy3,142,2
sv10-48,Misty's Magikarp,Pokémon,Basic,sv10,160,21
sm11-46,Cryogonal,Pokémon,Basic,sm11,116,21
np-20,Ludicolo,Pokémon,Stage 2,np,112,38
ex5-33,Dodrio,Pokémon,Stage 1,ex5,189,29
sm12-262,Silvally-GX,Pokémon,"Stage 1,GX",sm12,184,20
ex2-42,Lileep,Pokémon,Stage 1,ex2,198,29
hsp-HGSS07,Feraligatr,Pokémon,"Stage 2,Prime",hsp,79,38
sv10-67,Wellspring Mask Ogerpon,Pokémon,Basic,sv10,118,29
base2-36,Fearow,Pokémon,Stage 1,base2,108,29
sm75-56,Swablu,Pokémon,Basic,sm75,293,21
rsv10pt5-119,Woobat,Pokémon,Basic,rsv10pt5,322,7
swsh3-177,Butterfree V,Pokémon,"Basic,V",swsh3,115,28
ex13-56,Wobbuffet,Pokémon,Basic,ex13,92,29
swsh8-21,Tsareena V,Pokémon,"Basic,V",swsh8,336,16
pl2-63,Growlithe,Pokémon,Basic,pl2,284,21
ex7-17,Dark Raticate,Pokémon,Stage 1,ex7,112,2
sma-SV31,Metang,Pokémon,Stage 1,sma,332,9
sv5-20,Bramblin,Pokémon,Basic,sv5,63,21
me2-107,Ambipom,Pokémon,Stage 1,me2,90,7
swsh3-36,Galarian Mr. Rime,Pokémon,Stage 1,swsh3,292,2
ex16-61,Shuppet,Pokémon,Basic,ex16,116,21
sv1-51,Bruxish,Pokémon,Basic,sv1,346,21
bw5-104,Kyogre-EX,Pokémon,"Basic,EX",bw5,76,28
gym2-103,Erika's Kindness,Trainer,,gym2,116,2
swsh9-7,Grotle,Pokémon,Stage 1,swsh9,82,29
sv1-147,Zangoose,Pokémon,Basic,sv1,8,29
swsh4-24,Charmeleon,Pokémon,Stage 1,swsh4,172,29
xy8-69,Kirlia,Pokémon,Stage 1,xy8,351,29
sm12-41,Golduck,Pokémon,Stage 1,sm12,90,29
bw2-47,Gothitelle,Pokémon,Stage 2,bw2,162,34
xy4-46,Gligar,Pokémon,Basic,xy4,351,21
sv8-67,Kilowattrel,Pokémon,Stage 1,sv8,,29
sv5-126,Hoothoot,Pokémon,Basic,sv5,242,21
swsh3-113,Thievul,Pokémon,Stage 1,swsh3,340,2
bw4-87,Exp. Share,Trainer,Pokémon Tool,bw4,232,29
sv1-142,Revavroom,Pokémon,Stage 1,sv1,277,2
dp5-18,Espeon,Pokémon,Stage 1,dp5,284,2
swshp-SWSH298,Hisuian Zoroark VSTAR,Pokémon,VSTAR,swshp,207,38
sv3-191,Patrol Cap,Trainer,Pokémon Tool,sv3,334,29
sv3-171,Herdier,Pokémon,Stage 1,sv3,106,21
dp7-78,Tangela,Pokémon,Basic,dp7,293,21
ex10-97,Metal Energy,Energy,Special,ex10,364,2
pgo-15,Squirtle,Pokémon,Basic,pgo,129,21
xy7-45,Inkay,Pokémon,Basic,xy7,17,21
sm4-117,Kartana-GX,Pokémon,"Basic,GX,Ultra Beast",sm4,76,20
sv4pt5-5,Toedscruel ex,Pokémon,"Stage 1,ex",sv4pt5,76,14
sv2-9,Vespiquen,Pokémon,Stage 1,sv2,358,29
fut20-5,Sobble on the Ball,Pokémon,Basic,fut20,114,13
sv10-189,Rapidash,Pokémon,Stage 1,sv10,282,7
det1-13,Machamp,Pokémon,Stage 2,det1,213,2
swsh10tg-TG08,Kleavor,Pokémon,Stage 1,swsh10tg,224,37
swsh35-52,Great Ball,Trainer,Item,swsh35,334,29
ex2-47,Murkrow,Pokémon,Basic,ex2,108,29
sm115-43,Mr. Mime,Pokémon,Basic,sm115,37,2
sv7-5,Lileep,Pokémon,Stage 1,sv7,,21
sm8-19,Celebi ◇,Pokémon,"Basic,Prism Star",sm8,117,18
swsh4-94,Rockruff,Pokémon,Basic,swsh4,377,21
hgss2-63,Squirtle,Pokémon,Basic,hgss2,117,21
sv8pt5-47,Larvitar,Pokémon,Basic,sv8pt5,,21
bw7-25,Pignite,Pokémon,Stage 1,bw7,317,29
sm2-81,Absol,Pokémon,Basic,sm2,277,34
xy2-85,Lopunny,Pokémon,Stage 1,xy2,351,2
ex4-38,Team Magma's Rhyhorn,Pokémon,Basic,ex4,48,29
dp3-47,Cloyster,Pokémon,Stage 1,dp3,116,29
xy5-44,Milotic,Pokémon,Stage 1,xy5,351,34
xy12-79,Maintenance,Trainer,Item,xy12,307,29
base1-83,Maintenance,Trainer,,base1,307,29
swsh1-37,Sizzlipede,Pokémon,Basic,swsh1,340,21
ex14-41,Skitty,Pokémon,Basic,ex14,189,29
sm10-84,Sandslash,Pokémon,Stage 1,sm10,90,2
dp1-130,Metal Energy,Energy,Basic,dp1,,21
xy3-57,Mienshao,Pokémon,Stage 1,xy3,142,29
base1-63,Squirtle,Pokémon,Basic,base1,108,21
sv10-10,Shaymin,Pokémon,Basic,sv10,110,29
sm10-185,Samson Oak,Trainer,Supporter,sm10,117,29
neo2-29,Scizor,Pokémon,Stage 1,neo2,259,2
sv3pt5-200,Blastoise ex,Pokémon,"Stage 2,ex",sv3pt5,108,5
swsh1-16,Blipbug,Pokémon,Basic,swsh1,214,21
xy10-10,Fennekin,Pokémon,Basic,xy10,340,21
ex9-5,Groudon,Pokémon,Basic,ex9,112,34
ex10-47,Shuckle,Pokémon,Basic,ex10,189,29
swsh45-45,Crobat VMAX,Pokémon,VMAX,swsh45,70,25
svp-70,Greavard,Pokémon,Basic,svp,82,38
swshp-SWSH062,Pikachu VMAX,Pokémon,VMAX,swshp,336,38
swsh5-175,Phoebe,Trainer,Supporter,swsh5,162,20
ecard3-59,Gligar,Pokémon,Basic,ecard3,257,21
svp-162,Houndstone ex,Pokémon,"Stage 1,ex",svp,,38
sm11-104,Steelix,Pokémon,Stage 1,sm11,281,2
xy7-26,Jolteon,Pokémon,Stage 1,xy7,351,34
pl2-100,Metal Energy,Energy,Special,pl2,50,29
ecard1-86,Magmar,Pokémon,Basic,ecard1,189,29
neo2-41,Kakuna,Pokémon,Stage 1,neo2,293,29
sv10-194,Misty's Lapras,Pokémon,Basic,sv10,197,7
sv7-112,Tauros,Pokémon,Basic,sv7,,21
sv2-132,Honchkrow,Pokémon,Stage 1,sv2,82,29
pl4-1,Charizard,Pokémon,Stage 2,pl4,162,34
sm4-89,Type: Null,Pokémon,Basic,sm4,75,34
bw1-12,Maractus,Pokémon,Basic,bw1,112,2
sv2-68,Shinx,Pokémon,Basic,sv2,346,21
sv3pt5-144,Articuno,Pokémon,Basic,sv3pt5,24,2
sv3pt5-194,Bill's Transfer,Trainer,Supporter,sv3pt5,94,32
bwp-BW64,Drifblim,Pokémon,Stage 1,bwp,292,38
swshp-SWSH259,Giratina V,Pokémon,"Basic,V",swshp,336,38
dp1-27,Gengar,Pokémon,Stage 2,dp1,162,2
bw7-60,Grumpig,Pokémon,Stage 1,bw7,112,2
sv3pt5-27,Sandshrew,Pokémon,Basic,sv3pt5,183,21
dp4-103,Cresselia LV.X,Pokémon,Level-Up,dp4,298,3
sm3-12,Pansage,Pokémon,Basic,sm3,90,21
sv5-62,Iron Thorns,Pokémon,"Basic,Future",sv5,360,2
swsh12-25,Fennekin,Pokémon,Basic,swsh12,242,21
ecard3-121,Apricorn Maker,Trainer,Supporter,ecard3,162,29
bw11-2,Tangrowth,Pokémon,Stage 1,bw11,162,2
ex13-97,Dark Metal Energy,Energy,Special,ex13,50,29
ex5-47,Sealeo,Pokémon,Stage 1,ex5,191,29
sm11-204,Poké Maniac,Trainer,Supporter,sm11,75,29
swsh45sv-SV040,Boltund,Pokémon,Stage 1,swsh45sv,162,9
sm10-175,Green's Exploration,Trainer,Supporter,sm10,292,29
sv1-204,Slowpoke,Pokémon,Basic,sv1,286,7
hgss4-83,Voltorb,Pokémon,Basic,hgss4,117,21
ex13-13,Omastar δ,Pokémon,Stage 2,ex13,198,34
sm10-186,Stealthy Hood,Trainer,Pokémon Tool,sm10,232,29
sv7-11,Eldegoss,Pokémon,Stage 1,sv7,,29
xy8-9,Chespin,Pokémon,Basic,xy8,112,21
swsh12pt5-154,Water Energy,Energy,Basic,swsh12pt5,,28
neo1-103,Super Rod,Trainer,,neo1,307,21
swsh12-5,Sunkern,Pokémon,Basic,swsh12,332,21
xy4-49,Boldore,Pokémon,Stage 1,xy4,198,29
sv1-45,Gyarados ex,Pokémon,"Stage 1,Tera,ex",sv1,76,14
swsh5-171,Corviknight VMAX,Pokémon,VMAX,swsh5,336,20
bw10-49,Machamp,Pokémon,Stage 2,bw10,292,34
sv2-18,Spidops,Pokémon,Stage 1,sv2,145,29
basep-27,Pikachu,Pokémon,Basic,basep,191,38
swsh6-9,Snover,Pokémon,"Basic,Single Strike",swsh6,292,21
xy8-7,Chespin,Pokémon,Basic,xy8,184,21
swsh45sv-SV089,Corviknight,Pokémon,Stage 2,swsh45sv,215,9
rsv10pt5-155,Herdier,Pokémon,Stage 1,rsv10pt5,168,7
sv8-55,Iron Bundle,Pokémon,"Basic,Future",sv8,,29
dp4-47,Metapod,Pokémon,Stage 1,dp4,116,29
sm75-53,Hakamo-o,Pokémon,Stage 1,sm75,134,21
sv10-240,Team Rocket's Mewtwo ex,Pokémon,"Basic,ex",sv10,207,1
g1-70,Revitalizer,Trainer,Item,g1,334,29
swsh9-28,Kingler V,Pokémon,"Basic,V",swsh9,336,16
ex1-15,Blaziken,Pokémon,Stage 2,ex1,116,2
sm7-12,Seedot,Pokémon,Basic,sm7,6,21
sv4-12,Orbeetle,Pokémon,Stage 2,sv4,192,29
pop1-10,Torkoal,Pokémon,Basic,pop1,116,29
smp-SM243,Regigigas,Pokémon,Basic,smp,66,38
mcd11-4,Oshawott,Pokémon,Basic,mcd11,116,13
neo1-33,Electabuzz,Pokémon,Basic,neo1,257,29
sv7-160,Dachsbun ex,Pokémon,"Stage 1,ex",sv7,,32
sv1-83,Hypno,Pokémon,Stage 1,sv1,286,29
swsh35-20,Hatterene,Pokémon,Stage 2,swsh35,292,34
xy2-19,Litleo,Pokémon,Basic,xy2,76,21
sv6pt5-33,Inkay,Pokémon,Basic,sv6pt5,,21
ex8-97,Deoxys ex,Pokémon,"Basic,ex",ex8,108,33
smp-SM203,Tapu Fini,Pokémon,Basic,smp,66,38
ex16-56,Omanyte,Pokémon,Stage 1,ex16,116,21
dv1-13,Axew,Pokémon,Basic,dv1,142,34
ex10-91,Sitrus Berry,Trainer,Pokémon Tool,ex10,232,29
sv4-139,Gholdengo ex,Pokémon,"Stage 1,ex",sv4,356,14
zsv10pt5-123,Golurk,Pokémon,Stage 1,zsv10pt5,221,7
g1-62,Evosoda,Trainer,Item,g1,76,29
sv3-106,Pupitar,Pokémon,Stage 1,sv3,224,29
sv8pt5-76,Snorlax ex,Pokémon,"Basic,ex",sv8pt5,,14
gym1-78,Erika's Oddish,Pokémon,Basic,gym1,116,21
hgss1-121,Darkness Energy,Energy,Basic,hgss1,,21
ex5-71,Seedot,Pokémon,Basic,ex5,294,21
ex7-43,Heracross,Pokémon,Basic,ex7,17,29
xy10-94,Chaos Tower,Trainer,Stadium,xy10,76,29
sv4-114,Purrloin,Pokémon,Basic,sv4,131,21
sv3pt5-43,Oddish,Pokémon,Basic,sv3pt5,333,21
xy5-50,Huntail,Pokémon,Stage 1,xy5,117,34
ex11-26,Rain Castform,Pokémon,Basic,ex11,189,2
dp4-42,Huntail,Pokémon,Stage 1,dp4,116,29
sv6-208,Lucian,Trainer,Supporter,sv6,357,32
swsh12tg-TG14,Blaziken V,Pokémon,"Basic,V,Rapid Strike",swsh12tg,214,16
ex12-68,Voltorb,Pokémon,Basic,ex12,198,21
sv10-199,Team Rocket's Weezing,Pokémon,Stage 1,sv10,124,7
sv10-156,Taillow,Pokémon,Basic,sv10,231,21
swshp-SWSH096,Dragapult V,Pokémon,"Basic,V",swshp,207,38
xy1-53,Scolipede,Pokémon,Stage 2,xy1,108,2
swsh10-215,Trekking Shoes,Trainer,Item,swsh10,334,27
bw4-70,Weavile,Pokémon,Stage 1,bw4,340,2
base2-40,Nidorina,Pokémon,Stage 1,base2,116,29
me2-21,Seel,Pokémon,Basic,me2,195,21
swsh35-71,Galarian Cursola V,Pokémon,"Basic,V",swsh35,76,28
zsv10pt5-154,Rufflet,Pokémon,Basic,zsv10pt5,189,7
sm5-10,Cherubi,Pokémon,Basic,sm5,165,21
sv7-152,Milcery,Pokémon,Basic,sv7,,7
sm11-218,Slowpoke & Psyduck-GX,Pokémon,"Basic,TAG TEAM,GX",sm11,189,28
xyp-XY124,Pikachu-EX,Pokémon,"Basic,EX",xyp,184,38
sv3-214,Absol ex,Pokémon,"Basic,ex",sv3,336,32
ex11-36,Ditto,Pokémon,Basic,ex11,43,29
ex4-14,Team Aqua's Crawdaunt,Pokémon,Stage 1,ex4,240,2
sm2-160,Drampa-GX,Pokémon,"Basic,GX",sm2,76,20
smp-SM214,Mewtwo,Pokémon,Basic,smp,73,38
ex15-89,Scramble Energy,Energy,Special,ex15,50,29
ecard1-88,Pidgeotto,Pokémon,Stage 1,ecard1,17,29
dp6-37,Regigigas,Pokémon,Basic,dp6,112,2
xy11-12,Foongus,Pokémon,Basic,xy11,43,21
swsh4-59,Eelektross,Pokémon,Stage 2,swsh4,223,2
xyp-XY19,Delphox-EX,Pokémon,"Basic,EX",xyp,76,38
ex7-4,Dark Electrode,Pokémon,Stage 1,ex7,112,34
sm6-144,Metal Frying Pan,Trainer,Pokémon Tool,sm6,334,27
hgss1-2,Azumarill,Pokémon,Stage 1,hgss1,112,34
swsh12-166,Wallace,Trainer,Supporter,swsh12,184,29
sv9-83,Pancham,Pokémon,Basic,sv9,53,21
sm7-34,Marshtomp,Pokémon,Stage 1,sm7,116,29
sv1-222,Skwovet,Pokémon,Basic,sv1,151,7
xy3-99,Sparkling Robe,Trainer,Pokémon Tool,xy3,334,29
dp2-5,Blissey,Pokémon,Stage 1,dp2,162,34
me1-100,Mega Latias ex,Pokémon,"Basic,MEGA,ex",me1,,14
ex11-57,Bagon δ,Pokémon,Basic,ex11,117,21
sm7-42,Huntail,Pokémon,Stage 1,sm7,90,29
smp-SM109,Ash's Pikachu,Pokémon,Basic,smp,42,38
sm2-131,Turtonator-GX,Pokémon,"Basic,GX",sm2,76,28
xy4-37,Gulpin,Pokémon,Basic,xy4,163,21
ecard2-H32,Zapdos,Pokémon,Basic,ecard2,163,34
swsh6-34,Castform Snowy Form,Pokémon,Basic,swsh6,58,21
gym2-73,Giovanni's Magikarp,Pokémon,Basic,gym2,116,21
swsh10-38,Glaceon,Pokémon,Stage 1,swsh10,47,2
swsh6-86,Rockruff,Pokémon,"Basic,Single Strike",swsh6,55,21
sv4pt5-64,Varoom,Pokémon,Basic,sv4pt5,63,21
swsh12pt5gg-GG67,Origin Forme Palkia VSTAR,Pokémon,VSTAR,swsh12pt5gg,305,27
xy4-14,Kingler,Pokémon,Stage 1,xy4,167,29
swsh2-71,Toxtricity VMAX,Pokémon,VMAX,swsh2,76,25
ex16-83,Steven's Advice,Trainer,Supporter,ex16,116,29
sv5-68,Bronzor,Pokémon,Basic,sv5,309,21
xy8-60,Gengar,Pokémon,Stage 2,xy8,332,34
sma-SV64,Lucario-GX,Pokémon,"Stage 1,GX",sma,76,35
swsh45sv-SV074,Falinks,Pokémon,Basic,swsh45sv,112,9
xy3-72,Sylveon,Pokémon,Stage 1,xy3,76,2
pgo-36,Onix,Pokémon,Basic,pgo,108,21
swsh3-56,Flaaffy,Pokémon,Stage 1,swsh3,17,29
ex10-C,Unown,Pokémon,Basic,ex10,176,2
swsh4-188,Pikachu VMAX,Pokémon,VMAX,swsh4,207,20
xy7-62,Persian,Pokémon,Stage 1,xy7,108,21
bw9-21,Wooper,Pokémon,Basic,bw9,254,21
sv1-217,Klawf,Pokémon,Basic,sv1,40,7
sm10-212,Molayne,Trainer,Supporter,sm10,117,28
bw11-RC3,Serperior,Pokémon,Stage 2,bw11,317,29
dp2-36,Toxicroak,Pokémon,Stage 1,dp2,335,2
bwp-BW25,Scraggy,Pokémon,Basic,bwp,340,38
sv6-167,Legacy Energy,Energy,"Special,ACE SPEC",sv6,,19
sv3pt5-55,Golduck,Pokémon,Stage 1,sv3pt5,256,29
swsh4-19,Dhelmise,Pokémon,Basic,swsh4,117,29
ex16-44,Baltoy,Pokémon,Basic,ex16,108,21
sv4-40,Palkia,Pokémon,Basic,sv4,66,2
xy11-80,Klefki,Pokémon,Basic,xy11,332,29
hgss2-64,Stantler,Pokémon,Basic,hgss2,116,21
swsh45-15,Eldegoss,Pokémon,Stage 1,swsh45,183,29
xy5-7,Grovyle,Pokémon,Stage 1,xy5,167,29
pl1-120,Skull Fossil,Trainer,Item,pl1,232,21
sv4-16,Toedscool,Pokémon,Basic,sv4,224,21
ex14-56,Meditite,Pokémon,Basic,ex14,294,21
ex13-46,Manectric,Pokémon,Stage 1,ex13,198,29
sm12-121,Crabrawler,Pokémon,Basic,sm12,189,21
sm5-73,Sneasel,Pokémon,Basic,sm5,117,21
base3-40,Omastar,Pokémon,Stage 2,base3,116,29
sv1-43,Slowbro,Pokémon,Stage 1,sv1,325,2
sm10-189,Welder,Trainer,Supporter,sm10,75,29
sm3-159,Gardevoir-GX,Pokémon,"Stage 2,GX",sm3,76,20
sm5-113,Gumshoos,Pokémon,Stage 1,sm5,214,29
dp5-39,Lickitung,Pokémon,Basic,dp5,162,29
xy9-106,Potion,Trainer,Item,xy9,76,29
ex4-63,Team Magma's Houndour,Pokémon,Basic,ex4,362,21
xyp-XY05,Xerneas,Pokémon,Basic,xyp,76,38
xy5-38,Wailord-EX,Pokémon,"Basic,EX",xy5,297,33
pl4-44,Manectric,Pokémon,Stage 1,pl4,317,29
pl1-64,Vigoroth,Pokémon,Stage 1,pl1,112,29
ex12-89,Walrein ex,Pokémon,"Stage 2,ex",ex12,259,33
sm3-52,Dusclops,Pokémon,Stage 1,sm3,172,29
sm10-49,Seaking,Pokémon,Stage 1,sm10,198,2
sv1-72,Toxtricity,Pokémon,Stage 1,sv1,233,29
sv8pt5-13,Flareon,Pokémon,Stage 1,sv8pt5,,2
swsh12-71,Mawile VSTAR,Pokémon,VSTAR,swsh12,336,24
pl3-133,Zubat,Pokémon,Basic,pl3,117,21
dp3-106,Shellos East Sea,Pokémon,Basic,dp3,116,21
sm5-117,Drampa,Pokémon,Basic,sm5,264,34
sv10-234,Team Rocket's Crobat ex,Pokémon,"Stage 2,ex",sv10,329,5
bw10-44,Reuniclus,Pokémon,Stage 2,bw10,162,2
sm8-128,Durant,Pokémon,Basic,sm8,116,21
sv4pt5-19,Raichu,Pokémon,Stage 1,sv4pt5,284,2
sv8-219,Pikachu ex,Pokémon,"Basic,Tera,ex",sv8,,32
bw10-33,Eelektross,Pokémon,"Stage 2,Team Plasma",bw10,76,34
gym2-58,Sabrina's Kadabra,Pokémon,Stage 1,gym2,116,29
sv5-133,Pidove,Pokémon,Basic,sv5,139,21
neo2-75,Energy Ark,Trainer,,neo2,159,21
ex4-49,Team Aqua's Chinchou,Pokémon,Basic,ex4,23,21
bw7-134,Skyla,Trainer,Supporter,bw7,171,29
dp2-16,Typhlosion,Pokémon,Stage 2,dp2,205,34
hgss1-53,Starmie,Pokémon,Stage 1,hgss1,162,29
pl1-53,Lucario,Pokémon,Stage 1,pl1,112,29
xy7-37,Machamp-EX,Pokémon,"Basic,EX",xy7,297,33
sv2-40,Chi-Yu ex,Pokémon,"Basic,ex",sv2,76,14
swsh10-192,Origin Forme Palkia VSTAR,Pokémon,VSTAR,swsh10,207,20
gym2-121,Sabrina's Psychic Control,Trainer,,gym2,116,29
sm9-53,Gengar & Mimikyu-GX,Pokémon,"Basic,TAG TEAM,GX",sm9,108,10
smp-SM165,Ultra Necrozma,Pokémon,"Basic,Ultra Beast",smp,317,38
smp-SM05,Snorlax-GX,Pokémon,"Basic,GX",smp,76,38
sm5-66,Riolu,Pokémon,Basic,sm5,271,21
ex1-48,Wailmer,Pokémon,Basic,ex1,108,29
sv5-148,Full Metal Lab,Trainer,Stadium,sv5,26,29
bw1-58,Timburr,Pokémon,Basic,bw1,167,21
gym1-128,Fire Energy,Energy,Basic,gym1,307,13
xy12-32,Starmie BREAK,Pokémon,BREAK,xy12,76,15
xy8-26,Braixen,Pokémon,Stage 1,xy8,73,29
swsh6-217,Klara,Trainer,Supporter,swsh6,292,20
bw1-24,Darumaka,Pokémon,Basic,bw1,117,29
ex6-5,Exeggutor,Pokémon,Stage 1,ex6,17,34
dp6-115,Poliwhirl,Pokémon,Stage 1,dp6,125,21
swsh3-52,Toxapex,Pokémon,Stage 1,swsh3,117,29
xy7-91,Tyranitar-EX,Pokémon,"Basic,EX",xy7,232,28
sm4-102,Alolan Golem-GX,Pokémon,"Stage 2,GX",sm4,76,28
xy1-121,Muscle Band,Trainer,Pokémon Tool,xy1,76,29
swsh12-187,Ho-Oh V,Pokémon,"Basic,V",swsh12,275,28
pop7-15,Ralts,Pokémon,Basic,pop7,125,21
swsh1-80,Morpeko VMAX,Pokémon,VMAX,swsh1,76,25
sm2-115,Drampa-GX,Pokémon,"Basic,GX",sm2,76,10
sm1-156,Tauros-GX,Pokémon,"Basic,GX",sm1,76,20
sv8pt5-151,Palafin ex,Pokémon,"Stage 1,ex",sv8pt5,,5
sv1-136,Maschiff,Pokémon,Basic,sv1,105,21
ex1-27,Combusken,Pokémon,Stage 1,ex1,112,29
swsh8-191,Cufant,Pokémon,"Basic,Single Strike",swsh8,145,21
g1-RC22,Diancie,Pokémon,Basic,g1,71,29
dp5-32,Umbreon,Pokémon,Stage 1,dp5,117,2
hgss2-65,Teddiursa,Pokémon,Basic,hgss2,112,21
swsh8-38,Simisear,Pokémon,Stage 1,swsh8,17,29
svp-51,Snorlax,Pokémon,Basic,svp,376,38
xy5-106,M Gardevoir-EX,Pokémon,"MEGA,EX",xy5,76,33
swshp-SWSH192,Glaceon,Pokémon,Stage 1,swshp,140,38
swshp-SWSH280,Regieleki V,Pokémon,"Basic,V",swshp,297,38
sm5-29,Alolan Sandslash,Pokémon,Stage 1,sm5,277,2
ex11-6,Gardevoir δ,Pokémon,Stage 2,ex11,108,34
sv4-232,Altaria ex,Pokémon,"Stage 1,ex",sv4,115,32
bw11-58,Mismagius,Pokémon,Stage 1,bw11,125,2
basep-21,Moltres,Pokémon,Basic,basep,286,38
ex1-50,Aron,Pokémon,Basic,ex1,116,21
sv6-18,Dipplin,Pokémon,Stage 1,sv6,323,29
gym1-101,Lt. Surge,Trainer,,gym1,116,2
rsv10pt5-40,Cofagrigus,Pokémon,Stage 1,rsv10pt5,352,2
ex15-74,Holon Legacy,Trainer,Stadium,ex15,298,29
sm1-113,Oranguru,Pokémon,Basic,sm1,108,34
sm5-124,Gardenia,Trainer,Supporter,sm5,116,29
sv4-79,Flittle,Pokémon,Basic,sv4,71,21
bw2-6,Swadloon,Pokémon,Stage 1,bw2,267,29
sm2-83,Beldum,Pokémon,Basic,sm2,271,21
sm8-1,Tangela,Pokémon,Basic,sm8,116,21
dp7-62,Gastly,Pokémon,Basic,dp7,308,21
swsh35-44,Inkay,Pokémon,Basic,swsh35,254,21
sv7-130,Antique Root Fossil,Trainer,Item,sv7,,21
bw7-23,Victini,Pokémon,Basic,bw7,117,2
swsh8-81,Drednaw,Pokémon,Stage 1,swsh8,183,29
swsh3-37,Suicune,Pokémon,Basic,swsh3,62,34
ex5-68,Oddish,Pokémon,Basic,ex5,43,21
swsh5-73,Timburr,Pokémon,Basic,swsh5,40,21
neo4-107,Shining Charizard,Pokémon,Basic,neo4,372,36
sv10-66,Dondozo ex,Pokémon,"Basic,ex",sv10,275,14
sv10-152,Tauros,Pokémon,Basic,sv10,156,21
dv1-2,Dratini,Pokémon,Basic,dv1,292,34
swsh4-201,Hero's Medal,Trainer,Pokémon Tool,swsh4,334,27
swsh2-83,Hatenna,Pokémon,Basic,swsh2,40,21
swsh12pt5-61,Girafarig,Pokémon,Basic,swsh12pt5,40,29
sm9-49,Helioptile,Pokémon,Basic,sm9,116,21
swsh6-182,Blissey V,Pokémon,"Basic,V",swsh6,115,28
swsh4-180,Bea,Trainer,Supporter,swsh4,37,28
ecard3-94,Seel,Pokémon,Basic,ecard3,294,21
swsh8-110,Jigglypuff,Pokémon,Basic,swsh8,332,21
ex6-20,Cloyster,Pokémon,Stage 1,ex6,308,2
base6-62,Sandslash,Pokémon,Stage 1,base6,116,29
ex1-104,Grass Energy,Energy,Basic,ex1,,21
sm2-156,Lycanroc-GX,Pokémon,"Stage 1,GX",sm2,76,20
sm5-58,Giratina ◇,Pokémon,"Basic,Prism Star",sm5,117,18
ecard3-76,Magnemite,Pokémon,Basic,ecard3,257,21
base6-93,Slowpoke,Pokémon,Basic,base6,189,21
swsh6-90,Sandaconda VMAX,Pokémon,VMAX,swsh6,207,25
sv7-1,Venusaur ex,Pokémon,"Stage 2,ex",sv7,,14
swshp-SWSH202,Sylveon V,Pokémon,"Basic,V,Rapid Strike",swshp,207,38
swsh9-110,Axew,Pokémon,Basic,swsh9,332,21
rsv10pt5-14,Pansear,Pokémon,Basic,rsv10pt5,144,21
rsv10pt5-150,Durant,Pokémon,Basic,rsv10pt5,104,7
sv3pt5-33,Nidorino,Pokémon,Stage 1,sv3pt5,251,29
smp-SM49,Bewear,Pokémon,Stage 1,smp,108,38
neo4-98,Energy Amplifier,Trainer,,neo4,13,29
sm2-60,Tapu Lele-GX,Pokémon,"Basic,GX",sm2,76,10
bw10-105,Rare Candy,Trainer,Item,bw10,76,27
sm11-153,Latias,Pokémon,Basic,sm11,24,2
rsv10pt5-16,Litwick,Pokémon,Basic,rsv10pt5,103,21
bw9-52,Metagross,Pokémon,"Stage 2,Team Plasma",bw9,76,34
hgss1-68,Jigglypuff,Pokémon,Basic,hgss1,191,21
swsh3-19,Charizard V,Pokémon,"Basic,V",swsh3,207,16
swsh10-76,Cranidos,Pokémon,Stage 1,swsh10,204,29
xy11-114,Professor Sycamore,Trainer,Supporter,xy11,171,28
xyp-XY60,Gyarados,Pokémon,Stage 1,xyp,142,38
sm1-99,Kangaskhan,Pokémon,Basic,sm1,142,34
neo4-66,Girafarig,Pokémon,Basic,neo4,43,21
base5-5,Dark Dragonite,Pokémon,Stage 2,base5,108,34
bw7-115,Spinda,Pokémon,Basic,bw7,116,21
sv8pt5-58,Cornerstone Mask Ogerpon ex,Pokémon,"Basic,Tera,ex",sv8pt5,,14
xy8-94,Yveltal,Pokémon,Basic,xy8,142,34
basep-20,Psyduck,Pokémon,Basic,basep,162,38
bw6-47,Dustox,Pokémon,Stage 2,bw6,162,2
gym2-96,Sabrina's Gastly,Pokémon,Basic,gym2,116,21
dp1-102,Stunky,Pokémon,Basic,dp1,116,21
dp6-116,Poochyena,Pokémon,Basic,dp6,112,21
ex14-19,Grovyle δ,Pokémon,Stage 1,ex14,117,2
sv1-75,Pawmo,Pokémon,Stage 1,sv1,332,21
ex13-80,Poochyena,Pokémon,Basic,ex13,108,21
dp1-5,Infernape,Pokémon,Stage 2,dp1,240,34
col1-65,Misdreavus,Pokémon,Basic,col1,38,21
sm1-37,Wingull,Pokémon,Basic,sm1,308,21
gym2-44,Giovanni's Nidorina,Pokémon,Stage 1,gym2,116,29
sv4-15,Toedscool,Pokémon,Basic,sv4,17,21
rsv10pt5-25,Ducklett,Pokémon,Basic,rsv10pt5,71,21
swsh45-31,Shinx,Pokémon,Basic,swsh45,146,21
swsh12-153,Capturing Aroma,Trainer,Item,swsh12,60,29
sv9-117,Hop's Snorlax,Pokémon,Basic,sv9,376,2
np-2,Groudon ex,Pokémon,"Basic,EX",np,23,38
bwp-BW42,Tornadus,Pokémon,Basic,bwp,76,38
me2-43,Milcery,Pokémon,Basic,me2,311,21
xy4-3,Yanma,Pokémon,Basic,xy4,317,21
ecard1-103,Cubone,Pokémon,Basic,ecard1,17,21
pgo-21,Magikarp,Pokémon,Basic,pgo,275,21
sm9-32,Articuno,Pokémon,Basic,sm9,171,34
ex5-72,Shuppet,Pokémon,Basic,ex5,198,21
smp-SM74,Regirock,Pokémon,Basic,smp,73,38
swsh7-74,Sylveon V,Pokémon,"Basic,V,Rapid Strike",swsh7,207,16
bw1-51,Swoobat,Pokémon,Stage 1,bw1,112,29
gym1-59,Sabrina's Jynx,Pokémon,Basic,gym1,116,29
ex5-75,Staryu,Pokémon,Basic,ex5,308,21
xy12-7,Beedrill,Pokémon,Stage 2,xy12,116,2
smp-SM40,Jangmo-o,Pokémon,Basic,smp,292,38
sm10-7,Gloom,Pokémon,Stage 1,sm10,277,29
xy1-119,Hard Charm,Trainer,Pokémon Tool,xy1,76,29
sm2-70,Barboach,Pokémon,Basic,sm2,254,21
ex5-21,Metang,Pokémon,Stage 1,ex5,108,2
ex3-75,Swablu,Pokémon,Basic,ex3,191,21
swsh8-68,Panpour,Pokémon,Basic,swsh8,333,21
xy5-57,Chinchou,Pokémon,Basic,xy5,162,21
swsh1-96,Rhyhorn,Pokémon,Basic,swsh1,333,21
g1-25,Articuno,Pokémon,Basic,g1,232,34
basep-52,Ho-oh,Pokémon,Basic,basep,108,38
sv8pt5-159,Sandy Shocks ex,Pokémon,"Basic,ex,Ancient",sv8pt5,,5
sv7-166,Lacey,Trainer,Supporter,sv7,,32
gym1-30,Misty's Goldeen,Pokémon,Basic,gym1,116,2
swsh8-172,Vullaby,Pokémon,Basic,swsh8,90,21
sv6-112,Cornerstone Mask Ogerpon ex,Pokémon,"Basic,Tera,ex",sv6,76,14
neo1-3,Bellossom,Pokémon,Stage 2,neo1,191,34
ex6-49,Venomoth,Pokémon,Stage 1,ex6,162,29
sma-SV48,Golisopod-GX,Pokémon,"Stage 1,GX",sma,76,35
pl4-16,Gengar,Pokémon,Stage 2,pl4,198,2
xy3-34,Dedenne,Pokémon,Basic,xy3,76,29
sv4pt5-92,Oddish,Pokémon,Basic,sv4pt5,143,31
sv3-217,Pidgeot ex,Pokémon,"Stage 2,ex",sv3,356,32
xyp-XY87,M Swampert-EX,Pokémon,"MEGA,EX",xyp,76,38
bw1-39,Alomomola,Pokémon,Basic,bw1,284,2
sm12-111,Anorith,Pokémon,Stage 1,sm12,125,29
swsh6-149,Peonia,Trainer,Supporter,swsh6,215,29
sv1-54,Quaquaval,Pokémon,Stage 2,sv1,112,2
sm2-97,Drampa,Pokémon,Basic,sm2,167,34
swsh9-69,Mimikyu VMAX,Pokémon,VMAX,swsh9,296,25
xy12-77,Energy Retrieval,Trainer,Item,xy12,307,29
bw8-87,Skarmory,Pokémon,"Basic,Team Plasma",bw8,76,2
ex9-16,Manectric,Pokémon,Stage 1,ex9,162,2
swsh11-188,Pidgeot V,Pokémon,"Basic,V",swsh11,115,28
ex14-24,Marshtomp,Pokémon,Stage 1,ex14,162,2
sv5-125,Lickilicky,Pokémon,Stage 1,sv5,215,21
pl3-110,Magikarp,Pokémon,Basic,pl3,117,21
sm11-247,Garchomp & Giratina-GX,Pokémon,"Basic,TAG TEAM,GX",sm11,207,20
ex12-48,Aron,Pokémon,Basic,ex12,189,21
sv10-223,Team Rocket's Archer,Trainer,Supporter,sv10,37,32
sv10-212,Electivire ex,Pokémon,"Stage 1,ex",sv10,336,32
sm5-39,Glaceon-GX,Pokémon,"Stage 1,GX",sm5,76,10
me2-38,Granbull,Pokémon,Stage 1,me2,66,29
dp6-133,Poké Radar,Trainer,Item,dp6,49,29
swsh45sv-SV082,Thievul,Pokémon,Stage 1,swsh45sv,162,9
pl1-71,Combee,Pokémon,Basic,pl1,162,21
sv5-172,Cutiefly,Pokémon,Basic,sv5,313,7
basep-37,Hitmontop,Pokémon,Basic,basep,191,38
bw7-38,Delibird,Pokémon,Basic,bw7,125,29
bw8-50,Joltik,Pokémon,Basic,bw8,17,21
swsh11-216,Dark Patch,Trainer,Item,swsh11,232,27
sv3pt5-46,Paras,Pokémon,Basic,sv3pt5,170,21
sv8pt5-37,Dusknoir,Pokémon,Stage 2,sv8pt5,,2
bw6-59,Golurk,Pokémon,Stage 1,bw6,232,34
sm1-93,Ribombee,Pokémon,Stage 1,sm1,317,34
sm12-228,Cynthia & Caitlin,Trainer,"Supporter,TAG TEAM",sm12,289,28
swsh6-71,Hatenna,Pokémon,Basic,swsh6,333,21
xy4-70,Dedenne,Pokémon,Basic,xy4,76,21
swsh1-128,Galarian Perrserker,Pokémon,Stage 1,swsh1,108,34
hgss4-20,Electivire,Pokémon,Stage 1,hgss4,142,2
bw10-17,Lapras,Pokémon,Basic,bw10,112,21
swsh6-73,Hatterene,Pokémon,Stage 2,swsh6,24,34
swsh45sv-SV057,Milcery,Pokémon,Basic,swsh45sv,44,9
swsh5-67,Primeape,Pokémon,"Stage 1,Single Strike",swsh5,112,2
xy6-13,Victini,Pokémon,Basic,xy6,112,2
xy5-117,Bidoof,Pokémon,Basic,xy5,216,29
dp5-91,Helix Fossil,Trainer,Item,dp5,232,21
swsh35-48,Swablu,Pokémon,Basic,swsh35,131,21
swshp-SWSH153,Pikachu,Pokémon,Basic,swshp,129,38
svp-149,Pecharunt,Pokémon,Basic,svp,224,38
sm10-150,Doduo,Pokémon,Basic,sm10,183,21
rsv10pt5-2,Swadloon,Pokémon,Stage 1,rsv10pt5,145,21
sm7-26,Torchic,Pokémon,Basic,sm7,267,21
me1-34,Kyogre,Pokémon,Basic,me1,,2
dp4-14,Butterfree,Pokémon,Stage 2,dp4,125,2
ex6-36,Kakuna,Pokémon,Stage 1,ex6,163,29
swsh7-232,Stormy Mountains,Trainer,Stadium,swsh7,334,27
sm6-88,Dedenne,Pokémon,Basic,sm6,17,29
hgss1-86,Totodile,Pokémon,Basic,hgss1,73,21
sv6pt5-57,Colress's Tenacity,Trainer,Supporter,sv6pt5,,29
xyp-XY199,Camerupt Spirit Link,Trainer,Pokémon Tool,xyp,76,38
sv8-164,Brilliant Blender,Trainer,"Item,ACE SPEC",sv8,,19
swsh2-80,Sigilyph,Pokémon,Basic,swsh2,284,2
sv5-47,Wiglett,Pokémon,Basic,sv5,371,21
sv7-56,Pawmi,Pokémon,Basic,sv7,,21
swsh12-144,Buneary,Pokémon,Basic,swsh12,47,21
swsh12-205,Furisode Girl,Trainer,Supporter,swsh12,47,20
ex13-101,Mightyena ex,Pokémon,"Stage 1,ex",ex13,232,33
sm7-112,Pelipper,Pokémon,Stage 1,sm7,90,29
hgss2-78,Judge,Trainer,Supporter,hgss2,112,29
cel25c-8_A,Dark Gyarados,Pokémon,Stage 1,cel25c,162,12
ex14-2,Blastoise δ,Pokémon,Stage 2,ex14,117,34
swsh8-29,Vulpix,Pokémon,Basic,swsh8,184,21
sv10-117,Team Rocket's Nidoran♂,Pokémon,Basic,sv10,4,21
sv8pt5-110,Glass Trumpet,Trainer,Item,sv8pt5,,29
sm2-36,Alomomola,Pokémon,Basic,sm2,308,29
bw6-82,Probopass,Pokémon,Stage 1,bw6,167,2
sm3-38,Bruxish,Pokémon,Basic,sm3,117,2
xy7-87,Ampharos-EX,Pokémon,"Basic,EX",xy7,232,28
bw2-77,Cobalion,Pokémon,Basic,bw2,76,34
ex15-19,Lickitung δ,Pokémon,Basic,ex15,117,2
swsh2-82,Palossand,Pokémon,Stage 1,swsh2,264,29
pl4-47,Rapidash,Pokémon,Stage 1,pl4,198,29
base6-63,Seadra,Pokémon,Stage 1,base6,116,29
me2-65,Krokorok,Pokémon,Stage 1,me2,9,21
base3-13,Muk,Pokémon,Stage 1,base3,108,34
sv1-160,Tandemaus,Pokémon,Basic,sv1,156,21
bw3-6,Dwebble,Pokémon,Basic,bw3,267,21
base1-16,Zapdos,Pokémon,Basic,base1,116,34
sv10-31,Team Rocket's Moltres ex,Pokémon,"Basic,ex",sv10,76,14
sv3-139,Salandit,Pokémon,Basic,sv3,251,21
sv8pt5-163,Pecharunt ex,Pokémon,"Basic,ex",sv8pt5,,5
sv2-99,Rabsca,Pokémon,Stage 1,sv2,145,2
ex15-28,Dragonair δ,Pokémon,Stage 1,ex15,112,29
me1-79,Toxicroak,Pokémon,Stage 1,me1,,21
ex6-9,Nidoqueen,Pokémon,Stage 2,ex6,284,34
xy1-79,Yveltal-EX,Pokémon,"Basic,EX",xy1,76,33
rsv10pt5-15,Simisear,Pokémon,Stage 1,rsv10pt5,144,29
swsh9tg-TG26,Gloria,Trainer,Supporter,swsh9tg,292,28
bw8-130,Victory Piece,Trainer,"Pokémon Tool,ACE SPEC",bw8,76,30
ex1-80,Energy Removal 2,Trainer,Item,ex1,307,29
dp1-62,Seaking,Pokémon,Stage 1,dp1,191,29
sv4pt5-94,Vileplume,Pokémon,Stage 2,sv4pt5,131,31
sm1-46,Araquanid,Pokémon,Stage 1,sm1,167,29
swshp-SWSH255,Origin Forme Dialga V,Pokémon,"Basic,V",swshp,76,38
bw1-82,Herdier,Pokémon,Stage 1,bw1,198,29
pgo-1,Bulbasaur,Pokémon,Basic,pgo,129,21
zsv10pt5-13,Darumaka,Pokémon,Basic,zsv10pt5,195,21
swsh7-24,Psyduck,Pokémon,Basic,swsh7,140,21
ex1-51,Carvanha,Pokémon,Basic,ex1,163,21
me1-104,Mega Kangaskhan ex,Pokémon,"Basic,MEGA,ex",me1,,14
sv9-100,Lokix,Pokémon,Stage 1,sv9,305,29
bw11-RC19,Cinccino,Pokémon,Stage 1,bw11,162,29
bw10-57,Aron,Pokémon,Basic,bw10,90,21
neo3-2,Blissey,Pokémon,Stage 1,neo3,43,34
sv2-92,Gothitelle,Pokémon,Stage 2,sv2,251,29
sm11-240,Keldeo-GX,Pokémon,"Basic,GX",sm11,227,20
ex4-56,Team Aqua's Spheal,Pokémon,Basic,ex4,240,21
swsh6-38,Sealeo,Pokémon,Stage 1,swsh6,223,29
base1-5,Clefairy,Pokémon,Basic,base1,116,34
ex14-92,Exploud ex,Pokémon,"Stage 2,ex",ex14,108,33
si1-16,Lickitung,Pokémon,Basic,si1,284,13
sv6-95,Munkidori,Pokémon,Basic,sv6,183,2
sv10-42,Blaziken,Pokémon,Stage 2,sv10,342,2
xy3-46,Machamp,Pokémon,Stage 2,xy3,216,34
ex13-37,Chimecho δ,Pokémon,Basic,ex13,108,29
xy4-112,Mystery Energy,Energy,Special,xy4,76,29
swsh12pt5-110,Starly,Pokémon,Basic,swsh12pt5,303,21
xy9-58,Espurr,Pokémon,Basic,xy9,162,21
swshp-SWSH089,Octillery,Pokémon,"Stage 1,Rapid Strike",swshp,88,38
ex11-22,Holon's Magneton,Pokémon,Stage 1,ex11,92,2
sm10-35,Blastoise-GX,Pokémon,"Stage 2,GX",sm10,60,10
sm9-1,Celebi & Venusaur-GX,Pokémon,"Basic,TAG TEAM,GX",sm9,108,10
sm9-25,Blastoise,Pokémon,Stage 2,sm9,75,2
dp5-90,Energy Search,Trainer,Item,dp5,232,21
swsh3-111,Hoopa,Pokémon,Basic,swsh3,62,34
swsh45sv-SV034,Frosmoth,Pokémon,Stage 1,swsh45sv,340,9
sv2-80,Wattrel,Pokémon,Basic,sv2,322,21
g1-RC29,Pikachu,Pokémon,Basic,g1,162,28
me1-149,Shroodle,Pokémon,Basic,me1,,7
svp-157,Zapdos,Pokémon,Basic,svp,,38
sm12-110,Flygon-GX,Pokémon,"Stage 2,GX",sm12,76,10
sv2-61,Chien-Pao ex,Pokémon,"Basic,ex",sv2,207,14
sv10-83,Steven's Baltoy,Pokémon,Basic,sv10,247,21
sv4pt5-1,Pineco,Pokémon,Basic,sv4pt5,112,21
dc1-8,Team Aqua's Muk,Pokémon,Stage 1,dc1,112,34
sm11-229,Dragonite-GX,Pokémon,"Stage 2,GX",sm11,227,28
hgss1-27,Persian,Pokémon,Stage 1,hgss1,162,2
ecard2-H17,Muk,Pokémon,Stage 1,ecard2,163,34
dp7-28,Steelix,Pokémon,Stage 1,dp7,284,2
hgss1-88,Wooper,Pokémon,Basic,hgss1,167,21
bw4-73,Scraggy,Pokémon,Basic,bw4,71,29
bw4-69,Sneasel,Pokémon,Basic,bw4,117,21
cel25c-17_A,Umbreon ★,Pokémon,"Basic,Star",cel25c,117,12
xy9-59,Meowstic,Pokémon,Stage 1,xy9,162,2
sm1-66,Lunala-GX,Pokémon,"Stage 2,GX",sm1,216,10
neo1-86,Focus Band,Trainer,Pokémon Tool,neo1,17,2
bw4-53,Muk,Pokémon,Stage 1,bw4,167,2
sv7-39,Froakie,Pokémon,Basic,sv7,,21
pl2-98,Volkner's Philosophy,Trainer,Supporter,pl2,116,29
sm12-123,Rockruff,Pokémon,Basic,sm12,332,21
sm2-49,Slowbro,Pokémon,Stage 1,sm2,322,29
swsh5-107,Aegislash,Pokémon,Stage 2,swsh5,58,34
hgss1-48,Parasect,Pokémon,Stage 1,hgss1,198,29
sv7-141,Payapa Berry,Trainer,Pokémon Tool,sv7,,29
ex10-10,Octillery,Pokémon,Stage 1,ex10,284,34
ex10-13,Slowbro,Pokémon,Stage 1,ex10,198,34
swsh4-8,Pineco,Pokémon,Basic,swsh4,17,21
ex15-70,Vulpix δ,Pokémon,Basic,ex15,34,21
pl3-50,Arcanine,Pokémon,Stage 1,pl3,191,29
xy7-82,Dangerous Energy,Energy,Special,xy7,76,29
svp-120,Pupitar,Pokémon,Stage 1,svp,251,38
ex4-66,Team Magma's Poochyena,Pokémon,Basic,ex4,176,21
sv1-105,Greavard,Pokémon,Basic,sv1,317,21
sm7-38,Ludicolo,Pokémon,Stage 2,sm7,191,34
swsh2-195,Inteleon VMAX,Pokémon,VMAX,swsh2,76,20
sv3pt5-83,Farfetch'd,Pokémon,Basic,sv3pt5,25,21
dp4-56,Unown [F],Pokémon,Basic,dp4,335,29
hgss4-16,Carnivine,Pokémon,Basic,hgss4,232,2
bw9-19,Seadra,Pokémon,Stage 1,bw9,271,29
sv6pt5-81,Revavroom ex,Pokémon,"Stage 1,Tera,ex",sv6pt5,,32
smp-SM69,Buzzwole-GX,Pokémon,"Basic,GX,Ultra Beast",smp,76,38
sm11-223,Latios-GX,Pokémon,"Basic,GX",sm11,227,28
bw7-136,Town Map,Trainer,Item,bw7,334,29
ex12-66,Tentacool,Pokémon,Basic,ex12,39,21
neo1-72,Shuckle,Pokémon,Basic,neo1,116,21
dp4-31,Weezing,Pokémon,Stage 1,dp4,112,2
rsv10pt5-154,Lillipup,Pokémon,Basic,rsv10pt5,304,7
zsv10pt5-37,Solosis,Pokémon,Basic,zsv10pt5,46,21
dp2-88,Magby,Pokémon,Basic,dp2,198,21
xy3-68,Pangoro,Pokémon,Stage 1,xy3,76,2
ecard3-25,Politoed,Pokémon,Stage 2,ecard3,191,2
sv8pt5-109,Friends in Paldea,Trainer,Supporter,sv8pt5,,21
swsh35-12,Sharpedo,Pokémon,Stage 1,swsh35,66,29
sm4-19,Swinub,Pokémon,Basic,sm4,377,21
swsh12pt5-3,Bellossom,Pokémon,Stage 2,swsh12pt5,368,2
neo3-41,Aipom,Pokémon,Basic,neo3,125,21
gym1-43,Erika's Exeggcute,Pokémon,Basic,gym1,191,29
sv4pt5-216,Mew ex,Pokémon,"Basic,ex",sv4pt5,207,8
g1-83,Fairy Energy,Energy,Basic,g1,,21
ex13-53,Sharpedo δ,Pokémon,Stage 1,ex13,108,29
ex7-66,Magnemite,Pokémon,Basic,ex7,34,21
sm8-94,Girafarig,Pokémon,Basic,sm8,281,29
sv10-74,Team Rocket's Ampharos,Pokémon,Stage 2,sv10,251,29
svp-59,Xatu,Pokémon,Stage 1,svp,376,38
sv3-128,Paldean Clodsire,Pokémon,Stage 1,sv3,112,29
sm9-122,Pidgey,Pokémon,Basic,sm9,125,21
xy11-66,Yveltal BREAK,Pokémon,BREAK,xy11,76,15
swsh6-48,Flaaffy,Pokémon,Stage 1,swsh6,254,29
ecard1-83,Jynx,Pokémon,Basic,ecard1,125,29
sv4-42,Simipour,Pokémon,Stage 1,sv4,214,29
sm10-68,Gastly,Pokémon,Basic,sm10,267,21
ecard1-59,Pidgeot,Pokémon,Stage 2,ecard1,17,2
ecard3-H27,Rhydon,Pokémon,Stage 1,ecard3,108,34
ex7-74,Sandshrew,Pokémon,Basic,ex7,191,21
sm5-154,Mars,Trainer,Supporter,sm5,183,28
bw4-88,Heavy Ball,Trainer,Item,bw4,232,29
swsh45sv-SV060,Dreepy,Pokémon,Basic,swsh45sv,117,9
sv1-35,Torkoal,Pokémon,Basic,sv1,285,29
bw6-28,Milotic,Pokémon,Stage 1,bw6,71,34
rsv10pt5-34,Galvantula,Pokémon,Stage 1,rsv10pt5,160,29
sv10-109,Arven's Toedscool,Pokémon,Basic,sv10,132,21
xy2-13,M Charizard-EX,Pokémon,"MEGA,EX",xy2,76,33
xy9-67,Sudowoodo,Pokémon,Basic,xy9,75,29
swsh12-66,Unown VSTAR,Pokémon,VSTAR,swsh12,336,24
hgss1-54,Unown,Pokémon,Basic,hgss1,299,29
base2-33,Butterfree,Pokémon,Stage 2,base2,162,29
base6-95,Squirtle,Pokémon,Basic,base6,108,21
base1-12,Ninetales,Pokémon,Stage 1,base1,116,34
swsh5-116,Purugly,Pokémon,Stage 1,swsh5,340,29
ecard1-18,Meganium,Pokémon,Stage 2,ecard1,163,34
swsh7-192,Dragonite V,Pokémon,"Basic,V",swsh7,233,28
xy7-84,Sceptile-EX,Pokémon,"Basic,EX",xy7,232,28
xy3-77,Noivern,Pokémon,Stage 1,xy3,76,34
swsh5-90,Golbat,Pokémon,Stage 1,swsh5,254,29
ex6-44,Persian,Pokémon,Stage 1,ex6,117,29
sm10-46,Krabby,Pokémon,Basic,sm10,333,21
bw7-103,White Kyurem-EX,Pokémon,"Basic,EX",bw7,297,33
gym1-15,Brock,Trainer,,gym1,116,34
sv9-142,Billy & O'Nare,Trainer,Supporter,sv9,351,21
swsh8-93,Luxray,Pokémon,Stage 2,swsh8,233,2
swsh1-216,Quick Ball,Trainer,Item,swsh1,60,27
swsh3-61,Tapu Koko,Pokémon,Basic,swsh3,264,34
swsh8-7,Pansage,Pokémon,Basic,swsh8,368,21
xy6-97,Double Dragon Energy,Energy,Special,xy6,76,29
swsh35-40,Liepard,Pokémon,Stage 1,swsh35,264,29
swsh6-59,Ralts,Pokémon,Basic,swsh6,304,21
sm8-48,Heatran,Pokémon,Basic,sm8,162,34
xy3-36,Hypno,Pokémon,Stage 1,xy3,90,2
neo4-97,Counterattack Claws,Trainer,Pokémon Tool,neo4,307,29
sm35-70,Warp Energy,Energy,Special,sm35,,29
bw2-16,Sawsbuck,Pokémon,Stage 1,bw2,162,2
rsv10pt5-135,Terrakion,Pokémon,Basic,rsv10pt5,251,7
ex7-16,Dark Muk,Pokémon,Stage 1,ex7,108,2
sv2-121,Nacli,Pokémon,Basic,sv2,317,21
bw8-57,Koffing,Pokémon,Basic,bw8,167,29
sm11-156,Haxorus,Pokémon,Stage 2,sm11,277,34
sv6pt5-40,Genesect,Pokémon,Basic,sv6pt5,,29
ex8-45,Shelgon,Pokémon,Stage 1,ex8,308,29
g1-48,Hitmonchan,Pokémon,Basic,g1,167,2
neo2-72,Fossil Egg,Trainer,,neo2,182,29
pgo-38,Pupitar,Pokémon,Stage 1,pgo,125,29
sm1-10,Dartrix,Pokémon,Stage 1,sm1,71,29
col1-57,Hitmonchan,Pokémon,Basic,col1,112,21
ex14-23,Loudred,Pokémon,Stage 1,ex14,198,2
swsh45sv-SV072,Clobbopus,Pokémon,Basic,swsh45sv,271,9
pl4-41,Haunter,Pokémon,Stage 1,pl4,17,29
sm12-84,Dusclops,Pokémon,Stage 1,sm12,38,29
sv6pt5-38,Fezandipiti ex,Pokémon,"Basic,ex",sv6pt5,,14
xy4-73,Zweilous,Pokémon,Stage 1,xy4,162,29
me2-57,Murkrow,Pokémon,Basic,me2,17,21
dp3-33,Mothim,Pokémon,Stage 1,dp3,205,2
sm10-54,Pikachu,Pokémon,Basic,sm10,214,21
swsh12-56,Zeraora,Pokémon,Basic,swsh12,376,2
swsh2-63,Helioptile,Pokémon,Basic,swsh2,131,21
sv3-219,Ortega,Trainer,Supporter,sv3,292,32
swshp-SWSH180,Flareon VMAX,Pokémon,"VMAX,Single Strike",swshp,140,38
xy3-79,Lickilicky,Pokémon,Stage 1,xy3,163,29
swsh8-179,Morpeko,Pokémon,"Basic,Single Strike",swsh8,151,21
sm12-204,Rosa,Trainer,Supporter,sm12,171,34
smp-SM119,Exeggcute,Pokémon,Basic,smp,288,38
sv9-136,Hop's Dubwool,Pokémon,Stage 1,sv9,196,2
sm2-114,Komala,Pokémon,Basic,sm2,112,29
swsh7-54,Mareep,Pokémon,Basic,swsh7,293,21
dp6-81,Unown [Y],Pokémon,Basic,dp6,49,29
xyp-XY211,Lucario Spirit Link,Trainer,Pokémon Tool,xyp,76,38
sv8pt5-8,Whimsicott,Pokémon,Stage 1,sv8pt5,,2
swsh8-226,Bug Catcher,Trainer,Supporter,swsh8,55,29
me1-119,Lillie's Determination,Trainer,Supporter,me1,,29
ex5-40,Luvdisc,Pokémon,Basic,ex5,189,29
sv8pt5-107,Explorer's Guidance,Trainer,"Supporter,Ancient",sv8pt5,,29
sv3-84,Togetic,Pokémon,Stage 1,sv3,271,29
xyp-XY196,Genesect,Pokémon,Basic,xyp,116,38
swshp-SWSH241,Gengar,Pokémon,Stage 2,swshp,146,38
sv7-170,Terapagos ex,Pokémon,"Basic,Tera,ex",sv7,,5
ex11-53,Shelgon δ,Pokémon,Stage 1,ex11,117,29
gym1-118,Secret Mission,Trainer,,gym1,116,29
bw11-89,Zorua,Pokémon,Basic,bw11,191,21
sv8pt5-15,Litleo,Pokémon,Basic,sv8pt5,,21
ex13-66,Horsea δ,Pokémon,Basic,ex13,191,21
ex10-98,Boost Energy,Energy,Special,ex10,176,29
ex11-83,Slowpoke,Pokémon,Basic,ex11,162,21
dp1-59,Rapidash,Pokémon,Stage 1,dp1,284,29
sm8-189,Sightseer,Trainer,Supporter,sm8,292,29
sv4-152,Swablu,Pokémon,Basic,sv4,12,21
swsh2-12,Snover,Pokémon,Basic,swsh2,322,21
xy8-46,Froakie,Pokémon,Basic,xy8,117,21
base2-32,Wigglytuff,Pokémon,Stage 1,base2,108,2
zsv10pt5-54,Venipede,Pokémon,Basic,zsv10pt5,126,21
sv10-3,Yanmega ex,Pokémon,"Stage 1,ex",sv10,356,14
bw8-111,Patrat,Pokémon,Basic,bw8,292,21
swsh4-193,Bea,Trainer,Supporter,swsh4,37,20
g1-RC18,Floette,Pokémon,Stage 1,g1,297,29
xy10-107,Pokémon Fan Club,Trainer,Supporter,xy10,171,29
swsh7-49,Pikachu,Pokémon,Basic,swsh7,24,21
sv10-33,Ethan's Quilava,Pokémon,Stage 1,sv10,224,21
xy11-1,Tangela,Pokémon,Basic,xy11,288,21
xy10-66,Wigglytuff,Pokémon,Stage 1,xy10,71,29
dp4-13,Beedrill,Pokémon,Stage 2,dp4,112,2
sv4pt5-96,Hoppip,Pokémon,Basic,sv4pt5,332,31
sv4-43,Vanillite,Pokémon,Basic,sv4,58,21
bw8-90,Klinklang,Pokémon,"Stage 2,Team Plasma",bw8,76,34
sm1-95,Dragonair,Pokémon,Stage 1,sm1,134,29
sm2-78,Murkrow,Pokémon,Basic,sm2,333,21
dp4-20,Kingler,Pokémon,Stage 1,dp4,108,2
rsv10pt5-58,Scrafty,Pokémon,Stage 1,rsv10pt5,148,29
ecard3-22,Nidoqueen,Pokémon,Stage 2,ecard3,108,2
ex3-22,Vibrava,Pokémon,Stage 1,ex3,162,2
ex4-79,Team Aqua Technical Machine 01,Trainer,Technical Machine,ex4,108,29
swsh2-73,Morpeko,Pokémon,Basic,swsh2,112,29
sma-SV15,Seviper,Pokémon,Basic,sma,172,9
xy4-85,Exploud,Pokémon,Stage 2,xy4,112,2
swshp-SWSH148,Noivern V,Pokémon,"Basic,V",swshp,99,38
swsh10-13,Leafeon,Pokémon,Stage 1,swsh10,233,2
basep-39,Misdreavus,Pokémon,Basic,basep,257,38
sm11-115,Riolu,Pokémon,Basic,sm11,215,21
swsh8-237,Quick Ball,Trainer,Item,swsh8,232,29
dpp-DP21,Raichu,Pokémon,Stage 1,dpp,335,38
ex3-93,Latias ex,Pokémon,"Basic,ex",ex3,232,33
g1-RC2,Shroomish,Pokémon,Basic,g1,189,21
swsh9-13,Shaymin V,Pokémon,"Basic,V",swsh9,290,16
neo4-54,Light Wigglytuff,Pokémon,Stage 1,neo4,284,29
smp-SM52,Golisopod,Pokémon,Stage 1,smp,292,38
g1-29,Zapdos,Pokémon,Basic,g1,232,34
swsh9tg-TG05,Zekrom,Pokémon,Basic,swsh9tg,305,37
swsh6-80,Galarian Zapdos V,Pokémon,"Basic,V",swsh6,76,16
dv1-1,Dratini,Pokémon,Basic,dv1,117,34
neo4-57,Unown [C],Pokémon,Basic,neo4,111,29
me1-65,Greavard,Pokémon,Basic,me1,,21
swshp-SWSH240,Finneon,Pokémon,Basic,swshp,140,38
sv9-92,Weezing,Pokémon,Stage 1,sv9,105,29
swsh45sv-SV069,Coalossal,Pokémon,Stage 2,swsh45sv,214,9
sv8-188,Technical Machine: Fluorite,Trainer,Pokémon Tool,sv8,,29
dp3-65,Skiploom,Pokémon,Stage 1,dp3,117,29
sv5-114,Metang,Pokémon,Stage 1,sv5,119,21
swsh45sv-SV113,Toxtricity VMAX,Pokémon,VMAX,swsh45sv,76,25
sv3-178,Skwovet,Pokémon,Basic,sv3,311,21
bwp-BW41,Thundurus,Pokémon,Basic,bwp,76,38
pl1-122,Dialga G LV.X,Pokémon,"Level-Up,SP",pl1,108,3
sm35-7,Shaymin,Pokémon,Basic,sm35,71,34
ex4-95,Swampert ex,Pokémon,"Stage 2,ex",ex4,136,33
bw5-35,Ducklett,Pokémon,Basic,bw5,254,21
sv7-53,Vikavolt,Pokémon,Stage 2,sv7,,29
sv8-2,Exeggcute,Pokémon,Basic,sv8,,21
dp1-54,Magneton,Pokémon,Stage 1,dp1,112,29
sv4pt5-124,Palafin,Pokémon,Stage 1,sv4pt5,317,31
sm5-130,Mt. Coronet,Trainer,Stadium,sm5,232,29
sv1-11,Skiddo,Pokémon,Basic,sv1,98,21
sv1-100,Flittle,Pokémon,Basic,sv1,75,21
sm12-270,Tag Call,Trainer,Item,sm12,334,27
sv8-209,Skarmory,Pokémon,Basic,sv8,,7
sm12-240,Wishiwashi,Pokémon,Basic,sm12,153,27
swsh1-208,Marnie,Trainer,Supporter,swsh1,215,20
ex13-96,Multi Energy,Energy,Special,ex13,50,2
ecard3-H13,Kabutops,Pokémon,Stage 2,ecard3,112,34
hgss1-47,Miltank,Pokémon,Basic,hgss1,189,29
swsh9-112,Haxorus,Pokémon,Stage 2,swsh9,146,2
swsh6-58,Galarian Articuno V,Pokémon,"Basic,V",swsh6,76,16
ex1-74,Torchic,Pokémon,Basic,ex1,112,21
sv9-51,Tapu Koko ex,Pokémon,"Basic,ex",sv9,72,14
sv4-151,Spinda,Pokémon,Basic,sv4,117,21
sv5-60,Wugtrio ex,Pokémon,"Stage 1,Tera,ex",sv5,76,14
swsh7-87,Boldore,Pokémon,Stage 1,swsh7,143,29
sv5-123,Raging Bolt ex,Pokémon,"Basic,ex,Ancient",sv5,207,14
swsh9tg-TG09,Ariados,Pokémon,Stage 1,swsh9tg,251,37
sv7-49,Lanturn,Pokémon,Stage 1,sv7,,29
sm9-23,Squirtle,Pokémon,Basic,sm9,12,21
sm115-8,Charmeleon,Pokémon,Stage 1,sm115,317,29
ex1-90,Energy Search,Trainer,Item,ex1,164,21
swsh4-198,Galarian Obstagoon,Pokémon,Stage 2,swsh4,207,27
swsh9-45,Raichu V,Pokémon,"Basic,V",swsh9,41,16
swsh3-47,Vanilluxe,Pokémon,Stage 2,swsh3,183,2
dp4-84,Snubbull,Pokémon,Basic,dp4,191,21
swsh9-92,Impidimp,Pokémon,Basic,swsh9,190,21
neo1-41,Miltank,Pokémon,Basic,neo1,116,29
sm3-122,Rotom Dex Poké Finder Mode,Trainer,Item,sm3,76,29
swshp-SWSH258,Gallade V,Pokémon,"Basic,V",swshp,196,38
pl3-127,Shroomish,Pokémon,Basic,pl3,43,21
swsh10-59,Mismagius,Pokémon,Stage 1,swsh10,303,2
sv10-204,Kangaskhan,Pokémon,Basic,sv10,139,7
sv1-78,Wattrel,Pokémon,Basic,sv1,317,21
sv5-157,Prime Catcher,Trainer,"Item,ACE SPEC",sv5,334,19
sm5-119,Cynthia,Trainer,Supporter,sm5,116,29
dc1-16,Team Aqua's Poochyena,Pokémon,Basic,dc1,112,21
sm12-133,Absol,Pokémon,Basic,sm12,71,29
sv5-171,Reuniclus,Pokémon,Stage 2,sv5,233,7
swshp-SWSH199,Lycanroc V,Pokémon,"Basic,V",swshp,336,38
sv7-86,Diancie,Pokémon,Basic,sv7,,29
xy5-121,Bunnelby,Pokémon,Basic,xy5,75,29
swsh5-28,Salazzle,Pokémon,Stage 1,swsh5,322,2
gym2-117,Max Revive,Trainer,,gym2,136,29
bw3-71,Golett,Pokémon,Basic,bw3,117,21
swsh12-84,Slurpuff,Pokémon,Stage 1,swsh12,71,29
sm1-131,Rotom Dex,Trainer,Item,sm1,76,29
xy2-34,Luxray,Pokémon,Stage 2,xy2,75,2
sv5-75,Cutiefly,Pokémon,Basic,sv5,333,21
sm7-13,Nuzleaf,Pokémon,Stage 1,sm7,116,29
sv4-6,Dwebble,Pokémon,Basic,sv4,104,21
dp1-39,Vespiquen,Pokémon,Stage 1,dp1,108,2
hsp-HGSS06,Noctowl,Pokémon,Stage 1,hsp,117,38
swsh8-162,Carvanha,Pokémon,Basic,swsh8,81,21
ex4-4,Team Aqua's Manectric,Pokémon,Stage 1,ex4,319,34
sm2-35,Vanilluxe,Pokémon,Stage 2,sm2,73,2
sm1-51,Charjabug,Pokémon,Stage 1,sm1,292,29
xyp-XY83,Arceus,Pokémon,Basic,xyp,317,38
swsh2-44,Tympole,Pokémon,Basic,swsh2,308,21
swsh2-200,Boss's Orders,Trainer,Supporter,swsh2,214,20
pop8-5,Yanmega,Pokémon,Stage 1,pop8,116,2
sv10-151,Kangaskhan,Pokémon,Basic,sv10,351,21
swsh12-175,Regieleki V,Pokémon,"Basic,V",swsh12,297,28
pl1-119,Armor Fossil,Trainer,Item,pl1,232,21
sv7-61,Drifblim,Pokémon,Stage 1,sv7,,29
swsh12-21,Ponyta,Pokémon,Basic,swsh12,151,21
sv10-147,Team Rocket's Rattata,Pokémon,Basic,sv10,31,21
swsh1-45,Goldeen,Pokémon,Basic,swsh1,38,21
swsh9tg-TG19,Single Strike Urshifu VMAX,Pokémon,"VMAX,Single Strike",swsh9tg,183,25
ecard2-8,Electrode,Pokémon,Stage 1,ecard2,257,2
swsh9-68,Mimikyu V,Pokémon,"Basic,V",swsh9,297,16
sm3-32,Magikarp,Pokémon,Basic,sm3,293,21
bw4-51,Zekrom-EX,Pokémon,"Basic,EX",bw4,298,33
sm3-90,Malamar,Pokémon,Stage 1,sm3,108,2
sv4pt5-174,Lucario,Pokémon,Stage 1,sv4pt5,317,31
swsh9-72,Hitmontop,Pokémon,Basic,swsh9,242,29
swsh1-215,Ordinary Rod,Trainer,Item,swsh1,76,27
sv6-180,Enamorus,Pokémon,Basic,sv6,248,7
swsh4-72,Chimecho,Pokémon,Basic,swsh4,165,21
pl2-35,Vespiquen E4,Pokémon,"Basic,SP",pl2,112,2
bw3-91,Eviolite,Trainer,Pokémon Tool,bw3,76,29
swsh10-31,Swinub,Pokémon,Basic,swsh10,112,21
bw10-19,Octillery,Pokémon,"Stage 1,Team Plasma",bw10,76,29
dp3-119,Bebe's Search,Trainer,Supporter,dp3,116,29
swsh2-39,Magikarp,Pokémon,Basic,swsh2,366,21
sm11-217,Slowpoke & Psyduck-GX,Pokémon,"Basic,TAG TEAM,GX",sm11,227,28
svp-144,Gouging Fire ex,Pokémon,"Basic,ex,Ancient",svp,336,38
ecard1-122,Oddish,Pokémon,Basic,ecard1,30,21
sv7-85,Pancham,Pokémon,Basic,sv7,,21
sv6-131,Tatsugiri,Pokémon,Basic,sv6,245,29
ex5-102,Groudon,Pokémon,Basic,ex5,108,27
sm10-219,Dedenne-GX,Pokémon,"Basic,GX",sm10,76,20
bw7-61,Duskull,Pokémon,Basic,bw7,292,21
xy12-33,Magikarp,Pokémon,Basic,xy12,108,21
swsh35-58,Piers,Trainer,Supporter,swsh35,236,29
xy6-89,Sky Field,Trainer,Stadium,xy6,281,29
swshp-SWSH054,Coalossal,Pokémon,Stage 2,swshp,90,38
ecard3-50,Diglett,Pokémon,Basic,ecard3,17,21
ex13-45,Lairon,Pokémon,Stage 1,ex13,117,29
ecard1-106,Diglett,Pokémon,Basic,ecard1,30,21
swsh8-45,Cinderace VMAX,Pokémon,"VMAX,Single Strike",swsh8,76,25
swsh2-81,Sandygast,Pokémon,Basic,swsh2,43,21
sv5-12,Torterra ex,Pokémon,"Stage 2,ex",sv5,70,14
sv1-49,Clauncher,Pokémon,Basic,sv1,58,21
sm8-229,Choice Helmet,Trainer,Pokémon Tool,sm8,297,27
sv10-112,Team Rocket's Ekans,Pokémon,Basic,sv10,105,21
neo1-20,Cleffa,Pokémon,Baby,neo1,162,2
xy1-63,Lunatone,Pokémon,Basic,xy1,73,29
xy6-87,Rayquaza Spirit Link,Trainer,Pokémon Tool,xy6,76,29
sv7-107,Archaludon,Pokémon,Stage 1,sv7,,2
dp6-7,Kingdra,Pokémon,Stage 2,dp6,108,34
sv4pt5-198,Jigglypuff,Pokémon,Basic,sv4pt5,6,31
xy8-87,Hawlucha,Pokémon,Basic,xy8,167,2
swsh45sv-SV049,Galarian Corsola,Pokémon,Basic,swsh45sv,71,9
sv8pt5-55,Great Tusk,Pokémon,"Basic,Ancient",sv8pt5,,29
sv8pt5-150,Glaceon ex,Pokémon,"Stage 1,Tera,ex",sv8pt5,,5
swshp-SWSH097,Dragapult VMAX,Pokémon,VMAX,swshp,207,38
ex6-52,Wigglytuff,Pokémon,Stage 1,ex6,271,29
sm11-219,Keldeo-GX,Pokémon,"Basic,GX",sm11,227,28
hgss2-49,Horsea,Pokémon,Basic,hgss2,317,21
sm1-133,Team Skull Grunt,Trainer,Supporter,sm1,116,29
swsh9-49,Shinx,Pokémon,Basic,swsh9,71,21
neo4-46,Light Flareon,Pokémon,Stage 1,neo4,191,29
xy12-93,Water Energy,Energy,Basic,xy12,,21
me2-11,Charmander,Pokémon,Basic,me2,12,21
sm6-72,Zygarde,Pokémon,Basic,sm6,108,2
sv8-140,Appletun,Pokémon,Stage 1,sv8,,29
zsv10pt5-22,Tirtouga,Pokémon,Stage 1,zsv10pt5,96,29
sv8pt5-56,Sandy Shocks ex,Pokémon,"Basic,ex,Ancient",sv8pt5,,14
rsv10pt5-63,Vullaby,Pokémon,Basic,rsv10pt5,187,21
swsh9-136,Cleansing Gloves,Trainer,"Item,Pokémon Tool",swsh9,334,29
sv10-159,Arven's Greedent,Pokémon,Stage 1,sv10,340,2
sv8pt5-41,Sylveon ex,Pokémon,"Stage 1,Tera,ex",sv8pt5,,14
swsh9-93,Morgrem,Pokémon,Stage 1,swsh9,251,29
sv8-104,Trapinch,Pokémon,Basic,sv8,,21
bw2-51,Boldore,Pokémon,Stage 1,bw2,112,29
sm9-51,Tapu Koko ◇,Pokémon,"Basic,Prism Star",sm9,112,18
hgss1-111,Ho-Oh LEGEND,Pokémon,LEGEND,hgss1,113,11
swsh12-158,Gym Trainer,Trainer,Supporter,swsh12,37,29
zsv10pt5-166,Zekrom ex,Pokémon,"Basic,ex",zsv10pt5,177,5
ecard3-51,Ditto,Pokémon,Basic,ecard3,17,21
dp5-31,Toxicroak,Pokémon,Stage 1,dp5,79,2
bw8-104,Togekiss,Pokémon,Stage 2,bw8,317,34
hgss3-54,Houndour,Pokémon,Basic,hgss3,162,21
rsv10pt5-133,Mienfoo,Pokémon,Basic,rsv10pt5,238,7
gym2-54,Misty's Dewgong,Pokémon,Stage 1,gym2,116,29
sv3pt5-166,Bulbasaur,Pokémon,Basic,sv3pt5,170,7
sv5-174,Excadrill,Pokémon,Stage 1,sv5,323,7
dp4-102,Rare Candy,Trainer,Item,dp4,232,29
xy12-51,Mewtwo,Pokémon,Basic,xy12,116,2
bw10-46,Golurk,Pokémon,Stage 1,bw10,340,34
sv9-7,Lilligant,Pokémon,Stage 1,sv9,211,21
ex14-53,Jigglypuff,Pokémon,Basic,ex14,198,21
swsh5-126,Exp. Share,Trainer,Pokémon Tool,swsh5,334,29
xy9-76,Scizor-EX,Pokémon,"Basic,EX",xy9,297,33
swsh7-84,Hippopotas,Pokémon,Basic,swsh7,128,21
ex4-11,Team Magma's Rhydon,Pokémon,Stage 1,ex4,193,34
ecard2-H16,Magneton,Pokémon,Stage 1,ecard2,136,34
pl3-47,Wailord,Pokémon,Stage 1,pl3,198,2
sm7-84,Alolan Rattata,Pokémon,Basic,sm7,322,21
swsh45sv-SV039,Yamper,Pokémon,Basic,swsh45sv,129,9
bw9-122,Ultra Ball,Trainer,Item,bw9,76,27
g1-17,Blastoise-EX,Pokémon,"Basic,EX",g1,297,33
dp5-57,Chimchar,Pokémon,Basic,dp5,284,21
swsh10-186,Irida,Trainer,Supporter,swsh10,215,28
swsh2-160,Galar Mine,Trainer,Stadium,swsh2,76,29
sv6-115,Venipede,Pokémon,Basic,sv6,17,21
swsh4-199,Oranguru,Pokémon,Basic,swsh4,336,27
sma-SV86,Lady,Trainer,Supporter,sma,194,28
sv8pt5-46,Iron Boulder,Pokémon,"Basic,Future",sv8pt5,,2
neo4-63,Dratini,Pokémon,Basic,neo4,43,21
pl4-97,Gengar LV.X,Pokémon,Level-Up,pl4,298,3
zsv10pt5-131,Landorus,Pokémon,Basic,zsv10pt5,61,7
swsh7-236,Darkness Energy,Energy,Basic,swsh7,,27
sm5-93,Shiinotic,Pokémon,Stage 1,sm5,73,2
smp-SM36,Umbreon-GX,Pokémon,"Stage 1,GX",smp,76,38
xy5-84,Groudon,Pokémon,Basic,xy5,108,2
sm12-247,Steelix,Pokémon,Stage 1,sm12,295,27
sv2-75,Pawmo,Pokémon,Stage 1,sv2,75,29
sm11-215,Rowlet & Alolan Exeggutor-GX,Pokémon,"Basic,TAG TEAM,GX",sm11,284,28
sm5-160,Xurkitree-GX,Pokémon,"Basic,GX,Ultra Beast",sm5,76,20
swsh8-181,Galarian Perrserker,Pokémon,Stage 1,swsh8,90,29
ex16-29,Combusken,Pokémon,Stage 1,ex16,191,29
ex13-10,Kingdra δ,Pokémon,Stage 2,ex13,117,34
xy10-53,Zygarde,Pokémon,Basic,xy10,76,2
sv8-248,Alolan Exeggutor ex,Pokémon,"Stage 1,Tera,ex",sv8,,1
bw2-9,Cottonee,Pokémon,Basic,bw2,191,21
swsh12-149,Hisuian Braviary,Pokémon,Stage 1,swsh12,211,2
swsh12-137,Smeargle,Pokémon,Basic,swsh12,71,21
bw6-110,Bouffalant,Pokémon,Basic,bw6,340,29
smp-SM48,Zygarde,Pokémon,Basic,smp,117,38
sm4-37,Haunter,Pokémon,Stage 1,sm4,377,29
sv8pt5-69,Duraludon,Pokémon,Basic,sv8pt5,,21
xy0-38,Switch,Trainer,Item,xy0,76,13
swsh5-78,Rolycoly,Pokémon,Basic,swsh5,172,21
ex10-87,Poké Ball,Trainer,Item,ex10,176,29
xy10-48,Hawlucha,Pokémon,Basic,xy10,112,29
pop2-15,Phanpy,Pokémon,Basic,pop2,17,21
swsh8-6,Breloom V,Pokémon,"Basic,V,Single Strike",swsh8,336,16
bw6-95,Zweilous,Pokémon,Stage 1,bw6,163,29
swsh8-166,Toxicroak,Pokémon,Stage 1,swsh8,117,2
dp2-106,Totodile,Pokémon,Basic,dp2,112,21
hgss2-40,Seadra,Pokémon,Stage 1,hgss2,317,29
xyp-XY13,Machamp,Pokémon,Stage 2,xyp,216,38
swshp-SWSH068,Snorlax,Pokémon,Basic,swshp,304,38
xy11-82,Xerneas BREAK,Pokémon,BREAK,xy11,76,15
ex6-41,Nidorino,Pokémon,Stage 1,ex6,294,29
sv3pt5-48,Venonat,Pokémon,Basic,sv3pt5,162,21
swsh8-140,Gligar,Pokémon,Basic,swsh8,6,21
sv2-66,Voltorb,Pokémon,Basic,sv2,254,21
swsh9tg-TG18,Single Strike Urshifu V,Pokémon,"Basic,V,Single Strike",swsh9tg,55,16
sm3-64,Machamp-GX,Pokémon,"Stage 2,GX",sm3,76,10
sv4-104,Garganacl,Pokémon,Stage 2,sv4,224,2
ex8-60,Electrike,Pokémon,Basic,ex8,255,21
dp1-76,Chimchar,Pokémon,Basic,dp1,116,21
sv8-142,Tatsugiri ex,Pokémon,"Basic,Tera,ex",sv8,,14
sv10-110,Arven's Toedscruel,Pokémon,Stage 1,sv10,128,29
dp5-6,Kabutops,Pokémon,Stage 2,dp5,112,34
swsh9-160,Whimsicott V,Pokémon,"Basic,V",swsh9,115,28
swsh6-165,Zeraora V,Pokémon,"Basic,V,Rapid Strike",swsh6,70,28
base4-122,Potion,Trainer,,base4,307,21
gym2-29,Sabrina's Gengar,Pokémon,Stage 2,gym2,116,2
swsh2-79,Galarian Cursola,Pokémon,Stage 1,swsh2,162,34
sv8-58,Magnemite,Pokémon,Basic,sv8,,21
base3-3,Ditto,Pokémon,Basic,base3,307,34
bwp-BW70,Virizion,Pokémon,Basic,bwp,76,38
ex16-108,Fighting Energy,Energy,Basic,ex16,,34
swsh12-162,Professor Laventon,Trainer,Supporter,swsh12,116,29
swsh3-6,Pansage,Pokémon,Basic,swsh3,40,21
ecard3-H23,Politoed,Pokémon,Stage 2,ecard3,191,34
sv4pt5-163,Rabsca,Pokémon,Stage 1,sv4pt5,300,31
neo4-92,Broken Ground Gym,Trainer,Stadium,neo4,17,2
sm9-30,Gyarados,Pokémon,Stage 1,sm9,264,34
swsh12pt5gg-GG48,Zacian V,Pokémon,"Basic,V",swsh12pt5gg,204,16
sm35-68,Ultra Ball,Trainer,Item,sm35,232,29
dp3-16,Raikou,Pokémon,Basic,dp3,232,34
bw7-69,Musharna,Pokémon,Stage 1,bw7,290,2
bw4-27,Articuno,Pokémon,Basic,bw4,232,34
sv1-34,Houndoom,Pokémon,Stage 1,sv1,357,21
bw6-30,Sealeo,Pokémon,Stage 1,bw6,71,29
sv7-164,Crispin,Trainer,Supporter,sv7,,32
col1-94,Darkness Energy,Energy,Basic,col1,,21
ex2-33,Breloom,Pokémon,Stage 1,ex2,191,29
bw1-109,Psychic Energy,Energy,Basic,bw1,,21
sv4-217,Froslass ex,Pokémon,"Stage 1,Tera,ex",sv4,76,32
sv4pt5-161,Dachsbun,Pokémon,Stage 1,sv4pt5,351,31
swsh8-120,Deoxys,Pokémon,"Basic,Fusion Strike,Single Strike,Rapid Strike",swsh8,112,34
swsh6-1,Weedle,Pokémon,"Basic,Single Strike",swsh6,351,21
dp2-18,Uxie,Pokémon,Basic,dp2,232,34
sm12-12,Tropius,Pokémon,Basic,sm12,129,29
sv8-242,Alolan Exeggutor ex,Pokémon,"Stage 1,Tera,ex",sv8,,5
swshp-SWSH105,Gardevoir V,Pokémon,"Basic,V",swshp,76,38
bw3-51,Duosion,Pokémon,Stage 1,bw3,254,29
swsh1-110,Sandaconda,Pokémon,Stage 1,swsh1,214,34
ex15-15,Dewgong δ,Pokémon,Stage 1,ex15,191,2
sm1-81,Carvanha,Pokémon,Basic,sm1,125,21
sv1-206,Wiglett,Pokémon,Basic,sv1,273,7
dp6-54,Exeggutor,Pokémon,Stage 1,dp6,116,29
swsh12pt5-68,Graveler,Pokémon,Stage 1,swsh12pt5,305,29
neo2-66,Tyrogue,Pokémon,Baby,neo2,189,21
me1-111,Stufful,Pokémon,Basic,me1,,21
dp1-78,Cleffa,Pokémon,Basic,dp1,116,21
sma-SV11,Froakie,Pokémon,Basic,sma,254,9
sm8-196,Sceptile-GX,Pokémon,"Stage 2,GX",sm8,355,28
swsh6-164,Ice Rider Calyrex V,Pokémon,"Basic,V",swsh6,140,28
bw1-61,Throh,Pokémon,Basic,bw1,108,2
sv10-120,Team Rocket's Zubat,Pokémon,Basic,sv10,56,21
gym2-89,Misty's Poliwag,Pokémon,Basic,gym2,116,21
swsh12pt5-27,Salandit,Pokémon,Basic,swsh12pt5,333,21
sv5-15,Whimsicott,Pokémon,Stage 1,sv5,71,2
swsh12-64,Mismagius,Pokémon,Stage 1,swsh12,73,2
sv4-137,Skeledirge ex,Pokémon,"Stage 2,Tera,ex",sv4,76,14
sv4pt5-86,Paldean Student,Trainer,Supporter,sv4pt5,292,21
sv10-220,Emcee's Hype,Trainer,Supporter,sv10,365,32
bw2-35,Thundurus,Pokémon,Basic,bw2,76,34
ecard2-74,Drowzee,Pokémon,Basic,ecard2,294,21
sv4pt5-230,Paldean Student,Trainer,Supporter,sv4pt5,365,32
swsh1-39,Centiskorch,Pokémon,Stage 1,swsh1,277,2
sv1-234,Oinkologne ex,Pokémon,"Stage 1,ex",sv1,207,32
ex11-87,Weedle,Pokémon,Basic,ex11,191,21
swshp-SWSH085,Boltund V,Pokémon,"Basic,V",swshp,207,38
ecard2-37,Suicune,Pokémon,Basic,ecard2,191,2
xy10-24,Rotom,Pokémon,Basic,xy10,17,2
sv7-80,Medicham ex,Pokémon,"Stage 1,ex",sv7,,14
swsh45sv-SV070,Silicobra,Pokémon,Basic,swsh45sv,340,9
sv10-9,Mow Rotom,Pokémon,Basic,sv10,190,21
xy2-29,Floatzel,Pokémon,Stage 1,xy2,194,2
sv4-241,Rika,Trainer,Supporter,sv4,94,32
swsh5-159,Cheryl,Trainer,Supporter,swsh5,55,28
pl1-51,Kirlia,Pokémon,Stage 1,pl1,284,29
me1-188,Mega Lucario ex,Pokémon,"Stage 1,MEGA,ex",me1,,17
sv3pt5-178,Tangela,Pokémon,Basic,sv3pt5,145,7
sv6pt5-42,Copperajah,Pokémon,Stage 1,sv6pt5,,2
sv4-111,Golbat,Pokémon,Stage 1,sv4,377,21
dp5-36,Fearow,Pokémon,Stage 1,dp5,116,29
sm9-5,Beedrill,Pokémon,Stage 2,sm9,273,2
ex1-43,Silcoon,Pokémon,Stage 1,ex1,163,29
ex10-14,Slowking,Pokémon,Stage 1,ex10,198,34
swsh5-52,Yamper,Pokémon,Basic,swsh5,254,21
bw2-42,Sigilyph,Pokémon,Basic,bw2,167,29
pl4-61,Croagunk,Pokémon,Basic,pl4,17,21
ex16-30,Glalie,Pokémon,Stage 1,ex16,116,29
swsh6-159,Spiral Energy,Energy,"Special,Rapid Strike",swsh6,,29
sm10-100,Tyrogue,Pokémon,Basic,sm10,40,29
swsh6-225,Echoing Horn,Trainer,"Item,Rapid Strike",swsh6,296,27
xy8-126,Staravia,Pokémon,Stage 1,xy8,38,29
hgss3-33,Raichu,Pokémon,Stage 1,hgss3,112,29
dp2-52,Happiny,Pokémon,Basic,dp2,43,29
sv7-125,Dubwool,Pokémon,Stage 1,sv7,,29
ex8-93,Boost Energy,Energy,Special,ex8,176,29
swsh12pt5gg-GG29,Bidoof,Pokémon,Basic,swsh12pt5gg,112,37
swsh12-155,Emergency Jelly,Trainer,"Item,Pokémon Tool",swsh12,26,29
sm6-57,Cubone,Pokémon,Basic,sm6,129,21
np-12,Pikachu,Pokémon,Basic,np,112,38
svp-39,Mawile,Pokémon,Basic,svp,224,38
dp7-93,Switch,Trainer,Item,dp7,232,21
bw9-42,Nidoqueen,Pokémon,Stage 2,bw9,71,2
sv7-87,Crabrawler,Pokémon,Basic,sv7,,21
bw1-63,Sandile,Pokémon,Basic,bw1,284,21
sv7-35,Finneon,Pokémon,Basic,sv7,,21
smp-SM242,Eevee-GX,Pokémon,"Basic,GX",smp,207,38
sm8-110,Sudowoodo,Pokémon,Basic,sm8,116,29
xy4-55,Spiritomb,Pokémon,Basic,xy4,216,2
sm12-251,Charizard & Braixen-GX,Pokémon,"Basic,TAG TEAM,GX",sm12,76,20
xy0-12,Froakie,Pokémon,Basic,xy0,76,13
bw4-41,Zapdos,Pokémon,Basic,bw4,232,34
bw1-44,Joltik,Pokémon,Basic,bw1,112,21
pl1-84,Nosepass,Pokémon,Basic,pl1,108,21
swsh12-146,Archen,Pokémon,Stage 1,swsh12,6,29
dp6-96,Gloom,Pokémon,Stage 1,dp6,125,21
base6-82,Nidoran ♀,Pokémon,Basic,base6,116,21
sv3-126,Paldean Wooper,Pokémon,Basic,sv3,322,21
bw6-66,Boldore,Pokémon,Stage 1,bw6,162,29
swsh10-147,Irida,Trainer,Supporter,swsh10,215,34
sv2-90,Gothita,Pokémon,Basic,sv2,131,21
np-39,Rayquaza ex,Pokémon,"Basic,EX",np,232,38
sv6pt5-68,Duskull,Pokémon,Basic,sv6pt5,,7
xy4-36,Wobbuffet,Pokémon,Basic,xy4,254,29
ex15-40,Swellow δ,Pokémon,Stage 1,ex15,125,29
pl2-91,Flint's Willpower,Trainer,Supporter,pl2,116,29
me2-128,Mega Lopunny ex,Pokémon,"Stage 1,MEGA,ex",me2,35,5
xy10-35,Reuniclus,Pokémon,Stage 2,xy10,293,2
sv4pt5-31,Mime Jr.,Pokémon,Basic,sv4pt5,12,21
me1-58,Ralts,Pokémon,Basic,me1,,21
sm10-61,Muk & Alolan Muk-GX,Pokémon,"Basic,TAG TEAM,GX",sm10,108,10
sv1-251,Miriam,Trainer,Supporter,sv1,340,5
xy9-18,Golduck BREAK,Pokémon,BREAK,xy9,76,15
sm3-158,Darkrai-GX,Pokémon,"Basic,GX",sm3,76,20
xy5-27,Combusken,Pokémon,Stage 1,xy5,73,29
dp1-68,Unown [D],Pokémon,Basic,dp1,240,29
swsh7-143,Copycat,Trainer,Supporter,swsh7,351,29
sm8-178,Heat Factory ◇,Trainer,"Stadium,Prism Star",sm8,76,18
swsh10-119,Eevee,Pokémon,Basic,swsh10,129,21
smp-SM247,Reshiram & Charizard-GX,Pokémon,"Basic,TAG TEAM,GX",smp,207,38
xy5-129,Fresh Water Set,Trainer,Item,xy5,334,29
ecard2-24,Nidoking,Pokémon,Stage 2,ecard2,284,2
sv9-150,Levincia,Trainer,Stadium,sv9,226,29
swsh10-108,Registeel,Pokémon,Basic,swsh10,134,2
col1-47,Mime Jr.,Pokémon,Basic,col1,253,29
sv7-26,Scorbunny,Pokémon,Basic,sv7,,21
swsh5-152,Rapid Strike Urshifu V,Pokémon,"Basic,V,Rapid Strike",swsh5,336,28
sm1-158,Nest Ball,Trainer,Item,sm1,334,27
swsh7-27,Tentacruel,Pokémon,Stage 1,swsh7,40,29
swsh12pt5-57,Exeggcute,Pokémon,Basic,swsh12pt5,200,21
xyp-XY184,Giratina,Pokémon,Basic,xyp,76,38
sv6pt5-7,Houndour,Pokémon,Basic,sv6pt5,,21
pop2-17,Celebi ex,Pokémon,"Basic,ex",pop2,232,2
swsh5-127,Fan of Waves,Trainer,"Item,Rapid Strike",swsh5,60,29
hgss3-63,Pineco,Pokémon,Basic,hgss3,271,21
swsh9-50,Luxio,Pokémon,Stage 1,swsh9,346,29
neo1-48,Seadra,Pokémon,Stage 1,neo1,257,29
sv3-51,Palpitoad,Pokémon,Stage 1,sv3,129,21
dp1-95,Rhyhorn,Pokémon,Basic,dp1,162,21
hgss2-52,Magmar,Pokémon,Basic,hgss2,163,21
hgss1-45,Mantine,Pokémon,Basic,hgss1,284,29
dp1-111,Pokédex HANDY910is,Trainer,Item,dp1,232,29
xy7-49,Metagross,Pokémon,Stage 2,xy7,215,2
ex12-50,Chinchou,Pokémon,Basic,ex12,34,21
swsh10-88,Hisuian Qwilfish,Pokémon,Basic,swsh10,162,21
base3-31,Arbok,Pokémon,Stage 1,base3,116,29
xy0-34,Crushing Hammer,Trainer,Item,xy0,76,13
ex3-28,Forretress,Pokémon,Stage 1,ex3,108,29
swshp-SWSH181,Vaporeon V,Pokémon,"Basic,V,Rapid Strike",swshp,98,38
sv1-8,Scatterbug,Pokémon,Basic,sv1,129,21
swsh9-88,Honchkrow V,Pokémon,"Basic,V",swsh9,336,16
pl2-12,Roserade GL,Pokémon,"Basic,SP",pl2,194,34
swsh5-118,Bouffalant,Pokémon,Basic,swsh5,214,29
sm7-22,Dhelmise,Pokémon,Basic,sm7,271,2
bw3-80,Escavalier,Pokémon,Stage 1,bw3,112,2
base6-26,Jynx,Pokémon,Basic,base6,116,2
sv1-140,Varoom,Pokémon,Basic,sv1,317,21
xy6-110,VS Seeker,Trainer,Item,xy6,76,27
bw5-110,Archeops,Pokémon,Stage 1,bw5,76,27
sm9-39,Electrode,Pokémon,Stage 1,sm9,165,34
xy2-4,Pineco,Pokémon,Basic,xy2,38,21
sm11-194,Ear-Ringing Bell,Trainer,Pokémon Tool,sm11,334,29
swshp-SWSH285,Pikachu V,Pokémon,"Basic,V",swshp,273,38
ex16-19,Ninetales,Pokémon,Stage 1,ex16,39,2
xy3-50,Breloom,Pokémon,Stage 1,xy3,75,2
sv10-53,Cynthia's Milotic,Pokémon,Stage 1,sv10,273,29
sm4-105,Guzzlord-GX,Pokémon,"Basic,GX,Ultra Beast",sm4,76,28
ecard2-50,Golduck,Pokémon,Stage 1,ecard2,125,29
bw9-118,Sigilyph,Pokémon,Basic,bw9,281,27
xy4-104,Shauna,Trainer,Supporter,xy4,116,29
sv1-189,Professor's Research (Professor Sada),Trainer,Supporter,sv1,215,2
sv7-13,Dipplin,Pokémon,Stage 1,sv7,,21
swsh12-67,Ralts,Pokémon,Basic,swsh12,368,21
neo1-31,Croconaw,Pokémon,Stage 1,neo1,116,29
bw10-56,Houndoom,Pokémon,Stage 1,bw10,317,34
xy8-59,Haunter,Pokémon,Stage 1,xy8,198,29
rsv10pt5-102,Lampent,Pokémon,Stage 1,rsv10pt5,303,7
swsh1-86,Wobbuffet V,Pokémon,"Basic,V",swsh1,281,16
neo3-52,Skiploom,Pokémon,Stage 1,neo3,108,21
hgss1-23,Hypno,Pokémon,Stage 1,hgss1,117,2
svp-94,Bellibolt,Pokémon,Stage 1,svp,71,38
swsh8-150,Stufful,Pokémon,Basic,swsh8,140,21
swsh8-192,Copperajah,Pokémon,"Stage 1,Single Strike",swsh8,105,29
dp7-33,Budew,Pokémon,Basic,dp7,43,29
pl3-113,Meditite,Pokémon,Basic,pl3,162,21
bw7-59,Spoink,Pokémon,Basic,bw7,125,21
ex10-2,Ariados,Pokémon,Stage 1,ex10,108,34
sv8pt5-123,Professor's Research,Trainer,Supporter,sv8pt5,,21
dp5-3,Darkrai,Pokémon,Basic,dp5,108,34
xy12-91,Grass Energy,Energy,Basic,xy12,,21
basep-6,Arcanine,Pokémon,Stage 1,basep,116,38
bw2-83,Audino,Pokémon,Basic,bw2,162,29
ex10-110,Typhlosion ex,Pokémon,"Stage 2,ex",ex10,108,33
swsh6-199,Celebi VMAX,Pokémon,VMAX,swsh6,70,20
sv5-58,Yamper,Pokémon,Basic,sv5,346,21
dp5-55,Chatot,Pokémon,Basic,dp5,162,21
ecard3-8,Flareon,Pokémon,Stage 1,ecard3,271,2
sm35-67,Switch,Trainer,Item,sm35,232,29
sm11-236,Poké Maniac,Trainer,Supporter,sm11,75,28
dpp-DP27,Palkia,Pokémon,Basic,dpp,335,38
sv2-39,Charcadet,Pokémon,Basic,sv2,105,21
rsv10pt5-112,Vanillish,Pokémon,Stage 1,rsv10pt5,52,7
sm6-79,Yveltal-GX,Pokémon,"Basic,GX",sm6,76,10
pop6-2,Lucario,Pokémon,Stage 1,pop6,112,2
sv4-211,Aipom,Pokémon,Basic,sv4,43,7
sv1-148,Starly,Pokémon,Basic,sv1,43,21
sm11-10,Dwebble,Pokémon,Basic,sm11,73,21
swsh6-145,Klara,Trainer,Supporter,swsh6,116,29
sv7-43,Chewtle,Pokémon,Basic,sv7,,21
sma-SV54,Articuno-GX,Pokémon,"Basic,GX",sma,76,35
pl2-23,Golem E4,Pokémon,"Basic,SP",pl2,162,2
sm2-1,Bellsprout,Pokémon,Basic,sm2,308,21
base2-47,Tauros,Pokémon,Basic,base2,162,29
sv3-67,Tynamo,Pokémon,Basic,sv3,162,21
swsh12-206,Lance,Trainer,Supporter,swsh12,66,20
zsv10pt5-31,Eelektrik,Pokémon,Stage 1,zsv10pt5,245,29
swsh9-86,Sneasel,Pokémon,Basic,swsh9,156,21
sv8-11,Zarude,Pokémon,Basic,sv8,,2
swsh8-157,Gengar VMAX,Pokémon,"VMAX,Single Strike",swsh8,76,25
sv6-128,Dreepy,Pokémon,Basic,sv6,104,21
sv4-46,Tsareena ex,Pokémon,"Stage 2,Tera,ex",sv4,76,14
ex5-70,Rhyhorn,Pokémon,Basic,ex5,191,21
neo3-23,Skarmory,Pokémon,Basic,neo3,308,2
ex7-60,Houndour,Pokémon,Basic,ex7,17,21
ex7-42,Dark Weezing,Pokémon,Stage 1,ex7,108,29
bw6-54,Garbodor,Pokémon,Stage 1,bw6,73,34
sv4pt5-100,Snover,Pokémon,Basic,sv4pt5,332,31
svp-52,Mewtwo,Pokémon,Basic,svp,352,38
ex13-19,Bellossom δ,Pokémon,Stage 2,ex13,162,2
sv3-227,Poppy,Trainer,Supporter,sv3,196,5
sv5-11,Grotle,Pokémon,Stage 1,sv5,9,21
dp7-SH2,Duskull,Pokémon,Basic,dp7,112,2
sv7-155,Archaludon,Pokémon,Stage 1,sv7,,7
bw11-43,Kyurem,Pokémon,Basic,bw11,198,34
xy7-60,Goodra,Pokémon,Stage 2,xy7,332,34
sv8pt5-144,Leafeon ex,Pokémon,"Stage 1,Tera,ex",sv8pt5,,5
bw9-70,Krookodile,Pokémon,"Stage 2,Team Plasma",bw9,76,2
sm1-92,Cutiefly,Pokémon,Basic,sm1,75,21
sv8-199,Spheal,Pokémon,Basic,sv8,,7
sm10-15,Victreebel,Pokémon,Stage 2,sm10,277,2
swsh9-66,Sigilyph,Pokémon,Basic,swsh9,125,29
swsh12-136,Regidrago VSTAR,Pokémon,VSTAR,swsh12,99,24
bw5-64,Sandile,Pokémon,Basic,bw5,163,21
sm8-224,Genesect-GX,Pokémon,"Basic,GX",sm8,355,20
xy8-34,Glalie-EX,Pokémon,"Basic,EX",xy8,297,33
bw8-39,Jellicent,Pokémon,"Stage 1,Team Plasma",bw8,76,2
swsh12pt5gg-GG65,Raihan,Trainer,Supporter,swsh12pt5gg,94,28
xy1-115,Cassius,Trainer,Supporter,xy1,117,29
sm10-152,Lickitung,Pokémon,Basic,sm10,293,21
bw6-55,Gothita,Pokémon,Basic,bw6,308,21
bw4-32,Vanillish,Pokémon,Stage 1,bw4,71,29
swsh6-210,Agatha,Trainer,Supporter,swsh6,81,20
swsh12pt5-138,Pokémon Catcher,Trainer,Item,swsh12pt5,232,29
base6-54,Metapod,Pokémon,Stage 1,base6,116,29
dp1-42,Wynaut,Pokémon,Basic,dp1,117,2
sm12-223,Naganadel & Guzzlord-GX,Pokémon,"Basic,TAG TEAM,GX,Ultra Beast",sm12,76,28
swsh12pt5-135,Lost Vacuum,Trainer,Item,swsh12pt5,74,29
swsh10tg-TG21,Zacian V,Pokémon,"Basic,V",swsh10tg,8,16
swsh9tg-TG13,Boltund V,Pokémon,"Basic,V",swsh9tg,94,16
smp-SM212,Gyarados-GX,Pokémon,"Stage 1,GX",smp,76,38
dp2-1,Aggron,Pokémon,Stage 2,dp2,112,34
xy7-6,Ariados,Pokémon,Stage 1,xy7,163,29
bw11-93,Rayquaza,Pokémon,Basic,bw11,317,34
pl3-62,Ivysaur,Pokémon,Stage 1,pl3,194,29
sv2-55,Cetitan,Pokémon,Stage 1,sv2,187,29
swsh6-109,Aron,Pokémon,Basic,swsh6,271,21
base2-60,Pikachu,Pokémon,Basic,base2,116,21
pl1-116,Team Galactic's Invention G-101 Energy Gain,Trainer,Pokémon Tool,pl1,258,29
xy7-13,Flareon,Pokémon,Stage 1,xy7,254,29
ecard1-29,Tyranitar,Pokémon,Stage 2,ecard1,259,34
xy10-42,Pupitar,Pokémon,Stage 1,xy10,167,29
rsv10pt5-108,Basculin,Pokémon,Basic,rsv10pt5,155,7
sv8-12,Capsakid,Pokémon,Basic,sv8,,21
sm1-74,Sandygast,Pokémon,Basic,sm1,340,21
swsh45sv-SV081,Nickit,Pokémon,Basic,swsh45sv,332,9
sv4pt5-59,Paldean Clodsire ex,Pokémon,"Stage 1,ex",sv4pt5,336,14
cel25-21,Solgaleo,Pokémon,Stage 2,cel25,215,34
xy11-70,Bastiodon,Pokémon,Stage 1,xy11,167,2
sm6-8,Vivillon,Pokémon,Stage 2,sm6,340,2
swsh4-128,Magearna,Pokémon,Basic,swsh4,305,34
bw8-110,Patrat,Pokémon,Basic,bw8,112,21
me2-110,Oricorio ex,Pokémon,"Basic,ex",me2,76,32
bw3-50,Solosis,Pokémon,Basic,bw3,191,21
xy10-1,Shuckle,Pokémon,Basic,xy10,254,29
sv9-176,Hop's Zacian ex,Pokémon,"Basic,ex",sv9,207,32
xy2-88,Blacksmith,Trainer,Supporter,xy2,117,29
bw7-75,Gothita,Pokémon,Basic,bw7,116,21
sv6-133,Chansey,Pokémon,Basic,sv6,12,21
sv10-186,Crustle,Pokémon,Stage 1,sv10,279,7
sv8-61,Rotom,Pokémon,Basic,sv8,,21
dp6-93,Exeggcute,Pokémon,Basic,dp6,198,21
sv10-174,Team Rocket's Giovanni,Trainer,Supporter,sv10,120,29
sv5-77,Scream Tail,Pokémon,"Basic,Ancient",sv5,73,29
swsh10tg-TG15,Ice Rider Calyrex VMAX,Pokémon,VMAX,swsh10tg,75,25
swsh35-63,Rotom Bike,Trainer,Item,swsh35,76,29
ex10-93,Warp Point,Trainer,Item,ex10,307,29
swsh8-256,Greedent V,Pokémon,"Basic,V",swsh8,336,28
pl2-39,Electrode G,Pokémon,"Basic,SP",pl2,203,29
swsh45sv-SV044,Morpeko,Pokémon,Basic,swsh45sv,340,9
me2-60,Carvanha,Pokémon,Basic,me2,317,21
swsh9-116,Castform,Pokémon,Basic,swsh9,73,21
hgss4-52,Wailmer,Pokémon,Basic,hgss4,163,29
swsh7-218,Rayquaza VMAX,Pokémon,"VMAX,Rapid Strike",swsh7,277,20
sm6-45,Meowstic,Pokémon,Stage 1,sm6,131,2
bw3-49,Garbodor,Pokémon,Stage 1,bw3,167,29
swshp-SWSH035,Decidueye,Pokémon,Stage 2,swshp,224,38
base4-67,Bulbasaur,Pokémon,Basic,base4,108,21
sm10-204,Gardevoir & Sylveon-GX,Pokémon,"Basic,TAG TEAM,GX",sm10,76,28
pl1-100,Torkoal,Pokémon,Basic,pl1,112,21
xy2-109,M Kangaskhan-EX,Pokémon,"MEGA,EX",xy2,76,27
dp5-19,Flareon,Pokémon,Stage 1,dp5,108,2
smp-SM241,Umbreon & Darkrai-GX,Pokémon,"Basic,TAG TEAM,GX",smp,62,38
sm2-38,Wishiwashi-GX,Pokémon,"Basic,GX",sm2,76,10
swsh12-212,Energy Switch,Trainer,Item,swsh12,334,27
swsh4-36,Galarian Darmanitan V,Pokémon,"Basic,V",swsh4,76,16
sm115-67,Giovanni's Exile,Trainer,Supporter,sm115,142,28
bw9-55,Yamask,Pokémon,Basic,bw9,162,21
sm11-63,Tynamo,Pokémon,Basic,sm11,40,21
dp4-78,Makuhita,Pokémon,Basic,dp4,191,21
hgss4-2,Altaria,Pokémon,Stage 1,hgss4,232,34
swsh10-202,Gardenia's Vigor,Trainer,Supporter,swsh10,339,20
base4-102,Imposter Professor Oak,Trainer,,base4,116,2
sm10-56,Stunfisk,Pokémon,Basic,sm10,129,2
svp-169,Jolteon,Pokémon,Stage 1,svp,82,38
sv1-237,Katy,Trainer,Supporter,sv1,340,32
g1-77,Water Energy,Energy,Basic,g1,,21
swsh12-20,Arcanine,Pokémon,Stage 1,swsh12,140,2
hgss2-3,Manaphy,Pokémon,Basic,hgss2,117,34
neo1-109,Lightning Energy,Energy,Basic,neo1,307,13
pop9-12,Buneary,Pokémon,Basic,pop9,198,21
xy11-3,Hoppip,Pokémon,Basic,xy11,40,21
ex13-15,Raichu δ,Pokémon,Stage 1,ex13,117,34
dp7-40,Haunter,Pokémon,Stage 1,dp7,293,29
neo1-89,Super Energy Retrieval,Trainer,,neo1,307,2
hgss1-66,Hoothoot,Pokémon,Basic,hgss1,38,21
ex2-32,Baltoy,Pokémon,Basic,ex2,198,29
ex5-8,Jirachi,Pokémon,Basic,ex5,232,34
sv4pt5-192,Varoom,Pokémon,Basic,sv4pt5,117,31
swsh11tg-TG20,Crobat V,Pokémon,"Basic,V",swsh11tg,376,16
base4-54,Nidorino,Pokémon,Stage 1,base4,108,29
dp3-54,Lombre,Pokémon,Stage 1,dp3,112,29
svp-185,Yanma,Pokémon,Basic,svp,31,38
zsv10pt5-165,Kyurem ex,Pokémon,"Basic,ex",zsv10pt5,24,5
base2-16,Wigglytuff,Pokémon,Stage 1,base2,108,34
mcd22-11,Cutiefly,Pokémon,Basic,mcd22,293,13
swsh9-122,Arceus V,Pokémon,"Basic,V",swsh9,275,16
dp6-99,Hitmonchan,Pokémon,Basic,dp6,116,21
sm1-110,Gumshoos-GX,Pokémon,"Stage 1,GX",sm1,76,10
rsv10pt5-51,Archeops,Pokémon,Stage 2,rsv10pt5,287,2
sm3-157,Alolan Muk-GX,Pokémon,"Stage 1,GX",sm3,76,20
swsh10-130,Regigigas,Pokémon,Basic,swsh10,128,34
sm11-86,Giratina,Pokémon,Basic,sm11,6,34
swshp-SWSH121,Marnie,Trainer,Supporter,swshp,292,38
swshp-SWSH215,Morpeko V-UNION,Pokémon,V-UNION,swshp,108,38
swsh4-106,Drapion V,Pokémon,"Basic,V",swsh4,297,16
sv8-93,Indeedee,Pokémon,Basic,sv8,,29
sv10-17,Dipplin,Pokémon,Stage 1,sv10,90,21
bw11-65,Swoobat,Pokémon,Stage 1,bw11,117,29
sm8-67,Primarina,Pokémon,Stage 2,sm8,317,2
swsh6-226,Fan of Waves,Trainer,"Item,Rapid Strike",swsh6,60,27
xy4-107,Tierno,Trainer,Supporter,xy4,116,29
sm12-114,Drilbur,Pokémon,Basic,sm12,38,21
sv5-185,Torterra ex,Pokémon,"Stage 2,ex",sv5,70,32
base1-25,Dewgong,Pokémon,Stage 1,base1,108,29
rsv10pt5-117,Galvantula,Pokémon,Stage 1,rsv10pt5,340,7
xy1-114,Furfrou,Pokémon,Basic,xy1,76,34
ex10-64,Oddish,Pokémon,Basic,ex10,112,21
sm115-40,Clefable,Pokémon,Stage 1,sm115,254,2
sv5-79,Iron Valiant,Pokémon,"Basic,Future",sv5,356,29
swsh45sv-SV025,Sobble,Pokémon,Basic,swsh45sv,332,9
me2-122,Sacred Charm,Trainer,Pokémon Tool,me2,334,32
sv3pt5-71,Victreebel,Pokémon,Stage 2,sv3pt5,245,29
dp2-39,Walrein,Pokémon,Stage 2,dp2,198,2
dp6-84,Beldum,Pokémon,Basic,dp6,117,21
sv8pt5-130,Techno Radar,Trainer,"Item,Future",sv8pt5,,29
swsh5-141,Single Strike Energy,Energy,"Special,Single Strike",swsh5,,29
bw11-100,Black Kyurem-EX,Pokémon,"Basic,EX",bw11,297,33
bw8-4,Combee,Pokémon,Basic,bw8,293,21
dp2-78,Croagunk,Pokémon,Basic,dp2,116,21
xy8-80,Swinub,Pokémon,Basic,xy8,191,21
swsh9-82,Golett,Pokémon,Basic,swsh9,297,21
zsv10pt5-58,Krokorok,Pokémon,Stage 1,zsv10pt5,3,21
sv8-39,Paldean Tauros,Pokémon,Basic,sv8,,29
dp3-105,Shellder,Pokémon,Basic,dp3,116,21
swsh45sv-SV024,Galarian Darmanitan,Pokémon,Stage 1,swsh45sv,214,9
swsh6-200,Blaziken VMAX,Pokémon,"VMAX,Rapid Strike",swsh6,305,20
sv3-204,Houndour,Pokémon,Basic,sv3,186,7
sm10-75,Mewtwo,Pokémon,Basic,sm10,317,2
sv1-249,Arven,Trainer,Supporter,sv1,91,5
swsh6-26,Scorbunny,Pokémon,"Basic,Single Strike",swsh6,223,21
ex12-6,Golem,Pokémon,Stage 2,ex12,163,34
bw5-19,Heatmor,Pokémon,Basic,bw5,108,2
ex12-55,Growlithe,Pokémon,Basic,ex12,194,21
mcd19-10,Alolan Meowth,Pokémon,Basic,mcd19,340,13
hgss1-14,Ampharos,Pokémon,Stage 2,hgss1,117,2
me1-83,Naclstack,Pokémon,Stage 1,me1,,21
ecard1-17,Magby,Pokémon,Baby,ecard1,108,34
xy10-17,Omanyte,Pokémon,Restored,xy10,90,29
swsh7-166,Leafeon V,Pokémon,"Basic,V",swsh7,76,28
xy1-64,Solrock,Pokémon,Basic,xy1,73,29
xy12-71,Porygon,Pokémon,Basic,xy12,39,29
me1-53,Heliolisk,Pokémon,Stage 1,me1,,21
bw2-39,Whirlipede,Pokémon,Stage 1,bw2,317,29
ex10-9,Meganium,Pokémon,Stage 2,ex10,191,34
rsv10pt5-23,Samurott,Pokémon,Stage 2,rsv10pt5,118,2
dp1-99,Skorupi,Pokémon,Basic,dp1,112,21
xy5-5,Tangrowth,Pokémon,Stage 1,xy5,267,2
base6-69,Caterpie,Pokémon,Basic,base6,116,21
swsh6-6,Heracross,Pokémon,"Basic,Single Strike",swsh6,264,21
sv6-139,Ducklett,Pokémon,Basic,sv6,322,21
xy9-103,Max Potion,Trainer,Item,xy9,334,29
xy11-83,Druddigon,Pokémon,Basic,xy11,73,2
sv4pt5-113,Oricorio,Pokémon,Basic,sv4pt5,340,31
sv6-35,Darmanitan,Pokémon,Stage 1,sv6,371,29
swsh12-75,Sigilyph,Pokémon,Basic,swsh12,128,29
sv4-27,Armarouge ex,Pokémon,"Stage 1,ex",sv4,356,14
ex9-54,Makuhita,Pokémon,Basic,ex9,112,21
ex13-26,Rayquaza δ,Pokémon,Basic,ex13,232,2
sm75-27,Corsola,Pokémon,Basic,sm75,162,21
sv8-160,Flamigo ex,Pokémon,"Basic,ex",sv8,,14
sm11-108,Breloom,Pokémon,Stage 1,sm11,191,29
swsh9-74,Trapinch,Pokémon,Basic,swsh9,200,21
xyp-XY127,Moltres,Pokémon,Basic,xyp,288,38
bw5-86,Lillipup,Pokémon,Basic,bw5,271,21
swsh6-65,Golett,Pokémon,Basic,swsh6,131,21
base4-7,Gyarados,Pokémon,Stage 1,base4,108,34
sm2-88,Clefairy,Pokémon,Basic,sm2,162,21
xy11-62,Spiritomb,Pokémon,Basic,xy11,116,2
swshp-SWSH149,Flareon V,Pokémon,"Basic,V,Single Strike",swshp,76,38
base6-46,Haunter,Pokémon,Stage 1,base6,116,29
pop7-5,Mothim,Pokémon,Stage 1,pop7,205,2
swsh9-25,Monferno,Pokémon,Stage 1,swsh9,105,29
base3-1,Aerodactyl,Pokémon,Stage 1,base3,162,34
sv9-77,Swinub,Pokémon,Basic,sv9,313,21
zsv10pt5-42,Golett,Pokémon,Basic,zsv10pt5,146,21
swsh2-46,Seismitoad,Pokémon,Stage 2,swsh2,172,2
mcd12-4,Pignite,Pokémon,Stage 1,mcd12,112,13
sm8-27,Cascoon,Pokémon,Stage 1,sm8,308,29
swsh9-153,Charizard V,Pokémon,"Basic,V",swsh9,275,28
swsh10-21,Ponyta,Pokémon,Basic,swsh10,211,21
swsh6-101,Qwilfish,Pokémon,"Basic,Single Strike",swsh6,277,21
sv4pt5-123,Finizen,Pokémon,Basic,sv4pt5,346,31
det1-5,Charizard,Pokémon,Stage 2,det1,220,28
xy7-24,Regice,Pokémon,Basic,xy7,189,2
swsh5-96,Houndoom,Pokémon,"Stage 1,Single Strike",swsh5,196,34
ecard3-118,Zubat,Pokémon,Basic,ecard3,271,21
xy7-92,M Tyranitar-EX,Pokémon,"MEGA,EX",xy7,76,28
xy4-79,Fearow,Pokémon,Stage 1,xy4,317,29
bw9-35,Chinchou,Pokémon,Basic,bw9,112,21
bw11-40,Tympole,Pokémon,Basic,bw11,271,21
swshp-SWSH168,Oricorio,Pokémon,"Basic,Fusion Strike",swshp,143,38
pop9-17,Turtwig,Pokémon,Basic,pop9,198,21
swsh5-43,Bruxish,Pokémon,Basic,swsh5,6,29
swsh1-20,Gossifleur,Pokémon,Basic,swsh1,332,21
swsh12pt5-86,Scizor,Pokémon,Stage 1,swsh12pt5,183,2
xy5-118,Bibarel,Pokémon,Stage 1,xy5,215,29
ex16-86,Root Fossil,Trainer,Item,ex16,232,21
dp5-61,Drifloon,Pokémon,Basic,dp5,117,21
gym2-91,Misty's Seel,Pokémon,Basic,gym2,116,21
sv1-107,Mankey,Pokémon,Basic,sv1,214,21
swsh2-163,Oleana,Trainer,Supporter,swsh2,171,29
xy1-11,Simisage,Pokémon,Stage 1,xy1,90,2
sv8-27,Sizzlipede,Pokémon,Basic,sv8,,21
sv9-110,Copperajah,Pokémon,Stage 1,sv9,66,29
sm8-213,Professor Elm's Lecture,Trainer,Supporter,sm8,37,28
ex7-57,Hoppip,Pokémon,Basic,ex7,271,21
swsh8-15,Virizion,Pokémon,Basic,swsh8,162,2
sm115-4,Paras,Pokémon,Basic,sm115,288,21
svp-172,Sylveon,Pokémon,Stage 1,svp,97,38
swsh12pt5-150,Professor's Research,Trainer,Supporter,swsh12pt5,351,28
neo4-51,Light Slowbro,Pokémon,Stage 1,neo4,17,29
bwp-BW67,Ampharos,Pokémon,Stage 2,bwp,292,38
swsh12pt5-119,Oranguru,Pokémon,Basic,swsh12pt5,333,2
sm1-18,Bounsweet,Pokémon,Basic,sm1,340,21
neo4-37,Dark Omanyte,Pokémon,Stage 1,neo4,17,29
swsh2-206,Big Charm,Trainer,Pokémon Tool,swsh2,100,27
bw9-12,Flareon,Pokémon,"Stage 1,Team Plasma",bw9,76,29
rsv10pt5-77,Bouffalant ex,Pokémon,"Basic,ex",rsv10pt5,70,14
sm9-19,Moltres,Pokémon,Basic,sm9,317,34
pl4-63,Electrike,Pokémon,Basic,pl4,317,21
bw9-15,Lampent,Pokémon,Stage 1,bw9,162,29
sm11-74,Exeggutor,Pokémon,Stage 1,sm11,215,2
swsh4-187,Galarian Darmanitan VMAX,Pokémon,VMAX,swsh4,76,20
swsh12pt5gg-GG23,Dunsparce,Pokémon,Basic,swsh12pt5gg,285,37
pl4-85,Department Store Girl,Trainer,Supporter,pl4,194,29
swsh45sv-SV059,Indeedee,Pokémon,Basic,swsh45sv,332,9
sv8pt5-44,Munkidori,Pokémon,Basic,sv8pt5,,2
ecard2-28,Porygon2,Pokémon,Stage 1,ecard2,136,2
ex14-43,Wartortle,Pokémon,Stage 1,ex14,191,29
sm5-19,Magmortar,Pokémon,Stage 1,sm5,214,34
ex12-61,Seedot,Pokémon,Basic,ex12,43,21
smp-SM108,Ash's Pikachu,Pokémon,Basic,smp,42,38
swsh9-169,Cynthia's Ambition,Trainer,Supporter,swsh9,184,28
swsh6-22,Castform Sunny Form,Pokémon,Basic,swsh6,43,21
swsh9-43,Beartic,Pokémon,Stage 1,swsh9,190,29
ex6-73,Pidgey,Pokémon,Basic,ex6,198,21
ex6-25,Hypno,Pokémon,Stage 1,ex6,293,2
sm11-150,Dragonair,Pokémon,Stage 1,sm11,129,29
pl2-11,Rampardos GL,Pokémon,"Basic,SP",pl2,38,34
sv5-37,Centiskorch,Pokémon,Stage 1,sv5,209,29
swsh6-44,Rapid Strike Urshifu,Pokémon,"Stage 1,Rapid Strike",swsh6,292,34
hsp-HGSS20,Entei,Pokémon,Basic,hsp,367,38
sv4pt5-155,Drifloon,Pokémon,Basic,sv4pt5,271,31
swsh9-83,Golurk,Pokémon,Stage 1,swsh9,308,2
bwp-BW74,Giratina,Pokémon,"Basic,Team Plasma",bwp,76,38
ex8-90,Professor Cozmo's Discovery,Trainer,Supporter,ex8,116,29
xy8-39,Snover,Pokémon,Basic,xy8,293,21
swsh10-133,Oranguru V,Pokémon,"Basic,V",swsh10,146,16
col1-82,Professor Elm's Training Method,Trainer,Supporter,col1,116,29
ex13-76,Pichu δ,Pokémon,Basic,ex13,112,21
neo2-28,Poliwrath,Pokémon,Stage 2,neo2,257,2
swsh1-10,Grookey,Pokémon,Basic,swsh1,292,21
sm10-125,Aggron,Pokémon,Stage 2,sm10,290,2
swsh3-126,Klang,Pokémon,Stage 1,swsh3,81,29
sm8-64,Popplio,Pokémon,Basic,sm8,75,21
swshp-SWSH135,Zacian LV.X,Pokémon,Level-Up,swshp,76,38
sm3-127,Wicke,Trainer,Supporter,sm3,236,29
sv8pt5-86,Regigigas,Pokémon,Basic,sv8pt5,,29
bw2-32,Emolga,Pokémon,Basic,bw2,112,21
ex13-54,Vibrava δ,Pokémon,Stage 1,ex13,117,29
gym1-122,Energy Flow,Trainer,,gym1,307,21
sv5-160,Salvatore,Trainer,Supporter,sv5,66,29
sv3pt5-47,Parasect,Pokémon,Stage 1,sv3pt5,170,29
swsh6-45,Ice Rider Calyrex V,Pokémon,"Basic,V",swsh6,54,16
sv7-36,Lumineon,Pokémon,Stage 1,sv7,,29
xy12-30,Staryu,Pokémon,Basic,xy12,307,21
sv8-184,Passho Berry,Trainer,Pokémon Tool,sv8,,29
sv2-112,Makuhita,Pokémon,Basic,sv2,285,21
bw2-73,Ferrothorn,Pokémon,Stage 1,bw2,117,29
xy11-49,Lampent,Pokémon,Stage 1,xy11,58,29
swsh10-92,Hisuian Sneasel,Pokémon,Basic,swsh10,71,21
sm3-43,Electivire,Pokémon,Stage 1,sm3,73,2
sv9-190,Spiky Energy,Energy,Special,sv9,,1
sv4pt5-159,Klefki,Pokémon,Basic,sv4pt5,156,31
swsh8-196,Sliggoo,Pokémon,Stage 1,swsh8,332,29
bw9-2,Kakuna,Pokémon,Stage 1,bw9,167,29
rsv10pt5-141,Garbodor,Pokémon,Stage 1,rsv10pt5,3,7
ex12-2,Aggron,Pokémon,Stage 2,ex12,294,34
swsh35-46,Nickit,Pokémon,Basic,swsh35,292,21
xyp-XY74,Reshiram,Pokémon,Basic,xyp,108,38
xy8-40,Abomasnow,Pokémon,Stage 1,xy8,284,2
ex13-77,Pidgey δ,Pokémon,Basic,ex13,108,21
sm5-53,Spiritomb,Pokémon,Basic,sm5,317,29
sv3-151,Togedemaru,Pokémon,Basic,sv3,333,21
sv1-191,Rare Candy,Trainer,Item,sv1,296,21
ex15-39,Smeargle δ,Pokémon,Basic,ex15,162,29
swsh9-109,Garchomp,Pokémon,Stage 2,swsh9,208,34
swsh12-112,Krokorok,Pokémon,Stage 1,swsh12,187,29
swsh3-68,Wigglytuff,Pokémon,Stage 1,swsh3,14,2
sv5-190,Wugtrio ex,Pokémon,"Stage 1,Tera,ex",sv5,76,32
swsh12-100,Palossand,Pokémon,Stage 1,swsh12,254,29
swsh12-124,Klang,Pokémon,Stage 1,swsh12,172,29
hgss1-13,Wobbuffet,Pokémon,Basic,hgss1,43,34
rsv10pt5-60,Garbodor,Pokémon,Stage 1,rsv10pt5,371,29
sv5-149,Future Booster Energy Capsule,Trainer,"Pokémon Tool,Future",sv5,76,29
ex16-87,Darkness Energy,Energy,Special,ex16,364,2
swsh5-26,Heatmor,Pokémon,Basic,swsh5,189,29
dpp-DP41,Toxicroak G,Pokémon,"Basic,SP",dpp,276,38
neo2-53,Caterpie,Pokémon,Basic,neo2,43,21
g1-42,Machamp,Pokémon,Stage 2,g1,216,34
pl2-60,Flareon E4,Pokémon,"Basic,SP",pl2,117,21
bw5-108,Tornadus-EX,Pokémon,"Basic,EX",bw5,76,28
sv2-42,Magikarp,Pokémon,Basic,sv2,12,21
neo1-19,Metal Energy,Energy,Special,neo1,364,34
svp-197,Koraidon ex,Pokémon,"Basic,ex",svp,70,38
swsh12pt5-143,Sky Seal Stone,Trainer,"Item,Pokémon Tool",swsh12pt5,26,34
xy4-21,Jellicent,Pokémon,Stage 1,xy4,117,2
xy8-86,Pancham,Pokémon,Basic,xy8,71,21
sm6-46,Honedge,Pokémon,Basic,sm6,116,21
ex7-25,Misdreavus,Pokémon,Basic,ex7,308,2
svp-130,Kingambit,Pokémon,Stage 2,svp,192,38
sv3pt5-107,Hitmonchan,Pokémon,Basic,sv3pt5,260,29
swsh12pt5-152,Grass Energy,Energy,Basic,swsh12pt5,,28
gym2-32,Blaine's Dodrio,Pokémon,Stage 1,gym2,116,29
base6-91,Sandshrew,Pokémon,Basic,base6,116,21
rsv10pt5-101,Litwick,Pokémon,Basic,rsv10pt5,284,7
xy7-88,M Ampharos-EX,Pokémon,"MEGA,EX",xy7,76,28
zsv10pt5-135,Sandile,Pokémon,Basic,zsv10pt5,132,7
zsv10pt5-101,Panpour,Pokémon,Basic,zsv10pt5,337,7
swsh45sv-SV003,Decidueye,Pokémon,Stage 2,swsh45sv,214,9
cel25-17,Groudon,Pokémon,Basic,cel25,66,2
sv8-26,Oricorio,Pokémon,Basic,sv8,,21
pop9-5,Rotom,Pokémon,Basic,pop9,117,2
sm10-223,Honchkrow-GX,Pokémon,"Stage 1,GX",sm10,60,20
swsh12pt5-104,Duraludon VMAX,Pokémon,"VMAX,Single Strike",swsh12pt5,336,25
xy10-124,Team Rocket's Handiwork,Trainer,Supporter,xy10,75,28
swsh2-97,Meditite,Pokémon,Basic,swsh2,293,21
xy7-39,Quagsire,Pokémon,Stage 1,xy7,284,21
swsh7-224,Raihan,Trainer,Supporter,swsh7,215,20
swsh6-176,Galarian Moltres V,Pokémon,"Basic,V",swsh6,207,28
sm8-12,Hoppip,Pokémon,Basic,sm8,73,21
swsh1-38,Sizzlipede,Pokémon,Basic,swsh1,112,21
sm4-119,Silvally-GX,Pokémon,"Stage 1,GX",sm4,76,20
sv9-86,Hop's Silicobra,Pokémon,Basic,sv9,7,21
gym2-31,Blaine's Charmeleon,Pokémon,Stage 1,gym2,116,29
swsh12pt5-157,Fighting Energy,Energy,Basic,swsh12pt5,,28
ex15-54,Mareep δ,Pokémon,Basic,ex15,34,21
sm8-112,Donphan,Pokémon,Stage 1,sm8,284,2
bw9-92,Noctowl,Pokémon,Stage 1,bw9,162,29
ex10-53,Clefairy,Pokémon,Basic,ex10,198,21
sv4-245,Garchomp ex,Pokémon,"Stage 2,Tera,ex",sv4,145,5
sv3-99,Greavard,Pokémon,Basic,sv3,322,21
sv4-3,Froslass ex,Pokémon,"Stage 1,Tera,ex",sv4,76,14
xy5-146,Camerupt-EX,Pokémon,"Basic,EX",xy5,232,28
dp4-72,Jigglypuff,Pokémon,Basic,dp4,133,21
sv9-93,Paldean Wooper,Pokémon,Basic,sv9,14,21
xy6-65,Spearow,Pokémon,Basic,xy6,117,21
pop6-11,Bidoof,Pokémon,Basic,pop6,108,21
pl3-130,Surskit,Pokémon,Basic,pl3,189,21
pop6-14,Chimchar,Pokémon,Basic,pop6,162,21
ecard1-6,Charizard,Pokémon,Stage 2,ecard1,69,34
pl2-50,Starmie,Pokémon,Stage 1,pl2,116,29
bw11-18,Charmeleon,Pokémon,Stage 1,bw11,340,29
smp-SM75,Registeel,Pokémon,Basic,smp,108,38
sv4-41,Panpour,Pokémon,Basic,sv4,84,21
base6-61,Raticate,Pokémon,Stage 1,base6,116,29
sm8-91,Unown,Pokémon,Basic,sm8,264,2
ex9-22,Breloom,Pokémon,Stage 1,ex9,108,29
smp-SM157,Pikachu,Pokémon,Basic,smp,184,38
swsh8-183,Excadrill,Pokémon,Stage 1,swsh8,14,29
ex2-91,Mysterious Fossil,Trainer,Item,ex2,307,21
sv3-43,Charcadet,Pokémon,Basic,sv3,332,21
xy10-115,Strong Energy,Energy,Special,xy10,76,29
sv8-72,Togekiss,Pokémon,Stage 2,sv8,,2
pl3-53,Carnivine,Pokémon,Basic,pl3,270,29
swsh7-126,Teddiursa,Pokémon,Basic,swsh7,71,21
hgss4-76,Skorupi,Pokémon,Basic,hgss4,125,21
sv5-25,Iron Leaves ex,Pokémon,"Basic,ex,Future",sv5,76,14
ex14-63,Squirtle,Pokémon,Basic,ex14,112,21
ex8-63,Lotad,Pokémon,Basic,ex8,116,21
sv5-175,Mudsdale,Pokémon,Stage 1,sv5,243,7
xy7-36,Hoopa-EX,Pokémon,"Basic,EX",xy7,196,33
ecard3-43,Piloswine,Pokémon,Stage 1,ecard3,257,29
base6-4,Dark Blastoise,Pokémon,Stage 2,base6,108,34
sv4-93,Groudon,Pokémon,Basic,sv4,146,2
xy1-42,Pikachu,Pokémon,Basic,xy1,267,21
smp-SM81,Pikachu,Pokémon,Basic,smp,351,38
sm3-126,Weakness Policy,Trainer,Pokémon Tool,sm3,281,29
ecard1-10,Dugtrio,Pokémon,Stage 1,ecard1,30,34
sv4-265,Luxurious Cape,Trainer,Pokémon Tool,sv4,334,1
bw2-14,Lilligant,Pokémon,Stage 1,bw2,317,29
hgss1-61,Cyndaquil,Pokémon,Basic,hgss1,162,21
neo4-71,Ledyba,Pokémon,Basic,neo4,17,21
sm115-19,Pikachu,Pokémon,Basic,sm115,162,21
sm11-44,Tirtouga,Pokémon,Stage 1,sm11,12,29
col1-10,Houndoom,Pokémon,Stage 1,col1,162,34
sm8-234,Net Ball,Trainer,Item,sm8,232,27
bwp-BW76,Electrode,Pokémon,"Stage 1,Team Plasma",bwp,76,38
me2-22,Dewgong,Pokémon,Stage 1,me2,256,21
swsh4-51,Electrike,Pokémon,Basic,swsh4,271,21
sv9-35,Lotad,Pokémon,Basic,sv9,231,21
swsh11-192,Iscan,Trainer,Supporter,swsh11,75,28
swsh3-5,Carnivine,Pokémon,Basic,swsh3,117,29
sv6-50,Milotic,Pokémon,Stage 1,sv6,256,29
hgss3-74,Flower Shop Lady,Trainer,Supporter,hgss3,194,29
gym2-59,Sabrina's Mr. Mime,Pokémon,Basic,gym2,116,29
dp4-86,Swablu,Pokémon,Basic,dp4,194,21
sm12-58,Tympole,Pokémon,Basic,sm12,165,21
gym1-4,Erika's Dragonair,Pokémon,Stage 1,gym1,191,34
swsh8-69,Simipour,Pokémon,Stage 1,swsh8,317,29
sm10-192,Pheromosa & Buzzwole-GX,Pokémon,"Basic,TAG TEAM,GX,Ultra Beast",sm10,215,28
base1-1,Alakazam,Pokémon,Stage 2,base1,116,34
xy1-52,Whirlipede,Pokémon,Stage 1,xy1,162,29
col1-25,Feraligatr,Pokémon,Stage 2,col1,73,2
base4-98,Voltorb,Pokémon,Basic,base4,307,21
dp3-53,Kirlia,Pokémon,Stage 1,dp3,117,29
swsh8-46,Sizzlipede,Pokémon,Basic,swsh8,58,21
base4-94,Starmie,Pokémon,Stage 1,base4,307,21
swsh6-228,Rugged Helmet,Trainer,Pokémon Tool,swsh6,60,27
dpp-DP45,Charizard G LV.X,Pokémon,"Level-Up,SP",dpp,374,38
xy2-79,M Kangaskhan-EX,Pokémon,"MEGA,EX",xy2,76,33
sv6-197,Scream Tail ex,Pokémon,"Basic,ex,Ancient",sv6,83,32
neo2-21,Forretress,Pokémon,Stage 1,neo2,111,2
swsh7-119,Drampa,Pokémon,Basic,swsh7,17,2
bw1-68,Scraggy,Pokémon,Basic,bw1,117,21
swsh6-72,Hattrem,Pokémon,Stage 1,swsh6,58,29
bw11-3,Shuckle,Pokémon,Basic,bw11,267,29
xyp-XY193,Meloetta,Pokémon,Basic,xyp,264,38
xy1-38,Simipour,Pokémon,Stage 1,xy1,112,2
swsh1-92,Diglett,Pokémon,Basic,swsh1,68,21
sv1-52,Quaxly,Pokémon,Basic,sv1,71,21
swsh9-167,Barry,Trainer,Supporter,swsh9,55,28
swsh4-76,Whimsicott,Pokémon,Stage 1,swsh4,284,2
swsh3-199,Big Parasol,Trainer,Pokémon Tool,swsh3,334,27
sm8-21,Grovyle,Pokémon,Stage 1,sm8,281,29
bw11-5,Carnivine,Pokémon,Basic,bw11,152,29
me1-16,Nincada,Pokémon,Basic,me1,,21
base3-2,Articuno,Pokémon,Basic,base3,108,34
xy7-99,Energy Retrieval,Trainer,Item,xy7,76,27
hgss3-22,Tropius,Pokémon,Basic,hgss3,117,2
swsh10-172,Machamp V,Pokémon,"Basic,V",swsh10,266,28
xyp-XY54,Blaziken-EX,Pokémon,"Basic,EX",xyp,297,38
sv8pt5-65,Roaring Moon,Pokémon,"Basic,Ancient",sv8pt5,,2
sm35-52,Zorua,Pokémon,Basic,sm35,183,21
svp-54,Greninja ex,Pokémon,"Stage 2,ex",svp,356,38
sv4pt5-165,Tinkatink,Pokémon,Basic,sv4pt5,156,31
base4-91,Sandshrew,Pokémon,Basic,base4,116,21
swsh10-104,Thievul,Pokémon,Stage 1,swsh10,88,2
dpp-DP46,Garchomp C LV.X,Pokémon,"Level-Up,SP",dpp,298,38
swsh7-188,Umbreon V,Pokémon,"Basic,V,Single Strike",swsh7,76,28
ex11-48,Magneton,Pokémon,Stage 1,ex11,162,29
pop1-7,Masquerain,Pokémon,Stage 1,pop1,162,29
ex9-83,Rare Candy,Trainer,Item,ex9,232,29
me2-24,Piloswine,Pokémon,Stage 1,me2,266,21
svp-99,Shroodle,Pokémon,Basic,svp,75,38
xy6-53,Altaria,Pokémon,Stage 1,xy6,108,29
swsh9-108,Gabite,Pokémon,Stage 1,swsh9,134,29
pl3-118,Pachirisu,Pokémon,Basic,pl3,162,21
sm8-54,Slowpoke,Pokémon,Basic,sm8,17,21
swsh3-23,Combusken,Pokémon,Stage 1,swsh3,183,29
base6-1,Alakazam,Pokémon,Stage 2,base6,116,34
swsh45sv-SV094,Cinccino,Pokémon,Stage 1,swsh45sv,215,9
sv5-179,Meltan,Pokémon,Basic,sv5,77,7
sv2-91,Gothorita,Pokémon,Stage 1,sv2,308,29
sv2-14,Floragato,Pokémon,Stage 1,sv2,214,29
dp1-52,Luxio,Pokémon,Stage 1,dp1,116,29
bw11-102,Lugia-EX,Pokémon,"Basic,EX,Team Plasma",bw11,334,33
swsh4-196,Nessa,Trainer,Supporter,swsh4,66,20
bw1-13,Deerling,Pokémon,Basic,bw1,191,21
xy8-21,Houndoom-EX,Pokémon,"Basic,EX",xy8,297,33
bw4-52,Grimer,Pokémon,Basic,bw4,162,21
xy8-128,Chatot,Pokémon,Basic,xy8,340,2
sv7-67,Dachsbun ex,Pokémon,"Stage 1,ex",sv7,,14
sm9-135,Brock's Grit,Trainer,Supporter,sm9,292,29
bw1-36,Ducklett,Pokémon,Basic,bw1,162,21
me2-86,Blowtorch,Trainer,Item,me2,334,29
sv5-56,Vikavolt,Pokémon,Stage 2,sv5,75,29
xy11-5,Jumpluff,Pokémon,Stage 2,xy11,38,2
xy8-91,Zoroark,Pokémon,Stage 1,xy8,73,34
sv8pt5-78,Noctowl,Pokémon,Stage 1,sv8pt5,,2
sv8-238,Pikachu ex,Pokémon,"Basic,Tera,ex",sv8,,5
swsh6-172,Shadow Rider Calyrex V,Pokémon,"Basic,V",swsh6,183,28
sm5-7,Turtwig,Pokémon,Basic,sm5,288,21
xy2-30,Bergmite,Pokémon,Basic,xy2,76,21
sm11-241,Raichu & Alolan Raichu-GX,Pokémon,"Basic,TAG TEAM,GX",sm11,227,20
sm4-106,Kartana-GX,Pokémon,"Basic,GX,Ultra Beast",sm4,76,28
ex7-44,Magmar,Pokémon,Basic,ex7,293,29
sm11-6,Sewaddle,Pokémon,Basic,sm11,284,21
swsh4-155,Memory Capsule,Trainer,Pokémon Tool,swsh4,60,29
bw10-8,Accelgor,Pokémon,"Stage 1,Team Plasma",bw10,76,2
sm5-67,Lucario,Pokémon,Stage 1,sm5,108,34
sv4pt5-37,Mimikyu,Pokémon,Basic,sv4pt5,162,2
base6-16,Muk,Pokémon,Stage 1,base6,108,34
swsh9-102,Klink,Pokémon,Basic,swsh9,140,21
smp-SM30,Tapu Koko,Pokémon,Basic,smp,215,38
sv1-89,Drifloon,Pokémon,Basic,sv1,256,21
swsh6-196,Peonia,Trainer,Supporter,swsh6,215,28
sv5-130,Skitty,Pokémon,Basic,sv5,191,21
hgss4-38,Lickilicky,Pokémon,Stage 1,hgss4,191,29
pl3-6,Magmortar,Pokémon,Stage 1,pl3,284,34
swsh10-53,Hisuian Typhlosion V,Pokémon,"Basic,V",swsh10,317,16
swsh45sv-SV112,Toxtricity V,Pokémon,"Basic,V",swsh45sv,76,16
xyp-XY189,Victini,Pokémon,Basic,xyp,116,38
bw11-60,Kirlia,Pokémon,Stage 1,bw11,293,29
hgss2-70,Zubat,Pokémon,Basic,hgss2,73,21
xy7-23,Relicanth,Pokémon,Basic,xy7,162,21
sm5-112,Yungoos,Pokémon,Basic,sm5,6,21
pl2-36,Walrein,Pokémon,Stage 2,pl2,73,2
sm11-158,Noibat,Pokémon,Basic,sm11,131,21
sm10-88,Graveler,Pokémon,Stage 1,sm10,281,29
neo1-53,Chikorita,Pokémon,Basic,neo1,284,21
dp7-50,Shelgon,Pokémon,Stage 1,dp7,17,29
sm75-58,Blaine's Last Stand,Trainer,Supporter,sm75,116,34
det1-18,Slaking,Pokémon,Stage 2,det1,220,2
xy1-4,Kakuna,Pokémon,Stage 1,xy1,112,29
bw9-59,Mankey,Pokémon,Basic,bw9,162,21
sm4-124,Water Energy,Energy,Basic,sm4,,27
me1-30,Centiskorch,Pokémon,Stage 1,me1,,29
sm1-155,Solgaleo-GX,Pokémon,"Stage 2,GX",sm1,76,20
base2-29,Venomoth,Pokémon,Stage 1,base2,116,2
dp5-97,Garchomp LV.X,Pokémon,Level-Up,dp5,232,3
xy3-8,Shelmet,Pokémon,Basic,xy3,254,21
sv8pt5-63,Houndoom,Pokémon,Stage 1,sv8pt5,,21
sv5-16,Deerling,Pokémon,Basic,sv5,282,21
swsh10tg-TG02,Flapple,Pokémon,Stage 1,swsh10tg,153,37
sm35-33,Plusle,Pokémon,Basic,sm35,17,21
swsh9tg-TG24,Acerola's Premonition,Trainer,Supporter,swsh9tg,156,28
xy1-22,Pansear,Pokémon,Basic,xy1,17,21
base5-46,Dark Wartortle,Pokémon,Stage 1,base5,162,29
bw8-25,Articuno-EX,Pokémon,"Basic,EX,Team Plasma",bw8,334,33
sm3-81,Alolan Rattata,Pokémon,Basic,sm3,214,21
sm35-53,Zoroark-GX,Pokémon,"Stage 1,GX",sm35,76,10
xy7-93,Giratina-EX,Pokémon,"Basic,EX",xy7,232,28
neo3-40,Unown [Y],Pokémon,Basic,neo3,111,29
xyp-XY107,Mewtwo-EX,Pokémon,"Basic,EX",xyp,76,38
pl3-114,Meowth,Pokémon,Basic,pl3,112,21
base4-58,Raticate,Pokémon,Stage 1,base4,116,29
ex1-87,Pokémon Reversal,Trainer,Item,ex1,69,29
sm35-51,Scrafty,Pokémon,Stage 1,sm35,108,29
swsh2-113,Galarian Weezing,Pokémon,Stage 1,swsh2,108,34
sv1-144,Chansey,Pokémon,Basic,sv1,254,21
ecard1-36,Blastoise,Pokémon,Stage 2,ecard1,69,2
bw4-68,Mienshao,Pokémon,Stage 1,bw4,38,29
sv1-109,Annihilape,Pokémon,Stage 2,sv1,277,2
bw9-101,Ghetsis,Trainer,"Supporter,Team Plasma",bw9,171,34
sv4pt5-11,Numel,Pokémon,Basic,sv4pt5,40,21
swsh12pt5-94,Zacian,Pokémon,Basic,swsh12pt5,214,34
bw11-84,Terrakion,Pokémon,Basic,bw11,90,34
xy5-69,Nidoqueen,Pokémon,Stage 2,xy5,216,2
sv4-100,Toxtricity ex,Pokémon,"Stage 1,Tera,ex",sv4,76,14
ecard2-69,Chansey,Pokémon,Basic,ecard2,191,21
sv6-173,Infernape,Pokémon,Stage 2,sv6,209,7
col1-13,Leafeon,Pokémon,Stage 1,col1,167,34
svp-140,Tinkaton,Pokémon,Stage 2,svp,260,38
swsh45-13,Rillaboom,Pokémon,Stage 2,swsh45,277,34
swsh10tg-TG22,Zamazenta V,Pokémon,"Basic,V",swsh10tg,66,16
swsh5-119,Drampa,Pokémon,Basic,swsh5,377,2
swsh8-190,Corviknight,Pokémon,Stage 2,swsh8,66,2
xy11-93,Braviary,Pokémon,Stage 1,xy11,271,29
sv2-102,Tinkatink,Pokémon,Basic,sv2,187,21
hgss4-80,Tentacool,Pokémon,Basic,hgss4,34,21
swsh5-172,Bruno,Trainer,"Supporter,Single Strike",swsh5,66,20
bw10-63,Shelgon,Pokémon,Stage 1,bw10,340,29
xy3-39,Gothita,Pokémon,Basic,xy3,191,21
bw9-111,Deoxys-EX,Pokémon,"Basic,EX,Team Plasma",bw9,76,28
sm12-51,Sealeo,Pokémon,Stage 1,sm12,58,29
swsh1-202,Team Yell Grunt,Trainer,Supporter,swsh1,214,28
base2-58,Oddish,Pokémon,Basic,base2,307,21
sm5-1,Exeggcute,Pokémon,Basic,sm5,73,21
pl4-48,Shelgon,Pokémon,Stage 1,pl4,191,29
sv8-91,Palossand ex,Pokémon,"Stage 1,Tera,ex",sv8,,14
sm1-55,Golbat,Pokémon,Stage 1,sm1,117,29
sv9-11,Amoonguss ex,Pokémon,"Stage 1,ex",sv9,336,14
swsh5-74,Gurdurr,Pokémon,Stage 1,swsh5,146,29
hgss4-72,Ponyta,Pokémon,Basic,hgss4,271,21
dp6-80,Unown [W],Pokémon,Basic,dp6,49,29
bw11-51,Zekrom,Pokémon,Basic,bw11,162,34
ex1-89,Professor Birch,Trainer,Supporter,ex1,116,29
hgss3-81,Espeon,Pokémon,"Stage 1,Prime",hgss3,299,23
swsh7-135,Stoutland,Pokémon,Stage 2,swsh7,292,2
dp7-45,Pichu,Pokémon,Basic,dp7,191,29
swsh10-61,Kirlia,Pokémon,Stage 1,swsh10,332,29
hsp-HGSS04,Wobbuffet,Pokémon,Basic,hsp,167,38
swsh2-64,Heliolisk,Pokémon,Stage 1,swsh2,172,29
xy4-47,Gliscor,Pokémon,Stage 1,xy4,284,2
swshp-SWSH106,Single Strike Urshifu V,Pokémon,"Basic,V,Single Strike",swshp,76,38
swsh12pt5-28,Salazzle,Pokémon,Stage 1,swsh12pt5,8,29
sv4-75,Yamask,Pokémon,Basic,sv4,6,21
swsh12tg-TG30,Duraludon VMAX,Pokémon,"VMAX,Single Strike",swsh12tg,336,27
neo1-40,Magmar,Pokémon,Basic,neo1,284,29
ex4-85,Warp Point,Trainer,Item,ex4,307,29
ecard3-77,Mantine,Pokémon,Basic,ecard3,125,21
xy2-58,Scraggy,Pokémon,Basic,xy2,292,21
bw2-44,Gothita,Pokémon,Basic,bw2,254,21
xy4-57,Liepard,Pokémon,Stage 1,xy4,142,29
swsh9tg-TG04,Jolteon,Pokémon,Stage 1,swsh9tg,260,37
bw9-102,Shadow Triad,Trainer,"Supporter,Team Plasma",bw9,171,29
sv1-202,Scovillain,Pokémon,Stage 1,sv1,88,7
sm2-162,Enhanced Hammer,Trainer,Item,sm2,355,27
swsh12pt5-112,Chatot,Pokémon,Basic,swsh12pt5,254,21
neo3-34,Octillery,Pokémon,Stage 1,neo3,17,29
sm35-71,Entei-GX,Pokémon,"Basic,GX",sm35,76,28
swsh8-19,Dewpider,Pokémon,Basic,swsh8,189,21
xy12-96,Fighting Energy,Energy,Basic,xy12,,21
base2-4,Jolteon,Pokémon,Stage 1,base2,162,34
me1-50,Mega Manectric ex,Pokémon,"Stage 1,MEGA,ex",me1,,14
neo3-30,Graveler,Pokémon,Stage 1,neo3,293,29
base4-40,Farfetch'd,Pokémon,Basic,base4,116,29
swsh1-47,Seaking,Pokémon,Stage 1,swsh1,322,29
sv4pt5-68,Noibat,Pokémon,Basic,sv4pt5,24,21
xyp-XY109,Gyarados,Pokémon,Stage 1,xyp,163,38
xy6-50,Dragonair,Pokémon,Stage 1,xy6,71,29
ex7-50,Togepi,Pokémon,Basic,ex7,125,29
sm7-76,Meditite,Pokémon,Basic,sm7,322,21
me1-14,Nuzleaf,Pokémon,Stage 1,me1,,21
xyp-XY198,M Camerupt-EX,Pokémon,"MEGA,EX",xyp,76,38
xy10-63,Lucario,Pokémon,Stage 1,xy10,75,34
sm12-44,Weavile,Pokémon,Stage 1,sm12,267,2
bw9-58,Nidoking,Pokémon,Stage 2,bw9,317,2
mcd21-12,Chimchar,Pokémon,Basic,mcd21,112,13
swshp-SWSH019,Zamazenta V,Pokémon,"Basic,V",swshp,207,38
zsv10pt5-121,Beheeyem,Pokémon,Stage 1,zsv10pt5,308,7
sv6-32,Monferno,Pokémon,Stage 1,sv6,104,21
sv10-139,Arven's Mabosstiff ex,Pokémon,"Stage 1,ex",sv10,120,14
dp2-14,Mesprit,Pokémon,Basic,dp2,232,34
ex3-85,High Pressure System,Trainer,Stadium,ex3,347,29
sv4pt5-12,Camerupt,Pokémon,Stage 1,sv4pt5,103,29
neo1-93,Gold Berry,Trainer,Pokémon Tool,neo1,320,29
pop1-11,Larvitar,Pokémon,Basic,pop1,294,21
sm7-113,Slakoth,Pokémon,Basic,sm7,162,21
sma-SV78,Noivern-GX,Pokémon,"Stage 1,GX",sma,76,35
swsh8-199,Meowth,Pokémon,Basic,swsh8,112,21
sv1-174,Exp. Share,Trainer,Pokémon Tool,sv1,334,29
swsh2-90,Drakloak,Pokémon,Stage 1,swsh2,112,29
sv9-140,Oinkologne,Pokémon,Stage 1,sv9,40,29
sm9-24,Wartortle,Pokémon,Stage 1,sm9,6,29
dp4-4,Darkrai,Pokémon,Basic,dp4,232,34
sv4-53,Wugtrio,Pokémon,Stage 1,sv4,112,29
zsv10pt5-104,Palpitoad,Pokémon,Stage 1,zsv10pt5,105,7
bw9-41,Nidorina,Pokémon,Stage 1,bw9,191,29
dp7-32,Bibarel,Pokémon,Stage 1,dp7,112,29
ex11-66,Dratini δ,Pokémon,Basic,ex11,108,21
svp-90,Metang,Pokémon,Stage 1,svp,146,38
sm6-106,Eneporter,Trainer,Item,sm6,334,29
ex8-100,Hariyama ex,Pokémon,"Stage 1,ex",ex8,232,33
ex9-49,Feebas,Pokémon,Basic,ex9,191,21
swsh35-38,Absol,Pokémon,Basic,swsh35,183,29
sv5-169,Charjabug,Pokémon,Stage 1,sv5,40,7
bw3-65,Conkeldurr,Pokémon,Stage 2,bw3,112,2
pgo-12,Moltres,Pokémon,Basic,pgo,187,34
swsh12pt5gg-GG37,Simisear VSTAR,Pokémon,VSTAR,swsh12pt5gg,185,24
swsh9-137,Collapsed Stadium,Trainer,Stadium,swsh9,145,29
base4-39,Exeggutor,Pokémon,Stage 1,base4,162,29
xy7-7,Sceptile-EX,Pokémon,"Basic,EX",xy7,297,33
sv6-62,Iron Bundle,Pokémon,"Basic,Future",sv6,214,29
bwp-BW46,Darkrai-EX,Pokémon,"Basic,EX",bwp,334,38
ex11-17,Umbreon δ,Pokémon,Stage 1,ex11,232,34
me2-29,Rotom ex,Pokémon,"Basic,ex",me2,76,14
xy6-48,Klefki,Pokémon,Basic,xy6,162,2
pl4-13,Aerodactyl,Pokémon,Stage 1,pl4,117,2
sv5-137,Cinccino,Pokémon,Stage 1,sv5,55,29
smp-SM76,Pikachu,Pokémon,Basic,smp,167,38
swsh1-51,Qwilfish,Pokémon,Basic,swsh1,198,29
sm8-4,Pinsir,Pokémon,Basic,sm8,38,29
sv8pt5-6,Leafeon ex,Pokémon,"Stage 1,Tera,ex",sv8pt5,,14
hgss3-47,Eevee,Pokémon,Basic,hgss3,194,21
swsh12pt5gg-GG26,Riolu,Pokémon,Basic,swsh12pt5gg,112,37
neo4-11,Dark Tyranitar,Pokémon,Stage 2,neo4,257,34
sv8-215,Durant ex,Pokémon,"Basic,ex",sv8,,32
pl1-117,Team Galactic's Invention G-103 Power Spray,Trainer,Item,pl1,203,29
svp-73,Iron Treads ex,Pokémon,"Basic,ex,Future",svp,76,38
sv1-157,Oinkologne,Pokémon,Stage 1,sv1,215,29
svp-14,Koraidon,Pokémon,Basic,svp,40,38
pgo-48,Melmetal VMAX,Pokémon,VMAX,pgo,70,25
swsh6-100,Galarian Slowking VMAX,Pokémon,"VMAX,Single Strike",swsh6,76,25
zsv10pt5-75,Minccino,Pokémon,Basic,zsv10pt5,231,21
dp6-49,Castform Rain Form,Pokémon,Basic,dp6,130,29
sm6-65,Pancham,Pokémon,Basic,sm6,198,21
swsh1-2,Roselia,Pokémon,Basic,swsh1,129,21
swsh12pt5-43,Luxray,Pokémon,"Stage 2,Rapid Strike",swsh12pt5,254,2
swsh5-156,Corviknight V,Pokémon,"Basic,V",swsh5,336,28
swsh7-100,Garbodor V,Pokémon,"Basic,V",swsh7,146,16
gym2-38,Erika's Bellsprout,Pokémon,Basic,gym2,116,29
sm9-82,Lycanroc-GX,Pokémon,"Stage 1,GX",sm9,76,10
hgss1-91,Energy Switch,Trainer,Item,hgss1,374,29
pop3-12,Ditto,Pokémon,Basic,pop3,43,21
sv4-163,Earthen Vessel,Trainer,"Item,Ancient",sv4,26,29
sv4-85,Tinkaton,Pokémon,Stage 2,sv4,105,29
rsv10pt5-96,Tepig,Pokémon,Basic,rsv10pt5,197,7
gym2-5,Giovanni's Gyarados,Pokémon,Stage 1,gym2,116,34
swsh9-164,Flygon V,Pokémon,"Basic,V",swsh9,336,28
ex1-39,Manectric,Pokémon,Stage 1,ex1,116,29
basep-18,Team Rocket's Meowth,Pokémon,Basic,basep,222,38
neo4-49,Light Machoke,Pokémon,Stage 1,neo4,189,29
cel25c-113_A,Reshiram,Pokémon,Basic,cel25c,76,12
swsh5-45,Electivire,Pokémon,Stage 1,swsh5,358,2
neo3-39,Unown [B],Pokémon,Basic,neo3,111,29
swsh7-56,Ampharos,Pokémon,Stage 2,swsh7,332,2
swsh5-47,Luxio,Pokémon,"Stage 1,Rapid Strike",swsh5,358,29
swsh3-80,Shiinotic,Pokémon,Stage 1,swsh3,6,29
bw9-23,Glaceon,Pokémon,"Stage 1,Team Plasma",bw9,76,2
swshp-SWSH146,Poké Ball,Trainer,Item,swshp,76,38
dp6-38,Regirock,Pokémon,Basic,dp6,49,2
bwp-BW100,N,Trainer,Supporter,bwp,171,38
sm2-82,Pangoro,Pokémon,Stage 1,sm2,183,2
bw2-37,Swoobat,Pokémon,Stage 1,bw2,90,2
swsh6-30,Sneasel,Pokémon,"Basic,Rapid Strike",swsh6,81,21
xy8-106,Aromatisse,Pokémon,Stage 1,xy8,71,2
swsh12-189,Candice,Trainer,Supporter,swsh12,292,28
swsh2-207,Scoop Up Net,Trainer,Item,swsh2,232,27
sv6-70,Helioptile,Pokémon,Basic,sv6,311,21
swsh12-202,Lugia VSTAR,Pokémon,VSTAR,swsh12,336,20
sv4-72,Xatu,Pokémon,Stage 1,sv4,63,2
dp3-44,Xatu,Pokémon,Stage 1,dp3,125,2
sv10-224,Team Rocket's Ariana,Trainer,Supporter,sv10,357,32
swsh12tg-TG13,Serperior V,Pokémon,"Basic,V",swsh12tg,151,16
swsh11tg-TG19,Gallade V,Pokémon,"Basic,V",swsh11tg,224,16
pl1-112,PlusPower,Trainer,Item,pl1,232,29
ex16-5,Blaziken,Pokémon,Stage 2,ex16,117,34
sv4pt5-122,Wugtrio,Pokémon,Stage 1,sv4pt5,271,31
sv7-42,Crabominable,Pokémon,Stage 1,sv7,,29
ex8-78,Surskit,Pokémon,Basic,ex8,108,21
swshp-SWSH179,Flareon V,Pokémon,"Basic,V,Single Strike",swshp,224,38
sm8-73,Chinchou,Pokémon,Basic,sm8,340,21
pl1-95,Slakoth,Pokémon,Basic,pl1,191,21
pl2-92,Lucian's Assignment,Trainer,Supporter,pl2,116,29
xy5-55,Primal Kyogre-EX,Pokémon,"MEGA,EX",xy5,76,33
sm9-137,Dana,Trainer,Supporter,sm9,184,29
ecard2-H19,Ninetales,Pokémon,Stage 1,ecard2,162,34
ex16-55,Meditite,Pokémon,Basic,ex16,198,21
pgo-17,Blastoise,Pokémon,Stage 2,pgo,81,34
xy10-3,Wormadam,Pokémon,Stage 1,xy10,73,29
sm10-17,Tangrowth,Pokémon,Stage 1,sm10,183,2
base4-42,Growlithe,Pokémon,Basic,base4,116,29
bw5-54,Groudon-EX,Pokémon,"Basic,EX",bw5,298,33
sm11-256,Viridian Forest,Trainer,Stadium,sm11,76,27
gym2-43,Giovanni's Meowth,Pokémon,Basic,gym2,191,29
bw7-95,Skarmory,Pokémon,Basic,bw7,117,29
xy0-18,Inkay,Pokémon,Basic,xy0,76,13
sv6-71,Heliolisk,Pokémon,Stage 1,sv6,363,21
pop4-13,Pikachu,Pokémon,Basic,pop4,112,21
dp5-4,Dialga,Pokémon,Basic,dp5,117,34
ex8-14,Shedinja,Pokémon,Stage 1,ex8,293,34
dp3-123,Professor Rowan,Trainer,Supporter,dp3,116,29
sm10-153,Lickilicky,Pokémon,Stage 1,sm10,254,2
dp2-86,Kricketot,Pokémon,Basic,dp2,191,21
neo2-9,Poliwrath,Pokémon,Stage 2,neo2,257,34
swsh12-39,Feebas,Pokémon,Basic,swsh12,131,21
xy7-22,Vaporeon,Pokémon,Stage 1,xy7,215,29
base2-52,Exeggcute,Pokémon,Basic,base2,108,21
ex16-2,Altaria,Pokémon,Stage 1,ex16,116,34
sv5-111,Scizor ex,Pokémon,"Stage 1,ex",sv5,378,14
svp-177,Bloodmoon Ursaluna ex,Pokémon,"Basic,ex",svp,207,38
rsv10pt5-3,Leavanny,Pokémon,Stage 2,rsv10pt5,145,29
swsh10-176,Hisuian Samurott V,Pokémon,"Basic,V",swsh10,76,28
bw10-58,Lairon,Pokémon,Stage 1,bw10,117,29
sv9-64,N's Sigilyph,Pokémon,Basic,sv9,251,21
swsh8-274,Dancer,Trainer,Supporter,swsh8,55,20
ex1-55,Goldeen,Pokémon,Basic,ex1,163,21
ecard1-57,Ninetales,Pokémon,Stage 1,ecard1,191,2
swsh45-48,Thievul,Pokémon,Stage 1,swsh45,37,34
swsh35-22,Alcremie V,Pokémon,"Basic,V",swsh35,281,16
swsh5-23,Tepig,Pokémon,"Basic,Single Strike",swsh5,273,21
sv10-239,Ethan's Ho-Oh ex,Pokémon,"Basic,ex",sv10,207,1
sm6-56,Naganadel-GX,Pokémon,"Stage 1,GX,Ultra Beast",sm6,76,10
pl1-98,Tauros,Pokémon,Basic,pl1,108,21
bw4-24,Starmie,Pokémon,Stage 1,bw4,317,29
swsh12-79,Elgyem,Pokémon,Basic,swsh12,90,21
xy9-29,Corsola,Pokémon,Basic,xy9,194,21
swsh7-61,Drowzee,Pokémon,Basic,swsh7,214,21
sv5-181,Chatot,Pokémon,Basic,sv5,104,7
swsh12-70,Mawile V,Pokémon,"Basic,V",swsh12,356,16
sm12-80,Ralts,Pokémon,Basic,sm12,191,21
xy10-52,Zygarde,Pokémon,Basic,xy10,76,29
hgss1-9,Quagsire,Pokémon,Stage 1,hgss1,167,34
swsh12pt5gg-GG62,Grant,Trainer,Supporter,swsh12pt5gg,145,28
swsh6-129,Agatha,Trainer,Supporter,swsh6,116,29
sv6-134,Blissey ex,Pokémon,"Stage 1,ex",sv6,158,14
sv9-156,Redeemable Ticket,Trainer,Item,sv9,296,29
bw2-40,Scolipede,Pokémon,Stage 2,bw2,73,2
svp-155,Wooper,Pokémon,Basic,svp,,38
xy1-112,Diggersby,Pokémon,Stage 1,xy1,76,29
dp6-20,Bellossom,Pokémon,Stage 2,dp6,191,2
sv3-229,Artazon,Trainer,Stadium,sv3,145,1
swsh12pt5-108,Eevee V,Pokémon,"Basic,V",swsh12pt5,273,16
sv6pt5-53,Bewear,Pokémon,Stage 1,sv6pt5,,21
hgss1-43,Heracross,Pokémon,Basic,hgss1,34,29
swsh11tg-TG12,Orbeetle V,Pokémon,"Basic,V",swsh11tg,82,16
zsv10pt5-2,Servine,Pokémon,Stage 1,zsv10pt5,97,21
dp6-136,Technical Machine TS-1,Trainer,Technical Machine,dp6,232,29
xy4-62,Dialga-EX,Pokémon,"Basic,EX",xy4,281,33
swsh9-19,Magmar,Pokémon,Basic,swsh9,325,21
swsh6-20,Blaziken V,Pokémon,"Basic,V,Rapid Strike",swsh6,281,16
bw8-20,Simisear,Pokémon,Stage 1,bw8,292,29
pl1-13,Rampardos,Pokémon,Stage 2,pl1,117,34
sv4pt5-33,Swoobat,Pokémon,Stage 1,sv4pt5,304,29
xy7-5,Spinarak,Pokémon,Basic,xy7,284,21
smp-SM235,Eevee,Pokémon,Basic,smp,215,38
sv5-52,Raichu,Pokémon,Stage 1,sv5,329,21
sv9-153,N's PP Up,Trainer,Item,sv9,334,29
swsh6-125,Tornadus VMAX,Pokémon,"VMAX,Single Strike",swsh6,108,25
zsv10pt5-109,Cubchoo,Pokémon,Basic,zsv10pt5,148,7
bw7-118,Patrat,Pokémon,Basic,bw7,191,21
sv4-187,Iron Moth,Pokémon,"Basic,Future",sv4,360,7
xy1-49,Spoink,Pokémon,Basic,xy1,191,21
sv7-156,Hydrapple ex,Pokémon,"Stage 2,ex",sv7,,32
zsv10pt5-69,Fraxure,Pokémon,Stage 1,zsv10pt5,237,21
swsh4-156,Moomoo Cheese,Trainer,Item,swsh4,76,29
xy6-23,Zapdos,Pokémon,Basic,xy6,75,2
ex11-73,Larvitar δ,Pokémon,Basic,ex11,163,21
ex7-18,Dark Sandslash,Pokémon,Stage 1,ex7,117,2
bw4-30,Basculin,Pokémon,Basic,bw4,162,29
dp6-17,Yanmega,Pokémon,Stage 1,dp6,79,34
sm4-109,Gladion,Trainer,Supporter,sm4,142,28
sv6pt5-60,Neutralization Zone,Trainer,"Stadium,ACE SPEC",sv6pt5,,19
swsh8-232,Dancer,Trainer,Supporter,swsh8,351,29
sm3-153,Necrozma-GX,Pokémon,"Basic,GX",sm3,76,20
sm11-93,Honedge,Pokémon,Basic,sm11,38,21
swsh5-134,Single Strike Style Mustard,Trainer,"Supporter,Single Strike",swsh5,108,29
smp-SM159,Zapdos,Pokémon,Basic,smp,6,38
me1-162,Mega Mawile ex,Pokémon,"Basic,MEGA,ex",me1,,32
sv7-128,Terapagos ex,Pokémon,"Basic,Tera,ex",sv7,,14
sv3-133,Houndoom,Pokémon,Stage 1,sv3,287,29
sv4pt5-226,Pawmi,Pokémon,Basic,sv4pt5,313,7
sm2-112,Stufful,Pokémon,Basic,sm2,112,21
sm6-15,Fennekin,Pokémon,Basic,sm6,191,21
sm6-12,Alolan Marowak,Pokémon,Stage 1,sm6,38,2
sv1-255,Nest Ball,Trainer,Item,sv1,334,1
sv4pt5-201,Ditto,Pokémon,Basic,sv4pt5,131,31
ex8-36,Lunatone,Pokémon,Basic,ex8,271,29
smp-SM227,Pikachu,Pokémon,Basic,smp,239,38
sm6-102,Beast Ring,Trainer,Item,sm6,334,2
sm4-70,Kartana-GX,Pokémon,"Basic,GX,Ultra Beast",sm4,76,10
ex1-66,Ralts,Pokémon,Basic,ex1,116,21
swsh5-89,Zubat,Pokémon,Basic,swsh5,165,21
pop2-7,Ivysaur,Pokémon,Stage 1,pop2,116,29
sv5-198,Ciphermaniac's Codebreaking,Trainer,"Supporter,Future",sv5,256,32
ex6-74,Pikachu,Pokémon,Basic,ex6,198,21
sv1-139,Forretress,Pokémon,Stage 1,sv1,14,29
sm5-109,Purugly,Pokémon,Stage 1,sm5,322,29
sv6-36,Litwick,Pokémon,Basic,sv6,332,21
sv3pt5-114,Tangela,Pokémon,Basic,sv3pt5,308,21
gym1-97,Blaine's Quiz #1,Trainer,,gym1,116,2
xy9-33,Tympole,Pokémon,Basic,xy9,189,21
hgss4-18,Dragonite,Pokémon,Stage 2,hgss4,108,2
sv1-70,Rotom,Pokémon,Basic,sv1,112,21
xy12-89,Venusaur Spirit Link,Trainer,Pokémon Tool,xy12,76,29
me1-117,Forest of Vitality,Trainer,Stadium,me1,,29
bw10-66,Palkia-EX,Pokémon,"Basic,EX,Team Plasma",bw10,297,33
bw5-84,Eevee,Pokémon,Basic,bw5,125,21
col1-85,Sage's Training,Trainer,Supporter,col1,117,29
swsh9-16,Zarude V,Pokémon,"Basic,V",swsh9,76,16
xy8-125,Starly,Pokémon,Basic,xy8,271,21
swsh7-134,Herdier,Pokémon,Stage 1,swsh7,215,29
pl2-74,Nidorino,Pokémon,Stage 1,pl2,73,21
sm11-78,Latios-GX,Pokémon,"Basic,GX",sm11,355,10
sv1-99,Dachsbun,Pokémon,Stage 1,sv1,273,29
sm6-108,Judge,Trainer,Supporter,sm6,351,29
swsh10-143,Gardenia's Vigor,Trainer,Supporter,swsh10,55,29
bw9-116,Professor Juniper,Trainer,Supporter,bw9,194,28
sm115-26,Ekans,Pokémon,Basic,sm115,117,21
swsh5-29,Sizzlipede,Pokémon,Basic,swsh5,43,21
me1-185,Lt. Surge's Bargain,Trainer,Supporter,me1,,5
sm8-60,Suicune-GX,Pokémon,"Basic,GX",sm8,76,10
base1-24,Charmeleon,Pokémon,Stage 1,base1,108,29
sv7-153,Meditite,Pokémon,Basic,sv7,,7
neo3-42,Chinchou,Pokémon,Basic,neo3,191,21
sm1-47,Pyukumuku,Pokémon,Basic,sm1,273,29
sv8-183,Miracle Headset,Trainer,"Item,ACE SPEC",sv8,,19
xy11-52,Mankey,Pokémon,Basic,xy11,75,21
ecard1-156,Potion,Trainer,,ecard1,307,21
swsh8-100,Charjabug,Pokémon,Stage 1,swsh8,129,29
sm2-120,Brooklet Hill,Trainer,Stadium,sm2,76,29
dp2-30,Mr. Mime,Pokémon,Basic,dp2,162,2
sm4-42,Grumpig,Pokémon,Stage 1,sm4,332,29
sv8-208,Alolan Dugtrio,Pokémon,Stage 1,sv8,,7
sv2-25,Rellor,Pokémon,Basic,sv2,112,21
swsh5-150,Single Strike Urshifu V,Pokémon,"Basic,V,Single Strike",swsh5,336,28
sm7-94,Metang,Pokémon,Stage 1,sm7,172,29
swsh2-36,Cinderace VMAX,Pokémon,VMAX,swsh2,76,25
sm3-19,Charmeleon,Pokémon,Stage 1,sm3,73,29
ecard1-158,Darkness Energy,Energy,Special,ecard1,364,2
swsh9tg-TG17,Mimikyu VMAX,Pokémon,VMAX,swsh9tg,292,25
sv3-92,Lunatone,Pokémon,Basic,sv3,63,29
svp-82,Quaxly,Pokémon,Basic,svp,94,38
pop8-10,Rare Candy,Trainer,Item,pop8,232,29
ex6-48,Raticate,Pokémon,Stage 1,ex6,271,29
svp-45,Paradise Resort,Trainer,Stadium,svp,292,38
sv10-235,Arven's Mabosstiff ex,Pokémon,"Stage 1,ex",sv10,53,5
sv3-187,Brassius,Trainer,Supporter,sv3,94,29
sv3-200,Palafin,Pokémon,Stage 1,sv3,340,7
bw1-23,Darumaka,Pokémon,Basic,bw1,112,21
swsh9-156,Lumineon V,Pokémon,"Basic,V",swsh9,303,28
neo4-112,Shining Steelix,Pokémon,Basic,neo4,116,36
zsv10pt5-171,Victini,Pokémon,Basic,zsv10pt5,76,2
sv4-221,Golisopod ex,Pokémon,"Stage 1,ex",sv4,275,32
swsh3-173,Yell Horn,Trainer,Item,swsh3,76,29
pl3-126,Shinx,Pokémon,Basic,pl3,112,21
bw2-29,Cubchoo,Pokémon,Basic,bw2,194,21
me1-171,Mega Signal,Trainer,Item,me1,,32
me1-77,Mega Lucario ex,Pokémon,"Stage 1,MEGA,ex",me1,,14
sv2-104,Tinkatuff,Pokémon,Stage 1,sv2,129,29
swsh8-258,Chili & Cilan & Cress,Trainer,"Supporter,Fusion Strike",swsh8,351,28
swsh9tg-TG12,Oranguru,Pokémon,Basic,swsh9tg,340,37
bw7-120,Lillipup,Pokémon,Basic,bw7,162,21
swsh45-65,Ball Guy,Trainer,Supporter,swsh45,75,28
xy11-6,Yanma,Pokémon,Basic,xy11,167,21
swsh11-209,Miss Fortune Sisters,Trainer,Supporter,swsh11,269,20
swsh7-4,Jumpluff,Pokémon,"Stage 2,Rapid Strike",swsh7,98,34
sm11-71,Mewtwo & Mew-GX,Pokémon,"Basic,TAG TEAM,GX",sm11,108,10
sv9-173,Lillie's Clefairy ex,Pokémon,"Basic,ex",sv9,76,32
svp-132,Greninja ex,Pokémon,"Stage 2,ex",svp,61,38
ex13-93,Root Fossil,Trainer,Item,ex13,232,21
sma-SV61,Banette-GX,Pokémon,"Stage 1,GX",sma,76,35
swsh7-34,Ludicolo,Pokémon,Stage 2,swsh7,129,34
swsh3-84,Diglett,Pokémon,Basic,swsh3,37,21
xy1-24,Fennekin,Pokémon,Basic,xy1,76,21
base1-39,Porygon,Pokémon,Basic,base1,39,29
swsh8-242,Skaters' Park,Trainer,Stadium,swsh8,145,29
swsh7-222,Copycat,Trainer,Supporter,swsh7,351,20
ecard2-133,Seer,Trainer,Supporter,ecard2,116,29
swsh4-158,Opal,Trainer,Supporter,swsh4,236,29
swsh10-200,Choy,Trainer,Supporter,swsh10,75,20
ex1-54,Koffing,Pokémon,Basic,ex1,191,21
swsh8-159,Galarian Zigzagoon,Pokémon,Basic,swsh8,377,21
xyp-XY78,Latias,Pokémon,Basic,xyp,351,38
sm2-41,Alolan Graveler,Pokémon,Stage 1,sm2,167,29
swshp-SWSH029,Rayquaza,Pokémon,Basic,swshp,62,38
sv9-168,Furret,Pokémon,Stage 1,sv9,313,7
pop5-3,Mew δ,Pokémon,Basic,pop5,117,2
si1-4,Togepi,Pokémon,Basic,si1,5,13
swsh1-95,Hitmonchan,Pokémon,Basic,swsh1,90,29
swsh2-77,Xatu,Pokémon,Stage 1,swsh2,62,29
bw11-54,Mewtwo-EX,Pokémon,"Basic,EX",bw11,298,33
pl2-81,Snorlax,Pokémon,Basic,pl2,112,21
ecard2-10,Entei,Pokémon,Basic,ecard2,191,2
ex13-110,Fighting Energy,Energy,Basic,ex13,,34
sv7-18,Toedscruel,Pokémon,Stage 1,sv7,,29
zsv10pt5-160,Excadrill ex,Pokémon,"Stage 1,ex",zsv10pt5,275,32
swsh45-16,Zarude,Pokémon,Basic,swsh45,112,2
xy7-70,Ampharos Spirit Link,Trainer,Pokémon Tool,xy7,76,29
sv3pt5-147,Dratini,Pokémon,Basic,sv3pt5,351,21
swsh8-142,Makuhita,Pokémon,"Basic,Single Strike",swsh8,145,21
swsh45sv-SV007,Blipbug,Pokémon,Basic,swsh45sv,271,9
sm12-157,Reshiram & Zekrom-GX,Pokémon,"Basic,TAG TEAM,GX",sm12,292,10
sv3pt5-50,Diglett,Pokémon,Basic,sv3pt5,189,21
neo3-54,Smoochum,Pokémon,Baby,neo3,191,21
dp1-46,Drifloon,Pokémon,Basic,dp1,116,29
sm2-46,Oricorio,Pokémon,Basic,sm2,292,2
swsh9-142,Hunting Gloves,Trainer,"Item,Pokémon Tool",swsh9,334,29
sm3-113,Bodybuilding Dumbbells,Trainer,Pokémon Tool,sm3,297,29
sm12-245,Mimikyu,Pokémon,Basic,sm12,273,27
sm5-107,Lopunny,Pokémon,Stage 1,sm5,162,29
sv3-102,Houndstone ex,Pokémon,"Stage 1,ex",sv3,76,14
pop8-17,Turtwig,Pokémon,Basic,pop8,117,21
sv5-187,Incineroar ex,Pokémon,"Stage 2,ex",sv5,275,32
ex16-41,Vigoroth,Pokémon,Stage 1,ex16,163,29
np-13,Meowth,Pokémon,Basic,np,112,38
ex14-94,Jirachi ex,Pokémon,"Basic,ex",ex14,298,33
ex14-96,Sceptile ex δ,Pokémon,"Stage 2,ex",ex14,298,33
swsh45sv-SV033,Snom,Pokémon,Basic,swsh45sv,262,9
neo2-51,Unown [U],Pokémon,Basic,neo2,111,29
bw11-RC22,Reshiram,Pokémon,Basic,bw11,162,28
sv3-117,Lycanroc,Pokémon,Stage 1,sv3,108,29
bw8-108,Lugia-EX,Pokémon,"Basic,EX,Team Plasma",bw8,334,33
swsh12-93,Baltoy,Pokémon,Basic,swsh12,43,21
ex14-11,Swalot,Pokémon,Stage 1,ex14,108,34
swsh9-63,Chimecho,Pokémon,Basic,swsh9,267,21
sv4-107,Slither Wing,Pokémon,"Basic,Ancient",sv4,277,29
sm9-40,Zapdos,Pokémon,Basic,sm9,73,34
ex2-78,Shroomish,Pokémon,Basic,ex2,116,21
swsh8-251,Mew V,Pokémon,"Basic,V,Fusion Strike",swsh8,292,28
pl4-94,Arceus LV.X,Pokémon,Level-Up,pl4,298,3
pl2-47,Rapidash E4,Pokémon,"Basic,SP",pl2,117,29
ex3-69,Numel,Pokémon,Basic,ex3,43,21
swsh12-180,Skuntank V,Pokémon,"Basic,V",swsh12,76,28
me1-182,Mega Kangaskhan ex,Pokémon,"Basic,MEGA,ex",me1,,5
smp-SM31,Tapu Koko,Pokémon,Basic,smp,215,38
swshp-SWSH275,Manaphy,Pokémon,Basic,swshp,81,38
base4-69,Charmander,Pokémon,Basic,base4,108,21
sm75-39,Flygon,Pokémon,Stage 2,sm75,90,29
xy6-24,Electrike,Pokémon,Basic,xy6,340,21
dpp-DP26,Dialga,Pokémon,Basic,dpp,205,38
sm10-76,Mew,Pokémon,Basic,sm10,254,34
swsh12-29,Talonflame,Pokémon,Stage 2,swsh12,105,2
pl3-116,Mudkip,Pokémon,Basic,pl3,112,21
sm3-88,Darkrai-GX,Pokémon,"Basic,GX",sm3,216,10
base6-12,Gyarados,Pokémon,Stage 1,base6,108,34
smp-SM233,Eevee-GX,Pokémon,"Basic,GX",smp,107,38
swsh1-46,Goldeen,Pokémon,Basic,swsh1,172,21
xy5-101,Mr. Mime,Pokémon,Basic,xy5,142,29
swsh9-181,Galarian Articuno V,Pokémon,"Basic,V",swsh9,76,27
ex13-111,Mew,Pokémon,Basic,ex13,116,27
sv9-175,N's Zoroark ex,Pokémon,"Stage 1,ex",sv9,356,32
bw5-9,Karrablast,Pokémon,Basic,bw5,162,21
dp2-43,Cranidos,Pokémon,Stage 1,dp2,108,29
xy11-51,Hoopa,Pokémon,Basic,xy11,355,2
pl1-56,Monferno,Pokémon,Stage 1,pl1,112,29
bw7-124,Tranquill,Pokémon,Stage 1,bw7,194,29
ex7-22,Furret,Pokémon,Stage 1,ex7,43,2
ex3-80,Treecko,Pokémon,Basic,ex3,163,21
swsh7-78,Cutiefly,Pokémon,Basic,swsh7,293,21
bw1-89,Cinccino,Pokémon,Stage 1,bw1,162,2
bwp-BW65,Jigglypuff,Pokémon,Basic,bwp,267,38
swsh45-72,Skyla,Trainer,Supporter,swsh45,215,28
sv3pt5-72,Tentacool,Pokémon,Basic,sv3pt5,58,21
swshp-SWSH034,Zamazenta,Pokémon,Basic,swshp,112,38
sma-SV4,Wimpod,Pokémon,Basic,sma,172,9
xy8-24,Simisear,Pokémon,Stage 1,xy8,281,2
bw3-19,Larvesta,Pokémon,Basic,bw3,162,21
ecard1-153,Energy Search,Trainer,,ecard1,164,21
swsh12pt5-8,Yanma,Pokémon,Basic,swsh12pt5,317,21
swsh7-11,Dwebble,Pokémon,Basic,swsh7,90,21
me1-27,Raboot,Pokémon,Stage 1,me1,,21
dp2-42,Chingling,Pokémon,Basic,dp2,130,29
dpp-DP29,Rhyperior LV.X,Pokémon,Level-Up,dpp,232,38
xy1-81,Pawniard,Pokémon,Basic,xy1,198,21
pl1-90,Remoraid,Pokémon,Basic,pl1,189,21
sm11-77,Wynaut,Pokémon,Basic,sm11,162,29
swsh12-119,Metagross,Pokémon,Stage 2,swsh12,66,34
sv4-67,Oricorio,Pokémon,Basic,sv4,332,21
sv1-60,Cetitan,Pokémon,Stage 1,sv1,277,29
swsh10tg-TG26,Melony,Trainer,Supporter,swsh10tg,214,28
sv3-223,Charizard ex,Pokémon,"Stage 2,ex,Tera",sv3,305,5
xy4-74,Hydreigon,Pokémon,Stage 2,xy4,76,34
sv7-120,Tornadus,Pokémon,Basic,sv7,,29
sm7-9,Grovyle,Pokémon,Stage 1,sm7,317,29
rsv10pt5-118,Stunfisk,Pokémon,Basic,rsv10pt5,286,7
hgss1-109,Meganium,Pokémon,"Stage 2,Prime",hgss1,202,23
ex12-20,Lunatone,Pokémon,Basic,ex12,294,2
ecard1-54,Meganium,Pokémon,Stage 2,ecard1,163,2
sv8pt5-134,Atticus,Trainer,Supporter,sv8pt5,,32
bw2-22,Panpour,Pokémon,Basic,bw2,162,21
ecard2-H14,Kingdra,Pokémon,Stage 2,ecard2,191,34
swsh9tg-TG10,Houndoom,Pokémon,"Stage 1,Single Strike",swsh9tg,81,37
sm35-21,Qwilfish,Pokémon,Basic,sm35,317,21
sm9-86,Poochyena,Pokémon,Basic,sm9,116,21
swsh8-24,Gossifleur,Pokémon,Basic,swsh8,162,21
sm3-112,Acerola,Trainer,Supporter,sm3,116,29
ecard1-45,Fearow,Pokémon,Stage 1,ecard1,271,2
dpp-DP36,Gliscor,Pokémon,Stage 1,dpp,162,38
swsh6-43,Inteleon,Pokémon,"Stage 2,Rapid Strike",swsh6,81,34
pop7-14,Mareep,Pokémon,Basic,pop7,191,21
sv6-96,Fezandipiti,Pokémon,Basic,sv6,112,2
sm8-130,Genesect-GX,Pokémon,"Basic,GX",sm8,355,10
sv5-120,Koraidon ex,Pokémon,"Basic,ex,Ancient",sv5,72,14
pl3-52,Breloom,Pokémon,Stage 1,pl3,271,29
sm75-42,Bagon,Pokémon,Basic,sm75,112,21
swsh2-59,Electivire,Pokémon,Stage 1,swsh2,223,2
sm10-234,Triple Acceleration Energy,Energy,Special,sm10,,27
swsh9-42,Cubchoo,Pokémon,Basic,swsh9,242,21
svp-4,Mimikyu ex,Pokémon,"Basic,ex",svp,99,38
me1-105,Delibird,Pokémon,Basic,me1,,21
hgss1-52,Slowbro,Pokémon,Stage 1,hgss1,125,29
base6-80,Magnemite,Pokémon,Basic,base6,307,21
ecard3-H15,Machamp,Pokémon,Stage 2,ecard3,284,34
ex9-74,Zigzagoon,Pokémon,Basic,ex9,43,21
swshp-SWSH246,Weavile,Pokémon,Stage 1,swshp,317,38
ex11-45,Illumise,Pokémon,Basic,ex11,198,29
sv8-156,Oranguru,Pokémon,Basic,sv8,,21
base6-53,Meowth,Pokémon,Basic,base6,108,29
xy5-52,Gorebyss,Pokémon,Stage 1,xy5,112,2
rsv10pt5-57,Scraggy,Pokémon,Basic,rsv10pt5,148,21
sm12-33,Emboar,Pokémon,Stage 2,sm12,73,2
smp-SM53,Dhelmise,Pokémon,Basic,smp,112,38
xy8-49,Raichu,Pokémon,Stage 1,xy8,117,2
xy2-12,Charizard-EX,Pokémon,"Basic,EX",xy2,216,33
xy7-59,Sliggoo,Pokémon,Stage 1,xy7,198,29
dp7-67,Magnemite,Pokémon,Basic,dp7,79,21
swsh7-141,Aroma Lady,Trainer,Supporter,swsh7,184,29
neo4-79,Psyduck,Pokémon,Basic,neo4,43,21
ex3-63,Magnemite,Pokémon,Basic,ex3,271,21
sv6pt5-41,Cufant,Pokémon,Basic,sv6pt5,,21
sv2-119,Falinks,Pokémon,Basic,sv2,346,21
col1-51,Seviper,Pokémon,Basic,col1,374,29
swsh9-53,Clefairy,Pokémon,Basic,swsh9,293,21
ecard1-85,Machoke,Pokémon,Stage 1,ecard1,257,29
swsh45sv-SV108,Centiskorch V,Pokémon,"Basic,V",swsh45sv,76,16
ex14-1,Banette,Pokémon,Stage 1,ex14,271,34
neo3-55,Snubbull,Pokémon,Basic,neo3,17,21
sv7-50,Joltik,Pokémon,Basic,sv7,,21
sm4-121,Wishful Baton,Trainer,Pokémon Tool,sm4,334,27
dp3-71,Unown [X],Pokémon,Basic,dp3,205,29
swshp-SWSH147,Rayquaza V,Pokémon,"Basic,V,Rapid Strike",swshp,336,38
sv5-165,Deerling,Pokémon,Basic,sv5,97,7
swshp-SWSH043,Galarian Sirfetch'd V,Pokémon,"Basic,V",swshp,70,38
hgss4-12,Victreebel,Pokémon,Stage 2,hgss4,198,34
bw4-75,Bronzor,Pokémon,Basic,bw4,292,21
swsh6-40,Tapu Fini,Pokémon,"Basic,Rapid Strike",swsh6,317,34
swsh8-22,Rillaboom V,Pokémon,"Basic,V,Rapid Strike",swsh8,76,16
sv1-31,Growlithe,Pokémon,Basic,sv1,98,21
bw2-8,Leavanny,Pokémon,Stage 2,bw2,117,2
swsh8-228,Cook,Trainer,Supporter,swsh8,351,29
sm12-160,Jangmo-o,Pokémon,Basic,sm12,305,21
me1-56,Alakazam,Pokémon,Stage 2,me1,,2
ex11-51,Pupitar δ,Pokémon,Stage 1,ex11,117,29
svp-179,Xerneas ex,Pokémon,"Basic,ex",svp,72,38
xy5-70,Tentacool,Pokémon,Basic,xy5,293,21
neo4-44,Jigglypuff,Pokémon,Basic,neo4,43,29
hgss3-53,Houndour,Pokémon,Basic,hgss3,73,21
gym1-87,Misty's Poliwag,Pokémon,Basic,gym1,116,21
ex9-53,Luvdisc,Pokémon,Basic,ex9,163,21
sv1-46,Buizel,Pokémon,Basic,sv1,71,21
swsh10-15,Petilil,Pokémon,Basic,swsh10,293,21
zsv10pt5-162,Fennel,Trainer,Supporter,zsv10pt5,55,32
swsh9-9,Burmy,Pokémon,Basic,swsh9,189,21
swsh45-18,Cinderace V,Pokémon,"Basic,V",swsh45,76,16
bw1-114,Zekrom,Pokémon,Basic,bw1,76,28
base6-5,Dark Dragonite,Pokémon,Stage 2,base6,108,34
sv3pt5-187,Wigglytuff ex,Pokémon,"Stage 1,ex",sv3pt5,115,32
svp-9,Spidops,Pokémon,Stage 1,svp,277,38
sv1-198,Youngster,Trainer,Supporter,sv1,75,29
me1-141,Clawitzer,Pokémon,Stage 1,me1,,7
basep-45,Scyther,Pokémon,Basic,basep,372,38
ecard3-H26,Raikou,Pokémon,Basic,ecard3,108,34
bw5-8,Crustle,Pokémon,Stage 1,bw5,232,29
swsh9-24,Chimchar,Pokémon,Basic,swsh9,317,21
me1-164,Mega Kangaskhan ex,Pokémon,"Basic,MEGA,ex",me1,,32
xy8-55,Raikou,Pokémon,Basic,xy8,317,34
sm12-131,Alolan Muk,Pokémon,Stage 1,sm12,267,2
dp3-104,Sentret,Pokémon,Basic,dp3,198,21
sm35-47,Spiritomb,Pokémon,Basic,sm35,112,29
ru1-2,Cherrim,Pokémon,Stage 1,ru1,20,13
dp3-74,Vibrava,Pokémon,Stage 1,dp3,112,29
xy7-19,Magikarp,Pokémon,Basic,xy7,340,21
dp2-9,Garchomp,Pokémon,Stage 2,dp2,205,34
dp5-22,Infernape,Pokémon,Stage 2,dp5,335,2
sv6-82,Alakazam,Pokémon,Stage 2,sv6,316,2
zsv10pt5-12,Victini,Pokémon,Basic,zsv10pt5,84,2
svp-186,Scraggy,Pokémon,Basic,svp,371,38
bw11-26,Pignite,Pokémon,Stage 1,bw11,194,29
sm4-6,Cacturne,Pokémon,Stage 1,sm4,40,2
hgss2-54,Misdreavus,Pokémon,Basic,hgss2,299,21
sv8pt5-80,Dudunsparce,Pokémon,Stage 1,sv8pt5,,2
sv6pt5-32,Zoroark,Pokémon,Stage 1,sv6pt5,,2
smp-SM163,Mimikyu,Pokémon,Basic,smp,332,38
hgss1-122,Metal Energy,Energy,Basic,hgss1,,21
sv8-60,Magnezone,Pokémon,Stage 2,sv8,,29
sv5-147,Explorer's Guidance,Trainer,"Supporter,Ancient",sv5,37,29
sv3-146,Probopass,Pokémon,Stage 1,sv3,356,29
rsv10pt5-81,Cheren,Trainer,Supporter,rsv10pt5,233,29
sv2-64,Raichu,Pokémon,Stage 1,sv2,151,29
sv7-17,Toedscool,Pokémon,Basic,sv7,,21
sm11-43,Basculin,Pokémon,Basic,sm11,172,29
me2-118,Dawn,Trainer,Supporter,me2,55,32
swsh7-148,Full Face Guard,Trainer,"Item,Pokémon Tool",swsh7,26,29
sm8-52,Blacephalon-GX,Pokémon,"Basic,GX,Ultra Beast",sm8,76,10
base3-43,Slowbro,Pokémon,Stage 1,base3,162,29
sv10-95,Team Rocket's Pupitar,Pokémon,Stage 1,sv10,95,21
xy2-25,Sealeo,Pokémon,Stage 1,xy2,108,29
sv4-58,Mewtwo ex,Pokémon,"Basic,Tera,ex",sv4,207,14
swshp-SWSH218,Morpeko V-UNION,Pokémon,V-UNION,swshp,108,38
sv9-163,Iono's Kilowattrel,Pokémon,Stage 1,sv9,201,7
hgss3-68,Sneasel,Pokémon,Basic,hgss3,308,21
sv8-29,Fuecoco,Pokémon,Basic,sv8,,21
sv4pt5-7,Charmander,Pokémon,Basic,sv4pt5,94,21
swsh8-246,Tsareena V,Pokémon,"Basic,V",swsh8,336,28
xy4-20,Frillish,Pokémon,Basic,xy4,271,21
swsh45sv-SV107,Charizard VMAX,Pokémon,VMAX,swsh45sv,207,25
sm5-85,Bastiodon,Pokémon,Stage 2,sm5,264,34
sv9-87,Hop's Sandaconda,Pokémon,Stage 1,sv9,351,29
sv10-135,Marnie's Morgrem,Pokémon,Stage 1,sv10,81,29
bw10-99,Dialga-EX,Pokémon,"Basic,EX,Team Plasma",bw10,76,28
bw1-93,Energy Search,Trainer,Item,bw1,232,21
base1-47,Diglett,Pokémon,Basic,base1,307,21
sv4pt5-172,Paldean Tauros,Pokémon,Basic,sv4pt5,214,31
swsh12-57,Regieleki V,Pokémon,"Basic,V",swsh12,297,16
sv5-18,Grubbin,Pokémon,Basic,sv5,162,21
swsh2-93,Dragapult VMAX,Pokémon,VMAX,swsh2,207,25
g1-12,M Charizard-EX,Pokémon,"MEGA,EX",g1,76,33
ex12-18,Huntail,Pokémon,Stage 1,ex12,198,2
sv6pt5-21,Cresselia,Pokémon,Basic,sv6pt5,,2
sv6-93,Enamorus,Pokémon,Basic,sv6,260,2
sv3-61,Finizen,Pokémon,Basic,sv3,112,21
swshp-SWSH273,Hisuian Basculin,Pokémon,Basic,swshp,317,38
pl2-82,Spheal,Pokémon,Basic,pl2,17,21
ex9-31,Hariyama,Pokémon,Stage 1,ex9,112,29
swsh45sv-SV080,Galarian Obstagoon,Pokémon,Stage 2,swsh45sv,66,9
sm7-27,Combusken,Pokémon,Stage 1,sm7,71,29
ex6-57,Charmander,Pokémon,Basic,ex6,112,21
sv3pt5-25,Pikachu,Pokémon,Basic,sv3pt5,284,21
sv8-80,Azelf,Pokémon,Basic,sv8,,21
swsh12tg-TG01,Braixen,Pokémon,Stage 1,swsh12tg,292,37
pl1-SH4,Lotad,Pokémon,Basic,pl1,117,2
xy6-73,Swablu,Pokémon,Basic,xy6,71,21
sv8-220,Latias ex,Pokémon,"Basic,ex",sv8,,32
sm7-180,Life Herb,Trainer,Item,sm7,232,27
bw7-71,Swoobat,Pokémon,Stage 1,bw7,125,2
hgss4-77,Spoink,Pokémon,Basic,hgss4,293,21
svp-167,Flareon,Pokémon,Stage 1,svp,61,38
sm10-228,Celesteela-GX,Pokémon,"Basic,GX,Ultra Beast",sm10,207,20
cel25c-66_A,Shining Magikarp,Pokémon,Basic,cel25c,116,12
ex11-50,Persian,Pokémon,Stage 1,ex11,284,29
sv10-176,Team Rocket's Petrel,Trainer,Supporter,sv10,376,29
pl4-37,Graveler,Pokémon,Stage 1,pl4,34,29
ex8-84,Balloon Berry,Trainer,Pokémon Tool,ex8,307,29
ex14-39,Nuzleaf,Pokémon,Stage 1,ex14,17,29
swsh12pt5-64,Tapu Lele,Pokémon,Basic,swsh12pt5,332,34
base6-57,Omanyte,Pokémon,Stage 1,base6,162,29
ex10-P,Unown,Pokémon,Basic,ex10,301,2
swsh8-106,Toxel,Pokémon,"Basic,Fusion Strike",swsh8,183,21
xy9-70,Garchomp,Pokémon,Stage 2,xy9,142,34
zsv10pt5-78,Braviary,Pokémon,Stage 1,zsv10pt5,309,29
hgss3-52,Hitmonlee,Pokémon,Basic,hgss3,112,21
bw3-45,Yamask,Pokémon,Basic,bw3,317,21
dp1-14,Shiftry,Pokémon,Stage 2,dp1,117,34
pl3-57,Drifblim,Pokémon,Stage 1,pl3,108,29
sm12-76,Koffing,Pokémon,Basic,sm12,284,21
swsh1-18,Dottler,Pokémon,Stage 1,swsh1,6,29
ex15-101,Mew ★ δ,Pokémon,"Basic,Star",ex15,117,6
bw1-85,Tranquill,Pokémon,Stage 1,bw1,112,29
ex9-43,Baltoy,Pokémon,Basic,ex9,43,21
ex10-A,Unown,Pokémon,Basic,ex10,176,2
svp-13,Miraidon,Pokémon,Basic,svp,340,38
swsh6-206,Sandaconda VMAX,Pokémon,VMAX,swsh6,207,20
dp7-46,Piloswine,Pokémon,Stage 1,dp7,108,29
dc1-6,Team Aqua's Kyogre-EX,Pokémon,"Basic,EX",dc1,214,28
ex3-5,Golem,Pokémon,Stage 2,ex3,294,34
hgss3-42,Aron,Pokémon,Basic,hgss3,167,21
zsv10pt5-97,Darumaka,Pokémon,Basic,zsv10pt5,147,7
swsh45sv-SV011,Eldegoss,Pokémon,Stage 1,swsh45sv,71,9
swsh12-88,Drakloak,Pokémon,Stage 1,swsh12,346,29
sv4pt5-195,Cyclizar,Pokémon,Basic,sv4pt5,224,31
ex13-74,Omanyte δ,Pokémon,Stage 1,ex13,162,21
dp4-34,Cacturne,Pokémon,Stage 1,dp4,198,29
bw8-14,Moltres-EX,Pokémon,"Basic,EX,Team Plasma",bw8,297,33
sm12-102,Lunala,Pokémon,Stage 2,sm12,317,34
swsh10-56,Togetic,Pokémon,Stage 1,swsh10,98,29
dp7-29,Tangrowth,Pokémon,Stage 1,dp7,112,2
svp-115,Thwackey,Pokémon,Stage 1,svp,9,38
sv2-94,Oranguru,Pokémon,Basic,sv2,286,29
swsh8-160,Galarian Linoone,Pokémon,Stage 1,swsh8,129,29
zsv10pt5-59,Krookodile,Pokémon,Stage 2,zsv10pt5,3,29
xy8-70,Cresselia,Pokémon,Basic,xy8,73,2
swsh12pt5-124,Bede,Trainer,Supporter,swsh12pt5,273,34
me1-133,Bulbasaur,Pokémon,Basic,me1,,7
dp3-5,Flygon,Pokémon,Stage 2,dp3,335,34
swsh3-79,Morelull,Pokémon,Basic,swsh3,38,21
sv4pt5-75,Squawkabilly ex,Pokémon,"Basic,ex",sv4pt5,336,14
swsh5-178,Octillery,Pokémon,"Stage 1,Rapid Strike",swsh5,336,27
rsv10pt5-97,Pignite,Pokémon,Stage 1,rsv10pt5,77,7
rsv10pt5-87,Sewaddle,Pokémon,Basic,rsv10pt5,122,7
sm2-93,Comfey,Pokémon,Basic,sm2,351,34
xy9-110,Reverse Valley,Trainer,Stadium,xy9,76,29
sv7-76,Rhyperior,Pokémon,Stage 2,sv7,,2
swsh7-216,Garbodor VMAX,Pokémon,VMAX,swsh7,76,20
ex14-77,Double Full Heal,Trainer,Item,ex14,232,29
dp4-24,Mawile,Pokémon,Basic,dp4,198,2
me2-9,Nymble,Pokémon,Basic,me2,43,21
ecard1-92,Wartortle,Pokémon,Stage 1,ecard1,191,29
swsh7-37,Feebas,Pokémon,"Basic,Rapid Strike",swsh7,223,21
xy5-11,Lombre,Pokémon,Stage 1,xy5,284,29
dp3-63,Sableye,Pokémon,Basic,dp3,125,29
swsh12-121,Ferroseed,Pokémon,Basic,swsh12,242,21
swshp-SWSH108,Empoleon V,Pokémon,"Basic,V,Rapid Strike",swshp,336,38
swsh9-114,Dracovish V,Pokémon,"Basic,V",swsh9,290,16
rsv10pt5-32,Zebstrika,Pokémon,Stage 1,rsv10pt5,109,29
swsh12pt5gg-GG08,Electivire,Pokémon,Stage 1,swsh12pt5gg,40,37
bw5-111,Pokémon Catcher,Trainer,Item,bw5,76,27
swsh4-113,Galarian Perrserker,Pokémon,Stage 1,swsh4,317,2
pl2-38,Alakazam E4,Pokémon,"Basic,SP",pl2,108,29
swsh12-143,Altaria,Pokémon,Stage 1,swsh12,351,29
ex9-69,Torchic,Pokémon,Basic,ex9,198,21
sv1-15,Meowscarada,Pokémon,Stage 2,sv1,196,2
basep-42,Pokémon Tower,Trainer,Stadium,basep,307,38
swsh1-94,Hitmonlee,Pokémon,Basic,swsh1,90,29
gym2-46,Koga's Golbat,Pokémon,Stage 1,gym2,116,29
pl3-10,Rhyperior,Pokémon,Stage 2,pl3,163,34
sm8-231,Custom Catcher,Trainer,Item,sm8,334,27
swsh6-203,Ice Rider Calyrex VMAX,Pokémon,VMAX,swsh6,145,20
sm8-111,Phanpy,Pokémon,Basic,sm8,165,21
swsh11tg-TG10,Snorlax,Pokémon,Basic,swsh11tg,112,37
ecard2-9,Elekid,Pokémon,Baby,ecard2,136,2
neo2-13,Umbreon,Pokémon,Stage 1,neo2,259,34
svp-139,Latias,Pokémon,Basic,svp,357,38
sv1-116,Krokorok,Pokémon,Stage 1,sv1,91,21
sm35-31,Electrode,Pokémon,Stage 1,sm35,271,29
sm7-62,Solrock,Pokémon,Basic,sm7,271,29
bw1-64,Krokorok,Pokémon,Stage 1,bw1,112,29
swsh8-264,Sidney,Trainer,Supporter,swsh8,37,28
bw7-89,Landorus-EX,Pokémon,"Basic,EX",bw7,297,33
me1-166,Air Balloon,Trainer,Pokémon Tool,me1,,32
bw8-5,Vespiquen,Pokémon,Stage 1,bw8,163,2
sv3pt5-206,Switch,Trainer,Item,sv3pt5,296,1
pl3-111,Magnemite,Pokémon,Basic,pl3,117,21
sv8pt5-64,Tyranitar ex,Pokémon,"Stage 2,ex",sv8pt5,,14
sv3-199,Ninetales,Pokémon,Stage 1,sv3,61,7
ex10-39,Granbull,Pokémon,Stage 1,ex10,198,29
ex13-52,Seadra δ,Pokémon,Stage 1,ex13,112,29
sm3-57,Whirlipede,Pokémon,Stage 1,sm3,172,29
sv3-226,Geeta,Trainer,Supporter,sv3,260,5
dc1-27,Team Aqua's Great Ball,Trainer,Item,dc1,334,29
sv6-94,Scream Tail ex,Pokémon,"Basic,ex,Ancient",sv6,120,14
swsh45sv-SV045,Dracozolt,Pokémon,Stage 1,swsh45sv,317,9
base1-93,Gust of Wind,Trainer,,base1,307,21
me2-127,Mega Sharpedo ex,Pokémon,"Stage 1,MEGA,ex",me2,214,5
hgss2-36,Plusle,Pokémon,Basic,hgss2,112,29
dp3-1,Ampharos,Pokémon,Stage 2,dp3,112,34
base1-51,Koffing,Pokémon,Basic,base1,108,21
dp6-112,Oddish,Pokémon,Basic,dp6,116,21
dp7-58,Drifloon,Pokémon,Basic,dp7,191,21
si1-14,Slowking,Pokémon,Stage 1,si1,284,13
zsv10pt5-61,Klink,Pokémon,Basic,zsv10pt5,74,21
xy4-64,Escavalier,Pokémon,Stage 1,xy4,108,2
swsh1-59,Inteleon,Pokémon,Stage 2,swsh1,340,2
base4-45,Jynx,Pokémon,Basic,base4,116,29
neo1-88,PokéGear,Trainer,,neo1,121,2
rsv10pt5-33,Joltik,Pokémon,Basic,rsv10pt5,160,21
bwp-BW49,Lilligant,Pokémon,Stage 1,bwp,292,38
ex8-25,Shiftry,Pokémon,Stage 2,ex8,112,2
dp1-49,Grotle,Pokémon,Stage 1,dp1,116,29
me1-173,Night Stretcher,Trainer,Item,me1,,32
sv10-197,Rotom,Pokémon,Basic,sv10,311,7
swsh45sv-SV087,Galarian Perrserker,Pokémon,Stage 1,swsh45sv,66,9
swsh45sv-SV079,Galarian Linoone,Pokémon,Stage 1,swsh45sv,317,9
xy4-23,Manectric-EX,Pokémon,"Basic,EX",xy4,297,33
hgss4-47,Pidgeotto,Pokémon,Stage 1,hgss4,38,29
smp-SM222,Mismagius,Pokémon,Stage 1,smp,125,38
ex1-63,Poochyena,Pokémon,Basic,ex1,116,21
ex15-36,Quilava δ,Pokémon,Stage 1,ex15,198,29
base3-59,Energy Search,Trainer,,base3,307,21
swsh11-201,Giratina VSTAR,Pokémon,VSTAR,swsh11,76,20
xy9-88,Raticate,Pokémon,Stage 1,xy9,162,2
bw4-43,Shinx,Pokémon,Basic,bw4,292,21
sv8-6,Spewpa,Pokémon,Stage 1,sv8,,21
pgo-49,Dragonite V,Pokémon,"Basic,V",pgo,73,16
xy7-50,Metagross,Pokémon,Stage 2,xy7,75,2
swsh6-146,Melony,Trainer,Supporter,swsh6,236,29
sm8-200,Suicune-GX,Pokémon,"Basic,GX",sm8,76,28
sm7-8,Treecko,Pokémon,Basic,sm7,223,21
swsh10-33,Mamoswine,Pokémon,Stage 2,swsh10,146,2
xy11-57,Armaldo,Pokémon,Stage 1,xy11,290,2
sv4pt5-179,Glimmet,Pokémon,Basic,sv4pt5,214,31
ex16-50,Duskull,Pokémon,Basic,ex16,116,21
xy4-111,Double Colorless Energy,Energy,Special,xy4,76,29
sv1-84,Ralts,Pokémon,Basic,sv1,98,21
swsh8-59,Azumarill,Pokémon,Stage 1,swsh8,351,2
bwp-BW87,Leafeon,Pokémon,Stage 1,bwp,114,38
sm2-165,Rare Candy,Trainer,Item,sm2,334,27
sv5-127,Noctowl,Pokémon,Stage 1,sv5,56,21
hgss3-64,Rattata,Pokémon,Basic,hgss3,34,21
swsh10-207,Zisu,Trainer,Supporter,swsh10,215,20
swsh12pt5-146,Ultra Ball,Trainer,Item,swsh12pt5,74,29
sv7-70,Greavard,Pokémon,Basic,sv7,,21
swshp-SWSH271,Kirlia,Pokémon,Stage 1,swshp,256,38
bw5-103,Entei-EX,Pokémon,"Basic,EX",bw5,76,28
base4-46,Kadabra,Pokémon,Stage 1,base4,116,29
base3-58,Mr. Fuji,Trainer,,base3,116,29
me2-121,Punk Helmet,Trainer,Pokémon Tool,me2,296,32
ecard2-1,Ampharos,Pokémon,Stage 2,ecard2,257,2
swsh10-173,Hisuian Decidueye V,Pokémon,"Basic,V",swsh10,76,28
ecard1-77,Flaaffy,Pokémon,Stage 1,ecard1,108,29
gym2-13,Misty's Gyarados,Pokémon,Stage 1,gym2,116,34
sm12-239,Piplup,Pokémon,Basic,sm12,344,27
bw11-17,Charmander,Pokémon,Basic,bw11,167,21
sma-SV59,Mewtwo-GX,Pokémon,"Basic,GX",sma,76,35
ex9-78,Lum Berry,Trainer,Pokémon Tool,ex9,23,29
swsh6-21,Blaziken VMAX,Pokémon,"VMAX,Rapid Strike",swsh6,305,25
svp-40,Pawmi,Pokémon,Basic,svp,66,38
sm11-50,Wimpod,Pokémon,Basic,sm11,17,21
sma-SV10,Quagsire,Pokémon,Stage 1,sma,332,9
sm4-51,Primeape,Pokémon,Stage 1,sm4,43,2
swsh45-29,Snom,Pokémon,Basic,swsh45,98,21
swsh35-73,Hop,Trainer,Supporter,swsh35,292,28
ecard2-87,Houndour,Pokémon,Basic,ecard2,191,21
ex1-105,Fighting Energy,Energy,Basic,ex1,,21
xyp-XY179,Snorlax,Pokémon,Basic,xyp,116,38
sm12-117,Seismitoad,Pokémon,Stage 2,sm12,90,2
base4-48,Lickitung,Pokémon,Basic,base4,108,29
ex8-64,Magikarp,Pokémon,Basic,ex8,294,21
swsh4-65,Girafarig,Pokémon,Basic,swsh4,129,29
swsh12-22,Rapidash,Pokémon,Stage 1,swsh12,358,34
dp5-93,Darkness Energy,Energy,Special,dp5,50,29
xy6-12,Tropius,Pokémon,Basic,xy6,271,29
dp2-92,Paras,Pokémon,Basic,dp2,116,21
ex10-43,Noctowl,Pokémon,Stage 1,ex10,108,29
sm9-7,Parasect,Pokémon,Stage 1,sm9,290,2
swsh10-213,Path to the Peak,Trainer,Stadium,swsh10,145,27
ex8-43,Nuzleaf,Pokémon,Stage 1,ex8,112,29
ex6-112,Venusaur ex,Pokémon,"Stage 2,ex",ex6,232,33
base3-52,Omanyte,Pokémon,Stage 1,base3,162,21
smp-SM224,Celebi,Pokémon,Basic,smp,71,38
me1-62,Spoink,Pokémon,Basic,me1,,21
swsh12tg-TG15,Blaziken VMAX,Pokémon,"VMAX,Rapid Strike",swsh12tg,88,25
swsh1-87,Munna,Pokémon,Basic,swsh1,165,21
swsh12-117,Beldum,Pokémon,Basic,swsh12,129,21
base2-45,Rhydon,Pokémon,Stage 1,base2,162,29
sma-SV18,Malamar,Pokémon,Stage 1,sma,37,9
sv3pt5-94,Gengar,Pokémon,Stage 2,sv3pt5,17,2
swsh3-121,Aron,Pokémon,Basic,swsh3,284,21
sm4-7,Karrablast,Pokémon,Basic,sm4,288,21
xy8-52,Magnemite,Pokémon,Basic,xy8,340,21
sv9-124,Audino,Pokémon,Basic,sv9,234,21
bw7-30,Wartortle,Pokémon,Stage 1,bw7,71,29
xy1-29,Blastoise-EX,Pokémon,"Basic,EX",xy1,297,33
ex2-76,Seedot,Pokémon,Basic,ex2,191,21
hgss4-45,Nidorina,Pokémon,Stage 1,hgss4,254,29
swsh35-30,Lycanroc,Pokémon,Stage 1,swsh35,66,34
bw8-129,Scramble Switch,Trainer,"Item,ACE SPEC",bw8,76,30
ex2-20,Pichu,Pokémon,Basic,ex2,284,2
dp2-8,Feraligatr,Pokémon,Stage 2,dp2,205,34
pl2-57,Aron,Pokémon,Basic,pl2,331,21
ex10-83,Energy Root,Trainer,Pokémon Tool,ex10,232,29
neo1-58,Girafarig,Pokémon,Basic,neo1,116,21
sv4-161,Cursed Duster,Trainer,Pokémon Tool,sv4,26,29
gym2-40,Erika's Clefairy,Pokémon,Basic,gym2,191,29
sv6-52,Glalie,Pokémon,Stage 1,sv6,192,29
sv8-243,Clemont's Quick Wit,Trainer,Supporter,sv8,,5
gym1-119,Tickling Machine,Trainer,Rocket's Secret Machine,gym1,125,29
sm3-123,Sophocles,Trainer,Supporter,sm3,116,29
sm10-34,Wartortle,Pokémon,Stage 1,sm10,36,29
xy6-11,Shedinja,Pokémon,Stage 1,xy6,308,2
swsh10-18,Hisuian Lilligant VSTAR,Pokémon,VSTAR,swsh10,76,24
pl3-66,Manectric G,Pokémon,"Basic,SP",pl3,276,29
dp5-7,Leafeon,Pokémon,Stage 1,dp5,112,34
sv8-52,Quaquaval,Pokémon,Stage 2,sv8,,29
sv1-130,Croagunk,Pokémon,Basic,sv1,251,21
ex14-49,Charmander δ,Pokémon,Basic,ex14,108,21
sm9-164,Gengar & Mimikyu-GX,Pokémon,"Basic,TAG TEAM,GX",sm9,76,28
svp-63,Cetitan,Pokémon,Stage 1,svp,376,38
ecard2-58,Seadra,Pokémon,Stage 1,ecard2,108,29
sv8pt5-119,Prime Catcher,Trainer,"Item,ACE SPEC",sv8pt5,,19
swsh8-61,Mantine,Pokémon,Basic,swsh8,332,21
sm7-131,Friend Ball,Trainer,Item,sm7,92,29
swsh12pt5-18,Charizard V,Pokémon,"Basic,V",swsh12pt5,275,16
xy3-102,Training Center,Trainer,Stadium,xy3,232,29
base1-97,Fighting Energy,Energy,Basic,base1,307,13
xy8-109,Axew,Pokémon,Basic,xy8,162,21
smp-SM11,Bruxish,Pokémon,Basic,smp,71,38
swsh1-203,Lapras VMAX,Pokémon,VMAX,swsh1,76,20
sv4-166,Luxurious Cape,Trainer,Pokémon Tool,sv4,334,29
xy2-75,Pidgey,Pokémon,Basic,xy2,191,21
bw5-58,Timburr,Pokémon,Basic,bw5,71,21
swsh8-116,Granbull,Pokémon,Stage 1,swsh8,340,2
ex5-19,Huntail,Pokémon,Stage 1,ex5,162,2
swsh11-214,Box of Disaster,Trainer,"Item,Pokémon Tool",swsh11,334,27
dp4-9,Swampert,Pokémon,Stage 2,dp4,112,34
svp-119,Toxel,Pokémon,Basic,svp,84,38
ex8-50,Vigoroth,Pokémon,Stage 1,ex8,108,29
dp5-59,Combee,Pokémon,Basic,dp5,198,21
sv5-183,Cinccino,Pokémon,Stage 1,sv5,322,7
swshp-SWSH194,Leafeon V,Pokémon,"Basic,V",swshp,99,38
sv4-5,Simisage,Pokémon,Stage 1,sv4,285,29
swsh9-134,Cheren's Care,Trainer,Supporter,swsh9,171,29
dp3-19,Suicune,Pokémon,Basic,dp3,232,34
sv3-174,Bouffalant,Pokémon,Basic,sv3,128,29
sv8pt5-2,Exeggutor,Pokémon,Stage 1,sv8pt5,,29
smp-SM42,Cosmog,Pokémon,Basic,smp,184,38
sv10-193,Misty's Psyduck,Pokémon,Basic,sv10,140,7
xy10-57,Vullaby,Pokémon,Basic,xy10,198,21
sv8-115,Glimmora,Pokémon,Stage 1,sv8,,21
sv5-200,Explorer's Guidance,Trainer,"Supporter,Ancient",sv5,37,32
hgss4-29,Pidgeot,Pokémon,Stage 2,hgss4,38,2
pop4-10,Scramble Energy,Energy,Special,pop4,50,29
me2-120,Grimsley's Move,Trainer,Supporter,me2,94,32
sv7-143,Bulbasaur,Pokémon,Basic,sv7,,7
swsh10-9,Kricketot,Pokémon,Basic,swsh10,117,21
sv4-68,Tapu Koko ex,Pokémon,"Basic,ex",sv4,357,14
ex10-66,Pineco,Pokémon,Basic,ex10,308,21
base5-36,Dark Gloom,Pokémon,Stage 1,base5,162,29
xyp-XY159,Beedrill Spirit Link,Trainer,Pokémon Tool,xyp,76,38
bw4-54,Mewtwo-EX,Pokémon,"Basic,EX",bw4,298,33
bw3-57,Litwick,Pokémon,Basic,bw3,117,21
pop1-16,Armaldo ex,Pokémon,"Stage 2,ex",pop1,136,2
xy1-85,Aegislash,Pokémon,Stage 2,xy1,76,2
sv6pt5-48,Meowth,Pokémon,Basic,sv6pt5,,21
sv3-206,Varoom,Pokémon,Basic,sv3,224,7
bw5-48,Espeon,Pokémon,Stage 1,bw5,71,2
sv8pt5-152,Wellspring Mask Ogerpon ex,Pokémon,"Basic,Tera,ex",sv8pt5,,5
dp3-25,Electivire,Pokémon,Stage 1,dp3,112,2
swsh2-50,Inteleon VMAX,Pokémon,VMAX,swsh2,76,25
dp5-77,Turtwig,Pokémon,Basic,dp5,335,21
me2-33,Pawmo,Pokémon,Stage 1,me2,311,21
bw5-34,Vanillish,Pokémon,Stage 1,bw5,112,29
ex10-67,Poliwag,Pokémon,Basic,ex10,162,21
swsh1-85,Gengar,Pokémon,Stage 2,swsh1,377,34
xy4-76,Sliggoo,Pokémon,Stage 1,xy4,76,29
xy5-131,Groudon Spirit Link,Trainer,Pokémon Tool,xy5,76,29
sm9-42,Flaaffy,Pokémon,Stage 1,sm9,322,29
svp-65,Scream Tail,Pokémon,"Basic,Ancient",svp,94,38
dp4-101,Premier Ball,Trainer,Item,dp4,232,29
ecard1-35,Arbok,Pokémon,Stage 1,ecard1,271,2
bw4-12,Arcanine,Pokémon,Stage 1,bw4,108,2
ecard1-157,Switch,Trainer,,ecard1,307,21
ex7-40,Dark Pupitar,Pokémon,Stage 1,ex7,39,29
bw10-40,Musharna,Pokémon,Stage 1,bw10,162,29
dp6-42,Unown [!],Pokémon,Basic,dp6,79,2
swsh7-130,Vigoroth,Pokémon,"Stage 1,Single Strike",swsh7,214,29
sv7-12,Applin,Pokémon,Basic,sv7,,21
gym2-28,Lt. Surge's Jolteon,Pokémon,Stage 1,gym2,116,2
sm2-59,Dhelmise,Pokémon,Basic,sm2,264,34
ex8-26,Skarmory,Pokémon,Basic,ex8,112,2
sv6-221,Teal Mask Ogerpon ex,Pokémon,"Basic,Tera,ex",sv6,76,1
ex13-4,Deoxys δ,Pokémon,Basic,ex13,162,34
ex16-45,Beldum,Pokémon,Basic,ex16,198,21
pop4-2,Deoxys δ,Pokémon,Basic,pop4,112,2
bw11-1,Tangela,Pokémon,Basic,bw11,215,21
sv10-34,Ethan's Typhlosion,Pokémon,Stage 2,sv10,177,2
bw7-84,Dwebble,Pokémon,Basic,bw7,198,21
sv2-103,Tinkatuff,Pokémon,Stage 1,sv2,340,29
sm10-24,Darmanitan,Pokémon,Stage 1,sm10,198,2
ex11-67,Drowzee,Pokémon,Basic,ex11,17,21
sv4pt5-105,Toedscool,Pokémon,Basic,sv4pt5,66,31
dp7-49,Scyther,Pokémon,Basic,dp7,108,29
swsh12-12,Amoonguss,Pokémon,Stage 1,swsh12,376,2
col1-41,Croconaw,Pokémon,Stage 1,col1,73,29
swsh9-123,Arceus VSTAR,Pokémon,VSTAR,swsh9,76,24
sv7-168,Galvantula ex,Pokémon,"Stage 1,Tera,ex",sv7,,5
swsh12-101,Stonjourner,Pokémon,Basic,swsh12,204,29
gym2-62,Blaine's Growlithe,Pokémon,Basic,gym2,116,21
ex3-27,Flaaffy,Pokémon,Stage 1,ex3,189,29
ex14-47,Cacnea,Pokémon,Basic,ex14,17,21
xy12-110,Flying Pikachu,Pokémon,Basic,xy12,286,27
sv8-204,Mesprit,Pokémon,Basic,sv8,,7
sm1-100,Tauros-GX,Pokémon,"Basic,GX",sm1,76,10
bw3-95,Super Rod,Trainer,Item,bw3,76,29
swsh2-134,Doublade,Pokémon,Stage 1,swsh2,308,29
me2-97,Dewgong,Pokémon,Stage 1,me2,103,7
swsh5-37,Octillery,Pokémon,"Stage 1,Rapid Strike",swsh5,224,34
sv8pt5-147,Ceruledge ex,Pokémon,"Stage 1,Tera,ex",sv8pt5,,5
dp2-49,Girafarig,Pokémon,Basic,dp2,198,29
sm10-206,Whimsicott-GX,Pokémon,"Stage 1,GX",sm10,76,28
ecard2-14,Houndoom,Pokémon,Stage 1,ecard2,284,2
hgss4-43,Magneton,Pokémon,Stage 1,hgss4,253,29
swsh6-179,Galarian Slowking V,Pokémon,"Basic,V,Single Strike",swsh6,17,28
bw9-75,Deino,Pokémon,Basic,bw9,198,21
swsh8-102,Zeraora,Pokémon,Basic,swsh8,151,2
xy2-48,Binacle,Pokémon,Basic,xy2,76,21
sm11-73,Exeggcute,Pokémon,Basic,sm11,143,21
dp3-50,Flaaffy,Pokémon,Stage 1,dp3,162,29
pop6-12,Buneary,Pokémon,Basic,pop6,162,21
swsh3-16,Tsareena,Pokémon,Stage 2,swsh3,62,2
dp7-8,Raichu,Pokémon,Stage 1,dp7,162,34
swsh10tg-TG06,Wyrdeer,Pokémon,Stage 1,swsh10tg,215,37
hgss2-55,Natu,Pokémon,Basic,hgss2,254,21
xy5-6,Treecko,Pokémon,Basic,xy5,340,21
swsh7-203,Zinnia's Resolve,Trainer,Supporter,swsh7,256,28
xy5-103,Azumarill,Pokémon,Stage 1,xy5,267,2
swsh12pt5-97,Zamazenta,Pokémon,Basic,swsh12pt5,94,34
swsh11-212,Giratina VSTAR,Pokémon,VSTAR,swsh11,76,27
dp2-74,Bronzor,Pokémon,Basic,dp2,116,21
bw1-99,Pokémon Communication,Trainer,Item,bw1,76,29
dp2-80,Doduo,Pokémon,Basic,dp2,116,21
me1-86,Mega Absol ex,Pokémon,"Basic,MEGA,ex",me1,,14
svp-164,Lapras ex,Pokémon,"Basic,Tera,ex",svp,,38
sm35-36,Ekans,Pokémon,Basic,sm35,235,21
swsh8-275,Elesa's Sparkle,Trainer,"Supporter,Fusion Strike",swsh8,66,20
sm9-61,Tentacruel,Pokémon,Stage 1,sm9,183,29
sm11-7,Sewaddle,Pokémon,Basic,sm11,90,21
sv6-194,Wellspring Mask Ogerpon ex,Pokémon,"Basic,Tera,ex",sv6,76,32
xy10-89,Cinccino,Pokémon,Stage 1,xy10,112,29
sv5-101,Arbok,Pokémon,Stage 1,sv5,312,21
swshp-SWSH027,Noctowl,Pokémon,Stage 1,swshp,6,38
pop6-6,Drifloon,Pokémon,Basic,pop6,108,29
g1-65,Max Revive,Trainer,Item,g1,76,29
sm8-223,Tyranitar-GX,Pokémon,"Stage 2,GX",sm8,76,20
xy9-119,Scizor-EX,Pokémon,"Basic,EX",xy9,232,28
sv7-58,Slowking,Pokémon,Stage 1,sv7,,29
ex2-73,Psyduck,Pokémon,Basic,ex2,112,21
ex15-27,Croconaw δ,Pokémon,Stage 1,ex15,43,29
ex1-106,Water Energy,Energy,Basic,ex1,,21
sv6-195,Luxray ex,Pokémon,"Stage 2,ex",sv6,99,32
swsh4-13,Nincada,Pokémon,Basic,swsh4,333,21
sv6-107,Hawlucha,Pokémon,Basic,sv6,90,21
sm12-27,Magcargo,Pokémon,Stage 1,sm12,189,2
ex4-55,Team Aqua's Poochyena,Pokémon,Basic,ex4,176,21
sv4pt5-183,Weavile,Pokémon,Stage 1,sv4pt5,317,31
sv8pt5-28,Pikachu ex,Pokémon,"Basic,Tera,ex",sv8pt5,,14
dp2-44,Croconaw,Pokémon,Stage 1,dp2,108,29
svp-129,Pecharunt,Pokémon,Basic,svp,214,38
sm5-64,Cranidos,Pokémon,Stage 1,sm5,112,29
pl3-51,Bibarel,Pokémon,Stage 1,pl3,191,29
basep-11,Eevee,Pokémon,Basic,basep,162,38
sv4pt5-6,Espathra ex,Pokémon,"Stage 1,Tera,ex",sv4pt5,356,14
swsh8-72,Galarian Darmanitan,Pokémon,Stage 1,swsh8,172,29
pl2-RT5,Wash Rotom,Pokémon,Basic,pl2,255,2
swsh1-196,Zamazenta V,Pokémon,"Basic,V",swsh1,207,28
pl4-56,Burmy Plant Cloak,Pokémon,Basic,pl4,271,21
zsv10pt5-28,Kyurem ex,Pokémon,"Basic,ex",zsv10pt5,275,14
hgss3-37,Skuntank,Pokémon,Stage 1,hgss3,284,29
pl4-6,Mothim,Pokémon,Stage 1,pl4,162,34
xy9-90,Dunsparce,Pokémon,Basic,xy9,340,29
pgo-22,Gyarados,Pokémon,Stage 1,pgo,108,34
bw6-67,Gigalith,Pokémon,Stage 2,bw6,232,34
sm9-27,Golduck,Pokémon,Stage 1,sm9,117,29
swsh6-192,Honey,Trainer,Supporter,swsh6,66,28
swsh10-151,Spicy Seasoned Curry,Trainer,Item,swsh10,26,29
swsh12pt5-42,Luxio,Pokémon,Stage 1,swsh12pt5,377,29
sv6pt5-13,Sneasel,Pokémon,Basic,sv6pt5,,21
sv4pt5-99,Pineco,Pokémon,Basic,sv4pt5,104,31
swsh12pt5-46,Rotom VSTAR,Pokémon,VSTAR,swsh12pt5,76,24
swsh5-145,Empoleon V,Pokémon,"Basic,V,Rapid Strike",swsh5,281,28
swsh8-281,Power Tablet,Trainer,"Item,Fusion Strike",swsh8,334,27
sm1-94,Dratini,Pokémon,Basic,sm1,284,21
dpp-DP44,Magnezone,Pokémon,Stage 2,dpp,162,38
swsh4-115,Steelix V,Pokémon,"Basic,V",swsh4,290,16
sm8-222,Sigilyph-GX,Pokémon,"Basic,GX",sm8,72,20
bw9-96,Staravia,Pokémon,Stage 1,bw9,254,29
pgo-47,Melmetal V,Pokémon,"Basic,V",pgo,60,16
xy2-94,Pokémon Fan Club,Trainer,Supporter,xy2,171,29
base3-56,Tentacool,Pokémon,Basic,base3,162,21
swsh10-79,Hippopotas,Pokémon,Basic,swsh10,214,21
sv3-66,Tyranitar ex,Pokémon,"Stage 2,ex,Tera",sv3,76,14
base5-22,Dark Dragonite,Pokémon,Stage 2,base5,108,2
col1-14,Lucario,Pokémon,Stage 1,col1,202,34
swsh1-182,Sitrus Berry,Trainer,Pokémon Tool,swsh1,355,29
sv1-131,Toxicroak ex,Pokémon,"Stage 1,ex",sv1,82,14
dp5-64,Electrike,Pokémon,Basic,dp5,335,21
swsh8-189,Melmetal,Pokémon,"Stage 1,Single Strike",swsh8,264,34
sm9-115,Alolan Exeggutor,Pokémon,Stage 1,sm9,351,2
sv5-95,Coalossal,Pokémon,Stage 2,sv5,251,29
xy1-60,Rhyhorn,Pokémon,Basic,xy1,267,21
xy3-73,Klefki,Pokémon,Basic,xy3,76,29
xy12-50,Koffing,Pokémon,Basic,xy12,108,29
swsh6-63,Banette,Pokémon,"Stage 1,Single Strike",swsh6,358,2
base1-86,Pokémon Flute,Trainer,,base1,307,29
ecard2-55,Nidorino,Pokémon,Stage 1,ecard2,162,29
fut20-4,Scorbunny on the Ball,Pokémon,Basic,fut20,114,13
zsv10pt5-27,Cryogonal,Pokémon,Basic,zsv10pt5,271,29
swsh6-19,Zarude,Pokémon,Basic,swsh6,317,34
svp-163,Cinderace ex,Pokémon,"Stage 2,Tera,ex",svp,,38
ex16-54,Magnemite,Pokémon,Basic,ex16,163,21
bw1-90,Bouffalant,Pokémon,Basic,bw1,292,29
ex11-38,Ditto,Pokémon,Basic,ex11,43,29
dc1-17,Team Magma's Poochyena,Pokémon,Basic,dc1,142,21
swsh12-14,Virizion,Pokémon,Basic,swsh12,112,2
svp-146,Iron Crown ex,Pokémon,"Basic,ex,Future",svp,76,38
sv1-159,Tandemaus,Pokémon,Basic,sv1,187,21
sv3-185,Flamigo,Pokémon,Basic,sv3,36,29
swsh5-129,Level Ball,Trainer,Item,swsh5,232,29
ex8-98,Deoxys ex,Pokémon,"Basic,ex",ex8,108,33
swsh7-113,Deino,Pokémon,Basic,swsh7,12,21
base6-71,Doduo,Pokémon,Basic,base6,108,21
swsh7-181,Golurk V,Pokémon,"Basic,V,Single Strike",swsh7,297,28
sv7-122,Fletchinder,Pokémon,Stage 1,sv7,,21
sv9-37,Ludicolo,Pokémon,Stage 2,sv9,245,2
ex11-112,Kyogre ★,Pokémon,"Basic,Star",ex11,117,6
bwp-BW26,Axew,Pokémon,Basic,bwp,340,38
sv8-50,Quaxly,Pokémon,Basic,sv8,,21
sv1-233,Iron Treads ex,Pokémon,"Basic,ex",sv1,76,32
swsh12pt5-107,Ditto,Pokémon,Basic,swsh12pt5,88,34
sv4-156,Bombirdier ex,Pokémon,"Basic,ex",sv4,336,14
sv8-192,Exeggcute,Pokémon,Basic,sv8,,7
me1-57,Jynx,Pokémon,Basic,me1,,21
swsh10-49,Galarian Mr. Rime V,Pokémon,"Basic,V,Fusion Strike",swsh10,76,16
ex1-64,Poochyena,Pokémon,Basic,ex1,191,21
sv6-9,Volbeat,Pokémon,Basic,sv6,197,21
sm12-104,Blacephalon,Pokémon,"Basic,Ultra Beast",sm12,264,34
neo3-10,Magneton,Pokémon,Stage 1,neo3,13,34
sm5-30,Alolan Vulpix,Pokémon,Basic,sm5,17,21
pl4-25,Pichu,Pokémon,Basic,pl4,194,2
swsh11-198,Magnezone VSTAR,Pokémon,VSTAR,swsh11,336,20
xy10-26,M Alakazam-EX,Pokémon,"MEGA,EX",xy10,76,33
smp-SM225,Victini,Pokémon,Basic,smp,214,38
swsh7-65,Espeon VMAX,Pokémon,VMAX,swsh7,76,25
sm4-36,Gastly,Pokémon,Basic,sm4,322,21
ex8-16,Deoxys,Pokémon,Basic,ex8,372,2
swshp-SWSH236,Dragonite VSTAR,Pokémon,VSTAR,swshp,336,38
dp1-67,Unown [C],Pokémon,Basic,dp1,240,29
swsh2-20,Applin,Pokémon,Basic,swsh2,71,21
xy4-44,Pumpkaboo,Pokémon,Basic,xy4,152,21
swsh6-126,Furfrou,Pokémon,Basic,swsh6,98,21
sm115-62,Misty's Determination,Trainer,Supporter,sm115,184,29
sm7-100,Celesteela,Pokémon,"Basic,Ultra Beast",sm7,73,34
gym1-26,Erika's Victreebel,Pokémon,Stage 2,gym1,116,2
ex11-43,Golbat,Pokémon,Stage 1,ex11,293,29
sm9-45,Zebstrika,Pokémon,Stage 1,sm9,317,2
pop9-6,Buizel,Pokémon,Basic,pop9,198,29
hgss2-21,Poliwrath,Pokémon,Stage 2,hgss2,284,2
ex13-34,Zangoose,Pokémon,Basic,ex13,108,2
swsh9-151,Double Turbo Energy,Energy,Special,swsh9,,29
xy8-82,Mamoswine,Pokémon,Stage 2,xy8,117,34
sm12-217,Oricorio-GX,Pokémon,"Basic,GX",sm12,70,28
hgss4-66,Lickitung,Pokémon,Basic,hgss4,191,21
swsh10-66,Mesprit,Pokémon,Basic,swsh10,200,34
ex16-31,Kirlia,Pokémon,Stage 1,ex16,34,29
xy11-20,Infernape,Pokémon,Stage 2,xy11,292,34
base1-58,Pikachu,Pokémon,Basic,base1,108,21
xy6-106,Shaymin-EX,Pokémon,"Basic,EX",xy6,232,28
sv6-151,Hassel,Trainer,Supporter,sv6,376,29
swsh9-76,Flygon,Pokémon,Stage 2,swsh9,317,2
smp-SM248,Pikachu & Zekrom-GX,Pokémon,"Basic,TAG TEAM,GX",smp,76,38
sm12-221,Arceus & Dialga & Palkia-GX,Pokémon,"Basic,TAG TEAM,GX",sm12,112,28
swsh5-80,Coalossal,Pokémon,Stage 2,swsh5,305,34
dp5-37,Grotle,Pokémon,Stage 1,dp5,335,29
bw3-75,Pawniard,Pokémon,Basic,bw3,108,21
swsh12pt5gg-GG68,Origin Forme Dialga VSTAR,Pokémon,VSTAR,swsh12pt5gg,305,27
swsh12tg-TG27,Raihan,Trainer,Supporter,swsh12tg,236,28
swshp-SWSH038,Kangaskhan,Pokémon,Basic,swshp,12,38
sm12-215,Blastoise & Piplup-GX,Pokémon,"Basic,TAG TEAM,GX",sm12,340,28
pl2-93,Pokémon Contest Hall,Trainer,Stadium,pl2,258,29
sm7-63,Shuppet,Pokémon,Basic,sm7,108,21
swsh10-123,Ursaring,Pokémon,Stage 1,swsh10,151,29
sv6pt5-34,Malamar,Pokémon,Stage 1,sv6pt5,,29
swsh4-25,Charizard,Pokémon,Stage 2,swsh4,66,2
sv10-222,Judge,Trainer,Supporter,sv10,91,32
xy1-48,Arbok,Pokémon,Stage 1,xy1,292,2
ex7-96,Rocket's Articuno ex,Pokémon,"Basic,ex",ex7,232,33
xy1-120,Max Revive,Trainer,Item,xy1,76,29
me2-80,Smeargle,Pokémon,Basic,me2,313,21
swsh8-280,Flaaffy,Pokémon,Stage 1,swsh8,296,27
sv6-3,Pinsir,Pokémon,Basic,sv6,12,21
sv10-114,Team Rocket's Nidoran♀,Pokémon,Basic,sv10,313,21
rsv10pt5-128,Boldore,Pokémon,Stage 1,rsv10pt5,209,7
sv1-224,Arcanine ex,Pokémon,"Stage 1,Tera,ex",sv1,76,32
neo2-55,Hoppip,Pokémon,Basic,neo2,162,21
sm8-47,Entei,Pokémon,Basic,sm8,73,2
sv10-20,Team Rocket's Spidops,Pokémon,Stage 1,sv10,237,2
sv8pt5-38,Spritzee,Pokémon,Basic,sv8pt5,,21
sm5-65,Rampardos,Pokémon,Stage 2,sm5,355,34
ex1-20,Sceptile,Pokémon,Stage 2,ex1,116,2
sm3-124,Super Scoop Up,Trainer,Item,sm3,334,29
swsh12pt5-95,Zacian V,Pokémon,"Basic,V",swsh12pt5,207,16
zsv10pt5-158,Zekrom ex,Pokémon,"Basic,ex",zsv10pt5,356,32
ex14-36,Lairon,Pokémon,Stage 1,ex14,163,29
sv3pt5-154,Antique Old Amber,Trainer,Item,sv3pt5,26,21
base1-80,Defender,Trainer,,base1,307,29
sv10-22,Dolliv,Pokémon,Stage 1,sv10,302,21
sv3pt5-44,Gloom,Pokémon,Stage 1,sv3pt5,333,29
swsh10-45,Keldeo,Pokémon,Basic,swsh10,284,34
bw7-99,Flygon,Pokémon,Stage 2,bw7,27,34
ex2-92,Root Fossil,Trainer,Item,ex2,232,21
swsh10-28,Psyduck,Pokémon,Basic,swsh10,376,21
me1-1,Bulbasaur,Pokémon,Basic,me1,,21
sm9-2,Weedle,Pokémon,Basic,sm9,322,21
dp5-15,Aerodactyl,Pokémon,Stage 1,dp5,112,2
swsh45sv-SV054,Hatenna,Pokémon,Basic,swsh45sv,143,9
sv1-211,Ralts,Pokémon,Basic,sv1,211,7
sv6-160,Perrin,Trainer,Supporter,sv6,292,29
sv1-201,Toedscool,Pokémon,Basic,sv1,340,7
swsh12pt5-159,Metal Energy,Energy,Basic,swsh12pt5,,28
sv1-190,Professor's Research (Professor Turo),Trainer,Supporter,sv1,215,2
ex4-62,Team Magma's Houndour,Pokémon,Basic,ex4,362,21
dp4-45,Magcargo,Pokémon,Stage 1,dp4,108,29
dp7-5,Magnezone,Pokémon,Stage 2,dp7,117,34
sv8-22,Pansear,Pokémon,Basic,sv8,,21
swsh4-184,Opal,Trainer,Supporter,swsh4,292,28
swsh11-207,Iscan,Trainer,Supporter,swsh11,75,20
swsh11-213,Hisuian Zoroark VSTAR,Pokémon,VSTAR,swsh11,207,27
xy2-14,Ponyta,Pokémon,Basic,xy2,17,21
sv3-147,Excadrill,Pokémon,Stage 1,sv3,73,29
swsh6-209,Tornadus VMAX,Pokémon,"VMAX,Single Strike",swsh6,108,20
swshp-SWSH021,Polteageist V,Pokémon,"Basic,V",swshp,72,38
bw9-80,Mawile,Pokémon,Basic,bw9,108,29
sv8-132,Iron Crown,Pokémon,"Basic,Future",sv8,,2
swsh10-17,Hisuian Lilligant V,Pokémon,"Basic,V",swsh10,76,16
swsh11-186,Giratina V,Pokémon,"Basic,V",swsh11,325,28
sv8pt5-179,Pikachu ex,Pokémon,"Basic,Tera,ex",sv8pt5,,1
sv6pt5-14,Weavile,Pokémon,Stage 1,sv6pt5,,29
swsh4-17,Skiddo,Pokémon,Basic,swsh4,332,21
sv3-179,Greedent ex,Pokémon,"Stage 1,ex,Tera",sv3,76,14
sv4pt5-61,Scrafty,Pokémon,Stage 1,sv4pt5,169,29
bwp-BW63,White Kyurem-EX,Pokémon,"Basic,EX",bwp,297,38
ex11-88,Zubat,Pokémon,Basic,ex11,17,21
gym1-79,Erika's Tangela,Pokémon,Basic,gym1,116,21
swsh5-121,Bruno,Trainer,"Supporter,Single Strike",swsh5,116,29
ex4-80,Team Magma Ball,Trainer,Item,ex4,232,29
pgo-6,Spinarak,Pokémon,Basic,pgo,43,21
sv9-74,Milcery,Pokémon,Basic,sv9,322,21
bw8-73,Lunatone,Pokémon,Basic,bw8,324,29
swsh8-218,Greedent VMAX,Pokémon,VMAX,swsh8,336,25
sv5-163,Shiftry,Pokémon,Stage 2,sv5,61,7
sv5-63,Mr. Mime,Pokémon,Basic,sv5,300,21
sv9-44,Alolan Geodude,Pokémon,Basic,sv9,195,21
xy2-43,Meowstic,Pokémon,Stage 1,xy2,76,2
ex6-80,Slowpoke,Pokémon,Basic,ex6,43,21
xy12-34,Gyarados,Pokémon,Stage 1,xy12,108,34
svp-101,Pikachu,Pokémon,Basic,svp,211,38
swsh12-213,Gapejaw Bog,Trainer,Stadium,swsh12,145,27
xy6-6,Cascoon,Pokémon,Stage 1,xy6,267,21
me1-110,Gumshoos,Pokémon,Stage 1,me1,,29
sv6-63,Walking Wake,Pokémon,"Basic,Ancient",sv6,73,2
sv6pt5-37,Munkidori ex,Pokémon,"Basic,ex",sv6pt5,,14
bw3-78,Zweilous,Pokémon,Stage 1,bw3,117,29
xy8-63,M Mewtwo-EX,Pokémon,"MEGA,EX",xy8,76,33
base5-37,Dark Golduck,Pokémon,Stage 1,base5,108,29
swsh8-57,Feraligatr,Pokémon,Stage 2,swsh8,277,34
sv6pt5-18,Duskull,Pokémon,Basic,sv6pt5,,21
ex5-12,Milotic,Pokémon,Stage 1,ex5,191,34
sm3-16,Wimpod,Pokémon,Basic,sm3,162,21
sv1-242,Team Star Grunt,Trainer,Supporter,sv1,214,32
sm12-186,Bellelba & Brycen-Man,Trainer,"Supporter,TAG TEAM",sm12,37,29
xy10-29,Mew,Pokémon,Basic,xy10,108,34
swsh10-216,Double Turbo Energy,Energy,Special,swsh10,,27
swsh12pt5gg-GG49,Drapion V,Pokémon,"Basic,V",swsh12pt5gg,43,16
ex12-60,Omanyte,Pokémon,Stage 1,ex12,133,21
sm10-60,Zeraora,Pokémon,Basic,sm10,73,2
sm6-109,Lady,Trainer,Supporter,sm6,171,29
ex3-94,Latios ex,Pokémon,"Basic,ex",ex3,232,33
zsv10pt5-55,Whirlipede,Pokémon,Stage 1,zsv10pt5,126,21
dp6-6,Heatran,Pokémon,Basic,dp6,79,34
zsv10pt5-49,Conkeldurr,Pokémon,Stage 2,zsv10pt5,221,2
dp7-36,Electrode,Pokémon,Stage 1,dp7,79,29
sm1-119,Great Ball,Trainer,Item,sm1,232,29
sm12-187,Chaotic Swell,Trainer,Stadium,sm12,232,29
xy4-106,Target Whistle Team Flare Gear,Trainer,Item,xy4,334,29
sm11-196,Giant Bomb,Trainer,Pokémon Tool,sm11,296,29
dp6-31,Jirachi,Pokémon,Basic,dp6,270,2
sv2-2,Skiploom,Pokémon,Stage 1,sv2,170,29
sv8-44,Sealeo,Pokémon,Stage 1,sv8,,21
sv4-121,Morpeko,Pokémon,Basic,sv4,365,2
sm3-110,Stufful,Pokémon,Basic,sm3,333,21
smp-SM206,Pikachu,Pokémon,Basic,smp,340,38
smp-SM204,Necrozma,Pokémon,Basic,smp,264,38
sv2-7,Tropius,Pokémon,Basic,sv2,256,21
sm4-45,Gourgeist,Pokémon,Stage 1,sm4,215,2
sv6-216,Bloodmoon Ursaluna ex,Pokémon,"Basic,ex",sv6,243,5
gym1-24,Brock's Zubat,Pokémon,Basic,gym1,116,2
sm6-25,Clauncher,Pokémon,Basic,sm6,198,21
sv1-161,Maushold,Pokémon,Stage 1,sv1,88,29
neo3-49,Qwilfish,Pokémon,Basic,neo3,125,21
sv6-76,Kilowattrel,Pokémon,Stage 1,sv6,277,29
xy5-77,Rhyperior,Pokémon,Stage 2,xy5,142,34
sv7-41,Greninja ex,Pokémon,"Stage 2,ex",sv7,,14
dp5-8,Manaphy,Pokémon,Basic,dp5,38,34
sv9-99,Pangoro,Pokémon,Stage 1,sv9,214,29
ex10-60,Houndour,Pokémon,Basic,ex10,162,21
base4-59,Rhydon,Pokémon,Stage 1,base4,162,29
neo3-53,Slugma,Pokémon,Basic,neo3,162,21
dp1-97,Seedot,Pokémon,Basic,dp1,117,21
sm6-87,Sylveon,Pokémon,Stage 1,sm6,131,2
swshp-SWSH119,Snorlax,Pokémon,"Basic,Single Strike",swshp,128,38
sm12-241,Pikachu,Pokémon,Basic,sm12,75,27
xy10-23,Barbaracle,Pokémon,Stage 1,xy10,317,2
ecard2-16,Hypno,Pokémon,Stage 1,ecard2,108,2
swsh2-34,Heatmor,Pokémon,Basic,swsh2,290,29
swsh1-164,Great Ball,Trainer,Item,swsh1,334,29
ex14-44,Aron,Pokémon,Basic,ex14,308,21
sv8-189,Tera Orb,Trainer,Item,sv8,,29
ex9-40,Swalot,Pokémon,Stage 1,ex9,191,29
xy6-57,Salamence,Pokémon,Stage 2,xy6,142,34
swsh1-198,Cramorant V,Pokémon,"Basic,V",swsh1,207,28
xy9-16,Psyduck,Pokémon,Basic,xy9,162,21
zsv10pt5-67,Genesect ex,Pokémon,"Basic,ex",zsv10pt5,76,14
swsh10-19,Rowlet,Pokémon,Basic,swsh10,73,21
pl4-77,Tangela,Pokémon,Basic,pl4,162,21
swsh1-66,Raichu,Pokémon,Stage 1,swsh1,264,2
bw9-110,Thundurus-EX,Pokémon,"Basic,EX,Team Plasma",bw9,76,28
bw5-1,Bulbasaur,Pokémon,Basic,bw5,108,21
col1-95,Metal Energy,Energy,Basic,col1,,21
swshp-SWSH123,Galarian Articuno,Pokémon,Basic,swshp,317,38
sv2-35,Fuecoco,Pokémon,Basic,sv2,242,21
sv4-157,Cyclizar,Pokémon,Basic,sv4,73,29
xy9-55,Sigilyph,Pokémon,Basic,xy9,117,29
sv3pt5-146,Moltres,Pokémon,Basic,sv3pt5,105,2
swsh10tg-TG01,Abomasnow,Pokémon,"Stage 1,Single Strike",swsh10tg,108,37
swsh3-174,Heat Fire Energy,Energy,Special,swsh3,,29
sv10-50,Misty's Lapras,Pokémon,Basic,sv10,339,21
svp-102,Oddish,Pokémon,Basic,svp,19,38
sm75-14,Salazzle,Pokémon,Stage 1,sm75,292,29
sm8-35,Skiddo,Pokémon,Basic,sm8,116,21
ex13-82,Surskit,Pokémon,Basic,ex13,191,21
smp-SM134,Tornadus-GX,Pokémon,"Basic,GX",smp,76,38
swsh2-22,Flapple,Pokémon,Stage 1,swsh2,317,34
neo2-59,Natu,Pokémon,Basic,neo2,125,21
hgss1-105,Ampharos,Pokémon,"Stage 2,Prime",hgss1,79,23
cel25c-24_A,_____'s Pikachu,Pokémon,Basic,cel25c,162,12
pl2-14,Aggron,Pokémon,Stage 2,pl2,284,2
svp-124,Iono,Trainer,Supporter,svp,156,38
ex9-47,Electrike,Pokémon,Basic,ex9,162,21
sv4pt5-194,Noibat,Pokémon,Basic,sv4pt5,300,31
sm7-1,Bellsprout,Pokémon,Basic,sm7,30,21
sv6pt5-5,Decidueye,Pokémon,Stage 2,sv6pt5,,29
base1-28,Growlithe,Pokémon,Basic,base1,116,29
ex12-77,Strange Cave,Trainer,Stadium,ex12,232,29
swsh2-92,Dragapult V,Pokémon,"Basic,V",swsh2,207,16
sm12-206,Tag Call,Trainer,Item,sm12,334,29
swsh5-168,Single Strike Urshifu VMAX,Pokémon,"VMAX,Single Strike",swsh5,35,20
sv6pt5-26,Slither Wing,Pokémon,"Basic,Ancient",sv6pt5,,29
sm115-66,Moltres & Zapdos & Articuno-GX,Pokémon,"Basic,TAG TEAM,GX",sm115,76,28
sv8-135,Dialga,Pokémon,Basic,sv8,,2
hgss1-31,Sunflora,Pokémon,Stage 1,hgss1,43,2
xy12-109,ナッシー[Exeggutor],Pokémon,Stage 1,xy12,67,27
bw4-10,Growlithe,Pokémon,Basic,bw4,117,21
xy12-39,Voltorb,Pokémon,Basic,xy12,307,21
sv4pt5-156,Drifblim,Pokémon,Stage 1,sv4pt5,143,31
sv3-52,Seismitoad,Pokémon,Stage 2,sv3,6,29
bw9-67,Absol,Pokémon,"Basic,Team Plasma",bw9,76,34
swsh4-55,Joltik,Pokémon,Basic,swsh4,125,21
sv8-59,Magneton,Pokémon,Stage 1,sv8,,29
bw1-3,Servine,Pokémon,Stage 1,bw1,162,29
ex4-42,Meowth,Pokémon,Basic,ex4,116,21
xy5-30,Horsea,Pokémon,Basic,xy5,215,21
xy5-124,Archie's Ace in the Hole,Trainer,Supporter,xy5,171,29
smp-SM192,Lucario & Melmetal-GX,Pokémon,"Basic,TAG TEAM,GX",smp,214,38
swsh6-69,Inkay,Pokémon,"Basic,Rapid Strike",swsh6,351,21
swsh8-66,Huntail,Pokémon,"Stage 1,Fusion Strike",swsh8,143,2
ex1-32,Grovyle,Pokémon,Stage 1,ex1,116,29
sv6-172,Torkoal,Pokémon,Basic,sv6,77,7
sm4-11,Gogoat,Pokémon,Stage 1,sm4,273,34
pl3-78,Raticate G,Pokémon,"Basic,SP",pl3,276,29
xy2-101,Magnezone-EX,Pokémon,"Basic,EX",xy2,232,28
np-11,Marshtomp,Pokémon,Stage 1,np,108,38
hgss2-46,Carnivine,Pokémon,Basic,hgss2,374,21
sv6-123,Heatran,Pokémon,Basic,sv6,305,2
xy9-105,Pokémon Catcher,Trainer,Item,xy9,76,29
sv3pt5-3,Venusaur ex,Pokémon,"Stage 2,ex",sv3pt5,76,14
ex9-93,Deoxys ex,Pokémon,"Basic,ex",ex9,108,33
swsh45sv-SV031,Arrokuda,Pokémon,Basic,swsh45sv,90,9
sv1-166,Arven,Trainer,Supporter,sv1,94,29
ex8-30,Donphan,Pokémon,Stage 1,ex8,43,29
swsh7-47,Eiscue,Pokémon,Basic,swsh7,71,29
ex2-36,Elekid,Pokémon,Basic,ex2,112,29
sv4pt5-46,Primeape,Pokémon,Stage 1,sv4pt5,66,29
ex10-R,Unown,Pokémon,Basic,ex10,240,2
ex11-49,Metang δ,Pokémon,Stage 1,ex11,163,29
swsh8-87,Voltorb,Pokémon,"Basic,Single Strike",swsh8,17,21
swsh3-18,Golisopod,Pokémon,Stage 1,swsh3,66,34
base3-50,Kabuto,Pokémon,Stage 1,base3,116,21
bw7-52,Electrode,Pokémon,Stage 1,bw7,116,29
gym2-4,Erika's Venusaur,Pokémon,Stage 2,gym2,116,34
pl3-91,Bidoof,Pokémon,Basic,pl3,191,21
ex3-98,Charmander,Pokémon,Basic,ex3,108,27
sv8-225,Alolan Exeggutor ex,Pokémon,"Stage 1,Tera,ex",sv8,,32
dp6-43,Uxie,Pokémon,Basic,dp6,116,2
swsh2-55,Eiscue V,Pokémon,"Basic,V",swsh2,70,16
sm12-244,Gallade,Pokémon,Stage 2,sm12,228,27
xy10-78,Lugia,Pokémon,Basic,xy10,142,2
sv4-191,Wimpod,Pokémon,Basic,sv4,192,7
sv6-174,Froslass,Pokémon,Stage 1,sv6,210,7
sv8-107,Gastrodon,Pokémon,Stage 1,sv8,,2
sv10-41,Combusken,Pokémon,Stage 1,sv10,156,21
sv3pt5-142,Aerodactyl,Pokémon,Stage 1,sv3pt5,325,2
swsh2-15,Trevenant,Pokémon,Stage 1,swsh2,73,2
bw8-81,Conkeldurr,Pokémon,Stage 2,bw8,317,2
me1-137,Ninjask,Pokémon,Stage 1,me1,,7
bw4-25,Lapras,Pokémon,Basic,bw4,112,2
swsh5-50,Tapu Koko V,Pokémon,"Basic,V",swsh5,305,16
dv1-14,Fraxure,Pokémon,Stage 1,dv1,317,34
base2-35,Exeggutor,Pokémon,Stage 1,base2,162,29
ex12-42,Roselia,Pokémon,Basic,ex12,162,29
bw7-98,Vibrava,Pokémon,Stage 1,bw7,292,29
swsh9-103,Klang,Pokémon,Stage 1,swsh9,204,29
swsh3-125,Klink,Pokémon,Basic,swsh3,112,21
me2-99,Yamper,Pokémon,Basic,me2,110,7
xyp-XY27,Champions Festival,Trainer,Stadium,xyp,292,38
sv6pt5-11,Seadra,Pokémon,Stage 1,sv6pt5,,21
swsh6-227,Fog Crystal,Trainer,Item,swsh6,60,27
zsv10pt5-64,Pawniard,Pokémon,Basic,zsv10pt5,192,21
bw11-25,Tepig,Pokémon,Basic,bw11,194,21
g1-7,Parasect,Pokémon,Stage 1,g1,125,2
ex9-45,Doduo,Pokémon,Basic,ex9,163,21
bw1-35,Basculin,Pokémon,Basic,bw1,284,29
sv8-7,Vivillon,Pokémon,Stage 2,sv8,,29
bwp-BW62,Black Kyurem-EX,Pokémon,"Basic,EX",bwp,297,38
base4-49,Machoke,Pokémon,Stage 1,base4,116,29
swsh6-211,Avery,Trainer,Supporter,swsh6,215,20
mcd22-4,Growlithe,Pokémon,Basic,mcd22,304,13
ex10-40,Lanturn,Pokémon,Stage 1,ex10,163,29
sm75-37,Dragonite-GX,Pokémon,"Stage 2,GX",sm75,76,10
neo4-42,Hitmonlee,Pokémon,Basic,neo4,293,29
sv8-213,Kecleon,Pokémon,Basic,sv8,,7
swsh6-214,Doctor,Trainer,Supporter,swsh6,351,20
base4-83,Nidoran ♂,Pokémon,Basic,base4,116,21
sm11-89,Musharna,Pokémon,Stage 1,sm11,6,29
ex14-45,Bulbasaur,Pokémon,Basic,ex14,125,21
hgss3-24,Vileplume,Pokémon,Stage 2,hgss3,108,2
me1-59,Kirlia,Pokémon,Stage 1,me1,,21
swsh45sv-SV117,Grimmsnarl VMAX,Pokémon,VMAX,swsh45sv,76,25
bw5-92,Dark Claw,Trainer,Pokémon Tool,bw5,76,29
swsh5-131,Rapid Strike Scroll of Swirls,Trainer,"Pokémon Tool,Rapid Strike",swsh5,76,29
sm2-80,Sableye,Pokémon,Basic,sm2,308,29
swsh45sv-SV104,Dubwool,Pokémon,Stage 1,swsh45sv,112,9
dp2-91,Nidoran ♀,Pokémon,Basic,dp2,116,21
sm9-56,Nidoqueen,Pokémon,Stage 2,sm9,214,2
sm10-87,Geodude,Pokémon,Basic,sm10,125,21
sm11-233,Coach Trainer,Trainer,Supporter,sm11,214,28
sv4-146,Ambipom,Pokémon,Stage 1,sv4,75,29
gym2-52,Lt. Surge's Electrode,Pokémon,Stage 1,gym2,116,29
bwp-BW58,Black Kyurem,Pokémon,Basic,bwp,317,38
sm8-37,Tapu Bulu,Pokémon,Basic,sm8,290,34
bw11-81,Gallade,Pokémon,Stage 2,bw11,163,2
bw2-5,Swadloon,Pokémon,Stage 1,bw2,292,29
neo4-62,Dark Octillery,Pokémon,Stage 1,neo4,257,21
sv7-79,Medicham,Pokémon,Stage 1,sv7,,21
sv1-188,Potion,Trainer,Item,sv1,281,21
pl3-23,Crawdaunt G,Pokémon,"Basic,SP",pl3,374,2
base1-40,Raticate,Pokémon,Stage 1,base1,116,29
sm4-55,Stufful,Pokémon,Basic,sm4,194,21
sm10-8,Vileplume,Pokémon,Stage 2,sm10,38,34
bw9-50,Beldum,Pokémon,Basic,bw9,90,21
sv1-23,Arboliva,Pokémon,Stage 2,sv1,112,2
base3-16,Aerodactyl,Pokémon,Stage 1,base3,162,2
xyp-XY17,Charizard-EX,Pokémon,"Basic,EX",xyp,76,38
swsh7-39,Luvdisc,Pokémon,Basic,swsh7,71,21
swsh12pt5-29,Seel,Pokémon,Basic,swsh12pt5,162,21
svp-128,Iron Leaves ex,Pokémon,"Basic,ex,Future",svp,76,38
sv3-212,Vespiquen ex,Pokémon,"Stage 1,ex,Tera",sv3,76,32
hgss1-75,Meowth,Pokémon,Basic,hgss1,162,21
swshp-SWSH157,Greninja V-UNION,Pokémon,V-UNION,swshp,317,38
swsh7-154,Rescue Carrier,Trainer,Item,swsh7,232,29
sv8-74,Azumarill,Pokémon,Stage 1,sv8,,29
xy3-89,Energy Switch,Trainer,Item,xy3,76,29
sv10-205,Arven's Greedent,Pokémon,Stage 1,sv10,84,7
sm11-179,Fletchling,Pokémon,Basic,sm11,332,21
swsh12pt5gg-GG20,Latias,Pokémon,"Basic,Fusion Strike",swsh12pt5gg,151,37
mcd19-1,Caterpie,Pokémon,Basic,mcd19,333,13
swsh45sv-SV119,Ditto VMAX,Pokémon,VMAX,swsh45sv,70,25
swsh6-132,Caitlin,Trainer,Supporter,swsh6,351,29
sv3-57,Frogadier,Pokémon,Stage 1,sv3,247,29
xy5-80,Medicham,Pokémon,Stage 1,xy5,340,34
sm75-36,Dragonair,Pokémon,Stage 1,sm75,254,29
swsh11tg-TG16,Pikachu V,Pokémon,"Basic,V",swsh11tg,196,16
bw4-33,Vanilluxe,Pokémon,Stage 2,bw4,340,34
sv1-248,Iron Treads ex,Pokémon,"Basic,ex",sv1,105,5
sm8-228,Adventure Bag,Trainer,Item,sm8,355,27
ecard2-23,Muk,Pokémon,Stage 1,ecard2,163,2
ex14-20,Grumpig,Pokémon,Stage 1,ex14,108,2
svp-195,Lillie's Clefairy ex,Pokémon,"Basic,ex",svp,70,38
sm2-71,Whiscash,Pokémon,Stage 1,sm2,117,2
sv3pt5-150,Mewtwo,Pokémon,Basic,sv3pt5,305,2
sm2-99,Hakamo-o,Pokémon,Stage 1,sm2,317,29
dp4-21,Lapras,Pokémon,Basic,dp4,191,2
base3-24,Kabutops,Pokémon,Stage 2,base3,116,2
sv3-130,Umbreon,Pokémon,Stage 1,sv3,118,29
rsv10pt5-164,Hilda,Trainer,Supporter,rsv10pt5,156,32
sm9-171,Eevee & Snorlax-GX,Pokémon,"Basic,TAG TEAM,GX",sm9,76,28
ex14-10,Sableye,Pokémon,Basic,ex14,293,34
sm7-96,Registeel,Pokémon,Basic,sm7,317,2
swsh8-97,Eelektross,Pokémon,Stage 2,swsh8,140,2
hgss4-40,Machoke,Pokémon,Stage 1,hgss4,317,29
sm11-128,Murkrow,Pokémon,Basic,sm11,214,21
sv7-136,Grand Tree,Trainer,"Stadium,ACE SPEC",sv7,,19
base4-79,Magnemite,Pokémon,Basic,base4,307,21
zsv10pt5-44,Meloetta ex,Pokémon,"Basic,ex",zsv10pt5,76,14
sv4pt5-38,Fidough,Pokémon,Basic,sv4pt5,71,21
bw3-46,Cofagrigus,Pokémon,Stage 1,bw3,108,2
swsh12-34,Alolan Vulpix VSTAR,Pokémon,VSTAR,swsh12,83,24
sv3pt5-112,Rhydon,Pokémon,Stage 1,sv3pt5,376,29
sm6-21,Froakie,Pokémon,Basic,sm6,116,21
neo3-19,Kingdra,Pokémon,Stage 2,neo3,108,2
smp-SM93,Marshadow,Pokémon,Basic,smp,215,38
swsh2-118,Garbodor,Pokémon,Stage 1,swsh2,305,2
pop6-4,Pachirisu,Pokémon,Basic,pop6,191,2
swsh6-138,Fire-Resistant Gloves,Trainer,Pokémon Tool,swsh6,334,29
swsh3-196,Rose,Trainer,Supporter,swsh3,292,20
sm2-116,Aether Paradise Conservation Area,Trainer,Stadium,sm2,76,29
swsh45sv-SV116,Grimmsnarl V,Pokémon,"Basic,V",swsh45sv,336,16
sm12-67,Raichu,Pokémon,Stage 1,sm12,305,2
sv3-132,Houndour,Pokémon,Basic,sv3,285,21
bw6-65,Roggenrola,Pokémon,Basic,bw6,271,21
sv10-116,Team Rocket's Nidoqueen,Pokémon,Stage 2,sv10,357,29
sv6-33,Infernape,Pokémon,Stage 2,sv6,279,2
bw8-42,Magnemite,Pokémon,Basic,bw8,90,21
sv1-129,Spiritomb,Pokémon,Basic,sv1,284,29
hgss3-51,Hitmonchan,Pokémon,Basic,hgss3,112,21
ecard3-23,Omastar,Pokémon,Stage 2,ecard3,163,2
base1-75,Lass,Trainer,,base1,116,2
sv9-71,Impidimp,Pokémon,Basic,sv9,287,21
swshp-SWSH172,Tepig,Pokémon,"Basic,Single Strike",swshp,377,38
ex10-58,Gloom,Pokémon,Stage 1,ex10,112,21
xy12-60,Machamp BREAK,Pokémon,BREAK,xy12,76,15
xy1-99,Dodrio,Pokémon,Stage 1,xy1,194,29
swsh3-46,Vanillish,Pokémon,Stage 1,swsh3,322,29
bw9-98,Tornadus-EX,Pokémon,"Basic,EX,Team Plasma",bw9,297,33
sm12-82,Gallade,Pokémon,Stage 2,sm12,6,34
xy2-73,Sliggoo,Pokémon,Stage 1,xy2,76,29
ex5-69,Plusle,Pokémon,Basic,ex5,162,21
sm1-157,Gumshoos-GX,Pokémon,"Stage 1,GX",sm1,76,20
bw10-7,Shelmet,Pokémon,Basic,bw10,125,21
dp5-23,Jolteon,Pokémon,Stage 1,dp5,198,2
bw5-43,Galvantula,Pokémon,Stage 1,bw5,340,2
sm4-100,Counter Energy,Energy,Special,sm4,,29
base2-46,Seaking,Pokémon,Stage 1,base2,162,29
smp-SM86,Pikachu,Pokémon,Basic,smp,183,38
sm10-188,Ultra Forest Kartenvoy,Trainer,Supporter,sm10,117,29
swsh8-60,Qwilfish,Pokémon,Basic,swsh8,12,21
ex3-83,Buffer Piece,Trainer,Pokémon Tool,ex3,92,29
swsh6-46,Ice Rider Calyrex VMAX,Pokémon,VMAX,swsh6,76,25
ex9-79,Mr. Stone's Project,Trainer,Supporter,ex9,116,29
sm9-81,Pancham,Pokémon,Basic,sm9,43,21
xy7-51,Registeel,Pokémon,Basic,xy7,112,2
sv8-198,Feebas,Pokémon,Basic,sv8,,7
swsh12pt5-55,Zeraora VSTAR,Pokémon,VSTAR,swsh12pt5,207,24
sm7-118,Loudred,Pokémon,Stage 1,sm7,117,29
sv8-87,Dedenne,Pokémon,Basic,sv8,,21
swshp-SWSH266,Deoxys V,Pokémon,"Basic,V",swshp,275,38
sv4-200,Mienshao,Pokémon,Stage 1,sv4,256,7
dp2-59,Pupitar,Pokémon,Stage 1,dp2,198,29
dp6-18,Armaldo,Pokémon,Stage 2,dp6,49,2
base4-44,Ivysaur,Pokémon,Stage 1,base4,116,29
swsh2-188,Dubwool V,Pokémon,"Basic,V",swsh2,76,28
swsh45sv-SV017,Cinderace,Pokémon,Stage 2,swsh45sv,75,9
swshp-SWSH195,Leafeon VSTAR,Pokémon,VSTAR,swshp,76,38
sv4-95,Gabite,Pokémon,Stage 1,sv4,82,21
pl4-50,Wormadam Sandy Cloak,Pokémon,Stage 1,pl4,191,29
xy2-96,Sacred Ash,Trainer,Item,xy2,216,29
svp-34,Skeledirge ex,Pokémon,"Stage 2,ex",svp,76,38
bw4-31,Vanillite,Pokémon,Basic,bw4,194,21
det1-12,Mewtwo,Pokémon,Basic,det1,213,28
sv3pt5-195,Daisy's Help,Trainer,Supporter,sv3pt5,328,32
gym2-2,Blaine's Charizard,Pokémon,Stage 2,gym2,116,34
sv8pt5-126,Rescue Board,Trainer,Pokémon Tool,sv8pt5,,29
pl4-93,Helix Fossil,Trainer,Item,pl4,232,21
me1-106,Miltank,Pokémon,Basic,me1,,21
sv7-133,Crispin,Trainer,Supporter,sv7,,29
sv3pt5-202,Zapdos ex,Pokémon,"Basic,ex",sv3pt5,251,5
ex3-71,Pineco,Pokémon,Basic,ex3,163,21
sv6-224,Enhanced Hammer,Trainer,Item,sv6,297,1
cel25c-73_A,Imposter Professor Oak,Trainer,,cel25c,116,12
xy11-42,Galvantula,Pokémon,Stage 1,xy11,167,2
col1-36,Tyrogue,Pokémon,Basic,col1,90,2
sm2-29,Wailmer,Pokémon,Basic,sm2,189,21
sv6pt5-59,Janine's Secret Art,Trainer,Supporter,sv6pt5,,29
gym2-87,Misty's Horsea,Pokémon,Basic,gym2,116,21
dp2-93,Pichu,Pokémon,Basic,dp2,43,21
bw7-140,Gold Potion,Trainer,"Item,ACE SPEC",bw7,232,30
sv1-183,Penny,Trainer,Supporter,sv1,156,29
sv7-62,Yamask,Pokémon,Basic,sv7,,21
sv8pt5-74,Eevee,Pokémon,Basic,sv8pt5,,21
sm12-229,Guzma & Hala,Trainer,"Supporter,TAG TEAM",sm12,229,28
bw8-45,Magneton,Pokémon,Stage 1,bw8,167,29
mcd11-1,Snivy,Pokémon,Basic,mcd11,116,13
sm10-21,Growlithe,Pokémon,Basic,sm10,223,21
me2-28,Prinplup,Pokémon,Stage 1,me2,363,21
xy10-79,Lugia BREAK,Pokémon,BREAK,xy10,76,15
swsh7-180,Espeon V,Pokémon,"Basic,V",swsh7,129,28
swsh7-85,Hippowdon,Pokémon,Stage 1,swsh7,377,29
ex8-4,Camerupt,Pokémon,Stage 1,ex8,17,34
sm7-51,Electrike,Pokémon,Basic,sm7,112,21
swsh3-150,Bunnelby,Pokémon,Basic,swsh3,17,21
g1-61,Energy Switch,Trainer,Item,g1,76,29
svp-7,Hawlucha,Pokémon,Basic,svp,128,38
neo2-68,Unown [I],Pokémon,Basic,neo2,111,21
sv10-80,Team Rocket's Hypno,Pokémon,Stage 1,sv10,128,29
smp-SM92,Tapu Fini,Pokémon,Basic,smp,351,38
bw11-77,Chandelure-EX,Pokémon,"Basic,EX",bw11,232,33
xy12-82,Pokédex,Trainer,Item,xy12,307,29
gym1-66,Brock's Geodude,Pokémon,Basic,gym1,116,21
sm10-58,Charjabug,Pokémon,Stage 1,sm10,333,29
sm9-28,Staryu,Pokémon,Basic,sm9,116,21
me1-12,Celebi,Pokémon,Basic,me1,,29
zsv10pt5-95,Foongus,Pokémon,Basic,zsv10pt5,4,7
sv2-21,Lokix,Pokémon,Stage 1,sv2,277,2
sv5-2,Pineco,Pokémon,Basic,sv5,198,21
sv10-79,Team Rocket's Drowzee,Pokémon,Basic,sv10,210,21
swsh7-3,Skiploom,Pokémon,"Stage 1,Rapid Strike",swsh7,215,29
ex1-42,Mightyena,Pokémon,Stage 1,ex1,116,29
xy4-9,Fletchinder,Pokémon,Stage 1,xy4,38,29
sv1-108,Primeape,Pokémon,Stage 1,sv1,66,21
swsh7-41,Glaceon VMAX,Pokémon,VMAX,swsh7,70,25
neo1-42,Noctowl,Pokémon,Stage 1,neo1,116,29
base4-43,Haunter,Pokémon,Stage 1,base4,307,29
swsh8-40,Chandelure VMAX,Pokémon,VMAX,swsh8,305,25
xy3-3,Victreebel,Pokémon,Stage 2,xy3,351,34
ex3-26,Dratini,Pokémon,Basic,ex3,308,29
swsh35-55,Kabu,Trainer,Supporter,swsh35,236,29
sv10-171,Team Rocket's Ariana,Trainer,Supporter,sv10,357,29
pl3-74,Numel,Pokémon,Basic,pl3,162,29
gym2-20,Sabrina,Trainer,,gym2,116,34
sv4-127,Ferroseed,Pokémon,Basic,sv4,189,21
neo3-65,Shining Gyarados,Pokémon,Basic,neo3,116,36
swsh10-39,Origin Forme Palkia V,Pokémon,"Basic,V",swsh10,207,16
sv6-72,Morpeko,Pokémon,Basic,sv6,183,29
ex16-38,Sharpedo,Pokémon,Stage 1,ex16,198,29
dp6-15,Regigigas,Pokémon,Basic,dp6,232,34
swsh7-217,Rayquaza VMAX,Pokémon,"VMAX,Rapid Strike",swsh7,336,20
smp-SM239,Carracosta-GX,Pokémon,"Stage 2,GX",smp,70,38
base6-41,Dodrio,Pokémon,Stage 1,base6,108,29
base5-52,Diglett,Pokémon,Basic,base5,125,21
xy3-16,Poliwhirl,Pokémon,Stage 1,xy3,194,29
bw6-4,Yanma,Pokémon,Basic,bw6,293,21
swsh1-24,Torkoal V,Pokémon,"Basic,V",swsh1,281,16
swsh2-11,Masquerain,Pokémon,Stage 1,swsh2,24,29
sm115-20,Raichu-GX,Pokémon,"Stage 1,GX",sm115,76,10
swsh9-111,Fraxure,Pokémon,Stage 1,swsh9,204,29
svp-161,Charizard ex,Pokémon,"Stage 2,ex",svp,,38
xyp-XY125,Mewtwo-EX,Pokémon,"Basic,EX",xyp,297,38
sv9-40,Wailmer,Pokémon,Basic,sv9,221,21
pl2-1,Arcanine,Pokémon,Stage 1,pl2,117,34
dp3-66,Smeargle,Pokémon,Basic,dp3,117,29
swsh35-27,Lucario V,Pokémon,"Basic,V",swsh35,305,16
ecard3-H20,Moltres,Pokémon,Basic,ecard3,112,34
xy10-92,Audino Spirit Link,Trainer,Pokémon Tool,xy10,76,29
me1-15,Shiftry,Pokémon,Stage 2,me1,,29
ex13-83,Torchic,Pokémon,Basic,ex13,162,21
neo1-38,Lanturn,Pokémon,Stage 1,neo1,116,29
hgss2-8,Shaymin,Pokémon,Basic,hgss2,299,34
sv8-90,Sandygast,Pokémon,Basic,sv8,,21
sm2-44,Heliolisk,Pokémon,Stage 1,sm2,317,2
xy5-71,Tentacool,Pokémon,Basic,xy5,71,29
dpp-DP30,Regigigas LV.X,Pokémon,Level-Up,dpp,298,38
sm1-63,Toxapex,Pokémon,Stage 1,sm1,108,34
sv7-52,Charjabug,Pokémon,Stage 1,sv7,,21
smp-SM195,Charizard-GX,Pokémon,"Stage 2,GX",smp,220,38
bw11-73,Solosis,Pokémon,Basic,bw11,152,21
xy3-40,Gothorita,Pokémon,Stage 1,xy3,38,29
swsh3-42,Simipour,Pokémon,Stage 1,swsh3,90,29
sv7-29,Charcadet,Pokémon,Basic,sv7,,21
base5-79,Sleep!,Trainer,Rocket's Secret Machine,base5,125,21
ex8-1,Altaria,Pokémon,Stage 1,ex8,271,34
base4-66,Bellsprout,Pokémon,Basic,base4,162,21
neo3-43,Farfetch'd,Pokémon,Basic,neo3,189,21
swsh4-78,Xerneas,Pokémon,Basic,swsh4,162,34
swsh2-193,Rillaboom VMAX,Pokémon,VMAX,swsh2,76,20
ex10-25,Hitmonlee,Pokémon,Basic,ex10,294,2
smp-SM08,Litten,Pokémon,Basic,smp,112,38
pl2-96,Team Galactic's Invention G-109 SP Radar,Trainer,Item,pl2,79,29
sm11-31,Fletchinder,Pokémon,Stage 1,sm11,40,21
sm8-203,Tyranitar-GX,Pokémon,"Stage 2,GX",sm8,76,28
xy9-7,Petilil,Pokémon,Basic,xy9,284,21
ex10-28,Jynx,Pokémon,Basic,ex10,293,2
xy5-125,Dive Ball,Trainer,Item,xy5,334,29
swsh12pt5gg-GG01,Hisuian Voltorb,Pokémon,Basic,swsh12pt5gg,12,37
hgss4-1,Aggron,Pokémon,Stage 2,hgss4,162,34
sm11-19,Tsareena,Pokémon,Stage 2,sm11,215,34
ex13-3,Deoxys δ,Pokémon,Basic,ex13,108,34
sv6pt5-58,Dangerous Laser,Trainer,"Item,ACE SPEC",sv6pt5,,19
ex15-90,Altaria ex δ,Pokémon,"Stage 1,ex",ex15,298,33
bw5-32,Palpitoad,Pokémon,Stage 1,bw5,112,29
sv7-20,Rapidash,Pokémon,Stage 1,sv7,,29
sv3-119,Toedscruel,Pokémon,Stage 1,sv3,112,29
xy2-70,Druddigon,Pokémon,Basic,xy2,196,34
sv3-176,Yungoos,Pokémon,Basic,sv3,47,21
sma-SV47,Decidueye-GX,Pokémon,"Stage 2,GX",sma,76,35
sv3pt5-37,Vulpix,Pokémon,Basic,sv3pt5,73,21
ex3-13,Crawdaunt,Pokémon,Stage 1,ex3,162,2
bw7-79,Sandslash,Pokémon,Stage 1,bw7,27,29
dp4-53,Skarmory,Pokémon,Basic,dp4,108,29
swsh45-36,Morpeko,Pokémon,Basic,swsh45,37,21
ex14-52,Electrike,Pokémon,Basic,ex14,191,21
swsh2-111,Stonjourner,Pokémon,Basic,swsh2,112,34
sv10-137,Marnie's Morpeko,Pokémon,Basic,sv10,40,21
xy5-23,Magcargo,Pokémon,Stage 1,xy5,90,29
me1-121,Mega Signal,Trainer,Item,me1,,29
swshp-SWSH122,Flaaffy,Pokémon,Stage 1,swshp,187,38
rsv10pt5-50,Archen,Pokémon,Stage 1,rsv10pt5,287,29
swsh12-154,Earthen Seal Stone,Trainer,"Item,Pokémon Tool",swsh12,26,34
bw7-31,Blastoise,Pokémon,Stage 2,bw7,290,34
sv4-118,Yveltal,Pokémon,Basic,sv4,73,2
swsh10-179,Oranguru V,Pokémon,"Basic,V",swsh10,334,28
swsh8-271,Gengar VMAX,Pokémon,"VMAX,Single Strike",swsh8,129,20
swsh7-125,Eevee,Pokémon,Basic,swsh7,233,21
sm2-79,Honchkrow,Pokémon,Stage 1,sm2,37,2
col1-11,Jirachi,Pokémon,Basic,col1,167,34
dp3-43,Wormadam Trash Cloak,Pokémon,Stage 1,dp3,205,2
ex8-27,Tropius,Pokémon,Basic,ex8,189,2
swsh12-142,Swablu,Pokémon,Basic,swsh12,189,21
ex11-114,Azumarill,Pokémon,Stage 1,ex11,162,27
swsh2-61,Luxio,Pokémon,Stage 1,swsh2,242,29
ex7-26,Quagsire,Pokémon,Stage 1,ex7,189,2
sv5-10,Turtwig,Pokémon,Basic,sv5,140,21
ecard3-6,Crobat,Pokémon,Stage 2,ecard3,259,2
cel25-25,Mew,Pokémon,Basic,cel25,115,34
base2-20,Jolteon,Pokémon,Stage 1,base2,162,2
smp-SM112,Ash's Pikachu,Pokémon,Basic,smp,42,38
sm11-197,Giant Hearth,Trainer,Stadium,sm11,76,29
dp4-2,Cresselia,Pokémon,Basic,dp4,232,34
ecard2-26,Octillery,Pokémon,Stage 1,ecard2,112,2
ex5-17,Chimecho,Pokémon,Basic,ex5,189,2
swshp-SWSH051,Lapras,Pokémon,Basic,swshp,358,38
swsh9-64,Whimsicott V,Pokémon,"Basic,V",swsh9,115,16
xy6-44,Togetic,Pokémon,Stage 1,xy6,194,29
swsh10-57,Togekiss,Pokémon,Stage 2,swsh10,254,34
bw2-52,Boldore,Pokémon,Stage 1,bw2,117,29
sv5-57,Zeraora,Pokémon,Basic,sv5,91,29
xyp-XY08,Yveltal-EX,Pokémon,"Basic,EX",xyp,76,38
svp-43,Eevee,Pokémon,Basic,svp,47,38
sv3-197,Vengeful Punch,Trainer,Pokémon Tool,sv3,281,29
swsh8-224,Adventurer's Discovery,Trainer,Supporter,swsh8,256,29
sm5-46,Shinx,Pokémon,Basic,sm5,116,21
sv5-98,Sandy Shocks,Pokémon,"Basic,Ancient",sv5,260,29
sv4pt5-235,Arven,Trainer,Supporter,sv4pt5,7,5
xy1-136,Psychic Energy,Energy,Basic,xy1,,21
sm4-84,Regigigas,Pokémon,Basic,sm4,112,34
sv10-132,Marnie's Scraggy,Pokémon,Basic,sv10,151,21
sv8pt5-14,Flareon ex,Pokémon,"Stage 1,Tera,ex",sv8pt5,,14
mcd19-8,Mankey,Pokémon,Basic,mcd19,189,13
sm1-71,Gigalith,Pokémon,Stage 2,sm1,297,34
neo2-46,Scyther,Pokémon,Basic,neo2,259,29
xy2-60,Forretress,Pokémon,Stage 1,xy2,17,2
swsh11-211,Volo,Trainer,Supporter,swsh11,215,20
bwp-BW59,White Kyurem,Pokémon,Basic,bwp,317,38
dp6-135,Stark Mountain,Trainer,Stadium,dp6,232,29
hgss2-79,Life Herb,Trainer,Item,hgss2,299,29
hgss3-62,Pineco,Pokémon,Basic,hgss3,162,21
ex4-50,Team Aqua's Corphish,Pokémon,Basic,ex4,241,21
bw2-31,Beartic,Pokémon,Stage 1,bw2,162,2
base6-22,Electrode,Pokémon,Stage 1,base6,108,2
sv6-178,Wattrel,Pokémon,Basic,sv6,108,7
dp2-103,Spinarak,Pokémon,Basic,dp2,162,21
hgss2-80,PlusPower,Trainer,Item,hgss2,202,29
xy12-54,Sandshrew,Pokémon,Basic,xy12,116,21
ex16-93,Claydol ex,Pokémon,"Stage 1,ex",ex16,232,33
rsv10pt5-1,Sewaddle,Pokémon,Basic,rsv10pt5,145,21
hgss1-90,Copycat,Trainer,Supporter,hgss1,194,29
sm7-50,Lanturn,Pokémon,Stage 1,sm7,308,29
ex16-8,Delcatty,Pokémon,Stage 1,ex16,117,34
sv8pt5-90,Noibat,Pokémon,Basic,sv8pt5,,21
base5-11,Dark Magneton,Pokémon,Stage 1,base5,189,34
pgo-40,Conkeldurr V,Pokémon,"Basic,V",pgo,281,16
ex5-16,Bellossom,Pokémon,Stage 2,ex5,43,2
sv6-23,Sinistcha ex,Pokémon,"Stage 1,ex",sv6,207,14
sv4pt5-57,Gengar,Pokémon,Stage 2,sv4pt5,300,29
ex13-43,Golduck δ,Pokémon,Stage 1,ex13,198,29
swsh9-120,Bidoof,Pokémon,Basic,swsh9,145,21
xy7-57,Giratina-EX,Pokémon,"Basic,EX",xy7,216,33
ex6-26,Kingler,Pokémon,Stage 1,ex6,112,2
me2-101,Flygon,Pokémon,Stage 2,me2,196,7
sm4-65,Aron,Pokémon,Basic,sm4,142,21
zsv10pt5-163,N's Plan,Trainer,Supporter,zsv10pt5,357,32
neo4-1,Dark Ampharos,Pokémon,Stage 2,neo4,162,34
xy10-123,Altaria-EX,Pokémon,"Basic,EX",xy10,232,28
ex9-29,Grumpig,Pokémon,Stage 1,ex9,162,29
neo2-33,Unown [A],Pokémon,Basic,neo2,111,2
sv4pt5-65,Revavroom,Pokémon,Stage 1,sv4pt5,277,2
sm7-55,Oricorio,Pokémon,Basic,sm7,333,29
swsh45sv-SV010,Gossifleur,Pokémon,Basic,swsh45sv,271,9
pl4-29,Raticate,Pokémon,Stage 1,pl4,117,2
ex8-66,Natu,Pokémon,Basic,ex8,43,21
swsh10-51,Regieleki,Pokémon,Basic,swsh10,251,2
sv3-78,Bellibolt,Pokémon,Stage 1,sv3,286,29
sv9-157,Ruffian,Trainer,Supporter,sv9,37,29
zsv10pt5-129,Dwebble,Pokémon,Basic,zsv10pt5,160,7
dc1-4,Team Aqua's Sealeo,Pokémon,Stage 1,dc1,292,21
gym2-123,Viridian City Gym,Trainer,Stadium,gym2,307,29
xyp-XY16,Gogoat,Pokémon,Stage 1,xyp,76,38
sv6pt5-90,Okidogi ex,Pokémon,"Basic,ex",sv6pt5,,5
bw10-41,Sigilyph,Pokémon,Basic,bw10,162,34
swsh12pt5-133,Hop,Trainer,Supporter,swsh12pt5,256,34
sv3-159,Dragonite ex,Pokémon,"Stage 2,ex,Tera",sv3,76,14
g1-RC1,Chikorita,Pokémon,Basic,g1,351,21
xy2-49,Barbaracle,Pokémon,Stage 1,xy2,76,2
bw9-115,Ghetsis,Trainer,"Supporter,Team Plasma",bw9,194,28
sv5-40,Croconaw,Pokémon,Stage 1,sv5,245,21
bw10-28,Carracosta,Pokémon,Stage 1,bw10,108,2
pl2-58,Carvanha,Pokémon,Basic,pl2,198,21
dp3-3,Charizard,Pokémon,Stage 2,dp3,335,34
sv1-42,Slowpoke,Pokémon,Basic,sv1,304,21
bw6-90,Garchomp,Pokémon,Stage 2,bw6,76,34
xy4-114,Gengar-EX,Pokémon,"Basic,EX",xy4,232,28
sv6-68,Luxray ex,Pokémon,"Stage 2,ex",sv6,99,14
swsh3-179,Centiskorch V,Pokémon,"Basic,V",swsh3,76,28
hgss2-26,Tyranitar,Pokémon,Stage 2,hgss2,112,2
sv1-6,Cacturne,Pokémon,Stage 1,sv1,260,29
swsh6-14,Steenee,Pokémon,Stage 1,swsh6,17,29
sv8pt5-29,Jolteon,Pokémon,Stage 1,sv8pt5,,2
xy4-1,Venonat,Pokémon,Basic,xy4,125,21
rsv10pt5-144,Vullaby,Pokémon,Basic,rsv10pt5,332,7
ex8-22,Rayquaza,Pokémon,Basic,ex8,69,2
ecard3-37,Kabuto,Pokémon,Stage 1,ecard3,293,29
base4-115,Pokédex,Trainer,,base4,307,29
dp5-96,Recover Energy,Energy,Special,dp5,50,29
smp-SM228,Armored Mewtwo,Pokémon,Basic,smp,239,38
sm12-188,Clay,Trainer,Supporter,sm12,171,29
dp1-116,Warp Point,Trainer,Item,dp1,307,29
sv9-22,Torchic,Pokémon,Basic,sv9,140,21
swsh5-38,Corphish,Pokémon,Basic,swsh5,24,21
xy8-116,Doduo,Pokémon,Basic,xy8,292,21
sv5-46,Frosmoth,Pokémon,Stage 1,sv5,118,21
swsh2-165,Scoop Up Net,Trainer,Item,swsh2,232,29
bwp-BW92,Espeon,Pokémon,Stage 1,bwp,114,38
sm115-58,Jessie & James,Trainer,Supporter,sm115,184,34
swsh8-33,Arcanine,Pokémon,Stage 1,swsh8,55,2
ex12-17,Gorebyss,Pokémon,Stage 1,ex12,191,2
swsh6-50,Blitzle,Pokémon,"Basic,Rapid Strike",swsh6,12,21
sm9-95,Yveltal,Pokémon,Basic,sm9,6,34
swsh12-128,Magearna V,Pokémon,"Basic,V",swsh12,275,16
sv6-65,Zapdos,Pokémon,Basic,sv6,376,2
swsh4-43,Pikachu V,Pokémon,"Basic,V",swsh4,115,16
sv6-78,Clefairy,Pokémon,Basic,sv6,351,21
swsh7-68,Woobat,Pokémon,Basic,swsh7,43,21
sv5-139,Iron Jugulis,Pokémon,"Basic,Future",sv5,105,29
xy6-109,Energy Switch,Trainer,Item,xy6,76,27
sv3pt5-185,Arbok ex,Pokémon,"Stage 1,ex",sv3pt5,297,32
ex1-7,Gardevoir,Pokémon,Stage 2,ex1,116,34
sm12-54,Piplup,Pokémon,Basic,sm12,38,21
xy12-64,Pidgeot-EX,Pokémon,"Basic,EX",xy12,297,33
swsh10-124,Ursaluna,Pokémon,Stage 2,swsh10,214,2
base3-51,Krabby,Pokémon,Basic,base3,108,21
sm10-148,Persian,Pokémon,Stage 1,sm10,214,2
ecard3-H22,Piloswine,Pokémon,Stage 1,ecard3,43,34
swsh5-165,Victini VMAX,Pokémon,VMAX,swsh5,336,20
bw1-27,Oshawott,Pokémon,Basic,bw1,117,21
rsv10pt5-123,Cofagrigus,Pokémon,Stage 1,rsv10pt5,287,7
bw10-82,Plume Fossil,Trainer,Item,bw10,232,29
sm7-152,Shiftry-GX,Pokémon,"Stage 2,GX",sm7,72,28
ex5-93,Groudon ex,Pokémon,"Basic,ex",ex5,136,33
sm2-48,Slowpoke,Pokémon,Basic,sm2,40,21
gym1-92,Sabrina's Drowzee,Pokémon,Basic,gym1,191,21
ex11-8,Latias δ,Pokémon,Basic,ex11,232,34
dp3-85,Diglett,Pokémon,Basic,dp3,331,21
sv4-108,Sandy Shocks ex,Pokémon,"Basic,ex,Ancient",sv4,336,14
cel25-9,Surfing Pikachu VMAX,Pokémon,VMAX,cel25,207,25
sv9-154,Postwick,Trainer,Stadium,sv9,26,29
ru1-10,Mew,Pokémon,Basic,ru1,20,13
bw11-RC2,Servine,Pokémon,Stage 1,bw11,215,21
ex2-10,Sableye,Pokémon,Basic,ex2,163,34
ex4-48,Team Aqua's Carvanha,Pokémon,Basic,ex4,69,21
xy12-31,Starmie,Pokémon,Stage 1,xy12,307,2
sm6-22,Froakie,Pokémon,Basic,sm6,308,21
swsh2-52,Arrokuda,Pokémon,Basic,swsh2,40,21
xy5-68,Nidoqueen,Pokémon,Stage 2,xy5,117,29
neo1-67,Natu,Pokémon,Basic,neo1,116,21
sm3-152,Tapu Fini-GX,Pokémon,"Basic,GX",sm3,76,20
dp1-18,Azumarill,Pokémon,Stage 1,dp1,284,2
np-40,Mew,Pokémon,Basic,np,117,38
g1-67,Poké Ball,Trainer,Item,g1,76,29
sm5-74,Weavile,Pokémon,Stage 1,sm5,6,34
xy12-38,Magneton,Pokémon,Stage 1,xy12,307,34
dp7-17,Dusknoir,Pokémon,Stage 2,dp7,39,2
bwp-BW09,Zoroark,Pokémon,Stage 1,bwp,292,38
pl2-33,Snorlax,Pokémon,Basic,pl2,162,2
sv8-233,Jasmine's Gaze,Trainer,Supporter,sv8,,32
rsv10pt5-93,Shelmet,Pokémon,Basic,rsv10pt5,139,7
sv5-104,Gengar ex,Pokémon,"Stage 2,ex",sv5,82,14
bw2-76,Klinklang,Pokémon,Stage 2,bw2,340,2
sv4-174,Shauntal,Trainer,Supporter,sv4,156,29
sm4-101,Gyarados-GX,Pokémon,"Stage 1,GX",sm4,76,28
sv10-161,Arven's Sandwich,Trainer,Item,sv10,26,29
sv9-126,Cinccino,Pokémon,Stage 1,sv9,339,29
ex3-29,Graveler,Pokémon,Stage 1,ex3,294,29
bw1-49,Musharna,Pokémon,Stage 1,bw1,117,2
base2-42,Persian,Pokémon,Stage 1,base2,162,29
swsh2-107,Coalossal,Pokémon,Stage 2,swsh2,317,34
sv5-119,Koraidon,Pokémon,"Basic,Ancient",sv5,151,2
sv6-199,Cornerstone Mask Ogerpon ex,Pokémon,"Basic,Tera,ex",sv6,76,32
swsh8-62,Mudkip,Pokémon,Basic,swsh8,88,21
sv4pt5-222,Wigglytuff ex,Pokémon,"Stage 1,ex",sv4pt5,115,8
xy3-105,Heracross-EX,Pokémon,"Basic,EX",xy3,232,28
sm3-33,Gyarados,Pokémon,Stage 1,sm3,62,34
bw7-87,Mienfoo,Pokémon,Basic,bw7,117,29
swsh1-68,Chinchou,Pokémon,Basic,swsh1,293,21
swsh35-64,Rotom Phone,Trainer,Item,swsh35,232,29
neo1-84,Ecogym,Trainer,Stadium,neo1,252,2
xy4-42,Lampent,Pokémon,Stage 1,xy4,73,29
sv8-134,Altaria,Pokémon,Stage 1,sv8,,29
xy9-109,Puzzle of Time,Trainer,Item,xy9,334,29
me1-75,Solrock,Pokémon,Basic,me1,,29
swshp-SWSH031,Morpeko,Pokémon,Basic,swshp,75,38
bw7-43,Swanna,Pokémon,Stage 1,bw7,38,29
gym1-28,Lt. Surge's Raichu,Pokémon,Stage 1,gym1,116,2
ex5-18,Gorebyss,Pokémon,Stage 1,ex5,162,2
sm11-208,Stadium Nav,Trainer,Item,sm11,355,29
ex9-77,Lanette's Net Search,Trainer,Supporter,ex9,116,29
swsh6-98,Galarian Slowking,Pokémon,Stage 1,swsh6,292,34
rsv10pt5-44,Frillish,Pokémon,Basic,rsv10pt5,226,21
rsv10pt5-103,Chandelure,Pokémon,Stage 2,rsv10pt5,375,7
pl3-37,Mr. Mime,Pokémon,Basic,pl3,112,2
bw8-94,Druddigon,Pokémon,"Basic,Team Plasma",bw8,76,2
sv3pt5-115,Kangaskhan ex,Pokémon,"Basic,ex",sv3pt5,275,14
sv3pt5-14,Kakuna,Pokémon,Stage 1,sv3pt5,122,21
swsh3-10,Accelgor,Pokémon,Stage 1,swsh3,90,2
neo3-45,Goldeen,Pokémon,Basic,neo3,43,21
si1-1,Mew,Pokémon,Basic,si1,5,13
sm12-100,Cosmog,Pokémon,Basic,sm12,117,21
sm9-167,Incineroar-GX,Pokémon,"Stage 2,GX",sm9,76,28
dp6-98,Gulpin,Pokémon,Basic,dp6,116,21
hgss2-16,Floatzel,Pokémon,Stage 1,hgss2,117,2
sv4pt5-97,Skiploom,Pokémon,Stage 1,sv4pt5,71,31
ex5-92,Steven's Advice,Trainer,Supporter,ex5,116,29
ecard3-91,Rhyhorn,Pokémon,Basic,ecard3,294,21
sv6-136,Snorlax,Pokémon,Basic,sv6,224,29
swsh12-193,Serena,Trainer,Supporter,swsh12,184,28
sm6-19,Pyroar,Pokémon,Stage 1,sm6,108,34
pgo-23,Lapras,Pokémon,Basic,pgo,275,34
swsh8-209,Smeargle,Pokémon,"Basic,Fusion Strike",swsh8,108,21
bw4-97,Zekrom-EX,Pokémon,"Basic,EX",bw4,76,28
sm9-99,Jirachi,Pokémon,Basic,sm9,12,34
swsh7-153,Rapid Strike Scroll of the Flying Dragon,Trainer,"Rapid Strike,Item,Pokémon Tool",swsh7,76,29
pl4-AR2,Arceus,Pokémon,Basic,pl4,317,2
xyp-XY68,Chesnaught,Pokémon,Stage 2,xyp,108,38
sv4pt5-32,Woobat,Pokémon,Basic,sv4pt5,162,21
ex6-16,Tauros,Pokémon,Basic,ex6,117,34
pgo-31,Mewtwo VSTAR,Pokémon,VSTAR,pgo,336,24
swsh5-51,Tapu Koko VMAX,Pokémon,VMAX,swsh5,70,25
sm12-250,Vileplume-GX,Pokémon,"Stage 2,GX",sm12,162,20
ex16-36,Nuzleaf,Pokémon,Stage 1,ex16,163,29
swsh5-97,Tyranitar V,Pokémon,"Basic,V,Single Strike",swsh5,281,16
xy0-29,Bidoof,Pokémon,Basic,xy0,112,13
sv10-123,Team Rocket's Grimer,Pokémon,Basic,sv10,169,21
sm7-61,Lunatone,Pokémon,Basic,sm7,294,34
ex3-70,Numel,Pokémon,Basic,ex3,284,21
bw2-7,Leavanny,Pokémon,Stage 2,bw2,112,2
ecard1-50,Kingler,Pokémon,Stage 1,ecard1,257,2
sv8pt5-167,Eevee ex,Pokémon,"Basic,Tera,ex",sv8pt5,,5
sv3-120,Klawf ex,Pokémon,"Basic,ex",sv3,207,14
neo1-92,Card-Flip Game,Trainer,Goldenrod Game Corner,neo1,182,29
sm7-114,Vigoroth,Pokémon,Stage 1,sm7,162,29
sm9-113,Latias & Latios-GX,Pokémon,"Basic,TAG TEAM,GX",sm9,108,10
sv9-82,Regirock,Pokémon,Basic,sv9,146,2
swshp-SWSH279,Inteleon,Pokémon,"Stage 2,Rapid Strike",swshp,376,38
xyp-XY183,Mewtwo-EX,Pokémon,"Basic,EX",xyp,76,38
ex13-12,Latios δ,Pokémon,Basic,ex13,108,34
ru1-13,Skuntank,Pokémon,Stage 1,ru1,20,13
swsh1-213,Air Balloon,Trainer,Pokémon Tool,swsh1,355,27
xy11-88,Meowth,Pokémon,Basic,xy11,117,21
xy1-46,Emolga-EX,Pokémon,"Basic,EX",xy1,297,33
bw11-21,Ninetales,Pokémon,Stage 1,bw11,290,2
pop4-1,Chimecho δ,Pokémon,Basic,pop4,117,2
bw8-55,Crobat,Pokémon,"Stage 2,Team Plasma",bw8,76,34
smp-SM73,Salazzle,Pokémon,Stage 1,smp,317,38
swsh8-197,Goodra,Pokémon,Stage 2,swsh8,368,2
sv5-140,Ancient Booster Energy Capsule,Trainer,"Pokémon Tool,Ancient",sv5,76,29
svp-156,Quagsire,Pokémon,Stage 1,svp,,38
swsh3-50,Wishiwashi,Pokémon,Basic,swsh3,254,21
sv7-106,Duraludon,Pokémon,Basic,sv7,,21
ex12-39,Machoke,Pokémon,Stage 1,ex12,162,29
rsv10pt5-125,Gothorita,Pokémon,Stage 1,rsv10pt5,201,7
xy11-45,Nidoking,Pokémon,Stage 2,xy11,40,2
swsh12-35,Omastar V,Pokémon,"Basic,V",swsh12,115,16
neo4-100,Lucky Stadium,Trainer,Stadium,neo4,330,29
ex15-32,Kirlia,Pokémon,Stage 1,ex15,163,29
swsh45-7,Dartrix,Pokémon,Stage 1,swsh45,305,29
ex11-16,Tyranitar δ,Pokémon,Stage 2,ex11,108,34
sv7-154,Gulpin,Pokémon,Basic,sv7,,7
dp5-54,Burmy Sandy Cloak,Pokémon,Basic,dp5,116,21
g1-71,Red Card,Trainer,Item,g1,76,29
sm115-31,Mewtwo-GX,Pokémon,"Basic,GX",sm115,207,10
sm8-161,Kecleon,Pokémon,Basic,sm8,288,29
dp1-87,Magnemite,Pokémon,Basic,dp1,112,21
dp7-6,Magnezone,Pokémon,Stage 2,dp7,39,34
bw7-114,Delcatty,Pokémon,Stage 1,bw7,317,29
bw7-122,Stoutland,Pokémon,Stage 2,bw7,317,34
ex6-8,Nidoking,Pokémon,Stage 2,ex6,294,34
sm8-212,Morty,Trainer,Supporter,sm8,351,28
base6-49,Kadabra,Pokémon,Stage 1,base6,116,29
xy11-81,Xerneas,Pokémon,Basic,xy11,184,34
bw2-54,Drilbur,Pokémon,Basic,bw2,167,29
hgss3-76,Ruins of Alph,Trainer,Stadium,hgss3,232,29
ex3-37,Meditite,Pokémon,Basic,ex3,112,29
hgss4-19,Dugtrio,Pokémon,Stage 1,hgss4,298,2
sm10-208,Celesteela-GX,Pokémon,"Basic,GX,Ultra Beast",sm10,207,28
sv3pt5-204,Giovanni's Charisma,Trainer,Supporter,sv3pt5,37,5
xy5-17,Volbeat,Pokémon,Basic,xy5,17,21
sv8-54,Cetitan,Pokémon,Stage 1,sv8,,21
xy10-105,N,Trainer,Supporter,xy10,184,29
swsh7-198,Duraludon V,Pokémon,"Basic,V,Single Strike",swsh7,292,28
bw1-71,Zoroark,Pokémon,Stage 1,bw1,292,34
sv3pt5-113,Chansey,Pokémon,Basic,sv3pt5,311,2
xyp-XY85,Hoopa-EX,Pokémon,"Basic,EX",xyp,75,38
sma-SV90,Shrine of Punishment,Trainer,Stadium,sma,76,27
ex6-10,Pidgeot,Pokémon,Stage 2,ex6,198,34
dp1-17,Torterra,Pokémon,Stage 2,dp1,157,34
dp2-48,Gabite,Pokémon,Stage 1,dp2,116,29
ex11-14,Salamence δ,Pokémon,Stage 2,ex11,232,34
sv4pt5-83,Nemona's Backpack,Trainer,Item,sv4pt5,26,29
sv4pt5-104,Arboliva,Pokémon,Stage 2,sv4pt5,37,31
sv8-116,Koraidon,Pokémon,"Basic,Ancient",sv8,,29
ex1-86,Poké Ball,Trainer,Item,ex1,65,29
ecard2-52,Magnemite,Pokémon,Basic,ecard2,257,29
bw4-80,Meowth,Pokémon,Basic,bw4,292,21
sm6-9,Skiddo,Pokémon,Basic,sm6,38,21
sm7-154,Articuno-GX,Pokémon,"Basic,GX",sm7,76,28
ex13-21,Latias δ,Pokémon,Basic,ex13,108,2
ex13-102,Gyarados ★ δ,Pokémon,"Basic,Star",ex13,117,6
sv6-176,Cramorant,Pokémon,Basic,sv6,132,7
sv5-118,Iron Treads,Pokémon,"Basic,Future",sv5,247,29
sv9-42,Regice,Pokémon,Basic,sv9,279,29
neo1-61,Hoppip,Pokémon,Basic,neo1,191,21
hgss2-68,Vulpix,Pokémon,Basic,hgss2,163,21
pl4-3,Heatran,Pokémon,Basic,pl4,188,34
bw1-53,Whirlipede,Pokémon,Stage 1,bw1,117,29
sm5-127,Looker Whistle,Trainer,Item,sm5,334,29
ex2-31,Azurill,Pokémon,Basic,ex2,162,29
pl3-13,Venusaur,Pokémon,Stage 2,pl3,112,34
dp5-71,Piplup,Pokémon,Basic,dp5,79,21
xy9-21,Slowking,Pokémon,Stage 1,xy9,308,34
bw10-101,Iris,Trainer,Supporter,bw10,162,28
swshp-SWSH005,Meowth VMAX,Pokémon,VMAX,swshp,207,38
base4-82,Nidoran ♀,Pokémon,Basic,base4,116,21
base5-25,Dark Gyarados,Pokémon,Stage 1,base5,162,2
sm5-95,Alolan Exeggutor,Pokémon,Stage 1,sm5,264,2
ex11-63,Ditto,Pokémon,Basic,ex11,43,21
bw7-56,Blitzle,Pokémon,Basic,bw7,198,21
gym2-51,Lt. Surge's Eevee,Pokémon,Basic,gym2,116,29
sv7-78,Meditite,Pokémon,Basic,sv7,,21
sm6-59,Infernape,Pokémon,Stage 2,sm6,214,34
xy4-89,Fletchling,Pokémon,Basic,xy4,271,21
sm75-62,Switch Raft,Trainer,Item,sm75,355,29
sm8-46,Houndoom,Pokémon,Stage 1,sm8,333,2
sv7-158,Lapras ex,Pokémon,"Basic,Tera,ex",sv7,,32
swshp-SWSH118,Eevee,Pokémon,Basic,swshp,55,38
g1-18,M Blastoise-EX,Pokémon,"MEGA,EX",g1,76,33
col1-55,Cyndaquil,Pokémon,Basic,col1,116,21
swsh5-135,Sordward & Shielbert,Trainer,Supporter,swsh5,37,29
swsh45sv-SV037,Arctovish,Pokémon,Stage 1,swsh45sv,117,9
xy12-61,Onix,Pokémon,Basic,xy12,116,21
gym1-47,Erika's Oddish,Pokémon,Basic,gym1,191,29
ex4-70,Team Magma Schemer,Trainer,Supporter,ex4,116,21
swsh5-162,Rapid Strike Style Mustard,Trainer,"Supporter,Rapid Strike",swsh5,292,28
sv9-6,Petilil,Pokémon,Basic,sv9,322,21
sv1-17,Tarountula,Pokémon,Basic,sv1,187,21
sm11-181,Gumshoos,Pokémon,Stage 1,sm11,198,2
dv1-17,Druddigon,Pokémon,Basic,dv1,73,34
ex5-6,Exploud,Pokémon,Stage 2,ex5,17,34
ex10-100,Warp Energy,Energy,Special,ex10,176,29
hgss1-67,Hoppip,Pokémon,Basic,hgss1,254,21
ecard2-54,Marowak,Pokémon,Stage 1,ecard2,162,29
sm8-50,Litleo,Pokémon,Basic,sm8,340,21
swsh3-49,Beartic,Pokémon,Stage 1,swsh3,117,2
sm1-96,Dragonite,Pokémon,Stage 2,sm1,16,34
sm6-16,Braixen,Pokémon,Stage 1,sm6,162,29
swsh45sv-SV016,Raboot,Pokémon,Stage 1,swsh45sv,14,9
svp-35,Quaquaval ex,Pokémon,"Stage 2,ex",svp,76,38
basep-49,Snorlax,Pokémon,Basic,basep,318,38
col1-29,Mr. Mime,Pokémon,Basic,col1,253,2
gym1-84,Lt. Surge's Voltorb,Pokémon,Basic,gym1,116,21
sv5-64,Marill,Pokémon,Basic,sv5,156,21
sv6-108,Glimmet,Pokémon,Basic,sv6,189,21
swsh6-33,Castform Rainy Form,Pokémon,Basic,swsh6,129,21
xy8-81,Piloswine,Pokémon,Stage 1,xy8,267,29
xy3-111,Korrina,Trainer,Supporter,xy3,171,28
bw9-10,Cacturne,Pokémon,Stage 1,bw9,38,2
swsh9-100,Heatran,Pokémon,Basic,swsh9,128,2
swsh6-160,Celebi V,Pokémon,"Basic,V",swsh6,70,28
sm115-25,Ekans,Pokémon,Basic,sm115,267,21
sv4-59,Elekid,Pokémon,Basic,sv4,8,21
sv2-93,Dedenne ex,Pokémon,"Basic,Tera,ex",sv2,207,14
xy5-73,Starmie,Pokémon,Stage 1,xy5,152,2
gym1-13,Rocket's Scyther,Pokémon,Basic,gym1,116,34
swsh10-125,Stantler,Pokémon,Basic,swsh10,151,21
swsh12-203,Brandon,Trainer,Supporter,swsh12,37,20
sm7-6,Ariados,Pokémon,Stage 1,sm7,108,34
dp1-119,Switch,Trainer,Item,dp1,232,21
ex7-15,Dark Dragonite,Pokémon,Stage 2,ex7,240,2
sm10-18,Grubbin,Pokémon,Basic,sm10,43,21
base3-11,Magneton,Pokémon,Stage 1,base3,116,34
sm6-100,Noibat,Pokémon,Basic,sm6,277,21
ex2-38,Illumise,Pokémon,Basic,ex2,271,29
swsh45sv-SV009,Orbeetle,Pokémon,Stage 2,swsh45sv,172,9
sv7-139,Lacey,Trainer,Supporter,sv7,,29
swsh12-31,Torracat,Pokémon,Stage 1,swsh12,94,29
sm75-63,Wela Volcano Park,Trainer,Stadium,sm75,76,29
bw5-73,Vullaby,Pokémon,Basic,bw5,167,29
swsh6-70,Malamar,Pokémon,"Stage 1,Rapid Strike",swsh6,162,2
sv7-15,Nymble,Pokémon,Basic,sv7,,21
gym1-55,Misty's Seaking,Pokémon,Stage 1,gym1,116,29
sv4pt5-118,Staryu,Pokémon,Basic,sv4pt5,82,31
sv9-66,Lillie's Cutiefly,Pokémon,Basic,sv9,332,21
pl4-39,Grovyle,Pokémon,Stage 1,pl4,112,29
xyp-XY51,Kyogre,Pokémon,Basic,xyp,108,38
sv8pt5-18,Slowpoke,Pokémon,Basic,sv8pt5,,21
dp5-33,Unown [P],Pokémon,Basic,dp5,79,2
dp1-98,Shinx,Pokémon,Basic,dp1,116,21
xy12-83,Potion,Trainer,Item,xy12,307,29
swsh45sv-SV121,Eternatus V,Pokémon,"Basic,V",swsh45sv,76,27
sv4-13,Nymble,Pokémon,Basic,sv4,187,21
sm1-27,Incineroar-GX,Pokémon,"Stage 2,GX",sm1,76,10
bw7-66,Toxicroak,Pokémon,Stage 1,bw7,112,2
hgss3-26,Flareon,Pokémon,Stage 1,hgss3,73,29
pl4-28,Rapidash,Pokémon,Stage 1,pl4,14,2
swsh45sv-SV114,Indeedee V,Pokémon,"Basic,V",swsh45sv,76,16
xy12-43,Nidoran ♂,Pokémon,Basic,xy12,116,21
bw8-46,Magnezone,Pokémon,"Stage 2,Team Plasma",bw8,76,34
base5-44,Dark Rapidash,Pokémon,Stage 1,base5,162,29
base2-57,Nidoran ♀,Pokémon,Basic,base2,116,21
sm1-12,Decidueye-GX,Pokémon,"Stage 2,GX",sm1,76,10
ex8-76,Spoink,Pokémon,Basic,ex8,116,21
sv8-76,Latias ex,Pokémon,"Basic,ex",sv8,,14
sv8pt5-22,Vaporeon,Pokémon,Stage 1,sv8pt5,,2
ex5-32,Corsola,Pokémon,Basic,ex5,284,29
me1-184,Lillie's Determination,Trainer,Supporter,me1,,5
xy4-26,Joltik,Pokémon,Basic,xy4,142,21
bw8-77,Lucario,Pokémon,Stage 1,bw8,116,29
sv5-203,Iron Leaves ex,Pokémon,"Basic,ex,Future",sv5,214,5
sm11-258,Weakness Guard Energy,Energy,Special,sm11,,27
neo2-48,Unown [F],Pokémon,Basic,neo2,111,29
sm4-99,Sea of Nothingness,Trainer,Stadium,sm4,232,29
swsh45sv-SV096,Swanna,Pokémon,Stage 1,swsh45sv,162,9
sv6-105,Conkeldurr,Pokémon,Stage 2,sv6,360,29
sm5-26,Salazzle,Pokémon,Stage 1,sm5,162,2
xyp-XY06,Yveltal,Pokémon,Basic,xyp,76,38
pl1-62,Shieldon,Pokémon,Stage 1,pl1,108,29
me1-114,Boss's Orders,Trainer,Supporter,me1,,29
hgss1-110,Typhlosion,Pokémon,"Stage 2,Prime",hgss1,374,23
sv4pt5-177,Naclstack,Pokémon,Stage 1,sv4pt5,143,31
sv5-88,Golurk,Pokémon,Stage 1,sv5,192,29
xy6-35,M Gallade-EX,Pokémon,"MEGA,EX",xy6,76,33
dp7-48,Sableye,Pokémon,Basic,dp7,271,29
sm5-24,Heat Rotom,Pokémon,Basic,sm5,317,2
sm1-108,Toucannon,Pokémon,Stage 2,sm1,184,2
ex15-69,Trapinch δ,Pokémon,Basic,ex15,293,21
ex15-76,Island Hermit,Trainer,Supporter,ex15,112,29
ex4-13,Raichu,Pokémon,Stage 1,ex4,116,2
sv5-113,Beldum,Pokémon,Basic,sv5,134,21
sv7-97,Bombirdier,Pokémon,Basic,sv7,,21
sv5-216,Iron Crown ex,Pokémon,"Basic,ex,Future",sv5,76,1
swsh6-67,Swirlix,Pokémon,Basic,swsh6,322,21
swsh3-73,Gothita,Pokémon,Basic,swsh3,71,21
ecard1-68,Venusaur,Pokémon,Stage 2,ecard1,176,2
sm7-127,Copycat,Trainer,Supporter,sm7,116,29
swsh12-11,Foongus,Pokémon,Basic,swsh12,332,21
sv8pt5-172,Drayton,Trainer,Supporter,sv8pt5,,5
xyp-XY35,M Metagross-EX,Pokémon,"MEGA,EX",xyp,76,38
base6-24,Golem,Pokémon,Stage 2,base6,162,2
sv3pt5-186,Ninetales ex,Pokémon,"Stage 1,ex",sv3pt5,70,32
sv1-230,Great Tusk ex,Pokémon,"Basic,ex",sv1,76,32
sv9-28,Larvesta,Pokémon,Basic,sv9,271,21
neo4-87,Unown [S],Pokémon,Basic,neo4,111,21
ex6-59,Clefairy,Pokémon,Basic,ex6,108,21
sv3-157,Dratini,Pokémon,Basic,sv3,103,21
ex15-14,Cloyster δ,Pokémon,Stage 1,ex15,108,2
swsh5-62,Mimikyu V,Pokémon,"Basic,V",swsh5,297,16
swsh6-178,Galarian Slowking V,Pokémon,"Basic,V,Single Strike",swsh6,76,28
sm4-46,Salandit,Pokémon,Basic,sm4,223,21
me1-36,Mega Abomasnow ex,Pokémon,"Stage 1,MEGA,ex",me1,,14
swsh4-18,Gogoat,Pokémon,Stage 1,swsh4,40,29
base3-6,Haunter,Pokémon,Stage 1,base3,116,34
cel25c-97_A,Xerneas-EX,Pokémon,"Basic,EX",cel25c,76,12
sv6-146,Community Center,Trainer,Stadium,sv6,226,29
bw9-20,Vaporeon,Pokémon,"Stage 1,Team Plasma",bw9,76,29
xy12-52,Mewtwo-EX,Pokémon,"Basic,EX",xy12,297,33
ex14-9,Mawile,Pokémon,Basic,ex14,162,34
sv4-215,Cyclizar,Pokémon,Basic,sv4,40,7
swsh12-38,Wailord,Pokémon,Stage 1,swsh12,266,29
base1-66,Tangela,Pokémon,Basic,base1,108,21
sm12-211,Vileplume-GX,Pokémon,"Stage 2,GX",sm12,162,28
sm2-108,Watchog,Pokémon,Stage 1,sm2,162,29
bw8-54,Golbat,Pokémon,Stage 1,bw8,271,29
base3-55,Slowpoke,Pokémon,Basic,base3,189,21
swsh4-2,Kakuna,Pokémon,Stage 1,swsh4,284,29
swsh10-64,Drifblim,Pokémon,Stage 1,swsh10,271,29
base4-63,Wartortle,Pokémon,Stage 1,base4,116,29
dp4-68,Glameow,Pokémon,Basic,dp4,162,21
ex1-46,Swellow,Pokémon,Stage 1,ex1,116,29
dp7-15,Drapion,Pokémon,Stage 1,dp7,79,2
xy7-76,Level Ball,Trainer,Item,xy7,334,29
sv8pt5-102,Bug Catching Set,Trainer,Item,sv8pt5,,29
bw10-95,Scoop Up Cyclone,Trainer,"Item,ACE SPEC",bw10,76,30
swsh8-1,Caterpie,Pokémon,Basic,swsh8,108,21
sv6-30,Torkoal,Pokémon,Basic,sv6,151,21
swsh7-184,Sylveon V,Pokémon,"Basic,V,Rapid Strike",swsh7,55,28
base6-72,Dratini,Pokémon,Basic,base6,116,21
sm12-252,Volcarona-GX,Pokémon,"Stage 1,GX",sm12,70,20
sm4-9,Accelgor,Pokémon,Stage 1,sm4,223,29
swsh9-55,Starmie,Pokémon,Stage 1,swsh9,340,29
ru1-5,Starmie,Pokémon,Stage 1,ru1,20,13
sv2-72,Pincurchin,Pokémon,Basic,sv2,43,21
sm7-75,Pupitar,Pokémon,Stage 1,sm7,372,29
sv8-161,Terapagos,Pokémon,Basic,sv8,,2
ex6-40,Nidorina,Pokémon,Stage 1,ex6,284,29
mcd12-7,Woobat,Pokémon,Basic,mcd12,117,13
sm10-65,Golbat,Pokémon,Stage 1,sm10,317,29
sm10-38,Poliwhirl,Pokémon,Stage 1,sm10,293,29
xy8-17,Gogoat,Pokémon,Stage 1,xy8,117,29
swsh10tg-TG16,Galarian Articuno V,Pokémon,"Basic,V",swsh10tg,112,16
ex3-58,Horsea,Pokémon,Basic,ex3,198,21
swsh12pt5-50,Heliolisk,Pokémon,Stage 1,swsh12pt5,340,2
swsh4-42,Barraskewda,Pokémon,Stage 1,swsh4,340,2
sv8-157,Tandemaus,Pokémon,Basic,sv8,,21
hgss2-38,Pupitar,Pokémon,Stage 1,hgss2,125,29
sv6-44,Goldeen,Pokémon,Basic,sv6,47,21
swsh35-25,Machoke,Pokémon,Stage 1,swsh35,305,29
rsv10pt5-11,Tepig,Pokémon,Basic,rsv10pt5,151,21
sm7-67,Deoxys,Pokémon,Basic,sm7,117,34
swsh10-121,Noctowl,Pokémon,Stage 1,swsh10,82,29
swsh10-141,Feather Ball,Trainer,Item,swsh10,296,29
dp5-70,Pikachu,Pokémon,Basic,dp5,335,21
rsv10pt5-113,Vanilluxe,Pokémon,Stage 2,rsv10pt5,8,7
sm12-116,Palpitoad,Pokémon,Stage 1,sm12,116,21
sm35-74,Entei-GX,Pokémon,"Basic,GX",sm35,76,20
swsh7-63,Galarian Articuno,Pokémon,Basic,swsh7,162,34
sm12-197,Lillie's Poké Doll,Trainer,Item,sm12,296,29
swsh45sv-SV106,Rillaboom VMAX,Pokémon,VMAX,swsh45sv,76,25
bw9-26,Seismitoad,Pokémon,"Stage 2,Team Plasma",bw9,76,2
neo2-17,Yanma,Pokémon,Basic,neo2,191,34
sv8pt5-161,Umbreon ex,Pokémon,"Stage 1,Tera,ex",sv8pt5,,5
swsh12pt5-66,Hatterene VMAX,Pokémon,VMAX,swsh12pt5,76,25
smp-SM71,Kommo-o-GX,Pokémon,"Stage 2,GX",smp,76,38
si1-3,Onix,Pokémon,Basic,si1,5,13
bw7-37,Azumarill,Pokémon,Stage 1,bw7,117,29
swsh7-23,Pyroar,Pokémon,Stage 1,swsh7,75,29
swsh8-263,Shauna,Trainer,Supporter,swsh8,55,28
rsv10pt5-95,Virizion,Pokémon,Basic,rsv10pt5,183,7
ecard1-159,Metal Energy,Energy,Special,ecard1,364,2
bw6-72,Murkrow,Pokémon,Basic,bw6,284,21
pgo-34,Lunatone,Pokémon,Basic,pgo,58,29
sm11-249,Naganadel-GX,Pokémon,"Stage 1,GX,Ultra Beast",sm11,227,20
ecard3-42,Persian,Pokémon,Stage 1,ecard3,191,29
neo1-14,Slowking,Pokémon,Stage 1,neo1,116,34
xy11-78,Gardevoir-EX,Pokémon,"Basic,EX",xy11,297,33
swsh12pt5gg-GG07,Keldeo,Pokémon,Basic,swsh12pt5gg,105,37
sm115-45,Farfetch'd,Pokémon,Basic,sm115,377,29
neo1-71,Sentret,Pokémon,Basic,neo1,116,21
sm10-91,Marowak,Pokémon,Stage 1,sm10,215,2
sv9-137,Cramorant,Pokémon,Basic,sv9,101,21
swsh8-185,Genesect V,Pokémon,"Basic,V,Fusion Strike",swsh8,70,16
swsh6-103,Spiritomb,Pokémon,Basic,swsh6,322,2
hgss1-17,Cleffa,Pokémon,Basic,hgss1,117,2
sv10-208,Team Rocket's Moltres ex,Pokémon,"Basic,ex",sv10,76,32
sv4-55,Dondozo,Pokémon,Basic,sv4,112,29
bwp-BW16,Axew,Pokémon,Basic,bwp,117,38
swsh5-21,Victini V,Pokémon,"Basic,V",swsh5,162,16
ex10-O,Unown,Pokémon,Basic,ex10,240,2
sv3-144,Bronzor,Pokémon,Basic,sv3,325,21
sm2-98,Jangmo-o,Pokémon,Basic,sm2,167,21
swsh3-102,Spinarak,Pokémon,Basic,swsh3,271,21
sv10-131,Marnie's Liepard,Pokémon,Stage 1,sv10,264,29
sm8-185,Moomoo Milk,Trainer,Item,sm8,281,29
sm7-183,Rainbow Energy,Energy,Special,sm7,,27
xy6-61,M Rayquaza-EX,Pokémon,"MEGA,EX",xy6,76,33
svp-91,Koraidon,Pokémon,"Basic,Ancient",svp,277,38
bw5-70,Zorua,Pokémon,Basic,bw5,340,21
swsh8-220,Corvisquire,Pokémon,Stage 1,swsh8,284,29
sm115-5,Scyther,Pokémon,Basic,sm115,264,29
sv3-170,Lillipup,Pokémon,Basic,sv3,43,21
sm1-61,Espeon-GX,Pokémon,"Stage 1,GX",sm1,76,10
hgss2-62,Spearow,Pokémon,Basic,hgss2,162,21
swsh10-208,Origin Forme Palkia VSTAR,Pokémon,VSTAR,swsh10,207,27
pl2-18,Espeon E4,Pokémon,"Basic,SP",pl2,108,2
swsh6-91,Clobbopus,Pokémon,Basic,swsh6,43,21
base4-19,Wigglytuff,Pokémon,Stage 1,base4,108,34
ex5-43,Metang,Pokémon,Stage 1,ex5,112,29
swsh9-186,Ultra Ball,Trainer,Item,swsh9,60,27
sv4-188,Snorunt,Pokémon,Basic,sv4,304,7
swsh12tg-TG17,Mawile V,Pokémon,"Basic,V",swsh12tg,47,16
dp6-134,Snowpoint Temple,Trainer,Stadium,dp6,232,29
sv6pt5-87,Colress's Tenacity,Trainer,Supporter,sv6pt5,,32
base2-64,Poké Ball,Trainer,,base2,307,21
hgss2-2,Magmortar,Pokémon,Stage 1,hgss2,163,34
sv9-159,Spiky Energy,Energy,Special,sv9,,29
sv6-153,Jamming Tower,Trainer,Stadium,sv6,26,29
swsh10tg-TG12,Hoothoot,Pokémon,Basic,swsh10tg,12,37
sv4pt5-190,Grafaiai,Pokémon,Stage 1,sv4pt5,104,31
sm35-42,Shining Jirachi,Pokémon,Basic,sm35,90,36
sm9-102,Ferroseed,Pokémon,Basic,sm9,90,21
swsh1-190,Morpeko V,Pokémon,"Basic,V",swsh1,76,28
sma-SV37,Altaria,Pokémon,Stage 1,sma,215,9
pl4-43,Luxio,Pokémon,Stage 1,pl4,38,29
pl3-60,Garchomp C,Pokémon,"Basic,SP",pl3,73,29
dp4-22,Latias,Pokémon,Basic,dp4,335,2
ex5-22,Ninetales,Pokémon,Stage 1,ex5,286,2
dp3-29,Golem,Pokémon,Stage 2,dp3,284,2
sv10-86,Steven's Carbink,Pokémon,Basic,sv10,303,21
ex13-36,Camerupt,Pokémon,Stage 1,ex13,191,29
basep-50,Celebi,Pokémon,Basic,basep,163,38
me1-38,Clawitzer,Pokémon,Stage 1,me1,,2
sm3-1,Caterpie,Pokémon,Basic,sm3,333,21
sv2-56,Veluza,Pokémon,Basic,sv2,277,2
swsh7-76,Pumpkaboo,Pokémon,Basic,swsh7,43,21
swsh2-161,Milo,Trainer,Supporter,swsh2,236,29
ex11-110,Vaporeon ex,Pokémon,"Stage 1,ex",ex11,136,33
sv8-191,Enriching Energy,Energy,"Special,ACE SPEC",sv8,,19
bw9-51,Metang,Pokémon,Stage 1,bw9,112,29
sv4-242,Roark,Trainer,Supporter,sv4,66,32
swsh7-123,Duraludon VMAX,Pokémon,"VMAX,Single Strike",swsh7,336,25
swsh9-150,Ultra Ball,Trainer,Item,swsh9,60,29
sv1-225,Gyarados ex,Pokémon,"Stage 1,Tera,ex",sv1,76,32
hgss1-49,Quilava,Pokémon,Stage 1,hgss1,162,29
ex1-6,Dustox,Pokémon,Stage 2,ex1,198,34
sm11-149,Dragonair,Pokémon,Stage 1,sm11,351,29
swsh9-94,Grimmsnarl,Pokémon,Stage 2,swsh9,260,2
sv2-24,Brambleghast,Pokémon,Stage 1,sv2,105,29
sm5-79,Alolan Dugtrio,Pokémon,Stage 1,sm5,184,29
ex4-5,Team Aqua's Sharpedo,Pokémon,Stage 1,ex4,92,34
ecard2-130,Pokémon Fan Club,Trainer,Supporter,ecard2,116,29
swsh6-127,Skwovet,Pokémon,Basic,swsh6,140,21
base1-67,Voltorb,Pokémon,Basic,base1,307,21
dpp-DP28,Mewtwo LV.X,Pokémon,Level-Up,dpp,298,38
sm5-77,Darkrai ◇,Pokémon,"Basic,Prism Star",sm5,292,18
ex12-90,Regice ★,Pokémon,"Basic,Star",ex12,117,6
rsv10pt5-45,Jellicent ex,Pokémon,"Stage 1,ex",rsv10pt5,72,14
sm11-64,Tynamo,Pokémon,Basic,sm11,172,21
ex16-13,Slaking,Pokémon,Stage 2,ex16,198,34
sv8-114,Glimmet,Pokémon,Basic,sv8,,21
sv3-172,Stoutland,Pokémon,Stage 2,sv3,11,29
sv1-67,Flaaffy,Pokémon,Stage 1,sv1,285,29
sv5-76,Ribombee,Pokémon,Stage 1,sv5,98,29
sm10-105,Crabominable,Pokémon,Stage 1,sm10,17,2
me2-103,Toxtricity,Pokémon,Stage 1,me2,201,7
sv5-99,Iron Boulder ex,Pokémon,"Basic,ex,Future",sv5,76,14
mcd21-1,Bulbasaur,Pokémon,Basic,mcd21,71,13
sm35-45,Marshadow,Pokémon,Basic,sm35,206,34
swsh12tg-TG07,Rockruff,Pokémon,"Basic,Single Strike",swsh12tg,37,37
xy1-47,Ekans,Pokémon,Basic,xy1,90,21
sv3-164,Pidgeot ex,Pokémon,"Stage 2,ex",sv3,356,14
pl3-88,Yanma,Pokémon,Basic,pl3,198,29
neo2-7,Magnemite,Pokémon,Basic,neo2,182,34
swshp-SWSH260,Charizard V,Pokémon,"Basic,V",swshp,145,38
ex10-56,Flaaffy,Pokémon,Stage 1,ex10,271,21
bwp-BW17,Ducklett,Pokémon,Basic,bwp,162,38
xy12-15,Ninetales,Pokémon,Stage 1,xy12,116,34
ecard2-53,Marill,Pokémon,Basic,ecard2,293,29
sm7-66,Banette-GX,Pokémon,"Stage 1,GX",sm7,76,10
ex6-60,Cubone,Pokémon,Basic,ex6,308,21
swsh9-146,Pot Helmet,Trainer,"Item,Pokémon Tool",swsh9,334,29
bw3-32,Cryogonal,Pokémon,Basic,bw3,117,29
base1-15,Venusaur,Pokémon,Stage 2,base1,108,34
ex5-58,Clamperl,Pokémon,Basic,ex5,162,21
xyp-XY205,Gym Badge,Trainer,Item,xyp,232,38
ex4-47,Team Aqua's Carvanha,Pokémon,Basic,ex4,278,21
swsh10tg-TG17,Shadow Rider Calyrex V,Pokémon,"Basic,V",swsh10tg,145,16
swsh7-58,Dracozolt V,Pokémon,"Basic,V",swsh7,196,16
bw11-24,Victini-EX,Pokémon,"Basic,EX",bw11,297,33
swsh9-98,Wormadam,Pokémon,Stage 1,swsh9,232,2
sm8-9,Spinarak,Pokémon,Basic,sm8,6,21
pop3-14,Ivysaur,Pokémon,Stage 1,pop3,198,21
sv8pt5-166,Raging Bolt ex,Pokémon,"Basic,ex,Ancient",sv8pt5,,5
xy6-86,Mega Turbo,Trainer,Item,xy6,334,29
ex5-63,Jigglypuff,Pokémon,Basic,ex5,284,21
ex16-107,Psychic Energy,Energy,Basic,ex16,,34
dc1-2,Team Magma's Camerupt,Pokémon,Stage 1,dc1,317,34
ex16-62,Skitty,Pokémon,Basic,ex16,17,21
sm1-117,Energy Switch,Trainer,Item,sm1,232,29
ex3-91,Golem ex,Pokémon,"Stage 2,ex",ex3,136,33
sv7-59,Mewtwo,Pokémon,Basic,sv7,,29
sm2-92,Sylveon-GX,Pokémon,"Stage 1,GX",sm2,76,10
me1-122,Mystery Garden,Trainer,Stadium,me1,,29
swsh3-70,Snubbull,Pokémon,Basic,swsh3,143,21
swsh10-135,Adaman,Trainer,Supporter,swsh10,224,34
swsh9-115,Farfetch'd,Pokémon,Basic,swsh9,17,21
ex13-64,Electrike,Pokémon,Basic,ex13,198,21
ecard2-84,Horsea,Pokémon,Basic,ecard2,294,21
zsv10pt5-45,Drilbur,Pokémon,Basic,zsv10pt5,140,21
swsh8-176,Impidimp,Pokémon,"Basic,Single Strike",swsh8,129,21
dp6-9,Mamoswine,Pokémon,Stage 2,dp6,112,34
swsh10-120,Hoothoot,Pokémon,Basic,swsh10,187,21
swsh7-35,Carvanha,Pokémon,Basic,swsh7,271,21
sv1-24,Toedscool,Pokémon,Basic,sv1,317,21
xy4-16,Croconaw,Pokémon,Stage 1,xy4,125,29
gym1-124,Narrow Gym,Trainer,Stadium,gym1,307,21
sm8-218,Magcargo-GX,Pokémon,"Stage 1,GX",sm8,76,20
xy12-36,Raichu,Pokémon,Stage 1,xy12,116,34
sm1-130,Repel,Trainer,Item,sm1,355,29
pl1-80,Lickitung,Pokémon,Basic,pl1,43,21
swsh12-52,Lanturn,Pokémon,Stage 1,swsh12,8,29
swsh12-161,Primordial Altar,Trainer,Stadium,swsh12,26,29
bw10-55,Houndour,Pokémon,Basic,bw10,125,21
xyp-XY29,Charizard-EX,Pokémon,"Basic,EX",xyp,297,38
sv8pt5-79,Dunsparce,Pokémon,Basic,sv8pt5,,21
ex2-9,Mawile,Pokémon,Basic,ex2,108,34
sv7-23,Salandit,Pokémon,Basic,sv7,,21
me2-55,Haunter,Pokémon,Stage 1,me2,190,29
ex3-95,Magcargo ex,Pokémon,"Stage 1,ex",ex3,136,33
swshp-SWSH103,Blastoise VMAX,Pokémon,VMAX,swshp,76,38
dp2-47,Dunsparce,Pokémon,Basic,dp2,198,29
sm12-99,Cosmog,Pokémon,Basic,sm12,71,21
rsv10pt5-100,Simisear,Pokémon,Stage 1,rsv10pt5,129,7
swsh10tg-TG18,Shadow Rider Calyrex VMAX,Pokémon,VMAX,swsh10tg,24,25
sv4pt5-138,Pachirisu,Pokémon,Basic,sv4pt5,47,31
ecard3-80,Natu,Pokémon,Basic,ecard3,189,21
sv1-48,Alomomola,Pokémon,Basic,sv1,325,21
sm12-169,Aipom,Pokémon,Basic,sm12,189,21
ex9-50,Feebas,Pokémon,Basic,ex9,162,21
g1-RC3,Charmander,Pokémon,Basic,g1,340,21
ex13-68,Lileep δ,Pokémon,Stage 1,ex13,162,21
base1-11,Nidoking,Pokémon,Stage 2,base1,116,34
sm11-92,Honedge,Pokémon,Basic,sm11,267,21
xy10-76,Aerodactyl,Pokémon,Restored,xy10,73,2
xy4-50,Gigalith,Pokémon,Stage 2,xy4,340,34
sv8pt5-116,Max Rod,Trainer,"Item,ACE SPEC",sv8pt5,,19
xy1-36,Corsola,Pokémon,Basic,xy1,271,29
xy2-50,Sneasel,Pokémon,Basic,xy2,71,29
dp3-96,Natu,Pokémon,Basic,dp3,198,21
cel25c-4_A,Charizard,Pokémon,Stage 2,cel25c,108,12
swsh12pt5-148,Friends in Hisui,Trainer,Supporter,swsh12pt5,35,28
swsh8-207,Dunsparce,Pokémon,Basic,swsh8,242,29
pl2-43,Infernape E4,Pokémon,"Basic,SP",pl2,117,29
sv3pt5-90,Shellder,Pokémon,Basic,sv3pt5,300,21
pl2-114,Surfing Pikachu,Pokémon,Basic,pl2,286,27
sv9-147,Hop's Bag,Trainer,Item,sv9,26,29
swsh5-54,Galarian Slowpoke,Pokémon,Basic,swsh5,196,21
ex16-46,Cacnea,Pokémon,Basic,ex16,163,21
xy8-93,Inkay,Pokémon,Basic,xy8,112,21
xy3-86,Tornadus,Pokémon,Basic,xy3,73,2
swsh5-120,Indeedee,Pokémon,Basic,swsh5,332,29
sm115-18,Vaporeon,Pokémon,Stage 1,sm115,117,34
pl4-20,Hariyama,Pokémon,Stage 1,pl4,198,2
sv3-154,Varoom,Pokémon,Basic,sv3,112,21
sv3-59,Wugtrio,Pokémon,Stage 1,sv3,340,29
sm12-202,Red & Blue,Trainer,"Supporter,TAG TEAM",sm12,184,29
smp-SM67,Celesteela-GX,Pokémon,"Basic,GX,Ultra Beast",smp,76,38
sv5-206,Iron Crown ex,Pokémon,"Basic,ex,Future",sv5,214,5
xy2-87,Furfrou,Pokémon,Basic,xy2,76,29
smp-SM160,Nidoqueen,Pokémon,Stage 2,smp,198,38
ex15-50,Horsea δ,Pokémon,Basic,ex15,294,21
gym1-60,Sabrina's Slowbro,Pokémon,Stage 1,gym1,116,29
ecard1-75,Dragonair,Pokémon,Stage 1,ecard1,162,29
cel25c-15_A4,Claydol,Pokémon,Stage 1,cel25c,198,12
bw7-93,Mandibuzz,Pokémon,Stage 1,bw7,292,29
np-37,Kyogre ex,Pokémon,"Basic,EX",np,232,38
ex11-12,Mewtwo δ,Pokémon,Basic,ex11,232,34
ecard2-H20,Octillery,Pokémon,Stage 1,ecard2,112,34
bw7-97,Klink,Pokémon,Basic,bw7,267,29
pl3-20,Charizard G,Pokémon,"Basic,SP",pl3,374,2
sv3pt5-100,Voltorb,Pokémon,Basic,sv3pt5,214,21
swsh8-240,Shauna,Trainer,Supporter,swsh8,55,29
ecard3-46,Abra,Pokémon,Basic,ecard3,5,21
swsh3-78,Dedenne,Pokémon,Basic,swsh3,322,29
sm6-53,Dragalge,Pokémon,Stage 1,sm6,172,2
sv4-183,Crustle,Pokémon,Stage 1,sv4,371,7
sv5-73,Elgyem,Pokémon,Basic,sv5,17,21
sv10-228,Yanmega ex,Pokémon,"Stage 1,ex",sv10,247,5
neo4-82,Slugma,Pokémon,Basic,neo4,116,21
bw11-59,Ralts,Pokémon,Basic,bw11,284,21
swsh11tg-TG30,Mew VMAX,Pokémon,"VMAX,Fusion Strike",swsh11tg,76,27
neo3-5,Delibird,Pokémon,Basic,neo3,17,34
sv3-209,Lechonk,Pokémon,Basic,sv3,304,7
swsh6-29,Lapras,Pokémon,Basic,swsh6,233,21
ex8-68,Numel,Pokémon,Basic,ex8,17,21
ex4-77,Team Aqua Conspirator,Trainer,Supporter,ex4,116,29
swsh12pt5-45,Rotom V,Pokémon,"Basic,V",swsh12pt5,76,16
sm5-55,Drapion,Pokémon,Stage 1,sm5,296,2
sv3pt5-79,Slowpoke,Pokémon,Basic,sv3pt5,140,21
base5-24,Dark Golbat,Pokémon,Stage 1,base5,108,2
ecard1-21,Ninetales,Pokémon,Stage 1,ecard1,191,34
swsh12-74,Chimecho,Pokémon,Basic,swsh12,284,21
hgss4-11,Venomoth,Pokémon,Stage 1,hgss4,299,34
sm8-95,Shedinja,Pokémon,Stage 1,sm8,73,2
xy7-15,Entei,Pokémon,Basic,xy7,108,34
bw6-15,Roserade,Pokémon,Stage 1,bw6,317,2
sv6-181,Hisuian Growlithe,Pokémon,Basic,sv6,94,7
sv1-229,Banette ex,Pokémon,"Stage 1,ex",sv1,336,32
hgss1-82,Snubbull,Pokémon,Basic,hgss1,116,21
swshp-SWSH268,Deoxys VSTAR,Pokémon,VSTAR,swshp,76,38
base6-21,Butterfree,Pokémon,Stage 2,base6,162,2
xy4-34,Gengar-EX,Pokémon,"Basic,EX",xy4,297,33
sv1-2,Heracross,Pokémon,Basic,sv1,256,29
ex9-41,Swellow,Pokémon,Stage 1,ex9,284,29
base4-11,Nidoking,Pokémon,Stage 2,base4,116,34
swsh10-46,Radiant Greninja,Pokémon,"Basic,Radiant",swsh10,224,22
sv8-152,Rufflet,Pokémon,Basic,sv8,,21
sm2-130,Rescue Stretcher,Trainer,Item,sm2,355,29
dp1-109,PlusPower,Trainer,Item,dp1,232,29
swsh2-196,Toxtricity VMAX,Pokémon,VMAX,swsh2,76,20
dp3-46,Charmeleon,Pokémon,Stage 1,dp3,191,29
swsh8-170,Zorua,Pokémon,Basic,swsh8,214,21
bw5-20,Larvesta,Pokémon,Basic,bw5,167,21
sm3-61,Sandygast,Pokémon,Basic,sm3,117,21
pl1-16,Slaking,Pokémon,Stage 2,pl1,117,34
sv2-53,Cetoddle,Pokémon,Basic,sv2,333,21
dp4-33,Arbok,Pokémon,Stage 1,dp4,116,29
sm11-199,Grimsley,Trainer,Supporter,sm11,183,29
sv3-188,Geeta,Trainer,Supporter,sv3,215,2
sm8-190,Spell Tag,Trainer,Pokémon Tool,sm8,281,29
ex4-87,Magma Energy,Energy,Special,ex4,50,29
smp-SM221,Blacephalon,Pokémon,"Basic,Ultra Beast",smp,317,38
swsh8-130,Dragapult,Pokémon,"Stage 2,Fusion Strike",swsh8,224,34
sv4pt5-14,Charcadet,Pokémon,Basic,sv4pt5,214,21
dp3-125,Roseanne's Research,Trainer,Supporter,dp3,194,29
sv6-198,Greninja ex,Pokémon,"Stage 2,Tera,ex",sv6,76,32
sv4pt5-103,Dolliv,Pokémon,Stage 1,sv4pt5,47,31
sv3pt5-8,Wartortle,Pokémon,Stage 1,sv3pt5,91,29
swsh1-201,Professor's Research (Professor Magnolia),Trainer,Supporter,swsh1,215,28
xy10-40,Larvitar,Pokémon,Basic,xy10,38,21
ex11-61,Ditto,Pokémon,Basic,ex11,43,21
ecard3-82,Nidoran ♀,Pokémon,Basic,ecard3,30,21
hgss4-99,Darkrai & Cresselia LEGEND,Pokémon,LEGEND,hgss4,86,11
cel25-7,Flying Pikachu VMAX,Pokémon,VMAX,cel25,207,25
swsh9-79,Lucario,Pokémon,Stage 1,swsh9,94,34
sv8-5,Scatterbug,Pokémon,Basic,sv8,,21
sm10-156,Porygon2,Pokémon,Stage 1,sm10,129,29
sm9-116,Dratini,Pokémon,Basic,sm9,198,21
sv5-136,Minccino,Pokémon,Basic,sv5,43,21
zsv10pt5-17,Panpour,Pokémon,Basic,zsv10pt5,168,21
dp6-76,Unown [J],Pokémon,Basic,dp6,79,29
sv2-49,Quaxly,Pokémon,Basic,sv2,254,21
ex3-87,Mr. Briney's Compassion,Trainer,Supporter,ex3,116,29
ex4-52,Team Aqua's Electrike,Pokémon,Basic,ex4,345,21
ex8-79,Swablu,Pokémon,Basic,ex8,271,21
sm5-128,Mars,Trainer,Supporter,sm5,116,29
xy7-52,Ralts,Pokémon,Basic,xy7,308,21
sm10-69,Haunter,Pokémon,Stage 1,sm10,189,29
ex13-81,Psyduck δ,Pokémon,Basic,ex13,163,21
ex5-34,Glalie,Pokémon,Stage 1,ex5,198,29
xyp-XY53,Sceptile-EX,Pokémon,"Basic,EX",xyp,297,38
swsh5-9,Carnivine,Pokémon,"Basic,Rapid Strike",swsh5,305,29
swsh45-26,Chewtle,Pokémon,Basic,swsh45,129,21
swsh1-207,Bede,Trainer,Supporter,swsh1,292,20
dp3-52,Kecleon,Pokémon,Basic,dp3,108,29
swsh9-14,Shaymin VSTAR,Pokémon,VSTAR,swsh9,76,24
bw9-46,Muk,Pokémon,"Stage 1,Team Plasma",bw9,76,2
ex11-15,Starmie δ,Pokémon,Stage 1,ex11,117,34
base1-27,Farfetch'd,Pokémon,Basic,base1,116,29
swsh10-183,Cyllene,Trainer,Supporter,swsh10,214,28
swsh45-57,Ball Guy,Trainer,Supporter,swsh45,75,29
sm5-61,Cosmoem,Pokémon,Stage 1,sm5,351,29
base2-7,Nidoqueen,Pokémon,Stage 2,base2,116,34
sv1-196,Ultra Ball,Trainer,Item,sv1,281,29
neo3-35,Parasect,Pokémon,Stage 1,neo3,191,29
pl1-45,Combusken,Pokémon,Stage 1,pl1,117,29
sv8pt5-26,Glaceon ex,Pokémon,"Stage 1,Tera,ex",sv8pt5,,14
xy8-162,Giovanni's Scheme,Trainer,Supporter,xy8,116,28
bw10-6,Karrablast,Pokémon,Basic,bw10,167,21
xyp-XY194,Darkrai,Pokémon,Basic,xyp,116,38
sv3-118,Toedscool,Pokémon,Basic,sv3,145,21
sv4pt5-151,Natu,Pokémon,Basic,sv4pt5,129,31
sv1-69,Rotom,Pokémon,Basic,sv1,82,21
sm1-72,Crabrawler,Pokémon,Basic,sm1,317,21
rsv10pt5-132,Archeops,Pokémon,Stage 2,rsv10pt5,245,7
xy4-56,Purrloin,Pokémon,Basic,xy4,112,21
sv10-21,Smoliv,Pokémon,Basic,sv10,43,21
swsh45sv-SV066,Galarian Runerigus,Pokémon,Stage 1,swsh45sv,317,9
xy6-46,Togekiss,Pokémon,Stage 2,xy6,216,34
zsv10pt5-23,Carracosta,Pokémon,Stage 2,zsv10pt5,96,2
swsh1-163,Evolution Incense,Trainer,Item,swsh1,232,29
dp6-62,Luxio,Pokémon,Stage 1,dp6,284,29
swsh12-69,Gardevoir,Pokémon,Stage 2,swsh12,108,2
swsh9-33,Crawdaunt,Pokémon,Stage 1,swsh9,322,29
ex8-81,Wingull,Pokémon,Basic,ex8,17,21
xy11-55,Probopass,Pokémon,Stage 1,xy11,267,2
xy7-16,Larvesta,Pokémon,Basic,xy7,290,21
sm8-157,Smeargle,Pokémon,Basic,sm8,116,2
bw8-112,Watchog,Pokémon,"Stage 1,Team Plasma",bw8,76,29
sv6-212,Hearthflame Mask Ogerpon ex,Pokémon,"Basic,Tera,ex",sv6,369,5
sm11-230,Naganadel-GX,Pokémon,"Stage 1,GX,Ultra Beast",sm11,227,28
sm11-33,Salandit,Pokémon,Basic,sm11,271,21
swsh2-40,Gyarados,Pokémon,Stage 1,swsh2,134,34
neo3-51,Shuckle,Pokémon,Basic,neo3,43,21
sm5-155,Pokémon Fan Club,Trainer,Supporter,sm5,351,28
swsh9-11,Mothim,Pokémon,Stage 1,swsh9,340,2
ecard2-41,Umbreon,Pokémon,Stage 1,ecard2,108,2
sm11-205,Pokémon Research Lab,Trainer,Stadium,sm11,207,29
xyp-XY86,M Blaziken-EX,Pokémon,"MEGA,EX",xyp,76,38
g1-47,Hitmonlee,Pokémon,Basic,g1,75,2
sv5-100,Ekans,Pokémon,Basic,sv5,160,21
xy5-4,Tangela,Pokémon,Basic,xy5,167,21
bw9-69,Krokorok,Pokémon,Stage 1,bw9,198,29
sv7-108,Varoom,Pokémon,Basic,sv7,,21
swsh10-95,Poochyena,Pokémon,Basic,swsh10,88,21
sv8-83,Cofagrigus,Pokémon,Stage 1,sv8,,2
basep-53,Suicune,Pokémon,Basic,basep,191,38
dv1-7,Shelgon,Pokémon,Stage 1,dv1,340,34
swsh9-27,Simisear V,Pokémon,"Basic,V",swsh9,76,16
bw9-33,Electrode,Pokémon,Stage 1,bw9,152,34
bwp-BW18,Darumaka,Pokémon,Basic,bwp,340,38
ex2-51,Quilava,Pokémon,Stage 1,ex2,284,29
bp-5,Rocket's Sneasel,Pokémon,Basic,bp,92,38
sv10-15,Team Rocket's Blipbug,Pokémon,Basic,sv10,4,21
svp-64,Arctibax,Pokémon,Stage 1,svp,151,38
ex6-19,Chansey,Pokémon,Basic,ex6,189,2
swsh10-128,Purugly,Pokémon,Stage 1,swsh10,40,29
sm9-103,Ferrothorn,Pokémon,Stage 1,sm9,264,2
bwp-BW54,Pikachu,Pokémon,Basic,bwp,76,38
swsh45-11,Grookey,Pokémon,Basic,swsh45,292,21
hgss4-49,Porygon2,Pokémon,Stage 1,hgss4,112,29
sv8-96,Flutter Mane,Pokémon,"Basic,Ancient",sv8,,29
sv4pt5-85,Paldean Student,Trainer,Supporter,sv4pt5,365,21
sv5-173,Relicanth,Pokémon,Basic,sv5,108,7
swsh12-138,Lugia V,Pokémon,"Basic,V",swsh12,108,16
sm3-73,Crabrawler,Pokémon,Basic,sm3,215,21
sv8-240,Hydreigon ex,Pokémon,"Stage 2,Tera,ex",sv8,,5
sv9-91,Koffing,Pokémon,Basic,sv9,282,21
sm12-257,Alolan Persian-GX,Pokémon,"Stage 1,GX",sm12,70,20
swsh2-75,Clefable,Pokémon,Stage 1,swsh2,58,34
sv1-102,Flittle,Pokémon,Basic,sv1,187,21
rsv10pt5-158,Reshiram ex,Pokémon,"Basic,ex",rsv10pt5,76,32
neo3-14,Suicune,Pokémon,Basic,neo3,116,34
swsh5-49,Pachirisu,Pokémon,Basic,swsh5,284,21
bw1-47,Zekrom,Pokémon,Basic,bw1,76,34
swsh5-130,Phoebe,Trainer,Supporter,swsh5,373,29
zsv10pt5-65,Bisharp,Pokémon,Stage 1,zsv10pt5,192,29
sm11-37,Snorunt,Pokémon,Basic,sm11,284,21
xy2-2,Metapod,Pokémon,Stage 1,xy2,73,29
swsh10-160,Beedrill V,Pokémon,"Basic,V",swsh10,281,28
base1-62,Sandshrew,Pokémon,Basic,base1,116,21
ex3-16,Girafarig,Pokémon,Basic,ex3,198,2
sv8-174,Drayton,Trainer,Supporter,sv8,,29
ecard1-7,Clefable,Pokémon,Stage 1,ecard1,162,34
sm11-42,Abomasnow,Pokémon,Stage 1,sm11,317,2
swsh45sv-SV012,Applin,Pokémon,Basic,swsh45sv,143,9
zsv10pt5-149,Tranquill,Pokémon,Stage 1,zsv10pt5,329,7
swshp-SWSH222,Oshawott,Pokémon,Basic,swshp,346,38
ex8-74,Slugma,Pokémon,Basic,ex8,308,21
me1-92,Grafaiai,Pokémon,Stage 1,me1,,21
ex16-92,Absol ex,Pokémon,"Basic,ex",ex16,232,33
base3-53,Psyduck,Pokémon,Basic,base3,162,21
pl3-38,Parasect,Pokémon,Stage 1,pl3,162,2
swsh35-70,Gardevoir V,Pokémon,"Basic,V",swsh35,336,28
swsh1-114,Stonjourner,Pokémon,Basic,swsh1,317,2
sm7-25,Torchic,Pokémon,Basic,sm7,162,21
swsh2-87,Alcremie,Pokémon,Stage 1,swsh2,71,2
sm2-52,Gothita,Pokémon,Basic,sm2,43,21
dp5-80,Dusk Ball,Trainer,Item,dp5,232,29
sv8-16,Vulpix,Pokémon,Basic,sv8,,21
sv4-196,Joltik,Pokémon,Basic,sv4,233,7
sm3-66,Rhydon,Pokémon,Stage 1,sm3,351,29
xy3-107,Lucario-EX,Pokémon,"Basic,EX",xy3,232,28
ex5-46,Rhydon,Pokémon,Stage 1,ex5,191,29
sv8-86,Sylveon ex,Pokémon,"Stage 1,Tera,ex",sv8,,14
sv8-105,Vibrava,Pokémon,Stage 1,sv8,,21
smp-SM237,Leafeon,Pokémon,Stage 1,smp,24,38
swsh6-13,Bounsweet,Pokémon,Basic,swsh6,267,21
bw7-46,Cryogonal,Pokémon,Basic,bw7,112,29
sm6-17,Delphox,Pokémon,Stage 2,sm6,73,34
bw8-76,Riolu,Pokémon,Basic,bw8,340,21
swsh6-105,Venipede,Pokémon,Basic,swsh6,145,21
sv7-81,Riolu,Pokémon,Basic,sv7,,21
svp-72,Great Tusk ex,Pokémon,"Basic,ex,Ancient",svp,76,38
sv6-29,Magcargo ex,Pokémon,"Stage 1,Tera,ex",sv6,336,14
xy5-14,Masquerain,Pokémon,Stage 1,xy5,194,29
swsh1-40,Shellder,Pokémon,Basic,swsh1,333,21
swsh2-122,Malamar VMAX,Pokémon,VMAX,swsh2,76,25
hgss1-71,Ledyba,Pokémon,Basic,hgss1,43,21
swsh45sv-SV019,Centiskorch,Pokémon,Stage 1,swsh45sv,172,9
swsh5-138,Tower of Waters,Trainer,"Stadium,Rapid Strike",swsh5,76,29
xy7-11,Vespiquen,Pokémon,Stage 1,xy7,281,2
sm9-64,Alolan Marowak,Pokémon,Stage 1,sm9,58,2
ex14-91,Delcatty ex,Pokémon,"Stage 1,ex",ex14,298,33
ex11-65,Dratini δ,Pokémon,Basic,ex11,163,21
sv6-129,Drakloak,Pokémon,Stage 1,sv6,329,21
sm10-114,Sandile,Pokémon,Basic,sm10,340,21
mcd12-5,Dewott,Pokémon,Stage 1,mcd12,117,13
sv8-241,Archaludon ex,Pokémon,"Stage 1,ex",sv8,,5
gym1-22,Brock's Rhyhorn,Pokémon,Basic,gym1,116,2
xy7-85,M Sceptile-EX,Pokémon,"MEGA,EX",xy7,76,28
swsh3-175,Hiding Darkness Energy,Energy,Special,swsh3,,29
swsh4-183,Nessa,Trainer,Supporter,swsh4,66,28
svp-57,Chi-Yu,Pokémon,Basic,svp,31,38
bw3-14,Victini,Pokémon,Basic,bw3,76,34
sv4pt5-111,Paldean Tauros,Pokémon,Basic,sv4pt5,75,31
sv3pt5-134,Vaporeon,Pokémon,Stage 1,sv3pt5,215,2
ex12-19,Lanturn,Pokémon,Stage 1,ex12,162,2
sm12-75,Solgaleo & Lunala-GX,Pokémon,"Basic,TAG TEAM,GX",sm12,37,10
sm11-51,Golisopod,Pokémon,Stage 1,sm11,117,34
bw6-45,Emolga,Pokémon,Basic,bw6,194,29
sm5-118,Ancient Crystal,Trainer,Pokémon Tool,sm5,334,29
sm3-151,Salazzle-GX,Pokémon,"Stage 1,GX",sm3,76,20
sm9-84,Alolan Muk,Pokémon,Stage 1,sm9,198,2
pop3-15,Marshtomp,Pokémon,Stage 1,pop3,198,21
sm11-30,Chandelure,Pokémon,Stage 2,sm11,215,34
gym2-118,Misty's Tears,Trainer,,gym2,116,29
swsh5-57,Baltoy,Pokémon,Basic,swsh5,254,21
ex8-23,Sableye,Pokémon,Basic,ex8,308,2
sv6-47,Corphish,Pokémon,Basic,sv6,112,21
sm9-22,Squirtle,Pokémon,Basic,sm9,254,21
gym2-97,Sabrina's Gastly,Pokémon,Basic,gym2,191,21
pl2-77,Sealeo,Pokémon,Stage 1,pl2,332,21
swsh8-39,Chandelure V,Pokémon,"Basic,V",swsh8,115,16
dp7-76,Stunky,Pokémon,Basic,dp7,17,21
swsh8-155,Falinks,Pokémon,Basic,swsh8,55,21
pl3-59,Gabite,Pokémon,Stage 1,pl3,17,29
neo2-45,Pupitar,Pokémon,Stage 1,neo2,372,29
swsh12-164,Serena,Trainer,Supporter,swsh12,116,29
swsh45sv-SV015,Scorbunny,Pokémon,Basic,swsh45sv,267,9
swshp-SWSH261,Charizard VMAX,Pokémon,VMAX,swshp,251,38
hgss2-66,Tropius,Pokémon,Basic,hgss2,167,21
sv4-96,Mienfoo,Pokémon,Basic,sv4,84,21
sv10-58,Floatzel,Pokémon,Stage 1,sv10,322,29
smp-SM54,Lucario,Pokémon,Stage 1,smp,277,38
sm10-197,Muk & Alolan Muk-GX,Pokémon,"Basic,TAG TEAM,GX",sm10,117,28
xy1-78,Yveltal,Pokémon,Basic,xy1,76,2
bw7-28,Darmanitan,Pokémon,Stage 1,bw7,73,29
sm5-14,Mow Rotom,Pokémon,Basic,sm5,73,2
ex1-70,Skitty,Pokémon,Basic,ex1,116,21
bw2-45,Gothorita,Pokémon,Stage 1,bw2,191,29
sv2-83,Jigglypuff,Pokémon,Basic,sv2,55,21
sm5-27,Turtonator,Pokémon,Basic,sm5,277,29
pl4-SH12,Shinx,Pokémon,Basic,pl4,254,2
bw9-28,Vanillish,Pokémon,Stage 1,bw9,271,29
svp-118,Tatsugiri,Pokémon,Basic,svp,160,38
ex13-78,Pikachu,Pokémon,Basic,ex13,112,21
sv8-154,Helioptile,Pokémon,Basic,sv8,,21
swsh35-56,Marnie,Trainer,Supporter,swsh35,215,34
sv4-134,Aegislash,Pokémon,Stage 2,sv4,211,2
sv8-147,Slaking ex,Pokémon,"Stage 2,ex",sv8,,14
hgss2-67,Turtwig,Pokémon,Basic,hgss2,167,21
sm11-55,Pikachu,Pokémon,Basic,sm11,351,21
sm7-24,Magcargo,Pokémon,Stage 1,sm7,198,2
sv8-15,Wo-Chien,Pokémon,Basic,sv8,,29
xy8-115,Doduo,Pokémon,Basic,xy8,292,21
sv9-170,Hop's Wooloo,Pokémon,Basic,sv9,243,7
swsh5-146,Empoleon V,Pokémon,"Basic,V,Rapid Strike",swsh5,24,28
sv2-86,Slowking ex,Pokémon,"Stage 1,Tera,ex",sv2,76,14
swsh12-77,Duosion,Pokémon,Stage 1,swsh12,187,29
xy5-119,Bouffalant,Pokémon,Basic,xy5,36,29
bw3-56,Beheeyem,Pokémon,Stage 1,bw3,162,2
sm4-72,Wigglytuff,Pokémon,Stage 1,sm4,131,2
xy4-45,Gourgeist,Pokémon,Stage 1,xy4,194,34
swshp-SWSH120,Marnie,Trainer,Supporter,swshp,351,38
swsh35-50,Bede,Trainer,Supporter,swsh35,292,29
bw10-91,Plasma Energy,Energy,"Special,Team Plasma",bw10,76,29
bw2-56,Excadrill,Pokémon,Stage 1,bw2,76,34
swshp-SWSH100,Venusaur V,Pokémon,"Basic,V",swshp,207,38
ex10-50,Yanma,Pokémon,Basic,ex10,162,29
swsh8-201,Dodrio V,Pokémon,"Basic,V,Rapid Strike",swsh8,76,16
sv4pt5-164,Flittle,Pokémon,Basic,sv4pt5,271,31
swsh7-185,Medicham V,Pokémon,"Basic,V,Rapid Strike",swsh7,290,28
swsh12pt5-115,Shaymin,Pokémon,Basic,swsh12pt5,293,29
swsh45sv-SV055,Hattrem,Pokémon,Stage 1,swsh45sv,14,9
ex4-1,Team Aqua's Cacturne,Pokémon,Stage 1,ex4,319,34
hgss2-51,Larvitar,Pokémon,Basic,hgss2,112,21
sv1-240,Professor's Research (Professor Sada),Trainer,Supporter,sv1,215,32
swsh6-124,Tornadus V,Pokémon,"Basic,V,Single Strike",swsh6,336,16
xy12-78,Full Heal,Trainer,Item,xy12,307,29
xy7-42,Tyranitar-EX,Pokémon,"Basic,EX",xy7,297,33
sv1-132,Pawniard,Pokémon,Basic,sv1,129,21
xy5-143,Shield Energy,Energy,Special,xy5,76,29
xyp-XY115,Shaymin,Pokémon,Basic,xyp,273,38
sm12-168,Igglybuff,Pokémon,Basic,sm12,162,29
dp5-34,Vaporeon,Pokémon,Stage 1,dp5,162,2
dp4-88,Togepi,Pokémon,Basic,dp4,116,21
pl1-65,Wartortle,Pokémon,Stage 1,pl1,198,29
swsh7-96,Nuzleaf,Pokémon,Stage 1,swsh7,191,29
bw4-49,Emolga,Pokémon,Basic,bw4,340,29
sm8-24,Wurmple,Pokémon,Basic,sm8,40,21
me2-79,Ambipom,Pokémon,Stage 1,me2,357,2
swsh10-194,Machamp VMAX,Pokémon,VMAX,swsh10,275,20
xy12-9,Charmander,Pokémon,Basic,xy12,108,21
neo4-75,Mareep,Pokémon,Basic,neo4,162,21
swsh45sv-SV061,Drakloak,Pokémon,Stage 1,swsh45sv,223,9
smp-SM229,Venusaur & Snivy-GX,Pokémon,"Basic,TAG TEAM,GX",smp,43,38
sm11-107,Heracross,Pokémon,Basic,sm11,351,29
sv6-166,Boomerang Energy,Energy,Special,sv6,,29
me2-30,Yamper,Pokémon,Basic,me2,231,21
sm9-118,Dragonair,Pokémon,Stage 1,sm9,215,29
xy1-111,Bunnelby,Pokémon,Basic,xy1,76,21
bwp-BW68,Meloetta,Pokémon,Basic,bwp,292,38
bw2-61,Krokorok,Pokémon,Stage 1,bw2,162,29
mcd22-5,Victini,Pokémon,Basic,mcd22,151,13
sv10-85,Team Rocket's Chingling,Pokémon,Basic,sv10,40,21
sm8-28,Dustox,Pokémon,Stage 2,sm8,198,2
sv9-49,N's Joltik,Pokémon,Basic,sv9,238,21
sm10-42,Slowpoke,Pokémon,Basic,sm10,112,21
bw11-6,Snivy,Pokémon,Basic,bw11,308,21
swsh12pt5-125,Crushing Hammer,Trainer,Item,swsh12pt5,60,29
dp3-45,Breloom,Pokémon,Stage 1,dp3,112,29
g1-23,Gyarados,Pokémon,Stage 1,g1,317,2
pop6-1,Bastiodon,Pokémon,Stage 2,pop6,205,2
bw11-94,Gible,Pokémon,Basic,bw11,254,21
sv4-168,Norman,Trainer,Supporter,sv4,37,29
base5-73,The Boss's Way,Trainer,,base5,116,29
swsh9-105,Zamazenta V,Pokémon,"Basic,V",swsh9,336,16
sv8-150,Kecleon,Pokémon,Basic,sv8,,21
sv9-145,Black Belt's Training,Trainer,Supporter,sv9,376,21
swsh1-28,Salazzle,Pokémon,Stage 1,swsh1,17,29
swsh6-81,Gallade,Pokémon,Stage 2,swsh6,81,2
sv3-38,Chandelure,Pokémon,Stage 2,sv3,287,29
sv6-113,Poochyena,Pokémon,Basic,sv6,322,21
sv3-173,Audino,Pokémon,Basic,sv3,98,21
base1-50,Gastly,Pokémon,Basic,base1,307,21
sv3pt5-10,Caterpie,Pokémon,Basic,sv3pt5,98,21
sv1-13,Sprigatito,Pokémon,Basic,sv1,332,21
bw6-97,Hydreigon,Pokémon,Stage 2,bw6,76,34
pl4-7,Probopass,Pokémon,Stage 1,pl4,112,34
swsh12-19,Growlithe,Pokémon,Basic,swsh12,129,21
swsh45-62,Rusted Sword,Trainer,Pokémon Tool,swsh45,76,29
swsh4-108,Krokorok,Pokémon,Stage 1,swsh4,129,29
sv5-122,Miraidon ex,Pokémon,"Basic,ex,Future",sv5,336,14
ex15-49,Feebas δ,Pokémon,Basic,ex15,293,21
sv8-111,Passimian,Pokémon,Basic,sv8,,29
ex5-48,Spinda,Pokémon,Basic,ex5,162,29
sm75-67,Dragonite-GX,Pokémon,"Stage 2,GX",sm75,76,28
sv4pt5-116,Slowpoke,Pokémon,Basic,sv4pt5,256,31
sv5-105,Poochyena,Pokémon,Basic,sv5,189,21
base1-101,Psychic Energy,Energy,Basic,base1,307,13
sm35-76,Mewtwo-GX,Pokémon,"Basic,GX",sm35,76,20
sv4pt5-244,Ting-Lu ex,Pokémon,"Basic,ex",sv4pt5,76,1
ex14-80,Memory Berry,Trainer,Pokémon Tool,ex14,298,29
sm6-24,Greninja-GX,Pokémon,"Stage 2,GX",sm6,76,10
sv5-49,Palafin,Pokémon,Stage 1,sv5,260,29
swsh8-215,Diggersby,Pokémon,Stage 1,swsh8,267,29
swsh3-69,Mew V,Pokémon,"Basic,V",swsh3,336,16
bw10-92,G Booster,Trainer,"Pokémon Tool,ACE SPEC,Team Plasma",bw10,76,30
swsh8-247,Chandelure V,Pokémon,"Basic,V",swsh8,115,28
ex12-43,Sealeo,Pokémon,Stage 1,ex12,198,29
swsh5-32,Seadra,Pokémon,Stage 1,swsh5,131,29
swsh45sv-SV036,Dracovish,Pokémon,Stage 1,swsh45sv,172,9
sv9-181,Ruffian,Trainer,Supporter,sv9,37,32
sv4pt5-112,Entei,Pokémon,Basic,sv4pt5,66,31
sv6-226,Luminous Energy,Energy,Special,sv6,,1
dp7-102,Charmeleon,Pokémon,Stage 1,dp7,108,27
ex8-11,Metagross,Pokémon,Stage 2,ex8,294,34
swsh12-133,Noivern,Pokémon,Stage 1,swsh12,8,2
swsh12-23,Victini,Pokémon,Basic,swsh12,376,2
xy9-3,Meganium,Pokémon,Stage 2,xy9,73,34
xy1-83,Honedge,Pokémon,Basic,xy1,76,21
sm2-69,Nosepass,Pokémon,Basic,sm2,17,21
sv4-135,Aegislash ex,Pokémon,"Stage 2,ex",sv4,378,14
pl1-2,Blastoise,Pokémon,Stage 2,pl1,162,34
pl3-15,Arcanine G,Pokémon,"Basic,SP",pl3,203,2
bw6-12,Roselia,Pokémon,Basic,bw6,38,29
dp5-47,Staravia,Pokémon,Stage 1,dp5,79,29
sv4-190,Vanillish,Pokémon,Stage 1,sv4,311,7
xy5-79,Meditite,Pokémon,Basic,xy5,254,21
swsh12pt5-48,Eelektrik,Pokémon,Stage 1,swsh12pt5,81,29
ex1-69,Shroomish,Pokémon,Basic,ex1,191,21
gym1-62,Blaine's Growlithe,Pokémon,Basic,gym1,191,21
base1-98,Fire Energy,Energy,Basic,base1,307,13
swsh8-85,Frosmoth,Pokémon,Stage 1,swsh8,24,29
gym2-80,Koga's Pidgey,Pokémon,Basic,gym2,116,21
ex6-77,Rattata,Pokémon,Basic,ex6,271,21
swsh8-95,Tynamo,Pokémon,Basic,swsh8,43,21
sv8pt5-24,Suicune,Pokémon,Basic,sv8pt5,,29
pl3-115,Mime Jr.,Pokémon,Basic,pl3,189,21
base2-14,Victreebel,Pokémon,Stage 2,base2,116,34
swsh10-89,Hisuian Qwilfish,Pokémon,Basic,swsh10,140,21
sv4-80,Flittle,Pokémon,Basic,sv4,183,21
swsh8-48,Centiskorch,Pokémon,"Stage 1,Rapid Strike",swsh8,264,2
base2-56,Meowth,Pokémon,Basic,base2,108,21
pop4-9,Pokémon Fan Club,Trainer,Supporter,pop4,116,29
np-3,Treecko,Pokémon,Basic,np,191,38
bw4-17,Darumaka,Pokémon,Basic,bw4,191,21
neo4-16,Miracle Energy,Energy,Special,neo4,364,34
sv4pt5-149,Kadabra,Pokémon,Stage 1,sv4pt5,224,31
ecard3-12,Houndoom,Pokémon,Stage 1,ecard3,259,2
swsh12-46,Keldeo,Pokémon,Basic,swsh12,233,2
base5-65,Psyduck,Pokémon,Basic,base5,108,21
bw7-65,Croagunk,Pokémon,Basic,bw7,267,29
swsh8-248,Crabominable V,Pokémon,"Basic,V",swsh8,41,28
sv6pt5-71,Cresselia,Pokémon,Basic,sv6pt5,,7
basep-4,Pikachu,Pokémon,Basic,basep,116,38
bw6-57,Gothitelle,Pokémon,Stage 2,bw6,340,2
ex11-72,Koffing,Pokémon,Basic,ex11,34,21
dp5-51,Aipom,Pokémon,Basic,dp5,112,21
ecard3-81,Nidoran ♀,Pokémon,Basic,ecard3,198,21
swsh2-23,Appletun,Pokémon,Stage 1,swsh2,340,34
sv7-149,Crabominable,Pokémon,Stage 1,sv7,,7
mcd11-6,Blitzle,Pokémon,Basic,mcd11,116,13
dp2-4,Azelf,Pokémon,Basic,dp2,232,34
swsh12-58,Regieleki VMAX,Pokémon,VMAX,swsh12,275,25
bw4-66,Hippowdon,Pokémon,Stage 1,bw4,292,29
sv3-136,Darkrai,Pokémon,Basic,sv3,352,2
xyp-XY106,Gyarados-EX,Pokémon,"Basic,EX",xyp,297,38
sv2-116,Rockruff,Pokémon,Basic,sv2,131,21
swsh7-17,Applin,Pokémon,Basic,swsh7,189,21
bw6-26,Wailord,Pokémon,Stage 1,bw6,167,34
dp5-30,Torterra,Pokémon,Stage 2,dp5,335,2
ex13-27,Regice,Pokémon,Basic,ex13,116,2
swsh4-197,Opal,Trainer,Supporter,swsh4,292,20
ex8-51,Weezing,Pokémon,Stage 1,ex8,294,29
ex9-51,Gulpin,Pokémon,Basic,ex9,191,21
col1-66,Phanpy,Pokémon,Basic,col1,116,21
dp1-69,Azurill,Pokémon,Basic,dp1,116,21
xy4-54,Mightyena,Pokémon,Stage 1,xy4,351,2
basep-15,Cool Porygon,Pokémon,Basic,basep,69,38
sv8pt5-87,Shaymin,Pokémon,Basic,sv8pt5,,29
sma-SV8,Alolan Vulpix,Pokémon,Basic,sma,112,9
dp7-103,Charizard,Pokémon,Stage 2,dp7,108,27
swsh10-54,Hisuian Typhlosion VSTAR,Pokémon,VSTAR,swsh10,76,24
gym2-41,Erika's Ivysaur,Pokémon,Stage 1,gym2,116,29
xy4-88,Diggersby,Pokémon,Stage 1,xy4,167,2
ecard2-44,Zapdos,Pokémon,Basic,ecard2,163,2
dp2-69,Abra,Pokémon,Basic,dp2,116,21
ex10-62,Mareep,Pokémon,Basic,ex10,271,21
swsh5-84,Stonjourner,Pokémon,"Basic,Single Strike",swsh5,117,2
sv6pt5-19,Dusclops,Pokémon,Stage 1,sv6pt5,,21
swsh2-88,Indeedee,Pokémon,Basic,swsh2,71,29
xy1-44,Voltorb,Pokémon,Basic,xy1,191,21
sm11-151,Dragonite,Pokémon,Stage 2,sm11,6,2
sv2-11,Abomasnow,Pokémon,Stage 1,sv2,66,2
swsh8-17,Trevenant,Pokémon,Stage 1,swsh8,304,29
sv4-210,Aegislash,Pokémon,Stage 2,sv4,279,7
xy10-110,Scorched Earth,Trainer,Stadium,xy10,232,29
ecard3-20,Magneton,Pokémon,Stage 1,ecard3,112,2
xy2-42,Espurr,Pokémon,Basic,xy2,76,21
hgss1-5,Hitmontop,Pokémon,Basic,hgss1,116,34
sv1-135,Maschiff,Pokémon,Basic,sv1,91,21
xy11-102,Greedy Dice,Trainer,Item,xy11,334,29
swshp-SWSH217,Morpeko V-UNION,Pokémon,V-UNION,swshp,108,38
smp-SM219,Entei,Pokémon,Basic,smp,66,38
swsh45sv-SV115,Falinks V,Pokémon,"Basic,V",swsh45sv,207,16
sma-SV60,Espeon-GX,Pokémon,"Stage 1,GX",sma,76,35
swsh11-194,Miss Fortune Sisters,Trainer,Supporter,swsh11,269,28
swsh3-182,Crobat V,Pokémon,"Basic,V",swsh3,336,28
sv2-38,Charcadet,Pokémon,Basic,sv2,356,21
xy9-78,Mawile,Pokémon,Basic,xy9,112,29
dp6-120,Sneasel,Pokémon,Basic,dp6,198,21
ex11-24,Mightyena δ,Pokémon,Stage 1,ex11,163,2
sv10-226,Team Rocket's Petrel,Trainer,Supporter,sv10,376,32
ex6-55,Bulbasaur,Pokémon,Basic,ex6,163,21
swsh12-87,Dreepy,Pokémon,Basic,swsh12,17,21
swsh7-186,Medicham V,Pokémon,"Basic,V,Rapid Strike",swsh7,88,28
dp6-91,Dratini,Pokémon,Basic,dp6,116,21
sm9-134,Black Market ◇,Trainer,"Stadium,Prism Star",sm9,76,18
swsh1-78,Morpeko,Pokémon,Basic,swsh1,184,2
base5-33,Dark Dragonair,Pokémon,Stage 1,base5,162,29
svp-126,Palafin ex,Pokémon,"Stage 1,ex",svp,336,38
bw3-37,Emolga,Pokémon,Basic,bw3,292,29
sm4-107,Alolan Exeggutor-GX,Pokémon,"Stage 1,GX",sm4,76,28
swsh8-241,Sidney,Trainer,Supporter,swsh8,37,29
swsh12pt5gg-GG54,Zamazenta V,Pokémon,"Basic,V",swsh12pt5gg,287,16
xy10-55,Umbreon-EX,Pokémon,"Basic,EX",xy10,281,33
swsh1-192,Indeedee V,Pokémon,"Basic,V",swsh1,76,28
ex12-5,Gengar,Pokémon,Stage 2,ex12,112,34
g1-RC8,Froslass,Pokémon,Stage 1,g1,317,29
swsh5-106,Doublade,Pokémon,Stage 1,swsh5,189,29
mcd21-14,Fennekin,Pokémon,Basic,mcd21,76,13
gym1-130,Lightning Energy,Energy,Basic,gym1,307,13
sv3pt5-13,Weedle,Pokémon,Basic,sv3pt5,122,21
swsh10-107,Magnezone,Pokémon,Stage 2,swsh10,376,34
sm12-242,Magnemite,Pokémon,Basic,sm12,328,27
sm2-63,Machop,Pokémon,Basic,sm2,117,21
dp2-23,Crobat,Pokémon,Stage 2,dp2,117,2
xy3-103,Herbal Energy,Energy,Special,xy3,76,29
bw9-40,Nidoran ♀,Pokémon,Basic,bw9,308,21
sv9-98,N's Zoroark ex,Pokémon,"Stage 1,ex",sv9,356,14
xy1-80,Skarmory-EX,Pokémon,"Basic,EX",xy1,297,33
bw6-74,Houndour,Pokémon,Basic,bw6,340,21
col1-50,Riolu,Pokémon,Basic,col1,202,29
ex11-90,Great Ball,Trainer,Item,ex11,240,29
hgss3-80,Metal Energy,Energy,Special,hgss3,79,29
sv8-153,Braviary,Pokémon,Stage 1,sv8,,29
neo1-17,Typhlosion,Pokémon,Stage 2,neo1,257,34
swsh1-54,Sobble,Pokémon,Basic,swsh1,184,21
ecard3-14,Kabutops,Pokémon,Stage 2,ecard3,112,2
ecard2-H13,Jumpluff,Pokémon,Stage 2,ecard2,43,34
base2-61,Rhyhorn,Pokémon,Basic,base2,108,21
bwp-BW82,Deoxys-EX,Pokémon,"Basic,EX,Team Plasma",bwp,297,38
me2-48,Paldean Tauros,Pokémon,Basic,me2,224,29
ex16-20,Omastar,Pokémon,Stage 2,ex16,116,2
sv3-73,Pawmot ex,Pokémon,"Stage 2,ex",sv3,207,14
sv4-7,Crustle,Pokémon,Stage 1,sv4,317,21
dp2-31,Nidoqueen,Pokémon,Stage 2,dp2,162,2
ex11-42,Dragonair δ,Pokémon,Stage 1,ex11,108,29
bw9-22,Quagsire,Pokémon,Stage 1,bw9,191,2
swsh7-102,Zorua,Pokémon,Basic,swsh7,242,21
sv4pt5-76,Artazon,Trainer,Stadium,sv4pt5,145,29
swsh8-52,Staryu,Pokémon,"Basic,Rapid Strike",swsh8,223,21
bw9-66,Weavile,Pokémon,"Stage 1,Team Plasma",bw9,76,2
bw11-28,Reshiram,Pokémon,Basic,bw11,308,34
swsh45-33,Luxray,Pokémon,Stage 2,swsh45,264,34
sv10-173,Team Rocket's Factory,Trainer,Stadium,sv10,29,29
ex6-45,Pidgeotto,Pokémon,Stage 1,ex6,198,29
base5-41,Dark Muk,Pokémon,Stage 1,base5,162,29
sv5-55,Charjabug,Pokémon,Stage 1,sv5,6,21
sv7-172,Lacey,Trainer,Supporter,sv7,,5
sm9-138,Dangerous Drill,Trainer,Item,sm9,334,29
sm35-65,Sophocles,Trainer,Supporter,sm35,116,29
bw2-60,Sandile,Pokémon,Basic,bw2,162,21
zsv10pt5-15,Larvesta,Pokémon,Basic,zsv10pt5,310,21
swsh10-10,Kricketune,Pokémon,Stage 1,swsh10,108,29
dp4-46,Marshtomp,Pokémon,Stage 1,dp4,125,29
sv8pt5-155,Espeon ex,Pokémon,"Stage 1,Tera,ex",sv8pt5,,5
ex6-110,Mr. Mime ex,Pokémon,"Basic,ex",ex6,232,33
xy1-69,Sandile,Pokémon,Basic,xy1,125,21
sv7-64,Milcery,Pokémon,Basic,sv7,,21
ecard3-2,Alakazam,Pokémon,Stage 2,ecard3,259,2
xy3-27,Pikachu,Pokémon,Basic,xy3,351,21
sm4-76,Hakamo-o,Pokémon,Stage 1,sm4,117,29
swsh6-95,Weezing,Pokémon,Stage 1,swsh6,66,2
swsh11tg-TG04,Chandelure,Pokémon,Stage 2,swsh11tg,24,37
dp4-10,Tangrowth,Pokémon,Stage 1,dp4,79,34
swsh9-47,Electivire,Pokémon,Stage 1,swsh9,305,2
sv3pt5-165,Rigid Band,Trainer,Pokémon Tool,sv3pt5,334,29
bw7-4,Bellossom,Pokémon,Stage 2,bw7,71,2
bw11-RC5,Torchic,Pokémon,Basic,bw11,194,21
swsh12pt5-41,Luxio,Pokémon,"Stage 1,Rapid Strike",swsh12pt5,322,29
sv4-248,Iron Hands ex,Pokémon,"Basic,ex,Future",sv4,286,5
ex11-5,Flareon δ,Pokémon,Stage 1,ex11,112,34
sv4pt5-208,Oinkologne,Pokémon,Stage 1,sv4pt5,6,31
det1-1,Bulbasaur,Pokémon,Basic,det1,213,21
sv8pt5-83,Buneary,Pokémon,Basic,sv8pt5,,21
ex2-40,Kirlia,Pokémon,Stage 1,ex2,163,29
sv8-167,Clemont's Quick Wit,Trainer,Supporter,sv8,,29
swsh8-180,Galarian Meowth,Pokémon,Basic,swsh8,131,21
xy12-112,Imakuni?'s Doduo,Pokémon,Basic,xy12,330,27
ex10-54,Cyndaquil,Pokémon,Basic,ex10,163,21
swsh8-104,Boltund VMAX,Pokémon,VMAX,swsh8,70,25
sv8-118,Zweilous,Pokémon,Stage 1,sv8,,21
sv4pt5-200,Dodrio,Pokémon,Stage 1,sv4pt5,214,31
sv4pt5-110,Charmeleon,Pokémon,Stage 1,sv4pt5,112,31
ex15-73,Copycat,Trainer,Supporter,ex15,116,29
sm10-53,Pyukumuku,Pokémon,Basic,sm10,165,29
sv1-41,Armarouge,Pokémon,Stage 1,sv1,305,2
me1-116,Fighting Gong,Trainer,Item,me1,,29
bw8-114,Bouffalant,Pokémon,"Basic,Team Plasma",bw8,76,2
pl1-55,Mismagius,Pokémon,Stage 1,pl1,162,29
bw2-58,Throh,Pokémon,Basic,bw2,167,29
sm11-38,Froslass,Pokémon,Stage 1,sm11,71,34
swsh12-145,Lopunny,Pokémon,Stage 1,swsh12,66,29
base3-57,Zubat,Pokémon,Basic,base3,162,21
sv9-112,Bagon,Pokémon,Basic,sv9,189,21
dp6-51,Castform Sunny Form,Pokémon,Basic,dp6,14,29
swsh4-47,Jolteon,Pokémon,Stage 1,swsh4,71,2
xyp-XY57,Fearow,Pokémon,Stage 1,xyp,167,38
sv6-206,Kieran,Trainer,Supporter,sv6,94,32
swsh1-36,Cinderace,Pokémon,Stage 2,swsh1,317,2
sv6-185,Applin,Pokémon,Basic,sv6,138,7
sv9-187,Salamence ex,Pokémon,"Stage 2,ex",sv9,166,5
sv4pt5-170,Primeape,Pokémon,Stage 1,sv4pt5,104,31
swsh5-65,Orbeetle,Pokémon,Stage 2,swsh5,71,34
pl1-111,Miasma Valley,Trainer,Stadium,pl1,232,29
ex3-86,Low Pressure System,Trainer,Stadium,ex3,176,29
swsh4-39,Drednaw,Pokémon,Stage 1,swsh4,256,2
dp1-58,Prinplup,Pokémon,Stage 1,dp1,116,29
dp4-71,Illumise,Pokémon,Basic,dp4,116,21
sm9-73,Hitmonlee,Pokémon,Basic,sm9,17,29
neo1-34,Flaaffy,Pokémon,Stage 1,neo1,116,29
svp-71,Maschiff,Pokémon,Basic,svp,162,38
sv5-176,Arbok,Pokémon,Stage 1,sv5,371,7
dp5-49,Unown [Q],Pokémon,Basic,dp5,79,29
ex15-67,Totodile δ,Pokémon,Basic,ex15,294,21
dp3-9,Gastrodon West Sea,Pokémon,Stage 1,dp3,205,34
bw10-48,Machoke,Pokémon,Stage 1,bw10,167,29
swsh1-93,Dugtrio,Pokémon,Stage 1,swsh1,271,29
ex8-48,Starmie,Pokémon,Stage 1,ex8,293,29
xy10-74,Meowth,Pokémon,Basic,xy10,90,21
sm75-71,Reshiram-GX,Pokémon,"Basic,GX",sm75,72,20
swsh12pt5-120,Greedent V,Pokémon,"Basic,V",swsh12pt5,115,16
bw1-20,Emboar,Pokémon,Stage 2,bw1,76,34
bw4-3,Kricketot,Pokémon,Basic,bw4,267,21
me2-78,Aipom,Pokémon,Basic,me2,323,21
dp2-84,Geodude,Pokémon,Basic,dp2,116,21
ex7-23,Ledian,Pokémon,Stage 1,ex7,162,2
sv5-94,Carkol,Pokémon,Stage 1,sv5,277,21
hgss4-91,Absol,Pokémon,"Basic,Prime",hgss4,299,23
sv1-238,Miriam,Trainer,Supporter,sv1,351,32
smp-SM130,Manectric,Pokémon,Stage 1,smp,196,38
dc1-14,Team Magma's Aggron,Pokémon,Stage 2,dc1,142,34
bw9-63,Hariyama,Pokémon,Stage 1,bw9,112,2
hgss4-94,Gengar,Pokémon,"Stage 2,Prime",hgss4,202,23
ex5-76,Surskit,Pokémon,Basic,ex5,286,21
col1-38,Weezing,Pokémon,Stage 1,col1,163,2
sm115-57,Giovanni's Exile,Trainer,Supporter,sm115,184,29
ex11-1,Beedrill δ,Pokémon,Stage 2,ex11,117,34
zsv10pt5-140,Klang,Pokémon,Stage 1,zsv10pt5,126,7
ex10-3,Bellossom,Pokémon,Stage 2,ex10,112,34
sm8-131,Magearna,Pokémon,Basic,sm8,117,29
swsh8-238,Schoolboy,Trainer,Supporter,swsh8,215,29
bw2-91,Cheren,Trainer,Supporter,bw2,171,29
fut20-2,Eevee on the Ball,Pokémon,Basic,fut20,114,13
sv7-118,Fan Rotom,Pokémon,Basic,sv7,,21
sv3-108,Barboach,Pokémon,Basic,sv3,104,21
ex13-92,Mysterious Fossil,Trainer,Item,ex13,232,21
np-38,Groudon ex,Pokémon,"Basic,EX",np,232,38
swsh7-208,Glaceon VMAX,Pokémon,VMAX,swsh7,70,20
bw11-98,Zweilous,Pokémon,Stage 1,bw11,293,29
xy6-56,Shelgon,Pokémon,Stage 1,xy6,254,29
sv10-88,Team Rocket's Dottler,Pokémon,Stage 1,sv10,104,21
xy9-85,Aromatisse,Pokémon,Stage 1,xy9,215,29
xy6-58,Latios-EX,Pokémon,"Basic,EX",xy6,281,33
rsv10pt5-78,Tornadus,Pokémon,Basic,rsv10pt5,82,2
zsv10pt5-96,Amoonguss,Pokémon,Stage 1,zsv10pt5,371,7
basep-23,Zapdos,Pokémon,Basic,basep,286,38
g1-52,Mr. Mime,Pokémon,Basic,g1,215,29
xy12-73,Blastoise Spirit Link,Trainer,Pokémon Tool,xy12,76,29
me1-127,Risky Ruins,Trainer,Stadium,me1,,29
base5-48,Porygon,Pokémon,Basic,base5,307,29
sv4pt5-120,Paldean Tauros,Pokémon,Basic,sv4pt5,376,31
sv3pt5-180,Omanyte,Pokémon,Stage 1,sv3pt5,369,7
ecard3-H12,Jolteon,Pokémon,Stage 1,ecard3,136,34
sv4-61,Minun,Pokémon,Basic,sv4,304,21
sv10-127,Team Rocket's Murkrow,Pokémon,Basic,sv10,109,29
sv4-8,Bounsweet,Pokémon,Basic,sv4,112,21
sm11-232,Channeler,Trainer,Supporter,sm11,142,28
swsh9-52,Pachirisu,Pokémon,Basic,swsh9,12,29
dp4-11,Togekiss,Pokémon,Stage 2,dp4,79,34
sv6-49,Feebas,Pokémon,Basic,sv6,104,21
sm10-115,Krokorok,Pokémon,Stage 1,sm10,172,29
base1-77,Pokémon Trader,Trainer,,base1,116,2
xy8-8,Chespin,Pokémon,Basic,xy8,184,21
sm12-261,Mega Lopunny & Jigglypuff-GX,Pokémon,"Basic,TAG TEAM,GX",sm12,207,20
swshp-SWSH247,Regigigas,Pokémon,Basic,swshp,376,38
me1-96,Tinkatink,Pokémon,Basic,me1,,21
pl1-26,Empoleon,Pokémon,Stage 2,pl1,108,2
swsh4-11,Nuzleaf,Pokémon,Stage 1,swsh4,143,29
swshp-SWSH167,Professor Burnet,Trainer,Supporter,swshp,66,38
sv8pt5-173,Janine's Secret Art,Trainer,Supporter,sv8pt5,,5
sv4pt5-98,Jumpluff,Pokémon,Stage 2,sv4pt5,14,31
ex2-45,Lombre,Pokémon,Stage 1,ex2,17,29
bw5-50,Woobat,Pokémon,Basic,bw5,162,21
ecard3-36,Electrode,Pokémon,Stage 1,ecard3,125,29
sm9-196,Pokémon Communication,Trainer,Item,sm9,281,27
zsv10pt5-156,Serperior ex,Pokémon,"Stage 2,ex",zsv10pt5,275,32
ex16-78,Master Ball,Trainer,Item,ex16,307,29
xy5-141,Teammates,Trainer,Supporter,xy5,184,29
dp7-SH1,Drifloon,Pokémon,Basic,dp7,191,2
col1-39,Zangoose,Pokémon,Basic,col1,374,2
sv10-70,Team Rocket's Zapdos,Pokémon,Basic,sv10,208,2
xy3-106,Seismitoad-EX,Pokémon,"Basic,EX",xy3,232,28
me2-96,Nymble,Pokémon,Basic,me2,155,7
swsh35-49,Altaria,Pokémon,Stage 1,swsh35,256,34
hgss4-93,Electrode,Pokémon,"Stage 1,Prime",hgss4,299,23
sv8pt5-67,Bronzong,Pokémon,Stage 1,sv8pt5,,29
sv7-69,Espathra,Pokémon,Stage 1,sv7,,21
zsv10pt5-111,Cryogonal,Pokémon,Basic,zsv10pt5,118,7
bw1-108,Lightning Energy,Energy,Basic,bw1,,21
sm11-246,Mawile-GX,Pokémon,"Basic,GX",sm11,227,20
col1-58,Hitmonlee,Pokémon,Basic,col1,112,21
swsh9-152,Shaymin V,Pokémon,"Basic,V",swsh9,297,28
xy9-43,Electivire,Pokémon,Stage 1,xy9,317,29
sv10-188,Hydrapple,Pokémon,Stage 2,sv10,245,7
svp-121,Revavroom,Pokémon,Stage 1,svp,82,38
sm11-110,Medicham,Pokémon,Stage 1,sm11,90,2
swsh1-64,Frosmoth,Pokémon,Stage 1,swsh1,162,34
base3-30,Zapdos,Pokémon,Basic,base3,108,2
xy0-32,Furfrou,Pokémon,Basic,xy0,76,13
ex16-88,Metal Energy,Energy,Special,ex16,364,2
sv3pt5-84,Doduo,Pokémon,Basic,sv3pt5,277,21
sv8-47,Cryogonal,Pokémon,Basic,sv8,,21
sv3pt5-39,Jigglypuff,Pokémon,Basic,sv3pt5,47,21
swsh8-147,Drilbur,Pokémon,Basic,swsh8,223,21
hgss2-45,Buizel,Pokémon,Basic,hgss2,117,21
hgss4-4,Drapion,Pokémon,Stage 1,hgss4,125,34
sv8pt5-10,Dipplin,Pokémon,Stage 1,sv8pt5,,29
ex8-15,Slaking,Pokémon,Stage 2,ex8,108,34
bwp-BW01,Snivy,Pokémon,Basic,bwp,116,38
hgss1-ONE,Alph Lithograph,Trainer,Item,hgss1,364,27
bw5-51,Yamask,Pokémon,Basic,bw5,308,29
me1-181,Mega Latias ex,Pokémon,"Basic,MEGA,ex",me1,,5
sv3pt5-16,Pidgey,Pokémon,Basic,sv3pt5,145,21
ex9-60,Pikachu,Pokémon,Basic,ex9,117,21
ex2-1,Armaldo,Pokémon,Stage 2,ex2,108,34
swsh12pt5-76,Absol,Pokémon,Basic,swsh12pt5,251,34
swsh7-196,Noivern V,Pokémon,"Basic,V",swsh7,108,28
hgss4-58,Bronzor,Pokémon,Basic,hgss4,43,21
sv8pt5-160,Cornerstone Mask Ogerpon ex,Pokémon,"Basic,Tera,ex",sv8pt5,,5
svp-2,Fuecoco,Pokémon,Basic,svp,66,38
base6-3,Charizard,Pokémon,Stage 2,base6,108,34
sv3pt5-75,Graveler,Pokémon,Stage 1,sv3pt5,146,29
xy4-12,Pyroar,Pokémon,Stage 1,xy4,292,34
base2-53,Goldeen,Pokémon,Basic,base2,162,21
xy6-55,Bagon,Pokémon,Basic,xy6,215,21
sv4-90,Onix,Pokémon,Basic,sv4,251,21
hgss2-34,Minun,Pokémon,Basic,hgss2,112,29
ex7-27,Qwilfish,Pokémon,Basic,ex7,308,2
me2-49,Gligar,Pokémon,Basic,me2,342,21
xy10-13,Delphox,Pokémon,Stage 2,xy10,162,34
xy12-29,Dewgong,Pokémon,Stage 1,xy12,108,2
sv10-101,Regirock ex,Pokémon,"Basic,ex",sv10,82,14
swshp-SWSH197,Glaceon VSTAR,Pokémon,VSTAR,swshp,76,38
sm7-5,Spinarak,Pokémon,Basic,sm7,34,21
sv3-207,Pidgey,Pokémon,Basic,sv3,245,7
swsh1-118,Galarian Linoone,Pokémon,Stage 1,swsh1,214,29
swsh3-20,Charizard VMAX,Pokémon,VMAX,swsh3,207,25
xy6-82,Fletchling,Pokémon,Basic,xy6,194,21
sv10-40,Torchic,Pokémon,Basic,sv10,98,21
g1-39,Dugtrio,Pokémon,Stage 1,g1,334,2
xy12-49,Drowzee,Pokémon,Basic,xy12,116,21
me1-7,Tangrowth,Pokémon,Stage 1,me1,,29
neo4-64,Exeggcute,Pokémon,Basic,neo4,286,21
sm12-267,Lillie's Poké Doll,Trainer,Item,sm12,296,27
ex10-96,Darkness Energy,Energy,Special,ex10,364,2
swsh1-195,Zacian V,Pokémon,"Basic,V",swsh1,76,28
ex14-12,Tauros,Pokémon,Basic,ex14,163,34
rsv10pt5-98,Emboar,Pokémon,Stage 2,rsv10pt5,81,7
svp-8,Revavroom,Pokémon,Stage 1,svp,260,38
sv3pt5-7,Squirtle,Pokémon,Basic,sv3pt5,91,21
sv6-155,Lana's Aid,Trainer,Supporter,sv6,233,29
sv1-87,Shuppet,Pokémon,Basic,sv1,245,21
bw4-6,Pansage,Pokémon,Basic,bw4,184,21
swsh12pt5-63,Dusclops,Pokémon,Stage 1,swsh12pt5,260,29
sv4-35,Feebas,Pokémon,Basic,sv4,63,21
me1-24,Pyroar,Pokémon,Stage 1,me1,,29
xy11-4,Skiploom,Pokémon,Stage 1,xy11,377,29
sv10-160,Squawkabilly,Pokémon,Basic,sv10,144,21
sv3pt5-189,Golem ex,Pokémon,"Stage 2,ex",sv3pt5,72,32
sv10-52,Cynthia's Feebas,Pokémon,Basic,sv10,85,21
sv4-116,Trubbish,Pokémon,Basic,sv4,189,21
sv9-65,Oricorio,Pokémon,Basic,sv9,7,21
base5-19,Dark Arbok,Pokémon,Stage 1,base5,108,2
dp3-21,Absol,Pokémon,Basic,dp3,116,2
swshp-SWSH110,Crobat V,Pokémon,"Basic,V",swshp,336,38
bw5-3,Venusaur,Pokémon,Stage 2,bw5,117,34
me1-134,Ivysaur,Pokémon,Stage 1,me1,,7
xy2-7,Shiftry,Pokémon,Stage 2,xy2,112,34
gym1-40,Brock's Graveler,Pokémon,Stage 1,gym1,116,29
swsh5-183,Single Strike Energy,Energy,"Special,Single Strike",swsh5,,27
bw10-26,Abomasnow,Pokémon,Stage 1,bw10,73,29
sv1-96,Klefki,Pokémon,Basic,sv1,376,2
me1-183,Acerola's Mischief,Trainer,Supporter,me1,,5
swsh7-178,Dracozolt V,Pokémon,"Basic,V",swsh7,336,28
swsh1-116,Stonjourner VMAX,Pokémon,VMAX,swsh1,76,25
sv1-85,Kirlia,Pokémon,Stage 1,sv1,73,21
smp-SM162,Pikachu,Pokémon,Basic,smp,332,38
sm7-83,Minior,Pokémon,Basic,sm7,254,29
xy3-56,Mienfoo,Pokémon,Basic,xy3,90,21
g1-49,Rhyhorn,Pokémon,Basic,g1,198,21
sv9-131,Skwovet,Pokémon,Basic,sv9,129,21
sm4-20,Piloswine,Pokémon,Stage 1,sm4,112,29
swsh11tg-TG03,Charizard,Pokémon,Stage 2,swsh11tg,94,37
sm12-264,Great Catcher,Trainer,Item,sm12,296,27
pop4-5,Sceptile,Pokémon,Stage 2,pop4,191,2
sv1-40,Charcadet,Pokémon,Basic,sv1,214,21
g1-35,Gengar,Pokémon,Stage 2,g1,332,34
dp4-3,Darkrai,Pokémon,Basic,dp4,117,34
sv8pt5-31,Iron Hands ex,Pokémon,"Basic,ex,Future",sv8pt5,,14
sv5-21,Brambleghast,Pokémon,Stage 1,sv5,143,2
swsh4-114,Forretress,Pokémon,Stage 1,swsh4,191,2
sv10-218,Arven's Mabosstiff ex,Pokémon,"Stage 1,ex",sv10,72,32
ex10-74,Snubbull,Pokémon,Basic,ex10,198,21
sv9-69,Mimikyu ex,Pokémon,"Basic,ex",sv9,72,14
ex7-1,Azumarill,Pokémon,Stage 1,ex7,125,34
sm10-116,Krookodile,Pokémon,Stage 2,sm10,277,2
g1-4,Metapod,Pokémon,Stage 1,g1,73,29
swsh9-126,Tornadus,Pokémon,Basic,swsh9,90,2
dp5-1,Articuno,Pokémon,Basic,dp5,117,34
sv9-164,Lillie's Ribombee,Pokémon,Stage 1,sv9,47,7
bw3-100,Cobalion,Pokémon,Basic,bw3,76,28
bw1-59,Timburr,Pokémon,Basic,bw1,117,21
swsh8-76,Crabominable V,Pokémon,"Basic,V",swsh8,41,16
sm11-198,Great Potion,Trainer,Item,sm11,355,29
swsh7-163,Toy Catcher,Trainer,Item,swsh7,60,29
sv10-45,Misty's Psyduck,Pokémon,Basic,sv10,55,29
xy2-61,Durant,Pokémon,Basic,xy2,198,2
sma-SV93,Tapu Koko-GX,Pokémon,"Basic,GX",sma,76,27
rsv10pt5-122,Yamask,Pokémon,Basic,rsv10pt5,28,7
sm12-6,Tangrowth,Pokémon,Stage 1,sm12,214,29
sv8-109,Excadrill,Pokémon,Stage 1,sv8,,21
xy9-13,Camerupt,Pokémon,Stage 1,xy9,90,2
sm12-189,Cynthia & Caitlin,Trainer,"Supporter,TAG TEAM",sm12,57,29
sm2-84,Metang,Pokémon,Stage 1,sm2,162,29
swsh12-82,Meowstic,Pokémon,Stage 1,swsh12,256,29
swsh1-120,Sableye V,Pokémon,"Basic,V",swsh1,297,16
xy1-50,Grumpig,Pokémon,Stage 1,xy1,254,2
ex1-35,Kirlia,Pokémon,Stage 1,ex1,191,29
swsh10-181,Adaman,Trainer,Supporter,swsh10,224,28
sv7-44,Drednaw,Pokémon,Stage 1,sv7,,2
sm75-11,Reshiram-GX,Pokémon,"Basic,GX",sm75,218,10
sv6-10,Illumise,Pokémon,Basic,sv6,197,21
sm3-105,Porygon-Z,Pokémon,Stage 2,sm3,267,34
sm8-202,Sigilyph-GX,Pokémon,"Basic,GX",sm8,72,28
swsh6-24,Volcarona,Pokémon,Stage 1,swsh6,64,2
swsh6-49,Ampharos,Pokémon,Stage 2,swsh6,184,2
swsh10-26,Heatran VMAX,Pokémon,VMAX,swsh10,275,25
sm12-269,Power Plant,Trainer,Stadium,sm12,207,27
sm115-16,Gyarados-GX,Pokémon,"Stage 1,GX",sm115,76,10
swsh12pt5gg-GG46,Deoxys VSTAR,Pokémon,VSTAR,swsh12pt5gg,260,24
sv9-105,N's Klinklang,Pokémon,Stage 2,sv9,210,29
swsh10-126,Miltank,Pokémon,Basic,swsh10,47,34
swsh8-108,Toxtricity,Pokémon,"Stage 1,Fusion Strike",swsh8,214,34
xy4-52,Honchkrow,Pokémon,Stage 1,xy4,163,2
neo4-12,Light Arcanine,Pokémon,Stage 1,neo4,191,34
dp5-29,Scizor,Pokémon,Stage 1,dp5,335,2
pop3-10,High Pressure System,Trainer,Stadium,pop3,347,29
sv4pt5-158,Spiritomb,Pokémon,Basic,sv4pt5,267,31
ex7-64,Ledyba,Pokémon,Basic,ex7,162,21
sm5-96,Gible,Pokémon,Basic,sm5,271,21
swsh10-188,Roxanne,Trainer,Supporter,swsh10,351,28
swsh2-32,Lampent,Pokémon,Stage 1,swsh2,271,29
bw6-23,Magikarp,Pokémon,Basic,bw6,71,21
zsv10pt5-94,Karrablast,Pokémon,Basic,zsv10pt5,17,7
sm9-172,Brock's Grit,Trainer,Supporter,sm9,292,28
xy6-59,M Latios-EX,Pokémon,"MEGA,EX",xy6,76,33
swshp-SWSH037,Hydreigon,Pokémon,Stage 2,swshp,256,38
sm75-41,Altaria-GX,Pokémon,"Stage 1,GX",sm75,76,10
bw9-57,Cofagrigus,Pokémon,"Stage 1,Team Plasma",bw9,76,2
smp-SM131,Celesteela,Pokémon,"Basic,Ultra Beast",smp,117,38
sv3-211,Tyranitar ex,Pokémon,"Stage 2,ex,Tera",sv3,76,32
pl3-35,Milotic C,Pokémon,"Basic,SP",pl3,73,2
dp4-106,Palkia LV.X,Pokémon,Level-Up,dp4,232,3
zsv10pt5-16,Volcarona,Pokémon,Stage 1,zsv10pt5,310,2
me1-155,Mega Venusaur ex,Pokémon,"Stage 2,MEGA,ex",me1,,32
swsh45-39,Indeedee V,Pokémon,"Basic,V",swsh45,76,16
sm12-205,Roxie,Trainer,Supporter,sm12,171,29
bw7-94,Scizor,Pokémon,Stage 1,bw7,36,34
neo4-48,Light Jolteon,Pokémon,Stage 1,neo4,284,29
ex15-12,Typhlosion δ,Pokémon,Stage 2,ex15,294,34
bw9-1,Weedle,Pokémon,Basic,bw9,125,21
swsh45sv-SV008,Dottler,Pokémon,Stage 1,swsh45sv,223,9
sv10-65,Cetitan ex,Pokémon,"Stage 1,ex",sv10,73,14
sv5-195,Scizor ex,Pokémon,"Stage 1,ex",sv5,297,32
sv9-188,Iono's Bellibolt ex,Pokémon,"Stage 1,ex",sv9,76,1
sm10-230,Electromagnetic Radar,Trainer,Item,sm10,355,27
base4-121,Poké Ball,Trainer,,base4,307,21
mcd11-9,Zorua,Pokémon,Basic,mcd11,116,13
sv6-182,Probopass,Pokémon,Stage 1,sv6,106,7
np-8,Torchic,Pokémon,Basic,np,191,38
sv3-100,Greavard,Pokémon,Basic,sv3,187,21
sv3pt5-105,Marowak,Pokémon,Stage 1,sv3pt5,266,2
rsv10pt5-42,Gothorita,Pokémon,Stage 1,rsv10pt5,169,21
xy2-91,Magnetic Storm,Trainer,Stadium,xy2,232,29
swsh5-173,Cheryl,Trainer,Supporter,swsh5,55,20
swsh6-131,Brawly,Trainer,"Supporter,Rapid Strike",swsh6,184,29
ecard2-H21,Scizor,Pokémon,Stage 1,ecard2,294,34
xy8-61,Mewtwo-EX,Pokémon,"Basic,EX",xy8,216,33
sm6-50,Inkay,Pokémon,Basic,sm6,129,21
ex1-67,Ralts,Pokémon,Basic,ex1,191,21
xyp-XY56,Blissey,Pokémon,Stage 1,xyp,340,38
swsh8-10,Swadloon,Pokémon,Stage 1,swsh8,131,29
sv4-224,Cofagrigus ex,Pokémon,"Stage 1,ex",sv4,297,32
xy2-59,Scrafty,Pokémon,Stage 1,xy2,75,2
pl2-51,Steelix GL,Pokémon,"Basic,SP",pl2,163,29
swsh1-56,Drizzile,Pokémon,Stage 1,swsh1,292,29
swsh7-171,Gyarados V,Pokémon,"Basic,V",swsh7,70,28
base1-59,Poliwag,Pokémon,Basic,base1,116,21
swsh12pt5gg-GG50,Darkrai VSTAR,Pokémon,VSTAR,swsh12pt5gg,187,24
sm2-111,Talonflame,Pokémon,Stage 2,sm2,317,2
sv1-146,Zangoose,Pokémon,Basic,sv1,128,21
sv1-215,Riolu,Pokémon,Basic,sv1,300,7
swsh9tg-TG16,Mimikyu V,Pokémon,"Basic,V",swsh9tg,47,16
swsh45sv-SV105,Rillaboom V,Pokémon,"Basic,V",swsh45sv,76,16
swshp-SWSH170,Deoxys,Pokémon,"Basic,Fusion Strike,Single Strike,Rapid Strike",swshp,224,38
hgss3-25,Weavile,Pokémon,Stage 1,hgss3,308,2
ecard3-84,Pikachu,Pokémon,Basic,ecard3,43,21
bw6-48,Shedinja,Pokémon,Stage 1,bw6,117,2
sm10-30,Salandit,Pokémon,Basic,sm10,171,21
ecard3-128,Lure Ball,Trainer,,ecard3,92,29
pop6-9,Pikachu,Pokémon,Basic,pop6,162,29
sma-SV29,Magnezone,Pokémon,Stage 2,sma,6,9
xy0-16,Poochyena,Pokémon,Basic,xy0,71,13
neo2-30,Smeargle,Pokémon,Basic,neo2,372,2
dp4-23,Latios,Pokémon,Basic,dp4,335,2
sv10-103,Cynthia's Gabite,Pokémon,Stage 1,sv10,256,21
ecard2-12,Exeggutor,Pokémon,Stage 1,ecard2,293,2
sm11-187,Blizzard Town,Trainer,Stadium,sm11,232,29
sv5-193,Gengar ex,Pokémon,"Stage 2,ex",sv5,290,32
swsh10-168,Luxray V,Pokémon,"Basic,V",swsh10,41,28
sm9-71,Mankey,Pokémon,Basic,sm9,340,21
sv4pt5-132,Raichu,Pokémon,Stage 1,sv4pt5,351,31
swsh1-25,Victini V,Pokémon,"Basic,V",swsh1,70,16
swshp-SWSH014,Rillaboom V,Pokémon,"Basic,V",swshp,76,38
pop5-8,Boost Energy,Energy,Special,pop5,176,29
bw4-2,Seedot,Pokémon,Basic,bw4,162,21
sv1-253,Miraidon ex,Pokémon,"Basic,ex",sv1,76,1
gym2-79,Koga's Koffing,Pokémon,Basic,gym2,116,21
dp7-13,Bronzong,Pokémon,Stage 1,dp7,271,2
sm9-170,Latias & Latios-GX,Pokémon,"Basic,TAG TEAM,GX",sm9,351,28
swsh35-57,Milo,Trainer,Supporter,swsh35,236,29
bw4-96,Kyurem-EX,Pokémon,"Basic,EX",bw4,76,28
ex16-39,Shelgon,Pokémon,Stage 1,ex16,198,29
dp1-91,Misdreavus,Pokémon,Basic,dp1,116,21
xy5-37,Ludicolo,Pokémon,Stage 2,xy5,73,2
sm7-156,Mr. Mime-GX,Pokémon,"Basic,GX",sm7,76,28
sv1-138,Bombirdier,Pokémon,Basic,sv1,214,29
sv10-165,Ethan's Adventure,Trainer,Supporter,sv10,238,29
sv8pt5-82,Lugia ex,Pokémon,"Basic,ex",sv8pt5,,14
swsh3-147,Staraptor,Pokémon,Stage 2,swsh3,305,2
sm10-229,Beast Bringer,Trainer,Pokémon Tool,sm10,281,27
sm5-99,Garchomp,Pokémon,Stage 2,sm5,184,2
base1-57,Pidgey,Pokémon,Basic,base1,116,21
ex4-18,Team Aqua's Sharpedo,Pokémon,Stage 1,ex4,92,2
sm1-4,Paras,Pokémon,Basic,sm1,281,21
sv1-65,Magnezone ex,Pokémon,"Stage 2,ex",sv1,357,14
swsh3-180,Vikavolt V,Pokémon,"Basic,V",swsh3,281,28
ecard1-49,Golem,Pokémon,Stage 2,ecard1,308,2
sm35-61,Hau,Trainer,Supporter,sm35,116,29
bw6-119,Ho-Oh-EX,Pokémon,"Basic,EX",bw6,76,28
me1-151,Spearow,Pokémon,Basic,me1,,7
sv8-235,Surfer,Trainer,Supporter,sv8,,32
sv1-114,Lucario,Pokémon,Stage 1,sv1,208,29
bw3-90,Cover Fossil,Trainer,Item,bw3,232,29
ex13-69,Magikarp δ,Pokémon,Basic,ex13,198,21
swsh9-174,Charizard VSTAR,Pokémon,VSTAR,swsh9,76,20
pl4-88,Lucky Egg,Trainer,Pokémon Tool,pl4,22,29
neo4-109,Shining Mewtwo,Pokémon,Basic,neo4,372,36
swsh10-50,Luxray V,Pokémon,"Basic,V",swsh10,305,16
swsh6-216,Karen's Conviction,Trainer,"Supporter,Single Strike",swsh6,37,20
ex9-55,Meditite,Pokémon,Basic,ex9,112,21
sma-SV21,Riolu,Pokémon,Basic,sma,6,9
sm6-52,Skrelp,Pokémon,Basic,sm6,40,21
sv4pt5-224,Wugtrio,Pokémon,Stage 1,sv4pt5,63,7
ex2-77,Seedot,Pokémon,Basic,ex2,116,21
xy5-95,Probopass,Pokémon,Stage 1,xy5,142,2
swsh12pt5-37,Kyogre V,Pokémon,"Basic,V",swsh12pt5,70,16
sv3-76,Tadbulb,Pokémon,Basic,sv3,317,21
rsv10pt5-19,Heatmor,Pokémon,Basic,rsv10pt5,234,29
dp5-50,Aipom,Pokémon,Basic,dp5,17,21
sm10-55,Raichu,Pokémon,Stage 1,sm10,317,2
ex16-84,Claw Fossil,Trainer,Item,ex16,232,21
bw11-97,Deino,Pokémon,Basic,bw11,340,21
sv9-81,Pupitar,Pokémon,Stage 1,sv9,104,21
ex6-18,Arcanine,Pokémon,Stage 1,ex6,116,2
xy0-30,Bunnelby,Pokémon,Basic,xy0,76,13
bw10-2,Masquerain,Pokémon,"Stage 1,Team Plasma",bw10,76,2
dp3-31,Magmortar,Pokémon,Stage 1,dp3,112,2
sv4pt5-217,Gardevoir ex,Pokémon,"Stage 2,ex",sv4pt5,275,8
sma-SV75,Gardevoir-GX,Pokémon,"Stage 2,GX",sma,76,35
base1-23,Arcanine,Pokémon,Stage 1,base1,116,29
pl2-44,Lairon,Pokémon,Stage 1,pl2,293,29
ex2-59,Cyndaquil,Pokémon,Basic,ex2,284,21
neo4-2,Dark Crobat,Pokémon,Stage 2,neo4,252,34
dp5-74,Spearow,Pokémon,Basic,dp5,116,21
pop6-10,Staravia,Pokémon,Stage 1,pop6,117,29
zsv10pt5-87,Snivy,Pokémon,Basic,zsv10pt5,45,7
swsh12-152,Candice,Trainer,Supporter,swsh12,116,29
swsh1-112,Clobbopus,Pokémon,Basic,swsh1,340,21
swsh12pt5gg-GG09,Toxtricity,Pokémon,"Stage 1,Fusion Strike",swsh12pt5gg,300,37
ex14-66,Torchic,Pokémon,Basic,ex14,125,21
xy7-53,Kirlia,Pokémon,Stage 1,xy7,167,29
xy5-24,Magcargo,Pokémon,Stage 1,xy5,162,2
sm1-128,Professor Kukui,Trainer,Supporter,sm1,116,29
sv6pt5-95,Pecharunt ex,Pokémon,"Basic,ex",sv6pt5,,1
sv9-97,N's Zorua,Pokémon,Basic,sv9,211,21
sv5-71,Duosion,Pokémon,Stage 1,sv5,33,21
swsh4-161,Wyndon Stadium,Trainer,Stadium,swsh4,76,29
swsh2-192,Sonia,Trainer,Supporter,swsh2,292,28
ex9-82,Professor Birch,Trainer,Supporter,ex9,116,29
dp7-87,Marley's Request,Trainer,Supporter,dp7,116,29
ex9-56,Mudkip,Pokémon,Basic,ex9,191,21
bw7-40,Dewott,Pokémon,Stage 1,bw7,167,29
swsh8-175,Yveltal,Pokémon,"Basic,Single Strike",swsh8,73,2
swsh7-57,Emolga,Pokémon,Basic,swsh7,368,21
gym1-68,Brock's Mankey,Pokémon,Basic,gym1,116,21
bw1-97,Poké Ball,Trainer,Item,bw1,367,29
sm11-214,Rowlet & Alolan Exeggutor-GX,Pokémon,"Basic,TAG TEAM,GX",sm11,227,28
ecard3-124,Fast Ball,Trainer,,ecard3,92,29
bw5-30,Glaceon,Pokémon,Stage 1,bw5,232,2
swsh12pt5gg-GG63,Irida,Trainer,Supporter,swsh12pt5gg,292,28
ex3-40,Seadra,Pokémon,Stage 1,ex3,198,29
swsh45sv-SV092,Duraludon,Pokémon,Basic,swsh45sv,224,9
swsh7-71,Flabébé,Pokémon,"Basic,Rapid Strike",swsh7,140,21
gym2-82,Koga's Weedle,Pokémon,Basic,gym2,116,21
dp2-33,Rampardos,Pokémon,Stage 2,dp2,205,2
swsh6-92,Grapploct,Pokémon,Stage 1,swsh6,277,34
sv6-54,Glaceon,Pokémon,Stage 1,sv6,118,29
sv3pt5-63,Abra,Pokémon,Basic,sv3pt5,108,21
swshp-SWSH272,Archeops,Pokémon,Stage 2,swshp,82,38
ex7-45,Mantine,Pokémon,Basic,ex7,189,29
ex14-42,Wartortle,Pokémon,Stage 1,ex14,112,29
sv9-21,Magmortar,Pokémon,Stage 1,sv9,247,2
ecard3-78,Meowth,Pokémon,Basic,ecard3,5,21
pop1-13,Plusle,Pokémon,Basic,pop1,116,21
swsh3-155,Corvisquire,Pokémon,Stage 1,swsh3,215,29
swsh11tg-TG29,Pikachu VMAX,Pokémon,VMAX,swsh11tg,207,27
sm7-81,Groudon,Pokémon,Basic,sm7,117,34
swsh6-198,Siebold,Trainer,"Supporter,Rapid Strike",swsh6,37,28
sv4pt5-212,Forretress ex,Pokémon,"Stage 1,Tera,ex",sv4pt5,76,8
hgss3-8,Smeargle,Pokémon,Basic,hgss3,198,34
pl1-57,Muk,Pokémon,Stage 1,pl1,163,29
swsh8-67,Gorebyss,Pokémon,"Stage 1,Fusion Strike",swsh8,6,2
sm12-87,Woobat,Pokémon,Basic,sm12,322,21
hgss1-84,Staryu,Pokémon,Basic,hgss1,162,21
me2-130,Mega Charizard X ex,Pokémon,"Stage 2,MEGA,ex",me2,356,17
swsh2-18,Rillaboom VMAX,Pokémon,VMAX,swsh2,76,25
base5-35,Dark Flareon,Pokémon,Stage 1,base5,108,29
sm12-203,Roller Skater,Trainer,Supporter,sm12,171,29
sv5-197,Bianca's Devotion,Trainer,Supporter,sv5,339,32
rsv10pt5-89,Leavanny,Pokémon,Stage 2,rsv10pt5,310,7
bw7-12,Servine,Pokémon,Stage 1,bw7,71,29
swshp-SWSH297,Hisuian Zoroark V,Pokémon,"Basic,V",swshp,207,38
dp1-66,Unown [B],Pokémon,Basic,dp1,240,29
sm11-212,Recycle Energy,Energy,Special,sm11,,29
sv6-56,Froakie,Pokémon,Basic,sv6,43,21
hgss3-38,Slowbro,Pokémon,Stage 1,hgss3,162,29
xy6-8,Dustox,Pokémon,Stage 2,xy6,167,2
dp3-89,Growlithe,Pokémon,Basic,dp3,162,21
bw9-76,Deino,Pokémon,Basic,bw9,292,21
sma-SV39,Gabite,Pokémon,Stage 1,sma,117,9
ex14-64,Squirtle,Pokémon,Basic,ex14,163,21
smp-SM41,Komala,Pokémon,Basic,smp,214,38
sm11-48,Dewpider,Pokémon,Basic,sm11,191,21
sv10-102,Cynthia's Gible,Pokémon,Basic,sv10,101,21
col1-62,Magmar,Pokémon,Basic,col1,163,21
swsh7-233,Toy Catcher,Trainer,Item,swsh7,60,27
sm11-238,Heatran-GX,Pokémon,"Basic,GX",sm11,227,20
ecard3-11,Gyarados,Pokémon,Stage 1,ecard3,259,2
swsh6-64,Cresselia,Pokémon,Basic,swsh6,98,34
dp5-94,Health Energy,Energy,Special,dp5,50,29
sv1-113,Riolu,Pokémon,Basic,sv1,24,21
bw1-66,Purrloin,Pokémon,Basic,bw1,162,21
gym1-45,Erika's Gloom,Pokémon,Stage 1,gym1,116,29
ex2-5,Flareon,Pokémon,Stage 1,ex2,198,34
sm1-129,Rare Candy,Trainer,Item,sm1,334,29
xy8-64,M Mewtwo-EX,Pokémon,"MEGA,EX",xy8,76,33
xy3-15,Poliwag,Pokémon,Basic,xy3,267,21
pl1-70,Chimchar,Pokémon,Basic,pl1,112,21
swsh7-129,Slakoth,Pokémon,"Basic,Single Strike",swsh7,140,21
swsh45sv-SV071,Sandaconda,Pokémon,Stage 1,swsh45sv,317,9
sv6-34,Darumaka,Pokémon,Basic,sv6,148,21
xy9-89,Raticate BREAK,Pokémon,BREAK,xy9,76,15
ex5-30,Castform,Pokémon,Basic,ex5,125,29
sm10-6,Oddish,Pokémon,Basic,sm10,165,21
dp1-29,Hippowdon,Pokémon,Stage 1,dp1,112,2
sv4-19,Magby,Pokémon,Basic,sv4,284,21
xy9-37,Swanna,Pokémon,Stage 1,xy9,254,29
pop4-15,Treecko δ,Pokémon,Basic,pop4,117,21
sv10-59,Snover,Pokémon,Basic,sv10,17,21
pl1-14,Shaymin,Pokémon,Basic,pl1,162,34
pl4-23,Omastar,Pokémon,Stage 2,pl4,163,2
ex6-95,Poké Ball,Trainer,Item,ex6,65,29
ecard1-33,Alakazam,Pokémon,Stage 2,ecard1,163,2
sm2-56,Oricorio,Pokémon,Basic,sm2,142,2
ex5-42,Medicham,Pokémon,Stage 1,ex5,116,29
swsh9-101,Escavalier,Pokémon,Stage 1,swsh9,208,2
sv2-63,Pikachu ex,Pokémon,"Basic,ex",sv2,275,14
bw5-4,Scyther,Pokémon,Basic,bw5,292,29
sv2-73,Pincurchin,Pokémon,Basic,sv2,58,29
dp7-38,Farfetch'd,Pokémon,Basic,dp7,125,29
swsh9-158,Raichu V,Pokémon,"Basic,V",swsh9,41,28
xy1-57,Gourgeist,Pokémon,Stage 1,xy1,76,34
mcd11-11,Pidove,Pokémon,Basic,mcd11,116,13
ex2-84,Wingull,Pokémon,Basic,ex2,162,21
ex13-1,Armaldo δ,Pokémon,Stage 2,ex13,117,34
sm4-35,Emolga,Pokémon,Basic,sm4,162,29
ex13-14,Pidgeot δ,Pokémon,Stage 2,ex13,112,34
sm4-53,Regirock,Pokémon,Basic,sm4,73,2
sm1-97,Spearow,Pokémon,Basic,sm1,293,21
xy3-65,Drapion,Pokémon,Stage 1,xy3,75,2
dp2-68,Vigoroth,Pokémon,Stage 1,dp2,117,29
ecard2-107,Sentret,Pokémon,Basic,ecard2,89,21
swsh12-127,Togedemaru,Pokémon,Basic,swsh12,73,21
xy12-75,Charizard Spirit Link,Trainer,Pokémon Tool,xy12,76,29
pl3-131,Turtwig,Pokémon,Basic,pl3,191,21
sv4pt5-21,Lanturn,Pokémon,Stage 1,sv4pt5,7,29
sv2-27,Wo-Chien ex,Pokémon,"Basic,ex",sv2,76,14
sv6-141,Bloodmoon Ursaluna ex,Pokémon,"Basic,ex",sv6,207,14
swsh7-6,Tropius,Pokémon,Basic,swsh7,145,2
bw3-88,Haxorus,Pokémon,Stage 2,bw3,112,34
sm1-22,Arcanine,Pokémon,Stage 1,sm1,183,34
sv3-141,Scizor,Pokémon,Stage 1,sv3,143,2
rsv10pt5-10,Virizion,Pokémon,Basic,rsv10pt5,302,2
sv2-4,Pineco,Pokémon,Basic,sv2,112,21
swsh12-199,Unown VSTAR,Pokémon,VSTAR,swsh12,336,20
xy3-28,Raichu,Pokémon,Stage 1,xy3,351,29
sm7-57,Gulpin,Pokémon,Basic,sm7,43,21
zsv10pt5-77,Rufflet,Pokémon,Basic,zsv10pt5,309,21
sm7-116,Whismur,Pokémon,Basic,sm7,322,21
dp6-117,Riolu,Pokémon,Basic,dp6,162,21
ex7-35,Dark Golduck,Pokémon,Stage 1,ex7,240,29
swsh12-96,Armaldo,Pokémon,Stage 2,swsh12,224,2
sm1-36,Corsola,Pokémon,Basic,sm1,290,29
sv6-127,Dipplin,Pokémon,Stage 1,sv6,140,29
zsv10pt5-86,Prism Energy,Energy,Special,zsv10pt5,,29
neo3-4,Crobat,Pokémon,Stage 2,neo3,257,34
swsh3-151,Fletchling,Pokémon,Basic,swsh3,198,21
dp6-3,Froslass,Pokémon,Stage 1,dp6,162,34
ex8-2,Beautifly,Pokémon,Stage 2,ex8,162,34
xy6-41,Inkay,Pokémon,Basic,xy6,340,21
sm7-128,Energy Recycle System,Trainer,Item,sm7,174,29
swsh6-137,Expedition Uniform,Trainer,Item,swsh6,26,29
ex8-73,Slakoth,Pokémon,Basic,ex8,331,21
gym1-1,Blaine's Moltres,Pokémon,Basic,gym1,116,34
smp-SM29,Mimikyu,Pokémon,Basic,smp,108,38
smp-SM16,Solgaleo-GX,Pokémon,"Stage 2,GX",smp,76,38
sv9-17,Floragato,Pokémon,Stage 1,sv9,302,21
sv8-113,Grapploct,Pokémon,Stage 1,sv8,,21
pop4-11,Mudkip,Pokémon,Basic,pop4,117,21
bw8-37,Vanilluxe,Pokémon,Stage 2,bw8,317,2
sm75-26,Quagsire,Pokémon,Stage 1,sm75,116,29
sm3-20,Charizard-GX,Pokémon,"Stage 2,GX",sm3,76,10
sm9-94,Pangoro,Pokémon,Stage 1,sm9,290,2
ex1-40,Marshtomp,Pokémon,Stage 1,ex1,108,29
gym2-115,Koga's Ninja Trick,Trainer,,gym2,125,29
swsh8-103,Boltund V,Pokémon,"Basic,V",swsh8,317,16
bw11-15,Virizion,Pokémon,Basic,bw11,191,34
swsh12-178,Mawile V,Pokémon,"Basic,V",swsh12,356,28
sm3-39,Tapu Fini-GX,Pokémon,"Basic,GX",sm3,76,10
xy1-77,Malamar,Pokémon,Stage 1,xy1,76,2
gym1-20,Brock's Golem,Pokémon,Stage 2,gym1,116,2
swsh1-191,Wobbuffet V,Pokémon,"Basic,V",swsh1,281,28
xy8-48,Pikachu,Pokémon,Basic,xy8,112,21
np-19,Whismur,Pokémon,Basic,np,162,38
sv6-7,Sunflora,Pokémon,Stage 1,sv6,263,29
sv10-56,Gorebyss,Pokémon,Stage 1,sv10,284,2
bw4-71,Nuzleaf,Pokémon,Stage 1,bw4,284,29
swsh10-4,Scyther,Pokémon,Basic,swsh10,94,21
ecard3-10,Gengar,Pokémon,Stage 2,ecard3,271,2
swsh5-176,Rapid Strike Style Mustard,Trainer,"Supporter,Rapid Strike",swsh5,292,20
svp-142,Victini ex,Pokémon,"Basic,ex",svp,115,38
swsh2-203,Sonia,Trainer,Supporter,swsh2,292,20
svp-182,Iono's Kilowattrel,Pokémon,Stage 1,svp,260,38
sv1-193,Rocky Helmet,Trainer,Pokémon Tool,sv1,281,29
swsh10-178,Garchomp V,Pokémon,"Basic,V",swsh10,275,28
bw6-2,Skiploom,Pokémon,Stage 1,bw6,38,29
ex6-32,Drowzee,Pokémon,Basic,ex6,293,29
sv3-72,Toxtricity,Pokémon,Stage 1,sv3,277,2
sv7-9,Grubbin,Pokémon,Basic,sv7,,21
sm12-65,Araquanid,Pokémon,Stage 1,sm12,17,29
sv10-172,Team Rocket's Bother-Bot,Trainer,Item,sv10,334,29
base5-75,Digger,Trainer,Rocket's Secret Machine,base5,125,29
me1-160,Mega Lucario ex,Pokémon,"Stage 1,MEGA,ex",me1,,32
swsh6-107,Scolipede,Pokémon,Stage 2,swsh6,358,2
sv1-150,Staraptor,Pokémon,Stage 2,sv1,233,29
dp7-18,Gengar,Pokémon,Stage 2,dp7,163,2
sm6-120,Greninja-GX,Pokémon,"Stage 2,GX",sm6,76,28
sm4-66,Lairon,Pokémon,Stage 1,sm4,191,29
ecard2-18,Jynx,Pokémon,Basic,ecard2,294,2
ex5-9,Machamp,Pokémon,Stage 2,ex5,163,34
xy12-8,Tangela,Pokémon,Basic,xy12,108,21
swsh12-62,Jynx,Pokémon,Basic,swsh12,17,29
dp4-80,Mudkip,Pokémon,Basic,dp4,130,21
xy3-47,Hitmonlee,Pokémon,Basic,xy3,75,29
sm5-56,Croagunk,Pokémon,Basic,sm5,172,21
sv1-149,Staravia,Pokémon,Stage 1,sv1,91,21
xy8-113,Noivern BREAK,Pokémon,BREAK,xy8,76,15
pl2-RT1,Fan Rotom,Pokémon,Basic,pl2,44,2
sm6-119,Palkia-GX,Pokémon,"Basic,GX",sm6,76,28
dp5-41,Monferno,Pokémon,Stage 1,dp5,335,29
sm35-28,Pikachu,Pokémon,Basic,sm35,162,21
ecard1-102,Corsola,Pokémon,Basic,ecard1,189,21
xyp-XY177,Karen,Trainer,Supporter,xyp,273,38
ecard3-60,Golbat,Pokémon,Stage 1,ecard3,17,21
svp-137,Horsea,Pokémon,Basic,svp,267,38
dp2-77,Chikorita,Pokémon,Basic,dp2,162,21
xy3-44,Machop,Pokémon,Basic,xy3,112,21
swsh12pt5gg-GG03,Magmortar,Pokémon,Stage 1,swsh12pt5gg,332,37
sm2-42,Alolan Golem,Pokémon,Stage 2,sm2,317,34
xyp-XY89,Pikachu,Pokémon,Basic,xyp,117,38
sm7-45,Regice,Pokémon,Basic,sm7,183,2
sv9-123,Tropius,Pokémon,Basic,sv9,363,21
ex10-113,Entei ★,Pokémon,"Basic,Star",ex10,117,6
pop7-11,Burmy Plant Cloak,Pokémon,Basic,pop7,112,21
cel25c-15_A2,Here Comes Team Rocket!,Trainer,,cel25c,116,12
ex16-89,Multi Energy,Energy,Special,ex16,50,2
sm11-189,Bug Catcher,Trainer,Supporter,sm11,215,29
xy5-116,Bidoof,Pokémon,Basic,xy5,340,21
dp6-65,Metang,Pokémon,Stage 1,dp6,117,29
pl3-112,Mankey,Pokémon,Basic,pl3,194,21
pl3-81,Roserade,Pokémon,Stage 1,pl3,163,29
sm11-70,Xurkitree,Pokémon,"Basic,Ultra Beast",sm11,290,2
swsh8-145,Claydol,Pokémon,Stage 1,swsh8,340,2
gym1-83,Lt. Surge's Spearow,Pokémon,Basic,gym1,191,21
pl2-75,Nuzleaf,Pokémon,Stage 1,pl2,293,21
sv10-175,Team Rocket's Great Ball,Trainer,Item,sv10,334,29
ex5-7,Heracross,Pokémon,Basic,ex5,163,34
sm4-56,Bewear,Pokémon,Stage 1,sm4,332,34
swsh5-158,Bruno,Trainer,"Supporter,Single Strike",swsh5,66,28
sv8-230,Cyrano,Trainer,Supporter,sv8,,32
sv1-55,Wiglett,Pokémon,Basic,sv1,317,21
ex9-84,Scott,Trainer,Supporter,ex9,116,29
dp6-46,Anorith,Pokémon,Stage 1,dp6,112,29
sv2-62,Pikachu,Pokémon,Basic,sv2,140,21
swsh5-40,Empoleon V,Pokémon,"Basic,V,Rapid Strike",swsh5,281,16
hgss1-102,Switch,Trainer,Item,hgss1,299,29
sm6-85,Floette,Pokémon,Stage 1,sm6,40,29
swsh10tg-TG20,Galarian Moltres V,Pokémon,"Basic,V",swsh10tg,211,16
dp1-24,Drifblim,Pokémon,Stage 1,dp1,108,2
swsh4-87,Donphan,Pokémon,Stage 1,swsh4,68,2
sv10-18,Hydrapple,Pokémon,Stage 2,sv10,277,2
sv6-175,Phione,Pokémon,Basic,sv6,135,7
sv6-188,Eevee,Pokémon,Basic,sv6,304,7
sv3-68,Eelektrik,Pokémon,Stage 1,sv3,224,21
bw10-25,Snover,Pokémon,Basic,bw10,90,21
g1-30,Zubat,Pokémon,Basic,g1,167,21
swshp-SWSH267,Deoxys VMAX,Pokémon,VMAX,swshp,275,38
swsh2-91,Dragapult,Pokémon,Stage 2,swsh2,317,34
sm2-2,Weepinbell,Pokémon,Stage 1,sm2,40,29
bwp-BW55,Elgyem,Pokémon,Basic,bwp,71,38
swshp-SWSH159,Mewtwo V-UNION,Pokémon,V-UNION,swshp,305,38
swsh12-45,Phione,Pokémon,Basic,swsh12,211,2
sm8-11,Hoppip,Pokémon,Basic,sm8,71,21
sma-SV7,Charmeleon,Pokémon,Stage 1,sma,214,9
base6-7,Dark Raichu,Pokémon,Stage 1,base6,108,34
sv4-236,Mela,Trainer,Supporter,sv4,215,32
sm35-43,Golett,Pokémon,Basic,sm35,271,21
hgss1-104,Rainbow Energy,Energy,Special,hgss1,79,29
swsh1-44,Kingler,Pokémon,Stage 1,swsh1,223,29
pop5-12,Pikachu,Pokémon,Basic,pop5,284,21
sv9-62,Metang,Pokémon,Stage 1,sv9,145,21
sv4pt5-221,Pidgeot ex,Pokémon,"Stage 2,ex",sv4pt5,356,8
ex12-4,Delcatty,Pokémon,Stage 1,ex12,284,34
me1-33,Corphish,Pokémon,Basic,me1,,21
bw9-53,Deoxys-EX,Pokémon,"Basic,EX,Team Plasma",bw9,297,33
sv1-192,Rock Chestplate,Trainer,Pokémon Tool,sv1,334,29
sv5-186,Iron Leaves ex,Pokémon,"Basic,ex,Future",sv5,76,32
bw4-100,Emboar,Pokémon,Stage 2,bw4,76,27
me1-101,Latios,Pokémon,Basic,me1,,29
swsh12pt5-126,Digging Duo,Trainer,Supporter,swsh12pt5,55,29
sv4-39,Mantyke,Pokémon,Basic,sv4,58,21
dp4-54,Slowbro,Pokémon,Stage 1,dp4,191,29
dp6-40,Shedinja,Pokémon,Stage 1,dp6,112,2
sm7-69,Deoxys,Pokémon,Basic,sm7,112,2
swsh12pt5-77,Purrloin,Pokémon,Basic,swsh12pt5,322,21
swsh1-21,Eldegoss,Pokémon,Stage 1,swsh1,162,29
ex1-57,Makuhita,Pokémon,Basic,ex1,162,21
xy10-111,Shauna,Trainer,Supporter,xy10,116,29
swsh8-73,Greninja V,Pokémon,"Basic,V",swsh8,76,16
sm8-211,Mina,Trainer,Supporter,sm8,273,28
pop8-8,Luxio,Pokémon,Stage 1,pop8,162,29
sv8-234,Lisia's Appeal,Trainer,Supporter,sv8,,32
sm8-208,Faba,Trainer,Supporter,sm8,236,28
ex8-47,Solrock,Pokémon,Basic,ex8,271,29
swsh6-61,Gardevoir,Pokémon,Stage 2,swsh6,183,34
swsh2-169,Training Court,Trainer,Stadium,swsh2,76,29
base1-96,Double Colorless Energy,Energy,Special,base1,307,29
swsh6-157,Impact Energy,Energy,"Special,Single Strike",swsh6,,29
ecard2-38,Tentacruel,Pokémon,Stage 1,ecard2,163,2
sv8-62,Blitzle,Pokémon,Basic,sv8,,21
sm3-96,Ribombee,Pokémon,Stage 1,sm3,184,29
sv4-197,Espathra,Pokémon,Stage 1,sv4,305,7
swsh10-162,Hisuian Lilligant V,Pokémon,"Basic,V",swsh10,76,28
sv9-24,Blaziken ex,Pokémon,"Stage 2,ex",sv9,356,14
sv4-246,Golisopod ex,Pokémon,"Stage 1,ex",sv4,192,5
swsh10-72,Machamp V,Pokémon,"Basic,V",swsh10,73,16
me1-178,Mega Gardevoir ex,Pokémon,"Stage 2,MEGA,ex",me1,,5
bw2-85,Cinccino,Pokémon,Stage 1,bw2,71,29
swsh1-79,Morpeko V,Pokémon,"Basic,V",swsh1,76,16
ecard3-40,Noctowl,Pokémon,Stage 1,ecard3,191,29
sm115-65,Sabrina's Suggestion,Trainer,Supporter,sm115,75,29
col1-92,Psychic Energy,Energy,Basic,col1,,21
swshp-SWSH265,Zeraora VSTAR,Pokémon,VSTAR,swshp,207,38
sv7-117,Purugly,Pokémon,Stage 1,sv7,,21
sm5-37,Snover,Pokémon,Basic,sm5,167,21
xy2-107,M Charizard-EX,Pokémon,"MEGA,EX",xy2,76,27
swsh3-108,Deino,Pokémon,Basic,swsh3,117,21
rsv10pt5-41,Gothita,Pokémon,Basic,rsv10pt5,169,21
svp-50,Alakazam ex,Pokémon,"Stage 2,ex",svp,108,38
sv1-186,Pokégear 3.0,Trainer,Item,sv1,334,21
sv8pt5-23,Vaporeon ex,Pokémon,"Stage 1,Tera,ex",sv8pt5,,14
me2-73,Togedemaru,Pokémon,Basic,me2,352,21
swsh8-213,Lopunny,Pokémon,"Stage 1,Rapid Strike",swsh8,305,29
sm1-132,Switch,Trainer,Item,sm1,232,29
sm8-63,White Kyurem,Pokémon,Basic,sm8,75,34
ex8-55,Beldum,Pokémon,Basic,ex8,294,21
sv8pt5-139,Larry's Skill,Trainer,Supporter,sv8pt5,,32
swsh10-81,Radiant Hawlucha,Pokémon,"Basic,Radiant",swsh10,117,22
bw11-19,Charizard,Pokémon,Stage 2,bw11,142,34
swsh7-111,Rayquaza VMAX,Pokémon,"VMAX,Rapid Strike",swsh7,336,25
sv3-166,Eevee,Pokémon,Basic,sv3,242,21
sv8-175,Dusk Ball,Trainer,Item,sv8,,29
xy3-42,Golett,Pokémon,Basic,xy3,125,21
base6-18,Venusaur,Pokémon,Stage 2,base6,108,34
swsh9-46,Electabuzz,Pokémon,Basic,swsh9,140,21
bw10-45,Golett,Pokémon,Basic,bw10,198,21
ecard1-84,Kadabra,Pokémon,Stage 1,ecard1,163,29
swsh2-42,Pelipper,Pokémon,Stage 1,swsh2,377,29
swsh4-9,Celebi,Pokémon,Basic,swsh4,76,26
ex13-90,Rare Candy,Trainer,Item,ex13,232,29
sv7-109,Revavroom,Pokémon,Stage 1,sv7,,29
ex14-71,Bill's Maintenance,Trainer,Supporter,ex14,116,29
pl2-20,Gallade E4,Pokémon,"Basic,SP",pl2,108,2
ex4-27,Team Aqua's Electrike,Pokémon,Basic,ex4,345,29
sm4-83,Staraptor,Pokémon,Stage 2,sm4,333,2
sm10-37,Poliwag,Pokémon,Basic,sm10,322,21
sv4-105,Klawf,Pokémon,Basic,sv4,128,29
me1-76,Riolu,Pokémon,Basic,me1,,21
ex1-53,Electrike,Pokémon,Basic,ex1,108,21
sm3-150,Charizard-GX,Pokémon,"Stage 2,GX",sm3,76,20
smp-SM207,Sudowoodo,Pokémon,Basic,smp,340,38
swsh12-105,Crobat,Pokémon,Stage 2,swsh12,128,34
swsh8-205,Eevee,Pokémon,Basic,swsh8,131,21
base6-96,Tentacool,Pokémon,Basic,base6,162,21
sv4pt5-8,Charmeleon,Pokémon,Stage 1,sv4pt5,247,29
base5-42,Dark Persian,Pokémon,Stage 1,base5,257,29
me2-116,Battle Cage,Trainer,Stadium,me2,226,32
sv4pt5-45,Mankey,Pokémon,Basic,sv4pt5,214,21
xy7-40,Regirock,Pokémon,Basic,xy7,317,2
base5-60,Magnemite,Pokémon,Basic,base5,189,21
swsh1-156,Air Balloon,Trainer,Pokémon Tool,swsh1,355,29
swsh10-175,Hisuian Sneasler V,Pokémon,"Basic,V",swsh10,140,28
sv9-149,Iris's Fighting Spirit,Trainer,Supporter,sv9,156,29
sm4-74,Alolan Exeggutor-GX,Pokémon,"Stage 1,GX",sm4,76,10
hgss1-33,Tyrogue,Pokémon,Basic,hgss1,116,2
sv8-193,Vivillon,Pokémon,Stage 2,sv8,,7
hgss3-90,Rayquaza & Deoxys LEGEND,Pokémon,LEGEND,hgss3,272,11
sm2-74,Lycanroc-GX,Pokémon,"Stage 1,GX",sm2,76,10
xy2-35,Magnezone-EX,Pokémon,"Basic,EX",xy2,297,33
swsh1-22,Vulpix,Pokémon,Basic,swsh1,256,21
ex6-1,Beedrill,Pokémon,Stage 2,ex6,163,34
ex16-47,Carvanha,Pokémon,Basic,ex16,116,21
dp3-59,Pinsir,Pokémon,Basic,dp3,116,29
hgss4-62,Dratini,Pokémon,Basic,hgss4,108,21
ex4-76,Team Aqua Belt,Trainer,Pokémon Tool,ex4,108,29
sv8-151,Bouffalant,Pokémon,Basic,sv8,,21
g1-33,Gastly,Pokémon,Basic,g1,183,21
xy6-64,Zekrom,Pokémon,Basic,xy6,73,34
ex3-39,Seadra,Pokémon,Stage 1,ex3,163,29
sv2-117,Lycanroc ex,Pokémon,"Stage 1,ex",sv2,73,14
me1-25,Volcanion,Pokémon,Basic,me1,,29
base3-18,Ditto,Pokémon,Basic,base3,307,2
swsh10-112,Bronzong,Pokémon,Stage 1,swsh10,325,29
hgss3-35,Sableye,Pokémon,Basic,hgss3,198,29
ex11-29,Snow-cloud Castform,Pokémon,Basic,ex11,189,2
pl3-36,Moltres,Pokémon,Basic,pl3,112,2
xy11-64,Bisharp,Pokémon,Stage 1,xy11,317,34
neo1-79,Swinub,Pokémon,Basic,neo1,116,21
ex16-69,Vulpix,Pokémon,Basic,ex16,116,21
swsh7-115,Hydreigon,Pokémon,Stage 2,swsh7,134,34
ex4-35,Team Magma's Houndour,Pokémon,Basic,ex4,362,29
swsh12pt5-51,Radiant Charjabug,Pokémon,"Basic,Radiant",swsh12pt5,71,22
bw3-16,Pansear,Pokémon,Basic,bw3,317,21
sv10-92,Annihilape,Pokémon,Stage 2,sv10,251,2
bw11-39,Samurott,Pokémon,Stage 2,bw11,292,34
swsh8-92,Luxio,Pokémon,Stage 1,swsh8,98,29
base2-50,Cubone,Pokémon,Basic,base2,108,21
swsh4-35,Samurott,Pokémon,Stage 2,swsh4,317,2
swsh6-3,Beedrill,Pokémon,"Stage 2,Single Strike",swsh6,6,34
me1-28,Cinderace,Pokémon,Stage 2,me1,,2
sm8-220,Suicune-GX,Pokémon,"Basic,GX",sm8,76,20
base4-97,Venonat,Pokémon,Basic,base4,108,21
ecard2-136,Town Volunteers,Trainer,Supporter,ecard2,116,29
sm2-89,Clefable,Pokémon,Stage 1,sm2,189,29
base1-14,Raichu,Pokémon,Stage 1,base1,116,34
xy11-111,Gardevoir-EX,Pokémon,"Basic,EX",xy11,232,28
zsv10pt5-159,Meloetta ex,Pokémon,"Basic,ex",zsv10pt5,76,32
xy12-81,Pidgeot Spirit Link,Trainer,Pokémon Tool,xy12,76,29
xy0-3,Chespin,Pokémon,Basic,xy0,76,13
sv6-83,Girafarig,Pokémon,Basic,sv6,325,21
ex1-58,Makuhita,Pokémon,Basic,ex1,284,21
sv2-51,Quaxwell,Pokémon,Stage 1,sv2,224,29
ex14-89,Aggron ex,Pokémon,"Stage 2,ex",ex14,232,33
sv10-119,Team Rocket's Nidoking ex,Pokémon,"Stage 2,ex",sv10,76,14
sv2-34,Fuecoco,Pokémon,Basic,sv2,162,21
sv4pt5-91,Ultra Ball,Trainer,Item,sv4pt5,281,29
sv1-228,Gardevoir ex,Pokémon,"Stage 2,ex",sv1,275,32
xy11-58,Croagunk,Pokémon,Basic,xy11,117,21
swsh6-154,Single Strike Scroll of Piercing,Trainer,"Pokémon Tool,Single Strike",swsh6,76,29
sm9-70,Cosmoem,Pokémon,Stage 1,sm9,112,29
xy10-36,Diglett,Pokémon,Basic,xy10,142,21
sv3pt5-119,Seaking,Pokémon,Stage 1,sv3pt5,61,29
dp7-7,Mismagius,Pokémon,Stage 1,dp7,198,34
swsh12-109,Croagunk,Pokémon,Basic,swsh12,317,21
swshp-SWSH077,Zamazenta V,Pokémon,"Basic,V",swshp,207,38
dp1-110,Poké Ball,Trainer,Item,dp1,176,29
bw6-46,Mew-EX,Pokémon,"Basic,EX",bw6,297,33
base4-29,Pinsir,Pokémon,Basic,base4,162,2
sm3-72,Sawk,Pokémon,Basic,sm3,90,21
swsh6-10,Abomasnow,Pokémon,"Stage 1,Single Strike",swsh6,340,2
swsh7-138,Fletchling,Pokémon,Basic,swsh7,125,21
bw5-80,Chansey,Pokémon,Basic,bw5,162,21
xy8-6,Simisage,Pokémon,Stage 1,xy8,162,2
bw3-77,Deino,Pokémon,Basic,bw3,108,21
pl3-95,Chatot,Pokémon,Basic,pl3,270,21
hgss4-53,Weepinbell,Pokémon,Stage 1,hgss4,198,29
swsh6-184,Tornadus V,Pokémon,"Basic,V,Single Strike",swsh6,336,28
xy2-28,Buizel,Pokémon,Basic,xy2,254,21
swsh10-58,Misdreavus,Pokémon,Basic,swsh10,305,21
sm10-179,Martial Arts Dojo,Trainer,Stadium,sm10,76,29
dp1-120,Empoleon LV.X,Pokémon,Level-Up,dp1,298,3
sm75-61,Lance ◇,Trainer,"Supporter,Prism Star",sm75,183,18
sm2-94,Goomy,Pokémon,Basic,sm2,165,21
col1-24,Cleffa,Pokémon,Basic,col1,254,2
me2-3,Vileplume,Pokémon,Stage 2,me2,322,2
bw10-59,Aggron,Pokémon,Stage 2,bw10,112,2
swsh6-233,Fighting Energy,Energy,Basic,swsh6,,27
neo3-27,Suicune,Pokémon,Basic,neo3,284,2
sv9-29,Volcarona,Pokémon,Stage 1,sv9,108,29
ecard1-67,Venusaur,Pokémon,Stage 2,ecard1,191,2
bw5-12,Flareon,Pokémon,Stage 1,bw5,38,29
ecard1-74,Croconaw,Pokémon,Stage 1,ecard1,162,29
ex7-62,Larvitar,Pokémon,Basic,ex7,191,21
ex11-96,Holon Ruins,Trainer,Stadium,ex11,232,29
base3-44,Tentacruel,Pokémon,Stage 1,base3,162,29
sm6-73,Zygarde-GX,Pokémon,"Basic,GX",sm6,76,10
sv4-253,Altaria ex,Pokémon,"Stage 1,ex",sv4,211,5
bw11-RC1,Snivy,Pokémon,Basic,bw11,297,21
sv5-78,Flutter Mane,Pokémon,"Basic,Ancient",sv5,183,2
ex10-51,Chikorita,Pokémon,Basic,ex10,191,21
zsv10pt5-122,Golett,Pokémon,Basic,zsv10pt5,225,7
swsh35-8,Incineroar V,Pokémon,"Basic,V",swsh35,112,16
bw4-62,Beheeyem,Pokémon,Stage 1,bw4,112,2
xy6-10,Ninjask,Pokémon,Stage 1,xy6,125,29
sm12-165,Mega Lopunny & Jigglypuff-GX,Pokémon,"Basic,TAG TEAM,GX",sm12,108,10
swsh8-117,Galarian Corsola,Pokémon,Basic,swsh8,112,21
dp2-37,Unown [I],Pokémon,Basic,dp2,335,2
ecard2-H28,Tyranitar,Pokémon,Stage 2,ecard2,284,34
sm11-4,Celebi,Pokémon,Basic,sm11,184,34
sm10-202,Honchkrow-GX,Pokémon,"Stage 1,GX",sm10,60,28
bw2-89,Tornadus,Pokémon,Basic,bw2,76,34
sm9-60,Tentacool,Pokémon,Basic,sm9,116,21
swshp-SWSH082,Bunnelby,Pokémon,Basic,swshp,129,38
swsh12pt5gg-GG33,Poochyena,Pokémon,Basic,swsh12pt5gg,112,37
swsh9-77,Wormadam,Pokémon,Stage 1,swsh9,14,2
sm8-79,Raikou,Pokémon,Basic,sm8,162,2
sm12-255,Oricorio-GX,Pokémon,"Basic,GX",sm12,70,20
sv3-83,Togepi,Pokémon,Basic,sv3,84,21
sv4pt5-114,Charcadet,Pokémon,Basic,sv4pt5,117,31
bw9-56,Cofagrigus,Pokémon,"Stage 1,Team Plasma",bw9,76,34
gym2-98,Sabrina's Porygon,Pokémon,Basic,gym2,116,21
sma-SV68,Buzzwole-GX,Pokémon,"Basic,GX,Ultra Beast",sma,76,35
swsh7-106,Altaria,Pokémon,Stage 1,swsh7,6,2
sv4-30,Horsea,Pokémon,Basic,sv4,12,21
dp1-71,Bonsly,Pokémon,Basic,dp1,198,21
swsh12tg-TG08,Passimian,Pokémon,"Basic,Rapid Strike",swsh12tg,214,37
neo1-106,Fighting Energy,Energy,Basic,neo1,307,13
neo4-13,Light Azumarill,Pokémon,Stage 1,neo4,43,34
swsh12pt5-156,Psychic Energy,Energy,Basic,swsh12pt5,,28
sv10-5,Shroomish,Pokémon,Basic,sv10,21,21
swsh12tg-TG18,Corviknight V,Pokémon,"Basic,V",swsh12tg,88,16
sm75-59,Dragon Talon,Trainer,Pokémon Tool,sm75,334,29
sv4pt5-25,Natu,Pokémon,Basic,sv4pt5,151,21
bw8-69,Elgyem,Pokémon,Basic,bw8,108,29
zsv10pt5-152,Minccino,Pokémon,Basic,zsv10pt5,84,7
col1-2,Deoxys,Pokémon,Basic,col1,232,34
base1-29,Haunter,Pokémon,Stage 1,base1,307,29
base1-37,Nidorino,Pokémon,Stage 1,base1,108,29
ecard2-135,Time Shard,Trainer,Pokémon Tool,ecard2,176,29
hgss2-84,Crobat,Pokémon,"Stage 2,Prime",hgss2,299,23
me2-18,Oricorio ex,Pokémon,"Basic,ex",me2,120,14
swsh45sv-SV097,Bunnelby,Pokémon,Basic,swsh45sv,6,9
bw2-19,Simisear,Pokémon,Stage 1,bw2,108,2
sv5-150,Hand Trimmer,Trainer,Item,sv5,281,29
swsh5-76,Mienfoo,Pokémon,"Basic,Rapid Strike",swsh5,81,21
swsh1-184,Team Yell Grunt,Trainer,Supporter,swsh1,214,29
xy3-70,Clefairy,Pokémon,Basic,xy3,167,21
bw11-44,Kyurem-EX,Pokémon,"Basic,EX",bw11,298,33
swsh6-167,Galarian Rapidash V,Pokémon,"Basic,V",swsh6,115,28
neo1-68,Oddish,Pokémon,Basic,neo1,125,21
bw11-70,Gothita,Pokémon,Basic,bw11,340,21
sm7-178,Acro Bike,Trainer,Item,sm7,334,27
sv4-167,Mela,Trainer,Supporter,sv4,215,29
swsh8-233,Elesa's Sparkle,Trainer,"Supporter,Fusion Strike",swsh8,171,29
sm11-188,Blue's Tactics,Trainer,Supporter,sm11,184,29
swsh9-62,Dusknoir,Pokémon,Stage 2,swsh9,143,34
sv3pt5-136,Flareon,Pokémon,Stage 1,sv3pt5,196,2
sv8pt5-174,Kieran,Trainer,Supporter,sv8pt5,,5
dv1-12,Axew,Pokémon,Basic,dv1,71,34
hgss2-85,Kingdra,Pokémon,"Stage 2,Prime",hgss2,299,23
swsh5-103,Pawniard,Pokémon,Basic,swsh5,143,21
ex5-60,Doduo,Pokémon,Basic,ex5,189,21
sv5-124,Lickitung,Pokémon,Basic,sv5,122,21
bw11-RC11,Meloetta-EX,Pokémon,"Basic,EX",bw11,297,2
xy2-27,Luvdisc,Pokémon,Basic,xy2,191,29
swsh4-79,Diancie,Pokémon,Basic,swsh4,351,34
sv5-142,Bianca's Devotion,Trainer,Supporter,sv5,339,29
pl2-54,Whiscash E4,Pokémon,"Basic,SP",pl2,162,29
sv10-35,Ethan's Slugma,Pokémon,Basic,sv10,351,21
xy3-17,Poliwrath,Pokémon,Stage 2,xy3,108,34
sm11-195,Flyinium Z: Air Slash,Trainer,Pokémon Tool,sm11,207,29
ex3-23,Bagon,Pokémon,Basic,ex3,108,29
gym2-105,Giovanni's Last Resort,Trainer,,gym2,116,2
sm5-110,Fan Rotom,Pokémon,Basic,sm5,117,2
sv2-78,Tadbulb,Pokémon,Basic,sv2,98,21
rsv10pt5-151,Druddigon,Pokémon,Basic,rsv10pt5,246,7
bw10-87,Root Fossil Lileep,Trainer,Item,bw10,76,29
swsh12-130,Dragonair,Pokémon,Stage 1,swsh12,266,29
pl3-70,Milotic,Pokémon,Stage 1,pl3,163,29
xyp-XY07,Xerneas-EX,Pokémon,"Basic,EX",xyp,76,38
sv10-57,Buizel,Pokémon,Basic,sv10,231,21
ex4-17,Team Aqua's Seviper,Pokémon,Basic,ex4,241,2
gym2-68,Brock's Geodude,Pokémon,Basic,gym2,116,21
base4-14,Pidgeot,Pokémon,Stage 2,base4,162,34
sv3-216,Revavroom ex,Pokémon,"Stage 1,ex",sv3,356,32
sv9-160,Maractus,Pokémon,Basic,sv9,263,7
swsh7-140,Talonflame,Pokémon,Stage 2,swsh7,98,2
pl1-49,Grotle,Pokémon,Stage 1,pl1,162,29
ex3-96,Muk ex,Pokémon,"Stage 1,ex",ex3,136,33
sma-SV49,Charizard-GX,Pokémon,"Stage 2,GX",sma,76,35
bw4-98,Mewtwo-EX,Pokémon,"Basic,EX",bw4,76,28
rsv10pt5-61,Zorua,Pokémon,Basic,rsv10pt5,120,21
rsv10pt5-124,Gothita,Pokémon,Basic,rsv10pt5,15,7
swsh5-128,Korrina's Focus,Trainer,"Supporter,Rapid Strike",swsh5,215,29
sv10-72,Team Rocket's Mareep,Pokémon,Basic,sv10,151,21
swsh8-5,Breloom,Pokémon,Stage 1,swsh8,293,29
ex16-63,Slakoth,Pokémon,Basic,ex16,17,21
swsh12pt5gg-GG40,Glaceon VSTAR,Pokémon,VSTAR,swsh12pt5gg,96,24
hgss1-20,Feraligatr,Pokémon,Stage 2,hgss1,73,2
gym1-108,Cerulean City Gym,Trainer,Stadium,gym1,307,29
swsh6-166,Zeraora V,Pokémon,"Basic,V,Rapid Strike",swsh6,233,28
swsh12pt5gg-GG27,Swablu,Pokémon,Basic,swsh12pt5gg,112,37
xy2-83,Miltank,Pokémon,Basic,xy2,194,29
sm115-30,Jynx,Pokémon,Basic,sm115,112,29
sv5-92,Mudsdale,Pokémon,Stage 1,sv5,284,29
dpp-DP04,Pachirisu,Pokémon,Basic,dpp,191,38
swsh12-81,Espurr,Pokémon,Basic,swsh12,165,21
zsv10pt5-172,Zekrom ex,Pokémon,"Basic,ex",zsv10pt5,356,4
xy6-49,Dratini,Pokémon,Basic,xy6,189,21
dp3-91,Lickitung,Pokémon,Basic,dp3,116,21
bw1-62,Sawk,Pokémon,Basic,bw1,292,2
sm2-109,Fletchling,Pokémon,Basic,sm2,273,21
swsh7-137,Braviary,Pokémon,Stage 1,swsh7,172,29
neo4-60,Unown [Z],Pokémon,Basic,neo4,111,29
sv8-165,Call Bell,Trainer,Item,sv8,,29
xy1-87,Jigglypuff,Pokémon,Basic,xy1,194,21
bw1-84,Pidove,Pokémon,Basic,bw1,117,21
bwp-BW89,Vaporeon,Pokémon,Stage 1,bwp,114,38
sm4-4,Exeggcute,Pokémon,Basic,sm4,112,21
sv9-120,Dunsparce,Pokémon,Basic,sv9,165,21
xy11-59,Toxicroak,Pokémon,Stage 1,xy11,163,2
dp1-121,Infernape LV.X,Pokémon,Level-Up,dp1,298,3
xy12-53,Mew,Pokémon,Basic,xy12,116,34
swsh4-129,Duraludon,Pokémon,Basic,swsh4,73,34
swsh7-66,Wobbuffet,Pokémon,"Basic,Single Strike",swsh7,277,21
swsh10tg-TG14,Ice Rider Calyrex V,Pokémon,"Basic,V",swsh10tg,108,16
dp6-75,Tentacruel,Pokémon,Stage 1,dp6,112,29
ex1-37,Lairon,Pokémon,Stage 1,ex1,108,29
me1-47,Magnezone,Pokémon,Stage 2,me1,,29
np-29,Celebi,Pokémon,Basic,np,163,38
bw7-86,Mienfoo,Pokémon,Basic,bw7,116,21
bw1-50,Woobat,Pokémon,Basic,bw1,267,21
sm12-11,Cradily,Pokémon,Stage 2,sm12,143,2
sv4-113,Absol,Pokémon,Basic,sv4,325,29
ex12-37,Kecleon,Pokémon,Basic,ex12,17,29
sv3pt5-191,Jynx ex,Pokémon,"Basic,ex",sv3pt5,281,32
swsh4-22,Zarude V,Pokémon,"Basic,V",swsh4,72,16
sv4-150,Exploud,Pokémon,Stage 2,sv4,46,29
bw11-95,Gabite,Pokémon,Stage 1,bw11,90,29
swsh5-117,Stoutland V,Pokémon,"Basic,V",swsh5,297,16
me1-35,Snover,Pokémon,Basic,me1,,21
dp7-82,Conductive Quarry,Trainer,Stadium,dp7,232,29
xy2-74,Goodra,Pokémon,Stage 2,xy2,76,34
sv6pt5-16,Drowzee,Pokémon,Basic,sv6pt5,,21
xy5-3,Beedrill,Pokémon,Stage 2,xy5,112,2
xy2-52,Weavile,Pokémon,Stage 1,xy2,90,2
swsh9-130,Barry,Trainer,Supporter,swsh9,116,29
hgss3-23,Vespiquen,Pokémon,Stage 1,hgss3,284,2
xy0-33,Furfrou,Pokémon,Basic,xy0,76,13
zsv10pt5-68,Axew,Pokémon,Basic,zsv10pt5,237,21
sv8pt5-169,Terapagos ex,Pokémon,"Basic,Tera,ex",sv8pt5,,5
sv4pt5-233,Gardevoir ex,Pokémon,"Stage 2,ex",sv4pt5,375,5
swsh3-77,Golurk,Pokémon,Stage 1,swsh3,277,2
dp3-70,Unown [O],Pokémon,Basic,dp3,335,29
sv3pt5-140,Kabuto,Pokémon,Stage 1,sv3pt5,224,29
sv3-180,Lechonk,Pokémon,Basic,sv3,12,21
swsh8-169,Garbodor,Pokémon,Stage 1,swsh8,6,29
swsh6-213,Caitlin,Trainer,Supporter,swsh6,339,20
sv9-179,Brock's Scouting,Trainer,Supporter,sv9,151,32
bw1-42,Zebstrika,Pokémon,Stage 1,bw1,112,29
bw1-37,Swanna,Pokémon,Stage 1,bw1,284,2
xy2-104,Lysandre,Trainer,Supporter,xy2,116,28
base5-83,Dark Raichu,Pokémon,Stage 1,base5,108,27
bw5-88,Stoutland,Pokémon,Stage 2,bw5,191,2
dpp-DP07,Cranidos,Pokémon,Stage 1,dpp,108,38
pgo-13,Numel,Pokémon,Basic,pgo,322,21
g1-RC4,Charmeleon,Pokémon,Stage 1,g1,340,21
sv3-101,Houndstone,Pokémon,Stage 1,sv3,332,29
smp-SM10,Shiinotic,Pokémon,Stage 1,smp,71,38
swsh12pt5-73,Rockruff,Pokémon,Basic,swsh12pt5,140,21
dp6-2,Dragonite,Pokémon,Stage 2,dp6,108,34
pop5-1,Ho-Oh,Pokémon,Basic,pop5,108,2
sv6pt5-84,Fezandipiti ex,Pokémon,"Basic,ex",sv6pt5,,32
swsh3-184,Galarian Stunfisk V,Pokémon,"Basic,V",swsh3,70,28
sm3-93,Gardevoir-GX,Pokémon,"Stage 2,GX",sm3,76,10
base6-106,Challenge!,Trainer,,base6,162,29
sv3pt5-86,Seel,Pokémon,Basic,sv3pt5,8,21
pl3-65,Magmar,Pokémon,Basic,pl3,198,29
sv3pt5-129,Magikarp,Pokémon,Basic,sv3pt5,112,21
gym2-65,Blaine's Rhyhorn,Pokémon,Basic,gym2,116,21
swsh45-58,Boss's Orders,Trainer,Supporter,swsh45,66,2
sv5-3,Seedot,Pokémon,Basic,sv5,165,21
neo4-45,Light Dewgong,Pokémon,Stage 1,neo4,30,29
sv8-196,Larvesta,Pokémon,Basic,sv8,,7
ecard1-30,Venusaur,Pokémon,Stage 2,ecard1,176,34
swsh9tg-TG07,Dedenne,Pokémon,Basic,swsh9tg,346,37
sv4pt5-140,Toxel,Pokémon,Basic,sv4pt5,14,31
swsh12-108,Skuntank V,Pokémon,"Basic,V",swsh12,41,16
me2-94,Wondrous Patch,Trainer,Item,me2,296,29
xy9-56,Trubbish,Pokémon,Basic,xy9,288,21
swsh3-74,Gothorita,Pokémon,Stage 1,swsh3,129,29
xy8-11,Chesnaught,Pokémon,Stage 2,xy8,108,34
sv1-153,Indeedee,Pokémon,Basic,sv1,162,2
gym2-12,Misty's Golduck,Pokémon,Stage 1,gym2,116,34
swsh4-105,Sableye,Pokémon,Basic,swsh4,105,29
dp5-21,Hippowdon,Pokémon,Stage 1,dp5,79,2
sm10-122,Alolan Dugtrio,Pokémon,Stage 1,sm10,172,2
swsh10-16,Hisuian Lilligant,Pokémon,Stage 1,swsh10,71,34
sv1-231,Koraidon ex,Pokémon,"Basic,ex",sv1,207,32
swsh45sv-SV118,Ditto V,Pokémon,"Basic,V",swsh45sv,115,16
neo3-32,Lanturn,Pokémon,Stage 1,neo3,162,29
sm12-214,Blastoise & Piplup-GX,Pokémon,"Basic,TAG TEAM,GX",sm12,76,28
swsh12pt5-53,Zeraora V,Pokémon,"Basic,V",swsh12pt5,76,16
sm8-181,Lost Blender,Trainer,Item,sm8,76,29
gym1-80,Lt. Surge's Magnemite,Pokémon,Basic,gym1,116,21
col1-67,Pidgey,Pokémon,Basic,col1,38,21
ex3-11,Shedinja,Pokémon,Stage 1,ex3,162,34
ecard3-150,Kabutops,Pokémon,Stage 2,ecard3,191,27
bw5-69,Zorua,Pokémon,Basic,bw5,117,21
base2-38,Lickitung,Pokémon,Basic,base2,108,29
ex6-65,Jigglypuff,Pokémon,Basic,ex6,271,21
sm10-196,Muk & Alolan Muk-GX,Pokémon,"Basic,TAG TEAM,GX",sm10,76,28
base2-21,Kangaskhan,Pokémon,Basic,base2,108,2
ex12-80,Root Fossil,Trainer,Item,ex12,232,21
sm35-41,Latios,Pokémon,Basic,sm35,108,34
base6-65,Tauros,Pokémon,Basic,base6,162,29
gym1-16,Erika,Trainer,,gym1,116,34
pgo-42,Alolan Raticate,Pokémon,Stage 1,pgo,191,21
rsv10pt5-105,Oshawott,Pokémon,Basic,rsv10pt5,140,7
sv10-6,Breloom,Pokémon,Stage 1,sv10,122,21
xy1-100,Tauros,Pokémon,Basic,xy1,198,2
dp4-92,Volbeat,Pokémon,Basic,dp4,116,21
xy7-43,M Tyranitar-EX,Pokémon,"MEGA,EX",xy7,76,33
base6-87,Ponyta,Pokémon,Basic,base6,116,21
basep-34,Entei,Pokémon,Basic,basep,116,38
sm35-17,Incineroar,Pokémon,Stage 2,sm35,206,29
swsh11tg-TG06,Gengar,Pokémon,Stage 2,swsh11tg,340,37
sm11-225,Mega Sableye & Tyranitar-GX,Pokémon,"Basic,TAG TEAM,GX",sm11,76,28
swsh9-131,Blunder Policy,Trainer,"Item,Pokémon Tool",swsh9,281,29
swsh12pt5-88,Lairon,Pokémon,Stage 1,swsh12pt5,40,29
swsh7-105,Thievul,Pokémon,Stage 1,swsh7,271,2
bw4-34,Frillish,Pokémon,Basic,bw4,38,29
sv10-142,Steven's Skarmory,Pokémon,Basic,sv10,82,21
neo1-70,Pikachu,Pokémon,Basic,neo1,284,21
bw5-23,Slowpoke,Pokémon,Basic,bw5,267,21
swsh8-203,Blissey,Pokémon,Stage 1,swsh8,71,2
sv10-241,Cynthia's Garchomp ex,Pokémon,"Stage 2,ex",sv10,76,1
sv4pt5-130,Baxcalibur,Pokémon,Stage 2,sv4pt5,376,31
sv8pt5-153,Jolteon ex,Pokémon,"Stage 1,Tera,ex",sv8pt5,,5
sm2-118,Altar of the Sunne,Trainer,Stadium,sm2,76,29
sm6-23,Frogadier,Pokémon,Stage 1,sm6,340,29
sv1-246,Great Tusk ex,Pokémon,"Basic,ex",sv1,187,5
swsh12pt5-62,Lunatone,Pokémon,Basic,swsh12pt5,304,29
sm11-58,Magnemite,Pokémon,Basic,sm11,129,21
swsh7-73,Florges,Pokémon,"Stage 2,Rapid Strike",swsh7,162,34
sm6-146,Unit Energy FightingDarknessFairy,Energy,Special,sm6,,27
neo2-34,Ursaring,Pokémon,Stage 1,neo2,284,2
pop5-14,Pelipper δ,Pokémon,Stage 1,pop5,108,21
sm2-121,Choice Band,Trainer,Pokémon Tool,sm2,297,29
xy9-34,Palpitoad,Pokémon,Stage 1,xy9,281,29
sv1-62,Tatsugiri,Pokémon,Basic,sv1,140,29
swsh8-195,Goomy,Pokémon,Basic,swsh8,189,21
swsh12-50,Raichu,Pokémon,Stage 1,swsh12,184,29
sv3pt5-118,Goldeen,Pokémon,Basic,sv3pt5,61,21
dp6-30,Heatran,Pokémon,Basic,dp6,112,2
sv10-185,Shaymin,Pokémon,Basic,sv10,338,7
sm2-58,Mimikyu,Pokémon,Basic,sm2,184,34
swsh8-127,Indeedee,Pokémon,Basic,swsh8,6,21
me1-130,Switch,Trainer,Item,me1,,21
sm11-209,Tag Switch,Trainer,Item,sm11,355,29
zsv10pt5-98,Darmanitan,Pokémon,Stage 1,zsv10pt5,82,7
sm12-120,Pangoro,Pokémon,Stage 1,sm12,317,29
sv2-65,Magnemite,Pokémon,Basic,sv2,242,21
swsh5-4,Cacnea,Pokémon,Basic,swsh5,326,21
sm6-7,Spewpa,Pokémon,Stage 1,sm6,189,29
dp3-57,Nidorino,Pokémon,Stage 1,dp3,284,29
sv7-93,Pangoro,Pokémon,Stage 1,sv7,,29
sm9-195,Metal Goggles,Trainer,Pokémon Tool,sm9,355,27
sv5-65,Azumarill,Pokémon,Stage 1,sv5,168,21
sm8-3,Scyther,Pokémon,Basic,sm8,112,21
sv7-90,Koraidon,Pokémon,Basic,sv7,,29
sv8-108,Drilbur,Pokémon,Basic,sv8,,21
pl2-13,Shiftry,Pokémon,Stage 2,pl2,162,34
swsh6-15,Tsareena,Pokémon,Stage 2,swsh6,55,2
xy12-57,Machop,Pokémon,Basic,xy12,108,21
smp-SM167,Celebi & Venusaur-GX,Pokémon,"Basic,TAG TEAM,GX",smp,317,38
sv8pt5-135,Brassius,Trainer,Supporter,sv8pt5,,32
ecard2-68,Bellsprout,Pokémon,Basic,ecard2,5,21
basep-33,Scizor,Pokémon,Stage 1,basep,372,38
ex9-89,Multi Energy,Energy,Special,ex9,50,2
sm3-97,Morelull,Pokémon,Basic,sm3,75,21
base5-4,Dark Charizard,Pokémon,Stage 2,base5,116,34
neo4-15,Light Togetic,Pokémon,Stage 1,neo4,284,34
gym2-27,Koga's Pidgeotto,Pokémon,Stage 1,gym2,116,2
svp-1,Sprigatito,Pokémon,Basic,svp,55,38
dp7-89,Poké Drawer +,Trainer,Item,dp7,232,29
base6-40,Dewgong,Pokémon,Stage 1,base6,108,29
sm10-31,Salazzle,Pokémon,Stage 1,sm10,134,2
xy3-12,Torchic,Pokémon,Basic,xy3,351,21
xy6-77,Shaymin-EX,Pokémon,"Basic,EX",xy6,281,33
rsv10pt5-111,Vanillite,Pokémon,Basic,rsv10pt5,40,7
sm11-113,Gabite,Pokémon,Stage 1,sm11,172,29
ex12-46,Vibrava,Pokémon,Stage 1,ex12,191,29
svp-168,Vaporeon,Pokémon,Stage 1,svp,256,38
sv4-164,Future Booster Energy Capsule,Trainer,"Pokémon Tool,Future",sv4,76,29
swsh7-162,Switching Cups,Trainer,Item,swsh7,232,29
swsh6-143,Justified Gloves,Trainer,Pokémon Tool,swsh6,334,29
bwp-BW30,Victory Cup,Trainer,Item,bwp,76,38
swsh6-75,Shadow Rider Calyrex VMAX,Pokémon,VMAX,swsh6,76,25
swsh8-270,Espeon VMAX,Pokémon,VMAX,swsh8,112,20
swsh11tg-TG17,Pikachu VMAX,Pokémon,VMAX,swsh11tg,224,25
smp-SM62,Golisopod-GX,Pokémon,"Stage 1,GX",smp,76,38
swshp-SWSH111,Galarian Rapidash V,Pokémon,"Basic,V",swshp,115,38
gym1-12,Rocket's Moltres,Pokémon,Basic,gym1,116,34
dv1-16,Haxorus,Pokémon,Stage 2,dv1,297,34
xy7-83,Flash Energy,Energy,Special,xy7,76,29
bw9-38,Thundurus-EX,Pokémon,"Basic,EX,Team Plasma",bw9,297,33
pl1-52,Lombre,Pokémon,Stage 1,pl1,198,29
ex16-85,Mysterious Fossil,Trainer,Item,ex16,232,21
bp-2,Hitmonchan,Pokémon,Basic,bp,116,38
bw3-43,Victini,Pokémon,Basic,bw3,317,2
sv4pt5-243,Miraidon ex,Pokémon,"Basic,ex",sv4pt5,76,1
xy12-113,Here Comes Team Rocket!,Trainer,Supporter,xy12,116,27
sm11-87,Cresselia,Pokémon,Basic,sm11,184,29
sm5-15,Shaymin,Pokémon,Basic,sm5,71,34
gym1-53,Misty's Poliwhirl,Pokémon,Stage 1,gym1,116,29
sv6-157,Lucian,Trainer,Supporter,sv6,357,29
swshp-SWSH277,Rillaboom,Pokémon,"Stage 2,Rapid Strike",swshp,260,38
swsh6-42,Drizzile,Pokémon,"Stage 1,Rapid Strike",swsh6,108,29
swsh12pt5-137,Poké Ball,Trainer,Item,swsh12pt5,296,21
ex14-70,Wingull,Pokémon,Basic,ex14,198,21
neo4-52,Light Vaporeon,Pokémon,Stage 1,neo4,162,29
swsh6-96,Galarian Weezing,Pokémon,Stage 1,swsh6,189,2
sv7-142,Sparkling Crystal,Trainer,"Pokémon Tool,ACE SPEC",sv7,,19
gym1-70,Brock's Rhyhorn,Pokémon,Basic,gym1,116,21
bw10-53,Archen,Pokémon,Restored,bw10,71,29
swsh12-106,Murkrow,Pokémon,Basic,swsh12,303,21
sv8pt5-145,Teal Mask Ogerpon ex,Pokémon,"Basic,Tera,ex",sv8pt5,,5
sv6-162,Scoop Up Cyclone,Trainer,"Item,ACE SPEC",sv6,334,19
sm7-95,Metagross,Pokémon,Stage 2,sm7,142,34
swsh9tg-TG01,Flareon,Pokémon,Stage 1,swsh9tg,273,37
sv8pt5-115,Larry's Skill,Trainer,Supporter,sv8pt5,,21
sv4-176,Technical Machine: Blindside,Trainer,Pokémon Tool,sv4,296,29
gym2-53,Lt. Surge's Raticate,Pokémon,Stage 1,gym2,116,29
xyp-XY110,Mew,Pokémon,Basic,xyp,112,38
dp3-30,Jynx,Pokémon,Basic,dp3,162,2
sm8-49,Victini,Pokémon,Basic,sm8,129,2
svp-136,Bouffalant,Pokémon,Basic,svp,247,38
xy1-101,Dunsparce,Pokémon,Basic,xy1,284,29
swsh10-167,Origin Forme Palkia V,Pokémon,"Basic,V",swsh10,145,28
dp3-58,Pidgeotto,Pokémon,Stage 1,dp3,116,29
col1-90,Water Energy,Energy,Basic,col1,,21
base1-72,Devolution Spray,Trainer,,base1,307,2
xy3-25,Amaura,Pokémon,Restored,xy3,76,29
sv1-254,Koraidon ex,Pokémon,"Basic,ex",sv1,207,1
sv4pt5-82,Nemona,Trainer,Supporter,sv4pt5,351,21
swsh1-60,Chewtle,Pokémon,Basic,swsh1,40,21
swsh6-28,Cinderace,Pokémon,"Stage 2,Single Strike",swsh6,66,34
ecard3-75,Magikarp,Pokémon,Basic,ecard3,5,21
base5-62,Meowth,Pokémon,Basic,base5,191,21
xy7-30,Unown,Pokémon,Basic,xy7,340,21
sv8-110,Landorus,Pokémon,Basic,sv8,,2
xy7-77,Lucky Helmet,Trainer,Pokémon Tool,xy7,334,29
swsh12pt5-105,Radiant Eternatus,Pokémon,"Basic,Radiant",swsh12pt5,162,22
xy5-36,Swampert,Pokémon,Stage 2,xy5,317,34
dp1-30,Lopunny,Pokémon,Stage 1,dp1,162,2
hgss3-73,Energy Exchanger,Trainer,Item,hgss3,232,29
ex5-11,Metagross,Pokémon,Stage 2,ex5,112,34
bw5-61,Umbreon,Pokémon,Stage 1,bw5,112,29
bw11-31,Gyarados,Pokémon,Stage 1,bw11,134,2
base4-5,Clefable,Pokémon,Stage 1,base4,108,34
sm8-159,Lugia-GX,Pokémon,"Basic,GX",sm8,72,10
dp2-53,Lairon,Pokémon,Stage 1,dp2,198,29
swsh8-119,Mawile,Pokémon,Basic,swsh8,112,21
xyp-XY28,Venusaur-EX,Pokémon,"Basic,EX",xyp,297,38
ex3-99,Charmeleon,Pokémon,Stage 1,ex3,108,27
sv8pt5-108,Festival Grounds,Trainer,Stadium,sv8pt5,,29
sv8-205,Phanpy,Pokémon,Basic,sv8,,7
xy7-66,Porygon-Z,Pokémon,Stage 2,xy7,142,2
pl3-39,Primeape,Pokémon,Stage 1,pl3,198,2
xy11-28,Shellos,Pokémon,Basic,xy11,351,21
bw11-99,Hydreigon,Pokémon,Stage 2,bw11,17,34
xy1-133,Fire Energy,Energy,Basic,xy1,,21
ecard2-36,Sudowoodo,Pokémon,Basic,ecard2,162,2
sm5-13,Leafeon-GX,Pokémon,"Stage 1,GX",sm5,76,10
xyp-XY37,Torchic,Pokémon,Basic,xyp,254,38
col1-37,Ursaring,Pokémon,Stage 1,col1,112,2
bw11-4,Cherubi,Pokémon,Basic,bw11,191,29
sv9-47,Iono's Voltorb,Pokémon,Basic,sv9,342,21
swsh2-209,Twin Energy,Energy,Special,swsh2,,27
sm4-87,Bunnelby,Pokémon,Basic,sm4,215,21
rsv10pt5-146,Deino,Pokémon,Basic,rsv10pt5,151,7
ex5-87,Ancient Tomb,Trainer,Stadium,ex5,347,29
swsh3-110,Hydreigon,Pokémon,Stage 2,swsh3,73,2
sv8pt5-11,Hydrapple ex,Pokémon,"Stage 2,ex",sv8pt5,,14
xy0-21,Honedge,Pokémon,Basic,xy0,76,13
xyp-XY34,Metagross-EX,Pokémon,"Basic,EX",xyp,216,38
pl3-72,Murkrow,Pokémon,Basic,pl3,293,29
xy5-1,Weedle,Pokémon,Basic,xy5,198,21
xy2-63,Flabébé,Pokémon,Basic,xy2,76,21
base5-63,Oddish,Pokémon,Basic,base5,162,21
me2-46,Bramblin,Pokémon,Basic,me2,360,21
sm115-49,Eevee,Pokémon,Basic,sm115,75,21
svp-206,Marnie's Morpeko,Pokémon,Basic,svp,97,38
sm7-40,Wailord,Pokémon,Stage 1,sm7,277,2
xy5-59,Electrike,Pokémon,Basic,xy5,125,21
np-21,Jirachi,Pokémon,Basic,np,191,38
ex1-65,Poochyena,Pokémon,Basic,ex1,284,21
swsh3-17,Wimpod,Pokémon,Basic,swsh3,267,21
swsh12pt5gg-GG10,Mew,Pokémon,Basic,swsh12pt5gg,196,37
sv8pt5-43,Flutter Mane,Pokémon,"Basic,Ancient",sv8pt5,,2
sm115-53,Brock's Grit,Trainer,Supporter,sm115,184,29
sm75-21,Lapras,Pokémon,Basic,sm75,332,29
sm9-125,Meowth,Pokémon,Basic,sm9,116,21
ecard1-69,Vileplume,Pokémon,Stage 2,ecard1,189,2
pl2-59,Eevee,Pokémon,Basic,pl2,284,21
col1-27,Meganium,Pokémon,Stage 2,col1,317,2
swsh12pt5-102,Rayquaza VMAX,Pokémon,"VMAX,Rapid Strike",swsh12pt5,76,25
xy12-98,Metal Energy,Energy,Basic,xy12,,21
swsh9-185,Magma Basin,Trainer,Stadium,swsh9,80,27
sv10-118,Team Rocket's Nidorino,Pokémon,Stage 1,sv10,105,21
gym1-69,Brock's Onix,Pokémon,Basic,gym1,116,21
xy11-38,Mareep,Pokémon,Basic,xy11,377,21
ex11-99,Master Ball,Trainer,Item,ex11,307,29
sv4pt5-41,Flittle,Pokémon,Basic,sv4pt5,73,21
sm75-74,White Kyurem-GX,Pokémon,"Basic,GX",sm75,76,20
gym2-72,Giovanni's Machop,Pokémon,Basic,gym2,116,21
me1-156,Mega Camerupt ex,Pokémon,"Stage 1,MEGA,ex",me1,,32
swsh45sv-SV026,Drizzile,Pokémon,Stage 1,swsh45sv,66,9
me2-34,Pawmot,Pokémon,Stage 2,me2,103,2
swsh7-231,Full Face Guard,Trainer,"Item,Pokémon Tool",swsh7,26,27
swsh10-134,Wyrdeer V,Pokémon,"Basic,V",swsh10,207,16
zsv10pt5-107,Carracosta,Pokémon,Stage 2,zsv10pt5,360,7
bw2-30,Beartic,Pokémon,Stage 1,bw2,112,34
bw11-90,Zoroark,Pokémon,Stage 1,bw11,167,34
ex9-23,Camerupt,Pokémon,Stage 1,ex9,117,29
sv5-211,Morty's Conviction,Trainer,Supporter,sv5,184,5
zsv10pt5-89,Pansage,Pokémon,Basic,zsv10pt5,47,7
dp6-44,Victreebel,Pokémon,Stage 2,dp6,112,2
swsh12-7,Serperior V,Pokémon,"Basic,V",swsh12,281,16
swsh2-6,Heracross,Pokémon,Basic,swsh2,143,29
pl3-71,Minun,Pokémon,Basic,pl3,43,29
svp-76,Sprigatito,Pokémon,Basic,svp,346,38
sv4pt5-171,Annihilape,Pokémon,Stage 2,sv4pt5,75,31
pl4-69,Nosepass,Pokémon,Basic,pl4,198,21
sm2-128,Max Potion,Trainer,Item,sm2,334,29
swsh1-62,Cramorant,Pokémon,Basic,swsh1,317,2
sm3-60,Meowstic,Pokémon,Stage 1,sm3,277,2
rsv10pt5-66,Zweilous,Pokémon,Stage 1,rsv10pt5,183,21
gym2-112,Blaine's Quiz #3,Trainer,,gym2,116,29
ex1-59,Mudkip,Pokémon,Basic,ex1,108,21
swsh9-170,Kindler,Trainer,Supporter,swsh9,75,28
swsh12-92,Donphan,Pokémon,Stage 1,swsh12,277,29
swsh4-110,Trubbish,Pokémon,Basic,swsh4,271,21
xyp-XY84,Pikachu-EX,Pokémon,"Basic,EX",xyp,75,38
hgss4-82,Volbeat,Pokémon,Basic,hgss4,79,21
sv10-126,Team Rocket's Weezing,Pokémon,Stage 1,sv10,210,29
sv1-14,Floragato,Pokémon,Stage 1,sv1,112,29
gym1-57,Misty's Tentacool,Pokémon,Basic,gym1,116,29
swsh35-65,Sonia,Trainer,Supporter,swsh35,171,29
swsh12-27,Delphox,Pokémon,Stage 2,swsh12,146,2
sv3-109,Whiscash,Pokémon,Stage 1,sv3,131,29
dv1-20,Super Rod,Trainer,Item,dv1,76,34
xy10-62,Bronzong BREAK,Pokémon,BREAK,xy10,76,15
hgss4-9,Solrock,Pokémon,Basic,hgss4,112,34
ecard3-32,Umbreon,Pokémon,Stage 1,ecard3,191,2
hgss1-32,Typhlosion,Pokémon,Stage 2,hgss1,162,2
sv3-122,Glimmet,Pokémon,Basic,sv3,94,21
dp1-37,Snorlax,Pokémon,Basic,dp1,116,2
base4-6,Clefairy,Pokémon,Basic,base4,116,34
sm12-57,Phione,Pokémon,Basic,sm12,305,2
g1-8,Tangela,Pokémon,Basic,g1,167,21
sv4-145,Aipom,Pokémon,Basic,sv4,7,21
sv7-46,Electabuzz,Pokémon,Basic,sv7,,21
xy5-29,Camerupt-EX,Pokémon,"Basic,EX",xy5,297,33
smp-SM66,Pheromosa-GX,Pokémon,"Basic,GX,Ultra Beast",smp,76,38
swsh1-132,Galarian Stunfisk,Pokémon,Basic,swsh1,112,29
sm8-225,Alolan Ninetales-GX,Pokémon,"Stage 1,GX",sm8,76,20
gym2-42,Giovanni's Machoke,Pokémon,Stage 1,gym2,116,29
sm9-124,Pidgeot,Pokémon,Stage 2,sm9,340,2
ex16-4,Banette,Pokémon,Stage 1,ex16,116,34
sv1-180,Nemona,Trainer,Supporter,sv1,351,21
smp-SM45,Tapu Lele,Pokémon,Basic,smp,273,38
sv7-111,Raging Bolt,Pokémon,"Basic,Ancient",sv7,,2
gym1-88,Misty's Seel,Pokémon,Basic,gym1,191,21
xy0-11,Panpour,Pokémon,Basic,xy0,317,13
gym2-78,Koga's Grimer,Pokémon,Basic,gym2,116,21
xy2-51,Sneasel,Pokémon,Basic,xy2,167,21
swshp-SWSH198,Pikachu V,Pokémon,"Basic,V",swshp,76,38
hgss3-84,Scizor,Pokémon,"Stage 1,Prime",hgss3,253,23
col1-70,Slowpoke,Pokémon,Basic,col1,125,21
ex12-27,Torkoal,Pokémon,Basic,ex12,191,2
np-34,Typhlosion,Pokémon,Stage 2,np,163,38
swsh6-85,Crabominable,Pokémon,Stage 1,swsh6,90,29
xy9-9,Durant,Pokémon,Basic,xy9,112,29
swsh1-212,Zamazenta V,Pokémon,"Basic,V",swsh1,207,27
me2-111,Rotom ex,Pokémon,"Basic,ex",me2,76,32
sm12-232,N's Resolve,Trainer,Supporter,sm12,137,28
sm5-94,Tapu Lele,Pokémon,Basic,sm5,317,2
swsh11tg-TG02,Roserade,Pokémon,Stage 1,swsh11tg,47,37
dp4-41,Hariyama,Pokémon,Stage 1,dp4,108,29
smp-SM38,Incineroar-GX,Pokémon,"Stage 2,GX",smp,76,38
swsh35-16,Gardevoir V,Pokémon,"Basic,V",swsh35,162,16
swsh8-202,Chansey,Pokémon,Basic,swsh8,58,21
swsh8-82,Arrokuda,Pokémon,Basic,swsh8,189,21
hgss4-61,Diglett,Pokémon,Basic,hgss4,298,21
svp-30,Chien-Pao ex,Pokémon,"Basic,ex",svp,207,38
sv2-111,Pupitar,Pokémon,Stage 1,sv2,90,29
sv9-63,Metagross,Pokémon,Stage 2,sv9,108,2
ex6-58,Charmander,Pokémon,Basic,ex6,198,21
pl3-41,Sableye G,Pokémon,"Basic,SP",pl3,203,2
swsh3-87,Pupitar,Pokémon,Stage 1,swsh3,333,29
swsh2-54,Eiscue,Pokémon,Basic,swsh2,162,34
swsh3-107,Liepard,Pokémon,Stage 1,swsh3,264,2
neo1-52,Xatu,Pokémon,Stage 1,neo1,116,29
dp3-126,Team Galactic's Mars,Trainer,Supporter,dp3,116,29
bw1-96,PlusPower,Trainer,Item,bw1,76,29
sv3-183,Oinkologne,Pokémon,Stage 1,sv3,187,29
ex16-48,Charmander,Pokémon,Basic,ex16,34,21
sm9-16,Ninetales,Pokémon,Stage 1,sm9,273,2
hgss1-92,Fisherman,Trainer,Supporter,hgss1,194,29
swsh12pt5gg-GG34,Mareep,Pokémon,Basic,swsh12pt5gg,112,37
mcd22-8,Chinchou,Pokémon,Basic,mcd22,129,13
sm8-55,Slowking,Pokémon,Stage 1,sm8,129,2
sm5-151,Lillie,Trainer,Supporter,sm5,292,28
xy8-1,Paras,Pokémon,Basic,xy8,163,21
hgss1-28,Pichu,Pokémon,Basic,hgss1,167,2
xy3-48,Hitmonchan,Pokémon,Basic,xy3,167,29
swshp-SWSH281,Regidrago V,Pokémon,"Basic,V",swshp,83,38
xy1-118,Great Ball,Trainer,Item,xy1,334,29
ex11-54,Shelgon δ,Pokémon,Stage 1,ex11,108,29
sm6-34,Magnemite,Pokémon,Basic,sm6,267,21
bw3-73,Terrakion,Pokémon,Basic,bw3,76,34
zsv10pt5-73,Unfezant,Pokémon,Stage 2,zsv10pt5,101,29
sv4-22,Volcanion,Pokémon,Basic,sv4,82,2
pgo-4,Radiant Venusaur,Pokémon,"Basic,Radiant",pgo,6,22
bw4-22,Reshiram-EX,Pokémon,"Basic,EX",bw4,298,33
ex6-34,Haunter,Pokémon,Stage 1,ex6,116,29
swsh8-214,Bunnelby,Pokémon,Basic,swsh8,6,21
sv6pt5-72,Munkidori,Pokémon,Basic,sv6pt5,,7
pl4-81,Wingull,Pokémon,Basic,pl4,284,21
ex1-49,Aron,Pokémon,Basic,ex1,108,21
xyp-XY204,Gym Badge,Trainer,Item,xyp,232,38
pl3-129,Starly,Pokémon,Basic,pl3,108,21
ex4-12,Team Magma's Torkoal,Pokémon,Basic,ex4,65,34
sm8-194,Memory Energy,Energy,Special,sm8,,29
ex11-40,Ditto,Pokémon,Basic,ex11,43,29
sv1-133,Bisharp,Pokémon,Stage 1,sv1,37,21
zsv10pt5-60,Escavalier,Pokémon,Stage 1,zsv10pt5,260,29
swsh10-115,Pawniard,Pokémon,Basic,swsh10,17,21
swsh12pt5-99,Zamazenta VSTAR,Pokémon,VSTAR,swsh12pt5,76,24
ecard3-9,Forretress,Pokémon,Stage 1,ecard3,198,2
swsh45-20,Horsea,Pokémon,Basic,swsh45,256,21
sm115-13,Staryu,Pokémon,Basic,sm115,116,21
sv2-6,Heracross,Pokémon,Basic,sv2,376,29
bw8-9,Swadloon,Pokémon,Stage 1,bw8,271,29
sm11-253,Reset Stamp,Trainer,Item,sm11,60,27
dp5-65,Glameow,Pokémon,Basic,dp5,117,21
sv6-73,Tadbulb,Pokémon,Basic,sv6,122,21
sm10-16,Tangela,Pokémon,Basic,sm10,284,21
swsh12pt5-52,Zeraora,Pokémon,Basic,swsh12pt5,12,2
gym1-85,Misty's Goldeen,Pokémon,Basic,gym1,191,21
sm1-89,Solgaleo-GX,Pokémon,"Stage 2,GX",sm1,216,10
dp4-25,Milotic,Pokémon,Stage 1,dp4,38,2
sv6pt5-93,Pecharunt ex,Pokémon,"Basic,ex",sv6pt5,,5
swsh7-59,Dracozolt VMAX,Pokémon,VMAX,swsh7,76,25
hgss4-30,Sharpedo,Pokémon,Stage 1,hgss4,267,2
dp2-58,Parasect,Pokémon,Stage 1,dp2,117,29
sv10-134,Marnie's Impidimp,Pokémon,Basic,sv10,105,21
ex6-72,Paras,Pokémon,Basic,ex6,43,21
sv4pt5-145,Wattrel,Pokémon,Basic,sv4pt5,104,31
sv7-124,Wooloo,Pokémon,Basic,sv7,,21
gym2-81,Koga's Tangela,Pokémon,Basic,gym2,191,21
xyp-XY77,Dialga,Pokémon,Basic,xyp,142,38
sv3pt5-95,Onix,Pokémon,Basic,sv3pt5,317,29
bw6-39,Flaaffy,Pokémon,Stage 1,bw6,191,29
sm2-72,Pancham,Pokémon,Basic,sm2,142,21
swsh11tg-TG21,Eternatus V,Pokémon,"Basic,V",swsh11tg,183,16
swsh10-159,Zisu,Trainer,Supporter,swsh10,215,29
base4-85,Paras,Pokémon,Basic,base4,116,21
dp2-79,Cyndaquil,Pokémon,Basic,dp2,117,21
sm35-32,Raikou,Pokémon,Basic,sm35,108,34
sm5-76,Skuntank,Pokémon,Stage 1,sm5,296,29
swsh45sv-SV041,Toxel,Pokémon,Basic,swsh45sv,112,9
sv9-180,Iris's Fighting Spirit,Trainer,Supporter,sv9,156,32
neo1-110,Psychic Energy,Energy,Basic,neo1,307,13
hgss2-92,Raikou & Suicune LEGEND,Pokémon,LEGEND,hgss2,86,11
g1-82,Metal Energy,Energy,Basic,g1,,21
dp4-40,Grovyle,Pokémon,Stage 1,dp4,162,21
swsh12-191,Gym Trainer,Trainer,Supporter,swsh12,37,28
base6-56,Nidorino,Pokémon,Stage 1,base6,108,29
xyp-XY70,Tyrantrum-EX,Pokémon,"Basic,EX",xyp,297,38
swsh2-198,Malamar VMAX,Pokémon,VMAX,swsh2,76,20
base6-76,Gastly,Pokémon,Basic,base6,108,21
hgss1-65,Growlithe,Pokémon,Basic,hgss1,292,21
sv4-91,Gligar,Pokémon,Basic,sv4,12,21
sm1-98,Fearow,Pokémon,Stage 1,sm1,37,21
sv3-77,Bellibolt,Pokémon,Stage 1,sv3,112,29
ecard3-7,Dewgong,Pokémon,Stage 1,ecard3,112,2
xy2-41,Toxicroak-EX,Pokémon,"Basic,EX",xy2,216,33
swshp-SWSH095,Eevee,Pokémon,Basic,swshp,292,38
swsh45-32,Luxio,Pokémon,Stage 1,swsh45,81,29
bw3-53,Reuniclus,Pokémon,Stage 2,bw3,71,2
ex11-25,Porygon2,Pokémon,Stage 1,ex11,294,2
dp2-17,Tyranitar,Pokémon,Stage 2,dp2,117,34
sm7-11,Seedot,Pokémon,Basic,sm7,58,21
xy6-71,Swellow,Pokémon,Stage 1,xy6,351,2
g1-RC25,Fletchling,Pokémon,Basic,g1,308,21
sm9-76,Omastar,Pokémon,Stage 2,sm9,215,34
swsh10-86,Kleavor,Pokémon,Stage 1,swsh10,277,34
sv4pt5-127,Tatsugiri,Pokémon,Basic,sv4pt5,162,31
sm12-271,Draw Energy,Energy,Special,sm12,,27
sv4pt5-143,Pawmo,Pokémon,Stage 1,sv4pt5,71,31
swsh12pt5-83,Hoopa,Pokémon,Basic,swsh12pt5,224,34
swsh1-189,Lapras V,Pokémon,"Basic,V",swsh1,76,28
smp-SM245,Mismagius,Pokémon,Stage 1,smp,81,38
base4-27,Mr. Mime,Pokémon,Basic,base4,116,2
gym1-82,Lt. Surge's Rattata,Pokémon,Basic,gym1,116,21
hgss1-8,Noctowl,Pokémon,Stage 1,hgss1,38,34
sv5-158,Reboot Pod,Trainer,"Item,Future,ACE SPEC",sv5,100,19
ex3-35,Magneton,Pokémon,Stage 1,ex3,271,29
xy7-38,Wooper,Pokémon,Basic,xy7,125,21
hgss4-7,Porygon-Z,Pokémon,Stage 2,hgss4,112,34
ex12-58,Magby,Pokémon,Basic,ex12,43,21
sm75-13,Salandit,Pokémon,Basic,sm75,267,21
det1-8,Magikarp,Pokémon,Basic,det1,220,21
neo3-46,Murkrow,Pokémon,Basic,neo3,372,21
hgss1-57,Caterpie,Pokémon,Basic,hgss1,17,21
hgss1-25,Ledian,Pokémon,Stage 1,hgss1,43,2
bw7-47,Keldeo,Pokémon,Basic,bw7,232,34
sv5-201,Morty's Conviction,Trainer,Supporter,sv5,94,32
sm10-41,Tentacruel,Pokémon,Stage 1,sm10,90,29
swsh4-185,Pokémon Center Lady,Trainer,Supporter,swsh4,351,28
swshp-SWSH048,Centiskorch,Pokémon,Stage 1,swshp,214,38
sm2-54,Gothitelle,Pokémon,Stage 2,sm2,108,2
ex10-73,Slugma,Pokémon,Basic,ex10,17,21
sv7-174,Area Zero Underdepths,Trainer,Stadium,sv7,,1
xy3-61,Tyrunt,Pokémon,Restored,xy3,76,29
ex2-37,Fearow,Pokémon,Stage 1,ex2,308,29
swsh8-245,Celebi V,Pokémon,"Basic,V",swsh8,151,28
swsh5-163,Single Strike Style Mustard,Trainer,"Supporter,Single Strike",swsh5,108,28
dp3-28,Golduck,Pokémon,Stage 1,dp3,116,2
sv3pt5-106,Hitmonlee,Pokémon,Basic,sv3pt5,75,29
bw6-98,Hydreigon,Pokémon,Stage 2,bw6,292,2
sv7-148,Squirtle,Pokémon,Basic,sv7,,7
ecard1-90,Pupitar,Pokémon,Stage 1,ecard1,293,29
sv10-209,Ethan's Ho-Oh ex,Pokémon,"Basic,ex",sv10,207,32
zsv10pt5-169,Genesect ex,Pokémon,"Basic,ex",zsv10pt5,91,5
sm4-52,Cubone,Pokémon,Basic,sm4,254,21
swsh8-136,Graveler,Pokémon,Stage 1,swsh8,117,29
sm4-5,Cacnea,Pokémon,Basic,sm4,277,21
swsh5-59,Chimecho,Pokémon,Basic,swsh5,322,21
sv8pt5-98,Black Belt's Training,Trainer,Supporter,sv8pt5,,21
sv4-204,Garbodor,Pokémon,Stage 1,sv4,266,7
sv9-59,Shuppet,Pokémon,Basic,sv9,58,21
gym2-102,Chaos Gym,Trainer,Stadium,gym2,307,2
hgss2-27,Ursaring,Pokémon,Stage 1,hgss2,112,2
sm6-41,Uxie,Pokémon,Basic,sm6,317,29
cel25-11,Mew,Pokémon,Basic,cel25,55,34
sv6pt5-43,Varoom,Pokémon,Basic,sv6pt5,,21
bw1-55,Solosis,Pokémon,Basic,bw1,267,21
xy1-67,Conkeldurr,Pokémon,Stage 2,xy1,117,2
sv4-138,Orthworm,Pokémon,Basic,sv4,187,29
swsh12-148,Rufflet,Pokémon,Basic,swsh12,346,21
swsh1-23,Ninetales,Pokémon,Stage 1,swsh1,358,2
gym1-17,Lt. Surge,Trainer,,gym1,116,34
ex12-72,Cursed Stone,Trainer,Stadium,ex12,232,29
swsh3-91,Flygon,Pokémon,Stage 2,swsh3,134,2
dp1-36,Purugly,Pokémon,Stage 1,dp1,117,2
hgss1-64,Girafarig,Pokémon,Basic,hgss1,189,21
svp-79,Fuecoco,Pokémon,Basic,svp,140,38
base1-100,Lightning Energy,Energy,Basic,base1,307,13
hsp-HGSS02,Lugia,Pokémon,Basic,hsp,202,38
sv8-79,Mesprit,Pokémon,Basic,sv8,,21
sv5-138,Drampa,Pokémon,Basic,sv5,286,2
sv6-122,Aggron,Pokémon,Stage 2,sv6,31,29
xy12-94,Lightning Energy,Energy,Basic,xy12,,21
sv4-76,Cofagrigus ex,Pokémon,"Stage 1,ex",sv4,73,14
basep-22,Articuno,Pokémon,Basic,basep,286,38
sm12-234,Red & Blue,Trainer,"Supporter,TAG TEAM",sm12,75,28
swsh10-118,Regidrago,Pokémon,Basic,swsh10,260,2
zsv10pt5-139,Klink,Pokémon,Basic,zsv10pt5,119,7
rsv10pt5-8,Shelmet,Pokémon,Basic,rsv10pt5,323,21
sv9-161,Articuno,Pokémon,Basic,sv9,375,7
pl4-83,Bench Shield,Trainer,Pokémon Tool,pl4,374,29
me1-169,Lillie's Determination,Trainer,Supporter,me1,,32
sm1-40,Brionne,Pokémon,Stage 1,sm1,332,29
rsv10pt5-94,Accelgor,Pokémon,Stage 1,rsv10pt5,237,7
ex7-14,Togetic,Pokémon,Stage 1,ex7,125,34
me1-103,Fearow,Pokémon,Stage 1,me1,,21
ex13-23,Mawile,Pokémon,Basic,ex13,108,2
swshp-SWSH007,Frosmoth,Pokémon,Stage 1,swshp,215,38
sm12-230,Lillie's Full Force,Trainer,Supporter,sm12,249,28
ex13-33,Torkoal,Pokémon,Basic,ex13,108,2
bw2-46,Gothorita,Pokémon,Stage 1,bw2,292,29
dp1-47,Dusclops,Pokémon,Stage 1,dp1,112,29
bw2-69,Mandibuzz,Pokémon,Stage 1,bw2,108,2
pl3-77,Raichu,Pokémon,Stage 1,pl3,331,29
sma-SV72,Scizor-GX,Pokémon,"Stage 1,GX",sma,76,35
sm8-83,Stunfisk,Pokémon,Basic,sm8,116,21
base5-50,Charmander,Pokémon,Basic,base5,162,21
pl1-37,Palkia,Pokémon,Basic,pl1,79,2
swsh10-136,Canceling Cologne,Trainer,Item,swsh10,296,29
swsh12pt5-80,Pangoro,Pokémon,Stage 1,swsh12pt5,146,2
sv4pt5-152,Xatu,Pokémon,Stage 1,sv4pt5,214,31
swsh5-94,Honchkrow,Pokémon,Stage 1,swsh5,189,29
sm12-164,Ultra Necrozma,Pokémon,"Basic,Ultra Beast",sm12,264,34
bw7-48,Keldeo,Pokémon,Basic,bw7,292,2
sm6-30,Avalugg,Pokémon,Stage 1,sm6,129,2
sv4pt5-154,Kirlia,Pokémon,Stage 1,sv4pt5,66,31
sma-SV14,Xurkitree,Pokémon,"Basic,Ultra Beast",sma,292,9
ex15-3,Heracross δ,Pokémon,Basic,ex15,108,34
neo1-76,Stantler,Pokémon,Basic,neo1,116,21
base4-53,Nidorina,Pokémon,Stage 1,base4,116,29
base1-95,Switch,Trainer,,base1,307,21
sv4-106,Flamigo,Pokémon,Basic,sv4,277,21
xy10-21,White Kyurem,Pokémon,Basic,xy10,73,34
neo1-108,Grass Energy,Energy,Basic,neo1,307,13
dp7-53,Bagon,Pokémon,Basic,dp7,308,21
sv8pt5-113,Kieran,Trainer,Supporter,sv8pt5,,29
sv7-101,Klinklang,Pokémon,Stage 2,sv7,,2
swsh12-129,Dratini,Pokémon,Basic,swsh12,346,21
swsh45-41,Koffing,Pokémon,Basic,swsh45,187,21
swsh4-20,Orbeetle V,Pokémon,"Basic,V",swsh4,76,16
bw11-RC9,Kirlia,Pokémon,Stage 1,bw11,162,21
bw6-78,Aron,Pokémon,Basic,bw6,125,21
ex3-78,Trapinch,Pokémon,Basic,ex3,43,21
neo2-18,Beedrill,Pokémon,Stage 2,neo2,308,2
swshp-SWSH050,Charizard V,Pokémon,"Basic,V",swshp,76,38
swsh7-44,Bergmite,Pokémon,Basic,swsh7,215,21
np-33,Zapdos ex,Pokémon,"Basic,EX",np,65,38
swsh35-1,Venusaur V,Pokémon,"Basic,V",swsh35,336,16
sm8-201,Zeraora-GX,Pokémon,"Basic,GX",sm8,218,28
sv4-62,Blitzle,Pokémon,Basic,sv4,325,21
swsh4-75,Cottonee,Pokémon,Basic,swsh4,71,21
sm6-51,Malamar,Pokémon,Stage 1,sm6,273,2
sm12-254,Solgaleo & Lunala-GX,Pokémon,"Basic,TAG TEAM,GX",sm12,37,20
swsh35-18,Hatenna,Pokémon,Basic,swsh35,340,21
swsh12-44,Relicanth,Pokémon,Basic,swsh12,172,21
sm1-49,Chinchou,Pokémon,Basic,sm1,281,21
rsv10pt5-5,Whimsicott ex,Pokémon,"Stage 1,ex",rsv10pt5,76,14
sm1-38,Pelipper,Pokémon,Stage 1,sm1,125,29
swsh10tg-TG10,Galarian Obstagoon,Pokémon,Stage 2,swsh10tg,376,37
swshp-SWSH257,Rotom V,Pokémon,"Basic,V",swshp,76,38
swsh12-65,Unown V,Pokémon,"Basic,V",swsh12,275,16
ex10-L,Unown,Pokémon,Basic,ex10,240,2
swshp-SWSH151,Jolteon V,Pokémon,"Basic,V",swshp,76,38
sv4-26,Charcadet,Pokémon,Basic,sv4,71,21
sv4pt5-144,Pawmot,Pokémon,Stage 2,sv4pt5,233,31
bwp-BW48,Altaria,Pokémon,Stage 1,bwp,152,38
sm11-72,Espeon & Deoxys-GX,Pokémon,"Basic,TAG TEAM,GX",sm11,108,10
swsh9-157,Pikachu V,Pokémon,"Basic,V",swsh9,76,28
sv6pt5-74,Okidogi,Pokémon,Basic,sv6pt5,,7
sv6-150,Handheld Fan,Trainer,Pokémon Tool,sv6,334,29
xy4-43,Chandelure,Pokémon,Stage 2,xy4,216,34
ex8-38,Manectric,Pokémon,Stage 1,ex8,163,29
sm11-220,Raichu & Alolan Raichu-GX,Pokémon,"Basic,TAG TEAM,GX",sm11,227,28
sv10-153,Team Rocket's Porygon,Pokémon,Basic,sv10,145,21
ecard1-127,Qwilfish,Pokémon,Basic,ecard1,286,21
neo3-50,Remoraid,Pokémon,Basic,neo3,189,21
swsh10-70,Hisuian Growlithe,Pokémon,Basic,swsh10,340,21
neo4-26,Light Piloswine,Pokémon,Stage 1,neo4,293,2
swsh3-11,Rowlet,Pokémon,Basic,swsh3,12,21
dp5-66,Hippopotas,Pokémon,Basic,dp5,79,21
swsh12pt5-10,Kricketot,Pokémon,Basic,swsh12pt5,90,21
sm1-50,Lanturn,Pokémon,Stage 1,sm1,117,2
smp-SM09,Togedemaru,Pokémon,Basic,smp,167,38
hgss2-82,Rare Candy,Trainer,Item,hgss2,253,29
bw6-68,Throh,Pokémon,Basic,bw6,198,29
sm6-74,Diancie ◇,Pokémon,"Basic,Prism Star",sm6,73,18
sv5-121,Miraidon,Pokémon,"Basic,Future",sv5,376,2
ex5-53,Baltoy,Pokémon,Basic,ex5,116,21
sm3-128,Wishful Baton,Trainer,Pokémon Tool,sm3,334,29
dp7-20,Machamp,Pokémon,Stage 2,dp7,117,2
swsh12-17,Vulpix,Pokémon,Basic,swsh12,242,21
ex4-65,Team Magma's Poochyena,Pokémon,Basic,ex4,176,21
swsh8-34,Slugma,Pokémon,Basic,swsh8,143,21
pl2-61,Forretress G,Pokémon,"Basic,SP",pl2,276,21
ecard1-110,Geodude,Pokémon,Basic,ecard1,308,21
xy5-12,Ludicolo,Pokémon,Stage 2,xy5,71,34
sv9-26,N's Darumaka,Pokémon,Basic,sv9,96,21
swsh10-29,Golduck,Pokémon,Stage 1,swsh10,143,29
ex6-11,Poliwrath,Pokémon,Stage 2,ex6,116,34
sv4-222,Tapu Koko ex,Pokémon,"Basic,ex",sv4,72,32
sv2-74,Pawmi,Pokémon,Basic,sv2,129,21
sm3-54,Croagunk,Pokémon,Basic,sm3,292,21
pl2-32,Rhyperior E4,Pokémon,"Basic,SP",pl2,162,2
sm12-231,Mallow & Lana,Trainer,"Supporter,TAG TEAM",sm12,215,28
swsh35-41,Scraggy,Pokémon,Basic,swsh35,58,21
xy10-88,Cinccino,Pokémon,Stage 1,xy10,267,29
sv1-98,Fidough,Pokémon,Basic,sv1,332,21
swsh9-91,Liepard,Pokémon,Stage 1,swsh9,305,2
swsh10-93,Hisuian Sneasler,Pokémon,Stage 1,swsh10,112,34
ex4-59,Team Magma's Aron,Pokémon,Basic,ex4,92,21
sm5-11,Cherrim,Pokémon,Stage 1,sm5,267,29
me1-131,Ultra Ball,Trainer,Item,me1,,21
sm12-166,Eevee,Pokémon,Basic,sm12,44,21
dp5-40,Manectric,Pokémon,Stage 1,dp5,335,29
sm3-37,Simipour,Pokémon,Stage 1,sm3,351,29
swsh6-32,Delibird,Pokémon,Basic,swsh6,304,21
smp-SM226,Charizard,Pokémon,Stage 2,smp,239,38
sm1-5,Parasect,Pokémon,Stage 1,sm1,377,2
me2-12,Charmeleon,Pokémon,Stage 1,me2,9,21
sm10-109,Honchkrow-GX,Pokémon,"Stage 1,GX",sm10,60,10
ex3-18,Ninjask,Pokémon,Stage 1,ex3,163,2
sm35-19,Croconaw,Pokémon,Stage 1,sm35,292,21
ecard2-75,Eevee,Pokémon,Basic,ecard2,198,21
neo4-38,Dark Pupitar,Pokémon,Stage 1,neo4,108,29
sv8-127,Bronzong,Pokémon,Stage 1,sv8,,21
sv3pt5-99,Kingler,Pokémon,Stage 1,sv3pt5,293,29
swsh5-181,Level Ball,Trainer,Item,swsh5,232,27
bw8-126,Virbank City Gym,Trainer,Stadium,bw8,232,29
pl2-71,Nidoran ♀,Pokémon,Basic,pl2,189,21
ex10-75,Spinarak,Pokémon,Basic,ex10,34,21
swsh12pt5gg-GG39,Lumineon V,Pokémon,"Basic,V",swsh12pt5gg,245,16
svp-60,Aegislash,Pokémon,Stage 2,svp,360,38
sv5-28,Slugma,Pokémon,Basic,sv5,287,21
rsv10pt5-22,Dewott,Pokémon,Stage 1,rsv10pt5,118,21
xy8-32,Remoraid,Pokémon,Basic,xy8,38,21
sv4-102,Nacli,Pokémon,Basic,sv4,187,21
sm75-2,Charmeleon,Pokémon,Stage 1,sm75,183,29
xy3-97,Mountain Ring,Trainer,Stadium,xy3,232,29
hgss4-14,Banette,Pokémon,Stage 1,hgss4,232,2
dp1-53,Machoke,Pokémon,Stage 1,dp1,112,29
sv8-99,Primeape,Pokémon,Stage 1,sv8,,21
xy6-14,Fletchinder,Pokémon,Stage 1,xy6,284,29
pgo-39,Solrock,Pokémon,Basic,pgo,333,29
pl4-82,Beginning Door,Trainer,Item,pl4,232,29
xy2-56,Sandile,Pokémon,Basic,xy2,117,21
swsh5-112,Fearow,Pokémon,Stage 1,swsh5,293,29
sv8-148,Swablu,Pokémon,Basic,sv8,,21
swshp-SWSH132,Dragapult,Pokémon,"Stage 2,Prime",swshp,76,38
pl3-14,Yanmega,Pokémon,Stage 1,pl3,117,34
swsh4-182,Leon,Trainer,Supporter,swsh4,37,28
me2-14,Moltres,Pokémon,Basic,me2,342,2
xy8-13,Scatterbug,Pokémon,Basic,xy8,125,21
bw5-63,Darkrai-EX,Pokémon,"Basic,EX",bw5,298,33
sv10-71,Ethan's Pichu,Pokémon,Basic,sv10,304,21
hgss4-26,Machamp,Pokémon,Stage 2,hgss4,317,2
swsh12-54,Emolga,Pokémon,Basic,swsh12,129,21
dp7-86,Luxury Ball,Trainer,Item,dp7,232,29
neo2-57,Larvitar,Pokémon,Basic,neo2,372,21
bw5-87,Herdier,Pokémon,Stage 1,bw5,284,29
bw10-68,Fraxure,Pokémon,Stage 1,bw10,117,29
ex15-80,Professor Oak's Research,Trainer,Supporter,ex15,116,29
xy2-47,Golem,Pokémon,Stage 2,xy2,125,2
bw1-56,Duosion,Pokémon,Stage 1,bw1,317,29
swsh10-182,Choy,Trainer,Supporter,swsh10,75,28
pl4-62,Electrike,Pokémon,Basic,pl4,293,21
bw10-16,Blastoise,Pokémon,Stage 2,bw10,290,34
sv3-116,Rockruff,Pokémon,Basic,sv3,245,21
ecard2-59,Seaking,Pokémon,Stage 1,ecard2,125,29
swsh35-68,Turffield Stadium,Trainer,Stadium,swsh35,207,29
sv5-85,Drilbur,Pokémon,Basic,sv5,106,21
swsh12tg-TG12,Kricketune V,Pokémon,"Basic,V",swsh12tg,12,16
hgss2-47,Cherubi,Pokémon,Basic,hgss2,167,21
hgss3-43,Beldum,Pokémon,Basic,hgss3,142,21
me2-126,Rotom ex,Pokémon,"Basic,ex",me2,45,5
me1-32,Mantine,Pokémon,Basic,me1,,21
swsh12pt5-7,Sunkern,Pokémon,Basic,swsh12pt5,242,21
sm12-24,Rapidash,Pokémon,Stage 1,sm12,6,29
sv4-179,Technical Machine: Turbo Energize,Trainer,Pokémon Tool,sv4,296,29
dp6-82,Unown [?],Pokémon,Basic,dp6,49,29
xyp-XY03,Froakie,Pokémon,Basic,xyp,76,38
swsh12-132,Noibat,Pokémon,Basic,swsh12,90,21
sv6pt5-3,Rowlet,Pokémon,Basic,sv6pt5,,21
sv1-155,Lechonk,Pokémon,Basic,sv1,183,21
ecard2-137,Traveling Salesman,Trainer,Supporter,ecard2,116,29
smp-SM205,Terrakion,Pokémon,Basic,smp,317,38
ex2-6,Jolteon,Pokémon,Stage 1,ex2,191,34
neo4-83,Sunkern,Pokémon,Basic,neo4,321,21
pl1-115,Pokémon Rescue,Trainer,Item,pl1,232,29
sv6pt5-86,Cassiopeia,Trainer,Supporter,sv6pt5,,32
swshp-SWSH150,Vaporeon V,Pokémon,"Basic,V,Rapid Strike",swshp,76,38
ex14-62,Spoink,Pokémon,Basic,ex14,125,21
swsh35-59,Poké Ball,Trainer,Item,swsh35,296,21
gym1-9,Misty's Seadra,Pokémon,Stage 1,gym1,191,34
zsv10pt5-127,Conkeldurr,Pokémon,Stage 2,zsv10pt5,342,7
swsh7-195,Noivern V,Pokémon,"Basic,V",swsh7,281,28
sm11-105,Cubone,Pokémon,Basic,sm11,143,21
basep-46,Electabuzz,Pokémon,Basic,basep,189,38
sm11-112,Gible,Pokémon,Basic,sm11,165,21
swsh9-165,Arceus V,Pokémon,"Basic,V",swsh9,275,28
bw11-RC23,Emolga,Pokémon,Basic,bw11,191,28
xy10-45,Riolu,Pokémon,Basic,xy10,273,21
me2-62,Seviper,Pokémon,Basic,me2,357,29
ecard2-2,Arcanine,Pokémon,Stage 1,ecard2,271,2
dp3-32,Minun,Pokémon,Basic,dp3,117,2
ex2-86,Double Full Heal,Trainer,Item,ex2,232,29
ex11-89,Dual Ball,Trainer,Item,ex11,341,29
pop1-17,Tyranitar ex,Pokémon,"Stage 2,ex",pop1,294,2
neo4-85,Totodile,Pokémon,Basic,neo4,189,21
bw6-86,Gible,Pokémon,Basic,bw6,117,21
dv1-21,Kyurem,Pokémon,Basic,dv1,232,13
sv9-143,Black Belt's Training,Trainer,Supporter,sv9,376,21
xyp-XY59,Salamence,Pokémon,Stage 2,xyp,292,38
ex2-18,Kecleon,Pokémon,Basic,ex2,162,2
swsh4-109,Krookodile,Pokémon,Stage 2,swsh4,66,2
swsh12-40,Milotic,Pokémon,Stage 1,swsh12,105,2
sv3-194,Ryme,Trainer,Supporter,sv3,214,21
bw11-96,Garchomp,Pokémon,Stage 2,bw11,117,34
rsv10pt5-31,Blitzle,Pokémon,Basic,rsv10pt5,109,21
swsh7-99,Scrafty,Pokémon,Stage 1,swsh7,293,29
g1-6,Paras,Pokémon,Basic,g1,308,21
swsh6-135,Dyna Tree Hill,Trainer,Stadium,swsh6,145,29
dp6-83,Beldum,Pokémon,Basic,dp6,125,21
swsh12pt5-6,Scyther,Pokémon,Basic,swsh12pt5,304,21
sv3pt5-179,Mr. Mime,Pokémon,Basic,sv3pt5,140,7
ex16-72,Drake's Stadium,Trainer,Stadium,ex16,232,29
bw4-85,Cinccino,Pokémon,Stage 1,bw4,194,34
sm3-44,Tynamo,Pokémon,Basic,sm3,165,21
me1-135,Exeggutor,Pokémon,Stage 1,me1,,7
ex6-70,Nidoran ♀,Pokémon,Basic,ex6,284,21
sm6-121,Naganadel-GX,Pokémon,"Stage 1,GX,Ultra Beast",sm6,76,28
bw3-40,Eelektrik,Pokémon,Stage 1,bw3,267,29
ex15-57,Nidoran ♂ δ,Pokémon,Basic,ex15,198,21
swsh4-194,Beauty,Trainer,Supporter,swsh4,215,20
sm9-163,Ampharos-GX,Pokémon,"Stage 2,GX",sm9,76,28
sv8pt5-131,Treasure Tracker,Trainer,"Item,ACE SPEC",sv8pt5,,19
sm6-142,Eneporter,Trainer,Item,sm6,334,27
sv8pt5-99,Black Belt's Training,Trainer,Supporter,sv8pt5,,21
ex15-45,Cyndaquil δ,Pokémon,Basic,ex15,191,21
hgss4-51,Unown,Pokémon,Basic,hgss4,299,29
sv8pt5-54,Bloodmoon Ursaluna,Pokémon,Basic,sv8pt5,,2
swshp-SWSH178,Professor's Research,Trainer,Supporter,swshp,314,38
zsv10pt5-99,Larvesta,Pokémon,Basic,zsv10pt5,138,7
sv4pt5-52,Grapploct,Pokémon,Stage 1,sv4pt5,351,29
sv5-7,Breloom,Pokémon,Stage 1,sv5,237,21
xy6-54,Bagon,Pokémon,Basic,xy6,162,21
sv6-25,Teal Mask Ogerpon ex,Pokémon,"Basic,Tera,ex",sv6,76,14
swsh7-230,Crystal Cave,Trainer,Stadium,swsh7,334,27
sv1-182,Pal Pad,Trainer,Item,sv1,296,21
sv7-10,Gossifleur,Pokémon,Basic,sv7,,21
dp2-105,Teddiursa,Pokémon,Basic,dp2,43,21
xy8-44,Vanillish,Pokémon,Stage 1,xy8,162,29
svp-77,Floragato,Pokémon,Stage 1,svp,94,38
base6-42,Fearow,Pokémon,Stage 1,base6,108,29
dp6-35,Poliwrath,Pokémon,Stage 2,dp6,108,2
swsh2-60,Shinx,Pokémon,Basic,swsh2,146,21
sv9-5,Parasect,Pokémon,Stage 1,sv9,63,21
ex3-66,Nincada,Pokémon,Basic,ex3,286,21
sm3-23,Simisear,Pokémon,Stage 1,sm3,215,29
sv6-27,Ninetales,Pokémon,Stage 1,sv6,105,21
sm2-13,Chandelure,Pokémon,Stage 2,sm2,112,34
xy8-153,Houndoom-EX,Pokémon,"Basic,EX",xy8,232,28
swsh5-42,Jellicent,Pokémon,Stage 1,swsh5,17,2
neo4-24,Light Ledian,Pokémon,Stage 1,neo4,17,2
ex16-1,Aggron,Pokémon,Stage 2,ex16,116,34
neo1-60,Hoothoot,Pokémon,Basic,neo1,125,21
sv3-193,Poppy,Trainer,Supporter,sv3,156,29
swsh12pt5gg-GG24,Miltank,Pokémon,Basic,swsh12pt5gg,55,37
swshp-SWSH169,Pyukumuku,Pokémon,Basic,swshp,304,38
swsh6-52,Thundurus,Pokémon,Basic,swsh6,224,34
xy10-61,Bronzong,Pokémon,Stage 1,xy10,292,2
xy1-71,Krookodile,Pokémon,Stage 2,xy1,167,2
base4-47,Kakuna,Pokémon,Stage 1,base4,307,29
sv4-51,Wiglett,Pokémon,Basic,sv4,322,21
sm4-108,Silvally-GX,Pokémon,"Stage 1,GX",sm4,76,28
swsh5-41,Frillish,Pokémon,Basic,swsh5,58,21
swsh10-199,Adaman,Trainer,Supporter,swsh10,224,20
gym2-6,Giovanni's Machamp,Pokémon,Stage 2,gym2,116,34
dp3-84,Corsola,Pokémon,Basic,dp3,198,21
sv10-214,Regirock ex,Pokémon,"Basic,ex",sv10,336,32
dp1-117,Energy Search,Trainer,Item,dp1,164,21
ex12-88,Mew ex,Pokémon,"Basic,ex",ex12,232,33
bw8-56,Koffing,Pokémon,Basic,bw8,162,21
sm35-27,Shining Volcanion,Pokémon,Basic,sm35,75,36
ecard2-71,Chinchou,Pokémon,Basic,ecard2,294,21
xy4-17,Feraligatr,Pokémon,Stage 2,xy4,317,34
sma-SV33,Kartana,Pokémon,"Basic,Ultra Beast",sma,277,9
xy0-35,Poké Ball,Trainer,Item,xy0,76,13
dp3-41,Wormadam Plant Cloak,Pokémon,Stage 1,dp3,108,2
xy8-45,Vanilluxe,Pokémon,Stage 2,xy8,281,2
sv3pt5-18,Pidgeot,Pokémon,Stage 2,sv3pt5,145,29
swsh1-162,Energy Switch,Trainer,Item,swsh1,334,29
rsv10pt5-48,Gigalith,Pokémon,Stage 2,rsv10pt5,277,29
xy6-25,Manectric,Pokémon,Stage 1,xy6,167,29
ex16-59,Ralts,Pokémon,Basic,ex16,198,21
smp-SM33,Tapu Koko-GX,Pokémon,"Basic,GX",smp,76,38
hgss1-63,Exeggcute,Pokémon,Basic,hgss1,189,21
swsh5-16,Tapu Bulu,Pokémon,Basic,swsh5,196,34
swshp-SWSH074,Special Delivery Pikachu,Pokémon,Basic,swshp,114,38
swsh11tg-TG27,Nessa,Trainer,Supporter,swsh11tg,47,28
xy2-16,Torkoal,Pokémon,Basic,xy2,340,29
ex14-33,Gulpin,Pokémon,Basic,ex14,271,29
swsh4-66,Shedinja,Pokémon,Basic,swsh4,17,2
me2-50,Gliscor,Pokémon,Stage 1,me2,31,29
bw11-14,Crustle,Pokémon,Stage 1,bw11,292,29
swsh3-90,Vibrava,Pokémon,Stage 1,swsh3,125,29
sm6-78,Pangoro,Pokémon,Stage 1,sm6,172,2
xy12-5,Weedle,Pokémon,Basic,xy12,108,21
sv7-66,Fidough,Pokémon,Basic,sv7,,21
sv3pt5-69,Bellsprout,Pokémon,Basic,sv3pt5,245,21
sv4pt5-51,Clobbopus,Pokémon,Basic,sv4pt5,309,21
sv1-50,Clawitzer,Pokémon,Stage 1,sv1,224,21
base1-52,Machop,Pokémon,Basic,base1,108,21
swsh7-164,Zinnia's Resolve,Trainer,Supporter,swsh7,256,29
swsh9-96,Aggron V,Pokémon,"Basic,V",swsh9,336,16
sm9-120,Eevee & Snorlax-GX,Pokémon,"Basic,TAG TEAM,GX",sm9,108,10
smp-SM133,Thundurus-GX,Pokémon,"Basic,GX",smp,76,38
zsv10pt5-52,Crustle,Pokémon,Stage 1,zsv10pt5,63,29
sm4-62,Hydreigon,Pokémon,Stage 2,sm4,277,2
sm3-148,Golisopod-GX,Pokémon,"Stage 1,GX",sm3,76,20
sv4pt5-79,Electric Generator,Trainer,Item,sv4pt5,334,29
swsh10-37,Regice,Pokémon,Basic,swsh10,8,2
sm12-59,Ducklett,Pokémon,Basic,sm12,262,21
swsh12-174,Omastar V,Pokémon,"Basic,V",swsh12,115,28
xy1-117,Fairy Garden,Trainer,Stadium,xy1,232,29
ex2-46,Lombre,Pokémon,Stage 1,ex2,108,29
hsp-HGSS25,Hitmonlee,Pokémon,Basic,hsp,112,38
sm8-81,Blitzle,Pokémon,Basic,sm8,189,21
sv2-43,Gyarados,Pokémon,Stage 1,sv2,128,2
dp3-95,Murkrow,Pokémon,Basic,dp3,171,21
swsh10-205,Kamado,Trainer,Supporter,swsh10,75,20
ex10-112,Umbreon ex,Pokémon,"Stage 1,ex",ex10,232,33
swsh12-95,Anorith,Pokémon,Stage 1,swsh12,108,29
xy0-10,Delphox,Pokémon,Stage 2,xy0,76,13
sm4-98,Psychic Memory,Trainer,Pokémon Tool,sm4,76,29
smp-SM166,Magikarp & Wailord-GX,Pokémon,"Basic,TAG TEAM,GX",smp,108,38
sv3-138,Malamar,Pokémon,Stage 1,sv3,300,29
ecard2-34,Slowking,Pokémon,Stage 1,ecard2,308,2
swsh12pt5gg-GG53,Hoopa V,Pokémon,"Basic,V,Fusion Strike",swsh12pt5gg,140,16
bw11-30,Magikarp,Pokémon,Basic,bw11,198,21
sv10-8,Cynthia's Roserade,Pokémon,Stage 1,sv10,339,2
swsh7-50,Raichu,Pokémon,Stage 1,swsh7,108,34
xy3-81,Slakoth,Pokémon,Basic,xy3,198,21
ecard1-128,Rattata,Pokémon,Basic,ecard1,43,21
sm75-48,White Kyurem-GX,Pokémon,"Basic,GX",sm75,76,10
swsh4-4,Exeggcute,Pokémon,Basic,swsh4,264,21
sm7-64,Shuppet,Pokémon,Basic,sm7,377,21
sv4pt5-50,Barboach,Pokémon,Basic,sv4pt5,242,21
sm5-5,Roserade,Pokémon,Stage 1,sm5,108,2
bw5-39,Plusle,Pokémon,Basic,bw5,292,21
sm6-11,Pheromosa,Pokémon,"Basic,Ultra Beast",sm6,75,34
rsv10pt5-106,Dewott,Pokémon,Stage 1,rsv10pt5,256,7
sv3-208,Pidgeotto,Pokémon,Stage 1,sv3,245,7
swsh10-110,Bastiodon,Pokémon,Stage 2,swsh10,128,34
swsh45-49,Cufant,Pokémon,Basic,swsh45,131,21
sv4-225,Iron Valiant ex,Pokémon,"Basic,ex,Future",sv4,207,32
swsh7-187,Lycanroc V,Pokémon,"Basic,V",swsh7,70,28
base4-13,Ninetales,Pokémon,Stage 1,base4,116,34
hgss3-1,Bellossom,Pokémon,Stage 2,hgss3,108,34
zsv10pt5-113,Tynamo,Pokémon,Basic,zsv10pt5,242,7
swsh1-43,Krabby,Pokémon,Basic,swsh1,58,21
bw7-135,Switch,Trainer,Item,bw7,281,21
bwp-BW101,Genesect,Pokémon,Basic,bwp,76,38
me2-112,Mismagius ex,Pokémon,"Stage 1,ex",me2,76,32
cel25c-114_A,Zekrom,Pokémon,Basic,cel25c,76,12
zsv10pt5-57,Sandile,Pokémon,Basic,zsv10pt5,3,21
sv10-47,Misty's Starmie,Pokémon,Stage 1,sv10,84,29
xy7-56,Whimsicott,Pokémon,Stage 1,xy7,191,29
xy2-33,Luxio,Pokémon,Stage 1,xy2,340,29
swsh4-62,Pincurchin,Pokémon,Basic,swsh4,112,29
swsh7-72,Floette,Pokémon,"Stage 1,Rapid Strike",swsh7,24,29
ecard1-20,Mewtwo,Pokémon,Basic,ecard1,259,34
neo4-4,Dark Espeon,Pokémon,Stage 1,neo4,191,34
xy3-80,Eevee,Pokémon,Basic,xy3,254,21
sv6pt5-92,Fezandipiti ex,Pokémon,"Basic,ex",sv6pt5,,5
svp-87,Sprigatito ex,Pokémon,"Basic,ex",svp,356,38
swsh10-197,Hisuian Samurott VSTAR,Pokémon,VSTAR,swsh10,76,20
sv2-81,Wattrel,Pokémon,Basic,sv2,129,21
ecard1-37,Blastoise,Pokémon,Stage 2,ecard1,259,2
dv1-6,Bagon,Pokémon,Basic,dv1,112,34
sv6-187,Chansey,Pokémon,Basic,sv6,286,7
fut20-3,Grookey on the Ball,Pokémon,Basic,fut20,114,13
me1-174,Premium Power Pro,Trainer,Item,me1,,32
sv2-82,Kilowattrel,Pokémon,Stage 1,sv2,187,29
me1-93,Steelix,Pokémon,Stage 1,me1,,2
sv8-119,Hydreigon ex,Pokémon,"Stage 2,Tera,ex",sv8,,14
ru1-15,Rattata,Pokémon,Basic,ru1,20,13
swshp-SWSH116,Morpeko,Pokémon,Basic,swshp,233,38
swsh5-161,Phoebe,Trainer,Supporter,swsh5,162,28
ex7-92,Swoop! Teleporter,Trainer,Rocket's Secret Machine,ex7,92,29
sv10-233,Team Rocket's Nidoking ex,Pokémon,"Stage 2,ex",sv10,9,5
pop9-15,Pikachu,Pokémon,Basic,pop9,198,21
xy10-93,Bent Spoon,Trainer,Pokémon Tool,xy10,334,29
me1-11,Shuckle,Pokémon,Basic,me1,,29
sm5-17,Araquanid,Pokémon,Stage 1,sm5,317,2
xy1-27,Fletchinder,Pokémon,Stage 1,xy1,76,29
sv6-45,Seaking,Pokémon,Stage 1,sv6,96,21
ex16-15,Lanturn,Pokémon,Stage 1,ex16,198,2
bw5-68,Scrafty,Pokémon,Stage 1,bw5,162,2
sv1-80,Miraidon,Pokémon,Basic,sv1,112,2
pl1-24,Dugtrio,Pokémon,Stage 1,pl1,125,2
dp7-14,Cherrim,Pokémon,Stage 1,dp7,38,2
bw10-4,Cradily,Pokémon,Stage 1,bw10,73,2
sma-SV62,Nihilego-GX,Pokémon,"Basic,GX,Ultra Beast",sma,76,35
swsh9tg-TG11,Eevee,Pokémon,Basic,swsh9tg,224,37
mcd21-11,Torchic,Pokémon,Basic,mcd21,254,13
xy10-67,Mr. Mime,Pokémon,Basic,xy10,125,2
xy3-14,Blaziken,Pokémon,Stage 2,xy3,216,34
dp7-42,Magneton,Pokémon,Stage 1,dp7,163,29
base5-58,Koffing,Pokémon,Basic,base5,125,21
sv1-118,Hawlucha,Pokémon,Basic,sv1,376,2
cel25-24,Professor's Research (Professor Oak),Trainer,Supporter,cel25,116,28
sv5-204,Gouging Fire ex,Pokémon,"Basic,ex,Ancient",sv5,151,5
me2-54,Gastly,Pokémon,Basic,me2,323,21
dp4-79,Mankey,Pokémon,Basic,dp4,116,21
gym1-56,Misty's Starmie,Pokémon,Stage 1,gym1,116,29
sm11-127,Alolan Grimer,Pokémon,Basic,sm11,73,21
xy11-112,M Gardevoir-EX,Pokémon,"MEGA,EX",xy11,76,28
zsv10pt5-18,Simipour,Pokémon,Stage 1,zsv10pt5,168,29
hgss4-84,Yanma,Pokémon,Basic,hgss4,284,21
sv3-153,Melmetal ex,Pokémon,"Stage 1,ex",sv3,72,14
sm3-34,Marill,Pokémon,Basic,sm3,165,21
swsh8-83,Barraskewda,Pokémon,Stage 1,swsh8,37,29
sv4pt5-28,Kirlia,Pokémon,Stage 1,sv4pt5,73,29
xy5-58,Lanturn,Pokémon,Stage 1,xy5,267,29
svp-75,Mimikyu,Pokémon,Basic,svp,108,38
bw9-71,Pawniard,Pokémon,Basic,bw9,162,21
sm1-65,Cosmoem,Pokémon,Stage 1,sm1,351,2
base4-26,Kangaskhan,Pokémon,Basic,base4,108,2
sm4-77,Kommo-o,Pokémon,Stage 2,sm4,73,2
swsh5-53,Boltund,Pokémon,Stage 1,swsh5,24,2
xy1-16,Spewpa,Pokémon,Stage 1,xy1,76,29
swsh3-9,Shelmet,Pokémon,Basic,swsh3,184,21
ecard1-3,Arbok,Pokémon,Stage 1,ecard1,271,34
pgo-20,Slowbro,Pokémon,Stage 1,pgo,40,29
bw2-78,Patrat,Pokémon,Basic,bw2,117,21
bw2-20,Darumaka,Pokémon,Basic,bw2,108,21
base6-55,Nidorina,Pokémon,Stage 1,base6,116,29
swshp-SWSH176,Hoopa V,Pokémon,"Basic,V,Fusion Strike",swshp,356,38
rsv10pt5-99,Pansear,Pokémon,Basic,rsv10pt5,248,7
me1-13,Seedot,Pokémon,Basic,me1,,21
swshp-SWSH091,Bronzong,Pokémon,Stage 1,swshp,233,38
sm5-18,Magmar,Pokémon,Basic,sm5,262,21
xy10-28,Weezing,Pokémon,Stage 1,xy10,317,29
sv9-18,Meowscarada,Pokémon,Stage 2,sv9,183,2
basep-48,Articuno,Pokémon,Basic,basep,191,38
xy12-111,Surfing Pikachu,Pokémon,Basic,xy12,286,27
dp6-1,Deoxys Normal Forme,Pokémon,Basic,dp6,79,34
sm11-245,Mega Sableye & Tyranitar-GX,Pokémon,"Basic,TAG TEAM,GX",sm11,76,20
ex2-85,Zigzagoon,Pokémon,Basic,ex2,108,21
xy10-83,Altaria-EX,Pokémon,"Basic,EX",xy10,297,33
sv4-129,Durant,Pokémon,Basic,sv4,271,29
ecard1-101,Clefairy,Pokémon,Basic,ecard1,17,21
gym2-66,Blaine's Vulpix,Pokémon,Basic,gym2,116,21
swsh4-54,Zebstrika,Pokémon,Stage 1,swsh4,131,29
dp2-21,Bastiodon,Pokémon,Stage 2,dp2,205,2
sv4-249,Iron Valiant ex,Pokémon,"Basic,ex,Future",sv4,91,5
neo4-7,Dark Houndoom,Pokémon,Stage 1,neo4,162,34
swshp-SWSH243,Machamp,Pokémon,Stage 2,swshp,376,38
xyp-XY191,Keldeo,Pokémon,Basic,xyp,163,38
me2-106,Meowth,Pokémon,Basic,me2,9,7
sv3pt5-65,Alakazam ex,Pokémon,"Stage 2,ex",sv3pt5,108,14
bw8-89,Klang,Pokémon,Stage 1,bw8,340,29
sm7-36,Lotad,Pokémon,Basic,sm7,191,21
sv3-39,Heatmor,Pokémon,Basic,sv3,143,21
sm11-125,Umbreon & Darkrai-GX,Pokémon,"Basic,TAG TEAM,GX",sm11,108,10
ex10-41,Magcargo,Pokémon,Stage 1,ex10,17,29
sv2-118,Passimian,Pokémon,Basic,sv2,245,29
svp-61,Pineco,Pokémon,Basic,svp,119,38
sm12-193,Guzma & Hala,Trainer,"Supporter,TAG TEAM",sm12,116,29
ex13-41,Exeggutor δ,Pokémon,Stage 1,ex13,198,29
sm8-188,Professor Elm's Lecture,Trainer,Supporter,sm8,37,29
base3-60,Gambler,Trainer,,base3,307,21
sv6pt5-51,Furfrou,Pokémon,Basic,sv6pt5,,21
sv3pt5-93,Haunter,Pokémon,Stage 1,sv3pt5,17,29
sv8-126,Bronzor,Pokémon,Basic,sv8,,21
swsh8-139,Steelix,Pokémon,Stage 1,swsh8,66,34
xyp-XY103,Mawile-EX,Pokémon,"Basic,EX",xyp,281,38
bw7-96,Skarmory,Pokémon,Basic,bw7,163,29
sm8-43,Slugma,Pokémon,Basic,sm8,172,21
dp6-121,Spoink,Pokémon,Basic,dp6,112,21
ex1-29,Delcatty,Pokémon,Stage 1,ex1,116,29
swsh10-2,Hisuian Voltorb,Pokémon,Basic,swsh10,214,21
zsv10pt5-30,Tynamo,Pokémon,Basic,zsv10pt5,245,21
xy8-78,Marowak,Pokémon,Stage 1,xy8,167,2
swsh8-266,Inteleon VMAX,Pokémon,"VMAX,Rapid Strike",swsh8,326,20
sv8pt5-36,Dusclops,Pokémon,Stage 1,sv8pt5,,21
swsh7-146,Dream Ball,Trainer,Item,swsh7,232,29
swsh2-38,Galarian Mr. Rime,Pokémon,Stage 1,swsh2,108,2
swsh45sv-SV053,Polteageist,Pokémon,Stage 1,swsh45sv,351,9
xy6-90,Steven,Trainer,Supporter,xy6,184,29
sv6pt5-28,Golbat,Pokémon,Stage 1,sv6pt5,,21
sv4pt5-117,Slowbro,Pokémon,Stage 1,sv4pt5,224,31
swsh12pt5-35,Luvdisc,Pokémon,Basic,swsh12pt5,189,21
ex4-44,Psyduck,Pokémon,Basic,ex4,116,21
sv1-203,Armarouge,Pokémon,Stage 1,sv1,214,7
sv9-88,Toedscool,Pokémon,Basic,sv9,148,21
neo4-6,Dark Gengar,Pokémon,Stage 2,neo4,308,34
sv7-25,Turtonator,Pokémon,Basic,sv7,,21
sv4pt5-191,Scizor,Pokémon,Stage 1,sv4pt5,376,31
sv9-166,Lycanroc,Pokémon,Stage 1,sv9,94,7
svp-189,N's Zorua,Pokémon,Basic,svp,184,38
swsh2-187,Copperajah V,Pokémon,"Basic,V",swsh2,76,28
sm7-181,PokéNav,Trainer,Item,sm7,334,27
swsh45-23,Floatzel,Pokémon,Stage 1,swsh45,305,29
ex3-82,Balloon Berry,Trainer,Pokémon Tool,ex3,307,29
sv9-13,Accelgor,Pokémon,Stage 1,sv9,342,29
sv8pt5-171,Crispin,Trainer,Supporter,sv8pt5,,5
swsh2-31,Litwick,Pokémon,Basic,swsh2,333,21
bw8-107,Exploud,Pokémon,Stage 2,bw8,167,2
hgss4-8,Rapidash,Pokémon,Stage 1,hgss4,271,34
sm8-183,Mina,Trainer,Supporter,sm8,116,29
sv8-100,Annihilape,Pokémon,Stage 2,sv8,,29
ex10-18,Ursaring,Pokémon,Stage 1,ex10,191,34
sv1-179,Miriam,Trainer,Supporter,sv1,351,29
swsh45sv-SV102,Corvisquire,Pokémon,Stage 1,swsh45sv,117,9
sm10-85,Diglett,Pokémon,Basic,sm10,112,21
sm3-41,Raichu,Pokémon,Stage 1,sm3,162,34
g1-54,Persian,Pokémon,Stage 1,g1,108,29
zsv10pt5-41,Beheeyem,Pokémon,Stage 1,zsv10pt5,59,29
sv7-7,Carnivine,Pokémon,Basic,sv7,,21
ecard3-4,Articuno,Pokémon,Basic,ecard3,163,2
xy3-51,Makuhita,Pokémon,Basic,xy3,117,21
sv3pt5-57,Primeape,Pokémon,Stage 1,sv3pt5,40,29
swsh12pt5-117,Yungoos,Pokémon,Basic,swsh12pt5,145,21
sv3pt5-59,Arcanine,Pokémon,Stage 1,sv3pt5,233,29
sm5-60,Cosmog,Pokémon,Basic,sm5,317,21
sm8-179,Kahili,Trainer,Supporter,sm8,116,29
ex13-75,Phanpy,Pokémon,Basic,ex13,294,21
me1-146,Marshadow,Pokémon,Basic,me1,,7
swsh12-134,Zygarde,Pokémon,Basic,swsh12,6,2
swsh10-158,Wait and See Turbo,Trainer,Item,swsh10,60,29
sm2-51,Garbodor,Pokémon,Stage 1,sm2,108,2
sv1-177,Katy,Trainer,Supporter,sv1,340,29
ecard2-138,Undersea Ruins,Trainer,Stadium,ecard2,198,29
hgss3-19,Mismagius,Pokémon,Stage 1,hgss3,38,2
sv10-104,Cynthia's Garchomp ex,Pokémon,"Stage 2,ex",sv10,76,14
bw8-59,Ralts,Pokémon,Basic,bw8,194,21
swsh45-19,Cinderace VMAX,Pokémon,VMAX,swsh45,336,25
sv4-259,Tulip,Trainer,Supporter,sv4,305,5
swsh10-139,Dark Patch,Trainer,Item,swsh10,232,29
xy0-17,Mightyena,Pokémon,Stage 1,xy0,108,13
swsh8-47,Sizzlipede,Pokémon,"Basic,Rapid Strike",swsh8,304,21
bw5-41,Joltik,Pokémon,Basic,bw5,267,21
base6-105,The Boss's Way,Trainer,,base6,116,29
base4-23,Dugtrio,Pokémon,Stage 1,base4,307,2
sm6-80,Guzzlord,Pokémon,"Basic,Ultra Beast",sm6,277,34
cel25-23,Professor's Research (Professor Oak),Trainer,Supporter,cel25,88,34
pgo-19,Slowpoke,Pokémon,Basic,pgo,275,21
swsh45sv-SV093,Minccino,Pokémon,Basic,swsh45sv,267,9
pl2-99,Darkness Energy,Energy,Special,pl2,50,29
swsh5-17,Blipbug,Pokémon,Basic,swsh5,117,21
ex15-72,Buffer Piece,Trainer,Pokémon Tool,ex15,92,29
hgss3-79,Darkness Energy,Energy,Special,hgss3,79,29
swsh3-176,Powerful Colorless Energy,Energy,Special,swsh3,,29
sv3pt5-171,Wartortle,Pokémon,Stage 1,sv3pt5,108,7
swsh3-123,Aggron,Pokémon,Stage 2,swsh3,264,34
dp7-92,Potion,Trainer,Item,dp7,176,21
sm8-76,Mareep,Pokémon,Basic,sm8,131,21
xy7-54,Gardevoir,Pokémon,Stage 2,xy7,142,34
xy3-78,Lickitung,Pokémon,Basic,xy3,117,21
sm5-116,Silvally-GX,Pokémon,"Stage 1,GX",sm5,76,10
sv4pt5-106,Capsakid,Pokémon,Basic,sv4pt5,140,31
sv6-147,Cook,Trainer,Supporter,sv6,37,29
swsh10tg-TG30,Shadow Rider Calyrex VMAX,Pokémon,VMAX,swsh10tg,76,27
swsh10-180,Wyrdeer V,Pokémon,"Basic,V",swsh10,207,28
swsh10-36,Whiscash,Pokémon,Stage 1,swsh10,325,29
base5-13,Dark Vileplume,Pokémon,Stage 2,base5,162,34
pop9-1,Garchomp,Pokémon,Stage 2,pop9,162,2
ex10-94,Energy Search,Trainer,Item,ex10,164,21
base4-3,Chansey,Pokémon,Basic,base4,116,34
sv5-17,Sawsbuck,Pokémon,Stage 1,sv5,340,29
sm115-55,Brock's Training,Trainer,Supporter,sm115,142,34
sm11-75,Alolan Marowak,Pokémon,Stage 1,sm11,117,2
swsh10tg-TG23,Garchomp V,Pokémon,"Basic,V",swsh10tg,256,16
ex7-82,Zubat,Pokémon,Basic,ex7,189,21
swsh2-112,Koffing,Pokémon,Basic,swsh2,271,21
swsh6-94,Koffing,Pokémon,Basic,swsh6,308,21
swsh3-51,Mareanie,Pokémon,Basic,swsh3,17,21
sv3-55,Cryogonal,Pokémon,Basic,sv3,215,21
swshp-SWSH086,Cramorant V,Pokémon,"Basic,V",swshp,207,38
bw11-69,Gothita,Pokémon,Basic,bw11,142,21
hgss2-24,Steelix,Pokémon,Stage 1,hgss2,117,2
swsh6-153,Siebold,Trainer,"Supporter,Rapid Strike",swsh6,116,29
sv1-171,Energy Retrieval,Trainer,Item,sv1,296,21
swshp-SWSH154,Dragonite V,Pokémon,"Basic,V",swshp,115,38
sv8-65,Tapu Koko,Pokémon,Basic,sv8,,2
sm7-54,Minun,Pokémon,Basic,sm7,125,29
sm2-75,Mudbray,Pokémon,Basic,sm2,112,21
pl1-114,Pokédex HANDY910is,Trainer,Item,pl1,232,29
swsh12-201,Regidrago VSTAR,Pokémon,VSTAR,swsh12,99,20
sm11-124,Zygarde,Pokémon,Basic,sm11,90,2
xy9-52,Espeon-EX,Pokémon,"Basic,EX",xy9,281,33
sm10-215,Pheromosa & Buzzwole-GX,Pokémon,"Basic,TAG TEAM,GX,Ultra Beast",sm10,207,20
rsv10pt5-35,Stunfisk,Pokémon,Basic,rsv10pt5,128,29
hgss3-18,Metagross,Pokémon,Stage 2,hgss3,142,2
sv8-212,Slakoth,Pokémon,Basic,sv8,,7
ex7-24,Magby,Pokémon,Basic,ex7,293,2
sv8-117,Deino,Pokémon,Basic,sv8,,21
me1-154,Stufful,Pokémon,Basic,me1,,7
swsh3-148,Ducklett,Pokémon,Basic,swsh3,198,21
pl2-RT6,Charon's Choice,Trainer,Supporter,pl2,116,2
pl4-21,Lopunny,Pokémon,Stage 1,pl4,271,2
ex1-84,Lum Berry,Trainer,Pokémon Tool,ex1,23,29
dp6-131,Cynthia's Feelings,Trainer,Supporter,dp6,116,29
base2-6,Mr. Mime,Pokémon,Basic,base2,116,34
ex5-31,Claydol,Pokémon,Stage 1,ex5,116,29
sv3pt5-172,Caterpie,Pokémon,Basic,sv3pt5,151,7
swsh10-146,Hisuian Heavy Ball,Trainer,Item,swsh10,296,29
neo2-38,Eevee,Pokémon,Basic,neo2,308,29
sm5-6,Turtwig,Pokémon,Basic,sm5,116,21
sm4-71,Jigglypuff,Pokémon,Basic,sm4,273,21
xy6-21,Voltorb,Pokémon,Basic,xy6,38,21
bw9-3,Beedrill,Pokémon,Stage 2,bw9,73,2
ex3-92,Kingdra ex,Pokémon,"Stage 2,ex",ex3,136,33
gym2-19,Koga,Trainer,,gym2,116,34
base1-61,Rattata,Pokémon,Basic,base1,108,21
xy6-27,Natu,Pokémon,Basic,xy6,191,21
smp-SM80,Ho-Oh-GX,Pokémon,"Basic,GX",smp,76,38
sm75-45,Druddigon,Pokémon,Basic,sm75,108,29
sv3pt5-205,Mew ex,Pokémon,"Basic,ex",sv3pt5,207,1
me1-112,Bewear,Pokémon,Stage 1,me1,,21
bw9-112,Latias-EX,Pokémon,"Basic,EX",bw9,232,28
xy1-65,Timburr,Pokémon,Basic,xy1,267,21
swshp-SWSH056,Morpeko V,Pokémon,"Basic,V",swshp,76,38
hgss4-56,Aron,Pokémon,Basic,hgss4,162,21
base4-55,Parasect,Pokémon,Stage 1,base4,116,29
sm11-129,Murkrow,Pokémon,Basic,sm11,223,21
ex8-37,Magcargo,Pokémon,Stage 1,ex8,308,29
swshp-SWSH184,Jolteon VMAX,Pokémon,VMAX,swshp,264,38
ex4-83,Team Magma Hideout,Trainer,Stadium,ex4,347,29
sv6-64,Wellspring Mask Ogerpon ex,Pokémon,"Basic,Tera,ex",sv6,76,14
sv4-178,Technical Machine: Evolution,Trainer,Pokémon Tool,sv4,296,29
ex15-29,Electabuzz δ,Pokémon,Basic,ex15,116,29
sv4-120,Thievul,Pokémon,Stage 1,sv4,61,2
neo2-74,Ruin Wall,Trainer,,neo2,13,29
hgss3-10,Umbreon,Pokémon,Stage 1,hgss3,108,34
swsh1-180,Rare Candy,Trainer,Item,swsh1,355,29
swsh8-86,Pikachu V,Pokémon,"Basic,V",swsh8,76,16
me2-26,Suicune,Pokémon,Basic,me2,360,2
bw10-18,Remoraid,Pokémon,Basic,bw10,117,21
neo4-93,EXP.ALL,Trainer,Pokémon Tool,neo4,307,2
dv1-18,Exp. Share,Trainer,Pokémon Tool,dv1,232,13
swshp-SWSH099,Crobat VMAX,Pokémon,VMAX,swshp,70,38
pgo-35,Sylveon,Pokémon,Stage 1,pgo,233,34
swsh3-185,Salamence V,Pokémon,"Basic,V",swsh3,115,28
sv4pt5-199,Doduo,Pokémon,Basic,sv4pt5,332,31
ecard1-62,Rapidash,Pokémon,Stage 1,ecard1,162,2
sv10-162,Cynthia's Power Weight,Trainer,Pokémon Tool,sv10,296,29
sv3pt5-76,Golem ex,Pokémon,"Stage 2,ex",sv3pt5,146,14
swsh45sv-SV085,Grimmsnarl,Pokémon,Stage 2,swsh45sv,112,9
xy7-79,Paint Roller,Trainer,Item,xy7,334,29
xy12-19,Ponyta,Pokémon,Basic,xy12,116,21
swsh8-230,Cross Switcher,Trainer,"Item,Fusion Strike",swsh8,100,29
ex12-79,Mysterious Fossil,Trainer,Item,ex12,232,21
zsv10pt5-11,Amoonguss,Pokémon,Stage 1,zsv10pt5,285,29
pop5-11,Meowth δ,Pokémon,Basic,pop5,108,21
sm11-243,Latios-GX,Pokémon,"Basic,GX",sm11,227,20
sv1-58,Cetoddle,Pokémon,Basic,sv1,317,21
swsh45sv-SV020,Galarian Mr. Mime,Pokémon,Basic,swsh45sv,117,9
bw5-90,Tornadus-EX,Pokémon,"Basic,EX",bw5,298,33
neo1-32,Croconaw,Pokémon,Stage 1,neo1,116,29
sv8-249,Counter Gain,Trainer,Pokémon Tool,sv8,,1
sm7-48,Electrode-GX,Pokémon,"Stage 1,GX",sm7,76,10
ex11-35,Ditto,Pokémon,Basic,ex11,43,29
sv4-154,Tandemaus,Pokémon,Basic,sv4,340,21
swsh12tg-TG02,Milotic,Pokémon,Stage 1,swsh12tg,24,37
ex14-76,Crystal Shard,Trainer,Pokémon Tool,ex14,50,29
xy1-58,Diglett,Pokémon,Basic,xy1,194,21
swsh9-183,Galarian Moltres V,Pokémon,"Basic,V",swsh9,353,27
ex10-90,Protective Orb,Trainer,Pokémon Tool,ex10,232,29
sv8-95,Espathra,Pokémon,Stage 1,sv8,,29
xy4-33,Crobat,Pokémon,Stage 2,xy4,290,2
me1-46,Magneton,Pokémon,Stage 1,me1,,21
ex6-115,Moltres ex,Pokémon,"Basic,ex",ex6,232,27
sv2-33,Oricorio,Pokémon,Basic,sv2,287,2
ex16-81,Scott,Trainer,Supporter,ex16,116,29
ex16-33,Machoke,Pokémon,Stage 1,ex16,116,29
swsh7-8,Leafeon VMAX,Pokémon,VMAX,swsh7,70,25
swsh8-54,Lapras,Pokémon,"Basic,Rapid Strike",swsh8,292,29
dp6-57,Houndoom,Pokémon,Stage 1,dp6,112,29
ex13-9,Kabutops δ,Pokémon,Stage 2,ex13,117,34
sv3pt5-155,Big Air Balloon,Trainer,Pokémon Tool,sv3pt5,334,29
sv3pt5-203,Erika's Invitation,Trainer,Supporter,sv3pt5,365,5
bw11-53,Mewtwo,Pokémon,Basic,bw11,281,34
smp-SM135,Latias,Pokémon,Basic,smp,112,38
sv4-50,Golisopod ex,Pokémon,"Stage 1,ex",sv4,275,14
ex9-39,Plusle,Pokémon,Basic,ex9,284,29
sv4pt5-121,Wiglett,Pokémon,Basic,sv4pt5,6,31
swsh8-187,Togedemaru,Pokémon,Basic,swsh8,145,29
swshp-SWSH018,Zacian V,Pokémon,"Basic,V",swshp,76,38
base1-81,Energy Retrieval,Trainer,,base1,307,29
sm8-155,Eevee,Pokémon,Basic,sm8,333,21
sm5-129,Missing Clover,Trainer,Item,sm5,334,29
np-30,Suicune,Pokémon,Basic,np,191,38
hgss3-85,Slowking,Pokémon,"Stage 1,Prime",hgss3,253,23
col1-59,Houndour,Pokémon,Basic,col1,162,21
xy5-25,Torchic,Pokémon,Basic,xy5,254,21
bw1-1,Snivy,Pokémon,Basic,bw1,162,21
ex6-17,Victreebel,Pokémon,Stage 2,ex6,17,34
swsh10-27,Radiant Heatran,Pokémon,"Basic,Radiant",swsh10,90,22
swsh12-28,Fletchinder,Pokémon,Stage 1,swsh12,304,29
rsv10pt5-91,Deerling,Pokémon,Basic,rsv10pt5,135,7
swsh6-174,Galarian Zapdos V,Pokémon,"Basic,V",swsh6,340,28
ex12-40,Misdreavus,Pokémon,Basic,ex12,293,29
dp6-89,Corphish,Pokémon,Basic,dp6,125,21
sv9-109,Cufant,Pokémon,Basic,sv9,183,21
swshp-SWSH213,Lucario V,Pokémon,"Basic,V",swshp,356,38
hgss3-56,Mawile,Pokémon,Basic,hgss3,142,21
ex12-29,Anorith,Pokémon,Stage 1,ex12,191,29
neo1-7,Jumpluff,Pokémon,Stage 2,neo1,191,34
swsh10-169,Hisuian Typhlosion V,Pokémon,"Basic,V",swsh10,76,28
pl3-27,Empoleon FB,Pokémon,"Basic,SP",pl3,255,2
sma-SV40,Garchomp,Pokémon,Stage 2,sma,317,9
xy9-108,Psychic's Third Eye,Trainer,Supporter,xy9,171,29
ex2-88,Rare Candy,Trainer,Item,ex2,232,29
sm7-151,Rainbow Energy,Energy,Special,sm7,,29
sv8-89,Oricorio,Pokémon,Basic,sv8,,21
neo4-22,Light Dragonair,Pokémon,Stage 1,neo4,191,2
sm4-22,Remoraid,Pokémon,Basic,sm4,308,21
swsh10-190,Hisuian Lilligant VSTAR,Pokémon,VSTAR,swsh10,76,20
bw5-5,Carnivine,Pokémon,Basic,bw5,293,2
sm12-136,Guzzlord,Pokémon,"Basic,Ultra Beast",sm12,112,34
gym2-26,Koga's Muk,Pokémon,Stage 1,gym2,116,2
swshp-SWSH016,Inteleon V,Pokémon,"Basic,V",swshp,76,38
ex7-61,Koffing,Pokémon,Basic,ex7,198,21
sv8pt5-19,Slowking,Pokémon,Stage 1,sv8pt5,,29
sv8-69,Miraidon,Pokémon,"Basic,Future",sv8,,29
swsh9tg-TG08,Alcremie,Pokémon,Stage 1,swsh9tg,140,37
xy7-18,Volcarona,Pokémon,Stage 1,xy7,162,2
dp5-48,Sudowoodo,Pokémon,Basic,dp5,112,29
ecard3-64,Heracross,Pokémon,Basic,ecard3,112,21
sv8-63,Zebstrika,Pokémon,Stage 1,sv8,,21
sv8pt5-34,Espeon ex,Pokémon,"Stage 1,Tera,ex",sv8pt5,,14
zsv10pt5-134,Scolipede,Pokémon,Stage 2,zsv10pt5,192,7
bw9-39,Zekrom,Pokémon,Basic,bw9,108,34
xy9-40,Greninja,Pokémon,Stage 2,xy9,292,2
ex2-93,Multi Energy,Energy,Special,ex2,50,2
bw8-88,Klink,Pokémon,Basic,bw8,340,21
sv1-3,Shroomish,Pokémon,Basic,sv1,346,21
bw7-67,Cresselia-EX,Pokémon,"Basic,EX",bw7,299,33
xy10-96,Dome Fossil Kabuto,Trainer,Item,xy10,334,29
dp3-39,Unown [S],Pokémon,Basic,dp3,205,2
swshp-SWSH101,Blastoise V,Pokémon,"Basic,V",swshp,76,38
base5-14,Dark Weezing,Pokémon,Stage 1,base5,257,34
pl1-7,Dialga G,Pokémon,"Basic,SP",pl1,203,34
xy5-42,Corphish,Pokémon,Basic,xy5,317,21
sm12-40,Psyduck,Pokémon,Basic,sm12,254,21
dp2-34,Slaking,Pokémon,Stage 2,dp2,112,2
hgss2-59,Remoraid,Pokémon,Basic,hgss2,116,21
hgss1-4,Gyarados,Pokémon,Stage 1,hgss1,108,34
swsh8-223,Dubwool,Pokémon,Stage 1,swsh8,322,29
swsh6-220,Peony,Trainer,Supporter,swsh6,75,20
rsv10pt5-56,Liepard,Pokémon,Stage 1,rsv10pt5,55,29
sv4pt5-4,Toedscool,Pokémon,Basic,sv4pt5,317,21
ex5-4,Dark Celebi,Pokémon,Basic,ex5,347,34
swsh2-168,Tool Scrapper,Trainer,Item,swsh2,296,29
bw6-79,Lairon,Pokémon,Stage 1,bw6,90,29
swsh35-53,Hop,Trainer,Supporter,swsh35,351,29
sm12-5,Tangela,Pokémon,Basic,sm12,143,21
sv8pt5-106,Earthen Vessel,Trainer,"Item,Ancient",sv8pt5,,29
swsh45sv-SV032,Barraskewda,Pokémon,Stage 1,swsh45sv,6,9
xy2-54,Stunky,Pokémon,Basic,xy2,117,21
col1-28,Mismagius,Pokémon,Stage 1,col1,38,2
me2-59,Sableye,Pokémon,Basic,me2,148,21
sv5-128,Dunsparce,Pokémon,Basic,sv5,351,21
xyp-XY46,Altaria,Pokémon,Stage 1,xyp,292,38
pl2-79,Shellos East Sea,Pokémon,Basic,pl2,17,21
sv6-189,Sinistcha ex,Pokémon,"Stage 1,ex",sv6,207,32
sv5-80,Iron Valiant,Pokémon,"Basic,Future",sv5,24,2
bw7-50,Pikachu,Pokémon,Basic,bw7,116,21
xyp-XY126,Mew-EX,Pokémon,"Basic,EX",xyp,297,38
ecard3-52,Dugtrio,Pokémon,Stage 1,ecard3,17,21
bw9-14,Litwick,Pokémon,Basic,bw9,284,21
dp5-45,Raichu,Pokémon,Stage 1,dp5,335,29
cel25-10,Zekrom,Pokémon,Basic,cel25,308,2
ecard1-71,Bayleef,Pokémon,Stage 1,ecard1,108,29
det1-2,Ludicolo,Pokémon,Stage 2,det1,220,2
swsh9tg-TG30,Rapid Strike Urshifu VMAX,Pokémon,"VMAX,Rapid Strike",swsh9tg,70,27
xy9-5,Kricketot,Pokémon,Basic,xy9,125,21
swsh6-87,Lycanroc,Pokémon,"Stage 1,Single Strike",swsh6,151,34
bw9-62,Makuhita,Pokémon,Basic,bw9,162,21
hgss3-77,Sage's Training,Trainer,Supporter,hgss3,117,29
sv4pt5-72,Oinkologne,Pokémon,Stage 1,sv4pt5,340,29
ex15-1,Ampharos δ,Pokémon,Stage 2,ex15,162,34
swsh2-133,Honedge,Pokémon,Basic,swsh2,333,21
dp5-89,Dome Fossil,Trainer,Item,dp5,232,21
dp6-66,Mightyena,Pokémon,Stage 1,dp6,117,29
swsh3-38,Feebas,Pokémon,Basic,swsh3,12,21
swsh10-25,Heatran V,Pokémon,"Basic,V",swsh10,108,16
me1-4,Exeggcute,Pokémon,Basic,me1,,21
pop3-13,Eevee,Pokémon,Basic,pop3,117,21
sma-SV87,Aether Paradise Conservation Area,Trainer,Stadium,sma,76,27
swsh12tg-TG26,Professor Burnet,Trainer,Supporter,swsh12tg,215,28
swsh45-27,Drednaw,Pokémon,Stage 1,swsh45,117,2
sv8-84,Espurr,Pokémon,Basic,sv8,,21
ex12-1,Aerodactyl,Pokémon,Stage 1,ex12,163,34
swsh3-201,Capture Energy,Energy,Special,swsh3,,27
dp6-67,Ninjask,Pokémon,Stage 1,dp6,116,29
xy5-16,Breloom,Pokémon,Stage 1,xy5,38,2
swsh6-173,Galarian Zapdos V,Pokémon,"Basic,V",swsh6,76,28
sm10-198,Marshadow & Machamp-GX,Pokémon,"Basic,TAG TEAM,GX",sm10,76,28
sv3pt5-85,Dodrio,Pokémon,Stage 1,sv3pt5,277,2
bw10-81,Iris,Trainer,Supporter,bw10,171,29
rsv10pt5-165,Whimsicott ex,Pokémon,"Stage 1,ex",rsv10pt5,33,5
swsh2-37,Galarian Mr. Mime,Pokémon,Basic,swsh2,215,21
base1-20,Electabuzz,Pokémon,Basic,base1,116,2
swsh12tg-TG04,Jynx,Pokémon,Basic,swsh12tg,12,37
neo1-74,Snubbull,Pokémon,Basic,neo1,108,21
sv1-145,Blissey,Pokémon,Stage 1,sv1,24,29
swsh6-193,Karen's Conviction,Trainer,"Supporter,Single Strike",swsh6,37,28
ecard3-15,Ledian,Pokémon,Stage 1,ecard3,136,2
me2-88,Dizzying Valley,Trainer,Stadium,me2,26,29
bw11-61,Sableye,Pokémon,Basic,bw11,36,29
xy3-7,Leafeon,Pokémon,Stage 1,xy3,284,2
swsh9-78,Riolu,Pokémon,Basic,swsh9,151,21
swsh6-18,Rillaboom,Pokémon,"Stage 2,Rapid Strike",swsh6,75,34
sv9-141,Squawkabilly,Pokémon,Basic,sv9,129,21
ex6-62,Doduo,Pokémon,Basic,ex6,162,21
ex10-23,Elekid,Pokémon,Basic,ex10,43,2
sv8-173,Drasna,Trainer,Supporter,sv8,,21
ex11-94,Holon Research Tower,Trainer,Stadium,ex11,232,29
sv7-98,Jirachi,Pokémon,Basic,sv7,,29
swsh3-63,Toxtricity,Pokémon,Stage 1,swsh3,317,34
sv4-227,Toxtricity ex,Pokémon,"Stage 1,Tera,ex",sv4,76,32
swsh2-8,Lombre,Pokémon,Stage 1,swsh2,189,29
ex6-66,Krabby,Pokémon,Basic,ex6,112,21
dp2-29,Mantine,Pokémon,Basic,dp2,117,2
bw1-95,Full Heal,Trainer,Item,bw1,76,29
sv2-50,Quaxly,Pokémon,Basic,sv2,292,21
sv8-227,Slaking ex,Pokémon,"Stage 2,ex",sv8,,32
bw7-11,Snivy,Pokémon,Basic,bw7,71,21
ex10-68,Poliwhirl,Pokémon,Stage 1,ex10,189,21
sm11-80,Drifloon,Pokémon,Basic,sm11,242,21
sm8-207,Lugia-GX,Pokémon,"Basic,GX",sm8,72,28
xy11-97,Hawlucha,Pokémon,Basic,xy11,58,29
bw7-100,Black Kyurem,Pokémon,Basic,bw7,76,2
sv6-55,Phione,Pokémon,Basic,sv6,7,21
xy12-46,Nidoking BREAK,Pokémon,BREAK,xy12,76,15
sv1-128,Seviper,Pokémon,Basic,sv1,254,21
sm8-10,Ariados,Pokémon,Stage 1,sm8,38,29
sv8pt5-117,Maximum Belt,Trainer,"Pokémon Tool,ACE SPEC",sv8pt5,,19
swsh7-31,Suicune V,Pokémon,"Basic,V",swsh7,281,16
dp6-39,Registeel,Pokémon,Basic,dp6,49,2
sm9-37,Alolan Golem,Pokémon,Stage 2,sm9,73,2
swsh12-47,Dewpider,Pokémon,Basic,swsh12,284,21
swsh11-189,Arezu,Trainer,Supporter,swsh11,273,28
pl4-86,Energy Restore,Trainer,Item,pl4,232,29
sma-SV89,Mt. Coronet,Trainer,Stadium,sma,76,27
xy9-122,Skyla,Trainer,Supporter,xy9,184,28
xy2-22,Feebas,Pokémon,Basic,xy2,90,21
ecard1-5,Butterfree,Pokémon,Stage 2,ecard1,125,34
hgss2-28,Cherrim,Pokémon,Stage 1,hgss2,167,29
ex10-77,Teddiursa,Pokémon,Basic,ex10,284,21
bw4-84,Minccino,Pokémon,Basic,bw4,230,29
sv9-75,Alcremie ex,Pokémon,"Stage 1,ex",sv9,336,14
xy2-97,Startling Megaphone,Trainer,Item,xy2,334,29
hgss4-65,Kricketot,Pokémon,Basic,hgss4,17,21
sm4-41,Spoink,Pokémon,Basic,sm4,333,21
pop9-4,Regigigas,Pokémon,Basic,pop9,79,2
sv4pt5-93,Gloom,Pokémon,Stage 1,sv4pt5,140,31
neo4-14,Light Dragonite,Pokémon,Stage 2,neo4,191,34
sv1-252,Penny,Trainer,Supporter,sv1,140,5
sv2-89,Spiritomb,Pokémon,Basic,sv2,308,2
swsh6-68,Slurpuff,Pokémon,Stage 1,swsh6,332,2
ex12-82,React Energy,Energy,Special,ex12,50,29
swsh45sv-SV101,Rookidee,Pokémon,Basic,swsh45sv,14,9
zsv10pt5-142,Pawniard,Pokémon,Basic,zsv10pt5,31,7
xy10-49,Carbink,Pokémon,Basic,xy10,43,2
sm9-104,Pawniard,Pokémon,Basic,sm9,117,21
sm6-104,Crasher Wake,Trainer,Supporter,sm6,116,29
xy6-91,Switch,Trainer,Item,xy6,76,29
ex4-93,Sceptile ex,Pokémon,"Stage 2,ex",ex4,136,33
svp-86,Mabosstiff ex,Pokémon,"Stage 1,ex",svp,336,38
bw5-76,Klang,Pokémon,Stage 1,bw5,317,29
sm5-153,Lusamine,Trainer,Supporter,sm5,273,28
sv6-125,Revavroom,Pokémon,Stage 1,sv6,264,29
sv8-124,Skarmory,Pokémon,Basic,sv8,,21
swsh7-53,Lanturn,Pokémon,Stage 1,swsh7,242,29
swsh12-140,Ho-Oh V,Pokémon,"Basic,V",swsh12,305,16
me1-88,Yveltal,Pokémon,Basic,me1,,2
sv5-212,Salvatore,Trainer,Supporter,sv5,63,5
sv7-147,Raboot,Pokémon,Stage 1,sv7,,7
sm4-68,Registeel,Pokémon,Basic,sm4,108,2
bw3-34,Kyurem,Pokémon,Basic,bw3,76,34
swsh45-8,Decidueye,Pokémon,Stage 2,swsh45,196,34
swsh4-58,Eelektrik,Pokémon,Stage 1,swsh4,117,29
pl4-53,Beedrill G,Pokémon,"Basic,SP",pl4,374,21
g1-46,Golem-EX,Pokémon,"Basic,EX",g1,334,33
swsh10tg-TG04,Frosmoth,Pokémon,Stage 1,swsh10tg,8,37
hgss4-64,Illumise,Pokémon,Basic,hgss4,79,21
ex10-24,Hitmonchan,Pokémon,Basic,ex10,294,2
swsh4-178,Togekiss V,Pokémon,"Basic,V",swsh4,336,28
ex5-38,Lanturn,Pokémon,Stage 1,ex5,308,29
mcd19-3,Magmar,Pokémon,Basic,mcd19,262,13
pop7-1,Ampharos,Pokémon,Stage 2,pop7,112,2
xy7-4,Bellossom,Pokémon,Stage 2,xy7,71,29
pl1-82,Mareep,Pokémon,Basic,pl1,43,21
sv3-230,Basic Fire Energy,Energy,Basic,sv3,,1
dp3-55,Miltank,Pokémon,Basic,dp3,108,29
sm6-77,Buzzwole,Pokémon,"Basic,Ultra Beast",sm6,117,2
sv6-137,Aipom,Pokémon,Basic,sv6,109,21
svp-41,Paldean Wooper,Pokémon,Basic,svp,215,38
sm8-92,Unown,Pokémon,Basic,sm8,292,2
base5-1,Dark Alakazam,Pokémon,Stage 2,base5,116,34
xy1-84,Doublade,Pokémon,Stage 1,xy1,76,29
swsh6-51,Zebstrika,Pokémon,"Stage 1,Rapid Strike",swsh6,264,2
hgss4-78,Swablu,Pokémon,Basic,hgss4,232,21
sv3pt5-11,Metapod,Pokémon,Stage 1,sv3pt5,98,21
swsh4-125,Galarian Stunfisk,Pokémon,Basic,swsh4,340,29
swsh5-123,Cheryl,Trainer,Supporter,swsh5,116,29
sv3-152,Meltan,Pokémon,Basic,sv3,119,21
swsh35-7,Victini,Pokémon,Basic,swsh35,256,29
xy8-19,Quilava,Pokémon,Stage 1,xy8,317,29
sm3-62,Palossand,Pokémon,Stage 1,sm3,73,34
dp5-52,Bronzor,Pokémon,Basic,dp5,335,21
sv7-8,Mow Rotom,Pokémon,Basic,sv7,,21
dp3-97,Nidoran ♂,Pokémon,Basic,dp3,108,21
svp-67,Roaring Moon ex,Pokémon,"Basic,ex,Ancient",svp,356,38
xy11-101,Gardevoir Spirit Link,Trainer,Pokémon Tool,xy11,76,29
sv10-164,Energy Recycler,Trainer,Item,sv10,334,29
sv4-133,Doublade,Pokémon,Stage 1,sv4,90,21
smp-SM213,Raichu-GX,Pokémon,"Stage 1,GX",smp,76,38
ex6-67,Magikarp,Pokémon,Basic,ex6,191,21
swsh12-68,Kirlia,Pokémon,Stage 1,swsh12,293,29
sv4pt5-215,Alakazam ex,Pokémon,"Stage 2,ex",sv4pt5,70,8
ex1-8,Hariyama,Pokémon,Stage 1,ex1,284,34
hgss3-67,Slugma,Pokémon,Basic,hgss3,43,21
hgss1-118,Lightning Energy,Energy,Basic,hgss1,,21
bw4-78,Jigglypuff,Pokémon,Basic,bw4,254,29
zsv10pt5-38,Duosion,Pokémon,Stage 1,zsv10pt5,46,21
swsh1-65,Pikachu,Pokémon,Basic,swsh1,66,21
xy9-31,Palkia-EX,Pokémon,"Basic,EX",xy9,297,33
swsh9-4,Breloom,Pokémon,Stage 1,swsh9,333,2
swsh7-62,Hypno,Pokémon,Stage 1,swsh7,189,29
bw6-108,Audino,Pokémon,Basic,bw6,17,29
dp5-35,Ambipom,Pokémon,Stage 1,dp5,116,29
sm12-2,Oddish,Pokémon,Basic,sm12,262,21
swsh6-116,Porygon,Pokémon,Basic,swsh6,242,21
sv5-217,Iron Boulder ex,Pokémon,"Basic,ex,Future",sv5,76,1
sm12-48,Glalie,Pokémon,Stage 1,sm12,146,2
sv8pt5-62,Houndour,Pokémon,Basic,sv8pt5,,21
dp1-81,Electabuzz,Pokémon,Basic,dp1,162,21
neo3-20,Lugia,Pokémon,Basic,neo3,308,2
basep-14,Mewtwo,Pokémon,Basic,basep,150,38
sm12-195,Lana's Fishing Rod,Trainer,Item,sm12,297,29
sv8pt5-66,Bronzor,Pokémon,Basic,sv8pt5,,21
sm11-237,Rowlet & Alolan Exeggutor-GX,Pokémon,"Basic,TAG TEAM,GX",sm11,227,20
svp-80,Crocalor,Pokémon,Stage 1,svp,37,38
dp1-2,Dusknoir,Pokémon,Stage 2,dp1,102,34
base4-51,Magmar,Pokémon,Basic,base4,116,29
swsh7-201,Gordie,Trainer,Supporter,swsh7,75,28
sv1-115,Sandile,Pokémon,Basic,sv1,17,21
sm115-59,Koga's Trap,Trainer,Supporter,sm115,184,29
hgss1-74,Marill,Pokémon,Basic,hgss1,112,21
pl2-49,Sharpedo,Pokémon,Stage 1,pl2,112,29
neo4-78,Porygon,Pokémon,Basic,neo4,217,21
base3-46,Ekans,Pokémon,Basic,base3,162,21
swsh7-228,Cresselia,Pokémon,Basic,swsh7,334,27
bw10-88,Silver Bangle,Trainer,Pokémon Tool,bw10,76,29
pl2-40,Gengar GL,Pokémon,"Basic,SP",pl2,284,29
swsh12pt5gg-GG44,Mewtwo VSTAR,Pokémon,VSTAR,swsh12pt5gg,376,24
sm3-53,Dusknoir,Pokémon,Stage 2,sm3,214,34
neo3-58,Unown [K],Pokémon,Basic,neo3,111,21
pop7-12,Burmy Sandy Cloak,Pokémon,Basic,pop7,198,21
sv8pt5-164,Gholdengo ex,Pokémon,"Stage 1,ex",sv8pt5,,5
xy4-2,Venomoth,Pokémon,Stage 1,xy4,76,2
swsh7-177,Jolteon V,Pokémon,"Basic,V",swsh7,76,28
swsh4-150,Circhester Bath,Trainer,Stadium,swsh4,76,29
swsh8-272,Greedent VMAX,Pokémon,VMAX,swsh8,336,20
base6-50,Kakuna,Pokémon,Stage 1,base6,307,29
sm1-11,Decidueye,Pokémon,Stage 2,sm1,112,2
base6-78,Grimer,Pokémon,Basic,base6,108,21
sv8-66,Wattrel,Pokémon,Basic,sv8,,21
sv8pt5-129,Sparkling Crystal,Trainer,"Pokémon Tool,ACE SPEC",sv8pt5,,19
swsh8-98,Helioptile,Pokémon,Basic,swsh8,40,21
bw2-74,Klink,Pokémon,Basic,bw2,112,21
bw1-41,Blitzle,Pokémon,Basic,bw1,162,21
me1-132,Wally's Compassion,Trainer,Supporter,me1,,29
xy11-39,Flaaffy,Pokémon,Stage 1,xy11,267,29
ex12-63,Shuppet,Pokémon,Basic,ex12,108,21
sm7-111,Wingull,Pokémon,Basic,sm7,116,21
ecard3-122,Crystal Shard,Trainer,Pokémon Tool,ecard3,241,29
swsh10-48,Hisuian Avalugg,Pokémon,Stage 1,swsh10,162,2
mcd21-3,Treecko,Pokémon,Basic,mcd21,340,13
swsh45sv-SV091,Copperajah,Pokémon,Stage 1,swsh45sv,317,9
ex3-79,Trapinch,Pokémon,Basic,ex3,116,21
bw7-72,Venipede,Pokémon,Basic,bw7,90,21
base2-48,Weepinbell,Pokémon,Stage 1,base2,162,29
pl1-9,Giratina,Pokémon,Basic,pl1,112,34
swshp-SWSH291,Lucario VSTAR,Pokémon,VSTAR,swshp,357,38
neo1-36,Gloom,Pokémon,Stage 1,neo1,108,29
dp3-117,Voltorb,Pokémon,Basic,dp3,270,21
smp-SM246,Sabrina & Brycen,Trainer,"Supporter,TAG TEAM",smp,66,38
bw11-103,Swablu,Pokémon,Basic,bw11,340,21
sm35-13,Volcarona,Pokémon,Stage 1,sm35,214,29
sm3-109,Noibat,Pokémon,Basic,sm3,262,21
sv8pt5-136,Eri,Trainer,Supporter,sv8pt5,,32
xy1-43,Raichu,Pokémon,Stage 1,xy1,108,34
swsh45sv-SV014,Appletun,Pokémon,Stage 1,swsh45sv,112,9
sv1-91,Flabébé,Pokémon,Basic,sv1,71,21
swsh6-84,Crabrawler,Pokémon,Basic,swsh6,108,21
me1-108,Lopunny,Pokémon,Stage 1,me1,,21
dp1-60,Rhydon,Pokémon,Stage 1,dp1,284,29
xy6-83,Gallade Spirit Link,Trainer,Pokémon Tool,xy6,76,29
ex7-38,Dark Magcargo,Pokémon,Stage 1,ex7,240,29
swsh7-173,Suicune V,Pokémon,"Basic,V",swsh7,281,28
sm9-101,Bronzong,Pokémon,Stage 1,sm9,6,2
xy10-14,Delphox BREAK,Pokémon,BREAK,xy10,76,15
neo1-4,Feraligatr,Pokémon,Stage 2,neo1,116,34
sv1-137,Mabosstiff,Pokémon,Stage 1,sv1,88,29
ex11-81,Ralts,Pokémon,Basic,ex11,133,21
sv8-144,Snorlax,Pokémon,Basic,sv8,,21
bw2-86,Rufflet,Pokémon,Basic,bw2,112,21
sv3pt5-31,Nidoqueen,Pokémon,Stage 2,sv3pt5,151,29
ex2-43,Lileep,Pokémon,Stage 1,ex2,116,29
dp1-82,Gastly,Pokémon,Basic,dp1,112,21
sma-SV38,Gible,Pokémon,Basic,sma,332,9
ex3-10,Salamence,Pokémon,Stage 2,ex3,108,34
basep-3,Mewtwo,Pokémon,Basic,basep,116,38
ex15-83,Switch,Trainer,Item,ex15,69,21
sm11-17,Bounsweet,Pokémon,Basic,sm11,71,21
base4-81,Metapod,Pokémon,Stage 1,base4,116,21
sm12-15,Deerling,Pokémon,Basic,sm12,322,21
xy5-107,Kingdra,Pokémon,Stage 2,xy5,38,2
ex2-30,Azumarill,Pokémon,Stage 1,ex2,108,29
xyp-XY55,Swampert-EX,Pokémon,"Basic,EX",xyp,297,38
sv7-113,Eevee,Pokémon,Basic,sv7,,21
ecard3-30,Starmie,Pokémon,Stage 1,ecard3,163,2
sv1-163,Cyclizar,Pokémon,Basic,sv1,305,29
neo2-69,Unown [O],Pokémon,Basic,neo2,111,21
zsv10pt5-124,Drilbur,Pokémon,Basic,zsv10pt5,154,7
swsh7-151,Moon & Sun Badge,Trainer,"Item,Pokémon Tool",swsh7,296,29
pl1-4,Delcatty,Pokémon,Stage 1,pl1,108,34
sv4-112,Crobat,Pokémon,Stage 2,sv4,146,29
sv4pt5-206,Greedent,Pokémon,Stage 1,sv4pt5,162,31
swsh11tg-TG09,Spiritomb,Pokémon,Basic,swsh11tg,75,37
bwp-BW51,Crobat,Pokémon,"Stage 2,Team Plasma",bwp,76,38
swsh8-163,Sharpedo,Pokémon,Stage 1,swsh8,264,29
me1-124,Premium Power Pro,Trainer,Item,me1,,29
sm1-42,Primarina-GX,Pokémon,"Stage 2,GX",sm1,76,10
sv7-161,Medicham ex,Pokémon,"Stage 1,ex",sv7,,32
sm8-38,Moltres,Pokémon,Basic,sm8,6,2
svp-62,Sinistea,Pokémon,Basic,svp,346,38
sm5-44,Electivire,Pokémon,Stage 1,sm5,277,2
gym1-10,Misty's Tentacruel,Pokémon,Stage 1,gym1,116,34
sv8-194,Shiinotic,Pokémon,Stage 1,sv8,,7
neo3-62,Pokémon Breeder Fields,Trainer,,neo3,116,29
sv4pt5-207,Lechonk,Pokémon,Basic,sv4pt5,340,31
col1-54,Clefairy,Pokémon,Basic,col1,254,21
hgss3-45,Doduo,Pokémon,Basic,hgss3,293,21
xy8-154,M Houndoom-EX,Pokémon,"MEGA,EX",xy8,76,28
sm11-227,Mawile-GX,Pokémon,"Basic,GX",sm11,227,28
xy3-32,Minun,Pokémon,Basic,xy3,340,21
dv1-4,Dragonair,Pokémon,Stage 1,dv1,162,34
ex3-50,Bagon,Pokémon,Basic,ex3,112,21
cel25c-86_A,Rocket's Admin.,Trainer,Supporter,cel25c,116,12
swsh8-44,Cinderace V,Pokémon,"Basic,V,Single Strike",swsh8,207,16
swsh9-168,Cheren's Care,Trainer,Supporter,swsh9,66,28
bw1-5,Serperior,Pokémon,Stage 2,bw1,162,34
neo1-5,Feraligatr,Pokémon,Stage 2,neo1,116,34
swsh45sv-SV120,Dubwool V,Pokémon,"Basic,V",swsh45sv,76,16
sv10-1,Ethan's Pinsir,Pokémon,Basic,sv10,94,29
neo4-76,Phanpy,Pokémon,Basic,neo4,189,21
ex10-80,Curse Powder,Trainer,Pokémon Tool,ex10,232,29
me2-93,Sacred Charm,Trainer,Pokémon Tool,me2,334,29
swsh10-85,Kleavor,Pokémon,Stage 1,swsh10,317,2
swsh5-153,Rapid Strike Urshifu V,Pokémon,"Basic,V,Rapid Strike",swsh5,196,28
xy5-144,Wonder Energy,Energy,Special,xy5,76,29
sm1-41,Primarina,Pokémon,Stage 2,sm1,162,2
dv1-9,Latias,Pokémon,Basic,dv1,299,34
sv10-168,Sacred Ash,Trainer,Item,sv10,297,29
bw6-10,Nincada,Pokémon,Basic,bw6,267,21
swsh6-31,Weavile,Pokémon,"Stage 1,Rapid Strike",swsh6,256,34
ex12-91,Regirock ★,Pokémon,"Basic,Star",ex12,117,6
zsv10pt5-20,Palpitoad,Pokémon,Stage 1,zsv10pt5,124,21
sv4-220,Tsareena ex,Pokémon,"Stage 2,Tera,ex",sv4,76,32
swshp-SWSH126,Galarian Slowpoke,Pokémon,Basic,swshp,129,38
gym1-126,Trash Exchange,Trainer,,gym1,307,21
dp7-4,Lumineon,Pokémon,Stage 1,dp7,79,34
sm5-62,Lunala ◇,Pokémon,"Basic,Prism Star",sm5,75,18
ex5-15,Walrein,Pokémon,Stage 2,ex5,191,34
sv8pt5-140,Mela,Trainer,Supporter,sv8pt5,,32
ex9-13,Glalie,Pokémon,Stage 1,ex9,191,2
bwp-BW73,Darkrai,Pokémon,"Basic,Team Plasma",bwp,76,38
ex3-45,Swellow,Pokémon,Stage 1,ex3,108,29
swsh5-137,Tower of Darkness,Trainer,"Stadium,Single Strike",swsh5,76,29
swsh8-114,Mew VMAX,Pokémon,"VMAX,Fusion Strike",swsh8,76,25
xy12-88,Switch,Trainer,Item,xy12,307,29
ex1-17,Donphan,Pokémon,Stage 1,ex1,162,2
sv7-138,Kofu,Trainer,Supporter,sv7,,29
bw8-27,Piloswine,Pokémon,Stage 1,bw8,38,29
svp-68,Iron Valiant ex,Pokémon,"Basic,ex,Future",svp,207,38
ex9-61,Ralts,Pokémon,Basic,ex9,162,21
xy0-7,Pansear,Pokémon,Basic,xy0,284,13
sm12-85,Dusknoir,Pokémon,Stage 2,sm12,297,34
base5-21,Dark Charizard,Pokémon,Stage 2,base5,116,2
me1-72,Makuhita,Pokémon,Basic,me1,,21
pop7-4,Latios,Pokémon,Basic,pop7,335,2
sv3-168,Linoone,Pokémon,Stage 1,sv3,368,29
sm4-33,Alolan Graveler,Pokémon,Stage 1,sm4,215,29
sv1-47,Floatzel,Pokémon,Stage 1,sv1,96,29
ex15-43,Bagon δ,Pokémon,Basic,ex15,163,21
xy10-43,Regirock-EX,Pokémon,"Basic,EX",xy10,216,33
swsh2-201,Milo,Trainer,Supporter,swsh2,75,20
ex15-58,Pupitar,Pokémon,Stage 1,ex15,293,21
hgss4-55,Aipom,Pokémon,Basic,hgss4,284,21
swsh9-12,Cherubi,Pokémon,Basic,swsh9,284,21
bw3-62,Timburr,Pokémon,Basic,bw3,17,21
bw4-103,Hydreigon,Pokémon,Stage 2,bw4,76,27
ex4-40,Cubone,Pokémon,Basic,ex4,116,21
sv1-73,Pawmi,Pokémon,Basic,sv1,98,21
pl2-76,Quagsire GL,Pokémon,"Basic,SP",pl2,198,21
sv6-31,Chimchar,Pokémon,Basic,sv6,245,21
swsh6-99,Galarian Slowking V,Pokémon,"Basic,V,Single Strike",swsh6,108,16
ex5-62,Gulpin,Pokémon,Basic,ex5,43,21
sv8-131,Gholdengo,Pokémon,Stage 1,sv8,,29
base1-4,Charizard,Pokémon,Stage 2,base1,108,34
sv6-164,Survival Brace,Trainer,"Pokémon Tool,ACE SPEC",sv6,100,19
sv3pt5-49,Venomoth,Pokémon,Stage 1,sv3pt5,162,29
swsh10-80,Hippowdon,Pokémon,Stage 1,swsh10,271,29
sv3-203,Larvitar,Pokémon,Basic,sv3,189,7
bw4-83,Pidove,Pokémon,Basic,bw4,267,21
ex2-55,Xatu,Pokémon,Stage 1,ex2,198,29
bw4-1,Pinsir,Pokémon,Basic,bw4,117,2
base1-68,Vulpix,Pokémon,Basic,base1,116,21
zsv10pt5-36,Musharna,Pokémon,Stage 1,zsv10pt5,181,29
sm7-10,Sceptile,Pokémon,Stage 2,sm7,108,2
sm12-98,Dhelmise,Pokémon,Basic,sm12,198,29
sv8-202,Stunfisk,Pokémon,Basic,sv8,,7
swsh5-167,Single Strike Urshifu VMAX,Pokémon,"VMAX,Single Strike",swsh5,70,20
sv5-91,Mudbray,Pokémon,Basic,sv5,304,21
hgss3-61,Pikachu,Pokémon,Basic,hgss3,112,21
sv1-26,Toedscruel,Pokémon,Stage 1,sv1,214,29
xy10-46,Riolu,Pokémon,Basic,xy10,167,21
base5-43,Dark Primeape,Pokémon,Stage 1,base5,108,29
smp-SM115,Pheromosa,Pokémon,"Basic,Ultra Beast",smp,273,38
sm12-222,Reshiram & Zekrom-GX,Pokémon,"Basic,TAG TEAM,GX",sm12,292,28
pl4-4,Kabutops,Pokémon,Stage 2,pl4,163,34
xy5-94,M Aggron-EX,Pokémon,"MEGA,EX",xy5,76,33
ex6-64,Growlithe,Pokémon,Basic,ex6,116,21
ex12-87,Flygon ex,Pokémon,"Stage 2,ex",ex12,232,33
mcd21-21,Oshawott,Pokémon,Basic,mcd21,116,13
pl3-22,Claydol,Pokémon,Stage 1,pl3,112,2
xy8-41,Panpour,Pokémon,Basic,xy8,198,21
dp3-67,Smoochum,Pokémon,Basic,dp3,191,29
xy0-37,Potion,Trainer,Item,xy0,76,13
bw10-70,Druddigon,Pokémon,Basic,bw10,112,21
swshp-SWSH145,Pikachu V,Pokémon,"Basic,V",swshp,76,38
bw7-15,Whimsicott,Pokémon,Stage 1,bw7,162,2
bwp-BW33,Riolu,Pokémon,Basic,bwp,254,38
hgss4-41,Magby,Pokémon,Basic,hgss4,117,29
sm10-203,Lucario & Melmetal-GX,Pokémon,"Basic,TAG TEAM,GX",sm10,76,28
pop8-15,Piplup,Pokémon,Basic,pop8,191,21
smp-SM90,Raichu-GX,Pokémon,"Stage 1,GX",smp,76,38
neo2-10,Scizor,Pokémon,Stage 1,neo2,259,34
xy4-60,Bronzor,Pokémon,Basic,xy4,340,21
sm10-101,Hitmontop,Pokémon,Basic,sm10,17,29
sm115-2,Metapod,Pokémon,Stage 1,sm115,322,29
xy5-67,Nidorina,Pokémon,Stage 1,xy5,308,29
swsh45sv-SV103,Wooloo,Pokémon,Basic,swsh45sv,271,9
pl3-18,Camerupt,Pokémon,Stage 1,pl3,293,2
sv3-44,Armarouge,Pokémon,Stage 1,sv3,224,29
sv4pt5-69,Noivern ex,Pokémon,"Stage 1,ex",sv4pt5,82,14
sv2-37,Skeledirge ex,Pokémon,"Stage 2,ex",sv2,76,14
swsh6-197,Peony,Trainer,Supporter,swsh6,75,28
bw8-51,Galvantula,Pokémon,Stage 1,bw8,163,29
bw6-114,Giant Cape,Trainer,Pokémon Tool,bw6,232,29
dp6-22,Crawdaunt,Pokémon,Stage 1,dp6,108,2
sm11-85,Azelf,Pokémon,Basic,sm11,71,29
xy9-46,Luxray,Pokémon,Stage 2,xy9,117,2
sm10-177,Koga's Trap,Trainer,Supporter,sm10,184,29
bwp-BW83,Lugia-EX,Pokémon,"Basic,EX,Team Plasma",bwp,334,38
xy11-85,Zweilous,Pokémon,Stage 1,xy11,116,29
swsh6-97,Galarian Moltres V,Pokémon,"Basic,V",swsh6,207,16
sm35-20,Feraligatr,Pokémon,Stage 2,sm35,214,29
swsh12-159,Lance,Trainer,Supporter,swsh12,116,29
swsh6-17,Thwackey,Pokémon,"Stage 1,Rapid Strike",swsh6,112,29
me1-102,Spearow,Pokémon,Basic,me1,,21
swsh2-132,Durant,Pokémon,Basic,swsh2,37,29
pop9-11,Pichu,Pokémon,Basic,pop9,198,29
sv10-113,Team Rocket's Arbok,Pokémon,Stage 1,sv10,151,29
me2-53,Flygon,Pokémon,Stage 2,me2,245,2
neo2-32,Umbreon,Pokémon,Stage 1,neo2,284,2
bw2-11,Whimsicott,Pokémon,Stage 1,bw2,254,29
rsv10pt5-52,Mienfoo,Pokémon,Basic,rsv10pt5,11,21
sm7-53,Plusle,Pokémon,Basic,sm7,194,29
zsv10pt5-39,Reuniclus,Pokémon,Stage 2,zsv10pt5,46,29
sv4pt5-87,Professor's Research,Trainer,Supporter,sv4pt5,215,2
xy4-83,Whismur,Pokémon,Basic,xy4,340,21
sv9-138,Hop's Cramorant,Pokémon,Basic,sv9,323,29
sm5-78,Alolan Diglett,Pokémon,Basic,sm5,284,21
bw4-50,Zekrom,Pokémon,Basic,bw4,76,2
sv4pt5-10,Magmortar,Pokémon,Stage 1,sv4pt5,264,2
bw9-114,Tornadus-EX,Pokémon,"Basic,EX,Team Plasma",bw9,76,28
ecard3-H21,Nidoqueen,Pokémon,Stage 2,ecard3,108,34
swsh7-75,Sylveon VMAX,Pokémon,"VMAX,Rapid Strike",swsh7,196,25
swsh2-53,Barraskewda,Pokémon,Stage 1,swsh2,112,2
gym1-81,Lt. Surge's Pikachu,Pokémon,Basic,gym1,116,21
sv4pt5-178,Garganacl,Pokémon,Stage 2,sv4pt5,112,31
bwp-BW07,Tepig,Pokémon,Basic,bwp,317,38
sm10-4,Butterfree,Pokémon,Stage 2,sm10,198,2
swshp-SWSH141,Pikachu V-UNION,Pokémon,V-UNION,swshp,,38
dp3-13,Ludicolo,Pokémon,Stage 2,dp3,108,34
sm11-155,Fraxure,Pokémon,Stage 1,sm11,223,29
sm7-56,Mr. Mime-GX,Pokémon,"Basic,GX",sm7,76,10
me1-187,Mega Gardevoir ex,Pokémon,"Stage 2,MEGA,ex",me1,,17
sv2-23,Bramblin,Pokémon,Basic,sv2,189,21
ex6-33,Exeggcute,Pokémon,Basic,ex6,17,29
swsh1-69,Lanturn,Pokémon,Stage 1,swsh1,284,2
xy6-39,Hawlucha,Pokémon,Basic,xy6,317,21
pgo-10,Charizard,Pokémon,Stage 2,pgo,275,34
sm10-82,Marshadow & Machamp-GX,Pokémon,"Basic,TAG TEAM,GX",sm10,108,10
g1-56,Dodrio,Pokémon,Stage 1,g1,142,2
sv10-242,Team Rocket's Crobat ex,Pokémon,"Stage 2,ex",sv10,76,1
sv8-171,Deduction Kit,Trainer,Item,sv8,,29
dp1-28,Heracross,Pokémon,Basic,dp1,116,2
xy4-22,Alomomola,Pokémon,Basic,xy4,112,21
col1-5,Forretress,Pokémon,Stage 1,col1,271,34
xy7-58,Goomy,Pokémon,Basic,xy7,254,21
sm10-147,Meowth,Pokémon,Basic,sm10,322,21
ex3-34,Houndoom,Pokémon,Stage 1,ex3,191,29
sv4pt5-175,Hawlucha,Pokémon,Basic,sv4pt5,224,31
base3-49,Horsea,Pokémon,Basic,base3,108,21
xy8-157,Mewtwo-EX,Pokémon,"Basic,EX",xy8,232,28
swsh12pt5-22,Simisear V,Pokémon,"Basic,V",swsh12pt5,76,16
swsh2-16,Grubbin,Pokémon,Basic,swsh2,17,21
swsh2-116,Spiritomb,Pokémon,Basic,swsh2,17,2
sv9-146,Brock's Scouting,Trainer,Supporter,sv9,151,29
xy3-69,Clefairy,Pokémon,Basic,xy3,284,21
sm11-234,Grimsley,Trainer,Supporter,sm11,183,28
swsh11-208,Lady,Trainer,Supporter,swsh11,47,20
swsh7-5,Seedot,Pokémon,Basic,swsh7,143,21
sma-SV56,Greninja-GX,Pokémon,"Stage 2,GX",sma,76,35
dp6-4,Giratina,Pokémon,Basic,dp6,49,34
sv6-143,Bug Catching Set,Trainer,Item,sv6,26,29
hgss1-103,Double Colorless Energy,Energy,Special,hgss1,79,29
swsh5-140,Rapid Strike Energy,Energy,"Special,Rapid Strike",swsh5,,29
ecard3-24,Piloswine,Pokémon,Stage 1,ecard3,43,2
swsh7-199,Aroma Lady,Trainer,Supporter,swsh7,339,28
swsh1-81,Galarian Ponyta,Pokémon,Basic,swsh1,332,21
xy6-92,Trainers' Mail,Trainer,Item,xy6,334,29
sm3-25,Salazzle-GX,Pokémon,"Stage 1,GX",sm3,76,10
sv4pt5-234,Charizard ex,Pokémon,"Stage 2,Tera,ex",sv4pt5,305,5
ecard3-97,Skarmory,Pokémon,Basic,ecard3,92,21
swsh9-65,Whimsicott VSTAR,Pokémon,VSTAR,swsh9,76,24
sv4pt5-185,Pawniard,Pokémon,Basic,sv4pt5,6,31
xy7-68,Lugia-EX,Pokémon,"Basic,EX",xy7,297,33
dpp-DP50,Arceus,Pokémon,Basic,dpp,222,38
xy5-123,Aggron Spirit Link,Trainer,Pokémon Tool,xy5,76,29
ex10-34,Aipom,Pokémon,Basic,ex10,34,29
hgss1-24,Lapras,Pokémon,Basic,hgss1,38,2
smp-SM113,Ash's Pikachu,Pokémon,Basic,smp,42,38
bw3-58,Litwick,Pokémon,Basic,bw3,292,21
bw5-52,Cofagrigus,Pokémon,Stage 1,bw5,73,2
basep-12,Mewtwo,Pokémon,Basic,basep,370,38
sv10-89,Team Rocket's Orbeetle,Pokémon,Stage 2,sv10,317,29
sm8-36,Gogoat,Pokémon,Stage 1,sm8,129,29
sm9-119,Dragonite,Pokémon,Stage 2,sm9,184,34
xy12-108,Misty's Determination,Trainer,Supporter,xy12,184,28
gym1-95,Sabrina's Slowpoke,Pokémon,Basic,gym1,116,21
swsh9-162,Honchkrow V,Pokémon,"Basic,V",swsh9,200,28
xyp-XY207,Gym Badge,Trainer,Item,xyp,232,38
sm11-81,Drifblim,Pokémon,Stage 1,sm11,71,2
cel25-1,Ho-Oh,Pokémon,Basic,cel25,112,2
sm6-110,Lysandre ◇,Trainer,"Supporter,Prism Star",sm6,75,18
sv4pt5-197,Pidgeotto,Pokémon,Stage 1,sv4pt5,112,31
sm10-123,Aron,Pokémon,Basic,sm10,116,21
sv3-218,Geeta,Trainer,Supporter,sv3,215,32
swsh4-160,Telescopic Sight,Trainer,Pokémon Tool,swsh4,334,29
swsh1-77,Pincurchin,Pokémon,Basic,swsh1,340,21
ex12-31,Dunsparce,Pokémon,Basic,ex12,163,29
dpp-DP40,Regigigas,Pokémon,Basic,dpp,162,38
bw9-45,Grimer,Pokémon,Basic,bw9,163,21
g1-RC21,Sylveon-EX,Pokémon,"Basic,EX",g1,254,33
swsh9-106,Flygon V,Pokémon,"Basic,V",swsh9,336,16
me2-56,Mega Gengar ex,Pokémon,"Stage 2,MEGA,ex",me2,76,14
ex7-34,Dark Golbat,Pokémon,Stage 1,ex7,117,29
g1-37,Meowstic-EX,Pokémon,"Basic,EX",g1,334,33
pl3-40,Roserade C,Pokémon,"Basic,SP",pl3,73,2
dp6-56,Grumpig,Pokémon,Stage 1,dp6,117,29
dp1-113,Rival,Trainer,Supporter,dp1,116,29
sm35-69,Double Colorless Energy,Energy,Special,sm35,,29
sm10-214,Welder,Trainer,Supporter,sm10,75,28
swshp-SWSH173,Blitzle,Pokémon,"Basic,Rapid Strike",swshp,145,38
xy8-131,Noibat,Pokémon,Basic,xy8,254,21
pl1-44,Cascoon,Pokémon,Stage 1,pl1,293,29
sm75-29,Milotic,Pokémon,Stage 1,sm75,134,29
swsh2-49,Inteleon V,Pokémon,"Basic,V",swsh2,76,16
bw5-81,Chansey,Pokémon,Basic,bw5,71,21
swsh12-15,Chesnaught V,Pokémon,"Basic,V",swsh12,275,16
swsh7-80,Marshadow,Pokémon,"Basic,Rapid Strike",swsh7,128,34
xy3-84,Patrat,Pokémon,Basic,xy3,271,21
xy9-61,Doublade,Pokémon,Stage 1,xy9,163,29
sv10-195,Clamperl,Pokémon,Basic,sv10,349,7
xy11-87,Hydreigon BREAK,Pokémon,BREAK,xy11,76,15
sv8-94,Flittle,Pokémon,Basic,sv8,,21
sv3-222,Eiscue ex,Pokémon,"Basic,ex,Tera",sv3,286,5
pop6-16,Starly,Pokémon,Basic,pop6,117,21
ex10-85,Fluffy Berry,Trainer,Pokémon Tool,ex10,232,29
sv7-165,Kofu,Trainer,Supporter,sv7,,32
swshp-SWSH158,Greninja V-UNION,Pokémon,V-UNION,swshp,317,38
sv4-25,Charcadet,Pokémon,Basic,sv4,91,21
sv8-158,Maushold,Pokémon,Stage 1,sv8,,29
neo2-40,Igglybuff,Pokémon,Baby,neo2,189,29
ex16-60,Seedot,Pokémon,Basic,ex16,198,21
dp1-50,Haunter,Pokémon,Stage 1,dp1,284,29
xyp-XY20,Greninja-EX,Pokémon,"Basic,EX",xyp,76,38
ex3-67,Nincada,Pokémon,Basic,ex3,116,21
ecard1-48,Gengar,Pokémon,Stage 2,ecard1,293,2
base1-102,Water Energy,Energy,Basic,base1,307,13
dp1-51,Hippopotas,Pokémon,Basic,dp1,108,29
sv6-132,Farfetch'd,Pokémon,Basic,sv6,58,21
sv10-163,Emcee's Hype,Trainer,Supporter,sv10,365,21
zsv10pt5-118,Solosis,Pokémon,Basic,zsv10pt5,180,7
sm35-60,Great Ball,Trainer,Item,sm35,232,29
sm12-220,Arceus & Dialga & Palkia-GX,Pokémon,"Basic,TAG TEAM,GX",sm12,76,28
dp1-80,Duskull,Pokémon,Basic,dp1,191,21
swsh3-7,Simisage,Pokémon,Stage 1,swsh3,68,29
swshp-SWSH200,Corviknight V,Pokémon,"Basic,V",swshp,336,38
bw5-40,Minun,Pokémon,Basic,bw5,292,21
sv1-124,Koraidon,Pokémon,Basic,sv1,112,2
g1-RC28,Flareon-EX,Pokémon,"Basic,EX",g1,215,28
swsh11tg-TG11,Castform,Pokémon,Basic,swsh11tg,233,37
swsh8-80,Chewtle,Pokémon,Basic,swsh8,332,21
sv8-70,Togepi,Pokémon,Basic,sv8,,21
ecard1-105,Cyndaquil,Pokémon,Basic,ecard1,271,21
xy6-51,Dragonite,Pokémon,Stage 2,xy6,73,2
ex1-21,Seaking,Pokémon,Stage 1,ex1,163,2
neo3-6,Entei,Pokémon,Basic,neo3,116,34
sm9-69,Cosmog,Pokémon,Basic,sm9,254,21
ex10-M,Unown,Pokémon,Basic,ex10,240,2
xy6-1,Exeggcute,Pokémon,Basic,xy6,17,21
xy4-13,Krabby,Pokémon,Basic,xy4,215,21
ex2-94,Aerodactyl ex,Pokémon,"Stage 1,ex",ex2,136,33
swsh5-33,Kingdra,Pokémon,Stage 2,swsh5,73,34
sm8-152,Chansey,Pokémon,Basic,sm8,267,21
sm2-23,Tentacool,Pokémon,Basic,sm2,322,21
pgo-29,Zapdos,Pokémon,Basic,pgo,128,34
sv6-170,Dipplin,Pokémon,Stage 1,sv6,340,7
swsh12-89,Dragapult,Pokémon,Stage 2,swsh12,151,34
sv8-9,Shiinotic,Pokémon,Stage 1,sv8,,29
sv4pt5-15,Armarouge,Pokémon,Stage 1,sv4pt5,305,2
sv1-25,Toedscool,Pokémon,Basic,sv1,98,21
col1-49,Quilava,Pokémon,Stage 1,col1,162,29
swsh12-196,Serperior VSTAR,Pokémon,VSTAR,swsh12,336,20
gym2-77,Koga's Ekans,Pokémon,Basic,gym2,116,21
sv6pt5-98,Basic Darkness Energy,Energy,Basic,sv6pt5,,1
xy5-60,Electrike,Pokémon,Basic,xy5,351,29
sv3pt5-156,Bill's Transfer,Trainer,Supporter,sv3pt5,94,29
sm3-82,Alolan Raticate,Pokémon,Stage 1,sm3,112,2
dv1-5,Dragonite,Pokémon,Stage 2,dv1,108,34
me2-1,Oddish,Pokémon,Basic,me2,243,21
dp2-122,Lucario LV.X,Pokémon,Level-Up,dp2,232,3
g1-RC19,Swirlix,Pokémon,Basic,g1,43,29
sm4-3,Beedrill,Pokémon,Stage 2,sm4,215,2
pl4-27,Raichu,Pokémon,Stage 1,pl4,38,2
sv10-25,Rabsca ex,Pokémon,"Stage 1,ex",sv10,275,14
ecard1-63,Skarmory,Pokémon,Basic,ecard1,259,2
sv10-157,Swellow,Pokémon,Stage 1,sv10,224,21
xy5-39,Barboach,Pokémon,Basic,xy5,271,21
me2-123,Switch,Trainer,Item,me2,296,32
sv3pt5-64,Kadabra,Pokémon,Stage 1,sv3pt5,108,29
sv6-142,Accompanying Flute,Trainer,Item,sv6,26,29
sv3-205,Scizor,Pokémon,Stage 1,sv3,192,7
np-7,Treecko,Pokémon,Basic,np,116,38
sv6pt5-50,Eevee,Pokémon,Basic,sv6pt5,,21
sm7-78,Baltoy,Pokémon,Basic,sm7,116,21
sv6-88,Florges,Pokémon,Stage 2,sv6,303,29
swsh45-52,Eevee,Pokémon,Basic,swsh45,62,21
gym1-94,Sabrina's Mr. Mime,Pokémon,Basic,gym1,116,21
sm4-61,Zweilous,Pokémon,Stage 1,sm4,183,29
ex6-63,Gastly,Pokémon,Basic,ex6,116,21
sv6-192,Hearthflame Mask Ogerpon ex,Pokémon,"Basic,Tera,ex",sv6,76,32
ex1-38,Linoone,Pokémon,Stage 1,ex1,116,29
swsh1-100,Sudowoodo,Pokémon,Basic,swsh1,293,29
hgss2-94,Suicune & Entei LEGEND,Pokémon,LEGEND,hgss2,272,11
sv10-63,Barraskewda,Pokémon,Stage 1,sv10,271,29
swsh7-33,Lombre,Pokémon,Stage 1,swsh7,58,29
swsh8-8,Simisage,Pokémon,Stage 1,swsh8,340,29
ex12-26,Spinda,Pokémon,Basic,ex12,44,2
sv6-74,Bellibolt,Pokémon,Stage 1,sv6,40,29
sm11-5,Shroomish,Pokémon,Basic,sm11,116,21
pl1-76,Happiny,Pokémon,Basic,pl1,162,21
sm1-67,Makuhita,Pokémon,Basic,sm1,40,21
swsh9-148,Roseanne's Backup,Trainer,Supporter,swsh9,368,29
swsh8-148,Landorus,Pokémon,Basic,swsh8,81,34
bw3-20,Larvesta,Pokémon,Basic,bw3,292,21
dp4-67,Feebas,Pokémon,Basic,dp4,116,21
ex1-33,Hariyama,Pokémon,Stage 1,ex1,116,29
swshp-SWSH182,Vaporeon VMAX,Pokémon,"VMAX,Rapid Strike",swshp,233,38
swsh2-191,Oleana,Trainer,Supporter,swsh2,215,28
neo1-45,Quagsire,Pokémon,Stage 1,neo1,191,29
ex8-94,Heal Energy,Energy,Special,ex8,50,29
hgss2-58,Poliwag,Pokémon,Basic,hgss2,284,21
swsh6-23,Larvesta,Pokémon,Basic,swsh6,6,21
dp2-57,Octillery,Pokémon,Stage 1,dp2,162,29
swsh12-179,Hisuian Arcanine V,Pokémon,"Basic,V",swsh12,76,28
swsh6-180,Liepard V,Pokémon,"Basic,V",swsh6,281,28
swsh12pt5-109,Snorlax,Pokémon,Basic,swsh12pt5,165,2
sv4-136,Zacian,Pokémon,Basic,sv4,247,2
zsv10pt5-144,Cobalion,Pokémon,Basic,zsv10pt5,357,7
sv8pt5-84,Lopunny,Pokémon,Stage 1,sv8pt5,,21
ex7-28,Yanma,Pokémon,Basic,ex7,17,2
bw10-85,Rare Candy,Trainer,Item,bw10,232,29
base3-23,Hypno,Pokémon,Stage 1,base3,116,2
sm3-35,Azumarill,Pokémon,Stage 1,sm3,58,2
ex15-41,Togepi δ,Pokémon,Basic,ex15,189,29
ex13-47,Masquerain,Pokémon,Stage 1,ex13,191,29
sm12-1,Venusaur & Snivy-GX,Pokémon,"Basic,TAG TEAM,GX",sm12,108,10
sv1-110,Meditite,Pokémon,Basic,sv1,58,21
bw5-46,Eelektrik,Pokémon,Stage 1,bw5,162,29
me1-136,Shuckle,Pokémon,Basic,me1,,7
sv8-141,Eternatus,Pokémon,Basic,sv8,,2
swsh12-186,Lugia V,Pokémon,"Basic,V",swsh12,73,28
xy8-159,M Mewtwo-EX,Pokémon,"MEGA,EX",xy8,76,28
sv4-24,Crocalor,Pokémon,Stage 1,sv4,187,29
sv8pt5-75,Eevee ex,Pokémon,"Basic,Tera,ex",sv8pt5,,14
pop8-4,Probopass,Pokémon,Stage 1,pop8,116,2
dp4-74,Koffing,Pokémon,Basic,dp4,14,21
sm2-9,Golisopod,Pokémon,Stage 1,sm2,112,34
bw10-50,Machamp,Pokémon,Stage 2,bw10,112,2
sv3pt5-91,Cloyster,Pokémon,Stage 1,sv3pt5,300,29
hgss3-65,Scyther,Pokémon,Basic,hgss3,117,21
swsh4-71,Dusknoir,Pokémon,Stage 2,swsh4,90,34
smp-SM47,Crabominable,Pokémon,Stage 1,smp,108,38
sv3pt5-77,Ponyta,Pokémon,Basic,sv3pt5,208,21
bw2-38,Venipede,Pokémon,Basic,bw2,112,21
sv6-149,Festival Grounds,Trainer,Stadium,sv6,226,29
ex7-48,Seadra,Pokémon,Stage 1,ex7,162,29
dp7-31,Vespiquen,Pokémon,Stage 1,dp7,79,2
xy9-15,Heatmor,Pokémon,Basic,xy9,167,29
sv4pt5-245,Koraidon ex,Pokémon,"Basic,ex",sv4pt5,207,1
sv2-76,Pawmot,Pokémon,Stage 2,sv2,183,2
sm4-40,Mismagius,Pokémon,Stage 1,sm4,24,2
sv3-165,Kangaskhan,Pokémon,Basic,sv3,128,29
sm5-57,Toxicroak,Pokémon,Stage 1,sm5,264,2
bw3-72,Golurk,Pokémon,Stage 1,bw3,112,2
sma-SV94,Tapu Lele-GX,Pokémon,"Basic,GX",sma,76,27
xy7-81,Tyranitar Spirit Link,Trainer,Pokémon Tool,xy7,76,29
xy10-47,Lucario,Pokémon,Stage 1,xy10,317,2
xy11-69,Shieldon,Pokémon,Restored,xy11,71,29
ex7-52,Dratini,Pokémon,Basic,ex7,34,21
hgss1-123,Gyarados,Pokémon,Stage 1,hgss1,374,34
bw11-115,Zekrom,Pokémon,Basic,bw11,76,27
xy1-14,Chesnaught,Pokémon,Stage 2,xy1,76,34
g1-RC26,Floral Crown,Trainer,Pokémon Tool,g1,308,21
base3-54,Shellder,Pokémon,Basic,base3,108,21
sm8-72,Electivire,Pokémon,Stage 1,sm8,340,2
g1-26,Pikachu,Pokémon,Basic,g1,191,21
sm10-207,Persian-GX,Pokémon,"Stage 1,GX",sm10,76,28
sm3-156,Marshadow-GX,Pokémon,"Basic,GX",sm3,76,20
bwp-BW81,Thundurus-EX,Pokémon,"Basic,EX,Team Plasma",bwp,297,38
sm2-20,Alolan Sandslash,Pokémon,Stage 1,sm2,142,2
neo4-28,Unown [H],Pokémon,Basic,neo4,111,2
sv8pt5-5,Leafeon,Pokémon,Stage 1,sv8pt5,,2
swsh45sv-SV051,Dedenne,Pokémon,Basic,swsh45sv,71,9
sv10-243,Jamming Tower,Trainer,Stadium,sv10,26,1
bw9-47,Mr. Mime,Pokémon,Basic,bw9,36,2
dp6-64,Metang,Pokémon,Stage 1,dp6,198,29
swsh12pt5-113,Regigigas V,Pokémon,"Basic,V",swsh12pt5,336,16
swsh7-152,Raihan,Trainer,Supporter,swsh7,236,29
sv5-103,Haunter,Pokémon,Stage 1,sv5,267,21
dp2-15,Raichu,Pokémon,Stage 1,dp2,335,34
dp5-17,Empoleon,Pokémon,Stage 2,dp5,79,2
sm2-96,Goodra,Pokémon,Stage 2,sm2,292,34
sv8-237,Milotic ex,Pokémon,"Stage 1,ex",sv8,,5
swsh10-204,Irida,Trainer,Supporter,swsh10,215,20
dp1-77,Clefairy,Pokémon,Basic,dp1,116,21
sv4pt5-133,Voltorb,Pokémon,Basic,sv4pt5,6,31
swsh9-159,Granbull V,Pokémon,"Basic,V",swsh9,281,28
bw6-128,Rayquaza,Pokémon,Basic,bw6,76,27
sm12-77,Weezing,Pokémon,Stage 1,sm12,44,2
sv3-186,Arven,Trainer,Supporter,sv3,94,29
dp5-98,Glaceon LV.X,Pokémon,Level-Up,dp5,232,3
swsh2-159,Full Heal,Trainer,Item,swsh2,355,29
dp7-72,Roselia,Pokémon,Basic,dp7,125,21
pl2-42,Hippowdon E4,Pokémon,"Basic,SP",pl2,162,29
hgss4-46,Nidorino,Pokémon,Stage 1,hgss4,167,29
swsh7-193,Rayquaza V,Pokémon,"Basic,V,Rapid Strike",swsh7,336,28
pop2-14,Luvdisc,Pokémon,Basic,pop2,191,21
det1-6,Arcanine,Pokémon,Stage 1,det1,213,2
hgss1-19,Farfetch'd,Pokémon,Basic,hgss1,308,2
swsh12-102,Ursaluna V,Pokémon,"Basic,V",swsh12,76,16
pop3-6,Vaporeon,Pokémon,Stage 1,pop3,117,2
bw7-26,Emboar,Pokémon,Stage 2,bw7,317,34
bw6-127,Krookodile,Pokémon,Stage 2,bw6,76,27
swsh45-51,Ditto VMAX,Pokémon,VMAX,swsh45,70,25
sv8-28,Centiskorch,Pokémon,Stage 1,sv8,,21
gym2-84,Lt. Surge's Pikachu,Pokémon,Basic,gym2,191,21
swsh9-40,Lumineon V,Pokémon,"Basic,V",swsh9,356,16
swsh12pt5gg-GG21,Hisuian Goodra,Pokémon,Stage 2,swsh12pt5gg,273,37
bw10-61,Escavalier,Pokémon,"Stage 1,Team Plasma",bw10,76,2
swshp-SWSH003,Sobble,Pokémon,Basic,swshp,71,38
mcd22-15,Smeargle,Pokémon,Basic,mcd22,112,13
swsh7-14,Trevenant VMAX,Pokémon,VMAX,swsh7,41,25
pl1-60,Probopass,Pokémon,Stage 1,pl1,108,29
xy1-5,Beedrill,Pokémon,Stage 2,xy1,317,2
ex15-88,δ Rainbow Energy,Energy,Special,ex15,50,29
xy1-135,Lightning Energy,Energy,Basic,xy1,,21
sv4pt5-39,Dachsbun,Pokémon,Stage 1,sv4pt5,273,29
sm75-43,Shelgon,Pokémon,Stage 1,sm75,43,29
swsh10-103,Nickit,Pokémon,Basic,swsh10,284,21
base6-59,Primeape,Pokémon,Stage 1,base6,162,29
sv10-146,Zamazenta,Pokémon,Basic,sv10,108,2
sm7-110,Dunsparce,Pokémon,Basic,sm7,108,29
sv8-181,Meddling Memo,Trainer,Item,sv8,,29
gym1-104,The Rocket's Training Gym,Trainer,Stadium,gym1,307,2
smp-SM116,Xurkitree,Pokémon,"Basic,Ultra Beast",smp,142,38
swsh8-178,Grimmsnarl,Pokémon,"Stage 2,Single Strike",swsh8,73,34
gym1-49,Erika's Weepinbell,Pokémon,Stage 1,gym1,116,29
sv4pt5-186,Bisharp,Pokémon,Stage 1,sv4pt5,224,31
bw9-68,Sandile,Pokémon,Basic,bw9,254,21
sv2-20,Nymble,Pokémon,Basic,sv2,333,21
sm4-8,Shelmet,Pokémon,Basic,sm4,288,21
sv8pt5-94,Area Zero Underdepths,Trainer,Stadium,sv8pt5,,29
swsh7-133,Lillipup,Pokémon,Basic,swsh7,284,21
xy2-106,Pokémon Fan Club,Trainer,Supporter,xy2,206,28
base6-74,Eevee,Pokémon,Basic,base6,162,21
sm4-15,Staryu,Pokémon,Basic,sm4,293,21
sm11-154,Axew,Pokémon,Basic,sm11,293,21
swsh6-205,Shadow Rider Calyrex VMAX,Pokémon,VMAX,swsh6,108,20
bw3-10,Amoonguss,Pokémon,Stage 1,bw3,162,29
sv1-5,Cacnea,Pokémon,Basic,sv1,98,21
svp-198,Zacian ex,Pokémon,"Basic,ex",svp,336,38
swshp-SWSH263,Zeraora V,Pokémon,"Basic,V",swshp,275,38
gym1-58,Sabrina's Haunter,Pokémon,Stage 1,gym1,191,29
sm10-195,Dedenne-GX,Pokémon,"Basic,GX",sm10,76,28
ex8-86,Energy Charge,Trainer,Item,ex8,307,29
bw2-43,Gothita,Pokémon,Basic,bw2,267,21
ex14-50,Diglett,Pokémon,Basic,ex14,271,21
swsh8-279,Sidney,Trainer,Supporter,swsh8,37,20
sv4pt5-209,Tandemaus,Pokémon,Basic,sv4pt5,14,31
sv7-88,Falinks,Pokémon,Basic,sv7,,21
sv3pt5-164,Protective Goggles,Trainer,Pokémon Tool,sv3pt5,334,29
sm2-14,Oricorio,Pokémon,Basic,sm2,317,2
swsh4-91,Drilbur,Pokémon,Basic,swsh4,43,21
sv3pt5-52,Meowth,Pokémon,Basic,sv3pt5,292,21
sv4pt5-23,Exeggcute,Pokémon,Basic,sv4pt5,106,21
swsh5-13,Vivillon,Pokémon,Stage 2,swsh5,58,2
mcd12-1,Servine,Pokémon,Stage 1,mcd12,162,13
rsv10pt5-79,Antique Plume Fossil,Trainer,Item,rsv10pt5,26,21
sv1-63,Magnemite,Pokémon,Basic,sv1,88,21
sm3-149,Tapu Bulu-GX,Pokémon,"Basic,GX",sm3,76,20
ex6-24,Fearow,Pokémon,Stage 1,ex6,294,2
swsh35-13,Wailord V,Pokémon,"Basic,V",swsh35,336,16
swsh9-10,Wormadam,Pokémon,Stage 1,swsh9,43,2
sm115-60,Lt. Surge's Strategy,Trainer,Supporter,sm115,184,29
bw2-84,Minccino,Pokémon,Basic,bw2,191,21
xy7-46,Malamar,Pokémon,Stage 1,xy7,117,21
swsh9-44,Eiscue,Pokémon,"Basic,Fusion Strike",swsh9,214,2
pl2-89,Bebe's Search,Trainer,Supporter,pl2,116,29
sv1-178,Mesagoza,Trainer,Stadium,sv1,145,29
sm11-21,Magmar,Pokémon,Basic,sm11,36,21
col1-84,Research Record,Trainer,Item,col1,299,29
ex15-35,Nidorino δ,Pokémon,Stage 1,ex15,191,29
sv8pt5-103,Carmine,Trainer,Supporter,sv8pt5,,29
sv10-200,Team Rocket's Murkrow,Pokémon,Basic,sv10,340,7
bw11-83,Stunfisk,Pokémon,Basic,bw11,43,29
swsh11tg-TG07,Banette,Pokémon,"Stage 1,Single Strike",swsh11tg,344,37
base2-11,Snorlax,Pokémon,Basic,base2,116,34
sv10-27,Growlithe,Pokémon,Basic,sv10,242,21
bw5-10,Shelmet,Pokémon,Basic,bw5,90,21
sv10-169,Spikemuth Gym,Trainer,Stadium,sv10,26,29
sv9-122,Kecleon,Pokémon,Basic,sv9,131,21
sv3-123,Glimmora ex,Pokémon,"Stage 1,ex",sv3,76,14
gym2-57,Sabrina's Jynx,Pokémon,Basic,gym2,191,29
hgss2-71,Cheerleader's Cheer,Trainer,Supporter,hgss2,112,29
swsh9-39,Floatzel,Pokémon,Stage 1,swsh9,183,29
dp7-69,Onix,Pokémon,Basic,dp7,271,21
pl4-71,Pikachu,Pokémon,Basic,pl4,254,21
sv4-171,Professor Turo's Scenario,Trainer,"Supporter,Future",sv4,357,29
bw5-85,Chatot,Pokémon,Basic,bw5,267,29
ex7-12,Kingdra,Pokémon,Stage 2,ex7,162,34
swsh45-63,Team Yell Towel,Trainer,Item,swsh45,296,29
base4-96,Tangela,Pokémon,Basic,base4,108,21
base1-65,Staryu,Pokémon,Basic,base1,307,21
sv5-146,Eri,Trainer,Supporter,sv5,376,29
hgss1-119,Psychic Energy,Energy,Basic,hgss1,,21
sv5-131,Delcatty,Pokémon,Stage 1,sv5,11,29
sma-SV41,Eevee,Pokémon,Basic,sma,215,9
hgss1-58,Chansey,Pokémon,Basic,hgss1,194,21
sv8-210,Flapple,Pokémon,Stage 1,sv8,,7
dp3-64,Shelgon,Pokémon,Stage 1,dp3,112,29
ex2-35,Electabuzz,Pokémon,Basic,ex2,112,29
pop2-10,Pokémon Park,Trainer,Stadium,pop2,23,29
pl2-94,Sunyshore City Gym,Trainer,Stadium,pl2,203,29
sm11-15,Fomantis,Pokémon,Basic,sm11,43,21
sm6-103,Bonnie,Trainer,Supporter,sm6,37,29
ex12-65,Spheal,Pokémon,Basic,ex12,189,21
hgss1-46,Metapod,Pokémon,Stage 1,hgss1,17,29
sv9-101,Bombirdier,Pokémon,Basic,sv9,96,21
dp1-85,Hoothoot,Pokémon,Basic,dp1,198,21
swsh2-7,Lotad,Pokémon,Basic,swsh2,125,21
sv4-195,Blitzle,Pokémon,Basic,sv4,210,7
swsh5-122,Camping Gear,Trainer,Item,swsh5,60,29
xy3-58,Landorus,Pokémon,Basic,xy3,216,34
sv10-182,Team Rocket's Energy,Energy,Special,sv10,,29
swsh11-210,Thorton,Trainer,Supporter,swsh11,37,20
sv1-111,Medicham,Pokémon,Stage 1,sv1,245,29
swsh7-200,Copycat,Trainer,Supporter,swsh7,351,28
sv4-86,Scream Tail,Pokémon,"Basic,Ancient",sv4,196,29
sv8-163,Babiri Berry,Trainer,Pokémon Tool,sv8,,29
swsh8-30,Ninetales,Pokémon,Stage 1,swsh8,215,29
sv5-117,Melmetal,Pokémon,Stage 1,sv5,145,2
swsh4-49,Ampharos V,Pokémon,"Basic,V",swsh4,66,16
swsh2-56,Voltorb,Pokémon,Basic,swsh2,68,21
sv3pt5-68,Machamp,Pokémon,Stage 2,sv3pt5,66,2
xy7-63,Eevee,Pokémon,Basic,xy7,112,21
bw2-18,Pansear,Pokémon,Basic,bw2,117,21
sm10-149,Persian-GX,Pokémon,"Stage 1,GX",sm10,72,10
swsh6-55,Gastly,Pokémon,Basic,swsh6,44,21
ex9-52,Larvitar,Pokémon,Basic,ex9,240,21
swsh10-154,Switch Cart,Trainer,Item,swsh10,334,29
xyp-XY88,Chespin,Pokémon,Basic,xyp,191,38
xyp-XY209,Gym Badge,Trainer,Item,xyp,232,38
base3-25,Lapras,Pokémon,Basic,base3,116,2
swsh12-60,Drowzee,Pokémon,Basic,swsh12,224,21
swsh11-200,Drapion VSTAR,Pokémon,VSTAR,swsh11,336,20
xyp-XY160,Black Kyurem,Pokémon,Basic,xyp,73,38
sv3pt5-20,Raticate,Pokémon,Stage 1,sv3pt5,129,29
ex3-76,Taillow,Pokémon,Basic,ex3,271,21
sv9-8,Maractus,Pokémon,Basic,sv9,31,29
sm4-60,Deino,Pokémon,Basic,sm4,58,21
swsh11-193,Lady,Trainer,Supporter,swsh11,47,28
sm2-40,Alolan Geodude,Pokémon,Basic,sm2,75,21
swsh12pt5-24,Larvesta,Pokémon,Basic,swsh12pt5,98,21
hgss1-44,Igglybuff,Pokémon,Basic,hgss1,191,29
sv6-223,Buddy-Buddy Poffin,Trainer,Item,sv6,26,1
sv3pt5-149,Dragonite,Pokémon,Stage 2,sv3pt5,351,2
sm8-215,Shuckle-GX,Pokémon,"Basic,GX",sm8,76,20
sv10-43,Heat Rotom,Pokémon,Basic,sv10,31,21
ex12-78,Claw Fossil,Trainer,Item,ex12,232,21
hgss3-9,Togekiss,Pokémon,Stage 2,hgss3,191,34
ex2-75,Sandshrew,Pokémon,Basic,ex2,112,21
sm2-163,Field Blower,Trainer,Item,sm2,334,27
sm7-46,Kyogre,Pokémon,Basic,sm7,317,34
dc1-5,Team Aqua's Walrein,Pokémon,Stage 2,dc1,75,34
smp-SM57,Ho-Oh-GX,Pokémon,"Basic,GX",smp,76,38
swsh4-61,Zeraora,Pokémon,Basic,swsh4,62,34
sv9-16,Sprigatito,Pokémon,Basic,sv9,40,21
sv4pt5-160,Mimikyu,Pokémon,Basic,sv4pt5,300,31
smp-SM46,Seviper,Pokémon,Basic,smp,377,38
sv7-116,Glameow,Pokémon,Basic,sv7,,21
smp-SM32,Tapu Bulu-GX,Pokémon,"Basic,GX",smp,216,38
swsh6-83,Galarian Runerigus,Pokémon,Stage 1,swsh6,105,34
smp-SM118,Lycanroc,Pokémon,Stage 1,smp,254,38
sm10-124,Lairon,Pokémon,Stage 1,sm10,38,29
xy8-65,Misdreavus,Pokémon,Basic,xy8,254,21
sv8-81,Sigilyph,Pokémon,Basic,sv8,,21
bw1-73,Mandibuzz,Pokémon,Stage 1,bw1,112,2
sm12-213,Volcarona-GX,Pokémon,"Stage 1,GX",sm12,70,28
swsh1-194,Sableye V,Pokémon,"Basic,V",swsh1,297,28
xy7-97,Primal Groudon-EX,Pokémon,"MEGA,EX",xy7,76,27
ecard1-38,Butterfree,Pokémon,Stage 2,ecard1,125,2
neo2-73,Hyper Devolution Spray,Trainer,,neo2,182,29
ex9-44,Cacnea,Pokémon,Basic,ex9,108,21
swsh12-98,Hawlucha,Pokémon,Basic,swsh12,151,21
sm4-54,Gastrodon,Pokémon,Stage 1,sm4,142,29
sv5-22,Scovillain ex,Pokémon,"Stage 1,ex",sv5,336,14
sv5-66,Girafarig,Pokémon,Basic,sv5,210,21
ex8-49,Swellow,Pokémon,Stage 1,ex8,198,29
ex12-9,Machamp,Pokémon,Stage 2,ex12,112,34
swsh1-183,Switch,Trainer,Item,swsh1,296,29
sm115-48,Eevee,Pokémon,Basic,sm115,162,34
swsh2-121,Malamar V,Pokémon,"Basic,V",swsh2,297,16
dp6-137,Technical Machine TS-2,Trainer,Technical Machine,dp6,232,29
bw5-29,Empoleon,Pokémon,Stage 2,bw5,292,34
sv8pt5-100,Briar,Trainer,Supporter,sv8pt5,,29
ecard3-69,Kadabra,Pokémon,Stage 1,ecard3,286,21
swsh12pt5-98,Zamazenta V,Pokémon,"Basic,V",swsh12pt5,76,16
svp-95,Cleffa,Pokémon,Basic,svp,98,38
xy6-42,Jirachi,Pokémon,Basic,xy6,351,34
zsv10pt5-138,Escavalier,Pokémon,Stage 1,zsv10pt5,146,7
bw8-123,Hypnotoxic Laser,Trainer,"Item,Team Plasma",bw8,76,29
bw5-59,Gurdurr,Pokémon,Stage 1,bw5,71,29
sv2-29,Fletchinder,Pokémon,Stage 1,sv2,346,29
bw3-99,Terrakion,Pokémon,Basic,bw3,76,28
ex11-93,Holon Mentor,Trainer,Supporter,ex11,112,29
svp-138,Porygon2,Pokémon,Stage 1,svp,376,38
dp3-69,Unown [N],Pokémon,Basic,dp3,335,29
dp2-72,Barboach,Pokémon,Basic,dp2,116,21
me2-114,Empoleon ex,Pokémon,"Stage 2,ex",me2,76,32
swsh45sv-SV098,Oranguru,Pokémon,Basic,swsh45sv,214,9
swsh12-16,Radiant Tsareena,Pokémon,"Basic,Radiant",swsh12,162,22
sv10-180,Team Rocket's Watchtower,Trainer,Stadium,sv10,26,29
dp2-60,Quilava,Pokémon,Stage 1,dp2,191,29
xy4-109,VS Seeker,Trainer,Item,xy4,76,29
hgss3-78,Team Rocket's Trickery,Trainer,Supporter,hgss3,331,29
me1-158,Mega Manectric ex,Pokémon,"Stage 1,MEGA,ex",me1,,32
swsh7-77,Gourgeist,Pokémon,Stage 1,swsh7,358,2
swsh7-131,Slaking,Pokémon,"Stage 2,Single Strike",swsh7,108,34
base4-31,Venomoth,Pokémon,Stage 1,base4,116,2
sma-SV85,Hiker,Trainer,Supporter,sma,292,28
bw11-56,Xatu,Pokémon,Stage 1,bw11,112,2
sv4-11,Dottler,Pokémon,Stage 1,sv4,287,21
sv9-19,Nymble,Pokémon,Basic,sv9,231,21
sv7-83,Mienfoo,Pokémon,Basic,sv7,,21
swsh8-26,Appletun V,Pokémon,"Basic,V",swsh8,207,16
xy12-76,Devolution Spray,Trainer,Item,xy12,307,29
xyp-XY45,Gallade-EX,Pokémon,"Basic,EX",xyp,216,38
pop1-1,Blaziken,Pokémon,Stage 2,pop1,92,2
sv4-21,Simisear,Pokémon,Stage 1,sv4,128,29
xy0-31,Fletchling,Pokémon,Basic,xy0,76,13
sm12-132,Carvanha,Pokémon,Basic,sm12,264,21
swshp-SWSH059,Galarian Obstagoon,Pokémon,Stage 2,swshp,264,38
sv1-213,Fidough,Pokémon,Basic,sv1,98,7
bw4-74,Scrafty,Pokémon,Stage 1,bw4,292,34
ex2-70,Omanyte,Pokémon,Stage 1,ex2,112,21
sm12-238,Weavile,Pokémon,Stage 1,sm12,214,27
dp1-1,Dialga,Pokémon,Basic,dp1,240,34
sv7-137,Gravity Gemstone,Trainer,Pokémon Tool,sv7,,29
sm8-205,Alolan Ninetales-GX,Pokémon,"Stage 1,GX",sm8,76,28
bw10-79,Cover Fossil,Trainer,Item,bw10,232,29
mcd21-19,Mudkip,Pokémon,Basic,mcd21,308,13
sv8-224,Archaludon ex,Pokémon,"Stage 1,ex",sv8,,32
sm4-123,Warp Energy,Energy,Special,sm4,,27
ecard1-55,Mew,Pokémon,Basic,ecard1,163,2
swsh5-66,Mankey,Pokémon,"Basic,Single Strike",swsh5,66,21
sv4-264,Counter Catcher,Trainer,Item,sv4,334,1
swsh1-41,Cloyster,Pokémon,Stage 1,swsh1,267,2
xy9-111,Scizor Spirit Link,Trainer,Pokémon Tool,xy9,76,29
swsh12pt5-100,Rayquaza V,Pokémon,"Basic,V,Rapid Strike",swsh12pt5,336,16
sm2-159,Kommo-o-GX,Pokémon,"Stage 2,GX",sm2,76,20
bw10-80,Energy Retrieval,Trainer,Item,bw10,79,29
swsh12-190,Furisode Girl,Trainer,Supporter,swsh12,47,28
sm35-38,Jynx,Pokémon,Basic,sm35,17,21
sv9-186,Hop's Zacian ex,Pokémon,"Basic,ex",sv9,260,5
sv9-1,Caterpie,Pokémon,Basic,sv9,160,21
base5-40,Dark Machoke,Pokémon,Stage 1,base5,108,29
ex12-51,Clamperl,Pokémon,Basic,ex12,34,21
swsh6-88,Passimian,Pokémon,"Basic,Rapid Strike",swsh6,340,2
bw8-7,Cherrim,Pokémon,Stage 1,bw8,162,2
swsh5-169,Rapid Strike Urshifu VMAX,Pokémon,"VMAX,Rapid Strike",swsh5,70,20
swsh2-66,Vikavolt,Pokémon,Stage 2,swsh2,73,34
pop1-4,Sceptile,Pokémon,Stage 2,pop1,69,2
bw6-49,Drifloon,Pokémon,Basic,bw6,267,21
sv4-36,Milotic,Pokémon,Stage 1,sv4,363,2
bw7-121,Herdier,Pokémon,Stage 1,bw7,117,29
swsh3-197,Rillaboom,Pokémon,Stage 2,swsh3,76,27
dp7-68,Misdreavus,Pokémon,Basic,dp7,191,21
gym2-24,Giovanni's Pinsir,Pokémon,Basic,gym2,116,2
swsh3-122,Lairon,Pokémon,Stage 1,swsh3,71,29
me1-107,Buneary,Pokémon,Basic,me1,,21
ex16-53,Machop,Pokémon,Basic,ex16,116,21
sm1-90,Snubbull,Pokémon,Basic,sm1,17,21
hgss2-83,Super Scoop Up,Trainer,Item,hgss2,374,29
dc1-32,Team Magma's Secret Base,Trainer,Stadium,dc1,232,29
bw10-35,Drifblim,Pokémon,Stage 1,bw10,340,2
ex1-103,Sneasel ex,Pokémon,"Basic,ex",ex1,232,33
ecard3-3,Arcanine,Pokémon,Stage 1,ecard3,308,2
hgss2-91,Entei & Raikou LEGEND,Pokémon,LEGEND,hgss2,272,11
zsv10pt5-157,Kyurem ex,Pokémon,"Basic,ex",zsv10pt5,275,32
xy5-2,Kakuna,Pokémon,Stage 1,xy5,162,29
swsh9-125,Cinccino,Pokémon,Stage 1,swsh9,191,29
xyp-XY178,Absol,Pokémon,Basic,xyp,264,38
ex13-99,Crawdaunt ex,Pokémon,"Stage 1,ex",ex13,232,33
sv8pt5-111,Haban Berry,Trainer,Pokémon Tool,sv8pt5,,21
pl2-84,Trapinch,Pokémon,Basic,pl2,191,21
gym2-67,Brock's Diglett,Pokémon,Basic,gym2,116,21
sm12-63,Wishiwashi-GX,Pokémon,"Basic,GX",sm12,60,10
sv6pt5-70,Dusknoir,Pokémon,Stage 2,sv6pt5,,7
sm12-81,Kirlia,Pokémon,Stage 1,sm12,129,29
sm12-55,Prinplup,Pokémon,Stage 1,sm12,264,29
dp3-124,Rival,Trainer,Supporter,dp3,116,29
swsh35-47,Duraludon V,Pokémon,"Basic,V",swsh35,207,16
sv1-207,Dondozo,Pokémon,Basic,sv1,305,7
sm5-16,Dewpider,Pokémon,Basic,sm5,198,21
sm10-5,Oddish,Pokémon,Basic,sm10,131,21
xy6-22,Electrode,Pokémon,Stage 1,xy6,17,29
bw3-36,Zebstrika,Pokémon,Stage 1,bw3,167,2
sv1-90,Drifblim,Pokémon,Stage 1,sv1,55,29
me2-90,Grimsley's Move,Trainer,Supporter,me2,94,29
bw11-RC21,Shaymin-EX,Pokémon,"Basic,EX",bw11,194,28
bw7-27,Darumaka,Pokémon,Basic,bw7,308,21
swsh2-158,Dan,Trainer,Supporter,swsh2,75,29
swsh7-234,Turffield Stadium,Trainer,Stadium,swsh7,207,27
gym2-17,Blaine,Trainer,,gym2,116,34
bw6-64,Claydol,Pokémon,Stage 1,bw6,317,2
bw2-68,Vullaby,Pokémon,Basic,bw2,254,21
base2-49,Bellsprout,Pokémon,Basic,base2,162,21
ex15-55,Natu δ,Pokémon,Basic,ex15,293,21
me2-5,Lotad,Pokémon,Basic,me2,10,21
bw2-93,Great Ball,Trainer,Item,bw2,76,29
sma-SV20,Sudowoodo,Pokémon,Basic,sma,271,9
sv1-92,Floette,Pokémon,Stage 1,sv1,47,21
sm9-55,Nidorina,Pokémon,Stage 1,sm9,162,29
swsh12tg-TG21,Duraludon VMAX,Pokémon,"VMAX,Single Strike",swsh12tg,305,25
swsh6-117,Porygon2,Pokémon,Stage 1,swsh6,368,29
neo3-44,Geodude,Pokémon,Basic,neo3,30,21
me2-19,Charcadet,Pokémon,Basic,me2,17,21
mcd22-12,Bewear,Pokémon,Stage 1,mcd22,90,13
swsh8-79,Inteleon VMAX,Pokémon,"VMAX,Rapid Strike",swsh8,76,25
sm6-55,Poipole,Pokémon,"Basic,Ultra Beast",sm6,184,29
swsh8-112,Jynx,Pokémon,Basic,swsh8,90,21
sv6-101,Nosepass,Pokémon,Basic,sv6,305,21
ex15-82,TV Reporter,Trainer,Supporter,ex15,116,29
dp3-2,Blastoise,Pokémon,Stage 2,dp3,335,34
sm9-98,Skarmory,Pokémon,Basic,sm9,215,2
sv4pt5-239,Penny,Trainer,Supporter,sv4pt5,7,5
ex15-87,Boost Energy,Energy,Special,ex15,176,29
sm3-6,Vileplume,Pokémon,Stage 2,sm3,24,34
sm11-96,Mareanie,Pokémon,Basic,sm11,332,21
sv6-116,Whirlipede,Pokémon,Stage 1,sv6,209,21
swsh3-193,Scizor VMAX,Pokémon,VMAX,swsh3,76,20
sv4-247,Tapu Koko ex,Pokémon,"Basic,ex",sv4,245,5
xyp-XY71,Hoopa-EX,Pokémon,"Basic,EX",xyp,297,38
dpp-DP01,Turtwig,Pokémon,Basic,dpp,117,38
g1-45,Golem,Pokémon,Stage 2,g1,264,34
sv6-225,Rescue Board,Trainer,Pokémon Tool,sv6,334,1
bw10-47,Machop,Pokémon,Basic,bw10,254,21
swsh1-119,Galarian Obstagoon,Pokémon,Stage 2,swsh1,112,34
xy3-96,Maintenance,Trainer,Item,xy3,334,29
ex9-14,Groudon,Pokémon,Basic,ex9,112,2
base1-69,Weedle,Pokémon,Basic,base1,108,21
sv8-221,Palossand ex,Pokémon,"Stage 1,Tera,ex",sv8,,32
swsh4-44,Pikachu VMAX,Pokémon,VMAX,swsh4,207,25
swsh12pt5-21,Entei,Pokémon,Basic,swsh12pt5,82,34
swsh11tg-TG24,Boss's Orders,Trainer,Supporter,swsh11tg,81,28
xy10-56,Tyranitar,Pokémon,Stage 2,xy10,290,34
hgss2-35,Numel,Pokémon,Basic,hgss2,163,29
dp5-72,Piplup,Pokémon,Basic,dp5,284,21
ecard3-66,Houndour,Pokémon,Basic,ecard3,163,21
dpp-DP38,Giratina LV.X,Pokémon,Level-Up,dpp,298,38
ex14-72,Castaway,Trainer,Supporter,ex14,112,29
swsh9-171,Marnie's Pride,Trainer,Supporter,swsh9,224,28
swsh3-105,Darkrai,Pokémon,Basic,swsh3,214,34
xy1-56,Pumpkaboo,Pokémon,Basic,xy1,76,21
swsh12pt5-106,Tauros,Pokémon,Basic,swsh12pt5,112,2
swsh8-227,Chili & Cilan & Cress,Trainer,"Supporter,Fusion Strike",swsh8,171,29
swsh2-47,Galarian Darumaka,Pokémon,Basic,swsh2,340,21
dp2-85,Gible,Pokémon,Basic,dp2,255,21
smp-SM215,Mew,Pokémon,Basic,smp,117,38
bw3-86,Axew,Pokémon,Basic,bw3,191,21
swsh10-214,Temple of Sinnoh,Trainer,Stadium,swsh10,145,27
pl1-40,Toxicroak G,Pokémon,"Basic,SP",pl1,276,2
ex2-8,Lunatone,Pokémon,Basic,ex2,163,34
pl2-83,Staryu,Pokémon,Basic,pl2,191,21
bw6-31,Walrein,Pokémon,Stage 2,bw6,112,2
ex4-39,Bulbasaur,Pokémon,Basic,ex4,116,21
sv3pt5-54,Psyduck,Pokémon,Basic,sv3pt5,256,21
sv8pt5-142,Raifort,Trainer,Supporter,sv8pt5,,32
ex9-58,Numel,Pokémon,Basic,ex9,117,21
swsh3-194,Salamence VMAX,Pokémon,VMAX,swsh3,76,20
swsh12pt5-31,Wailmer,Pokémon,Basic,swsh12pt5,183,21
xy8-74,Beheeyem,Pokémon,Stage 1,xy8,17,29
base6-90,Rhyhorn,Pokémon,Basic,base6,108,21
gym2-83,Koga's Zubat,Pokémon,Basic,gym2,116,21
xy6-7,Dustox,Pokémon,Stage 2,xy6,340,29
basep-26,Pikachu,Pokémon,Basic,basep,354,38
rsv10pt5-82,Energy Retrieval,Trainer,Item,rsv10pt5,296,29
swsh8-113,Mew V,Pokémon,"Basic,V,Fusion Strike",swsh8,108,16
swsh12-41,Snorunt,Pokémon,Basic,swsh12,254,21
swsh6-158,Lucky Energy,Energy,Special,swsh6,,29
ex5-36,Golbat,Pokémon,Stage 1,ex5,198,29
bw1-34,Simipour,Pokémon,Stage 1,bw1,162,29
g1-58,Snorlax,Pokémon,Basic,g1,108,2
smp-SM208,Vikavolt,Pokémon,Stage 2,smp,6,38
neo2-37,Corsola,Pokémon,Basic,neo2,43,29
dp2-41,Bayleef,Pokémon,Stage 1,dp2,198,29
sm12-103,Marshadow,Pokémon,Basic,sm12,131,2
dpp-DP17,Dialga LV.X,Pokémon,Level-Up,dpp,232,38
bw8-38,Frillish,Pokémon,Basic,bw8,340,21
gym2-61,Blaine's Doduo,Pokémon,Basic,gym2,116,21
sv4-48,Wimpod,Pokémon,Basic,sv4,129,21
swsh6-148,Path to the Peak,Trainer,Stadium,swsh6,145,29
me2-87,Dawn,Trainer,Supporter,me2,55,29
ru1-11,Diglett,Pokémon,Basic,ru1,20,13
xy11-99,Captivating Poké Puff,Trainer,Item,xy11,334,29
neo1-50,Sunflora,Pokémon,Stage 1,neo1,162,29
ex6-75,Poliwag,Pokémon,Basic,ex6,116,21
sv7-48,Chinchou,Pokémon,Basic,sv7,,21
sv4pt5-142,Pawmi,Pokémon,Basic,sv4pt5,346,31
sm6-71,Zygarde,Pokémon,Basic,sm6,340,29
swsh9-84,Grimer,Pokémon,Basic,swsh9,117,21
neo1-9,Lugia,Pokémon,Basic,neo1,372,34
ex2-15,Arcanine,Pokémon,Stage 1,ex2,163,2
dp2-73,Bidoof,Pokémon,Basic,dp2,171,21
sv6-57,Frogadier,Pokémon,Stage 1,sv6,75,21
swshp-SWSH138,Hydreigon C,Pokémon,"Basic,SP",swshp,73,38
swsh12-91,Phanpy,Pokémon,Basic,swsh12,284,21
dp2-110,Dusk Ball,Trainer,Item,dp2,232,29
xyp-XY200,M Sharpedo-EX,Pokémon,"MEGA,EX",xyp,76,38
base1-42,Wartortle,Pokémon,Stage 1,base1,116,29
zsv10pt5-114,Eelektrik,Pokémon,Stage 1,zsv10pt5,285,7
hgss4-54,Yanmega,Pokémon,Stage 1,hgss4,284,29
dp4-39,Granbull,Pokémon,Stage 1,dp4,108,29
swsh12pt5-44,Luxray,Pokémon,Stage 2,swsh12pt5,196,2
bw6-14,Roserade,Pokémon,Stage 1,bw6,271,29
dp2-54,Magmar,Pokémon,Basic,dp2,108,29
sm1-160,Switch,Trainer,Item,sm1,232,27
xy1-76,Malamar,Pokémon,Stage 1,xy1,76,2
ecard3-147,Crobat,Pokémon,Stage 2,ecard3,191,27
bw3-82,Bisharp,Pokémon,Stage 1,bw3,76,34
hsp-HGSS14,Lapras,Pokémon,Basic,hsp,117,38
swsh11-184,Galarian Perrserker V,Pokémon,"Basic,V",swsh11,376,28
sv4pt5-81,Moonlit Hill,Trainer,Stadium,sv4pt5,26,29
pl1-113,Poké Ball,Trainer,Item,pl1,232,29
sv6pt5-12,Kingdra ex,Pokémon,"Stage 2,ex",sv6pt5,,14
sv8pt5-176,Iron Leaves ex,Pokémon,"Basic,ex,Future",sv8pt5,,1
swshp-SWSH165,Zacian V-UNION,Pokémon,V-UNION,swshp,70,38
sm35-4,Shroomish,Pokémon,Basic,sm35,73,21
sm7-91,Mawile,Pokémon,Basic,sm7,162,29
sm11-184,Silvally,Pokémon,Stage 1,sm11,297,34
swsh1-70,Joltik,Pokémon,Basic,swsh1,44,21
base2-39,Marowak,Pokémon,Stage 1,base2,108,29
sv3pt5-23,Ekans,Pokémon,Basic,sv3pt5,309,21
sv9-67,Lillie's Ribombee,Pokémon,Stage 1,sv9,310,2
sm12-16,Sawsbuck,Pokémon,Stage 1,sm12,254,34
hgss3-57,Misdreavus,Pokémon,Basic,hgss3,38,21
neo3-25,Starmie,Pokémon,Stage 1,neo3,87,2
bw4-95,Reshiram-EX,Pokémon,"Basic,EX",bw4,76,28
sv4-54,Veluza,Pokémon,Basic,sv4,145,29
sm8-70,Bruxish,Pokémon,Basic,sm8,223,21
sm8-151,Tapu Fini,Pokémon,Basic,sm8,162,34
base1-56,Onix,Pokémon,Basic,base1,116,21
np-16,Treecko,Pokémon,Basic,np,162,38
sv3pt5-158,Daisy's Help,Trainer,Supporter,sv3pt5,344,29
sm1-64,Cosmog,Pokémon,Basic,sm1,184,21
swsh12-200,Mawile VSTAR,Pokémon,VSTAR,swsh12,336,20
sm7-82,Palossand-GX,Pokémon,"Stage 1,GX",sm7,76,10
sv3-155,Varoom,Pokémon,Basic,sv3,332,21
sv4-205,Yveltal,Pokémon,Basic,sv4,316,7
swsh3-190,Butterfree VMAX,Pokémon,VMAX,swsh3,207,20
sv9-9,Karrablast,Pokémon,Basic,sv9,43,21
sm12-101,Cosmoem,Pokémon,Stage 1,sm12,308,29
gym1-99,Charity,Trainer,,gym1,116,2
ex15-2,Feraligatr δ,Pokémon,Stage 2,ex15,112,34
mcd19-7,Gastly,Pokémon,Basic,mcd19,322,13
swsh10-69,Wyrdeer,Pokémon,Stage 1,swsh10,71,34
dp7-SH3,Voltorb,Pokémon,Basic,dp7,79,2
xy5-62,Tynamo,Pokémon,Basic,xy5,191,21
swsh35-14,Drednaw V,Pokémon,"Basic,V",swsh35,207,16
swsh4-40,Cramorant,Pokémon,Basic,swsh4,351,29
dp6-23,Delcatty,Pokémon,Stage 1,dp6,162,2
rsv10pt5-148,Ferroseed,Pokémon,Basic,rsv10pt5,208,7
swsh12-78,Reuniclus,Pokémon,Stage 2,swsh12,117,34
dp7-59,Duskull,Pokémon,Basic,dp7,112,21
hgss1-7,Ninetales,Pokémon,Stage 1,hgss1,142,34
sv6-152,Hyper Aroma,Trainer,"Item,ACE SPEC",sv6,334,19
sm10-29,Incineroar,Pokémon,Stage 2,sm10,6,2
sv1-120,Sandaconda,Pokémon,Stage 1,sv1,128,29
swsh3-178,Houndoom V,Pokémon,"Basic,V",swsh3,281,28
ex7-2,Dark Ampharos,Pokémon,Stage 2,ex7,283,34
swsh5-85,Single Strike Urshifu V,Pokémon,"Basic,V,Single Strike",swsh5,336,16
swsh45-56,Indeedee,Pokémon,Basic,swsh45,224,34
sm1-29,Golduck,Pokémon,Stage 1,sm1,264,2
zsv10pt5-34,Zekrom ex,Pokémon,"Basic,ex",zsv10pt5,356,14
rsv10pt5-26,Swanna,Pokémon,Stage 1,rsv10pt5,71,29
bw7-82,Makuhita,Pokémon,Basic,bw7,116,21
dpp-DP06,Buneary,Pokémon,Basic,dpp,162,38
sv1-220,Kingambit,Pokémon,Stage 2,sv1,317,7
dp4-44,Loudred,Pokémon,Stage 1,dp4,116,29
ecard2-H29,Umbreon,Pokémon,Stage 1,ecard2,108,34
sv6pt5-17,Hypno,Pokémon,Stage 1,sv6pt5,,29
xy10-72,Diancie-EX,Pokémon,"Basic,EX",xy10,297,33
swsh8-20,Araquanid,Pokémon,Stage 1,swsh8,88,2
swsh7-19,Entei,Pokémon,"Basic,Single Strike",swsh7,81,34
zsv10pt5-91,Petilil,Pokémon,Basic,zsv10pt5,98,7
ex10-49,Xatu,Pokémon,Stage 1,ex10,117,29
sm2-18,Turtonator-GX,Pokémon,"Basic,GX",sm2,76,10
bw5-14,Torchic,Pokémon,Basic,bw5,117,21
ex4-26,Team Aqua's Corphish,Pokémon,Basic,ex4,241,29
swsh11-206,Fantina,Trainer,Supporter,swsh11,66,20
swsh7-156,Rubber Gloves,Trainer,"Item,Pokémon Tool",swsh7,334,29
me1-64,Xerneas,Pokémon,Basic,me1,,2
smp-SM117,Malamar,Pokémon,Stage 1,smp,317,38
sv4pt5-210,Maushold,Pokémon,Stage 1,sv4pt5,90,31
sv3-182,Lechonk,Pokémon,Basic,sv3,191,21
ex15-47,Ekans δ,Pokémon,Basic,ex15,43,21
xy4-92,Battle Compressor Team Flare Gear,Trainer,Item,xy4,334,29
sv10-69,Electivire ex,Pokémon,"Stage 1,ex",sv10,336,14
smp-SM84,Zoroark-GX,Pokémon,"Stage 1,GX",smp,76,38
sm1-52,Vikavolt,Pokémon,Stage 2,sm1,75,34
ecard3-41,Omanyte,Pokémon,Stage 1,ecard3,293,29
sm5-83,Magnezone,Pokémon,Stage 2,sm5,355,34
swsh1-30,Scorbunny,Pokémon,Basic,swsh1,215,21
swsh45-43,Spinarak,Pokémon,Basic,swsh45,129,21
bw1-25,Darmanitan,Pokémon,Stage 1,bw1,292,2
sv4-235,Larry,Trainer,Supporter,sv4,340,32
xy8-2,Parasect,Pokémon,Stage 1,xy8,125,2
base1-21,Electrode,Pokémon,Stage 1,base1,307,2
sm12-218,Flygon-GX,Pokémon,"Stage 2,GX",sm12,70,28
swshp-SWSH125,Galarian Moltres,Pokémon,Basic,swshp,105,38
ex9-4,Gardevoir,Pokémon,Stage 2,ex9,162,34
sv3-221,Ryme,Trainer,Supporter,sv3,214,32
neo2-27,Politoed,Pokémon,Stage 2,neo2,17,2
sv6-87,Floette,Pokémon,Stage 1,sv6,178,21
swshp-SWSH078,Orbeetle V,Pokémon,"Basic,V",swshp,76,38
pl2-21,Gastrodon East Sea,Pokémon,Stage 1,pl2,116,2
swsh6-36,Froslass,Pokémon,Stage 1,swsh6,224,34
me2-32,Pawmi,Pokémon,Basic,me2,160,21
xy2-20,Pyroar,Pokémon,Stage 1,xy2,76,34
pop1-3,Rayquaza,Pokémon,Basic,pop1,92,2
pop5-17,Umbreon ★,Pokémon,"Basic,Star",pop5,117,2
si1-6,Raticate,Pokémon,Stage 1,si1,5,13
ex15-86,Holon Energy WP,Energy,Special,ex15,50,2
sm4-67,Aggron,Pokémon,Stage 2,sm4,355,34
g1-31,Golbat,Pokémon,Stage 1,g1,194,29
sm75-25,Wooper,Pokémon,Basic,sm75,322,21
xy12-87,Super Potion,Trainer,Item,xy12,307,29
dp5-78,Turtwig,Pokémon,Basic,dp5,284,21
bw10-102,Exeggcute,Pokémon,Basic,bw10,76,27
base1-10,Mewtwo,Pokémon,Basic,base1,116,34
xy5-104,Azumarill,Pokémon,Stage 1,xy5,76,34
sm9-65,Starmie,Pokémon,Stage 1,sm9,71,2
smp-SM187,Alolan Marowak-GX,Pokémon,"Stage 1,GX",smp,76,38
ex9-15,Kyogre,Pokémon,Basic,ex9,112,2
hgss4-48,Piloswine,Pokémon,Stage 1,hgss4,162,29
ex8-20,Magcargo,Pokémon,Stage 1,ex8,198,2
bw10-83,Pokémon Catcher,Trainer,Item,bw10,76,29
ex10-36,Clefable,Pokémon,Stage 1,ex10,198,29
sm8-22,Sceptile-GX,Pokémon,"Stage 2,GX",sm8,355,10
swsh12pt5-32,Wailord,Pokémon,Stage 1,swsh12pt5,88,2
xy6-36,Gligar,Pokémon,Basic,xy6,38,21
ecard3-16,Machamp,Pokémon,Stage 2,ecard3,284,2
rsv10pt5-86,Ignition Energy,Energy,Special,rsv10pt5,,29
bw11-78,Meloetta,Pokémon,Basic,bw11,73,34
ex15-6,Nidoking δ,Pokémon,Stage 2,ex15,108,34
sm9-62,Grimer,Pokémon,Basic,sm9,116,21
swshp-SWSH044,Eternatus V,Pokémon,"Basic,V",swshp,76,38
swsh10-185,Grant,Trainer,Supporter,swsh10,37,28
ex13-108,Lightning Energy,Energy,Basic,ex13,,34
rsv10pt5-73,Watchog,Pokémon,Stage 1,rsv10pt5,263,29
dp3-72,Unown [Z],Pokémon,Basic,dp3,205,29
ex7-13,Piloswine,Pokémon,Stage 1,ex7,17,34
neo4-108,Shining Kabutops,Pokémon,Basic,neo4,372,36
bw7-78,Sandshrew,Pokémon,Basic,bw7,292,21
bw4-59,Musharna,Pokémon,Stage 1,bw4,348,2
bw5-72,Bisharp,Pokémon,Stage 1,bw5,117,2
dp4-6,Porygon-Z,Pokémon,Stage 2,dp4,79,34
xy10-114,Double Colorless Energy,Energy,Special,xy10,76,29
sm12-28,Entei,Pokémon,Basic,sm12,317,2
sma-SV16,Shuppet,Pokémon,Basic,sma,254,9
sv4pt5-141,Toxtricity,Pokémon,Stage 1,sv4pt5,94,31
swsh3-14,Bounsweet,Pokémon,Basic,swsh3,43,21
swsh8-107,Toxtricity,Pokémon,Stage 1,swsh8,66,34
swsh10-164,Virizion V,Pokémon,"Basic,V",swsh10,115,28
swsh2-129,Bronzor,Pokémon,Basic,swsh2,198,21
sv1-12,Gogoat,Pokémon,Stage 1,sv1,96,21
swsh12pt5-114,Regigigas VSTAR,Pokémon,VSTAR,swsh12pt5,336,24
dp1-61,Riolu,Pokémon,Basic,dp1,116,29
pl2-55,Aerodactyl GL,Pokémon,"Basic,SP",pl2,38,21
swsh5-77,Mienshao,Pokémon,"Stage 1,Rapid Strike",swsh5,256,2
swsh2-86,Milcery,Pokémon,Basic,swsh2,40,21
ex7-65,Magikarp,Pokémon,Basic,ex7,293,21
xy7-71,Eco Arm,Trainer,Item,xy7,334,29
sm4-21,Mamoswine,Pokémon,Stage 2,sm4,108,2
dp3-20,Venusaur,Pokémon,Stage 2,dp3,205,34
swsh8-168,Trubbish,Pokémon,Basic,swsh8,322,21
me1-87,Spiritomb,Pokémon,Basic,me1,,29
sv10-81,Team Rocket's Mewtwo ex,Pokémon,"Basic,ex",sv10,207,14
xyp-XY38,Mudkip,Pokémon,Basic,xyp,308,38
sm10-20,Reshiram & Charizard-GX,Pokémon,"Basic,TAG TEAM,GX",sm10,108,10
bw9-81,Dratini,Pokémon,Basic,bw9,191,21
xyp-XY181,Crobat BREAK,Pokémon,BREAK,xyp,76,38
sm5-108,Glameow,Pokémon,Basic,sm5,322,21
ex14-74,Cessation Crystal,Trainer,Pokémon Tool,ex14,50,29
sv5-129,Dudunsparce,Pokémon,Stage 1,sv5,151,2
sm4-31,Alolan Raichu,Pokémon,Stage 1,sm4,340,34
g1-80,Fighting Energy,Energy,Basic,g1,,21
ex1-109,Lightning Energy,Energy,Basic,ex1,,21
xy3-41,Gothitelle,Pokémon,Stage 2,xy3,215,2
sm3-24,Heatmor,Pokémon,Basic,sm3,277,29
ex7-59,Houndour,Pokémon,Basic,ex7,284,21
sm35-50,Scraggy,Pokémon,Basic,sm35,333,21
sv3-160,Altaria,Pokémon,Stage 1,sv3,346,29
sv4-263,Beach Court,Trainer,Stadium,sv4,145,1
swsh5-64,Dottler,Pokémon,Stage 1,swsh5,198,29
me1-172,Mystery Garden,Trainer,Stadium,me1,,32
base3-62,Mysterious Fossil,Trainer,,base3,307,21
sv7-54,Togedemaru,Pokémon,Basic,sv7,,29
swsh8-239,Schoolgirl,Trainer,Supporter,swsh8,215,29
sv1-258,Basic Fighting Energy,Energy,Basic,sv1,,1
swsh6-121,Castform,Pokémon,Basic,swsh6,165,21
sv4-32,Kingdra,Pokémon,Stage 2,sv4,247,2
ex1-99,Lapras ex,Pokémon,"Basic,ex",ex1,136,33
sv1-21,Smoliv,Pokémon,Basic,sv1,322,21
swsh5-60,Espurr,Pokémon,Basic,swsh5,332,21
gym2-124,Fervor,Trainer,,gym2,116,21
rsv10pt5-138,Scraggy,Pokémon,Basic,rsv10pt5,300,7
ex11-23,Hypno,Pokémon,Stage 1,ex11,198,2
xyp-XY188,Shaymin,Pokémon,Basic,xyp,116,38
sv5-39,Totodile,Pokémon,Basic,sv5,243,21
swsh10-114,Origin Forme Dialga VSTAR,Pokémon,VSTAR,swsh10,76,24
dp7-66,Magnemite,Pokémon,Basic,dp7,308,21
dp2-11,Lumineon,Pokémon,Stage 1,dp2,108,34
ex6-89,Energy Removal 2,Trainer,Item,ex6,307,29
sm11-193,Dark City,Trainer,Stadium,sm11,232,29
hgss4-90,Rescue Energy,Energy,Special,hgss4,79,29
sv2-41,Paldean Tauros,Pokémon,Basic,sv2,145,29
zsv10pt5-168,Excadrill ex,Pokémon,"Stage 1,ex",zsv10pt5,108,5
sm2-39,Mareanie,Pokémon,Basic,sm2,317,29
swsh8-177,Morgrem,Pokémon,"Stage 1,Single Strike",swsh8,223,29
swsh10-187,Kamado,Trainer,Supporter,swsh10,75,28
sv7-6,Cradily,Pokémon,Stage 2,sv7,,2
sv6pt5-2,Galvantula,Pokémon,Stage 1,sv6pt5,,29
sv7-157,Cinderace ex,Pokémon,"Stage 2,Tera,ex",sv7,,32
swsh7-220,Duraludon VMAX,Pokémon,"VMAX,Single Strike",swsh7,115,20
bw6-1,Hoppip,Pokémon,Basic,bw6,112,21
pop9-13,Chimchar,Pokémon,Basic,pop9,198,21
swsh45-3,Celebi,Pokémon,Basic,swsh45,55,2
sv3pt5-177,Machoke,Pokémon,Stage 1,sv3pt5,63,7
neo3-3,Celebi,Pokémon,Basic,neo3,372,34
sv8pt5-96,Black Belt's Training,Trainer,Supporter,sv8pt5,,21
bw8-48,Zapdos-EX,Pokémon,"Basic,EX,Team Plasma",bw8,297,33
sm7-19,Cacnea,Pokémon,Basic,sm7,191,21
bw7-81,Gliscor,Pokémon,Stage 1,bw7,112,34
sv5-54,Electivire,Pokémon,Stage 1,sv5,128,29
hsp-HGSS13,Smoochum,Pokémon,Basic,hsp,198,38
ex5-86,Ancient Technical Machine [Steel],Trainer,Technical Machine,ex5,108,29
swsh11tg-TG28,Opal,Trainer,Supporter,swsh11tg,256,28
zsv10pt5-141,Klinklang,Pokémon,Stage 2,zsv10pt5,43,7
swsh7-183,Sylveon V,Pokémon,"Basic,V,Rapid Strike",swsh7,207,28
bw9-113,Latios-EX,Pokémon,"Basic,EX",bw9,232,28
bw8-67,Garbodor,Pokémon,"Stage 1,Team Plasma",bw8,76,2
neo2-16,Wobbuffet,Pokémon,Basic,neo2,372,34
bw3-97,Virizion,Pokémon,Basic,bw3,76,28
xy11-89,Persian,Pokémon,Stage 1,xy11,277,29
hgss4-97,Mew,Pokémon,"Basic,Prime",hgss4,299,23
dp4-55,Togetic,Pokémon,Stage 1,dp4,162,29
hsp-HGSS17,Minun,Pokémon,Basic,hsp,112,38
xy9-49,Zebstrika,Pokémon,Stage 1,xy9,163,2
base1-3,Chansey,Pokémon,Basic,base1,116,34
xy7-72,Energy Recycler,Trainer,Item,xy7,334,29
gym1-2,Brock's Rhydon,Pokémon,Stage 1,gym1,116,34
swsh45-69,Piers,Trainer,Supporter,swsh45,184,28
ex11-13,Rayquaza δ,Pokémon,Basic,ex11,232,34
pl3-17,Butterfree FB,Pokémon,"Basic,SP",pl3,14,2
xy11-56,Anorith,Pokémon,Restored,xy11,90,29
ex1-107,Psychic Energy,Energy,Basic,ex1,,21
bw3-8,Karrablast,Pokémon,Basic,bw3,254,21
sv3-129,Paldean Clodsire,Pokémon,Stage 1,sv3,317,29
xyp-XY155,Wobbuffet BREAK,Pokémon,BREAK,xyp,76,38
sm6-4,Abomasnow,Pokémon,Stage 1,sm6,117,2
sv10-68,Electabuzz,Pokémon,Basic,sv10,74,21
pl3-46,Spinda,Pokémon,Basic,pl3,189,2
sv1-243,Spidops ex,Pokémon,"Stage 1,ex",sv1,189,5
sv9-57,Alolan Marowak,Pokémon,Stage 1,sv9,146,29
swsh12-147,Archeops,Pokémon,Stage 2,swsh12,117,34
sm10-14,Weepinbell,Pokémon,Stage 1,sm10,143,29
swsh6-133,Crushing Gloves,Trainer,Pokémon Tool,swsh6,334,29
xy12-92,Fire Energy,Energy,Basic,xy12,,21
swsh3-192,Eternatus VMAX,Pokémon,VMAX,swsh3,76,20
ecard3-1,Aerodactyl,Pokémon,Stage 1,ecard3,286,2
swsh6-186,Agatha,Trainer,Supporter,swsh6,81,28
ex10-22,Electabuzz,Pokémon,Basic,ex10,108,2
sv5-4,Nuzleaf,Pokémon,Stage 1,sv5,14,21
swsh9-139,Fresh Water Set,Trainer,Item,swsh9,26,29
sv6-218,Kieran,Trainer,Supporter,sv6,151,5
ex12-14,Wailord,Pokémon,Stage 1,ex12,112,34
swsh9-97,Aggron VMAX,Pokémon,VMAX,swsh9,76,25
xy4-39,Munna,Pokémon,Basic,xy4,267,21
xy12-97,Darkness Energy,Energy,Basic,xy12,,21
xy3-108,Dragonite-EX,Pokémon,"Basic,EX",xy3,232,28
sm9-57,Nidoran ♂,Pokémon,Basic,sm9,284,21
rsv10pt5-13,Emboar,Pokémon,Stage 2,rsv10pt5,151,2
ex8-67,Nincada,Pokémon,Basic,ex8,293,21
sv10-96,Team Rocket's Tyranitar,Pokémon,Stage 2,sv10,66,2
sv8pt5-120,Professor Sada's Vitality,Trainer,"Supporter,Ancient",sv8pt5,,29
sm75-40,Altaria,Pokémon,Stage 1,sm75,271,34
sv3pt5-40,Wigglytuff ex,Pokémon,"Stage 1,ex",sv3pt5,115,14
sv7-150,Joltik,Pokémon,Basic,sv7,,7
sm12-4,Vileplume-GX,Pokémon,"Stage 2,GX",sm12,162,10
base4-116,Professor Oak,Trainer,,base4,116,29
pl4-95,Arceus LV.X,Pokémon,Level-Up,pl4,232,3
sv6pt5-82,Okidogi ex,Pokémon,"Basic,ex",sv6pt5,,32
sv6pt5-22,Sylveon,Pokémon,Stage 1,sv6pt5,,29
sm7-85,Alolan Raticate-GX,Pokémon,"Stage 1,GX",sm7,76,10
sm75-20,Gyarados,Pokémon,Stage 1,sm75,73,34
sv9-184,Lillie's Clefairy ex,Pokémon,"Basic,ex",sv9,97,5
swsh10-161,Beedrill V,Pokémon,"Basic,V",swsh10,304,28
gym1-93,Sabrina's Gastly,Pokémon,Basic,gym1,116,21
bw1-48,Munna,Pokémon,Basic,bw1,191,29
sv9-172,Iono's Bellibolt ex,Pokémon,"Stage 1,ex",sv9,76,32
swsh45-6,Rowlet,Pokémon,Basic,swsh45,12,21
bw10-54,Archeops,Pokémon,Stage 1,bw10,112,34
swsh8-156,Gengar V,Pokémon,"Basic,V,Single Strike",swsh8,76,16
sv8-195,Castform Sunny Form,Pokémon,Basic,sv8,,7
swsh1-67,Chinchou,Pokémon,Basic,swsh1,125,21
sv3pt5-36,Clefable,Pokémon,Stage 1,sv3pt5,242,29
swshp-SWSH244,Scorbunny,Pokémon,Basic,swshp,256,38
sv8pt5-124,Professor's Research,Trainer,Supporter,sv8pt5,,21
sv4pt5-204,Pelipper,Pokémon,Stage 1,sv4pt5,117,31
ex16-57,Pikachu,Pokémon,Basic,ex16,162,21
bw7-113,Skitty,Pokémon,Basic,bw7,254,21
rsv10pt5-109,Ducklett,Pokémon,Basic,rsv10pt5,94,7
bw10-32,Eelektrik,Pokémon,Stage 1,bw10,38,29
sm10-70,Gengar,Pokémon,Stage 2,sm10,62,2
pl4-15,Cherrim,Pokémon,Stage 1,pl4,198,2
g1-RC31,M Gardevoir-EX,Pokémon,"MEGA,EX",g1,184,28
swsh10-6,Yanma,Pokémon,Basic,swsh10,140,21
pl1-67,Cacnea,Pokémon,Basic,pl1,125,21
swsh12pt5-127,Energy Retrieval,Trainer,Item,swsh12pt5,232,21
swsh5-144,Victini V,Pokémon,"Basic,V",swsh5,115,28
sv4-251,Roaring Moon ex,Pokémon,"Basic,ex,Ancient",sv4,196,5
swsh12pt5-101,Rayquaza VMAX,Pokémon,"VMAX,Rapid Strike",swsh12pt5,336,25
hgss3-11,Dodrio,Pokémon,Stage 1,hgss3,293,2
ex1-18,Nosepass,Pokémon,Basic,ex1,108,2
sm12-233,Professor Oak's Setup,Trainer,Supporter,sm12,2,28
base4-2,Blastoise,Pokémon,Stage 2,base4,116,34
swsh4-83,Wooper,Pokémon,Basic,swsh4,40,21
sm7-7,Treecko,Pokémon,Basic,sm7,333,21
bw6-60,Cubone,Pokémon,Basic,bw6,191,21
me1-26,Scorbunny,Pokémon,Basic,me1,,21
sv6-90,Slurpuff,Pokémon,Stage 1,sv6,178,29
swsh5-170,Rapid Strike Urshifu VMAX,Pokémon,"VMAX,Rapid Strike",swsh5,88,20
sm8-193,Whitney,Trainer,Supporter,sm8,116,29
swsh9tg-TG14,Sylveon V,Pokémon,"Basic,V,Rapid Strike",swsh9tg,184,16
ex8-6,Crawdaunt,Pokémon,Stage 1,ex8,199,34
swsh7-107,Bagon,Pokémon,Basic,swsh7,242,21
sv8-71,Togetic,Pokémon,Stage 1,sv8,,21
swshp-SWSH264,Zeraora VMAX,Pokémon,VMAX,swshp,275,38
ex3-100,Charizard,Pokémon,Stage 2,ex3,108,27
swsh9tg-TG28,Single Strike Style Mustard,Trainer,"Single Strike,Supporter",swsh9tg,224,28
dp3-51,Ivysaur,Pokémon,Stage 1,dp3,162,29
sm9-80,Pupitar,Pokémon,Stage 1,sm9,277,29
swsh12pt5-12,Carnivine,Pokémon,Basic,swsh12pt5,322,29
sv8-200,Bruxish,Pokémon,Basic,sv8,,7
dp4-93,Weedle,Pokémon,Basic,dp4,108,21
swsh12pt5gg-GG47,Hatterene VMAX,Pokémon,VMAX,swsh12pt5gg,254,25
pl4-80,Wingull,Pokémon,Basic,pl4,271,21
base6-92,Seel,Pokémon,Basic,base6,116,21
bw1-80,Lillipup,Pokémon,Basic,bw1,117,21
sv8pt5-60,Umbreon ex,Pokémon,"Stage 1,Tera,ex",sv8pt5,,14
ex1-10,Mightyena,Pokémon,Stage 1,ex1,191,34
ex13-100,Mew ex,Pokémon,"Basic,ex",ex13,232,33
sv5-53,Electabuzz,Pokémon,Basic,sv5,146,21
bw9-34,Jolteon,Pokémon,"Stage 1,Team Plasma",bw9,76,29
me1-157,Mega Abomasnow ex,Pokémon,"Stage 1,MEGA,ex",me1,,32
xy8-155,Glalie-EX,Pokémon,"Basic,EX",xy8,232,28
bw6-24,Gyarados,Pokémon,Stage 1,bw6,71,2
swsh8-16,Phantump,Pokémon,Basic,swsh8,140,21
sma-SV44,Oranguru,Pokémon,Basic,sma,340,9
swsh8-124,Meloetta,Pokémon,"Basic,Fusion Strike",swsh8,215,2
sv4pt5-95,Scyther,Pokémon,Basic,sv4pt5,75,31
swsh2-58,Electabuzz,Pokémon,Basic,swsh2,198,21
bw6-75,Houndoom,Pokémon,Stage 1,bw6,340,2
base5-76,Imposter Oak's Revenge,Trainer,,base5,116,29
dp3-4,Entei,Pokémon,Basic,dp3,232,34
sv3pt5-66,Machop,Pokémon,Basic,sv3pt5,66,21
swsh1-205,Stonjourner VMAX,Pokémon,VMAX,swsh1,76,20
bw3-17,Simisear,Pokémon,Stage 1,bw3,317,29
ex9-27,Electrode,Pokémon,Stage 1,ex9,117,29
xy9-35,Seismitoad,Pokémon,Stage 2,xy9,194,2
sm9-43,Ampharos-GX,Pokémon,"Stage 2,GX",sm9,76,10
xy9-32,Manaphy-EX,Pokémon,"Basic,EX",xy9,297,33
hgss4-68,Magnemite,Pokémon,Basic,hgss4,253,21
swsh8-249,Boltund V,Pokémon,"Basic,V",swsh8,297,28
me1-39,Sobble,Pokémon,Basic,me1,,21
base1-54,Metapod,Pokémon,Stage 1,base1,116,21
sv10-44,Hearthflame Mask Ogerpon,Pokémon,Basic,sv10,12,29
ex9-65,Spoink,Pokémon,Basic,ex9,162,21
swsh6-222,Electrode,Pokémon,Stage 1,swsh6,232,27
swsh12-48,Araquanid,Pokémon,Stage 1,swsh12,260,29
base6-25,Hypno,Pokémon,Stage 1,base6,116,2
sv3pt5-201,Alakazam ex,Pokémon,"Stage 2,ex",sv3pt5,266,5
sm115-41,Jigglypuff,Pokémon,Basic,sm115,71,21
xy7-67,Porygon-Z,Pokémon,Stage 2,xy7,292,34
swsh4-88,Hitmontop,Pokémon,Basic,swsh4,351,29
sm115-64,Pokémon Center Lady,Trainer,Supporter,sm115,142,29
sm5-51,Drifloon,Pokémon,Basic,sm5,165,21
xy10-4,Mothim,Pokémon,Stage 1,xy10,267,2
dv1-3,Dragonair,Pokémon,Stage 1,dv1,163,34
pl3-SH9,Yanma,Pokémon,Basic,pl3,198,2
ex7-72,Rattata,Pokémon,Basic,ex7,284,21
swsh2-114,Stunky,Pokémon,Basic,swsh2,90,21
sv2-87,Misdreavus,Pokémon,Basic,sv2,358,21
swsh5-82,Sandaconda,Pokémon,Stage 1,swsh5,134,34
xy7-80,Sceptile Spirit Link,Trainer,Pokémon Tool,xy7,76,29
ex12-52,Gastly,Pokémon,Basic,ex12,163,21
svp-36,Palafin,Pokémon,Stage 1,svp,214,38
rsv10pt5-62,Zoroark,Pokémon,Stage 1,rsv10pt5,120,2
swsh7-209,Glaceon VMAX,Pokémon,VMAX,swsh7,215,20
gym2-71,Erika's Paras,Pokémon,Basic,gym2,116,21
sma-SV71,Guzzlord-GX,Pokémon,"Basic,GX,Ultra Beast",sma,76,35
ex13-28,Regirock,Pokémon,Basic,ex13,116,2
bw10-103,Virizion,Pokémon,Basic,bw10,281,27
ex10-44,Quagsire,Pokémon,Stage 1,ex10,162,29
svp-194,Iono's Bellibolt ex,Pokémon,"Stage 1,ex",svp,336,38
dp3-8,Gastrodon East Sea,Pokémon,Stage 1,dp3,205,34
ecard2-66,Wooper,Pokémon,Basic,ecard2,191,29
sv4pt5-22,Kilowattrel,Pokémon,Stage 1,sv4pt5,305,29
swshp-SWSH069,Lugia,Pokémon,Basic,swshp,183,38
zsv10pt5-167,Meloetta ex,Pokémon,"Basic,ex",zsv10pt5,46,5
swsh8-260,Elesa's Sparkle,Trainer,"Supporter,Fusion Strike",swsh8,66,28
swshp-SWSH185,Moltres,Pokémon,Basic,swshp,325,38
sv6-48,Crawdaunt,Pokémon,Stage 1,sv6,285,21
dp1-16,Staraptor,Pokémon,Stage 2,dp1,157,34
sv3pt5-35,Clefairy,Pokémon,Basic,sv3pt5,242,21
me1-179,Mega Lucario ex,Pokémon,"Stage 1,MEGA,ex",me1,,5
sma-SV58,Xurkitree-GX,Pokémon,"Basic,GX,Ultra Beast",sma,76,35
sv6-203,Caretaker,Trainer,Supporter,sv6,340,32
sv10-107,Mudbray,Pokémon,Basic,sv10,261,21
sm4-50,Mankey,Pokémon,Basic,sm4,189,21
sm11-9,Leavanny,Pokémon,Stage 2,sm11,162,2
bwp-BW43,Landorus,Pokémon,Basic,bwp,76,38
sv1-29,Scovillain,Pokémon,Stage 1,sv1,105,29
ru1-16,Bibarel,Pokémon,Stage 1,ru1,20,13
gym2-85,Lt. Surge's Rattata,Pokémon,Basic,gym2,191,21
base1-43,Abra,Pokémon,Basic,base1,108,21
bw5-17,Blaziken,Pokémon,Stage 2,bw5,142,34
sv8pt5-71,Dreepy,Pokémon,Basic,sv8pt5,,21
zsv10pt5-10,Foongus,Pokémon,Basic,zsv10pt5,285,21
sm12-249,Venusaur & Snivy-GX,Pokémon,"Basic,TAG TEAM,GX",sm12,76,20
gym1-51,Lt. Surge's Raticate,Pokémon,Stage 1,gym1,116,29
sm10-180,Metal Core Barrier,Trainer,Pokémon Tool,sm10,296,29
swsh6-93,Kubfu,Pokémon,Basic,swsh6,112,21
zsv10pt5-32,Eelektross,Pokémon,Stage 2,zsv10pt5,245,29
xyp-XY128,White Kyurem,Pokémon,Basic,xyp,73,38
pl3-93,Bulbasaur,Pokémon,Basic,pl3,284,21
swsh10-111,Bronzor,Pokémon,Basic,swsh10,112,21
pgo-14,Camerupt,Pokémon,Stage 1,pgo,156,29
sv7-75,Rhydon,Pokémon,Stage 1,sv7,,21
swsh12-211,Lugia VSTAR,Pokémon,VSTAR,swsh12,336,27
sm1-48,Bruxish,Pokémon,Basic,sm1,71,2
sm12-22,Charizard & Braixen-GX,Pokémon,"Basic,TAG TEAM,GX",sm12,108,10
swsh10-113,Origin Forme Dialga V,Pokémon,"Basic,V",swsh10,76,16
ex12-84,Armaldo ex,Pokémon,"Stage 2,ex",ex12,259,33
swsh12-118,Metang,Pokémon,Stage 1,swsh12,317,29
ecard1-46,Feraligatr,Pokémon,Stage 2,ecard1,69,2
sm12-130,Alolan Grimer,Pokémon,Basic,sm12,333,21
sm35-40,Shining Mew,Pokémon,Basic,sm35,351,36
sm11-207,Slumbering Forest,Trainer,Stadium,sm11,232,29
swsh4-89,Regirock,Pokémon,Basic,swsh4,214,34
swshp-SWSH104,Victini V,Pokémon,"Basic,V",swshp,76,38
sm75-64,Zinnia,Trainer,Supporter,sm75,184,29
sm10-126,Lucario,Pokémon,Stage 1,sm10,198,34
swsh5-24,Pignite,Pokémon,"Stage 1,Single Strike",swsh5,223,29
smp-SM88,Latios,Pokémon,Basic,smp,108,38
xyp-XY40,Ditto,Pokémon,Basic,xyp,76,38
smp-SM191,Mewtwo & Mew-GX,Pokémon,"Basic,TAG TEAM,GX",smp,254,38
sv6-159,Ogre's Mask,Trainer,Item,sv6,76,29
rsv10pt5-4,Cottonee,Pokémon,Basic,rsv10pt5,254,21
gym2-25,Koga's Arbok,Pokémon,Stage 1,gym2,116,2
ecard3-47,Buried Fossil,Pokémon,Basic,ecard3,362,21
fut20-1,Pikachu on the Ball,Pokémon,Basic,fut20,114,13
base6-27,Kabutops,Pokémon,Stage 2,base6,116,2
sv3-145,Bronzong,Pokémon,Stage 1,sv3,119,29
bw5-24,Slowbro,Pokémon,Stage 1,bw5,112,29
sm11-91,Beheeyem,Pokémon,Stage 1,sm11,271,2
sm2-6,Phantump,Pokémon,Basic,sm2,351,21
sm6-116,Unidentified Fossil,Trainer,Item,sm6,334,29
sm2-28,Sharpedo,Pokémon,Stage 1,sm2,76,2
ex8-44,Plusle,Pokémon,Basic,ex8,163,29
dp1-63,Silcoon,Pokémon,Stage 1,dp1,116,29
xy1-45,Electrode,Pokémon,Stage 1,xy1,90,29
sv8pt5-148,Hearthflame Mask Ogerpon ex,Pokémon,"Basic,Tera,ex",sv8pt5,,5
base2-19,Flareon,Pokémon,Stage 1,base2,162,2
dpp-DP22,Mime Jr.,Pokémon,Basic,dpp,108,38
xy0-8,Fennekin,Pokémon,Basic,xy0,76,13
xy5-87,Hippopotas,Pokémon,Basic,xy5,43,21
sv8-41,Feebas,Pokémon,Basic,sv8,,21
sv10-229,Team Rocket's Moltres ex,Pokémon,"Basic,ex",sv10,305,5
ex2-69,Natu,Pokémon,Basic,ex2,112,21
sv9-118,Sentret,Pokémon,Basic,sv9,311,21
sm9-105,Bisharp,Pokémon,Stage 1,sm9,277,2
ex10-27,Ho-Oh,Pokémon,Basic,ex10,112,2
xy8-76,Sandslash,Pokémon,Stage 1,xy8,292,29
sm2-53,Gothorita,Pokémon,Stage 1,sm2,73,29
bw11-76,Reuniclus,Pokémon,Stage 2,bw11,271,2
swsh12-97,Terrakion,Pokémon,Basic,swsh12,214,34
svp-171,Glaceon,Pokémon,Stage 1,svp,11,38
swsh8-75,Clawitzer,Pokémon,Stage 1,swsh8,223,29
sv8pt5-57,Okidogi,Pokémon,Basic,sv8pt5,,2
swshp-SWSH065,Eevee V,Pokémon,"Basic,V",swshp,162,38
ex14-38,Marshtomp,Pokémon,Stage 1,ex14,294,29
sv4-143,Porygon2,Pokémon,Stage 1,sv4,346,21
sv8pt5-51,Lucario ex,Pokémon,"Stage 1,ex",sv8pt5,,14
sm6-84,Flabébé,Pokémon,Basic,sm6,116,21
sm10-22,Arcanine,Pokémon,Stage 1,sm10,317,34
swsh8-91,Shinx,Pokémon,Basic,swsh8,284,21
ex6-53,Bellsprout,Pokémon,Basic,ex6,17,21
sv7-135,Glass Trumpet,Trainer,Item,sv7,,29
sv7-60,Drifloon,Pokémon,Basic,sv7,,21
sv1-32,Arcanine ex,Pokémon,"Stage 1,Tera,ex",sv1,76,14
sv10-26,Teal Mask Ogerpon,Pokémon,Basic,sv10,101,29
bwp-BW44,Kyurem,Pokémon,Basic,bwp,76,38
xy6-93,Ultra Ball,Trainer,Item,xy6,76,29
g1-64,Maintenance,Trainer,Item,g1,334,29
swsh8-167,Darkrai,Pokémon,Basic,swsh8,184,29
me1-20,Ninetales,Pokémon,Stage 1,me1,,29
sm2-64,Machoke,Pokémon,Stage 1,sm2,112,29
sv2-129,Paldean Wooper,Pokémon,Basic,sv2,332,21
swsh45-4,Cacnea,Pokémon,Basic,swsh45,146,21
zsv10pt5-46,Excadrill ex,Pokémon,"Stage 1,ex",zsv10pt5,275,14
rsv10pt5-55,Purrloin,Pokémon,Basic,rsv10pt5,55,21
swsh7-159,Snow Leaf Badge,Trainer,"Item,Pokémon Tool",swsh7,296,29
ex16-35,Metang,Pokémon,Stage 1,ex16,17,29
swsh9-154,Charizard V,Pokémon,"Basic,V",swsh9,196,28
swsh8-212,Buneary,Pokémon,"Basic,Rapid Strike",swsh8,55,21
bw10-94,Master Ball,Trainer,"Item,ACE SPEC",bw10,76,30
sm12-94,Trevenant,Pokémon,Stage 1,sm12,317,2
sv9-4,Paras,Pokémon,Basic,sv9,231,21
xy1-21,Magcargo,Pokémon,Stage 1,xy1,73,2
sv3-125,Charizard ex,Pokémon,"Stage 2,ex,Tera",sv3,76,14
swsh8-32,Growlithe,Pokémon,Basic,swsh8,304,21
xy1-134,Water Energy,Energy,Basic,xy1,,21
sm4-97,Peeking Red Card,Trainer,Item,sm4,334,29
sv5-110,Forretress,Pokémon,Stage 1,sv5,148,29
sm10-184,Red's Challenge,Trainer,Supporter,sm10,184,34
sm35-6,Carnivine,Pokémon,Basic,sm35,17,29
dp7-37,Electrode,Pokémon,Stage 1,dp7,125,29
sv8pt5-175,Lacey,Trainer,Supporter,sv8pt5,,5
sv9-94,Paldean Clodsire ex,Pokémon,"Stage 1,ex",sv9,70,14
ex9-12,Chimecho,Pokémon,Basic,ex9,162,2
swsh4-1,Weedle,Pokémon,Basic,swsh4,254,21
swshp-SWSH041,Flareon,Pokémon,Stage 1,swshp,273,38
sv7-95,Morgrem,Pokémon,Stage 1,sv7,,21
xy11-113,Pokémon Ranger,Trainer,Supporter,xy11,184,28
ex1-30,Electrike,Pokémon,Basic,ex1,163,29
ex11-62,Ditto,Pokémon,Basic,ex11,43,21
me1-29,Sizzlipede,Pokémon,Basic,me1,,21
neo2-6,Kabutops,Pokémon,Stage 2,neo2,259,34
ex12-8,Lapras,Pokémon,Basic,ex12,162,34
sv3-175,Bunnelby,Pokémon,Basic,sv3,14,21
swsh1-130,Ferroseed,Pokémon,Basic,swsh1,43,21
sm9-67,Mr. Mime-GX,Pokémon,"Basic,GX",sm9,76,10
swshp-SWSH090,Houndoom,Pokémon,"Stage 1,Single Strike",swshp,146,38
bw4-81,Persian,Pokémon,Stage 1,bw4,90,2
sv7-45,Veluza,Pokémon,Basic,sv7,,29
sm4-75,Jangmo-o,Pokémon,Basic,sm4,191,21
swsh35-62,Professor's Research (Professor Magnolia),Trainer,Supporter,swsh35,171,34
pl1-1,Ampharos,Pokémon,Stage 2,pl1,191,34
sm8-96,Sableye,Pokémon,Basic,sm8,189,29
hgss3-32,Pinsir,Pokémon,Basic,hgss3,167,29
dp6-102,Horsea,Pokémon,Basic,dp6,116,21
xyp-XY123,Venusaur-EX,Pokémon,"Basic,EX",xyp,292,38
svp-159,Magneton,Pokémon,Stage 1,svp,,38
bw6-18,Vulpix,Pokémon,Basic,bw6,267,21
xy1-66,Gurdurr,Pokémon,Stage 1,xy1,112,29
sm11-185,Komala,Pokémon,Basic,sm11,189,29
me2-25,Mamoswine,Pokémon,Stage 2,me2,279,29
swsh12pt5gg-GG19,Altaria,Pokémon,Stage 1,swsh12pt5gg,165,37
bw10-60,Jirachi-EX,Pokémon,"Basic,EX",bw10,232,33
sv4pt5-34,Cottonee,Pokémon,Basic,sv4pt5,346,21
sv6-215,Cornerstone Mask Ogerpon ex,Pokémon,"Basic,Tera,ex",sv6,369,5
dc1-15,Team Magma's Groudon-EX,Pokémon,"Basic,EX",dc1,214,28
xy7-17,Volcarona,Pokémon,Stage 1,xy7,271,34
sm3-92,Kirlia,Pokémon,Stage 1,sm3,277,29
bw4-89,Level Ball,Trainer,Item,bw4,76,29
sm1-163,Metal Energy,Energy,Basic,sm1,,27
swsh1-161,Energy Search,Trainer,Item,swsh1,296,29
svp-160,Squawkabilly ex,Pokémon,"Basic,ex",svp,,38
sv10-37,Team Rocket's Houndour,Pokémon,Basic,sv10,209,21
sv9-53,Iono's Bellibolt ex,Pokémon,"Stage 1,ex",sv9,76,14
swsh8-217,Greedent V,Pokémon,"Basic,V",swsh8,99,16
smp-SM110,Ash's Pikachu,Pokémon,Basic,smp,42,38
xy11-115,Volcanion-EX,Pokémon,"Basic,EX",xy11,108,27
swsh3-85,Dugtrio,Pokémon,Stage 1,swsh3,293,29
sma-SV73,Kartana-GX,Pokémon,"Basic,GX,Ultra Beast",sma,76,35
sv5-184,Drampa,Pokémon,Basic,sv5,139,7
swsh10-3,Hisuian Electrode,Pokémon,Stage 1,swsh10,340,29
sv5-74,Beheeyem,Pokémon,Stage 1,sv5,266,29
sm10-108,Murkrow,Pokémon,Basic,sm10,131,21
sm1-57,Alolan Grimer,Pokémon,Basic,sm1,292,21
pop5-9,δ Rainbow Energy,Energy,Special,pop5,50,29
sv10-213,Team Rocket's Mewtwo ex,Pokémon,"Basic,ex",sv10,207,32
rsv10pt5-126,Frillish,Pokémon,Basic,rsv10pt5,266,7
xy1-39,Froakie,Pokémon,Basic,xy1,76,21
ex6-23,Farfetch'd,Pokémon,Basic,ex6,293,2
swsh10-145,Gutsy Pickaxe,Trainer,Item,swsh10,297,29
base3-48,Grimer,Pokémon,Basic,base3,108,21
bw11-66,Sigilyph,Pokémon,Basic,bw11,90,34
xy5-51,Gorebyss,Pokémon,Stage 1,xy5,189,29
sm2-129,Multi Switch,Trainer,Item,sm2,334,29
base5-2,Dark Arbok,Pokémon,Stage 1,base5,108,34
swsh3-55,Mareep,Pokémon,Basic,swsh3,129,21
sm11-97,Toxapex,Pokémon,Stage 1,sm11,24,2
xy5-65,Eelektross,Pokémon,Stage 2,xy5,108,34
ex8-56,Carvanha,Pokémon,Basic,ex8,17,21
sm6-35,Magneton,Pokémon,Stage 1,sm6,215,29
bw4-86,Cilan,Trainer,Supporter,bw4,171,29
ecard2-85,Horsea,Pokémon,Basic,ecard2,191,21
g1-40,Machop,Pokémon,Basic,g1,40,21
ex2-87,Lanette's Net Search,Trainer,Supporter,ex2,116,29
swsh8-231,Crossceiver,Trainer,"Item,Fusion Strike",swsh8,296,29
sm12-162,Hakamo-o,Pokémon,Stage 1,sm12,66,29
swsh2-120,Mandibuzz,Pokémon,Stage 1,swsh2,183,2
bw5-13,Entei-EX,Pokémon,"Basic,EX",bw5,298,33
ex8-69,Phanpy,Pokémon,Basic,ex8,43,21
sm8-87,Natu,Pokémon,Basic,sm8,277,21
sma-SV53,Alolan Ninetales-GX,Pokémon,"Stage 1,GX",sma,76,35
svp-69,Fidough,Pokémon,Basic,svp,129,38
sm3-36,Panpour,Pokémon,Basic,sm3,38,21
bw9-49,Sableye,Pokémon,"Basic,Team Plasma",bw9,76,2
swsh12pt5-81,Skrelp,Pokémon,Basic,swsh12pt5,17,21
swsh12tg-TG16,Zeraora V,Pokémon,"Basic,V,Rapid Strike",swsh12tg,156,16
swshp-SWSH039,Pikachu,Pokémon,Basic,swshp,75,38
bw1-75,Klang,Pokémon,Stage 1,bw1,292,29
sv1-208,Pachirisu,Pokémon,Basic,sv1,200,7
svp-180,Dialga ex,Pokémon,"Basic,ex",svp,70,38
xy7-1,Oddish,Pokémon,Basic,xy7,267,21
mcd22-7,Pikachu,Pokémon,Basic,mcd22,24,13
swshp-SWSH270,Rapidash,Pokémon,Stage 1,swshp,8,38
dp4-1,Blaziken,Pokémon,Stage 2,dp4,162,34
swsh3-62,Toxel,Pokémon,Basic,swsh3,340,21
sv8-18,Paldean Tauros,Pokémon,Basic,sv8,,29
xy8-30,Starmie,Pokémon,Stage 1,xy8,108,29
sv10-170,Team Rocket's Archer,Trainer,Supporter,sv10,37,29
svp-48,Squirtle,Pokémon,Basic,svp,96,38
swsh5-149,Necrozma V,Pokémon,"Basic,V",swsh5,70,28
sm10-3,Metapod,Pokémon,Stage 1,sm10,90,29
bwp-BW71,Terrakion,Pokémon,Basic,bwp,76,38
xy8-107,Xerneas,Pokémon,Basic,xy8,108,34
sv10-28,Arcanine,Pokémon,Stage 1,sv10,82,29
sm7-49,Chinchou,Pokémon,Basic,sm7,308,21
swsh8-208,Stantler,Pokémon,Basic,swsh8,322,29
xy3-13,Combusken,Pokémon,Stage 1,xy3,317,29
sv1-19,Spidops ex,Pokémon,"Stage 1,ex",sv1,356,14
dp1-15,Skuntank,Pokémon,Stage 1,dp1,32,34
ex8-5,Claydol,Pokémon,Stage 1,ex8,163,34
rsv10pt5-83,Harlequin,Trainer,Supporter,rsv10pt5,151,29
sv5-177,Gastly,Pokémon,Basic,sv5,169,7
xy9-57,Garbodor,Pokémon,Stage 1,xy9,112,34
swsh4-33,Oshawott,Pokémon,Basic,swsh4,214,21
swsh3-48,Cubchoo,Pokémon,Basic,swsh3,332,21
pgo-18,Radiant Blastoise,Pokémon,"Basic,Radiant",pgo,117,22
dp6-138,Claw Fossil,Trainer,Item,dp6,232,21
sm10-104,Crabrawler,Pokémon,Basic,sm10,340,21
xy7-94,Lugia-EX,Pokémon,"Basic,EX",xy7,232,28
xyp-XY92,Sableye,Pokémon,Basic,xyp,167,38
sv5-70,Solosis,Pokémon,Basic,sv5,365,21
ex7-3,Dark Crobat,Pokémon,Stage 2,ex7,301,34
ex15-33,Kirlia δ,Pokémon,Stage 1,ex15,271,29
sm10-11,Venomoth,Pokémon,Stage 1,sm10,40,2
sm115-24,Zapdos,Pokémon,Basic,sm115,317,34
dp4-43,Linoone,Pokémon,Stage 1,dp4,112,29
sv4-71,Natu,Pokémon,Basic,sv4,242,21
svp-78,Meowscarada ex,Pokémon,"Stage 2,ex",svp,76,38
swsh10-5,Scyther,Pokémon,Basic,swsh10,146,21
swsh9-57,Granbull V,Pokémon,"Basic,V",swsh9,336,16
bw8-62,Giratina,Pokémon,"Basic,Team Plasma",bw8,76,2
sv6-106,Greninja ex,Pokémon,"Stage 2,Tera,ex",sv6,76,14
sm12-237,Torkoal,Pokémon,Basic,sm12,196,27
swsh2-5,Shuckle,Pokémon,Basic,swsh2,12,29
swsh12pt5-132,Great Ball,Trainer,Item,swsh12pt5,334,29
g1-78,Lightning Energy,Energy,Basic,g1,,21
dp4-8,Sceptile,Pokémon,Stage 2,dp4,117,34
sv8pt5-39,Aromatisse,Pokémon,Stage 1,sv8pt5,,21
sm9-6,Paras,Pokémon,Basic,sm9,284,21
swsh6-175,Sandaconda V,Pokémon,"Basic,V",swsh6,70,28
sm1-134,Timer Ball,Trainer,Item,sm1,334,29
sm5-152,Looker,Trainer,Supporter,sm5,75,28
xy12-47,Gastly,Pokémon,Basic,xy12,307,21
me2-76,Jigglypuff,Pokémon,Basic,me2,284,21
swsh10-62,Gallade,Pokémon,Stage 2,swsh10,233,34
svp-53,Mew ex,Pokémon,"Basic,ex",svp,84,38
hgss1-51,Skiploom,Pokémon,Stage 1,hgss1,254,29
ru1-12,Lucario,Pokémon,Stage 1,ru1,20,13
sv3-135,Absol ex,Pokémon,"Basic,ex",sv3,82,14
swsh35-26,Machamp,Pokémon,Stage 2,swsh35,277,34
sv3pt5-188,Alakazam ex,Pokémon,"Stage 2,ex",sv3pt5,70,32
sm5-91,Magearna,Pokémon,Basic,sm5,73,2
ex15-46,Dratini δ,Pokémon,Basic,ex15,17,21
g1-43,Geodude,Pokémon,Basic,g1,267,21
zsv10pt5-43,Golurk,Pokémon,Stage 1,zsv10pt5,146,29
xy12-90,Double Colorless Energy,Energy,Special,xy12,307,29
ex3-48,Whiscash,Pokémon,Stage 1,ex3,17,29
sv4pt5-129,Arctibax,Pokémon,Stage 1,sv4pt5,112,31
xy10-2,Burmy,Pokémon,Basic,xy10,112,21
sv5-36,Sizzlipede,Pokémon,Basic,sv5,293,21
swsh4-181,Beauty,Trainer,Supporter,swsh4,215,28
bw3-24,Seismitoad,Pokémon,Stage 2,bw3,117,2
xy12-3,Caterpie,Pokémon,Basic,xy12,116,21
sv6pt5-35,Yveltal,Pokémon,Basic,sv6pt5,,29
base1-2,Blastoise,Pokémon,Stage 2,base1,116,34
swsh3-124,Escavalier,Pokémon,Stage 1,swsh3,277,2
xy7-29,Rotom,Pokémon,Basic,xy7,71,29
dp4-48,Pelipper,Pokémon,Stage 1,dp4,116,29
rsv10pt5-53,Mienshao,Pokémon,Stage 1,rsv10pt5,11,29
ex10-45,Quilava,Pokémon,Stage 1,ex10,163,29
sm8-13,Skiploom,Pokémon,Stage 1,sm8,75,29
xy4-35,M Gengar-EX,Pokémon,"MEGA,EX",xy4,76,33
swsh6-155,Weeding Gloves,Trainer,Pokémon Tool,swsh6,334,29
sv2-52,Quaquaval ex,Pokémon,"Stage 2,ex",sv2,76,14
swsh7-108,Shelgon,Pokémon,Stage 1,swsh7,223,29
sv8-8,Morelull,Pokémon,Basic,sv8,,21
sm6-60,Gible,Pokémon,Basic,sm6,271,21
sv6-154,Kieran,Trainer,Supporter,sv6,94,29
xy10-80,Whismur,Pokémon,Basic,xy10,112,21
base6-60,Rapidash,Pokémon,Stage 1,base6,108,29
bw6-40,Ampharos,Pokémon,Stage 2,bw6,163,34
swsh12-204,Candice,Trainer,Supporter,swsh12,292,20
sm75-28,Feebas,Pokémon,Basic,sm75,317,21
bw9-97,Staraptor,Pokémon,Stage 2,bw9,163,2
pl4-SH10,Bagon,Pokémon,Basic,pl4,284,2
hgss3-44,Combee,Pokémon,Basic,hgss3,284,21
xy5-15,Shroomish,Pokémon,Basic,xy5,71,21
sv6-165,Unfair Stamp,Trainer,"Item,ACE SPEC",sv6,334,19
sv8-222,Flygon ex,Pokémon,"Stage 2,Tera,ex",sv8,,32
ex11-79,Poochyena,Pokémon,Basic,ex11,34,21
sm75-57,Swablu,Pokémon,Basic,sm75,322,21
bw2-21,Darmanitan,Pokémon,Stage 1,bw2,108,2
swshp-SWSH156,Greninja V-UNION,Pokémon,V-UNION,swshp,317,38
sv9-48,Iono's Electrode,Pokémon,Stage 1,sv9,248,29
swsh9-87,Weavile,Pokémon,Stage 1,swsh9,264,29
swsh7-204,Leafeon VMAX,Pokémon,VMAX,swsh7,70,20
sm35-78,Mewtwo-GX,Pokémon,"Basic,GX",sm35,108,27
sv8-169,Counter Gain,Trainer,Pokémon Tool,sv8,,29
base1-45,Caterpie,Pokémon,Basic,base1,116,21
ex6-76,Ponyta,Pokémon,Basic,ex6,116,21
base6-33,Pidgeot,Pokémon,Stage 2,base6,162,2
pl4-66,Gulpin,Pokémon,Basic,pl4,125,21
bw8-23,Heatmor,Pokémon,Basic,bw8,38,29
sm75-65,Reshiram-GX,Pokémon,"Basic,GX",sm75,72,28
sv4-10,Blipbug,Pokémon,Basic,sv4,371,21
bw4-48,Zebstrika,Pokémon,Stage 1,bw4,292,2
swsh3-43,Galarian Darumaka,Pokémon,Basic,swsh3,317,21
svp-207,Steven's Beldum,Pokémon,Basic,svp,357,38
ex4-78,Team Aqua Hideout,Trainer,Stadium,ex4,69,29
bw5-49,Slowking,Pokémon,Stage 1,bw5,317,2
rsv10pt5-74,Lillipup,Pokémon,Basic,rsv10pt5,129,21
sv1-20,Smoliv,Pokémon,Basic,sv1,156,21
neo3-48,Quagsire,Pokémon,Stage 1,neo3,43,21
swsh8-35,Magcargo,Pokémon,Stage 1,swsh8,377,29
sv8-53,Cetoddle,Pokémon,Basic,sv8,,21
sm10-19,Kartana,Pokémon,"Basic,Ultra Beast",sm10,317,34
ex16-106,Lightning Energy,Energy,Basic,ex16,,34
me2-39,Cresselia,Pokémon,Basic,me2,361,29
gym2-99,Sabrina's Psyduck,Pokémon,Basic,gym2,116,21
hsp-HGSS16,Plusle,Pokémon,Basic,hsp,112,38
sm11-90,Elgyem,Pokémon,Basic,sm11,125,29
sv3pt5-137,Porygon,Pokémon,Basic,sv3pt5,76,21
swsh10tg-TG27,Milo,Trainer,Supporter,swsh10tg,351,28
swsh45-2,Yanmega,Pokémon,Stage 1,swsh45,224,2
sm12-209,Draw Energy,Energy,Special,sm12,,29
ex2-52,Vigoroth,Pokémon,Stage 1,ex2,116,29
ex10-84,Energy Switch,Trainer,Item,ex10,347,29
sm9-58,Nidorino,Pokémon,Stage 1,sm9,112,29
smp-SM96,Heatran,Pokémon,Basic,smp,223,38
sm9-139,Electrocharger,Trainer,Item,sm9,297,29
sm12-13,Kricketot,Pokémon,Basic,sm12,116,21
me1-8,Chikorita,Pokémon,Basic,me1,,21
base6-51,Machoke,Pokémon,Stage 1,base6,116,29
sm10-59,Vikavolt,Pokémon,Stage 2,sm10,264,34
sv4-82,Tinkatink,Pokémon,Basic,sv4,151,21
xy9-27,M Gyarados-EX,Pokémon,"MEGA,EX",xy9,76,33
sm35-14,Reshiram,Pokémon,Basic,sm35,142,34
pgo-32,Natu,Pokémon,Basic,pgo,12,21
sm12-97,Mimikyu,Pokémon,Basic,sm12,43,2
sv9-106,Galarian Stunfisk,Pokémon,Basic,sv9,308,21
ex5-88,Desert Ruins,Trainer,Stadium,ex5,176,29
swsh9tg-TG29,Single Strike Urshifu VMAX,Pokémon,"VMAX,Single Strike",swsh9tg,70,27
sm5-45,Shinx,Pokémon,Basic,sm5,322,21
xy1-28,Talonflame,Pokémon,Stage 2,xy1,76,34
xyp-XY04,Sylveon,Pokémon,Stage 1,xyp,76,38
bw10-69,Haxorus,Pokémon,Stage 2,bw10,112,34
bw7-58,Wobbuffet,Pokémon,Basic,bw7,116,29
sv1-227,Miraidon ex,Pokémon,"Basic,ex",sv1,76,32
sv2-97,Mimikyu,Pokémon,Basic,sv2,162,2
sm9-141,Evelyn,Trainer,Supporter,sm9,184,29
ex13-95,Metal Energy,Energy,Special,ex13,364,2
xy3-49,Hitmontop,Pokémon,Basic,xy3,73,29
sv3pt5-152,Antique Dome Fossil,Trainer,Item,sv3pt5,26,21
swsh3-60,Vikavolt V,Pokémon,"Basic,V",swsh3,281,16
neo2-44,Poliwhirl,Pokémon,Stage 1,neo2,162,29
g1-73,Team Flare Grunt,Trainer,Supporter,g1,171,29
sv3pt5-58,Growlithe,Pokémon,Basic,sv3pt5,233,21
basep-44,Magmar,Pokémon,Basic,basep,191,38
sm12-268,Martial Arts Dojo,Trainer,Stadium,sm12,76,27
ex4-15,Team Aqua's Mightyena,Pokémon,Stage 1,ex4,176,2
sm12-201,Professor Oak's Setup,Trainer,Supporter,sm12,184,29
ex6-93,Life Herb,Trainer,Item,ex6,232,29
sm6-42,Mesprit,Pokémon,Basic,sm6,183,29
swsh12-103,Zubat,Pokémon,Basic,swsh12,90,21
g1-RC6,Flareon-EX,Pokémon,"Basic,EX",g1,191,33
xy12-55,Diglett,Pokémon,Basic,xy12,307,21
bw5-2,Ivysaur,Pokémon,Stage 1,bw5,254,29
rsv10pt5-88,Swadloon,Pokémon,Stage 1,rsv10pt5,131,7
sv8pt5-49,Groudon,Pokémon,Basic,sv8pt5,,2
dp2-63,Shieldon,Pokémon,Stage 1,dp2,112,29
dp2-112,Lake Boundary,Trainer,Stadium,dp2,232,29
swshp-SWSH143,Pikachu V,Pokémon,"Basic,V",swshp,12,38
sm8-78,Ampharos,Pokémon,Stage 2,sm8,290,34
swsh3-59,Manectric,Pokémon,Stage 1,swsh3,214,2
xy11-61,Weavile,Pokémon,Stage 1,xy11,73,2
dp2-7,Celebi,Pokémon,Basic,dp2,162,34
swsh3-94,Hippowdon,Pokémon,Stage 1,swsh3,105,2
xy2-77,Pidgeot,Pokémon,Stage 2,xy2,73,2
dp7-73,Skorupi,Pokémon,Basic,dp7,34,21
sv4pt5-181,Murkrow,Pokémon,Basic,sv4pt5,75,31
pl4-68,Makuhita,Pokémon,Basic,pl4,254,21
ex13-84,Trapinch δ,Pokémon,Basic,ex13,163,21
xy2-26,Walrein,Pokémon,Stage 2,xy2,292,2
base3-45,Weezing,Pokémon,Stage 1,base3,108,29
base2-3,Flareon,Pokémon,Stage 1,base2,162,34
sv7-30,Blastoise ex,Pokémon,"Stage 2,ex",sv7,,14
sm4-103,Nihilego-GX,Pokémon,"Basic,GX,Ultra Beast",sm4,76,28
sv4pt5-63,Mabosstiff,Pokémon,Stage 1,sv4pt5,88,2
ecard3-62,Growlithe,Pokémon,Basic,ecard3,30,21
swsh7-69,Swoobat,Pokémon,Stage 1,swsh7,214,29
dp7-63,Larvitar,Pokémon,Basic,dp7,43,21
sv8-57,Pikachu ex,Pokémon,"Basic,Tera,ex",sv8,,14
sv4pt5-43,Houndstone,Pokémon,Stage 1,sv4pt5,112,2
sv8pt5-114,Lacey,Trainer,Supporter,sv8pt5,,29
swshp-SWSH081,Polteageist,Pokémon,Stage 1,swshp,6,38
dp2-61,Sandslash,Pokémon,Stage 1,dp2,191,29
dp6-73,Swellow,Pokémon,Stage 1,dp6,38,29
ex4-94,Suicune ex,Pokémon,"Basic,ex",ex4,232,33
swshp-SWSH140,Pikachu V-UNION,Pokémon,V-UNION,swshp,,38
swsh3-153,Greedent,Pokémon,Stage 1,swsh3,112,2
sv4pt5-187,Kingambit,Pokémon,Stage 2,sv4pt5,317,31
sv6-46,Jynx,Pokémon,Basic,sv6,3,21
dp2-115,Team Galactic's Wager,Trainer,Supporter,dp2,116,29
neo1-105,Recycle Energy,Energy,Special,neo1,350,2
zsv10pt5-120,Elgyem,Pokémon,Basic,zsv10pt5,316,7
xy1-130,Double Colorless Energy,Energy,Special,xy1,76,29
sm35-16,Torracat,Pokémon,Stage 1,sm35,317,21
sv4-124,Roaring Moon ex,Pokémon,"Basic,ex,Ancient",sv4,356,14
ex6-94,Mt. Moon,Trainer,Stadium,ex6,240,29
ecard1-124,Pikachu,Pokémon,Basic,ecard1,191,21
neo1-18,Typhlosion,Pokémon,Stage 2,neo1,116,34
bw3-39,Tynamo,Pokémon,Basic,bw3,292,21
swsh5-10,Durant,Pokémon,Basic,swsh5,183,29
neo2-3,Hitmontop,Pokémon,Basic,neo2,125,34
sv4pt5-223,Squawkabilly ex,Pokémon,"Basic,ex",sv4pt5,336,8
sm9-117,Dratini,Pokémon,Basic,sm9,112,21
zsv10pt5-50,Throh,Pokémon,Basic,zsv10pt5,317,29
ex13-79,Pikachu δ,Pokémon,Basic,ex13,191,21
gym1-27,Lt. Surge's Electabuzz,Pokémon,Basic,gym1,116,2
sm8-180,Life Forest ◇,Trainer,"Stadium,Prism Star",sm8,76,18
dp4-91,Unown [L],Pokémon,Basic,dp4,335,21
swsh9-143,Kindler,Trainer,Supporter,swsh9,75,29
swsh7-26,Tentacool,Pokémon,Basic,swsh7,172,21
bw8-91,Durant,Pokémon,"Basic,Team Plasma",bw8,76,29
me1-68,Sandshrew,Pokémon,Basic,me1,,21
swsh3-183,Scizor V,Pokémon,"Basic,V",swsh3,290,28
sm9-18,Rapidash,Pokémon,Stage 1,sm9,90,29
g1-RC9,Raichu,Pokémon,Stage 1,g1,308,21
base6-34,Pidgeotto,Pokémon,Stage 1,base6,116,2
sv6-201,Blissey ex,Pokémon,"Stage 1,ex",sv6,70,32
sv3pt5-60,Poliwag,Pokémon,Basic,sv3pt5,285,21
sm3-46,Eelektross,Pokémon,Stage 2,sm3,134,2
me2-52,Vibrava,Pokémon,Stage 1,me2,189,21
sm9-29,Magikarp,Pokémon,Basic,sm9,254,21
dp2-62,Sealeo,Pokémon,Stage 1,dp2,112,29
hgss4-57,Bellsprout,Pokémon,Basic,hgss4,198,21
sm6-39,Xurkitree,Pokémon,"Basic,Ultra Beast",sm6,317,2
me2-17,Reshiram,Pokémon,Basic,me2,305,2
sv8pt5-154,Iron Hands ex,Pokémon,"Basic,ex,Future",sv8pt5,,5
pop9-16,Piplup,Pokémon,Basic,pop9,198,21
sv3-158,Dragonair,Pokémon,Stage 1,sv3,6,29
swsh12pt5-89,Aggron,Pokémon,Stage 2,swsh12pt5,376,34
sv5-161,Mist Energy,Energy,Special,sv5,,29
sm3-13,Simisage,Pokémon,Stage 1,sm3,223,29
ecard1-155,Moo-Moo Milk,Trainer,,ecard1,17,21
sma-SV67,Lycanroc-GX,Pokémon,"Stage 1,GX",sma,76,35
sm6-43,Azelf,Pokémon,Basic,sm6,254,29
sv3-85,Togekiss,Pokémon,Stage 2,sv3,365,2
swsh2-164,Poké Ball,Trainer,Item,swsh2,296,29
dp1-4,Empoleon,Pokémon,Stage 2,dp1,240,34
sm8-14,Jumpluff,Pokémon,Stage 2,sm8,117,34
bw10-30,Kyurem-EX,Pokémon,"Basic,EX",bw10,297,33
dp7-55,Bronzor,Pokémon,Basic,dp7,189,21
bw7-137,Computer Search,Trainer,"Item,ACE SPEC",bw7,232,30
me2-98,Piplup,Pokémon,Basic,me2,211,7
ex14-16,Combusken,Pokémon,Stage 1,ex14,38,2
hgss1-99,Pokémon Reversal,Trainer,Item,hgss1,374,29
sm12-161,Jangmo-o,Pokémon,Basic,sm12,17,21
xy6-28,Natu,Pokémon,Basic,xy6,162,21
sv3pt5-24,Arbok ex,Pokémon,"Stage 1,ex",sv3pt5,297,14
sm12-212,Charizard & Braixen-GX,Pokémon,"Basic,TAG TEAM,GX",sm12,76,28
col1-86,Darkness Energy,Energy,Special,col1,79,29
sv5-167,Litten,Pokémon,Basic,sv5,168,7
xy3-88,Battle Reporter,Trainer,Supporter,xy3,317,29
dp3-22,Arcanine,Pokémon,Stage 1,dp3,112,2
swsh12pt5gg-GG35,Leafeon VSTAR,Pokémon,VSTAR,swsh12pt5gg,211,24
neo3-60,Balloon Berry,Trainer,Pokémon Tool,neo3,307,29
sv8-36,Ceruledge ex,Pokémon,"Stage 1,Tera,ex",sv8,,14
swshp-SWSH142,Pikachu V-UNION,Pokémon,V-UNION,swshp,,38
sv6-58,Cramorant,Pokémon,Basic,sv6,140,29
bw10-14,Squirtle,Pokémon,Basic,bw10,340,21
ex6-22,Dugtrio,Pokémon,Stage 1,ex6,163,2
sm12-113,Groudon,Pokémon,Basic,sm12,317,2
sv1-37,Crocalor,Pokémon,Stage 1,sv1,91,29
swshp-SWSH245,Croagunk,Pokémon,Basic,swshp,128,38
col1-26,Granbull,Pokémon,Stage 1,col1,71,2
swsh7-182,Golurk V,Pokémon,"Basic,V,Single Strike",swsh7,145,28
sm12-115,Excadrill,Pokémon,Stage 1,sm12,172,34
sv3-142,Skarmory,Pokémon,Basic,sv3,360,29
ex4-23,Team Magma's Zangoose,Pokémon,Basic,ex4,174,2
swsh10-11,Combee,Pokémon,Basic,swsh10,129,21
sm4-122,Counter Energy,Energy,Special,sm4,,27
me1-161,Mega Absol ex,Pokémon,"Basic,MEGA,ex",me1,,32
bw4-67,Mienfoo,Pokémon,Basic,bw4,198,21
xy2-89,Fiery Torch,Trainer,Item,xy2,334,29
xy6-43,Togepi,Pokémon,Basic,xy6,152,21
xy10-112,Team Rocket's Handiwork,Trainer,Supporter,xy10,75,29
swsh12-104,Golbat,Pokémon,Stage 1,swsh12,277,29
hgss3-55,Makuhita,Pokémon,Basic,hgss3,17,21
sv4pt5-180,Paldean Wooper,Pokémon,Basic,sv4pt5,82,31
sv10-93,Ethan's Sudowoodo,Pokémon,Basic,sv10,140,21
bw5-38,Raikou-EX,Pokémon,"Basic,EX",bw5,298,33
dp6-132,Energy Pickup,Trainer,Item,dp6,79,29
swsh7-120,Flapple,Pokémon,Stage 1,swsh7,277,2
swsh3-186,Kabu,Trainer,Supporter,swsh3,75,28
swsh3-34,Centiskorch VMAX,Pokémon,VMAX,swsh3,76,25
sm12-17,Rowlet,Pokémon,Basic,sm12,43,21
sv3pt5-22,Fearow,Pokémon,Stage 1,sv3pt5,96,29
sv4-20,Pansear,Pokémon,Basic,sv4,46,21
swsh4-38,Chewtle,Pokémon,Basic,swsh4,215,21
swsh1-199,Bede,Trainer,Supporter,swsh1,292,28
sv3pt5-192,Zapdos ex,Pokémon,"Basic,ex",sv3pt5,356,32
sma-SV6,Charmander,Pokémon,Basic,sma,215,9
swsh12pt5gg-GG64,Melony,Trainer,Supporter,swsh12pt5gg,47,28
sm7-162,Bill's Maintenance,Trainer,Supporter,sm7,351,28
xy5-40,Whiscash,Pokémon,Stage 1,xy5,284,29
xy7-14,Entei,Pokémon,Basic,xy7,292,2
swsh12pt5gg-GG18,Magnezone,Pokémon,Stage 2,swsh12pt5gg,266,37
g1-1,Venusaur-EX,Pokémon,"Basic,EX",g1,297,33
sv5-215,Walking Wake ex,Pokémon,"Basic,ex,Ancient",sv5,356,1
dp1-93,Piplup,Pokémon,Basic,dp1,116,21
sm4-14,Camerupt,Pokémon,Stage 1,sm4,277,2
rsv10pt5-75,Herdier,Pokémon,Stage 1,rsv10pt5,129,21
bw6-117,Blend Energy GrassFirePsychicDarkness,Energy,Special,bw6,76,29
dp3-88,Grimer,Pokémon,Basic,dp3,116,21
sm75-19,Magikarp,Pokémon,Basic,sm75,333,21
sm3-98,Shiinotic,Pokémon,Stage 1,sm3,292,2
swsh4-74,Swoobat,Pokémon,Stage 1,swsh4,162,29
mcd22-13,Pangoro,Pokémon,Stage 1,mcd22,12,13
sm1-13,Grubbin,Pokémon,Basic,sm1,340,21
bw8-127,Plasma Energy,Energy,"Special,Team Plasma",bw8,76,29
sm11-16,Lurantis,Pokémon,Stage 1,sm11,305,29
pl3-4,Electivire FB,Pokémon,"Basic,SP",pl3,372,34
sv9-20,Magmar,Pokémon,Basic,sv9,284,21
sv8pt5-85,Fan Rotom,Pokémon,Basic,sv8pt5,,21
sv10-138,Arven's Maschiff,Pokémon,Basic,sv10,40,21
me1-147,Garganacl,Pokémon,Stage 2,me1,,7
xy5-86,Primal Groudon-EX,Pokémon,"MEGA,EX",xy5,76,33
swshp-SWSH235,Dragonite V,Pokémon,"Basic,V",swshp,73,38
sv4-89,Iron Valiant ex,Pokémon,"Basic,ex,Future",sv4,207,14
swsh6-5,Ledian,Pokémon,Stage 1,swsh6,333,29
svp-103,Houndoom ex,Pokémon,"Stage 1,ex",svp,70,38
svp-11,Arcanine,Pokémon,Stage 1,svp,66,38
dp7-61,Finneon,Pokémon,Basic,dp7,162,21
swsh7-165,Treasure Energy,Energy,Special,swsh7,,29
dp1-101,Starly,Pokémon,Basic,dp1,116,21
sv3-89,Mawile,Pokémon,Basic,sv3,131,21
me2-85,Battle Cage,Trainer,Stadium,me2,226,29
sv1-95,Dedenne,Pokémon,Basic,sv1,300,21
neo2-15,Ursaring,Pokémon,Stage 1,neo2,284,34
bwp-BW56,Empoleon,Pokémon,Stage 2,bwp,317,38
ex12-13,Victreebel,Pokémon,Stage 2,ex12,125,34
sv10-12,Crustle,Pokémon,Stage 1,sv10,78,2
sv2-31,Litleo,Pokémon,Basic,sv2,55,21
xyp-XY210,Gym Badge,Trainer,Item,xyp,232,38
ex10-16,Sunflora,Pokémon,Stage 1,ex10,125,34
sv8-56,Chien-Pao,Pokémon,Basic,sv8,,2
bw1-67,Liepard,Pokémon,Stage 1,bw1,108,2
sv8pt5-17,Hearthflame Mask Ogerpon ex,Pokémon,"Basic,Tera,ex",sv8pt5,,14
swsh2-157,Cursed Shovel,Trainer,Pokémon Tool,swsh2,334,29
xy12-23,Poliwag,Pokémon,Basic,xy12,116,21
bw8-11,Maractus,Pokémon,Basic,bw8,90,29
sm11-221,Raichu & Alolan Raichu-GX,Pokémon,"Basic,TAG TEAM,GX",sm11,223,28
sm115-56,Erika's Hospitality,Trainer,Supporter,sm115,351,2
sm8-53,Alolan Vulpix,Pokémon,Basic,sm8,284,21
bw8-128,Dowsing Machine,Trainer,"Item,ACE SPEC",bw8,232,30
sv5-51,Pikachu,Pokémon,Basic,sv5,183,21
neo1-37,Granbull,Pokémon,Stage 1,neo1,116,29
sv6-103,Timburr,Pokémon,Basic,sv6,112,21
sv4pt5-213,Toedscruel ex,Pokémon,"Stage 1,ex",sv4pt5,76,8
xy7-47,Beldum,Pokémon,Basic,xy7,43,21
ex8-28,Whiscash,Pokémon,Stage 1,ex8,189,2
sm11-49,Araquanid,Pokémon,Stage 1,sm11,6,2
ecard1-43,Dragonite,Pokémon,Stage 2,ecard1,162,2
sv9-32,Articuno,Pokémon,Basic,sv9,279,29
swsh12-1,Venonat,Pokémon,Basic,swsh12,333,21
pl4-45,Pelipper,Pokémon,Stage 1,pl4,284,29
sv1-88,Banette ex,Pokémon,"Stage 1,ex",sv1,336,14
sv10-108,Mudsdale,Pokémon,Stage 1,sv10,146,29
me1-89,Nickit,Pokémon,Basic,me1,,21
cel25c-2_A,Blastoise,Pokémon,Stage 2,cel25c,116,12
swsh7-20,Victini,Pokémon,Basic,swsh7,151,34
me1-74,Lunatone,Pokémon,Basic,me1,,2
sv8-146,Vigoroth,Pokémon,Stage 1,sv8,,21
cel25-3,Kyogre,Pokémon,Basic,cel25,66,2
swsh1-206,Snorlax VMAX,Pokémon,VMAX,swsh1,207,20
sv8-178,Jasmine's Gaze,Trainer,Supporter,sv8,,29
swsh12pt5-34,Snorunt,Pokémon,Basic,swsh12pt5,143,21
col1-43,Flaaffy,Pokémon,Stage 1,col1,117,29
neo4-80,Remoraid,Pokémon,Basic,neo4,268,21
ecard2-90,Lickitung,Pokémon,Basic,ecard2,43,21
sm10-39,Poliwrath,Pokémon,Stage 2,sm10,340,2
swsh3-195,Pokémon Breeder's Nurturing,Trainer,Supporter,swsh3,215,20
base4-4,Charizard,Pokémon,Stage 2,base4,108,34
hgss4-74,Psyduck,Pokémon,Basic,hgss4,292,21
swsh6-221,Siebold,Trainer,"Supporter,Rapid Strike",swsh6,37,20
hgss4-81,Venonat,Pokémon,Basic,hgss4,299,21
sm4-69,Escavalier,Pokémon,Stage 1,sm4,162,2
bw11-72,Gothitelle,Pokémon,Stage 2,bw11,73,34
ex2-90,Claw Fossil,Trainer,Item,ex2,232,21
xy11-13,Amoonguss,Pokémon,Stage 1,xy11,116,2
sm7-159,Stakataka-GX,Pokémon,"Basic,GX,Ultra Beast",sm7,76,28
swsh45sv-SV001,Rowlet,Pokémon,Basic,swsh45sv,340,9
ecard2-83,Hoppip,Pokémon,Basic,ecard2,43,21
xy9-91,Stantler,Pokémon,Basic,xy9,254,29
dp6-92,Drifloon,Pokémon,Basic,dp6,125,21
mcd19-9,Onix,Pokémon,Basic,mcd19,108,13
sv7-21,Pansear,Pokémon,Basic,sv7,,21
me1-113,Acerola's Mischief,Trainer,Supporter,me1,,29
bw3-18,Heatmor,Pokémon,Basic,bw3,112,29
bw9-64,Umbreon,Pokémon,"Stage 1,Team Plasma",bw9,76,34
gym2-63,Blaine's Mankey,Pokémon,Basic,gym2,191,21
ex16-67,Torchic,Pokémon,Basic,ex16,108,21
me1-153,Gumshoos,Pokémon,Stage 1,me1,,7
sv3pt5-45,Vileplume,Pokémon,Stage 2,sv3pt5,333,2
swsh45sv-SV110,Lapras V,Pokémon,"Basic,V",swsh45sv,76,16
sv3-228,Charizard ex,Pokémon,"Stage 2,ex,Tera",sv3,76,1
xyp-XY208,Gym Badge,Trainer,Item,xyp,232,38
swsh12pt5-9,Yanmega,Pokémon,Stage 1,swsh12pt5,88,2
sv8-64,Stunfisk,Pokémon,Basic,sv8,,21
swsh11tg-TG05,Pikachu,Pokémon,Basic,swsh11tg,233,37
swsh5-182,Rapid Strike Energy,Energy,"Special,Rapid Strike",swsh5,,27
bw9-43,Nidoran ♂,Pokémon,Basic,bw9,117,21
sv4-126,Jirachi,Pokémon,Basic,sv4,284,21
base2-31,Vileplume,Pokémon,Stage 2,base2,307,2
swshp-SWSH102,Venusaur VMAX,Pokémon,VMAX,swshp,207,38
ex1-88,PokéNav,Trainer,Item,ex1,92,29
dp3-90,Hoppip,Pokémon,Basic,dp3,44,21
sm2-158,Sylveon-GX,Pokémon,"Stage 1,GX",sm2,76,20
me1-2,Ivysaur,Pokémon,Stage 1,me1,,21
ex13-98,δ Rainbow Energy,Energy,Special,ex13,50,29
neo4-113,Shining Tyranitar,Pokémon,Basic,neo4,116,36
sm2-11,Litwick,Pokémon,Basic,sm2,108,21
pl1-63,Silcoon,Pokémon,Stage 1,pl1,271,29
swsh6-102,Seviper,Pokémon,"Basic,Single Strike",swsh6,277,2
np-4,Grovyle,Pokémon,Stage 1,np,198,38
ex10-76,Sunkern,Pokémon,Basic,ex10,125,21
swsh12pt5gg-GG06,Manaphy,Pokémon,Basic,swsh12pt5gg,256,37
xy8-62,Mewtwo-EX,Pokémon,"Basic,EX",xy8,216,33
sm5-159,Glaceon-GX,Pokémon,"Stage 1,GX",sm5,76,20
swsh35-5,Eldegoss V,Pokémon,"Basic,V",swsh35,76,16
sm3-59,Espurr,Pokémon,Basic,sm3,189,21
ex10-57,Gligar,Pokémon,Basic,ex10,108,21
swsh7-139,Fletchinder,Pokémon,Stage 1,swsh7,128,29
g1-38,Diglett,Pokémon,Basic,g1,17,21
sv8pt5-77,Hoothoot,Pokémon,Basic,sv8pt5,,21
sv4-17,Toedscruel,Pokémon,Stage 1,sv4,286,29
swsh4-177,Aegislash V,Pokémon,"Basic,V",swsh4,207,28
dp1-115,Super Scoop Up,Trainer,Item,dp1,298,29
swsh1-204,Morpeko VMAX,Pokémon,VMAX,swsh1,76,20
pl1-75,Grimer,Pokémon,Basic,pl1,293,21
swsh2-45,Palpitoad,Pokémon,Stage 1,swsh2,267,29
ex6-51,Weepinbell,Pokémon,Stage 1,ex6,17,29
ex11-60,Cubone,Pokémon,Basic,ex11,293,21
gym2-56,Sabrina's Hypno,Pokémon,Stage 1,gym2,116,29
swsh35-15,Drednaw VMAX,Pokémon,VMAX,swsh35,207,25
sv5-38,Gouging Fire ex,Pokémon,"Basic,ex,Ancient",sv5,76,14
si1-15,Wartortle,Pokémon,Stage 1,si1,284,13
sm2-126,Hala,Trainer,Supporter,sm2,116,29
swsh10-67,Azelf,Pokémon,Basic,swsh10,256,29
dp1-56,Monferno,Pokémon,Stage 1,dp1,116,29
dp1-79,Combee,Pokémon,Basic,dp1,116,21
sv4pt5-131,Pikachu,Pokémon,Basic,sv4pt5,55,31
swsh1-27,Salandit,Pokémon,Basic,swsh1,172,21
me1-90,Thievul,Pokémon,Stage 1,me1,,21
sv4-49,Golisopod,Pokémon,Stage 1,sv4,214,2
swsh7-7,Leafeon V,Pokémon,"Basic,V",swsh7,76,16
sv4-87,Gimmighoul,Pokémon,Basic,sv4,71,21
base3-12,Moltres,Pokémon,Basic,base3,108,34
svp-154,Indeedee,Pokémon,Basic,svp,,38
sv8pt5-168,Bloodmoon Ursaluna ex,Pokémon,"Basic,ex",sv8pt5,,5
swsh6-218,Melony,Trainer,Supporter,swsh6,256,20
rsv10pt5-37,Swoobat,Pokémon,Stage 1,rsv10pt5,10,29
swsh3-120,Skarmory,Pokémon,Basic,swsh3,81,21
ecard3-13,Jolteon,Pokémon,Stage 1,ecard3,136,2
sv3-50,Tympole,Pokémon,Basic,sv3,371,21
hgss1-89,Bill,Trainer,Supporter,hgss1,116,29
swsh7-175,Glaceon V,Pokémon,"Basic,V",swsh7,304,28
sv4pt5-67,Gholdengo,Pokémon,Stage 1,sv4pt5,108,2
ex7-54,Drowzee,Pokémon,Basic,ex7,198,21
sv3pt5-41,Zubat,Pokémon,Basic,sv3pt5,104,21
swsh8-182,Skarmory,Pokémon,"Basic,Single Strike",swsh8,358,21
pl1-77,Honchkrow G,Pokémon,"Basic,SP",pl1,203,21
bw5-36,Swanna,Pokémon,Stage 1,bw5,71,2
zsv10pt5-88,Servine,Pokémon,Stage 1,zsv10pt5,211,7
sm10-216,Venomoth-GX,Pokémon,"Stage 1,GX",sm10,76,20
ex5-51,Tentacruel,Pokémon,Stage 1,ex5,294,29
neo2-62,Poliwag,Pokémon,Basic,neo2,308,21
swsh8-146,Lucario V,Pokémon,"Basic,V",swsh8,207,16
dp1-25,Dustox,Pokémon,Stage 2,dp1,112,2
det1-15,Snubbull,Pokémon,Basic,det1,220,21
sm4-85,Minccino,Pokémon,Basic,sm4,183,21
neo4-5,Dark Feraligatr,Pokémon,Stage 2,neo4,191,34
swsh1-15,Rillaboom,Pokémon,Stage 2,swsh1,317,2
base6-64,Snorlax,Pokémon,Basic,base6,116,29
dp4-104,Darkrai LV.X,Pokémon,Level-Up,dp4,298,3
sv10-4,Pineco,Pokémon,Basic,sv10,28,21
swsh1-76,Boltund,Pokémon,Stage 1,swsh1,112,34
swshp-SWSH191,Leafeon,Pokémon,Stage 1,swshp,140,38
sm10-218,Blastoise-GX,Pokémon,"Stage 2,GX",sm10,60,20
bw10-71,Kangaskhan,Pokémon,Basic,bw10,112,21
sv3-225,Pidgeot ex,Pokémon,"Stage 2,ex",sv3,245,5
pl1-97,Swablu,Pokémon,Basic,pl1,162,21
zsv10pt5-63,Klinklang,Pokémon,Stage 2,zsv10pt5,74,2
ex7-88,Rocket's Mission,Trainer,Supporter,ex7,116,29
base6-79,Machop,Pokémon,Basic,base6,116,21
bw4-94,Shaymin-EX,Pokémon,"Basic,EX",bw4,76,28
bw5-21,Larvesta,Pokémon,Basic,bw5,112,21
sv3-41,Volcarona,Pokémon,Stage 1,sv3,293,29
sm8-58,Mantine,Pokémon,Basic,sm8,351,29
bw3-44,Yamask,Pokémon,Basic,bw3,198,21
sm8-56,Lapras,Pokémon,Basic,sm8,333,2
sv8pt5-1,Exeggcute,Pokémon,Basic,sv8pt5,,21
swsh8-153,Grapploct,Pokémon,Stage 1,swsh8,224,29
swsh12tg-TG23,Friends in Galar,Trainer,Supporter,swsh12tg,351,28
ex9-97,Raichu ex,Pokémon,"Stage 1,ex",ex9,108,33
sv1-219,Bombirdier,Pokémon,Basic,sv1,322,7
swsh8-70,Basculin,Pokémon,"Basic,Rapid Strike",swsh8,224,21
neo4-74,Mantine,Pokémon,Basic,neo4,293,21
svp-122,Snorlax,Pokémon,Basic,svp,78,38
dp7-30,Tyranitar,Pokémon,Stage 2,dp7,162,2
rsv10pt5-7,Sawsbuck,Pokémon,Stage 1,rsv10pt5,244,29
xy6-40,Absol,Pokémon,Basic,xy6,162,34
sm8-113,Hitmontop,Pokémon,Basic,sm8,129,29
col1-68,Pineco,Pokémon,Basic,col1,271,21
dp2-10,Honchkrow,Pokémon,Stage 1,dp2,205,34
sm8-74,Lanturn,Pokémon,Stage 1,sm8,116,2
xy3-38,Skorupi,Pokémon,Basic,xy3,292,21
sv7-140,Occa Berry,Trainer,Pokémon Tool,sv7,,29
sv10-75,Electrike,Pokémon,Basic,sv10,244,21
sm4-28,Regice,Pokémon,Basic,sm4,117,34
pl4-40,Gulpin,Pokémon,Basic,pl4,34,29
swsh12-171,Chesnaught V,Pokémon,"Basic,V",swsh12,275,28
ex15-20,Mantine δ,Pokémon,Basic,ex15,125,2
mcd11-8,Sandile,Pokémon,Basic,mcd11,116,13
hgss2-50,Larvitar,Pokémon,Basic,hgss2,125,21
dp6-122,Staryu,Pokémon,Basic,dp6,116,21
ex7-21,Delibird,Pokémon,Basic,ex7,43,2
xy6-81,Unfezant,Pokémon,Stage 2,xy6,142,2
xy3-21,Cubchoo,Pokémon,Basic,xy3,215,21
mcd11-3,Tepig,Pokémon,Basic,mcd11,116,13
hgss3-39,Togetic,Pokémon,Stage 1,hgss3,191,29
sv8pt5-33,Espeon,Pokémon,Stage 1,sv8pt5,,2
xyp-XY195,Jirachi,Pokémon,Basic,xyp,116,38
swsh12-168,Regenerative Energy,Energy,Special,swsh12,,29
sv7-16,Lokix,Pokémon,Stage 1,sv7,,21
sm9-165,Gengar & Mimikyu-GX,Pokémon,"Basic,TAG TEAM,GX",sm9,198,28
sm11-123,Meloetta,Pokémon,Basic,sm11,112,2
sv8pt5-20,Goldeen,Pokémon,Basic,sv8pt5,,21
sv8pt5-91,Noivern ex,Pokémon,"Stage 1,ex",sv8pt5,,14
pgo-16,Wartortle,Pokémon,Stage 1,pgo,346,29
swsh2-62,Luxray,Pokémon,Stage 2,swsh2,264,34
rsv10pt5-84,Hilda,Trainer,Supporter,rsv10pt5,156,29
col1-71,Snubbull,Pokémon,Basic,col1,71,21
sm1-15,Lurantis-GX,Pokémon,"Stage 1,GX",sm1,76,10
bw4-14,Moltres,Pokémon,Basic,bw4,232,34
rsv10pt5-167,Keldeo ex,Pokémon,"Basic,ex",rsv10pt5,55,5
base1-46,Charmander,Pokémon,Basic,base1,108,21
ex4-28,Team Aqua's Lanturn,Pokémon,Stage 1,ex4,241,29
neo1-57,Cyndaquil,Pokémon,Basic,neo1,257,21
swsh12pt5-129,Energy Switch,Trainer,Item,swsh12pt5,334,29
pgo-3,Venusaur,Pokémon,Stage 2,pgo,105,34
swshp-SWSH134,Dark Sylveon V,Pokémon,"Basic,V",swshp,66,38
col1-30,Pidgeot,Pokémon,Stage 2,col1,38,2
sm5-12,Carnivine,Pokémon,Basic,sm5,277,21
dc1-9,Team Aqua's Seviper,Pokémon,Basic,dc1,292,21
swsh9tg-TG22,Umbreon V,Pokémon,"Basic,V,Single Strike",swsh9tg,303,16
bw10-31,Tynamo,Pokémon,Basic,bw10,90,21
xy9-19,Slowpoke,Pokémon,Basic,xy9,340,21
swsh10tg-TG29,Ice Rider Calyrex VMAX,Pokémon,VMAX,swsh10tg,76,27
pl3-132,Whismur,Pokémon,Basic,pl3,43,21
svp-58,Iron Bundle,Pokémon,"Basic,Future",svp,14,38
hgss1-106,Blissey,Pokémon,"Stage 1,Prime",hgss1,253,23
swsh7-161,Stormy Mountains,Trainer,Stadium,swsh7,334,29
sm9-77,Kabuto,Pokémon,Stage 1,sm9,254,29
ex2-62,Duskull,Pokémon,Basic,ex2,308,21
sm11-177,Audino,Pokémon,Basic,sm11,254,29
sv4-73,Latios,Pokémon,Basic,sv4,24,2
sma-SV76,Sylveon-GX,Pokémon,"Stage 1,GX",sma,76,35
swsh1-181,Rotom Bike,Trainer,Item,swsh1,76,29
sv7-99,Klink,Pokémon,Basic,sv7,,21
xy12-21,Blastoise-EX,Pokémon,"Basic,EX",xy12,297,33
sv7-65,Alcremie,Pokémon,Stage 1,sv7,,2
swsh9-21,Moltres,Pokémon,Basic,swsh9,143,34
sm9-44,Blitzle,Pokémon,Basic,sm9,340,21
ex9-70,Treecko,Pokémon,Basic,ex9,108,21
sv10-192,Blaziken,Pokémon,Stage 2,sv10,183,7
sm8-93,Wobbuffet,Pokémon,Basic,sm8,184,2
sv5-145,Ciphermaniac's Codebreaking,Trainer,"Supporter,Future",sv5,256,29
pl1-47,Crobat G,Pokémon,"Basic,SP",pl1,258,29
swsh5-70,Marowak,Pokémon,Stage 1,swsh5,304,2
sv5-48,Finizen,Pokémon,Basic,sv5,12,21
sv6-11,Leafeon,Pokémon,Stage 1,sv6,375,29
swsh5-151,Single Strike Urshifu V,Pokémon,"Basic,V,Single Strike",swsh5,73,28
bwp-BW88,Flareon,Pokémon,Stage 1,bwp,114,38
xy9-39,Frogadier,Pokémon,Stage 1,xy9,317,29
col1-53,Chikorita,Pokémon,Basic,col1,116,21
hgss1-56,Wigglytuff,Pokémon,Stage 1,hgss1,191,29
sv7-14,Hydrapple ex,Pokémon,"Stage 2,ex",sv7,,14
base1-44,Bulbasaur,Pokémon,Basic,base1,108,21
sm3-67,Rhyperior,Pokémon,Stage 2,sm3,108,34
sv6-14,Grookey,Pokémon,Basic,sv6,101,21
bw6-22,Ho-Oh-EX,Pokémon,"Basic,EX",bw6,297,33
zsv10pt5-82,Fennel,Trainer,Supporter,zsv10pt5,55,29
sm7-155,Electrode-GX,Pokémon,"Stage 1,GX",sm7,76,28
smp-SM193,Garchomp & Giratina-GX,Pokémon,"Basic,TAG TEAM,GX",smp,277,38
base5-3,Dark Blastoise,Pokémon,Stage 2,base5,108,34
swshp-SWSH193,Galarian Obstagoon,Pokémon,Stage 2,swshp,358,38
swsh3-89,Trapinch,Pokémon,Basic,swsh3,165,21
hgss4-96,Magnezone,Pokémon,"Stage 2,Prime",hgss4,253,23
swsh2-41,Wingull,Pokémon,Basic,swsh2,131,21
sm11-69,Tapu Koko,Pokémon,Basic,sm11,317,34
smp-SM106,Dawn Wings Necrozma,Pokémon,"Basic,Ultra Beast",smp,317,38
swsh9-54,Clefable,Pokémon,Stage 1,swsh9,71,2
xy11-44,Nidorino,Pokémon,Stage 1,xy11,142,29
sv3-210,Eiscue ex,Pokémon,"Basic,ex,Tera",sv3,76,32
me2-84,Mega Lopunny ex,Pokémon,"Stage 1,MEGA,ex",me2,76,14
sm5-150,Lana,Trainer,Supporter,sm5,194,28
swsh3-188,Pokémon Breeder's Nurturing,Trainer,Supporter,swsh3,215,28
xyp-XY185,Volcanion,Pokémon,Basic,xyp,264,38
ex3-55,Geodude,Pokémon,Basic,ex3,294,21
rsv10pt5-85,Tool Scrapper,Trainer,Item,rsv10pt5,296,29
ex9-95,Medicham ex,Pokémon,"Stage 1,ex",ex9,136,33
ecard3-123,Desert Shaman,Trainer,Supporter,ecard3,162,29
dv1-8,Salamence,Pokémon,Stage 2,dv1,27,34
hgss1-120,Fighting Energy,Energy,Basic,hgss1,,21
xy2-8,Roselia,Pokémon,Basic,xy2,215,21
sm10-67,Gastly,Pokémon,Basic,sm10,24,21
gym1-71,Brock's Sandshrew,Pokémon,Basic,gym1,116,21
ex1-85,Oran Berry,Trainer,Pokémon Tool,ex1,23,29
zsv10pt5-81,Energy Coin,Trainer,Item,zsv10pt5,334,29
swsh7-212,Sylveon VMAX,Pokémon,"VMAX,Rapid Strike",swsh7,256,20
me1-175,Rare Candy,Trainer,Item,me1,,32
sv6pt5-8,Houndoom,Pokémon,Stage 1,sv6pt5,,21
sv6-13,Trevenant,Pokémon,Stage 1,sv6,145,21
neo4-50,Light Ninetales,Pokémon,Stage 1,neo4,30,29
gym2-11,Lt. Surge's Raichu,Pokémon,Stage 1,gym2,116,34
swshp-SWSH028,Duraludon,Pokémon,Basic,swshp,66,38
ex9-48,Electrike,Pokémon,Basic,ex9,117,21
sm6-91,Goomy,Pokémon,Basic,sm6,198,21
sm7-107,Latias ◇,Pokémon,"Basic,Prism Star",sm7,277,18
sv7-33,Marill,Pokémon,Basic,sv7,,21
svp-33,Meowscarada ex,Pokémon,"Stage 2,ex",svp,76,38
swsh12pt5-118,Gumshoos,Pokémon,Stage 1,swsh12pt5,71,2
hgss1-94,Moomoo Milk,Trainer,Item,hgss1,253,29
pop3-3,Jolteon,Pokémon,Stage 1,pop3,117,2
sv5-59,Boltund,Pokémon,Stage 1,sv5,145,29
sv10-158,Arven's Skwovet,Pokémon,Basic,sv10,145,21
base6-75,Exeggcute,Pokémon,Basic,base6,108,21
dp5-46,Scyther,Pokémon,Basic,dp5,116,29
sv3pt5-70,Weepinbell,Pokémon,Stage 1,sv3pt5,245,21
swsh2-208,Tool Scrapper,Trainer,Item,swsh2,296,27
dp5-76,Stunky,Pokémon,Basic,dp5,112,21
swsh12-209,Worker,Trainer,Supporter,swsh12,55,20
neo1-35,Furret,Pokémon,Stage 1,neo1,116,29
svp-133,Ledian,Pokémon,Stage 1,svp,84,38
sv9-135,Hop's Wooloo,Pokémon,Basic,sv9,101,21
base6-31,Nidoking,Pokémon,Stage 2,base6,116,2
base6-17,Ninetales,Pokémon,Stage 1,base6,116,34
swsh12pt5gg-GG61,Gardenia's Vigor,Trainer,Supporter,swsh12pt5gg,170,28
sv4-92,Gliscor,Pokémon,Stage 1,sv4,376,29
sv9-102,Escavalier,Pokémon,Stage 1,sv9,279,29
sv4pt5-42,Greavard,Pokémon,Basic,sv4pt5,156,21
xyp-XY114,Darkrai,Pokémon,Basic,xyp,73,38
xy9-107,Professor Sycamore,Trainer,Supporter,xy9,171,29
dp3-107,Shellos West Sea,Pokémon,Basic,dp3,116,21
ecard2-42,Victreebel,Pokémon,Stage 2,ecard2,189,2
swsh10-106,Magneton,Pokémon,Stage 1,swsh10,332,29
ex16-32,Lairon,Pokémon,Stage 1,ex16,34,29
sm4-48,Oranguru,Pokémon,Basic,sm4,355,2
smp-SM35,Espeon-GX,Pokémon,"Stage 1,GX",smp,76,38
sm3-83,Alolan Grimer,Pokémon,Basic,sm3,112,21
ex9-57,Numel,Pokémon,Basic,ex9,198,21
sv8-211,Appletun,Pokémon,Stage 1,sv8,,7
swsh1-29,Turtonator,Pokémon,Basic,swsh1,105,2
sm10-106,Stakataka,Pokémon,"Basic,Ultra Beast",sm10,214,34
neo4-43,Houndour,Pokémon,Basic,neo4,293,29
dp1-26,Floatzel,Pokémon,Stage 1,dp1,157,2
sv5-26,Ponyta,Pokémon,Basic,sv5,135,21
swsh1-129,Mawile,Pokémon,Basic,swsh1,305,21
bw11-71,Gothorita,Pokémon,Stage 1,bw11,215,29
xy8-163,Mewtwo-EX,Pokémon,"Basic,EX",xy8,108,27
sm1-62,Mareanie,Pokémon,Basic,sm1,167,21
sm7-97,Jirachi ◇,Pokémon,"Basic,Prism Star",sm7,112,18
sv3-121,Glimmet,Pokémon,Basic,sv3,351,21
ex6-91,EXP.ALL,Trainer,Pokémon Tool,ex6,307,29
me1-167,Buddy-Buddy Poffin,Trainer,Item,me1,,32
bw5-55,Drilbur,Pokémon,Basic,bw5,17,21
xy1-51,Venipede,Pokémon,Basic,xy1,254,21
pl2-7,Jirachi,Pokémon,Basic,pl2,133,34
sv6pt5-46,Haxorus,Pokémon,Stage 2,sv6pt5,,2
det1-4,Charmander,Pokémon,Basic,det1,213,21
sv6pt5-96,Earthen Vessel,Trainer,"Item,Ancient",sv6pt5,,1
sm9-4,Kakuna,Pokémon,Stage 1,sm9,43,29
me1-129,Surfing Beach,Trainer,Stadium,me1,,29
zsv10pt5-105,Seismitoad,Pokémon,Stage 2,zsv10pt5,325,7
svp-89,Feraligatr,Pokémon,Stage 2,svp,285,38
swsh7-67,Sableye,Pokémon,Basic,swsh7,377,21
ex12-73,Fieldworker,Trainer,Supporter,ex12,116,29
base4-78,Machop,Pokémon,Basic,base4,108,21
xy12-20,Magmar,Pokémon,Basic,xy12,116,29
swsh8-49,Centiskorch,Pokémon,Stage 1,swsh8,6,29
ex10-17,Typhlosion,Pokémon,Stage 2,ex10,163,34
hgss2-TWO,Alph Lithograph,Trainer,Item,hgss2,364,27
swsh12tg-TG06,Malamar,Pokémon,"Stage 1,Rapid Strike",swsh12tg,328,37
swshp-SWSH133,Lance's Charizard V,Pokémon,"Basic,V",swshp,37,38
dp1-22,Clefable,Pokémon,Stage 1,dp1,116,2
sm12-95,Oricorio-GX,Pokémon,"Basic,GX",sm12,207,10
xy8-79,Marowak BREAK,Pokémon,BREAK,xy8,76,15
hgss1-50,Qwilfish,Pokémon,Basic,hgss1,116,29
sm75-22,Totodile,Pokémon,Basic,sm75,372,21
dp6-52,Dragonair,Pokémon,Stage 1,dp6,38,29
sv9-80,Larvitar,Pokémon,Basic,sv9,31,21
sv5-166,Sawsbuck,Pokémon,Stage 1,sv5,97,7
pl4-26,Porygon-Z G,Pokémon,"Basic,SP",pl4,22,2
swsh11tg-TG14,Centiskorch V,Pokémon,"Basic,V",swsh11tg,128,16
swsh8-186,Klefki,Pokémon,Basic,swsh8,267,21
swsh6-152,Rugged Helmet,Trainer,Pokémon Tool,swsh6,60,29
ecard1-42,Cloyster,Pokémon,Stage 1,ecard1,271,2
swsh12-172,Reshiram V,Pokémon,"Basic,V",swsh12,275,28
bw1-21,Pansear,Pokémon,Basic,bw1,167,21
swsh12-85,Dedenne,Pokémon,Basic,swsh12,251,29
bw2-71,Ferroseed,Pokémon,Basic,bw2,267,21
sv10-16,Applin,Pokémon,Basic,sv10,63,21
sm9-15,Vulpix,Pokémon,Basic,sm9,116,21
g1-41,Machoke,Pokémon,Stage 1,g1,108,29
hgss4-28,Nidoqueen,Pokémon,Stage 2,hgss4,254,2
xy9-14,Emboar-EX,Pokémon,"Basic,EX",xy9,297,33
sv3pt5-124,Jynx ex,Pokémon,"Basic,ex",sv3pt5,281,14
sv8-14,Rabsca,Pokémon,Stage 1,sv8,,2
sv3pt5-162,Grabber,Trainer,Item,sv3pt5,100,29
pl1-25,Dustox,Pokémon,Stage 2,pl1,293,2
swsh10-83,Hisuian Decidueye V,Pokémon,"Basic,V",swsh10,317,16
neo2-60,Omanyte,Pokémon,Stage 1,neo2,43,21
col1-61,Magikarp,Pokémon,Basic,col1,108,21
neo3-33,Magcargo,Pokémon,Stage 1,neo3,257,29
ex2-11,Seviper,Pokémon,Basic,ex2,163,34
base4-20,Zapdos,Pokémon,Basic,base4,116,34
dc1-26,Team Aqua Grunt,Trainer,Supporter,dc1,373,29
swsh7-213,Lycanroc VMAX,Pokémon,VMAX,swsh7,108,20
sm35-3,Venusaur,Pokémon,Stage 2,sm35,297,29
swsh2-4,Scyther,Pokémon,Basic,swsh2,105,21
bw6-81,Registeel-EX,Pokémon,"Basic,EX",bw6,297,33
me1-54,Abra,Pokémon,Basic,me1,,21
sv4-2,Masquerain,Pokémon,Stage 1,sv4,91,29
sv7-22,Reshiram,Pokémon,Basic,sv7,,29
sv8-51,Quaxwell,Pokémon,Stage 1,sv8,,21
swsh10-109,Shieldon,Pokémon,Stage 1,swsh10,43,29
dp5-63,Eevee,Pokémon,Basic,dp5,162,21
dp4-94,Whismur,Pokémon,Basic,dp4,331,21
me2-74,Duraludon,Pokémon,Basic,me2,325,21
sv4-1,Surskit,Pokémon,Basic,sv4,170,21
sm10-66,Crobat,Pokémon,Stage 2,sm10,277,34
col1-75,Vulpix,Pokémon,Basic,col1,142,21
sv3pt5-125,Electabuzz,Pokémon,Basic,sv3pt5,81,21
sv4-160,Counter Catcher,Trainer,Item,sv4,334,29
sv1-151,Skwovet,Pokémon,Basic,sv1,12,21
sm12-219,Alolan Persian-GX,Pokémon,"Stage 1,GX",sm12,70,28
ex12-23,Omastar,Pokémon,Stage 2,ex12,108,2
sm8-154,Ditto ◇,Pokémon,"Basic,Prism Star",sm8,215,18
bw8-2,Grotle,Pokémon,Stage 1,bw8,125,29
ex4-82,Team Magma Conspirator,Trainer,Supporter,ex4,116,29
sv3-181,Lechonk,Pokémon,Basic,sv3,17,21
hgss1-41,Dunsparce,Pokémon,Basic,hgss1,116,29
sv9-72,Morgrem,Pokémon,Stage 1,sv9,14,21
sm10-221,Marshadow & Machamp-GX,Pokémon,"Basic,TAG TEAM,GX",sm10,76,20
xy2-105,Pokémon Center Lady,Trainer,Supporter,xy2,184,28
pl4-52,Bagon,Pokémon,Basic,pl4,284,21
sv4-99,Minior,Pokémon,Basic,sv4,371,29
sv8pt5-95,Binding Mochi,Trainer,Pokémon Tool,sv8pt5,,29
base4-86,Pidgey,Pokémon,Basic,base4,116,21
sv1-28,Capsakid,Pokémon,Basic,sv1,94,21
sv8-68,Kilowattrel ex,Pokémon,"Stage 1,ex",sv8,,14
dp7-57,Combee,Pokémon,Basic,dp7,189,21
ex2-49,Nuzleaf,Pokémon,Stage 1,ex2,116,29
pl1-99,Torchic,Pokémon,Basic,pl1,284,21
swsh6-104,Liepard V,Pokémon,"Basic,V",swsh6,281,16
bw5-45,Tynamo,Pokémon,Basic,bw5,340,21
ex4-53,Team Aqua's Electrike,Pokémon,Basic,ex4,345,21
sv6pt5-54,Academy at Night,Trainer,Stadium,sv6pt5,,29
sm35-12,Larvesta,Pokémon,Basic,sm35,73,21
base6-104,Scoop Up,Trainer,,base6,307,2
bw6-77,Skuntank,Pokémon,Stage 1,bw6,198,29
sm7-68,Deoxys,Pokémon,Basic,sm7,281,2
base2-15,Vileplume,Pokémon,Stage 2,base2,307,34
sv4pt5-17,Frigibax,Pokémon,Basic,sv4pt5,118,21
sm6-118,Unit Energy FightingDarknessFairy,Energy,Special,sm6,,29
sm1-114,Big Malasada,Trainer,Item,sm1,76,29
dp6-59,Lanturn,Pokémon,Stage 1,dp6,112,29
swsh12-10,Hisuian Lilligant,Pokémon,Stage 1,swsh12,108,2
hgss4-3,Celebi,Pokémon,Basic,hgss4,317,34
bw9-83,Dragonite,Pokémon,Stage 2,bw9,340,34
swsh3-86,Larvitar,Pokémon,Basic,swsh3,351,21
mcd22-3,Gossifleur,Pokémon,Basic,mcd22,71,13
ex15-71,Wooper δ,Pokémon,Basic,ex15,17,21
ex8-57,Corphish,Pokémon,Basic,ex8,331,21
sv4-243,Shauntal,Trainer,Supporter,sv4,339,32
xy3-85,Watchog,Pokémon,Stage 1,xy3,198,29
mcd21-6,Chespin,Pokémon,Basic,mcd21,76,13
dp4-63,Caterpie,Pokémon,Basic,dp4,198,21
swsh2-197,Dragapult VMAX,Pokémon,VMAX,swsh2,207,20
sv4-110,Zubat,Pokémon,Basic,sv4,125,21
sv4pt5-238,Nemona,Trainer,Supporter,sv4pt5,7,5
mcd22-2,Rowlet,Pokémon,Basic,mcd22,12,13
bw9-100,Frozen City,Trainer,"Stadium,Team Plasma",bw9,76,29
ex7-6,Dark Hypno,Pokémon,Stage 1,ex7,112,34
ex8-39,Masquerain,Pokémon,Stage 1,ex8,108,29
sv4pt5-13,Heat Rotom,Pokémon,Basic,sv4pt5,104,2
sv5-41,Feraligatr,Pokémon,Stage 2,sv5,376,2
sv9-23,Combusken,Pokémon,Stage 1,sv9,132,29
swsh8-250,Mew V,Pokémon,"Basic,V,Fusion Strike",swsh8,207,28
ex16-77,Great Ball,Trainer,Item,ex16,240,29
swsh12tg-TG25,Judge,Trainer,Supporter,swsh12tg,66,28
col1-44,Flareon,Pokémon,Stage 1,col1,73,29
sv9-52,Iono's Tadbulb,Pokémon,Basic,sv9,346,21
xy5-88,Hippowdon,Pokémon,Stage 1,xy5,284,34
bw3-74,Landorus,Pokémon,Basic,bw3,76,34
swsh5-69,Cubone,Pokémon,Basic,swsh5,273,21
sm35-72,Mewtwo-GX,Pokémon,"Basic,GX",sm35,76,28
ex1-108,Fire Energy,Energy,Basic,ex1,,21
bw7-126,Audino,Pokémon,Basic,bw7,108,2
bw8-24,Squirtle,Pokémon,Basic,bw8,292,21
swsh7-1,Pinsir,Pokémon,"Basic,Single Strike",swsh7,317,2
ex1-45,Slakoth,Pokémon,Basic,ex1,162,29
sm10-194,Reshiram & Charizard-GX,Pokémon,"Basic,TAG TEAM,GX",sm10,207,28
xy2-64,Floette,Pokémon,Stage 1,xy2,76,2
swsh6-119,Blissey V,Pokémon,"Basic,V",swsh6,115,16
swsh5-71,Gligar,Pokémon,Basic,swsh5,284,21
bw1-52,Venipede,Pokémon,Basic,bw1,117,21
sv10-49,Misty's Gyarados,Pokémon,Stage 1,sv10,376,2
ex9-24,Claydol,Pokémon,Stage 1,ex9,43,29
xy5-82,Trapinch,Pokémon,Basic,xy5,38,21
ex14-65,Torchic,Pokémon,Basic,ex14,34,21
sm4-43,Chimecho,Pokémon,Basic,sm4,194,21
dp5-81,Energy Restore,Trainer,Item,dp5,173,29
swsh6-39,Walrein,Pokémon,Stage 2,swsh6,105,2
base1-99,Grass Energy,Energy,Basic,base1,307,13
xy3-53,Trapinch,Pokémon,Basic,xy3,71,21
gym1-64,Blaine's Tauros,Pokémon,Basic,gym1,116,21
swsh12pt5-96,Zacian VSTAR,Pokémon,VSTAR,swsh12pt5,76,24
svp-74,Charizard ex,Pokémon,"Stage 2,Tera,ex",svp,76,38
sv9-139,Lechonk,Pokémon,Basic,sv9,140,21
bw1-88,Minccino,Pokémon,Basic,bw1,254,21
ex6-56,Caterpie,Pokémon,Basic,ex6,191,21
sm75-46,Zekrom,Pokémon,Basic,sm75,264,34
sv4-38,Garchomp ex,Pokémon,"Stage 2,Tera,ex",sv4,76,14
sv4-65,Galvantula,Pokémon,Stage 1,sv4,256,21
sv10-19,Team Rocket's Tarountula,Pokémon,Basic,sv10,323,21
swsh9-56,Mewtwo,Pokémon,Basic,swsh9,277,2
sm9-17,Ponyta,Pokémon,Basic,sm9,332,21
swsh7-81,Hitmonchan,Pokémon,"Basic,Single Strike",swsh7,146,21
sv5-97,Great Tusk,Pokémon,"Basic,Ancient",sv5,94,29
sv10-111,Cornerstone Mask Ogerpon,Pokémon,Basic,sv10,342,29
ex13-11,Latias δ,Pokémon,Basic,ex13,117,34
swsh12-99,Sandygast,Pokémon,Basic,swsh12,333,21
dp2-102,Spheal,Pokémon,Basic,dp2,125,21
xy11-100,Claw Fossil Anorith,Trainer,Item,xy11,334,29
swsh8-283,Grass Energy,Energy,Basic,swsh8,,27
swsh8-99,Heliolisk,Pokémon,Stage 1,swsh8,162,29
dp2-89,Magikarp,Pokémon,Basic,dp2,171,21
sm1-76,Alolan Rattata,Pokémon,Basic,sm1,112,21
ecard1-108,Ekans,Pokémon,Basic,ecard1,271,21
dp4-35,Combusken,Pokémon,Stage 1,dp4,284,29
swsh5-93,Murkrow,Pokémon,Basic,swsh5,308,21
pop7-3,Latias,Pokémon,Basic,pop7,335,2
sv9-185,N's Zoroark ex,Pokémon,"Stage 1,ex",sv9,184,5
sv4-123,Brute Bonnet,Pokémon,"Basic,Ancient",sv4,277,2
pl3-49,Altaria C,Pokémon,"Basic,SP",pl3,73,29
xy11-17,Rapidash,Pokémon,Stage 1,xy11,293,29
sm11-235,Misty's Favor,Trainer,Supporter,sm11,37,28
sv4-4,Pansage,Pokémon,Basic,sv4,245,21
pop3-11,Low Pressure System,Trainer,Stadium,pop3,176,29
mcd19-2,Alolan Exeggutor,Pokémon,Stage 1,mcd19,290,13
sv3-90,Spoink,Pokémon,Basic,sv3,376,21
sv7-114,Hoothoot,Pokémon,Basic,sv7,,21
swsh12-116,Morpeko,Pokémon,Basic,swsh12,214,29
bw1-15,Tepig,Pokémon,Basic,bw1,112,21
ecard1-121,Meowth,Pokémon,Basic,ecard1,372,21
ex4-8,Team Magma's Claydol,Pokémon,Stage 1,ex4,174,34
bw8-40,Cubchoo,Pokémon,Basic,bw8,267,21
hgss3-21,Skarmory,Pokémon,Basic,hgss3,198,2
swshp-SWSH070,Grookey,Pokémon,Basic,swshp,340,38
sv9-31,Volcanion ex,Pokémon,"Basic,ex",sv9,76,14
swsh45sv-SV077,Galarian Weezing,Pokémon,Stage 1,swsh45sv,112,9
smp-SM230,Charizard & Braixen-GX,Pokémon,"Basic,TAG TEAM,GX",smp,162,38
sv6pt5-39,Pecharunt ex,Pokémon,"Basic,ex",sv6pt5,,14
sm12-199,Misty & Lorelei,Trainer,"Supporter,TAG TEAM",sm12,184,29
xy5-126,Energy Retrieval,Trainer,Item,xy5,76,29
swshp-SWSH084,Eldegoss V,Pokémon,"Basic,V",swshp,76,38
sm8-5,Chikorita,Pokémon,Basic,sm8,308,21
pl1-91,Riolu,Pokémon,Basic,pl1,112,21
sv3pt5-133,Eevee,Pokémon,Basic,sv3pt5,304,21
bw6-112,Braviary,Pokémon,Stage 1,bw6,108,2
bw3-54,Elgyem,Pokémon,Basic,bw3,254,21
xy6-95,Wide Lens,Trainer,Pokémon Tool,xy6,334,29
basep-19,Sabrina's Abra,Pokémon,Basic,basep,191,38
sv6pt5-4,Dartrix,Pokémon,Stage 1,sv6pt5,,21
rsv10pt5-92,Sawsbuck,Pokémon,Stage 1,rsv10pt5,369,7
xy10-113,Ultra Ball,Trainer,Item,xy10,76,29
neo4-68,Growlithe,Pokémon,Basic,neo4,191,21
xy0-5,Chesnaught,Pokémon,Stage 2,xy0,76,13
swshp-SWSH162,Mewtwo V-UNION,Pokémon,V-UNION,swshp,305,38
neo1-56,Cyndaquil,Pokémon,Basic,neo1,116,21
sm8-117,Carbink,Pokémon,Basic,sm8,351,21
hgss1-59,Chikorita,Pokémon,Basic,hgss1,317,21
ex7-41,Dark Pupitar,Pokémon,Stage 1,ex7,283,29
sv10-129,Cynthia's Spiritomb,Pokémon,Basic,sv10,103,29
ex13-62,Corphish,Pokémon,Basic,ex13,108,21
dp7-10,Sceptile,Pokémon,Stage 2,dp7,38,34
sm1-60,Hypno,Pokémon,Stage 1,sm1,288,29
sm7-80,Regirock,Pokémon,Basic,sm7,281,2
sv8-82,Yamask,Pokémon,Basic,sv8,,21
zsv10pt5-145,Axew,Pokémon,Basic,zsv10pt5,231,7
ecard2-H18,Nidoking,Pokémon,Stage 2,ecard2,284,34
gym2-50,Koga's Weezing,Pokémon,Stage 1,gym2,116,29
sv4pt5-18,Pikachu,Pokémon,Basic,sv4pt5,140,21
smp-SM98,Pikachu,Pokémon,Basic,smp,332,38
pl1-36,Ninetales,Pokémon,Stage 1,pl1,38,2
xy12-59,Machamp,Pokémon,Stage 2,xy12,116,34
swsh3-40,Relicanth,Pokémon,Basic,swsh3,267,29
smp-SM120,Rockruff,Pokémon,Basic,smp,37,38
ex14-35,Ivysaur,Pokémon,Stage 1,ex14,294,29
dp7-34,Dusclops,Pokémon,Stage 1,dp7,293,29
swsh45-40,Trapinch,Pokémon,Basic,swsh45,267,21
sv8-159,Cyclizar ex,Pokémon,"Basic,Tera,ex",sv8,,14
swsh6-130,Avery,Trainer,Supporter,swsh6,116,29
xy5-66,Nidoran ♀,Pokémon,Basic,xy5,71,21
me1-180,Mega Absol ex,Pokémon,"Basic,MEGA,ex",me1,,5
sm35-57,Shining Arceus,Pokémon,Basic,sm35,112,36
sv8pt5-143,Tyme,Trainer,Supporter,sv8pt5,,32
bp-4,Rocket's Scizor,Pokémon,Basic,bp,265,38
swsh6-47,Mareep,Pokémon,Basic,swsh6,189,21
me1-66,Houndstone,Pokémon,Stage 1,me1,,29
swsh2-194,Cinderace VMAX,Pokémon,VMAX,swsh2,76,20
base6-89,Rattata,Pokémon,Basic,base6,108,21
swsh35-61,Potion,Trainer,Item,swsh35,232,21
sma-SV46,Leafeon-GX,Pokémon,"Stage 1,GX",sma,76,35
xy2-62,Flabébé,Pokémon,Basic,xy2,76,21
ex6-82,Squirtle,Pokémon,Basic,ex6,286,21
sv5-132,Chatot,Pokémon,Basic,sv5,248,21
sm3-65,Rhyhorn,Pokémon,Basic,sm3,58,21
xy9-60,Honedge,Pokémon,Basic,xy9,73,21
xy5-72,Tentacruel,Pokémon,Stage 1,xy5,167,2
ex2-80,Slakoth,Pokémon,Basic,ex2,116,21
pl1-54,Mightyena,Pokémon,Stage 1,pl1,112,29
sv4-255,Parasol Lady,Trainer,Supporter,sv4,339,5
bp-6,Dark Ivysaur,Pokémon,Stage 1,bp,257,38
svp-5,Quaquaval,Pokémon,Stage 2,svp,183,38
sm1-59,Drowzee,Pokémon,Basic,sm1,38,21
base4-111,Full Heal,Trainer,,base4,307,29
xy3-66,Scraggy,Pokémon,Basic,xy3,17,21
bw3-69,Mienfoo,Pokémon,Basic,bw3,167,21
rsv10pt5-43,Gothitelle,Pokémon,Stage 2,rsv10pt5,169,2
sm3-79,Passimian,Pokémon,Basic,sm3,112,2
xy5-26,Torchic,Pokémon,Basic,xy5,76,29
pl1-39,Torterra,Pokémon,Stage 2,pl1,162,2
xy8-132,Noibat,Pokémon,Basic,xy8,162,21
sv7-144,Ledian,Pokémon,Stage 1,sv7,,7
g1-16,Magmar,Pokémon,Basic,g1,37,21
swsh10-153,Sweet Honey,Trainer,Item,swsh10,80,29
swsh1-75,Boltund,Pokémon,Stage 1,swsh1,6,34
base6-77,Geodude,Pokémon,Basic,base6,162,21
dp7-35,Dusclops,Pokémon,Stage 1,dp7,125,29
swsh9-34,Snorunt,Pokémon,Basic,swsh9,12,21
swsh12tg-TG24,Gordie,Trainer,Supporter,swsh12tg,66,28
ex14-60,Seedot,Pokémon,Basic,ex14,293,21
sv5-106,Mightyena,Pokémon,Stage 1,sv5,120,21
sma-SV50,Ho-Oh-GX,Pokémon,"Basic,GX",sma,76,35
swsh9-18,Charizard VSTAR,Pokémon,VSTAR,swsh9,76,24
sv8pt5-30,Jolteon ex,Pokémon,"Stage 1,Tera,ex",sv8pt5,,14
sv7-34,Azumarill,Pokémon,Stage 1,sv7,,29
swsh45sv-SV078,Galarian Zigzagoon,Pokémon,Basic,swsh45sv,6,9
neo1-111,Water Energy,Energy,Basic,neo1,307,13
sv4pt5-20,Chinchou,Pokémon,Basic,sv4pt5,156,21
ecard1-44,Dugtrio,Pokémon,Stage 1,ecard1,30,2
bw9-74,Bisharp,Pokémon,"Stage 1,Team Plasma",bw9,76,29
swsh10-211,Choice Belt,Trainer,"Item,Pokémon Tool",swsh10,296,27
sv4-226,Hoopa ex,Pokémon,"Basic,Tera,ex",sv4,76,32
xy9-69,Gabite,Pokémon,Stage 1,xy9,198,29
swshp-SWSH092,Charmander,Pokémon,Basic,swshp,146,38
zsv10pt5-102,Simipour,Pokémon,Stage 1,zsv10pt5,170,7
g1-14,Ponyta,Pokémon,Basic,g1,17,21
sv6-43,Poliwrath,Pokémon,Stage 2,sv6,82,29
swsh12pt5-59,Mewtwo,Pokémon,Basic,swsh12pt5,233,34
sv6-111,Okidogi,Pokémon,Basic,sv6,224,2
pgo-28,Pikachu,Pokémon,Basic,pgo,304,34
neo1-59,Gligar,Pokémon,Basic,neo1,372,21
sm4-73,Xerneas,Pokémon,Basic,sm4,254,34
ecard3-31,Steelix,Pokémon,Stage 1,ecard3,136,2
base6-108,Bill,Trainer,,base6,116,21
pl4-65,Geodude,Pokémon,Basic,pl4,44,21
xy9-45,Luxio,Pokémon,Stage 1,xy9,351,29
me1-138,Vulpix,Pokémon,Basic,me1,,7
bwp-BW34,Luxio,Pokémon,Stage 1,bwp,292,38
sv4-147,Miltank,Pokémon,Basic,sv4,129,21
base1-13,Poliwrath,Pokémon,Stage 2,base1,116,34
sv1-257,Basic Lightning Energy,Energy,Basic,sv1,,1
dp3-102,Ralts,Pokémon,Basic,dp3,125,21
smp-SM06,Rockruff,Pokémon,Basic,smp,167,38
xy4-68,Swirlix,Pokémon,Basic,xy4,290,21
sm10-174,Giovanni's Exile,Trainer,Supporter,sm10,184,29
me2-92,Punk Helmet,Trainer,Pokémon Tool,me2,296,29
sv3pt5-82,Magneton,Pokémon,Stage 1,sv3pt5,43,29
dp4-5,Pachirisu,Pokémon,Basic,dp4,372,34
sm11-61,Joltik,Pokémon,Basic,sm11,198,21
sm9-121,Pidgey,Pokémon,Basic,sm9,90,21
base6-15,Machamp,Pokémon,Stage 2,base6,116,34
sm7-125,Beast Ball,Trainer,Item,sm7,232,29
xyp-XY49,Regirock,Pokémon,Basic,xyp,112,38
pop3-2,Flareon,Pokémon,Stage 1,pop3,117,2
sv8-19,Ho-Oh,Pokémon,Basic,sv8,,29
sv5-199,Eri,Trainer,Supporter,sv5,376,32
sv2-22,Bramblin,Pokémon,Basic,sv2,187,21
swsh45sv-SV109,Centiskorch VMAX,Pokémon,VMAX,swsh45sv,76,25
xy10-90,Alakazam Spirit Link,Trainer,Pokémon Tool,xy10,76,29
ex6-116,Zapdos ex,Pokémon,"Basic,ex",ex6,232,27
sm11-36,Lapras,Pokémon,Basic,sm11,162,29
ex1-3,Blaziken,Pokémon,Stage 2,ex1,112,34
xyp-XY187,Celebi,Pokémon,Basic,xyp,17,38
sm2-119,Aqua Patch,Trainer,Item,sm2,334,29
swshp-SWSH109,Tyranitar V,Pokémon,"Basic,V,Single Strike",swshp,70,38
swsh11-195,Thorton,Trainer,Supporter,swsh11,37,28
sv10-144,Steven's Metang,Pokémon,Stage 1,sv10,277,29
gym1-25,Erika's Clefairy,Pokémon,Basic,gym1,116,2
xy10-22,Binacle,Pokémon,Basic,xy10,17,21
pl1-28,Giratina,Pokémon,Basic,pl1,203,2
sv8-40,Mantine,Pokémon,Basic,sv8,,21
dp6-100,Hitmonlee,Pokémon,Basic,dp6,108,21
bw8-47,Magnezone,Pokémon,Stage 2,bw8,167,2
hgss1-60,Clefairy,Pokémon,Basic,hgss1,117,21
base1-60,Ponyta,Pokémon,Basic,base1,116,21
me1-115,Energy Switch,Trainer,Item,me1,,21
ex5-56,Chinchou,Pokémon,Basic,ex5,308,21
base4-1,Alakazam,Pokémon,Stage 2,base4,116,34
sm7-52,Manectric,Pokémon,Stage 1,sm7,351,2
sm10-43,Slowbro,Pokémon,Stage 1,sm10,116,34
xy10-54,Zygarde-EX,Pokémon,"Basic,EX",xy10,76,33
g1-RC27,Wally,Trainer,Supporter,g1,184,29
swsh45sv-SV046,Arctozolt,Pokémon,Stage 1,swsh45sv,214,9
smp-SM37,Decidueye-GX,Pokémon,"Stage 2,GX",smp,76,38
ex2-79,Skitty,Pokémon,Basic,ex2,162,21
pl2-85,Turtwig GL,Pokémon,"Basic,SP",pl2,194,21
swsh2-78,Galarian Corsola,Pokémon,Basic,swsh2,108,21
swsh7-86,Roggenrola,Pokémon,Basic,swsh7,17,21
sv6pt5-67,Horsea,Pokémon,Basic,sv6pt5,,7
ex13-38,Claydol,Pokémon,Stage 1,ex13,162,29
bw7-125,Unfezant,Pokémon,Stage 2,bw7,163,2
zsv10pt5-146,Fraxure,Pokémon,Stage 1,zsv10pt5,128,7
ex4-51,Team Aqua's Corphish,Pokémon,Basic,ex4,241,21
swsh10-94,Hisuian Sneasler V,Pokémon,"Basic,V",swsh10,76,16
sv3pt5-198,Venusaur ex,Pokémon,"Stage 2,ex",sv3pt5,170,5
swsh5-15,Lurantis,Pokémon,Stage 1,swsh5,277,2
swsh12-156,Forest Seal Stone,Trainer,"Item,Pokémon Tool",swsh12,26,34
swsh35-19,Hattrem,Pokémon,Stage 1,swsh35,75,29
zsv10pt5-9,Karrablast,Pokémon,Basic,zsv10pt5,260,21
sv6-24,Teal Mask Ogerpon,Pokémon,Basic,sv6,351,2
sm3-40,Pikachu,Pokémon,Basic,sm3,332,21
swsh6-128,Greedent,Pokémon,Stage 1,swsh6,12,34
sm7-87,Tyranitar,Pokémon,Stage 2,sm7,372,34
ex4-72,Dual Ball,Trainer,Item,ex4,341,29
swsh10-144,Grant,Trainer,Supporter,swsh10,37,29
sm115-46,Chansey,Pokémon,Basic,sm115,129,29
bw7-77,Meloetta,Pokémon,Basic,bw7,76,34
sv10-179,Team Rocket's Venture Bomb,Trainer,Item,sv10,334,29
swsh1-88,Musharna,Pokémon,Stage 1,swsh1,267,2
bw7-104,Rattata,Pokémon,Basic,bw7,293,21
sma-SV32,Celesteela,Pokémon,"Basic,Ultra Beast",sma,112,9
ex13-65,Exeggcute δ,Pokémon,Basic,ex13,191,21
swsh10-99,Darkrai VSTAR,Pokémon,VSTAR,swsh10,76,24
sv10-202,Team Rocket's Raticate,Pokémon,Stage 1,sv10,139,7
sv8-218,Black Kyurem ex,Pokémon,"Basic,ex",sv8,,32
base6-37,Charmeleon,Pokémon,Stage 1,base6,108,29
xy4-72,Deino,Pokémon,Basic,xy4,90,21
dp3-129,Darkness Energy,Energy,Special,dp3,50,29
xy7-61,Meowth,Pokémon,Basic,xy7,194,21
hgss1-83,Spinarak,Pokémon,Basic,hgss1,116,21
sm11-213,Weakness Guard Energy,Energy,Special,sm11,,29
hgss2-25,Torkoal,Pokémon,Basic,hgss2,299,2
det1-7,Psyduck,Pokémon,Basic,det1,220,21
base5-27,Dark Machamp,Pokémon,Stage 2,base5,108,2
ex8-3,Breloom,Pokémon,Stage 1,ex8,163,34
sv10-2,Yanma,Pokémon,Basic,sv10,195,21
dp2-94,Pikachu,Pokémon,Basic,dp2,125,21
rsv10pt5-21,Oshawott,Pokémon,Basic,rsv10pt5,118,21
swsh5-101,Bronzor,Pokémon,Basic,swsh5,71,21
sv10-51,Team Rocket's Articuno,Pokémon,Basic,sv10,108,2
base2-59,Paras,Pokémon,Basic,base2,116,21
sm3-48,Slowking,Pokémon,Stage 1,sm3,377,2
swsh4-192,Allister,Trainer,Supporter,swsh4,351,20
swsh1-4,Roserade,Pokémon,Stage 1,swsh1,24,2
ex3-1,Absol,Pokémon,Basic,ex3,284,34
swsh4-21,Orbeetle VMAX,Pokémon,VMAX,swsh4,76,25
pl2-72,Nidoran ♂,Pokémon,Basic,pl2,116,21
dp1-10,Mismagius,Pokémon,Stage 1,dp1,291,34
cel25-18,Zamazenta V,Pokémon,"Basic,V",cel25,108,16
swsh12-55,Stunfisk,Pokémon,Basic,swsh12,325,21
bw4-45,Luxio,Pokémon,Stage 1,bw4,292,29
sm115-14,Starmie-GX,Pokémon,"Stage 1,GX",sm115,218,10
xy9-77,M Scizor-EX,Pokémon,"MEGA,EX",xy9,76,33
me1-48,Raikou,Pokémon,Basic,me1,,2
bw2-66,Zorua,Pokémon,Basic,bw2,317,29
ex3-9,Roselia,Pokémon,Basic,ex3,191,34
ex6-46,Poliwhirl,Pokémon,Stage 1,ex6,116,29
swsh12pt5-67,Enamorus,Pokémon,Basic,swsh12pt5,211,2
xy11-46,Drifloon,Pokémon,Basic,xy11,183,21
xy12-70,Chansey,Pokémon,Basic,xy12,116,34
bw7-139,Crystal Wall,Trainer,"Pokémon Tool,ACE SPEC",bw7,76,30
bw4-57,Gardevoir,Pokémon,Stage 2,bw4,71,34
swshp-SWSH060,Duraludon,Pokémon,Basic,swshp,326,38
swsh4-81,Alcremie,Pokémon,Stage 1,swsh4,162,2
sv6pt5-73,Fezandipiti,Pokémon,Basic,sv6pt5,,7
xy4-103,Roller Skates,Trainer,Item,xy4,76,29
basep-36,Igglybuff,Pokémon,Baby,basep,162,38
ex10-N,Unown,Pokémon,Basic,ex10,240,2
base4-16,Raichu,Pokémon,Stage 1,base4,116,34
sv10-115,Team Rocket's Nidorina,Pokémon,Stage 1,sv10,237,21
col1-93,Fighting Energy,Energy,Basic,col1,,21
swsh10-75,Regirock,Pokémon,Basic,swsh10,224,2
sv4-101,Nacli,Pokémon,Basic,sv4,71,21
swsh1-98,Rhydon,Pokémon,Stage 1,swsh1,105,29
swsh5-111,Spearow,Pokémon,Basic,swsh5,333,21
sm10-155,Porygon,Pokémon,Basic,sm10,38,21
swsh9-61,Dusclops,Pokémon,Stage 1,swsh9,58,29
base4-118,Bill,Trainer,,base4,116,21
neo3-31,Jynx,Pokémon,Basic,neo3,17,29
sv6-19,Iron Leaves,Pokémon,"Basic,Future",sv6,108,2
xyp-XY15,Slurpuff,Pokémon,Stage 1,xyp,162,38
sm11-22,Magmortar,Pokémon,Stage 1,sm11,105,2
base4-25,Electrode,Pokémon,Stage 1,base4,307,2
swsh12pt5gg-GG28,Duskull,Pokémon,Basic,swsh12pt5gg,112,37
smp-SM19,Oricorio,Pokémon,Basic,smp,142,38
pop5-7,Rare Candy,Trainer,Item,pop5,232,29
hgss3-58,Murkrow,Pokémon,Basic,hgss3,73,21
swsh8-111,Wigglytuff,Pokémon,Stage 1,swsh8,165,29
sv5-196,Raging Bolt ex,Pokémon,"Basic,ex,Ancient",sv5,207,32
sm3-147,Wicke,Trainer,Supporter,sm3,292,28
sv8pt5-59,Umbreon,Pokémon,Stage 1,sv8pt5,,2
bw10-42,Solosis,Pokémon,Basic,bw10,198,21
bw2-59,Sawk,Pokémon,Basic,bw2,112,29
xy8-73,Elgyem,Pokémon,Basic,xy8,308,21
swshp-SWSH008,Galarian Perrserker,Pokémon,Stage 1,swshp,340,38
sv3pt5-181,Dragonair,Pokémon,Stage 1,sv3pt5,118,7
swsh10-35,Barboach,Pokémon,Basic,swsh10,71,21
sm4-90,Silvally-GX,Pokémon,"Stage 1,GX",sm4,76,10
sm7-160,Rayquaza-GX,Pokémon,"Basic,GX",sm7,76,28
sv3-111,Drilbur,Pokémon,Basic,sv3,129,21
sm8-177,Fairy Charm Dragon,Trainer,Pokémon Tool,sm8,334,29
sv6-22,Sinistcha,Pokémon,Stage 1,sv6,112,2
swsh12pt5-153,Fire Energy,Energy,Basic,swsh12pt5,,28
xy1-128,Super Potion,Trainer,Item,xy1,76,29
gym2-55,Sabrina's Haunter,Pokémon,Stage 1,gym2,116,29
ex7-81,Wooper,Pokémon,Basic,ex7,112,21
sv9-169,Noibat,Pokémon,Basic,sv9,129,7
sv1-81,Miraidon ex,Pokémon,"Basic,ex",sv1,76,14
ex10-Q,Unown,Pokémon,Basic,ex10,240,2
dp2-56,Nidorina,Pokémon,Stage 1,dp2,191,29
sm10-51,Froakie,Pokémon,Basic,sm10,271,21
swsh8-161,Galarian Obstagoon,Pokémon,Stage 2,swsh8,183,34
sm12-191,Erika,Trainer,Supporter,sm12,184,29
pl1-30,Gyarados G,Pokémon,"Basic,SP",pl1,79,2
bw10-62,Bagon,Pokémon,Basic,bw10,112,21
rsv10pt5-156,Stoutland,Pokémon,Stage 2,rsv10pt5,181,7
dp1-3,Electivire,Pokémon,Stage 1,dp1,240,34
sv9-36,Lombre,Pokémon,Stage 1,sv9,169,21
sv9-182,Volcanion ex,Pokémon,"Basic,ex",sv9,120,5
swsh5-166,Tapu Koko VMAX,Pokémon,VMAX,swsh5,70,20
sv3-114,Crabrawler,Pokémon,Basic,sv3,368,21
swsh5-11,Scatterbug,Pokémon,Basic,swsh5,198,21
base4-12,Nidoqueen,Pokémon,Stage 2,base4,116,34
swsh7-70,Golurk V,Pokémon,"Basic,V,Single Strike",swsh7,297,16
swsh5-68,Onix,Pokémon,Basic,swsh5,284,21
sv1-103,Espathra,Pokémon,Stage 1,sv1,75,29
sm8-192,Wait and See Hammer,Trainer,Item,sm8,355,29
sm1-39,Popplio,Pokémon,Basic,sm1,112,21
sv6-97,Sandshrew,Pokémon,Basic,sv6,63,21
swsh1-209,Professor's Research (Professor Magnolia),Trainer,Supporter,swsh1,171,20
ex10-12,Porygon2,Pokémon,Stage 1,ex10,162,34
swsh8-229,Cram-o-matic,Trainer,Item,swsh8,232,29
swsh10-105,Magnemite,Pokémon,Basic,swsh10,108,21
xy11-8,Yanmega BREAK,Pokémon,BREAK,xy11,76,15
sm11-231,Blue's Tactics,Trainer,Supporter,sm11,292,28
neo2-54,Dunsparce,Pokémon,Basic,neo2,293,21
pl2-24,Heracross E4,Pokémon,"Basic,SP",pl2,112,2
me1-125,Rare Candy,Trainer,Item,me1,,21
sma-SV1,Scyther,Pokémon,Basic,sma,90,9
sv10-141,Skarmory,Pokémon,Basic,sv10,317,21
swsh10-23,Cyndaquil,Pokémon,Basic,swsh10,254,21
bw1-43,Zebstrika,Pokémon,Stage 1,bw1,117,2
sv5-44,Keldeo,Pokémon,Basic,sv5,103,29
ex5-101,Wigglytuff ex,Pokémon,"Stage 1,ex",ex5,232,33
sv7-91,Gulpin,Pokémon,Basic,sv7,,21
ex1-5,Delcatty,Pokémon,Stage 1,ex1,191,34
bw6-29,Spheal,Pokémon,Basic,bw6,108,21
bw3-15,Victini,Pokémon,Basic,bw3,292,34
bw6-80,Aggron,Pokémon,Stage 2,bw6,117,34
sm1-78,Alolan Meowth,Pokémon,Basic,sm1,162,21
xy5-13,Surskit,Pokémon,Basic,xy5,125,21
xyp-XY31,Xerneas,Pokémon,Basic,xyp,112,38
mcd11-12,Audino,Pokémon,Basic,mcd11,267,13
pl4-12,Zapdos G,Pokémon,"Basic,SP",pl4,276,34
swsh5-56,Grumpig,Pokémon,Stage 1,swsh5,17,29
sm10-40,Tentacool,Pokémon,Basic,sm10,317,21
ecard1-149,Professor Oak's Research,Trainer,Supporter,ecard1,116,29
bwp-BW36,Reshiram-EX,Pokémon,"Basic,EX",bwp,298,38
base5-51,Dark Raticate,Pokémon,Stage 1,base5,257,21
sv2-71,Luxray,Pokémon,Stage 2,sv2,8,2
gym2-69,Erika's Jigglypuff,Pokémon,Basic,gym2,116,21
dp4-58,Wailmer,Pokémon,Basic,dp4,270,29
dp5-5,Glaceon,Pokémon,Stage 1,dp5,191,34
bw4-28,Panpour,Pokémon,Basic,bw4,161,21
bw8-44,Magneton,Pokémon,Stage 1,bw8,267,29
sv6-75,Wattrel,Pokémon,Basic,sv6,151,21
ecard1-51,Machamp,Pokémon,Stage 2,ecard1,257,2
swsh7-98,Scraggy,Pokémon,Basic,swsh7,317,21
bw4-18,Litwick,Pokémon,Basic,bw4,194,21
me1-22,Mega Camerupt ex,Pokémon,"Stage 1,MEGA,ex",me1,,14
sv3-169,Swablu,Pokémon,Basic,sv3,145,21
dp1-86,Machop,Pokémon,Basic,dp1,191,21
sm7-115,Slaking,Pokémon,Stage 2,sm7,116,34
dp3-127,Potion,Trainer,Item,dp3,176,21
xy1-55,Trevenant,Pokémon,Stage 1,xy1,76,34
base6-35,Rhydon,Pokémon,Stage 1,base6,162,2
swsh7-160,Spirit Mask,Trainer,"Item,Pokémon Tool",swsh7,26,29
ex14-90,Blaziken ex,Pokémon,"Stage 2,ex",ex14,108,33
hgss1-101,Professor Oak's New Theory,Trainer,Supporter,hgss1,116,29
ex8-41,Minun,Pokémon,Basic,ex8,163,29
sv8pt5-81,Miltank,Pokémon,Basic,sv8pt5,,21
sv3pt5-143,Snorlax,Pokémon,Basic,sv3pt5,12,29
dc1-34,Double Magma Energy,Energy,Special,dc1,76,29
base3-61,Recycle,Trainer,,base3,307,21
sv6pt5-45,Fraxure,Pokémon,Stage 1,sv6pt5,,21
sv10-155,Team Rocket's Porygon-Z,Pokémon,Stage 2,sv10,277,29
swsh12-49,Pikachu,Pokémon,Basic,swsh12,224,21
sv1-9,Spewpa,Pokémon,Stage 1,sv1,162,21
sm4-49,Nihilego-GX,Pokémon,"Basic,GX,Ultra Beast",sm4,76,10
ex12-7,Kabutops,Pokémon,Stage 2,ex12,108,34
swsh2-99,Barboach,Pokémon,Basic,swsh2,191,21
xy3-101,Tool Retriever,Trainer,Item,xy3,334,29
dp1-43,Budew,Pokémon,Basic,dp1,116,29
me2-6,Lombre,Pokémon,Stage 1,me2,90,21
pop3-9,Forretress,Pokémon,Stage 1,pop3,198,29
sm8-204,Genesect-GX,Pokémon,"Basic,GX",sm8,355,28
gym1-54,Misty's Psyduck,Pokémon,Basic,gym1,191,29
dp2-87,Larvitar,Pokémon,Basic,dp2,117,21
sm11-257,Recycle Energy,Energy,Special,sm11,,27
sm11-226,Mega Sableye & Tyranitar-GX,Pokémon,"Basic,TAG TEAM,GX",sm11,24,28
sv1-127,Muk,Pokémon,Stage 1,sv1,287,29
bw6-16,Maractus,Pokémon,Basic,bw6,254,29
sv5-156,Perilous Jungle,Trainer,Stadium,sv5,26,29
bw2-1,Pansage,Pokémon,Basic,bw2,112,21
sv8pt5-178,Walking Wake ex,Pokémon,"Basic,ex,Ancient",sv8pt5,,1
sm11-56,Pikachu,Pokémon,Basic,sm11,6,21
sv3-161,Drampa,Pokémon,Basic,sv3,134,29
sm7-70,Lunala,Pokémon,Stage 2,sm7,76,34
ex12-44,Tangela,Pokémon,Basic,ex12,308,29
swsh12pt5-13,Leafeon V,Pokémon,"Basic,V",swsh12pt5,336,16
bw7-45,Jellicent,Pokémon,Stage 1,bw7,112,2
hgss3-12,Drifblim,Pokémon,Stage 1,hgss3,162,2
hgss2-44,Beldum,Pokémon,Basic,hgss2,374,21
xyp-XY151,Zygarde-EX,Pokémon,"Basic,EX",xyp,297,38
sm8-217,Virizion-GX,Pokémon,"Basic,GX",sm8,76,20
sv9-183,Iono's Bellibolt ex,Pokémon,"Stage 1,ex",sv9,55,5
swshp-SWSH076,Zacian V,Pokémon,"Basic,V",swshp,76,38
xy10-87,Minccino,Pokémon,Basic,xy10,71,21
sm9-140,Erika's Hospitality,Trainer,Supporter,sm9,351,34
sm12-248,Stoutland,Pokémon,Stage 2,sm12,71,27
swsh4-64,Clefable,Pokémon,Stage 1,swsh4,332,2
swshp-SWSH013,Galarian Ponyta,Pokémon,Basic,swshp,215,38
sv4-64,Joltik,Pokémon,Basic,sv4,309,21
smp-SM28,Vikavolt,Pokémon,Stage 2,smp,317,38
hgss1-16,Butterfree,Pokémon,Stage 2,hgss1,17,2
swsh1-160,Energy Retrieval,Trainer,Item,swsh1,232,29
sm9-41,Mareep,Pokémon,Basic,sm9,340,21
xy3-31,Plusle,Pokémon,Basic,xy3,340,21
me2-27,Piplup,Pokémon,Basic,me2,37,21
sm5-36,Floatzel,Pokémon,Stage 1,sm5,284,29
xy12-107,Brock's Grit,Trainer,Supporter,xy12,75,28
swsh1-42,Krabby,Pokémon,Basic,swsh1,242,21
swsh10-206,Roxanne,Trainer,Supporter,swsh10,351,20
xy7-78,Lysandre,Trainer,Supporter,xy7,116,29
hgss3-13,Forretress,Pokémon,Stage 1,hgss3,162,2
xy8-160,M Mewtwo-EX,Pokémon,"MEGA,EX",xy8,76,28
sm10-36,Poliwag,Pokémon,Basic,sm10,198,21
ex1-34,Kirlia,Pokémon,Stage 1,ex1,116,29
xy4-67,Florges-EX,Pokémon,"Basic,EX",xy4,297,33
zsv10pt5-117,Musharna,Pokémon,Stage 1,zsv10pt5,71,7
sv8pt5-61,Sneasel,Pokémon,Basic,sv8pt5,,21
sv10-105,Hippopotas,Pokémon,Basic,sv10,234,21
dp6-33,Lopunny,Pokémon,Stage 1,dp6,112,2
swsh12pt5gg-GG52,Hisuian Samurott VSTAR,Pokémon,VSTAR,swsh12pt5gg,322,24
bw6-43,Manectric,Pokémon,Stage 1,bw6,284,2
ecard2-139,Power Plant,Trainer,Stadium,ecard2,164,29
sv4-115,Liepard,Pokémon,Stage 1,sv4,51,21
swsh5-83,Falinks,Pokémon,"Basic,Rapid Strike",swsh5,264,2
sm115-51,Bill's Analysis,Trainer,Supporter,sm115,292,2
pop1-6,Beautifly,Pokémon,Stage 2,pop1,116,29
swsh45sv-SV005,Thwackey,Pokémon,Stage 1,swsh45sv,223,9
xy3-54,Lucario-EX,Pokémon,"Basic,EX",xy3,297,33
ru1-1,Venusaur,Pokémon,Stage 2,ru1,20,13
swsh5-72,Gliscor,Pokémon,Stage 1,swsh5,242,29
bw7-7,Scyther,Pokémon,Basic,bw7,73,21
ex6-61,Diglett,Pokémon,Basic,ex6,163,21
sm7-126,Bill's Maintenance,Trainer,Supporter,sm7,116,29
base5-45,Dark Vaporeon,Pokémon,Stage 1,base5,108,29
base3-15,Zapdos,Pokémon,Basic,base3,108,34
swsh9-35,Piplup,Pokémon,Basic,swsh9,233,21
swsh8-216,Hawlucha,Pokémon,"Basic,Rapid Strike",swsh8,256,29
ecard2-40,Tyranitar,Pokémon,Stage 2,ecard2,284,2
swsh4-154,Leon,Trainer,Supporter,swsh4,116,34
sv10-61,Wash Rotom,Pokémon,Basic,sv10,58,21
swsh45sv-SV065,Galarian Yamask,Pokémon,Basic,swsh45sv,129,9
swsh45-28,Cramorant,Pokémon,Basic,swsh45,12,29
gym2-88,Misty's Magikarp,Pokémon,Basic,gym2,116,21
sv3pt5-126,Magmar,Pokémon,Basic,sv3pt5,286,21
pop3-4,Minun,Pokémon,Basic,pop3,125,2
swsh9-31,Lapras,Pokémon,Basic,swsh9,151,2
bw9-93,Miltank,Pokémon,Basic,bw9,267,29
swsh12pt5gg-GG17,Thievul,Pokémon,Stage 1,swsh12pt5gg,81,37
pl1-5,Dialga,Pokémon,Basic,pl1,108,34
swsh8-276,Schoolboy,Trainer,Supporter,swsh8,37,20
bw4-58,Munna,Pokémon,Basic,bw4,108,21
swsh2-74,Clefairy,Pokémon,Basic,swsh2,129,21
sv3pt5-89,Muk,Pokémon,Stage 1,sv3pt5,82,29
base3-41,Sandslash,Pokémon,Stage 1,base3,116,29
swsh4-107,Sandile,Pokémon,Basic,swsh4,187,21
gym1-39,Brock's Golbat,Pokémon,Stage 1,gym1,116,29
ex9-67,Swablu,Pokémon,Basic,ex9,163,21
sm2-117,Altar of the Moone,Trainer,Stadium,sm2,76,29
swsh7-55,Flaaffy,Pokémon,Stage 1,swsh7,140,29
xy4-93,Dimension Valley,Trainer,Stadium,xy4,232,29
xy9-41,Greninja BREAK,Pokémon,BREAK,xy9,76,15
swsh10-71,Hisuian Arcanine,Pokémon,Stage 1,swsh10,162,2
xy6-26,Thundurus-EX,Pokémon,"Basic,EX",xy6,297,33
swsh12-33,Alolan Vulpix V,Pokémon,"Basic,V",swsh12,196,16
col1-81,Lost World,Trainer,Stadium,col1,299,29
swsh12-63,Misdreavus,Pokémon,Basic,swsh12,12,21
dp2-71,Aron,Pokémon,Basic,dp2,43,21
swsh8-65,Clamperl,Pokémon,"Basic,Fusion Strike",swsh8,277,21
dpp-DP43,Probopass G,Pokémon,"Basic,SP",dpp,276,38
bw2-72,Ferrothorn,Pokémon,Stage 1,bw2,317,2
sv9-45,Alolan Graveler,Pokémon,Stage 1,sv9,12,21
bw5-109,Gardevoir,Pokémon,Stage 2,bw5,76,27
swshp-SWSH001,Grookey,Pokémon,Basic,swshp,215,38
sv3pt5-116,Horsea,Pokémon,Basic,sv3pt5,7,21
bw2-55,Drilbur,Pokémon,Basic,bw2,198,21
swsh5-147,Tapu Koko V,Pokémon,"Basic,V",swsh5,297,28
dc1-33,Double Aqua Energy,Energy,Special,dc1,76,29
xy2-66,Florges,Pokémon,Stage 2,xy2,76,34
swsh12pt5gg-GG22,Ditto,Pokémon,Basic,swsh12pt5gg,189,37
ex16-42,Aron,Pokémon,Basic,ex16,17,21
hgss4-27,Magmortar,Pokémon,Stage 1,hgss4,117,2
xy5-130,Gardevoir Spirit Link,Trainer,Pokémon Tool,xy5,76,29
pl3-3,Drifblim FB,Pokémon,"Basic,SP",pl3,14,34
swsh12pt5-25,Volcarona,Pokémon,Stage 1,swsh12pt5,128,2
xy9-68,Gible,Pokémon,Basic,xy9,284,21
mcd22-1,Ledyba,Pokémon,Basic,mcd22,284,13
xy6-74,Altaria,Pokémon,Stage 1,xy6,292,2
sm10-73,Koffing,Pokémon,Basic,sm10,71,21
xy3-35,Drowzee,Pokémon,Basic,xy3,125,21
hgss4-32,Dragonair,Pokémon,Stage 1,hgss4,108,29
swsh12pt5-39,Shinx,Pokémon,"Basic,Rapid Strike",swsh12pt5,40,21
sm8-158,Miltank,Pokémon,Basic,sm8,292,2
ex11-68,Eevee δ,Pokémon,Basic,ex11,108,21
zsv10pt5-74,Audino,Pokémon,Basic,zsv10pt5,332,21
sm10-176,Janine,Trainer,Supporter,sm10,116,29
bwp-BW004,Reshiram,Pokémon,Basic,bwp,76,38
sv6-5,Ariados,Pokémon,Stage 1,sv6,277,29
sm12-60,Swanna,Pokémon,Stage 1,sm12,293,2
sv5-209,Bianca's Devotion,Trainer,Supporter,sv5,365,5
ex9-96,Milotic ex,Pokémon,"Stage 1,ex",ex9,232,33
ex1-68,Ralts,Pokémon,Basic,ex1,162,21
mcd21-4,Turtwig,Pokémon,Basic,mcd21,288,13
swsh12pt5-90,Metang,Pokémon,Stage 1,swsh12pt5,82,29
me1-23,Litleo,Pokémon,Basic,me1,,21
base5-77,Nightly Garbage Run,Trainer,Rocket's Secret Machine,base5,125,29
hgss4-6,Nidoking,Pokémon,Stage 2,hgss4,167,34
hgss3-6,Magcargo,Pokémon,Stage 1,hgss3,43,34
sv9-76,Cubone,Pokémon,Basic,sv9,109,21
ecard2-43,Vileplume,Pokémon,Stage 2,ecard2,271,2
swsh9-70,Milcery,Pokémon,Basic,swsh9,6,21
bw5-79,Bisharp,Pokémon,Stage 1,bw5,292,2
ecard2-60,Skiploom,Pokémon,Stage 1,ecard2,43,29
ex3-38,Ninjask,Pokémon,Stage 1,ex3,286,29
sm8-216,Sceptile-GX,Pokémon,"Stage 2,GX",sm8,355,20
xyp-XY67,Jirachi,Pokémon,Basic,xyp,254,38
pl3-89,Baltoy,Pokémon,Basic,pl3,117,21
sm7-99,Solgaleo,Pokémon,Stage 2,sm7,76,34
sm5-38,Abomasnow,Pokémon,Stage 1,sm5,117,2
sm8-210,Kahili,Trainer,Supporter,sm8,184,28
sm9-31,Lapras,Pokémon,Basic,sm9,116,2
bw8-41,Beartic,Pokémon,"Stage 1,Team Plasma",bw8,76,2
swsh6-190,Doctor,Trainer,Supporter,swsh6,351,28
sv5-89,Rockruff,Pokémon,Basic,sv5,254,21
g1-63,Imakuni?,Trainer,Supporter,g1,,29
swsh45sv-SV052,Sinistea,Pokémon,Basic,swsh45sv,267,9
swsh12pt5gg-GG12,Deoxys,Pokémon,"Basic,Fusion Strike,Single Strike,Rapid Strike",swsh12pt5gg,104,37
gym2-60,Blaine's Charmander,Pokémon,Basic,gym2,116,21
swsh7-205,Leafeon VMAX,Pokémon,VMAX,swsh7,12,20
bp-1,Electabuzz,Pokémon,Basic,bp,116,38
xy2-103,Kangaskhan-EX,Pokémon,"Basic,EX",xy2,232,28
rsv10pt5-170,Bouffalant ex,Pokémon,"Basic,ex",rsv10pt5,190,5
svp-145,Raging Bolt ex,Pokémon,"Basic,ex,Ancient",svp,336,38
swsh35-74,Charizard VMAX,Pokémon,VMAX,swsh35,207,20
zsv10pt5-119,Duosion,Pokémon,Stage 1,zsv10pt5,309,7
xyp-XY65,Latios,Pokémon,Basic,xyp,117,38
xy11-73,Klinklang,Pokémon,Stage 2,xy11,198,34
sm75-50,Turtonator,Pokémon,Basic,sm75,125,29
dp5-38,Kangaskhan,Pokémon,Basic,dp5,191,29
me2-72,Bronzong,Pokémon,Stage 1,me2,316,29
zsv10pt5-155,Braviary,Pokémon,Stage 1,zsv10pt5,85,7
sm6-61,Gabite,Pokémon,Stage 1,sm6,125,29
bw5-77,Klinklang,Pokémon,Stage 2,bw5,163,34
gym1-67,Brock's Mankey,Pokémon,Basic,gym1,191,21
smp-SM197,Greninja-GX,Pokémon,"Stage 2,GX",smp,213,38
bw7-88,Mienshao,Pokémon,Stage 1,bw7,162,29
dp2-109,Bebe's Search,Trainer,Supporter,dp2,116,29
sv6-51,Snorunt,Pokémon,Basic,sv6,139,21
xy8-161,Brigette,Trainer,Supporter,xy8,184,28
xy12-24,Poliwhirl,Pokémon,Stage 1,xy12,116,29
g1-RC7,Snorunt,Pokémon,Basic,g1,267,21
sv5-82,Meditite,Pokémon,Basic,sv5,175,21
sv8-247,Pikachu ex,Pokémon,"Basic,Tera,ex",sv8,,1
sv6-196,Iron Thorns ex,Pokémon,"Basic,ex,Future",sv6,336,32
swsh12pt5-139,Potion,Trainer,Item,swsh12pt5,232,21
sv7-71,Iron Boulder,Pokémon,"Basic,Future",sv7,,2
smp-SM12,Passimian,Pokémon,Basic,smp,292,38
swsh2-109,Falinks,Pokémon,Basic,swsh2,6,29
pgo-33,Xatu,Pokémon,Stage 1,pgo,204,29
xy5-45,Spheal,Pokémon,Basic,xy5,142,21
sm9-26,Psyduck,Pokémon,Basic,sm9,112,21
sv3-46,Carvanha,Pokémon,Basic,sv3,245,21
sv1-56,Wiglett,Pokémon,Basic,sv1,98,21
swsh5-114,Lickilicky,Pokémon,Stage 1,swsh5,40,2
ex8-40,Metang,Pokémon,Stage 1,ex8,294,29
swsh45sv-SV084,Morgrem,Pokémon,Stage 1,swsh45sv,172,9
xy7-12,Virizion,Pokémon,Basic,xy7,167,34
ex14-88,Double Rainbow Energy,Energy,Special,ex14,50,2
sv6-117,Scolipede,Pokémon,Stage 2,sv6,251,29
dp4-52,Seviper,Pokémon,Basic,dp4,117,29
hgss2-11,Xatu,Pokémon,Stage 1,hgss2,254,34
swsh8-284,Fire Energy,Energy,Basic,swsh8,,27
sv4-213,Swablu,Pokémon,Basic,sv4,211,7
xy11-72,Klang,Pokémon,Stage 1,xy11,90,29
swsh10-116,Bisharp,Pokémon,Stage 1,swsh10,81,29
sv5-96,Great Tusk,Pokémon,"Basic,Ancient",sv5,108,29
ecard2-31,Rapidash,Pokémon,Stage 1,ecard2,112,2
xy4-10,Talonflame,Pokémon,Stage 2,xy4,108,2
swsh1-197,Snorlax V,Pokémon,"Basic,V",swsh1,207,28
sm8-227,Lugia-GX,Pokémon,"Basic,GX",sm8,72,20
pl3-44,Shedinja,Pokémon,Stage 1,pl3,108,2
sv10-215,Cynthia's Garchomp ex,Pokémon,"Stage 2,ex",sv10,76,32
sm6-20,Palkia-GX,Pokémon,"Basic,GX",sm6,76,10
sm1-14,Fomantis,Pokémon,Basic,sm1,162,21
pl1-41,Bronzong G,Pokémon,"Basic,SP",pl1,258,29
swsh45-34,Rotom,Pokémon,Basic,swsh45,242,29
sm7-179,Hustle Belt,Trainer,Pokémon Tool,sm7,355,27
g1-53,Meowth,Pokémon,Basic,g1,215,21
xyp-XY129,Zygarde,Pokémon,Basic,xyp,76,38
sv5-45,Snom,Pokémon,Basic,sv5,197,21
ex10-D,Unown,Pokémon,Basic,ex10,176,2
pop8-11,Roseanne's Research,Trainer,Supporter,pop8,194,29
ex3-65,Mudkip,Pokémon,Basic,ex3,372,21
dp5-43,Pachirisu,Pokémon,Basic,dp5,17,29
xy1-132,Grass Energy,Energy,Basic,xy1,,21
swshp-SWSH136,Mimikyu δ,Pokémon,Basic,swshp,264,38
swsh45sv-SV042,Toxtricity,Pokémon,Stage 1,swsh45sv,37,9
ex14-8,Manectric,Pokémon,Stage 1,ex14,294,34
swsh45-67,Cara Liss,Trainer,Supporter,swsh45,75,28
swshp-SWSH269,Sunflora,Pokémon,Stage 1,swshp,90,38
xy6-2,Exeggutor,Pokémon,Stage 1,xy6,317,29
xy0-6,Slugma,Pokémon,Basic,xy0,108,13
smp-SM77,Mewtwo,Pokémon,Basic,smp,112,38
ex8-65,Makuhita,Pokémon,Basic,ex8,93,21
sv9-152,N's Castle,Trainer,Stadium,sv9,26,29
swsh8-282,Training Court,Trainer,Stadium,swsh8,76,27
bwp-BW11,Pansage,Pokémon,Basic,bwp,340,38
sv4pt5-229,Nemona,Trainer,Supporter,sv4pt5,351,32
sv3pt5-127,Pinsir,Pokémon,Basic,sv3pt5,128,29
swsh12pt5-144,Switch,Trainer,Item,swsh12pt5,296,21
ex1-102,Scyther ex,Pokémon,"Basic,ex",ex1,232,33
pop2-8,Mr. Briney's Compassion,Trainer,Supporter,pop2,116,29
pop4-4,Mew,Pokémon,Basic,pop4,240,2
sv8pt5-156,Sylveon ex,Pokémon,"Stage 1,Tera,ex",sv8pt5,,5
ex5-79,Totodile,Pokémon,Basic,ex5,176,21
swsh11-205,Colress's Experiment,Trainer,Supporter,swsh11,292,20
sv10-78,Zeraora,Pokémon,Basic,sv10,66,2
sm10-224,Lucario & Melmetal-GX,Pokémon,"Basic,TAG TEAM,GX",sm10,76,20
ex5-39,Loudred,Pokémon,Stage 1,ex5,17,29
bw8-53,Zubat,Pokémon,Basic,bw8,71,21
ex11-44,Hariyama,Pokémon,Stage 1,ex11,294,29
swsh2-166,Skyla,Trainer,Supporter,swsh2,37,29
sv4-180,Techno Radar,Trainer,"Item,Future",sv4,100,29
dp5-20,Glaceon,Pokémon,Stage 1,dp5,117,2
zsv10pt5-147,Haxorus,Pokémon,Stage 2,zsv10pt5,120,7
bw6-32,Buizel,Pokémon,Basic,bw6,271,21
base6-32,Nidoqueen,Pokémon,Stage 2,base6,116,2
sv8-172,Dragon Elixir,Trainer,Item,sv8,,29
sv1-156,Lechonk,Pokémon,Basic,sv1,40,21
me2-36,Mismagius ex,Pokémon,"Stage 1,ex",me2,76,14
ex3-49,Bagon,Pokémon,Basic,ex3,116,21
sv6-148,Enhanced Hammer,Trainer,Item,sv6,297,29
sv1-214,Greavard,Pokémon,Basic,sv1,129,7
sv7-134,Deluxe Bomb,Trainer,"Pokémon Tool,ACE SPEC",sv7,,19
sv8-48,Black Kyurem ex,Pokémon,"Basic,ex",sv8,,14
sv7-92,Swalot,Pokémon,Stage 1,sv7,,29
swsh5-14,Fomantis,Pokémon,Basic,swsh5,293,21
swsh7-91,Lycanroc V,Pokémon,"Basic,V",swsh7,70,16
zsv10pt5-71,Pidove,Pokémon,Basic,zsv10pt5,101,21
sm10-103,Landorus,Pokémon,Basic,sm10,264,34
bw11-29,Reshiram-EX,Pokémon,"Basic,EX",bw11,298,33
sm10-226,Whimsicott-GX,Pokémon,"Stage 1,GX",sm10,76,20
swsh7-112,Dialga,Pokémon,"Basic,Single Strike",swsh7,66,34
swsh7-18,Flareon VMAX,Pokémon,"VMAX,Single Strike",swsh7,76,25
neo1-39,Ledian,Pokémon,Stage 1,neo1,116,29
neo1-24,Murkrow,Pokémon,Basic,neo1,257,2
swsh7-109,Salamence,Pokémon,Stage 2,swsh7,183,34
sv8-120,Shroodle,Pokémon,Basic,sv8,,21
swsh1-131,Ferrothorn,Pokémon,Stage 1,swsh1,198,29
swsh6-188,Brawly,Trainer,"Supporter,Rapid Strike",swsh6,351,28
ex15-18,Ledian δ,Pokémon,Stage 1,ex15,163,2
bw1-113,Reshiram,Pokémon,Basic,bw1,76,28
xy6-96,Winona,Trainer,Supporter,xy6,184,29
swsh3-53,Dracovish,Pokémon,Stage 1,swsh3,75,34
sv8-77,Latios,Pokémon,Basic,sv8,,29
xy0-9,Braixen,Pokémon,Stage 1,xy0,76,13
zsv10pt5-161,Genesect ex,Pokémon,"Basic,ex",zsv10pt5,76,32
sv6pt5-62,Poké Vital A,Trainer,"Item,ACE SPEC",sv6pt5,,19
sm1-3,Butterfree,Pokémon,Stage 2,sm1,24,2
sma-SV9,Wooper,Pokémon,Basic,sma,6,9
zsv10pt5-133,Whirlipede,Pokémon,Stage 1,zsv10pt5,346,7
swsh8-194,Latios,Pokémon,"Basic,Fusion Strike",swsh8,134,2
sm8-88,Xatu,Pokémon,Stage 1,sm8,116,29
sv5-33,Torracat,Pokémon,Stage 1,sv5,332,21
swsh8-2,Metapod,Pokémon,Stage 1,swsh8,332,29
sm11-39,Finneon,Pokémon,Basic,sm11,254,21
swsh5-39,Crawdaunt,Pokémon,Stage 1,swsh5,68,29
ex6-47,Porygon,Pokémon,Basic,ex6,39,29
sm10-222,Greninja & Zoroark-GX,Pokémon,"Basic,TAG TEAM,GX",sm10,76,20
pl1-58,Octillery,Pokémon,Stage 1,pl1,198,29
swsh7-64,Espeon V,Pokémon,"Basic,V",swsh7,76,16
pl3-117,Nincada,Pokémon,Basic,pl3,17,21
xy9-44,Shinx,Pokémon,Basic,xy9,332,21
svp-187,Yanmega,Pokémon,Stage 1,svp,31,38
ex11-59,Beldum δ,Pokémon,Basic,ex11,163,21
pop2-5,Tauros,Pokémon,Basic,pop2,112,2
sv10-177,Team Rocket's Proton,Trainer,Supporter,sv10,292,29
sm35-5,Breloom,Pokémon,Stage 1,sm35,71,21
sv6pt5-85,Pecharunt ex,Pokémon,"Basic,ex",sv6pt5,,32
swsh10tg-TG11,Bronzong,Pokémon,Stage 1,swsh10tg,204,37
neo1-64,Mantine,Pokémon,Basic,neo1,116,21
sv3-190,Ortega,Trainer,Supporter,sv3,292,29
swsh3-22,Torchic,Pokémon,Basic,swsh3,43,21
swsh1-3,Roselia,Pokémon,Basic,swsh1,284,21
swsh12-165,Unidentified Fossil,Trainer,Item,swsh12,26,29
xyp-XY105,Mawile Spirit Link,Trainer,Pokémon Tool,xyp,76,38
rsv10pt5-173,Reshiram ex,Pokémon,"Basic,ex",rsv10pt5,76,4
xy4-59,Skarmory,Pokémon,Basic,xy4,351,21
swsh45-70,Poké Kid,Trainer,Supporter,swsh45,351,28
sv3pt5-9,Blastoise ex,Pokémon,"Stage 2,ex",sv3pt5,99,14
swsh9-179,Kindler,Trainer,Supporter,swsh9,75,20
xy6-38,Binacle,Pokémon,Basic,xy6,194,21
swsh5-1,Bellsprout,Pokémon,Basic,swsh5,333,21
xy2-6,Nuzleaf,Pokémon,Stage 1,xy2,198,29
sv6pt5-15,Revavroom ex,Pokémon,"Stage 1,Tera,ex",sv6pt5,,14
xy10-125,Alakazam-EX,Pokémon,"Basic,EX",xy10,232,27
sv6-211,Teal Mask Ogerpon ex,Pokémon,"Basic,Tera,ex",sv6,369,5
ecard3-119,Ancient Ruins,Trainer,Stadium,ecard3,198,29
swsh12pt5-78,Liepard,Pokémon,Stage 1,swsh12pt5,105,2
xy10-109,Random Receiver,Trainer,Item,xy10,334,29
ex13-48,Persian δ,Pokémon,Stage 1,ex13,198,29
swsh9-163,Zamazenta V,Pokémon,"Basic,V",swsh9,281,28
sv3pt5-175,Psyduck,Pokémon,Basic,sv3pt5,359,7
dc1-28,Team Aqua's Secret Base,Trainer,Stadium,dc1,232,29
cel25-14,Cosmoem,Pokémon,Stage 1,cel25,215,2
sm5-106,Buneary,Pokémon,Basic,sm5,162,21
sv6-20,Poltchageist,Pokémon,Basic,sv6,243,21
hgss2-4,Metagross,Pokémon,Stage 2,hgss2,374,34
dp5-12,Phione,Pokémon,Basic,dp5,335,34
me1-186,Wally's Compassion,Trainer,Supporter,me1,,5
neo1-23,Magby,Pokémon,Baby,neo1,116,2
sv5-214,Gouging Fire ex,Pokémon,"Basic,ex,Ancient",sv5,76,1
swsh12-73,Medicham,Pokémon,Stage 1,swsh12,308,34
bwp-BW45,Mewtwo-EX,Pokémon,"Basic,EX",bwp,334,38
sv9-43,Veluza ex,Pokémon,"Basic,ex",sv9,76,14
bw10-15,Wartortle,Pokémon,Stage 1,bw10,340,29
hgss3-34,Raticate,Pokémon,Stage 1,hgss3,34,29
xyp-XY47,Heliolisk,Pokémon,Stage 1,xyp,73,38
xy2-15,Rapidash,Pokémon,Stage 1,xy2,340,29
sm2-164,Max Potion,Trainer,Item,sm2,334,27
sv3pt5-145,Zapdos ex,Pokémon,"Basic,ex",sv3pt5,356,14
swsh12-125,Klinklang,Pokémon,Stage 2,swsh12,340,2
swshp-SWSH015,Cinderace V,Pokémon,"Basic,V",swshp,76,38
sv4-194,Minun,Pokémon,Basic,sv4,140,7
sv4-119,Nickit,Pokémon,Basic,sv4,55,21
dpp-DP37,Dialga LV.X,Pokémon,Level-Up,dpp,232,38
dp1-112,Professor Rowan,Trainer,Supporter,dp1,116,29
sv3pt5-4,Charmander,Pokémon,Basic,sv3pt5,94,21
sv3-224,Revavroom ex,Pokémon,"Stage 1,ex",sv3,224,5
gym2-119,Rocket's Minefield Gym,Trainer,Stadium,gym2,307,29
ex9-92,Camerupt ex,Pokémon,"Stage 1,ex",ex9,232,33
xy3-4,Heracross-EX,Pokémon,"Basic,EX",xy3,297,33
sv9-148,Hop's Choice Band,Trainer,Pokémon Tool,sv9,334,29
sv8-20,Castform Sunny Form,Pokémon,Basic,sv8,,21
xy11-37,Avalugg,Pokémon,Stage 1,xy11,332,2
ecard3-79,Murkrow,Pokémon,Basic,ecard3,17,21
ex11-92,Holon Lass,Trainer,Supporter,ex11,112,29
hgss2-17,Kingdra,Pokémon,Stage 2,hgss2,317,2
me1-94,Mega Mawile ex,Pokémon,"Basic,MEGA,ex",me1,,14
bw4-63,Riolu,Pokémon,Basic,bw4,125,21
ex10-65,Onix,Pokémon,Basic,ex10,293,21
swsh10-137,Choy,Trainer,Supporter,swsh10,75,29
swsh8-125,Sandygast,Pokémon,Basic,swsh8,88,21
sm7-18,Illumise,Pokémon,Basic,sm7,332,29
pop4-14,Squirtle,Pokémon,Basic,pop4,191,21
swsh12pt5-121,Wooloo,Pokémon,Basic,swsh12pt5,140,21
sm3-4,Oddish,Pokémon,Basic,sm3,125,21
sv3pt5-139,Omastar,Pokémon,Stage 2,sv3pt5,340,2
xy2-65,Floette,Pokémon,Stage 1,xy2,76,29
swsh45sv-SV043,Pincurchin,Pokémon,Basic,swsh45sv,44,9
swsh45sv-SV068,Carkol,Pokémon,Stage 1,swsh45sv,223,9
base4-24,Electabuzz,Pokémon,Basic,base4,116,2
neo1-22,Elekid,Pokémon,Baby,neo1,189,2
ex10-117,Celebi ex,Pokémon,"Basic,ex",ex10,232,27
sv8-143,Eevee,Pokémon,Basic,sv8,,21
swsh8-50,Shellder,Pokémon,"Basic,Rapid Strike",swsh8,73,21
ex12-64,Skitty,Pokémon,Basic,ex12,270,21
dp6-60,Ledian,Pokémon,Stage 1,dp6,198,29
sm11-222,Mewtwo & Mew-GX,Pokémon,"Basic,TAG TEAM,GX",sm11,76,28
sv10-122,Team Rocket's Crobat ex,Pokémon,"Stage 2,ex",sv10,76,14
xy8-110,Fraxure,Pokémon,Stage 1,xy8,108,29
sm6-64,Toxicroak,Pokémon,Stage 1,sm6,264,2
sv10-11,Dwebble,Pokémon,Basic,sv10,15,21
swsh8-84,Snom,Pokémon,Basic,swsh8,43,21
sm115-61,Misty's Cerulean City Gym,Trainer,Stadium,sm115,76,29
sm2-62,Machop,Pokémon,Basic,sm2,271,21
sv1-143,Iron Treads ex,Pokémon,"Basic,ex",sv1,76,14
bw2-88,Braviary,Pokémon,Stage 1,bw2,117,34
swsh10-166,Starmie V,Pokémon,"Basic,V",swsh10,297,28
sv4-23,Fuecoco,Pokémon,Basic,sv4,96,21
base2-8,Pidgeot,Pokémon,Stage 2,base2,162,34
gym1-121,Blaine's Gamble,Trainer,,gym1,116,21
swsh3-57,Ampharos,Pokémon,Stage 2,swsh3,183,2
sv1-74,Pawmi,Pokémon,Basic,sv1,91,21
swsh10-96,Mightyena,Pokémon,Stage 1,swsh10,143,2
sv10-140,Forretress,Pokémon,Stage 1,sv10,10,29
ex14-13,Wigglytuff,Pokémon,Stage 1,ex14,108,34
swsh9tg-TG25,Café Master,Trainer,Supporter,swsh9tg,351,28
bw6-41,Electrike,Pokémon,Basic,bw6,73,21
base6-6,Dark Persian,Pokémon,Stage 1,base6,257,34
sv6pt5-61,Night Stretcher,Trainer,Item,sv6pt5,,29
swsh2-9,Ludicolo,Pokémon,Stage 2,swsh2,117,2
swsh1-49,Lapras V,Pokémon,"Basic,V",swsh1,264,16
sv8-176,Energy Search Pro,Trainer,"Item,ACE SPEC",sv8,,19
swsh3-21,Houndoom V,Pokémon,"Basic,V",swsh3,281,16
sv2-84,Wigglytuff,Pokémon,Stage 1,sv2,75,2
ex8-21,Pelipper,Pokémon,Stage 1,ex8,17,2
xy3-104,Strong Energy,Energy,Special,xy3,76,29
sv3pt5-170,Squirtle,Pokémon,Basic,sv3pt5,108,7
pop9-10,Pachirisu,Pokémon,Basic,pop9,198,29
sm5-3,Yanmega,Pokémon,Stage 1,sm5,172,29
swsh10-77,Rampardos,Pokémon,Stage 2,swsh10,82,34
sm4-10,Skiddo,Pokémon,Basic,sm4,292,21
sv8pt5-35,Duskull,Pokémon,Basic,sv8pt5,,21
me2-37,Snubbull,Pokémon,Basic,me2,3,21
bw9-99,Float Stone,Trainer,Pokémon Tool,bw9,76,29
sv7-47,Electivire,Pokémon,Stage 1,sv7,,29
xy10-64,Genesect-EX,Pokémon,"Basic,EX",xy10,297,33
zsv10pt5-19,Tympole,Pokémon,Basic,zsv10pt5,124,21
me2-47,Brambleghast,Pokémon,Stage 1,me2,63,29
sm12-163,Kommo-o,Pokémon,Stage 2,sm12,134,34
xy11-116,Gardevoir-EX,Pokémon,"Basic,EX",xy11,297,27
xy4-95,Gengar Spirit Link,Trainer,Pokémon Tool,xy4,76,29
ecard3-29,Rhydon,Pokémon,Stage 1,ecard3,108,2
dp2-6,Bronzong,Pokémon,Stage 1,dp2,335,34
swsh3-146,Staravia,Pokémon,Stage 1,swsh3,24,29
hgss2-22,Primeape,Pokémon,Stage 1,hgss2,34,2
sv8-207,Clobbopus,Pokémon,Basic,sv8,,7
pop7-7,Flaaffy,Pokémon,Stage 1,pop7,162,29
me1-168,Fighting Gong,Trainer,Item,me1,,32
dp5-42,Mothim,Pokémon,Stage 1,dp5,117,29
xyp-XY42,Groudon-EX,Pokémon,"Basic,EX",xyp,297,38
zsv10pt5-80,Antique Cover Fossil,Trainer,Item,zsv10pt5,260,21
pl4-5,Luxray,Pokémon,Stage 2,pl4,73,34
swsh9-144,Magma Basin,Trainer,Stadium,swsh9,80,29
sm7-117,Whismur,Pokémon,Basic,sm7,165,21
sm3-11,Heracross,Pokémon,Basic,sm3,317,2
sv6-163,Secret Box,Trainer,"Item,ACE SPEC",sv6,334,19
neo2-50,Unown [N],Pokémon,Basic,neo2,111,29
dp2-38,Ursaring,Pokémon,Stage 1,dp2,108,2
ex11-58,Bagon δ,Pokémon,Basic,ex11,163,21
swsh7-40,Glaceon V,Pokémon,"Basic,V",swsh7,76,16
swshp-SWSH286,Pikachu VMAX,Pokémon,VMAX,swshp,305,38
xy4-38,Swalot,Pokémon,Stage 1,xy4,17,2
svp-135,Drifblim,Pokémon,Stage 1,svp,11,38
ex14-27,Swampert,Pokémon,Stage 2,ex14,294,2
sv9-90,Klawf,Pokémon,Basic,sv9,266,29
bw7-2,Gloom,Pokémon,Stage 1,bw7,191,29
sv3pt5-135,Jolteon,Pokémon,Stage 1,sv3pt5,254,2
ecard1-28,Typhlosion,Pokémon,Stage 2,ecard1,65,34
pl2-19,Flareon,Pokémon,Stage 1,pl2,198,2
sm1-28,Psyduck,Pokémon,Basic,sm1,322,21
ecard2-106,Scyther,Pokémon,Basic,ecard2,198,21
swsh45sv-SV062,Dragapult,Pokémon,Stage 2,swsh45sv,292,9
ex15-52,Larvitar δ,Pokémon,Basic,ex15,112,21
bw10-65,Dialga-EX,Pokémon,"Basic,EX,Team Plasma",bw10,297,33
sm10-112,Spiritomb,Pokémon,Basic,sm10,162,34
svp-81,Skeledirge ex,Pokémon,"Stage 2,ex",svp,76,38
xy6-70,Taillow,Pokémon,Basic,xy6,191,21
hgss1-98,Pokémon Communication,Trainer,Item,hgss1,202,29
me1-91,Shroodle,Pokémon,Basic,me1,,21
sv6-186,Tatsugiri,Pokémon,Basic,sv6,148,7
swshp-SWSH220,Rowlet,Pokémon,Basic,swshp,129,38
swsh4-195,Leon,Trainer,Supporter,swsh4,37,20
xy8-75,Sandshrew,Pokémon,Basic,xy8,90,21
sv5-13,Shaymin,Pokémon,Basic,sv5,233,29
pl2-95,Team Galactic's Invention G-107 Technical Machine G,Trainer,Technical Machine,pl2,258,29
dp1-48,Elekid,Pokémon,Basic,dp1,162,29
sm8-116,Pupitar,Pokémon,Stage 1,sm8,43,29
pl1-18,Altaria,Pokémon,Stage 1,pl1,284,2
svp-44,Charmander,Pokémon,Basic,svp,243,38
sv5-87,Golett,Pokémon,Basic,sv5,58,21
pl3-96,Cherubi,Pokémon,Basic,pl3,332,21
swsh12pt5-26,Volcanion,Pokémon,Basic,swsh12pt5,251,34
gym1-120,Vermilion City Gym,Trainer,Stadium,gym1,307,29
swsh7-215,Umbreon VMAX,Pokémon,"VMAX,Single Strike",swsh7,105,20
swsh5-88,Rapid Strike Urshifu VMAX,Pokémon,"VMAX,Rapid Strike",swsh5,70,25
swsh2-89,Dreepy,Pokémon,Basic,swsh2,340,21
sv2-100,Tinkatink,Pokémon,Basic,sv2,71,21
pl3-55,Cherrim,Pokémon,Stage 1,pl3,332,29
swsh12tg-TG29,Rayquaza VMAX,Pokémon,"VMAX,Rapid Strike",swsh12tg,336,27
pl2-113,Flying Pikachu,Pokémon,Basic,pl2,286,27
cel25-20,Dialga,Pokémon,Basic,cel25,76,2
swsh6-54,Galarian Slowpoke,Pokémon,Basic,swsh6,284,21
swsh12pt5-136,Nessa,Trainer,Supporter,swsh12pt5,224,34
dp5-86,Quick Ball,Trainer,Item,dp5,232,29
sv6-86,Flabébé,Pokémon,Basic,sv6,293,21
xy1-82,Bisharp,Pokémon,Stage 1,xy1,75,2
svp-97,Flutter Mane,Pokémon,"Basic,Ancient",svp,279,38
xyp-XY153,Ho-Oh,Pokémon,Basic,xyp,273,38
xy6-107,Wally,Trainer,Supporter,xy6,206,28
sv5-72,Reuniclus,Pokémon,Stage 2,sv5,96,29
svp-131,Kingdra ex,Pokémon,"Stage 2,ex",svp,120,38
dpp-DP12,Lucario LV.X,Pokémon,Level-Up,dpp,232,38
dp5-10,Moltres,Pokémon,Basic,dp5,162,34
me1-123,Pokémon Center Lady,Trainer,Supporter,me1,,21
sma-SV19,Poipole,Pokémon,"Basic,Ultra Beast",sma,340,9
pl2-90,Bertha's Warmth,Trainer,Supporter,pl2,116,29
dp6-36,Regice,Pokémon,Basic,dp6,49,2
sv4-216,Iron Jugulis,Pokémon,"Basic,Future",sv4,94,7
ex6-97,Pokémon Reversal,Trainer,Item,ex6,69,29
swsh10tg-TG28,Piers,Trainer,Supporter,swsh10tg,376,28
dp4-89,Torchic,Pokémon,Basic,dp4,255,21
ecard2-13,Exeggutor,Pokémon,Stage 1,ecard2,125,2
swsh45-38,Morpeko VMAX,Pokémon,VMAX,swsh45,336,25
sm7-90,Scizor-GX,Pokémon,"Stage 1,GX",sm7,76,10
sm12-96,Mimikyu,Pokémon,Basic,sm12,12,29
dpp-DP49,Dialga,Pokémon,Basic,dpp,162,38
bw9-79,Steelix,Pokémon,"Stage 1,Team Plasma",bw9,76,2
ex14-40,Shuppet,Pokémon,Basic,ex14,191,29
swsh12pt5gg-GG41,Raikou V,Pokémon,"Basic,V",swsh12pt5gg,214,16
sm75-9,Darmanitan,Pokémon,Stage 1,sm75,117,29
basep-51,Rapidash,Pokémon,Stage 1,basep,108,38
sv8-217,Milotic ex,Pokémon,"Stage 1,ex",sv8,,32
swsh10-41,Oshawott,Pokémon,Basic,swsh10,332,21
sm35-49,Liepard,Pokémon,Stage 1,sm35,73,29
sm12-26,Slugma,Pokémon,Basic,sm12,116,21
dp1-83,Glameow,Pokémon,Basic,dp1,116,21
neo2-42,Metapod,Pokémon,Stage 1,neo2,125,29
sv1-59,Cetoddle,Pokémon,Basic,sv1,112,21
bw9-65,Sneasel,Pokémon,Basic,bw9,125,21
sv8-244,Drayton,Trainer,Supporter,sv8,,5
sv3-98,Polteageist,Pokémon,Stage 1,sv3,184,29
bw7-70,Woobat,Pokémon,Basic,bw7,189,21
swsh8-193,Latias,Pokémon,"Basic,Fusion Strike",swsh8,55,2
sv8pt5-9,Applin,Pokémon,Basic,sv8pt5,,21
swsh5-2,Weepinbell,Pokémon,Stage 1,swsh5,322,29
bw1-9,Petilil,Pokémon,Basic,bw1,162,21
sv4pt5-54,Charizard ex,Pokémon,"Stage 2,Tera,ex",sv4pt5,76,14
zsv10pt5-76,Cinccino,Pokémon,Stage 1,zsv10pt5,231,29
bw3-79,Hydreigon,Pokémon,Stage 2,bw3,76,34
ex6-79,Shellder,Pokémon,Basic,ex6,308,21
me1-41,Inteleon,Pokémon,Stage 2,me1,,29
sv10-76,Manectric,Pokémon,Stage 1,sv10,95,29
swsh9-3,Shroomish,Pokémon,Basic,swsh9,90,21
pop6-3,Manaphy,Pokémon,Basic,pop6,191,2
swsh2-115,Skuntank,Pokémon,Stage 1,swsh2,129,29
sv4-98,Hoopa ex,Pokémon,"Basic,Tera,ex",sv4,76,14
sv8-197,Ceruledge,Pokémon,Stage 1,sv8,,7
dv1-15,Fraxure,Pokémon,Stage 1,dv1,167,34
sv2-57,Frigibax,Pokémon,Basic,sv2,340,21
sv8pt5-97,Black Belt's Training,Trainer,Supporter,sv8pt5,,21
ex14-58,Mudkip,Pokémon,Basic,ex14,163,21
zsv10pt5-14,Darmanitan,Pokémon,Stage 1,zsv10pt5,195,29
dp4-90,Treecko,Pokémon,Basic,dp4,112,21
dp3-49,Farfetch'd,Pokémon,Basic,dp3,116,29
sv8-226,Tatsugiri ex,Pokémon,"Basic,Tera,ex",sv8,,32
swsh8-14,Accelgor,Pokémon,"Stage 1,Fusion Strike",swsh8,214,2
ex4-61,Team Magma's Baltoy,Pokémon,Basic,ex4,362,21
xy10-16,Dewgong,Pokémon,Stage 1,xy10,284,29
swsh8-259,Dancer,Trainer,Supporter,swsh8,55,28
base4-60,Seaking,Pokémon,Stage 1,base4,162,29
cel25-5,Pikachu,Pokémon,Basic,cel25,108,34
gym1-77,Erika's Exeggcute,Pokémon,Basic,gym1,116,21
swsh7-89,Palpitoad,Pokémon,Stage 1,swsh7,223,29
swsh1-1,Celebi V,Pokémon,"Basic,V",swsh1,72,16
ex7-110,Charmeleon,Pokémon,Stage 1,ex7,116,27
sm6-31,Volcanion ◇,Pokémon,"Basic,Prism Star",sm6,292,18
ex11-80,Porygon,Pokémon,Basic,ex11,294,21
sv3pt5-51,Dugtrio,Pokémon,Stage 1,sv3pt5,189,29
sm35-58,Damage Mover,Trainer,Item,sm35,334,29
sm5-111,Shaymin,Pokémon,Basic,sm5,215,2
swsh4-96,Mudbray,Pokémon,Basic,swsh4,284,21
swsh1-193,Stonjourner V,Pokémon,"Basic,V",swsh1,76,28
swsh8-31,Ninetales,Pokémon,Stage 1,swsh8,98,29
xy8-58,Gastly,Pokémon,Basic,xy8,90,21
smp-SM68,Xurkitree-GX,Pokémon,"Basic,GX,Ultra Beast",smp,76,38
sm9-93,Mandibuzz,Pokémon,Stage 1,sm9,281,2
pl4-70,Omanyte,Pokémon,Stage 1,pl4,308,21
swsh8-144,Baltoy,Pokémon,Basic,swsh8,125,21
sm8-89,Espeon,Pokémon,Stage 1,sm8,196,2
xy9-54,Drapion,Pokémon,Stage 1,xy9,108,2
hsp-HGSS19,Raikou,Pokémon,Basic,hsp,253,38
si1-13,Exeggutor,Pokémon,Stage 1,si1,284,13
sv5-102,Gastly,Pokémon,Basic,sv5,132,21
sm11-254,Tag Switch,Trainer,Item,sm11,355,27
swsh1-101,Baltoy,Pokémon,Basic,swsh1,146,21
swsh9-172,Roseanne's Backup,Trainer,Supporter,swsh9,215,28
sv6pt5-91,Munkidori ex,Pokémon,"Basic,ex",sv6pt5,,5
sm1-109,Yungoos,Pokémon,Basic,sm1,167,21
sv6-193,Palafin ex,Pokémon,"Stage 1,ex",sv6,336,32
sm3-14,Dewpider,Pokémon,Basic,sm3,112,21
sv6pt5-52,Stufful,Pokémon,Basic,sv6pt5,,21
np-1,Kyogre ex,Pokémon,"Basic,EX",np,69,38
ex6-37,Lickitung,Pokémon,Basic,ex6,125,29
xy8-47,Frogadier,Pokémon,Stage 1,xy8,117,29
ex13-59,Baltoy,Pokémon,Basic,ex13,162,21
bw7-116,Buneary,Pokémon,Basic,bw7,267,21
bwp-BW005,Zekrom,Pokémon,Basic,bwp,76,38
sm1-91,Granbull,Pokémon,Stage 1,sm1,38,29
sm2-4,Petilil,Pokémon,Basic,sm2,292,21
sm2-17,Turtonator,Pokémon,Basic,sm2,317,2
sv1-117,Krookodile,Pokémon,Stage 2,sv1,6,29
gym1-109,Erika's Maids,Trainer,,gym1,116,29
ex1-75,Treecko,Pokémon,Basic,ex1,198,21
sv2-36,Crocalor,Pokémon,Stage 1,sv2,75,29
sv8-162,Amulet of Hope,Trainer,"Pokémon Tool,ACE SPEC",sv8,,19
swsh12pt5-1,Oddish,Pokémon,Basic,swsh12pt5,242,21
sm4-34,Alolan Golem-GX,Pokémon,"Stage 2,GX",sm4,76,10
smp-SM238,Glaceon,Pokémon,Stage 1,smp,71,38
sv3pt5-153,Antique Helix Fossil,Trainer,Item,sv3pt5,26,21
swsh12pt5gg-GG60,Cynthia's Ambition,Trainer,Supporter,swsh12pt5gg,363,28
bw10-20,Suicune,Pokémon,Basic,bw10,73,2
swsh8-88,Electrode,Pokémon,"Stage 1,Single Strike",swsh8,112,2
base4-73,Drowzee,Pokémon,Basic,base4,116,21
me2-64,Sandile,Pokémon,Basic,me2,237,21
me1-140,Snover,Pokémon,Basic,me1,,7
hgss1-73,Mareep,Pokémon,Basic,hgss1,117,21
swsh8-243,Spongy Gloves,Trainer,"Item,Pokémon Tool",swsh8,334,29
swsh7-136,Rufflet,Pokémon,Basic,swsh7,131,21
ecard3-63,Haunter,Pokémon,Stage 1,ecard3,271,21
sv10-90,Mankey,Pokémon,Basic,sv10,231,21
pop4-6,Combusken,Pokémon,Stage 1,pop4,108,29
sv4pt5-169,Mankey,Pokémon,Basic,sv4pt5,214,31
xy4-4,Yanmega,Pokémon,Stage 1,xy4,108,2
swsh35-6,Vulpix,Pokémon,Basic,swsh35,322,21
swsh12-43,Froslass,Pokémon,Stage 1,swsh12,256,2
swsh10-155,Temple of Sinnoh,Trainer,Stadium,swsh10,145,29
swsh9-127,Hawlucha,Pokémon,Basic,swsh9,189,21
bw2-62,Krookodile,Pokémon,Stage 2,bw2,292,2
xy1-6,Ledyba,Pokémon,Basic,xy1,71,21
swsh4-112,Galarian Meowth,Pokémon,Basic,swsh4,112,21
pl1-38,Shaymin,Pokémon,Basic,pl1,112,2
dp3-128,Switch,Trainer,Item,dp3,232,21
smp-SM107,Dusk Mane Necrozma,Pokémon,"Basic,Ultra Beast",smp,317,38
sm115-54,Brock's Pewter City Gym,Trainer,Stadium,sm115,76,29
pop5-4,Double Rainbow Energy,Energy,Special,pop5,50,2
swsh6-56,Haunter,Pokémon,Stage 1,swsh6,162,29
ex15-85,Holon Energy GL,Energy,Special,ex15,50,2
sm10-111,Sharpedo,Pokémon,Stage 1,sm10,17,2
sm5-47,Luxio,Pokémon,Stage 1,sm5,223,29
bw6-56,Gothorita,Pokémon,Stage 1,bw6,71,29
swsh6-112,Metagross V,Pokémon,"Basic,V,Rapid Strike",swsh6,336,16
sv3pt5-176,Poliwhirl,Pokémon,Stage 1,sv3pt5,96,7
gym2-114,Fuchsia City Gym,Trainer,Stadium,gym2,307,29
swsh5-179,Houndoom,Pokémon,"Stage 1,Single Strike",swsh5,336,27
sv3pt5-111,Rhyhorn,Pokémon,Basic,sv3pt5,376,21
swsh8-27,Zarude,Pokémon,Basic,swsh8,277,29
sm10-209,Green's Exploration,Trainer,Supporter,sm10,292,28
swsh12tg-TG19,Corviknight VMAX,Pokémon,VMAX,swsh12tg,90,25
ex7-58,Horsea,Pokémon,Basic,ex7,162,21
ex13-109,Psychic Energy,Energy,Basic,ex13,,34
sv4-181,Tulip,Trainer,Supporter,sv4,292,29
swsh11-204,Arezu,Trainer,Supporter,swsh11,273,20
ex16-14,Dusclops,Pokémon,Stage 1,ex16,116,2
base4-112,Maintenance,Trainer,,base4,307,29
sv8pt5-53,Hippowdon,Pokémon,Stage 1,sv8pt5,,21
swsh6-60,Kirlia,Pokémon,Stage 1,swsh6,131,29
sv4pt5-90,Technical Machine: Crisis Punch,Trainer,Pokémon Tool,sv4pt5,296,29
bw1-40,Blitzle,Pokémon,Basic,bw1,112,21
swsh35-45,Malamar,Pokémon,Stage 1,swsh35,73,29
sv8-98,Mankey,Pokémon,Basic,sv8,,21
ex10-63,Natu,Pokémon,Basic,ex10,117,21
rsv10pt5-121,Sigilyph,Pokémon,Basic,rsv10pt5,178,7
swsh9-75,Vibrava,Pokémon,Stage 1,swsh9,17,29
ex8-54,Barboach,Pokémon,Basic,ex8,189,21
bw8-26,Swinub,Pokémon,Basic,bw8,112,21
pl3-61,Hippopotas,Pokémon,Basic,pl3,117,29
sv6-156,Love Ball,Trainer,Item,sv6,296,29
xy1-61,Rhydon,Pokémon,Stage 1,xy1,198,2
hgss1-18,Exeggutor,Pokémon,Stage 1,hgss1,189,2
rsv10pt5-168,Jellicent ex,Pokémon,"Stage 1,ex",rsv10pt5,244,5
neo1-85,Energy Charge,Trainer,,neo1,307,2
gym2-120,Rocket's Secret Experiment,Trainer,,gym2,116,29
xy2-31,Avalugg,Pokémon,Stage 1,xy2,76,29
dp6-78,Unown [U],Pokémon,Basic,dp6,79,29
swsh9-85,Muk,Pokémon,Stage 1,swsh9,104,2
smp-SM72,Alolan Raichu,Pokémon,Stage 1,smp,340,38
base5-55,Eevee,Pokémon,Basic,base5,191,21
swsh12-167,Worker,Trainer,Supporter,swsh12,351,29
dp6-79,Unown [V],Pokémon,Basic,dp6,79,29
neo4-99,Energy Stadium,Trainer,Stadium,neo4,350,29
sma-SV22,Lucario,Pokémon,Stage 1,sma,112,9
sm4-64,Mawile,Pokémon,Basic,sm4,223,29
sv4pt5-101,Abomasnow,Pokémon,Stage 1,sv4pt5,75,31
base4-30,Snorlax,Pokémon,Basic,base4,116,2
sv10-183,Yanma,Pokémon,Basic,sv10,231,7
col1-63,Mareep,Pokémon,Basic,col1,116,21
pl4-60,Cherubi,Pokémon,Basic,pl4,43,21
xy6-67,Meowth,Pokémon,Basic,xy6,340,21
bw8-3,Torterra,Pokémon,"Stage 2,Team Plasma",bw8,76,2
sv10-24,Rellor,Pokémon,Basic,sv10,286,21
xy11-50,Chandelure,Pokémon,Stage 2,xy11,17,34
bw3-81,Pawniard,Pokémon,Basic,bw3,17,21
swsh45sv-SV099,Skwovet,Pokémon,Basic,swsh45sv,292,9
sv9-54,Iono's Wattrel,Pokémon,Basic,sv9,340,21
ex10-37,Corsola,Pokémon,Basic,ex10,162,29
swsh12pt5-20,Radiant Charizard,Pokémon,"Basic,Radiant",swsh12pt5,112,22
bw7-133,Rocky Helmet,Trainer,Pokémon Tool,bw7,232,29
sv7-123,Talonflame,Pokémon,Stage 2,sv7,,29
bw9-11,Leafeon,Pokémon,"Stage 1,Team Plasma",bw9,76,2
swsh4-48,Zapdos,Pokémon,Basic,swsh4,305,34
sm5-48,Luxray,Pokémon,Stage 2,sm5,340,34
swsh12pt5-15,Grubbin,Pokémon,Basic,swsh12pt5,191,21
swsh5-81,Silicobra,Pokémon,Basic,swsh5,191,21
xy3-33,Thundurus,Pokémon,Basic,xy3,163,2
ex13-94,Darkness Energy,Energy,Special,ex13,364,2
sv1-221,Starly,Pokémon,Basic,sv1,47,7
hgss4-75,Shuppet,Pokémon,Basic,hgss4,232,21
zsv10pt5-115,Eelektross,Pokémon,Stage 2,zsv10pt5,293,7
sv3-81,Clefairy,Pokémon,Basic,sv3,43,21
sm9-162,Pikachu & Zekrom-GX,Pokémon,"Basic,TAG TEAM,GX",sm9,76,28
sm6-18,Litleo,Pokémon,Basic,sm6,43,21
sv3pt5-102,Exeggcute,Pokémon,Basic,sv3pt5,90,21
sm8-235,Spell Tag,Trainer,Pokémon Tool,sm8,281,27
xy4-110,Xerosic,Trainer,Supporter,xy4,171,29
sm9-46,Emolga,Pokémon,Basic,sm9,184,21
swshp-SWSH252,Infernape V,Pokémon,"Basic,V",swshp,281,38
sm10-45,Dewgong,Pokémon,Stage 1,sm10,162,2
ex14-54,Krabby,Pokémon,Basic,ex14,17,21
sv4pt5-193,Revavroom,Pokémon,Stage 1,sv4pt5,376,31
swsh9-71,Alcremie,Pokémon,Stage 1,swsh9,129,2
xy9-8,Lilligant,Pokémon,Stage 1,xy9,317,2
me2-117,Blowtorch,Trainer,Item,me2,334,32
sm8-25,Silcoon,Pokémon,Stage 1,sm8,290,29
sm12-14,Kricketune,Pokémon,Stage 1,sm12,277,29
swsh9-138,Cynthia's Ambition,Trainer,Supporter,swsh9,184,29
sv8pt5-3,Pinsir,Pokémon,Basic,sv8pt5,,21
ex8-59,Electrike,Pokémon,Basic,ex8,284,21
sm8-75,Mareep,Pokémon,Basic,sm8,198,21
bw7-119,Watchog,Pokémon,Stage 1,bw7,292,29
swsh6-118,Porygon-Z,Pokémon,Stage 2,swsh6,17,34
swsh1-111,Clobbopus,Pokémon,Basic,swsh1,40,21
xyp-XY21,Bronzong,Pokémon,Stage 1,xyp,167,38
swsh35-17,Gardevoir VMAX,Pokémon,VMAX,swsh35,76,25
sv8pt5-177,Teal Mask Ogerpon ex,Pokémon,"Basic,Tera,ex",sv8pt5,,1
swsh12pt5-72,Pancham,Pokémon,Basic,swsh12pt5,351,21
mcd21-17,Squirtle,Pokémon,Basic,mcd21,223,13
swsh12pt5-75,Koffing,Pokémon,Basic,swsh12pt5,58,21
dp3-100,Psyduck,Pokémon,Basic,dp3,162,21
dp2-46,Dodrio,Pokémon,Stage 1,dp2,117,29
base2-27,Snorlax,Pokémon,Basic,base2,116,2
me1-82,Nacli,Pokémon,Basic,me1,,21
svp-183,Lillie's Ribombee,Pokémon,Stage 1,svp,110,38
ex5-90,Life Herb,Trainer,Item,ex5,232,29
swsh5-164,Flapple VMAX,Pokémon,VMAX,swsh5,70,20
ex9-26,Dodrio,Pokémon,Stage 1,ex9,163,29
gym2-15,Rocket's Zapdos,Pokémon,Basic,gym2,257,34
base4-117,Super Potion,Trainer,,base4,307,29
neo1-6,Heracross,Pokémon,Basic,neo1,116,34
sm35-9,Shining Genesect,Pokémon,Basic,sm35,75,36
bwp-BW75,Metagross,Pokémon,"Stage 2,Team Plasma",bwp,76,38
swsh8-23,Rillaboom VMAX,Pokémon,"VMAX,Rapid Strike",swsh8,76,25
sv9-27,N's Darmanitan,Pokémon,Stage 1,sv9,214,29
xy2-55,Skuntank,Pokémon,Stage 1,xy2,215,2
ex16-49,Chinchou,Pokémon,Basic,ex16,108,21
bw7-10,Shaymin,Pokémon,Basic,bw7,162,2
swsh45-21,Kyogre,Pokémon,Basic,swsh45,277,26
swsh12-210,Serperior VSTAR,Pokémon,VSTAR,swsh12,336,27
swsh8-152,Clobbopus,Pokémon,Basic,swsh8,71,21
neo1-90,Time Capsule,Trainer,,neo1,13,2
neo3-38,Stantler,Pokémon,Basic,neo3,293,29
sm12-196,Lillie's Full Force,Trainer,Supporter,sm12,183,29
dp6-74,Tauros,Pokémon,Basic,dp6,116,29
swsh10-52,Hisuian Typhlosion,Pokémon,Stage 2,swsh10,112,34
bw7-85,Crustle,Pokémon,Stage 1,bw7,108,34
sm115-38,Clefairy,Pokémon,Basic,sm115,332,21
sm9-193,Electrocharger,Trainer,Item,sm9,297,27
sm10-154,Porygon,Pokémon,Basic,sm10,281,21
pl3-73,Ninjask,Pokémon,Stage 1,pl3,112,29
sm115-50,Snorlax,Pokémon,Basic,sm115,340,2
me2-82,Linoone,Pokémon,Stage 1,me2,214,29
rsv10pt5-134,Mienshao,Pokémon,Stage 1,rsv10pt5,363,7
xy1-2,M Venusaur-EX,Pokémon,"MEGA,EX",xy1,76,33
sm5-98,Gabite,Pokémon,Stage 1,sm5,125,29
swsh45-5,Tropius,Pokémon,Basic,swsh45,340,29
neo4-59,Unown [Q],Pokémon,Basic,neo4,111,29
swsh12pt5-134,Leon,Trainer,Supporter,swsh12pt5,292,34
sv4-28,Iron Moth,Pokémon,"Basic,Future",sv4,112,2
sv1-61,Dondozo,Pokémon,Basic,sv1,224,2
svp-92,Miraidon,Pokémon,"Basic,Future",svp,120,38
sm8-184,Mixed Herbs,Trainer,Item,sm8,334,29
sm12-208,Will,Trainer,Supporter,sm12,116,29
me1-45,Magnemite,Pokémon,Basic,me1,,21
xy3-67,Scrafty,Pokémon,Stage 1,xy3,167,29
swsh2-95,Galarian Sirfetch'd,Pokémon,Stage 1,swsh2,273,34
sma-SV45,Type: Null,Pokémon,Basic,sma,317,9
swsh12pt5-92,Pawniard,Pokémon,Basic,swsh12pt5,43,21
bw3-93,Plume Fossil,Trainer,Item,bw3,232,29
sm3-5,Gloom,Pokémon,Stage 1,sm3,322,29
sv8pt5-112,Janine's Secret Art,Trainer,Supporter,sv8pt5,,29
sv3pt5-62,Poliwrath,Pokémon,Stage 2,sv3pt5,285,29
swsh8-141,Gliscor,Pokémon,Stage 1,swsh8,172,29
swsh7-13,Trevenant V,Pokémon,"Basic,V",swsh7,41,16
bw6-83,Durant,Pokémon,Basic,bw6,108,29
ex7-84,Pokémon Retriever,Trainer,Rocket's Secret Machine,ex7,92,29
swsh10-138,Cyllene,Trainer,Supporter,swsh10,214,29
neo4-77,Pineco,Pokémon,Basic,neo4,116,21
swshp-SWSH107,Rapid Strike Urshifu V,Pokémon,"Basic,V,Rapid Strike",swshp,76,38
pop3-5,Plusle,Pokémon,Basic,pop3,125,2
xy6-15,Talonflame,Pokémon,Stage 2,xy6,117,2
ex4-37,Team Magma's Mightyena,Pokémon,Stage 1,ex4,176,29
ex6-109,Gyarados ex,Pokémon,"Stage 1,ex",ex6,136,33
g1-RC17,Flabébé,Pokémon,Basic,g1,332,21
dp6-55,Gliscor,Pokémon,Stage 1,dp6,116,29
xy9-28,Lapras,Pokémon,Basic,xy9,215,29
swsh10-149,Kamado,Trainer,Supporter,swsh10,75,29
bw5-11,Accelgor,Pokémon,Stage 1,bw5,112,2
zsv10pt5-130,Crustle,Pokémon,Stage 1,zsv10pt5,243,7
xy9-102,Max Elixir,Trainer,Item,xy9,334,29
xy3-19,Glaceon,Pokémon,Stage 1,xy3,162,2
swsh10-65,Uxie,Pokémon,Basic,swsh10,254,29
bw4-26,Lapras,Pokémon,Basic,bw4,71,29
sm10-48,Goldeen,Pokémon,Basic,sm10,284,21
swsh8-28,Vulpix,Pokémon,Basic,swsh8,333,21
basep-47,Mew,Pokémon,Basic,basep,116,38
ecard3-130,Miracle Sphere β,Trainer,Technical Machine,ecard3,69,29
pl3-5,Garchomp,Pokémon,Stage 2,pl3,108,34
bw8-74,Solrock,Pokémon,Basic,bw8,324,29
sm9-136,Buff Padding,Trainer,Pokémon Tool,sm9,355,29
xy3-83,Slaking,Pokémon,Stage 2,xy3,216,34
ex8-52,Bagon,Pokémon,Basic,ex8,331,21
ex8-42,Nosepass,Pokémon,Basic,ex8,125,29
hgss3-59,Murkrow,Pokémon,Basic,hgss3,117,21
sv7-126,Lechonk,Pokémon,Basic,sv7,,21
ex13-39,Combusken,Pokémon,Stage 1,ex13,162,29
xy3-55,M Lucario-EX,Pokémon,"MEGA,EX",xy3,76,33
sm4-30,Pikachu,Pokémon,Basic,sm4,322,21
dp3-120,Night Maintenance,Trainer,Item,dp3,232,29
base4-64,Weepinbell,Pokémon,Stage 1,base4,162,29
sv8-38,Gouging Fire,Pokémon,"Basic,Ancient",sv8,,2
sm5-25,Salandit,Pokémon,Basic,sm5,6,21
swsh10-47,Bergmite,Pokémon,Basic,swsh10,112,21
swsh1-61,Drednaw,Pokémon,Stage 1,swsh1,75,2
xy8-71,Woobat,Pokémon,Basic,xy8,167,21
sv8-231,Drasna,Trainer,Supporter,sv8,,32
bw2-92,Crushing Hammer,Trainer,Item,bw2,76,29
sv2-59,Arctibax,Pokémon,Stage 1,sv2,112,29
gym1-63,Blaine's Ponyta,Pokémon,Basic,gym1,116,21
dp7-54,Bidoof,Pokémon,Basic,dp7,43,21
xy9-62,Aegislash,Pokémon,Stage 2,xy9,75,34
ex14-15,Cacturne δ,Pokémon,Stage 1,ex14,112,2
sv4-261,Iron Valiant ex,Pokémon,"Basic,ex,Future",sv4,207,1
swsh8-164,Absol,Pokémon,Basic,swsh8,377,2
ecard3-28,Raikou,Pokémon,Basic,ecard3,108,2
sv6-17,Applin,Pokémon,Basic,sv6,371,21
pl4-87,Expert Belt,Trainer,Pokémon Tool,pl4,374,29
dp7-27,Staraptor,Pokémon,Stage 2,dp7,112,2
swsh5-63,Necrozma V,Pokémon,"Basic,V",swsh5,70,16
xy3-29,Electabuzz,Pokémon,Basic,xy3,292,21
sm12-18,Rowlet,Pokémon,Basic,sm12,332,21
me2-58,Honchkrow,Pokémon,Stage 1,me2,277,29
swsh7-128,Smeargle,Pokémon,Basic,swsh7,112,2
bw7-80,Gligar,Pokémon,Basic,bw7,191,21
rsv10pt5-76,Stoutland,Pokémon,Stage 2,rsv10pt5,129,29
swsh5-79,Carkol,Pokémon,Stage 1,swsh5,146,29
hgss4-39,Luvdisc,Pokémon,Basic,hgss4,254,29
ex6-78,Seel,Pokémon,Basic,ex6,286,21
sv5-208,Raging Bolt ex,Pokémon,"Basic,ex,Ancient",sv5,151,5
sm8-61,Cubchoo,Pokémon,Basic,sm8,131,21
sv9-107,Magearna,Pokémon,Basic,sv9,118,2
bwp-BW14,Pansage,Pokémon,Basic,bwp,340,38
sv10-55,Huntail,Pokémon,Stage 1,sv10,104,29
sv9-130,Drampa,Pokémon,Basic,sv9,63,21
sm6-5,Scatterbug,Pokémon,Basic,sm6,215,21
dp4-77,Luvdisc,Pokémon,Basic,dp4,44,21
xy2-17,Fletchinder,Pokémon,Stage 1,xy2,76,29
neo4-65,Gastly,Pokémon,Basic,neo4,308,21
sv4-186,Magby,Pokémon,Basic,sv4,40,7
sv3-189,Letter of Encouragement,Trainer,Item,sv3,334,29
sv3pt5-110,Weezing,Pokémon,Stage 1,sv3pt5,322,2
sv3-124,Koraidon ex,Pokémon,"Basic,ex",sv3,207,14
pgo-37,Larvitar,Pokémon,Basic,pgo,254,21
swsh10tg-TG03,Kingdra,Pokémon,Stage 2,swsh10tg,256,37
dp6-47,Camerupt,Pokémon,Stage 1,dp6,162,29
sv9-127,Noibat,Pokémon,Basic,sv9,17,21
sv4-44,Vanillish,Pokémon,Stage 1,sv4,14,21
neo2-67,Unown [E],Pokémon,Basic,neo2,111,21
swsh12pt5-17,Calyrex,Pokémon,Basic,swsh12pt5,208,34
hgss4-17,Ditto,Pokémon,Basic,hgss4,167,2
sv4-142,Porygon,Pokémon,Basic,sv4,311,21
ex7-10,Dark Steelix,Pokémon,Stage 1,ex7,301,34
rsv10pt5-70,Durant,Pokémon,Basic,rsv10pt5,43,29
swsh7-191,Dragonite V,Pokémon,"Basic,V",swsh7,115,28
xyp-XY18,Chesnaught-EX,Pokémon,"Basic,EX",xyp,76,38
xy8-130,Braviary,Pokémon,Stage 1,xy8,167,2
base3-47,Geodude,Pokémon,Basic,base3,162,21
hgss3-7,Scizor,Pokémon,Stage 1,hgss3,18,34
xy9-53,Skorupi,Pokémon,Basic,xy9,271,21
ex9-42,Volbeat,Pokémon,Basic,ex9,112,29
sv5-19,Dhelmise,Pokémon,Basic,sv5,332,29
xy1-62,Rhyperior,Pokémon,Stage 2,xy1,292,34
ex2-29,Arbok,Pokémon,Stage 1,ex2,198,29
swsh4-203,Telescopic Sight,Trainer,Pokémon Tool,swsh4,334,27
ex1-9,Manectric,Pokémon,Stage 1,ex1,108,34
ex7-73,Remoraid,Pokémon,Basic,ex7,198,21
xy7-95,Steven,Trainer,Supporter,xy7,184,28
pl2-102,Upper Energy,Energy,Special,pl2,232,29
bw3-98,Victini,Pokémon,Basic,bw3,76,28
sm2-90,Cottonee,Pokémon,Basic,sm2,184,21
pl4-76,Tangela,Pokémon,Basic,pl4,108,21
sma-SV63,Naganadel-GX,Pokémon,"Stage 1,GX,Ultra Beast",sma,76,35
sv4pt5-30,Chimecho,Pokémon,Basic,sv4pt5,254,21
swsh7-174,Glaceon V,Pokémon,"Basic,V",swsh7,76,28
swsh7-93,Galarian Moltres,Pokémon,Basic,swsh7,326,34
sma-SV69,Umbreon-GX,Pokémon,"Stage 1,GX",sma,76,35
ex3-81,Wurmple,Pokémon,Basic,ex3,198,21
neo1-107,Fire Energy,Energy,Basic,neo1,307,13
ex15-42,Vibrava δ,Pokémon,Stage 1,ex15,198,29
col1-83,Professor Oak's New Theory,Trainer,Supporter,col1,116,29
sma-SV30,Beldum,Pokémon,Basic,sma,71,9
smp-SM91,Silvally-GX,Pokémon,"Stage 1,GX",smp,76,38
xy12-4,Metapod,Pokémon,Stage 1,xy12,116,29
xy1-113,Fletchling,Pokémon,Basic,xy1,76,21
bw9-91,Hoothoot,Pokémon,Basic,bw9,167,21
ecard3-126,Friend Ball,Trainer,,ecard3,92,29
sm5-75,Stunky,Pokémon,Basic,sm5,284,21
svp-114,Picnicker,Trainer,Supporter,svp,97,38
dp6-77,Unown [R],Pokémon,Basic,dp6,79,29
sm7-73,Donphan,Pokémon,Stage 1,sm7,116,29
swsh12pt5-4,Tangela,Pokémon,Basic,swsh12pt5,346,21
hgss1-93,Full Heal,Trainer,Item,hgss1,202,29
ex5-5,Electrode,Pokémon,Stage 1,ex5,271,34
me1-152,Delibird,Pokémon,Basic,me1,,7
swsh1-157,Bede,Trainer,Supporter,swsh1,292,29
hgss2-15,Fearow,Pokémon,Stage 1,hgss2,162,2
bw9-120,Garchomp,Pokémon,Stage 2,bw9,281,27
sv8pt5-12,Teal Mask Ogerpon ex,Pokémon,"Basic,Tera,ex",sv8pt5,,14
swsh45-14,Gossifleur,Pokémon,Basic,swsh45,293,21
sm2-22,Alolan Ninetales-GX,Pokémon,"Stage 1,GX",sm2,76,10
sv4pt5-146,Kilowattrel,Pokémon,Stage 1,sv4pt5,82,31
xy5-53,Kyogre,Pokémon,Basic,xy5,108,2
sm2-161,Aqua Patch,Trainer,Item,sm2,334,27
xy7-48,Metang,Pokémon,Stage 1,xy7,90,29
hgss3-50,Grimer,Pokémon,Basic,hgss3,198,21
swshp-SWSH058,Alcremie,Pokémon,Stage 1,swshp,254,38
sm2-24,Tentacruel,Pokémon,Stage 1,sm2,117,29
ex2-53,Volbeat,Pokémon,Basic,ex2,271,29
ex2-83,Wailmer,Pokémon,Basic,ex2,116,21
bw9-94,Kecleon,Pokémon,Basic,bw9,334,2
sm35-73,Pokémon Breeder,Trainer,Supporter,sm35,351,28
ex2-67,Lotad,Pokémon,Basic,ex2,108,21
bw6-63,Baltoy,Pokémon,Basic,bw6,90,21
swshp-SWSH055,Hatterene V,Pokémon,"Basic,V",swshp,72,38
base2-41,Parasect,Pokémon,Stage 1,base2,116,29
dc1-3,Team Aqua's Spheal,Pokémon,Basic,dc1,351,21
pl3-107,Goldeen,Pokémon,Basic,pl3,271,21
sv2-96,Palossand,Pokémon,Stage 1,sv2,12,29
sv7-171,Briar,Trainer,Supporter,sv7,,5
sv10-64,Cetoddle,Pokémon,Basic,sv10,254,21
base5-56,Ekans,Pokémon,Basic,base5,116,21
hgss4-59,Carvanha,Pokémon,Basic,hgss4,267,21
swsh2-108,Sandaconda V,Pokémon,"Basic,V",swsh2,207,16
sm12-70,Jolteon,Pokémon,Stage 1,sm12,146,29
base3-26,Magneton,Pokémon,Stage 1,base3,116,2
sv4-109,Ting-Lu,Pokémon,Basic,sv4,305,2
sm35-15,Litten,Pokémon,Basic,sm35,108,21
ex8-13,Ninjask,Pokémon,Stage 1,ex8,92,34
sv8-228,Cyclizar ex,Pokémon,"Basic,Tera,ex",sv8,,32
xy12-48,Haunter,Pokémon,Stage 1,xy12,307,29
sv3pt5-88,Grimer,Pokémon,Basic,sv3pt5,82,21
me1-42,Snom,Pokémon,Basic,me1,,21
swsh4-34,Dewott,Pokémon,Stage 1,swsh4,358,29
ecard3-61,Granbull,Pokémon,Stage 1,ecard3,17,21
hgss3-40,Unown,Pokémon,Basic,hgss3,299,29
pl2-65,Houndoom E4,Pokémon,"Basic,SP",pl2,117,21
sv9-58,Mr. Mime,Pokémon,Basic,sv9,248,21
smp-SM56,Tsareena-GX,Pokémon,"Stage 2,GX",smp,76,38
sm3-114,Escape Rope,Trainer,Item,sm3,334,29
swsh8-184,Durant,Pokémon,Basic,swsh8,317,21
ecard3-35,Xatu,Pokémon,Stage 1,ecard3,191,2
bw7-64,Croagunk,Pokémon,Basic,bw7,116,21
sv8-182,Megaton Blower,Trainer,"Item,ACE SPEC",sv8,,19
swsh5-87,Rapid Strike Urshifu V,Pokémon,"Basic,V,Rapid Strike",swsh5,336,16
swsh3-8,Karrablast,Pokémon,Basic,swsh3,71,21
xy4-5,Sewaddle,Pokémon,Basic,xy4,73,21
sv4-206,Morpeko,Pokémon,Basic,sv4,55,7
pl1-66,Zangoose,Pokémon,Basic,pl1,163,29
ex10-11,Poliwrath,Pokémon,Stage 2,ex10,163,34
smp-SM21,Drampa,Pokémon,Basic,smp,167,38
bw5-22,Volcarona,Pokémon,Stage 1,bw5,317,34
sv8pt5-132,Amarys,Trainer,Supporter,sv8pt5,,32
dp4-76,Lunatone,Pokémon,Basic,dp4,116,21
neo4-53,Light Venomoth,Pokémon,Stage 1,neo4,30,29
g1-55,Doduo,Pokémon,Basic,g1,377,21
base6-48,Kabuto,Pokémon,Stage 1,base6,116,29
sm1-159,Rotom Dex,Trainer,Item,sm1,76,27
swsh1-115,Stonjourner V,Pokémon,"Basic,V",swsh1,76,16
pop7-13,Corsola,Pokémon,Basic,pop7,198,21
zsv10pt5-153,Cinccino,Pokémon,Stage 1,zsv10pt5,110,7
xy7-100,Trainers' Mail,Trainer,Item,xy7,334,27
xy1-93,Aromatisse,Pokémon,Stage 1,xy1,76,34
swsh11tg-TG13,Orbeetle VMAX,Pokémon,VMAX,swsh11tg,151,25
sv10-154,Team Rocket's Porygon2,Pokémon,Stage 1,sv10,360,21
swsh1-102,Baltoy,Pokémon,Basic,swsh1,189,21
ex8-61,Goldeen,Pokémon,Basic,ex8,191,21
swshp-SWSH036,Arctozolt,Pokémon,Stage 1,swshp,264,38
sv8pt5-70,Archaludon,Pokémon,Stage 1,sv8pt5,,2
sv1-86,Gardevoir ex,Pokémon,"Stage 2,ex",sv1,275,14
sma-SV43,Noibat,Pokémon,Basic,sma,71,9
hgss2-13,Blastoise,Pokémon,Stage 2,hgss2,117,2
smp-SM97,Gumshoos,Pokémon,Stage 1,smp,214,38
col1-77,Copycat,Trainer,Supporter,col1,194,29
sv5-93,Rolycoly,Pokémon,Basic,sv5,308,21
ex7-97,Rocket's Entei ex,Pokémon,"Basic,ex",ex7,232,33
bw3-42,Stunfisk,Pokémon,Basic,bw3,317,21
si1-2,Pidgeot,Pokémon,Stage 2,si1,5,13
g1-24,Vaporeon-EX,Pokémon,"Basic,EX",g1,292,33
swsh9-20,Magmortar,Pokémon,Stage 1,swsh9,305,2
sm35-29,Raichu-GX,Pokémon,"Stage 1,GX",sm35,76,10
swsh8-36,Victini,Pokémon,Basic,swsh8,108,29
bw10-93,G Scope,Trainer,"Pokémon Tool,ACE SPEC,Team Plasma",bw10,76,30
xy11-2,Tangrowth,Pokémon,Stage 1,xy11,215,29
swsh6-115,Tauros,Pokémon,"Basic,Single Strike",swsh6,214,34
swsh35-39,Purrloin,Pokémon,Basic,swsh35,129,21
swsh12pt5-74,Lycanroc,Pokémon,Stage 1,swsh12pt5,183,2
ex14-3,Camerupt,Pokémon,Stage 1,ex14,108,34
hgss2-75,Engineer's Adjustments,Trainer,Supporter,hgss2,112,29
ecard2-89,Larvitar,Pokémon,Basic,ecard2,284,21
swsh7-214,Umbreon VMAX,Pokémon,"VMAX,Single Strike",swsh7,305,20
sv6-40,Hearthflame Mask Ogerpon ex,Pokémon,"Basic,Tera,ex",sv6,76,14
swsh4-82,Zacian,Pokémon,Basic,swsh4,317,26
base3-42,Seadra,Pokémon,Stage 1,base3,116,29
sv8-85,Meowstic,Pokémon,Stage 1,sv8,,29
cel25c-88_A,Mew ex,Pokémon,"Basic,ex",cel25c,232,12
hgss4-92,Celebi,Pokémon,"Basic,Prime",hgss4,299,23
hgss2-61,Roselia,Pokémon,Basic,hgss2,202,21
swsh45sv-SV047,Galarian Ponyta,Pokémon,Basic,swsh45sv,351,9
pl1-81,Lotad,Pokémon,Basic,pl1,117,21
swsh4-191,Togekiss VMAX,Pokémon,VMAX,swsh4,76,20
swsh12-139,Lugia VSTAR,Pokémon,VSTAR,swsh12,336,24
g1-RC20,Slurpuff,Pokémon,Stage 1,g1,267,29
me1-176,Wally's Compassion,Trainer,Supporter,me1,,32
swsh10-101,Hisuian Samurott V,Pokémon,"Basic,V",swsh10,317,16
sm5-23,Infernape,Pokémon,Stage 2,sm5,214,34
bw8-65,Trubbish,Pokémon,Basic,bw8,198,21
swsh12-115,Toxapex,Pokémon,Stage 1,swsh12,303,29
sv7-84,Mienshao,Pokémon,Stage 1,sv7,,29
bw11-RC7,Pikachu,Pokémon,Basic,bw11,191,29
swsh6-194,Klara,Trainer,Supporter,swsh6,292,28
gym1-103,No Removal Gym,Trainer,Stadium,gym1,307,2
neo1-15,Steelix,Pokémon,Stage 1,neo1,116,34
sv4-144,Porygon-Z,Pokémon,Stage 2,sv4,134,2
bw11-12,Leavanny,Pokémon,Stage 2,bw11,167,34
svp-143,Miraidon ex,Pokémon,"Basic,ex",svp,76,38
swsh8-18,Grubbin,Pokémon,Basic,swsh8,165,21
sm75-66,Kingdra-GX,Pokémon,"Stage 2,GX",sm75,76,28
ecard1-89,Poliwhirl,Pokémon,Stage 1,ecard1,43,29
swsh6-108,Single Strike Urshifu,Pokémon,"Stage 1,Single Strike",swsh6,108,34
xy9-82,Clefable,Pokémon,Stage 1,xy9,351,2
basep-38,Unown [J],Pokémon,Basic,basep,350,38
sv1-162,Squawkabilly,Pokémon,Basic,sv1,145,21
sm9-38,Voltorb,Pokémon,Basic,sm9,116,21
sv3pt5-78,Rapidash,Pokémon,Stage 1,sv3pt5,208,29
neo1-51,Togepi,Pokémon,Basic,neo1,284,29
swsh5-115,Glameow,Pokémon,Basic,swsh5,90,21
sv6-169,Sunflora,Pokémon,Stage 1,sv6,266,7
sv5-31,Heatmor,Pokémon,Basic,sv5,117,21
dp5-44,Prinplup,Pokémon,Stage 1,dp5,79,29
neo3-26,Sudowoodo,Pokémon,Basic,neo3,125,2
sv8-185,Precious Trolley,Trainer,"Item,ACE SPEC",sv8,,19
swsh8-89,Plusle,Pokémon,"Basic,Rapid Strike",swsh8,358,21
dp6-12,Politoed,Pokémon,Stage 2,dp6,117,34
sv3pt5-169,Charmeleon,Pokémon,Stage 1,sv3pt5,58,7
pl1-61,Seviper,Pokémon,Basic,pl1,125,29
sv6-202,Bloodmoon Ursaluna ex,Pokémon,"Basic,ex",sv6,207,32
ecard2-35,Steelix,Pokémon,Stage 1,ecard2,163,2
sv8-112,Clobbopus,Pokémon,Basic,sv8,,21
bw7-21,Numel,Pokémon,Basic,bw7,167,21
sv6-109,Glimmora,Pokémon,Stage 1,sv6,342,29
g1-13,Ninetales-EX,Pokémon,"Basic,EX",g1,297,33
sv3pt5-21,Spearow,Pokémon,Basic,sv3pt5,96,21
ex11-113,Metagross ★,Pokémon,"Basic,Star",ex11,117,6
ex3-24,Camerupt,Pokémon,Stage 1,ex3,284,29
me2-77,Wigglytuff,Pokémon,Stage 1,me2,339,29
dp1-6,Lucario,Pokémon,Stage 1,dp1,116,34
swsh5-5,Cacturne,Pokémon,Stage 1,swsh5,17,29
xy9-47,Luxray BREAK,Pokémon,BREAK,xy9,76,15
swsh4-56,Galvantula,Pokémon,Stage 1,swsh4,90,29
sm6-1,Exeggcute,Pokémon,Basic,sm6,43,21
hgss3-5,Houndoom,Pokémon,Stage 1,hgss3,162,34
dc1-18,Team Aqua's Mightyena,Pokémon,Stage 1,dc1,108,21
sm10-191,Pheromosa & Buzzwole-GX,Pokémon,"Basic,TAG TEAM,GX,Ultra Beast",sm10,207,28
swsh8-51,Cloyster,Pokémon,"Stage 1,Rapid Strike",swsh8,214,2
xy4-15,Totodile,Pokémon,Basic,xy4,162,21
pl3-12,Swampert,Pokémon,Stage 2,pl3,162,34
sv7-163,Briar,Trainer,Supporter,sv7,,32
xy11-48,Litwick,Pokémon,Basic,xy11,116,21
dp6-110,Numel,Pokémon,Basic,dp6,112,21
sm35-44,Golurk,Pokémon,Stage 1,sm35,162,29
sm10-211,Koga's Trap,Trainer,Supporter,sm10,142,28
neo2-58,Mareep,Pokémon,Basic,neo2,191,21
sv5-141,Awakening Drum,Trainer,"Item,Ancient,ACE SPEC",sv5,334,19
ex14-22,Kingler δ,Pokémon,Stage 1,ex14,117,2
sm10-9,Venonat,Pokémon,Basic,sm10,215,21
base6-52,Magikarp,Pokémon,Basic,base6,108,29
xy2-68,Carbink,Pokémon,Basic,xy2,76,34
hgss1-87,Vulpix,Pokémon,Basic,hgss1,142,21
swsh6-106,Whirlipede,Pokémon,Stage 1,swsh6,134,29
swsh10tg-TG07,Falinks,Pokémon,"Basic,Rapid Strike",swsh10tg,35,37
ex8-77,Staryu,Pokémon,Basic,ex8,293,21
ex11-39,Ditto,Pokémon,Basic,ex11,43,29
ecard3-49,Delibird,Pokémon,Basic,ecard3,125,21
xy3-63,Hawlucha,Pokémon,Basic,xy3,76,34
bw1-45,Joltik,Pokémon,Basic,bw1,117,21
col1-31,Skarmory,Pokémon,Basic,col1,198,2
ex14-21,Igglybuff,Pokémon,Basic,ex14,189,2
bw3-9,Foongus,Pokémon,Basic,bw3,167,21
sm12-256,Flygon-GX,Pokémon,"Stage 2,GX",sm12,70,20
sv6pt5-25,Bloodmoon Ursaluna,Pokémon,Basic,sv6pt5,,2
bw9-77,Zweilous,Pokémon,Stage 1,bw9,167,29
base5-64,Ponyta,Pokémon,Basic,base5,191,21
xy5-100,Aegislash,Pokémon,Stage 2,xy5,112,34
sm3-111,Bewear,Pokémon,Stage 1,sm3,108,2
sv10-133,Marnie's Scrafty,Pokémon,Stage 1,sv10,342,29
swsh9-113,Druddigon,Pokémon,Basic,swsh9,232,2
ex15-68,Trapinch δ,Pokémon,Basic,ex15,198,21
bw6-58,Golett,Pokémon,Basic,bw6,108,21
basep-5,Dragonite,Pokémon,Stage 2,basep,286,38
hgss2-95,Suicune & Entei LEGEND,Pokémon,LEGEND,hgss2,272,11
swshp-SWSH057,Grimmsnarl V,Pokémon,"Basic,V",swshp,76,38
swsh9tg-TG03,Octillery,Pokémon,"Stage 1,Rapid Strike",swsh9tg,266,37
sv8-34,Armarouge,Pokémon,Stage 1,sv8,,29
gym2-39,Erika's Bulbasaur,Pokémon,Basic,gym2,116,29
ecard2-65,Weepinbell,Pokémon,Stage 1,ecard2,189,29
dp3-42,Wormadam Sandy Cloak,Pokémon,Stage 1,dp3,162,2
swsh45sv-SV058,Alcremie,Pokémon,Stage 1,swsh45sv,267,9
sm9-72,Primeape,Pokémon,Stage 1,sm9,277,2
sv10-136,Marnie's Grimmsnarl ex,Pokémon,"Stage 2,ex",sv10,336,14
sv3pt5-73,Tentacruel,Pokémon,Stage 1,sv3pt5,58,29
bw3-68,Stunfisk,Pokémon,Basic,bw3,198,29
me2-63,Absol,Pokémon,Basic,me2,279,21
rsv10pt5-107,Samurott,Pokémon,Stage 2,rsv10pt5,260,7
swsh6-123,Shaymin,Pokémon,Basic,swsh6,184,34
sv1-101,Flittle,Pokémon,Basic,sv1,98,21
xy2-45,Geodude,Pokémon,Basic,xy2,267,21
base1-41,Seel,Pokémon,Basic,base1,116,29
sv1-10,Vivillon,Pokémon,Stage 2,sv1,191,29
ex9-19,Rhydon,Pokémon,Stage 1,ex9,112,2
ecard1-31,Vileplume,Pokémon,Stage 2,ecard1,189,34
sv4pt5-107,Scovillain,Pokémon,Stage 1,sv4pt5,112,31
sv5-14,Cottonee,Pokémon,Basic,sv5,271,21
sv8-155,Heliolisk,Pokémon,Stage 1,sv8,,21
xy6-45,Togekiss,Pokémon,Stage 2,xy6,125,2
xy8-96,Bronzong,Pokémon,Stage 1,xy8,17,2
xy9-36,Ducklett,Pokémon,Basic,xy9,191,21
col1-23,Ampharos,Pokémon,Stage 2,col1,117,2
sv3-143,Mawile,Pokémon,Basic,sv3,129,29
swsh4-179,Allister,Trainer,Supporter,swsh4,351,28
swsh3-44,Galarian Darmanitan,Pokémon,Stage 1,swsh3,117,2
sv2-19,Nymble,Pokémon,Basic,sv2,317,21
bw11-48,Minun,Pokémon,Basic,bw11,112,29
sm8-153,Blissey,Pokémon,Stage 1,sm8,267,34
ecard3-34,Wigglytuff,Pokémon,Stage 1,ecard3,89,2
dpp-DP51,Cresselia,Pokémon,Basic,dpp,374,38
ex13-22,Latios δ,Pokémon,Basic,ex13,117,2
sm9-47,Joltik,Pokémon,Basic,sm9,43,21
swsh12-6,Sunflora,Pokémon,Stage 1,swsh12,200,29
ex16-71,Battle Frontier,Trainer,Stadium,ex16,198,29
sv4-189,Mantyke,Pokémon,Basic,sv4,118,7
xy6-19,Pelipper,Pokémon,Stage 1,xy6,198,29
sv4-214,Porygon-Z,Pokémon,Stage 2,sv4,376,7
swsh45-35,Morpeko,Pokémon,Basic,swsh45,332,21
sv9-108,Hop's Corviknight,Pokémon,Stage 2,sv9,94,29
ex12-54,Grimer,Pokémon,Basic,ex12,17,21
sv5-159,Rescue Board,Trainer,Pokémon Tool,sv5,334,29
ex8-91,Space Center,Trainer,Stadium,ex8,232,29
base6-47,Ivysaur,Pokémon,Stage 1,base6,116,29
gym1-52,Lt. Surge's Spearow,Pokémon,Basic,gym1,116,29
swsh3-72,Lunatone,Pokémon,Basic,swsh3,189,29
sv8pt5-52,Hippopotas,Pokémon,Basic,sv8pt5,,21
swsh12pt5-160,Pikachu,Pokémon,Basic,swsh12pt5,273,27
xy12-62,Hitmonchan,Pokémon,Basic,xy12,116,34
sv1-141,Varoom,Pokémon,Basic,sv1,214,21
neo1-69,Onix,Pokémon,Basic,neo1,108,21
pop1-12,Minun,Pokémon,Basic,pop1,116,21
sv4-117,Garbodor,Pokémon,Stage 1,sv4,308,29
dp1-84,Goldeen,Pokémon,Basic,dp1,191,21
svp-134,Crabominable,Pokémon,Stage 1,svp,105,38
sv1-18,Tarountula,Pokémon,Basic,sv1,112,21
sm75-47,Kyurem,Pokémon,Basic,sm75,142,34
ex5-37,Igglybuff,Pokémon,Basic,ex5,284,29
sm8-126,Scizor,Pokémon,Stage 1,sm8,277,34
xy1-37,Panpour,Pokémon,Basic,xy1,271,21
pl4-30,Sceptile,Pokémon,Stage 2,pl4,161,2
dp2-50,Golbat,Pokémon,Stage 1,dp2,205,29
dp6-95,Gligar,Pokémon,Basic,dp6,112,21
sm12-78,Natu,Pokémon,Basic,sm12,223,21
pl2-RT4,Mow Rotom,Pokémon,Basic,pl2,171,2
sv3pt5-193,Mew ex,Pokémon,"Basic,ex",sv3pt5,207,32
me2-124,Ignition Energy,Energy,Special,me2,,32
sv4pt5-228,Judge,Trainer,Supporter,sv4pt5,37,32
xy2-53,Stunky,Pokémon,Basic,xy2,271,21
sv5-218,Raging Bolt ex,Pokémon,"Basic,ex,Ancient",sv5,207,1
ex9-63,Shroomish,Pokémon,Basic,ex9,108,21
sv6-15,Thwackey,Pokémon,Stage 1,sv6,376,21
sv3pt5-98,Krabby,Pokémon,Basic,sv3pt5,293,21
sm3-91,Ralts,Pokémon,Basic,sm3,262,21
ex4-81,Team Magma Belt,Trainer,Pokémon Tool,ex4,108,29
sm11-176,Unfezant,Pokémon,Stage 2,sm11,317,2
base4-76,Goldeen,Pokémon,Basic,base4,162,21
ex14-48,Charmander,Pokémon,Basic,ex14,191,21
sv10-196,Electrike,Pokémon,Basic,sv10,155,7
sv9-111,Hop's Zacian ex,Pokémon,"Basic,ex",sv9,207,14
smp-SM202,Amoonguss,Pokémon,Stage 1,smp,267,38
sm6-58,Torterra,Pokémon,Stage 2,sm6,73,2
ex12-12,Shiftry,Pokémon,Stage 2,ex12,108,34
swsh12-26,Braixen,Pokémon,Stage 1,swsh12,303,29
swsh6-232,Psychic Energy,Energy,Basic,swsh6,,27
sm4-44,Pumpkaboo,Pokémon,Basic,sm4,189,21
dp1-65,Unown [A],Pokémon,Basic,dp1,240,29
sv8-75,Smoochum,Pokémon,Basic,sv8,,21
smp-SM164,Deoxys,Pokémon,Basic,smp,273,38
sv3pt5-67,Machoke,Pokémon,Stage 1,sv3pt5,66,29
sv10-91,Primeape,Pokémon,Stage 1,sv10,248,21
sv2-32,Pyroar,Pokémon,Stage 1,sv2,146,29
sm7-109,Rayquaza-GX,Pokémon,"Basic,GX",sm7,76,10
me1-55,Kadabra,Pokémon,Stage 1,me1,,29
swsh8-174,Pangoro,Pokémon,Stage 1,swsh8,12,29
pl1-86,Poochyena,Pokémon,Basic,pl1,17,21
sv7-145,Lileep,Pokémon,Stage 1,sv7,,7
sv4-18,Wo-Chien,Pokémon,Basic,sv4,112,2
swsh6-144,Karen's Conviction,Trainer,"Supporter,Single Strike",swsh6,116,29
sm1-101,Eevee,Pokémon,Basic,sm1,322,21
sm12-266,Lana's Fishing Rod,Trainer,Item,sm12,297,27
sv10-216,Team Rocket's Nidoking ex,Pokémon,"Stage 2,ex",sv10,76,32
bw4-65,Hippopotas,Pokémon,Basic,bw4,167,21
swsh1-6,Whimsicott,Pokémon,Stage 1,swsh1,183,2
ex10-70,Pupitar,Pokémon,Stage 1,ex10,308,21
bw5-57,Excadrill,Pokémon,Stage 1,bw5,117,2
pl2-41,Glaceon,Pokémon,Stage 1,pl2,284,29
sm3-154,Machamp-GX,Pokémon,"Stage 2,GX",sm3,76,20
hgss1-6,Jumpluff,Pokémon,Stage 2,hgss1,254,34
sv4-84,Tinkatuff,Pokémon,Stage 1,sv4,224,21
swsh8-25,Eldegoss,Pokémon,Stage 1,swsh8,340,29
sv6-179,Chimecho,Pokémon,Basic,sv6,313,7
bw10-67,Axew,Pokémon,Basic,bw10,254,21
bw4-72,Shiftry,Pokémon,Stage 2,bw4,167,2
pop7-16,Sentret,Pokémon,Basic,pop7,198,21
zsv10pt5-24,Alomomola,Pokémon,Basic,zsv10pt5,98,29
swsh7-46,Wishiwashi,Pokémon,"Basic,Rapid Strike",swsh7,151,2
sm9-63,Muk,Pokémon,Stage 1,sm9,277,2
bw6-91,Garchomp,Pokémon,Stage 2,bw6,292,2
swsh1-52,Mantine,Pokémon,Basic,swsh1,212,29
sm6-36,Magnezone,Pokémon,Stage 2,sm6,355,2
swsh4-186,Orbeetle VMAX,Pokémon,VMAX,swsh4,76,20
swsh8-126,Palossand,Pokémon,Stage 1,swsh8,322,2
dp2-70,Aipom,Pokémon,Basic,dp2,162,21
dp3-130,Metal Energy,Energy,Special,dp3,50,29
ecard3-45,Wobbuffet,Pokémon,Basic,ecard3,162,29
sv10-39,Ethan's Ho-Oh ex,Pokémon,"Basic,ex",sv10,207,14
swsh4-77,Dedenne,Pokémon,Basic,swsh4,43,21
sm3-106,Hoothoot,Pokémon,Basic,sm3,267,21
bw2-34,Galvantula,Pokémon,Stage 1,bw2,162,29
swsh12pt5-36,Kyogre,Pokémon,Basic,swsh12pt5,112,34
dp2-104,Surskit,Pokémon,Basic,dp2,116,21
swsh1-99,Rhyperior,Pokémon,Stage 2,swsh1,290,34
swsh4-117,Metang,Pokémon,Stage 1,swsh4,326,29
swsh12pt5gg-GG15,Solrock,Pokémon,Basic,swsh12pt5gg,119,37
pl3-24,Dewgong,Pokémon,Stage 1,pl3,194,2
dp3-15,Mew,Pokémon,Basic,dp3,162,34
swsh9-51,Luxray,Pokémon,Stage 2,swsh9,281,2
mcd21-16,Scorbunny,Pokémon,Basic,mcd21,75,13
pgo-2,Ivysaur,Pokémon,Stage 1,pgo,200,29
swsh10-68,Diancie,Pokémon,Basic,swsh10,55,34
sm8-236,Wait and See Hammer,Trainer,Item,sm8,355,27
swsh4-127,Aegislash VMAX,Pokémon,VMAX,swsh4,207,25
bw7-17,Lilligant,Pokémon,Stage 1,bw7,194,2
sm1-77,Alolan Raticate,Pokémon,Stage 1,sm1,167,29
sm5-63,Dawn Wings Necrozma-GX,Pokémon,"Basic,GX,Ultra Beast",sm5,76,10
sm6-86,Florges,Pokémon,Stage 2,sm6,290,2
base4-99,Vulpix,Pokémon,Basic,base4,116,21
xy4-69,Slurpuff,Pokémon,Stage 1,xy4,254,34
dp3-73,Venomoth,Pokémon,Stage 1,dp3,108,29
swsh5-177,Single Strike Style Mustard,Trainer,"Supporter,Single Strike",swsh5,108,20
pop2-16,Pikachu,Pokémon,Basic,pop2,43,21
swsh10-174,Hisuian Sneasler V,Pokémon,"Basic,V",swsh10,76,28
sv2-47,Luvdisc,Pokémon,Basic,sv2,242,21
smp-SM43,Alolan Meowth,Pokémon,Basic,smp,184,38
swsh12-208,Wallace,Trainer,Supporter,swsh12,66,20
sv8-177,Gravity Mountain,Trainer,Stadium,sv8,,29
swshp-SWSH144,Greninja ★,Pokémon,"Basic,Star",swshp,117,38
sv6-184,Lairon,Pokémon,Stage 1,sv6,31,7
sv3pt5-159,Energy Sticker,Trainer,Item,sv3pt5,281,29
sv1-247,Koraidon ex,Pokémon,"Basic,ex",sv1,196,5
me2-105,Wigglytuff,Pokémon,Stage 1,me2,313,7
sm10-151,Dodrio,Pokémon,Stage 1,sm10,6,29
swsh6-53,Zeraora V,Pokémon,"Basic,V,Rapid Strike",swsh6,24,16
hgss2-90,Entei & Raikou LEGEND,Pokémon,LEGEND,hgss2,272,11
swsh5-58,Claydol,Pokémon,Stage 1,swsh5,322,2
ex2-56,Aron,Pokémon,Basic,ex2,191,21
bw8-43,Magnemite,Pokémon,Basic,bw8,167,21
sv2-8,Combee,Pokémon,Basic,sv2,170,21
ex9-80,Oran Berry,Trainer,Pokémon Tool,ex9,23,29
swsh12tg-TG28,Sordward & Shielbert,Trainer,Supporter,swsh12tg,214,28
ex14-61,Spearow,Pokémon,Basic,ex14,198,21
ex10-1,Ampharos,Pokémon,Stage 2,ex10,271,34
me2-51,Trapinch,Pokémon,Basic,me2,146,21
sv6pt5-27,Zubat,Pokémon,Basic,sv6pt5,,21
bw8-93,Cobalion-EX,Pokémon,"Basic,EX",bw8,297,33
ex11-82,Sandshrew,Pokémon,Basic,ex11,17,21
swsh4-53,Blitzle,Pokémon,Basic,swsh4,332,21
dpp-DP16,Pikachu,Pokémon,Basic,dpp,125,38
ex3-84,Energy Recycle System,Trainer,Item,ex3,174,29
swsh9-6,Turtwig,Pokémon,Basic,swsh9,304,21
sv4-230,Aegislash ex,Pokémon,"Stage 2,ex",sv4,290,32
sm11-114,Garchomp,Pokémon,Stage 2,sm11,340,34
me1-148,Spiritomb,Pokémon,Basic,me1,,7
me2-95,Ludicolo,Pokémon,Stage 2,me2,245,7
sv10-73,Team Rocket's Flaaffy,Pokémon,Stage 1,sv10,245,21
swsh7-158,Single Strike Scroll of the Fanged Dragon,Trainer,"Single Strike,Item,Pokémon Tool",swsh7,76,29
bw8-21,Litwick,Pokémon,Basic,bw8,112,21
bw8-64,Trubbish,Pokémon,Basic,bw8,112,21
cel25c-20_A,Cleffa,Pokémon,Baby,cel25c,162,12
swsh4-93,Zygarde,Pokémon,Basic,swsh4,66,34
pl3-119,Paras,Pokémon,Basic,pl3,293,21
sv3pt5-96,Drowzee,Pokémon,Basic,sv3pt5,169,21
swsh6-89,Sandaconda V,Pokémon,"Basic,V",swsh6,317,16
bw10-104,Dusknoir,Pokémon,Stage 2,bw10,281,27
swsh5-143,Flapple V,Pokémon,"Basic,V",swsh5,336,28
swsh9tg-TG20,Rapid Strike Urshifu V,Pokémon,"Basic,V,Rapid Strike",swsh9tg,356,16
pl4-46,Ponyta,Pokémon,Basic,pl4,194,29
xy11-29,Gastrodon,Pokémon,Stage 1,xy11,308,2
me1-78,Croagunk,Pokémon,Basic,me1,,21
swshp-SWSH052,Gengar,Pokémon,Stage 2,swshp,322,38
ex15-31,Horsea δ,Pokémon,Basic,ex15,17,29
sv4pt5-70,Cyclizar,Pokémon,Basic,sv4pt5,94,2
swsh5-109,Corviknight V,Pokémon,"Basic,V",swsh5,336,16
ex12-45,Tentacruel,Pokémon,Stage 1,ex12,162,29
swsh8-132,Sandslash,Pokémon,Stage 1,swsh8,271,29
ex2-39,Kabuto,Pokémon,Stage 1,ex2,191,29
sv6pt5-30,Absol,Pokémon,Basic,sv6pt5,,21
xy9-50,Drowzee,Pokémon,Basic,xy9,90,21
swsh1-5,Cottonee,Pokémon,Basic,swsh1,242,21
dpp-DP14,Chatot,Pokémon,Basic,dpp,117,38
sm8-197,Virizion-GX,Pokémon,"Basic,GX",sm8,76,28
base1-79,Super Energy Removal,Trainer,,base1,307,2
xy4-102,Robo Substitute Team Flare Gear,Trainer,Item,xy4,334,29
sm6-69,Tyrantrum,Pokémon,Stage 2,sm6,134,34
sm12-185,Beastite,Trainer,Pokémon Tool,sm12,100,29
swsh1-113,Grapploct,Pokémon,Stage 1,swsh1,317,2
xy10-95,Devolution Spray,Trainer,Item,xy10,334,29
swsh6-79,Galarian Sirfetch'd,Pokémon,"Stage 1,Single Strike",swsh6,146,2
sm3-115,Guzma,Trainer,Supporter,sm3,116,29
zsv10pt5-3,Serperior ex,Pokémon,"Stage 2,ex",zsv10pt5,72,14
sm1-26,Incineroar,Pokémon,Stage 2,sm1,75,2
sv5-143,Boxed Order,Trainer,Item,sv5,296,29
sm8-198,Magcargo-GX,Pokémon,"Stage 1,GX",sm8,76,28
sm2-91,Whimsicott,Pokémon,Stage 1,sm2,112,29
sv6pt5-89,Xerosic's Machinations,Trainer,Supporter,sv6pt5,,32
xy12-17,Growlithe,Pokémon,Basic,xy12,116,21
neo2-39,Houndour,Pokémon,Basic,neo2,257,29
bw10-29,Ducklett,Pokémon,Basic,bw10,292,21
sv4-69,Toxel,Pokémon,Basic,sv4,43,21
xy12-40,Electrode,Pokémon,Stage 1,xy12,307,2
sm75-24,Feraligatr,Pokémon,Stage 2,sm75,116,34
sm12-23,Ponyta,Pokémon,Basic,sm12,146,21
ex8-24,Seaking,Pokémon,Stage 1,ex8,191,2
swsh7-51,Jolteon VMAX,Pokémon,VMAX,swsh7,76,25
sv8pt5-21,Seaking,Pokémon,Stage 1,sv8pt5,,29
bw6-94,Deino,Pokémon,Basic,bw6,112,21
sv8-245,Jasmine's Gaze,Trainer,Supporter,sv8,,5
hgss1-30,Smoochum,Pokémon,Basic,hgss1,198,2
base3-4,Dragonite,Pokémon,Stage 2,base3,162,34
bw10-73,Porygon2,Pokémon,Stage 1,bw10,152,29
sm3-107,Noctowl,Pokémon,Stage 1,sm3,333,29
pop6-7,Gible,Pokémon,Basic,pop6,112,29
mcd22-10,Tynamo,Pokémon,Basic,mcd22,129,13
ex13-51,Raichu,Pokémon,Stage 1,ex13,112,29
sm6-44,Espurr,Pokémon,Basic,sm6,131,21
sv3pt5-117,Seadra,Pokémon,Stage 1,sv3pt5,7,29
ex4-60,Team Magma's Baltoy,Pokémon,Basic,ex4,362,21
sv4pt5-139,Thundurus,Pokémon,Basic,sv4pt5,317,31
ex5-29,Beldum,Pokémon,Basic,ex5,108,29
zsv10pt5-136,Krokorok,Pokémon,Stage 1,zsv10pt5,247,7
sv6-114,Mightyena,Pokémon,Stage 1,sv6,73,29
swsh2-136,Copperajah V,Pokémon,"Basic,V",swsh2,76,16
swsh1-48,Lapras,Pokémon,Basic,swsh1,326,2
swshp-SWSH131,Shadow Rider Calyrex V,Pokémon,"Basic,V",swshp,76,38
hgss2-41,Tauros,Pokémon,Basic,hgss2,17,29
bw7-5,Tangela,Pokémon,Basic,bw7,267,21
swsh12-173,Alolan Vulpix V,Pokémon,"Basic,V",swsh12,76,28
smp-SM244,Aipom,Pokémon,Basic,smp,322,38
ecard3-H18,Magneton,Pokémon,Stage 1,ecard3,163,34
swsh7-226,Froslass,Pokémon,Stage 1,swsh7,296,27
sm7-47,Voltorb,Pokémon,Basic,sm7,116,21
sm1-2,Metapod,Pokémon,Stage 1,sm1,43,29
sv4pt5-80,Iono,Trainer,Supporter,sv4pt5,351,29
sv3-107,Nosepass,Pokémon,Basic,sv3,119,21
swshp-SWSH201,Espeon V,Pokémon,"Basic,V",swshp,76,38
ecard2-109,Smeargle,Pokémon,Basic,ecard2,189,21
bwp-BW52,Lillipup,Pokémon,Basic,bwp,71,38
sv2-69,Shinx,Pokémon,Basic,sv2,145,21
swsh11-196,Volo,Trainer,Supporter,swsh11,215,28
sv9-61,Beldum,Pokémon,Basic,sv9,95,21
swsh7-147,Elemental Badge,Trainer,"Item,Pokémon Tool",swsh7,296,29
xy1-70,Krokorok,Pokémon,Stage 1,xy1,340,29
sm8-115,Larvitar,Pokémon,Basic,sm8,172,21
smp-SM114,Ash's Pikachu,Pokémon,Basic,smp,42,38
cel25c-107_A,Donphan,Pokémon,"Stage 1,Prime",cel25c,79,12
ex7-76,Slowpoke,Pokémon,Basic,ex7,191,21
swsh35-72,Grapploct V,Pokémon,"Basic,V",swsh35,72,28
swsh1-200,Marnie,Trainer,Supporter,swsh1,215,28
me2-67,Toxel,Pokémon,Basic,me2,140,21
swsh8-37,Pansear,Pokémon,Basic,swsh8,6,21
ex7-75,Sentret,Pokémon,Basic,ex7,43,21
sv8pt5-32,Iron Thorns ex,Pokémon,"Basic,ex,Future",sv8pt5,,14
sv3pt5-34,Nidoking,Pokémon,Stage 2,sv3pt5,251,2
dp3-98,Phanpy,Pokémon,Basic,dp3,112,21
sv4pt5-147,Wigglytuff,Pokémon,Stage 1,sv4pt5,162,31
me1-73,Hariyama,Pokémon,Stage 1,me1,,2
dp4-37,Floatzel,Pokémon,Stage 1,dp4,112,29
ex8-83,Zubat,Pokémon,Basic,ex8,34,21
sm4-58,Houndour,Pokémon,Basic,sm4,112,21
pop2-1,Entei,Pokémon,Basic,pop2,112,2
swsh11-197,Kyurem VMAX,Pokémon,VMAX,swsh11,275,20
me1-142,Inteleon,Pokémon,Stage 2,me1,,7
ex4-84,Team Magma Technical Machine 01,Trainer,Technical Machine,ex4,108,29
basep-43,Machamp,Pokémon,Stage 2,basep,17,38
bw4-64,Lucario,Pokémon,Stage 1,bw4,292,34
base1-48,Doduo,Pokémon,Basic,base1,108,21
ex12-24,Pinsir,Pokémon,Basic,ex12,108,2
sm3-75,Lycanroc,Pokémon,Stage 1,sm3,317,34
ex1-81,Energy Restore,Trainer,Item,ex1,173,29
sv3pt5-167,Ivysaur,Pokémon,Stage 1,sv3pt5,170,7
bw10-100,Palkia-EX,Pokémon,"Basic,EX,Team Plasma",bw10,76,28
xy11-47,Drifblim,Pokémon,Stage 1,xy11,189,29
sv3pt5-92,Gastly,Pokémon,Basic,sv3pt5,17,21
sv1-244,Miraidon ex,Pokémon,"Basic,ex",sv1,91,5
swsh12-32,Incineroar,Pokémon,Stage 2,swsh12,37,2
sv5-9,Roserade,Pokémon,Stage 1,sv5,210,29
pl3-128,Skorupi,Pokémon,Basic,pl3,163,21
ex9-38,Ninetales,Pokémon,Stage 1,ex9,198,29
swsh9-80,Throh,Pokémon,Basic,swsh9,151,21
swshp-SWSH053,Machamp,Pokémon,Stage 2,swshp,172,38
swsh2-190,Milo,Trainer,Supporter,swsh2,75,28
swsh11-203,Hisuian Zoroark VSTAR,Pokémon,VSTAR,swsh11,207,20
sv10-238,Team Rocket's Giovanni,Trainer,Supporter,sv10,209,5
xy3-30,Electivire,Pokémon,Stage 1,xy3,216,2
xyp-XY206,Gym Badge,Trainer,Item,xyp,232,38
bw8-52,Zubat,Pokémon,Basic,bw8,162,21
sv4-258,Rika,Trainer,Supporter,sv4,91,5
bw5-56,Excadrill,Pokémon,Stage 1,bw5,108,2
sm5-20,Chimchar,Pokémon,Basic,sm5,116,21
swsh12-42,Glalie,Pokémon,Stage 1,swsh12,104,29
sv1-123,Great Tusk ex,Pokémon,"Basic,ex",sv1,76,14
swsh6-114,Cobalion,Pokémon,Basic,swsh6,326,34
base5-12,Dark Slowbro,Pokémon,Stage 1,base5,108,34
swsh9-178,Cynthia's Ambition,Trainer,Supporter,swsh9,184,20
sma-SV5,Pheromosa,Pokémon,"Basic,Ultra Beast",sma,71,9
swsh2-204,Frosmoth,Pokémon,Stage 1,swsh2,70,27
rsv10pt5-157,Whimsicott ex,Pokémon,"Stage 1,ex",rsv10pt5,76,32
xy5-41,Whiscash,Pokémon,Stage 1,xy5,216,2
pl4-99,Tangrowth LV.X,Pokémon,Level-Up,pl4,232,3
swsh12pt5-145,Trekking Shoes,Trainer,Item,swsh12pt5,74,29
swsh1-155,Cramorant V,Pokémon,"Basic,V",swsh1,207,16
bw8-96,White Kyurem-EX,Pokémon,"Basic,EX",bw8,298,33
gym1-127,Fighting Energy,Energy,Basic,gym1,307,13
gym1-76,Erika's Bellsprout,Pokémon,Basic,gym1,116,21
swsh9-17,Charizard V,Pokémon,"Basic,V",swsh9,275,16
sm5-156,Volkner,Trainer,Supporter,sm5,142,28
sm8-71,Electabuzz,Pokémon,Basic,sm8,284,29
hgss3-36,Scyther,Pokémon,Basic,hgss3,179,29
sm6-40,Rotom,Pokémon,Basic,sm6,284,2
dp5-2,Cresselia,Pokémon,Basic,dp5,108,34
xy11-14,Larvesta,Pokémon,Basic,xy11,17,21
swshp-SWSH094,Jolteon,Pokémon,Stage 1,swshp,55,38
swsh45-42,Galarian Weezing,Pokémon,Stage 1,swsh45,108,34
swsh11-185,Giratina V,Pokémon,"Basic,V",swsh11,275,28
bw3-23,Palpitoad,Pokémon,Stage 1,bw3,254,29
bwp-BW91,Jolteon,Pokémon,Stage 1,bwp,114,38
pl2-52,Tropius,Pokémon,Basic,pl2,116,29
ex5-54,Beldum,Pokémon,Basic,ex5,112,21
bw10-90,Ultra Ball,Trainer,Item,bw10,76,29
ex12-71,Wynaut,Pokémon,Basic,ex12,43,21
sm12-192,Great Catcher,Trainer,Item,sm12,296,29
neo3-22,Raikou,Pokémon,Basic,neo3,284,2
sv10-219,Team Rocket's Persian ex,Pokémon,"Stage 1,ex",sv10,76,32
ecard3-5,Beedrill,Pokémon,Stage 2,ecard3,136,2
sm6-101,Noivern,Pokémon,Stage 1,sm6,273,2
sv2-12,Sprigatito,Pokémon,Basic,sv2,184,21
swsh45-22,Buizel,Pokémon,Basic,swsh45,242,21
sm9-174,Erika's Hospitality,Trainer,Supporter,sm9,351,28
svp-165,Terapagos ex,Pokémon,"Basic,Tera,ex",svp,,38
sv5-86,Excadrill,Pokémon,Stage 1,sv5,352,29
sv4pt5-53,Great Tusk ex,Pokémon,"Basic,ex,Ancient",sv4pt5,73,14
xy5-46,Spheal,Pokémon,Basic,xy5,162,21
sv1-185,Poké Ball,Trainer,Item,sv1,296,21
ex7-37,Dark Houndoom,Pokémon,Stage 1,ex7,240,29
rsv10pt5-12,Pignite,Pokémon,Stage 1,rsv10pt5,151,21
sm4-104,Buzzwole-GX,Pokémon,"Basic,GX,Ultra Beast",sm4,76,28
xy4-90,Furfrou,Pokémon,Basic,xy4,292,29
ecard2-H26,Tentacruel,Pokémon,Stage 1,ecard2,163,34
zsv10pt5-26,Beartic,Pokémon,Stage 1,zsv10pt5,288,2
me2-7,Ludicolo,Pokémon,Stage 2,me2,277,29
bw4-44,Luxio,Pokémon,Stage 1,bw4,112,29
swsh12pt5-16,Zarude,Pokémon,Basic,swsh12pt5,251,34
sm4-57,Buzzwole-GX,Pokémon,"Basic,GX,Ultra Beast",sm4,76,10
me1-10,Meganium,Pokémon,Stage 2,me1,,2
base1-78,Scoop Up,Trainer,,base1,307,2
xy11-26,Volcanion-EX,Pokémon,"Basic,EX",xy11,76,33
sv9-68,Lillie's Comfey,Pokémon,Basic,sv9,304,21
bw11-16,Genesect,Pokémon,Basic,bw11,281,34
sv8-216,Scovillain ex,Pokémon,"Stage 1,ex",sv8,,32
sv5-61,Iron Hands,Pokémon,"Basic,Future",sv5,224,29
sm1-162,Psychic Energy,Energy,Basic,sm1,,27
rsv10pt5-104,Heatmor,Pokémon,Basic,rsv10pt5,106,7
sm1-53,Togedemaru,Pokémon,Basic,sm1,184,21
bwp-BW90,Glaceon,Pokémon,Stage 1,bwp,114,38
xy10-37,Marowak,Pokémon,Stage 1,xy10,317,2
bwp-BW39,Battle City,Trainer,Stadium,bwp,299,38
swsh12-197,Alolan Vulpix VSTAR,Pokémon,VSTAR,swsh12,83,20
sv6-102,Probopass,Pokémon,Stage 1,sv6,371,29
swsh7-211,Sylveon VMAX,Pokémon,"VMAX,Rapid Strike",swsh7,196,20
xy11-67,Steelix-EX,Pokémon,"Basic,EX",xy11,297,33
sm6-32,Dewpider,Pokémon,Basic,sm6,254,21
swsh12-192,Lance,Trainer,Supporter,swsh12,66,28
ex16-94,Flygon ex,Pokémon,"Stage 2,ex",ex16,108,33
g1-RC5,Charizard,Pokémon,Stage 2,g1,340,29
neo2-71,Wooper,Pokémon,Basic,neo2,293,21
sv10-94,Team Rocket's Larvitar,Pokémon,Basic,sv10,375,21
swsh9tg-TG23,Umbreon VMAX,Pokémon,"VMAX,Single Strike",swsh9tg,73,25
sv2-110,Larvitar,Pokémon,Basic,sv2,287,21
g1-66,Olympia,Trainer,Supporter,g1,116,29
rsv10pt5-59,Trubbish,Pokémon,Basic,rsv10pt5,371,21
swsh2-21,Applin,Pokémon,Basic,swsh2,162,21
gym1-42,Erika's Dratini,Pokémon,Basic,gym1,116,29
sv4pt5-3,Maractus,Pokémon,Basic,sv4pt5,316,21
base1-76,Pokémon Breeder,Trainer,,base1,116,2
ecard2-104,Psyduck,Pokémon,Basic,ecard2,5,21
dp3-81,Carvanha,Pokémon,Basic,dp3,117,21
ex8-85,Crystal Shard,Trainer,Pokémon Tool,ex8,241,29
sv5-32,Litten,Pokémon,Basic,sv5,313,21
sv6pt5-1,Joltik,Pokémon,Basic,sv6pt5,,21
svp-127,Walking Wake ex,Pokémon,"Basic,ex,Ancient",svp,356,38
sm1-24,Litten,Pokémon,Basic,sm1,340,21
dp5-9,Mewtwo,Pokémon,Basic,dp5,79,34
xy5-89,Drilbur,Pokémon,Basic,xy5,162,21
xy8-164,Mewtwo-EX,Pokémon,"Basic,EX",xy8,108,27
sm9-85,Tyranitar,Pokémon,Stage 2,sm9,264,34
swsh5-105,Honedge,Pokémon,Basic,swsh5,129,21
sm10-47,Kingler,Pokémon,Stage 1,sm10,90,2
me2-13,Mega Charizard X ex,Pokémon,"Stage 2,MEGA,ex",me2,356,14
sv6pt5-36,Okidogi ex,Pokémon,"Basic,ex",sv6pt5,,14
neo1-54,Chikorita,Pokémon,Basic,neo1,116,21
ecard2-72,Cubone,Pokémon,Basic,ecard2,198,21
pl1-17,Weavile G,Pokémon,"Basic,SP",pl1,258,34
swsh9-73,Nosepass,Pokémon,Basic,swsh9,58,21
bw11-57,Misdreavus,Pokémon,Basic,bw11,75,21
swsh10-55,Togepi,Pokémon,Basic,swsh10,71,21
dp4-50,Purugly,Pokémon,Stage 1,dp4,116,29
sm6-90,Xerneas-GX,Pokémon,"Basic,GX",sm6,76,10
swsh2-135,Aegislash,Pokémon,Stage 2,swsh2,66,2
sv5-162,Neo Upper Energy,Energy,"Special,ACE SPEC",sv5,,19
sv4pt5-2,Forretress ex,Pokémon,"Stage 1,Tera,ex",sv4pt5,76,14
swsh12-18,Ninetales,Pokémon,Stage 1,swsh12,251,29
hgss1-3,Clefable,Pokémon,Stage 1,hgss1,117,34
sv10-7,Cynthia's Roselia,Pokémon,Basic,sv10,122,21
sv7-72,Cubone,Pokémon,Basic,sv7,,21
ecard3-129,Miracle Sphere α,Trainer,Technical Machine,ecard3,69,29
swsh12-83,Swirlix,Pokémon,Basic,swsh12,165,21
swsh5-148,Mimikyu V,Pokémon,"Basic,V",swsh5,297,28
bw8-80,Gurdurr,Pokémon,Stage 1,bw8,117,29
bw7-3,Vileplume,Pokémon,Stage 2,bw7,317,34
bwp-BW06,Snivy,Pokémon,Basic,bwp,298,38
sv4pt5-26,Xatu,Pokémon,Stage 1,sv4pt5,260,2
ex4-6,Team Aqua's Walrein,Pokémon,Stage 2,ex4,347,34
xy10-15,Seel,Pokémon,Basic,xy10,264,21
ex14-86,Energy Search,Trainer,Item,ex14,164,21
ex10-79,Wooper,Pokémon,Basic,ex10,162,21
sm8-162,Kecleon,Pokémon,Basic,sm8,288,29
ex2-48,Nuzleaf,Pokémon,Stage 1,ex2,191,29
swsh9-107,Gible,Pokémon,Basic,swsh9,129,21
xy10-44,Wormadam,Pokémon,Stage 1,xy10,163,29
bw8-75,Riolu,Pokémon,Basic,bw8,116,21
sv1-97,Fidough,Pokémon,Basic,sv1,71,21
xy6-75,Rayquaza-EX,Pokémon,"Basic,EX",xy6,196,33
bw7-53,Electabuzz,Pokémon,Basic,bw7,90,21
swsh10-189,Zisu,Trainer,Supporter,swsh10,215,28
sv10-106,Hippowdon,Pokémon,Stage 1,sv10,234,29
zsv10pt5-47,Timburr,Pokémon,Basic,zsv10pt5,221,21
dp5-87,Super Scoop Up,Trainer,Item,dp5,298,29
xy11-32,Samurott,Pokémon,Stage 2,xy11,284,2
swsh6-224,Snorlax,Pokémon,Basic,swsh6,115,27
bw1-115,Pikachu,Pokémon,Basic,bw1,112,27
swsh10-7,Yanmega,Pokémon,Stage 1,swsh10,117,29
swsh35-67,Team Yell Grunt,Trainer,Supporter,swsh35,214,29
swsh5-154,Tyranitar V,Pokémon,"Basic,V,Single Strike",swsh5,281,28
dp6-48,Castform,Pokémon,Basic,dp6,194,29
sv5-112,Mawile,Pokémon,Basic,sv5,7,21
sv4-97,Mienshao,Pokémon,Stage 1,sv4,169,29
sv8pt5-73,Dragapult ex,Pokémon,"Stage 2,Tera,ex",sv8pt5,,14
hgss1-62,Drowzee,Pokémon,Basic,hgss1,117,21
xy3-98,Sail Fossil,Trainer,Item,xy3,334,29
sv10-82,Team Rocket's Wobbuffet,Pokémon,Basic,sv10,342,2
ex6-96,PokéDex HANDY909,Trainer,Item,ex6,319,29
xyp-XY43,Diancie-EX,Pokémon,"Basic,EX",xyp,76,38
bw10-75,Teddiursa,Pokémon,Basic,bw10,284,21
sv2-16,Tarountula,Pokémon,Basic,sv2,271,21
sm1-25,Torracat,Pokémon,Stage 1,sm1,142,29
xy9-117,Espeon-EX,Pokémon,"Basic,EX",xy9,232,28
ex15-26,Bayleef δ,Pokémon,Stage 1,ex15,162,29
rsv10pt5-130,Sawk,Pokémon,Basic,rsv10pt5,214,7
sv4pt5-150,Cleffa,Pokémon,Basic,sv4pt5,71,31
dp3-80,Burmy Trash Cloak,Pokémon,Basic,dp3,116,21
zsv10pt5-110,Beartic,Pokémon,Stage 1,zsv10pt5,359,7
sv5-144,Buddy-Buddy Poffin,Trainer,Item,sv5,26,29
sv5-178,Metagross,Pokémon,Stage 2,sv5,138,7
sm2-37,Wishiwashi,Pokémon,Basic,sm2,351,21
sm4-29,Shellos,Pokémon,Basic,sm4,112,21
gym1-65,Blaine's Vulpix,Pokémon,Basic,gym1,116,21
ex10-21,Cleffa,Pokémon,Basic,ex10,43,2
sv8-92,Tapu Lele,Pokémon,Basic,sv8,,2
smp-SM34,Bewear-GX,Pokémon,"Stage 1,GX",smp,76,38
bw10-24,Relicanth,Pokémon,"Basic,Team Plasma",bw10,76,29
xy10-51,Carbink BREAK,Pokémon,BREAK,xy10,76,15
sv2-113,Hariyama,Pokémon,Stage 1,sv2,264,2
col1-52,Vaporeon,Pokémon,Stage 1,col1,254,29
me2-41,Mega Diancie ex,Pokémon,"Basic,MEGA,ex",me2,207,14
sv7-57,Slowpoke,Pokémon,Basic,sv7,,21
pl3-94,Buneary,Pokémon,Basic,pl3,194,21
xy3-1,Bellsprout,Pokémon,Basic,xy3,194,21
swsh7-235,Lightning Energy,Energy,Basic,swsh7,,27
swsh1-159,Crushing Hammer,Trainer,Item,swsh1,60,29
hgss1-69,Jynx,Pokémon,Basic,hgss1,198,21
sv8-23,Simisear,Pokémon,Stage 1,sv8,,21
sv1-210,Drowzee,Pokémon,Basic,sv1,17,7
svp-148,Miraidon,Pokémon,Basic,svp,357,38
ex14-87,Potion,Trainer,Item,ex14,176,21
xy5-28,Blaziken,Pokémon,Stage 2,xy5,108,34
bw4-40,Raichu,Pokémon,Stage 1,bw4,292,29
ex2-60,Dunsparce,Pokémon,Basic,ex2,108,21
sv6pt5-66,Houndoom,Pokémon,Stage 1,sv6pt5,,7
swsh7-122,Duraludon V,Pokémon,"Basic,V,Single Strike",swsh7,336,16
xy8-97,Mr. Mime,Pokémon,Basic,xy8,215,2
xy10-39,Kabutops,Pokémon,Stage 1,xy10,271,2
sma-SV79,Silvally-GX,Pokémon,"Stage 1,GX",sma,76,35
hgss2-53,Mankey,Pokémon,Basic,hgss2,34,21
swsh12pt5-116,Stoutland V,Pokémon,"Basic,V",swsh12pt5,41,16
sv8pt5-27,Wellspring Mask Ogerpon ex,Pokémon,"Basic,Tera,ex",sv8pt5,,14
pl1-68,Carnivine,Pokémon,Basic,pl1,162,21
ex10-46,Scyther,Pokémon,Basic,ex10,163,29
sv4pt5-60,Scraggy,Pokémon,Basic,sv4pt5,129,21
swsh8-56,Croconaw,Pokémon,Stage 1,swsh8,17,29
sv4pt5-125,Veluza,Pokémon,Basic,sv4pt5,300,31
bw5-37,Jolteon,Pokémon,Stage 1,bw5,125,29
sv1-112,Riolu,Pokémon,Basic,sv1,284,21
xy4-27,Galvantula,Pokémon,Stage 1,xy4,117,2
xy10-108,Power Memory,Trainer,Pokémon Tool,xy10,76,29
swsh5-6,Kricketune V,Pokémon,"Basic,V",swsh5,290,16
ex3-46,Vibrava,Pokémon,Stage 1,ex3,163,29
swsh45-47,Nickit,Pokémon,Basic,swsh45,215,21
xy4-94,Enhanced Hammer,Trainer,Item,xy4,232,29
neo2-4,Houndoom,Pokémon,Stage 1,neo2,257,34
sv4-34,Octillery,Pokémon,Stage 1,sv4,43,21
col1-4,Espeon,Pokémon,Stage 1,col1,167,34
xy5-81,Medicham,Pokémon,Stage 1,xy5,108,2
sv7-159,Galvantula ex,Pokémon,"Stage 1,Tera,ex",sv7,,32
swsh5-7,Cherubi,Pokémon,Basic,swsh5,340,21
sm10-225,Gardevoir & Sylveon-GX,Pokémon,"Basic,TAG TEAM,GX",sm10,76,20
sm11-201,Karate Belt,Trainer,Pokémon Tool,sm11,355,29
base2-5,Kangaskhan,Pokémon,Basic,base2,108,34
hgss2-48,Chinchou,Pokémon,Basic,hgss2,254,21
sm10-10,Venonat,Pokémon,Basic,sm10,43,21
swsh12pt5-128,Energy Search,Trainer,Item,swsh12pt5,296,21
sm11-8,Swadloon,Pokémon,Stage 1,sm11,322,29
sm11-126,Mega Sableye & Tyranitar-GX,Pokémon,"Basic,TAG TEAM,GX",sm11,108,10
dp6-72,Swalot,Pokémon,Stage 1,dp6,198,29
sm12-122,Crabominable,Pokémon,Stage 1,sm12,223,2
sv4-153,Tandemaus,Pokémon,Basic,sv4,322,21
sv1-165,Flamigo,Pokémon,Basic,sv1,91,29
sv1-212,Kirlia,Pokémon,Stage 1,sv1,211,7
swsh3-4,Parasect,Pokémon,Stage 1,swsh3,189,29
dpp-DP23,Glameow,Pokémon,Basic,dpp,108,38
xyp-XY73,Rayquaza-EX,Pokémon,"Basic,EX",xyp,216,38
bw2-67,Zoroark,Pokémon,Stage 1,bw2,317,34
swsh12-110,Toxicroak,Pokémon,Stage 1,swsh12,146,29
swsh4-73,Woobat,Pokémon,Basic,swsh4,254,21
sv6-118,Brute Bonnet,Pokémon,"Basic,Ancient",sv6,177,29
sv6-1,Tangela,Pokémon,Basic,sv6,170,21
ecard1-34,Ampharos,Pokémon,Stage 2,ecard1,191,2
me1-51,Pachirisu,Pokémon,Basic,me1,,21
me1-139,Litleo,Pokémon,Basic,me1,,7
base5-23,Dark Dugtrio,Pokémon,Stage 1,base5,162,2
pl2-9,Luxray GL,Pokémon,"Basic,SP",pl2,112,34
ex1-28,Combusken,Pokémon,Stage 1,ex1,116,29
xy9-123,Gyarados-EX,Pokémon,"Basic,EX",xy9,108,27
bw4-13,Arcanine,Pokémon,Stage 1,bw4,232,29
swsh7-114,Zweilous,Pokémon,Stage 1,swsh7,340,29
neo1-49,Skiploom,Pokémon,Stage 1,neo1,191,29
sv5-27,Rapidash,Pokémon,Stage 1,sv5,196,29
sv3pt5-97,Hypno,Pokémon,Stage 1,sv3pt5,169,29
xy6-108,Winona,Trainer,Supporter,xy6,184,28
swsh35-79,Charizard V,Pokémon,"Basic,V",swsh35,76,27
swsh12pt5-91,Pawniard,Pokémon,Basic,swsh12pt5,128,21
hgss3-66,Slowpoke,Pokémon,Basic,hgss3,162,21
sm10-121,Alolan Diglett,Pokémon,Basic,sm10,191,21
sm12-56,Empoleon,Pokémon,Stage 2,sm12,117,2
hgss1-26,Meganium,Pokémon,Stage 2,hgss1,317,2
cel25-15,Lunala,Pokémon,Stage 2,cel25,215,34
base1-89,Revive,Trainer,,base1,307,29
pgo-8,Charmander,Pokémon,Basic,pgo,47,21
xy11-71,Klink,Pokémon,Basic,xy11,189,21
pl3-16,Articuno,Pokémon,Basic,pl3,108,2
sv5-168,Snom,Pokémon,Basic,sv5,275,7
sm2-95,Sliggoo,Pokémon,Stage 1,sm2,17,29
sm1-9,Rowlet,Pokémon,Basic,sm1,184,21
sm115-44,Moltres & Zapdos & Articuno-GX,Pokémon,"Basic,TAG TEAM,GX",sm115,108,10
mcd21-7,Rowlet,Pokémon,Basic,mcd21,184,13
sv1-181,Nest Ball,Trainer,Item,sv1,334,29
dp3-56,Muk,Pokémon,Stage 1,dp3,335,29
sv10-87,Team Rocket's Mimikyu,Pokémon,Basic,sv10,260,29
xy10-71,Whimsicott,Pokémon,Stage 1,xy10,254,29
sm35-48,Purrloin,Pokémon,Basic,sm35,284,21
bw9-54,Yamask,Pokémon,Basic,bw9,117,21
swshp-SWSH128,Eiscue,Pokémon,Basic,swshp,215,38
bw8-83,Purrloin,Pokémon,Basic,bw8,117,21
col1-76,Cheerleader's Cheer,Trainer,Supporter,col1,112,29
bw7-112,Taillow,Pokémon,Basic,bw7,116,21
sv9-89,Toedscruel,Pokémon,Stage 1,sv9,316,29
sm5-2,Yanma,Pokémon,Basic,sm5,340,21
xy10-91,Altaria Spirit Link,Trainer,Pokémon Tool,xy10,76,29
ecard2-39,Togetic,Pokémon,Stage 1,ecard2,162,2
ex6-38,Mankey,Pokémon,Basic,ex6,189,29
pl4-64,Gastly,Pokémon,Basic,pl4,108,21
dp6-45,Vileplume,Pokémon,Stage 2,dp6,162,2
sm11-79,Jirachi-GX,Pokémon,"Basic,GX",sm11,76,10
sv4pt5-49,Donphan,Pokémon,Stage 1,sv4pt5,317,29
zsv10pt5-100,Volcarona,Pokémon,Stage 1,zsv10pt5,305,7
sm12-236,Rosa,Trainer,Supporter,sm12,215,28
swsh12-182,Magearna V,Pokémon,"Basic,V",swsh12,275,28
pl1-130,Scyther,Pokémon,Basic,pl1,116,27
swsh10-90,Hisuian Overqwil,Pokémon,Stage 1,swsh10,305,29
svp-83,Quaxwell,Pokémon,Stage 1,svp,233,38
bw5-75,Klink,Pokémon,Basic,bw5,198,21
base5-20,Dark Blastoise,Pokémon,Stage 2,base5,108,2
sv8-4,Durant ex,Pokémon,"Basic,ex",sv8,,14
sv7-63,Comfey,Pokémon,Basic,sv7,,21
smp-SM44,Togedemaru,Pokémon,Basic,smp,351,38
neo4-47,Light Golduck,Pokémon,Stage 1,neo4,191,29
sv4-201,Minior,Pokémon,Basic,sv4,131,7
sv4pt5-166,Tinkatuff,Pokémon,Stage 1,sv4pt5,55,31
bw5-101,Twist Mountain,Trainer,Stadium,bw5,232,29
swsh6-181,Metagross V,Pokémon,"Basic,V,Rapid Strike",swsh6,336,28
sv3pt5-184,Blastoise ex,Pokémon,"Stage 2,ex",sv3pt5,99,32
swsh12-157,Furisode Girl,Trainer,Supporter,swsh12,171,29
cel25-6,Flying Pikachu V,Pokémon,"Basic,V",cel25,207,16
swsh12-214,Leafy Camo Poncho,Trainer,"Item,Pokémon Tool",swsh12,296,27
ex11-37,Ditto,Pokémon,Basic,ex11,43,29
ex1-71,Skitty,Pokémon,Basic,ex1,191,21
xy8-158,Mewtwo-EX,Pokémon,"Basic,EX",xy8,232,28
ex9-46,Duskull,Pokémon,Basic,ex9,162,21
sv1-57,Wugtrio,Pokémon,Stage 1,sv1,88,29
neo3-47,Paras,Pokémon,Basic,neo3,162,21
bw11-55,Natu,Pokémon,Basic,bw11,351,21
swsh9-133,Café Master,Trainer,Supporter,swsh9,68,29
me1-9,Bayleef,Pokémon,Stage 1,me1,,21
xy8-111,Haxorus,Pokémon,Stage 2,xy8,134,34
bw7-22,Camerupt,Pokémon,Stage 1,bw7,340,2
swsh9-36,Prinplup,Pokémon,Stage 1,swsh9,162,29
xy9-71,Pancham,Pokémon,Basic,xy9,267,21
ex1-73,Torchic,Pokémon,Basic,ex1,116,21
sv6-59,Finizen,Pokémon,Basic,sv6,304,21
swsh12-24,Reshiram V,Pokémon,"Basic,V",swsh12,275,16
ex5-85,Ancient Technical Machine [Rock],Trainer,Technical Machine,ex5,108,29
ex16-105,Water Energy,Energy,Basic,ex16,,34
dpp-DP42,Carnivine G,Pokémon,"Basic,SP",dpp,258,38
swsh1-55,Sobble,Pokémon,Basic,swsh1,75,21
swsh12-131,Dragonite,Pokémon,Stage 2,swsh12,284,34
swsh4-151,Drone Rotom,Trainer,Item,swsh4,76,29
sm9-79,Larvitar,Pokémon,Basic,sm9,116,21
swsh10-117,Garchomp V,Pokémon,"Basic,V",swsh10,275,16
gym1-44,Erika's Exeggutor,Pokémon,Stage 1,gym1,116,29
bw7-49,Keldeo-EX,Pokémon,"Basic,EX",bw7,334,33
