price_id,variant_id,market_price,date_observed
1,10434,5.99,2026-01-25
2,8476,4.73,2026-01-25
3,11507,0.12,2026-01-25
4,6003,0.49,2026-01-25
5,2714,31.16,2026-01-25
6,22204,15.29,2026-01-25
7,6494,25.10,2026-01-25
8,16885,24.43,2026-01-25
9,22721,0.61,2026-01-25
10,17312,2.40,2026-01-25
11,22925,10.57,2026-01-25
12,21795,17.23,2026-01-25
13,25650,13.41,2026-01-25
14,23389,60.95,2026-01-25
15,14954,59.83,2026-01-25
16,20,395.00,2026-01-25
17,14476,89.76,2026-01-25
18,9842,233.31,2026-01-25
19,7356,44.44,2026-01-25
20,11569,46.05,2026-01-25
21,9172,37.98,2026-01-25
22,26914,35.62,2026-01-25
23,1956,34.99,2026-01-25
24,25272,25.99,2026-01-25
25,25966,50.50,2026-01-25
26,13237,91.66,2026-01-25
27,15784,73.16,2026-01-25
28,606,28.95,2026-01-25
29,26121,44.70,2026-01-25
30,19766,0.32,2026-01-25
31,11669,0.59,2026-01-25
32,16553,1.67,2026-01-25
33,10200,6.47,2026-01-25
34,12737,6.11,2026-01-25
35,2350,34.26,2026-01-25
36,4424,29.92,2026-01-25
37,13680,48.87,2026-01-25
38,4631,26.66,2026-01-25
39,8395,82.07,2026-01-25
40,23239,89.97,2026-01-25
41,773,163.52,2026-01-25
42,20097,43.92,2026-01-25
43,11121,15.23,2026-01-25
44,22599,35.00,2026-01-25
45,23530,17.30,2026-01-25
46,7495,23.64,2026-01-25
47,26115,16.40,2026-01-25
48,6959,0.20,2026-01-25
49,22016,0.91,2026-01-25
50,18688,103.56,2026-01-25
51,6746,120.67,2026-01-25
52,10177,26.82,2026-01-25
53,11080,5.82,2026-01-25
54,6462,3.86,2026-01-25
55,7821,0.73,2026-01-25
56,18146,0.22,2026-01-25
57,17746,0.59,2026-01-25
58,5008,22.13,2026-01-25
59,10192,27.42,2026-01-25
60,9267,83.46,2026-01-25
61,6226,86.25,2026-01-25
62,11989,48.40,2026-01-25
63,6230,6.62,2026-01-25
64,15292,0.15,2026-01-25
65,14446,0.39,2026-01-25
66,22818,0.15,2026-01-25
67,21465,0.30,2026-01-25
68,5504,7.93,2026-01-25
69,13299,8.23,2026-01-25
70,2816,20.05,2026-01-25
71,9377,0.31,2026-01-25
72,25289,2.09,2026-01-25
73,11171,0.12,2026-01-25
74,2062,0.25,2026-01-25
75,22840,327.21,2026-01-25
76,2267,29.16,2026-01-25
77,20282,23.93,2026-01-25
78,15802,0.18,2026-01-25
79,12665,0.33,2026-01-25
80,23497,7.69,2026-01-25
81,6946,10.37,2026-01-25
82,23287,286.66,2026-01-25
83,7192,81.79,2026-01-25
84,768,5.37,2026-01-25
85,10809,12.50,2026-01-25
86,12812,15.96,2026-01-25
87,14080,60.98,2026-01-25
88,20317,0.17,2026-01-25
89,10069,0.42,2026-01-25
90,933,2.00,2026-01-25
91,22988,0.20,2026-01-25
92,16626,0.43,2026-01-25
93,4670,0.13,2026-01-25
94,19431,0.25,2026-01-25
95,24387,22.94,2026-01-25
96,20308,41.70,2026-01-25
97,14121,5.48,2026-01-25
98,23076,0.16,2026-01-25
99,2289,0.83,2026-01-25
100,10538,59.69,2026-01-25
101,25141,60.97,2026-01-25
102,11069,82.99,2026-01-25
103,23584,0.39,2026-01-25
104,7522,3.45,2026-01-25
105,3986,16.21,2026-01-25
106,8545,81.31,2026-01-25
107,12902,0.29,2026-01-25
108,11448,0.66,2026-01-25
109,23340,1.82,2026-01-25
110,26872,8.37,2026-01-25
111,5952,29.04,2026-01-25
112,18140,98.50,2026-01-25
113,12370,166.10,2026-01-25
114,7153,7.16,2026-01-25
115,15073,3.83,2026-01-25
116,16208,104.69,2026-01-25
117,16357,30.10,2026-01-25
118,5076,6.82,2026-01-25
119,10633,9.00,2026-01-25
120,22063,18.59,2026-01-25
121,7268,25.08,2026-01-25
122,19296,8.04,2026-01-25
123,9252,10.58,2026-01-25
124,813,0.17,2026-01-25
125,9316,0.57,2026-01-25
126,9647,0.62,2026-01-25
127,15472,0.94,2026-01-25
128,2693,20.00,2026-01-25
129,5598,29.51,2026-01-25
130,24619,90.00,2026-01-25
131,10367,7.92,2026-01-25
132,24738,17.34,2026-01-25
133,7302,0.39,2026-01-25
134,16267,0.19,2026-01-25
135,9931,852.01,2026-01-25
136,5301,476.04,2026-01-25
137,4623,0.61,2026-01-25
138,24874,1.00,2026-01-25
139,21372,0.13,2026-01-25
140,12111,0.51,2026-01-25
141,19254,0.21,2026-01-25
142,3900,7.55,2026-01-25
143,10237,5.71,2026-01-25
144,15594,3.88,2026-01-25
145,27090,0.36,2026-01-25
146,6967,0.12,2026-01-25
147,7962,12.02,2026-01-25
148,23412,18.66,2026-01-25
149,19330,0.19,2026-01-25
150,10892,0.45,2026-01-25
151,13487,10.35,2026-01-25
152,1497,21.55,2026-01-25
153,11044,13.14,2026-01-25
154,21820,16.73,2026-01-25
155,4415,15.00,2026-01-25
156,26551,0.12,2026-01-25
157,10362,0.25,2026-01-25
158,12907,78.09,2026-01-25
159,546,31.30,2026-01-25
160,12869,138.53,2026-01-25
161,7990,58.13,2026-01-25
162,25987,0.16,2026-01-25
163,781,0.38,2026-01-25
164,11364,132.83,2026-01-25
165,1871,55.57,2026-01-25
166,13610,0.16,2026-01-25
167,4581,0.41,2026-01-25
168,20173,0.26,2026-01-25
169,2299,0.65,2026-01-25
170,23229,22.87,2026-01-25
171,24839,11.90,2026-01-25
172,26155,0.58,2026-01-25
173,1162,0.76,2026-01-25
174,18542,0.30,2026-01-25
175,11020,1.60,2026-01-25
176,8899,55.43,2026-01-25
177,9048,149.99,2026-01-25
178,9794,121.98,2026-01-25
179,17061,16.50,2026-01-25
180,14298,11.00,2026-01-25
181,1019,0.38,2026-01-25
182,9212,6.38,2026-01-25
183,9007,9.50,2026-01-25
184,14045,32.11,2026-01-25
185,17471,48.32,2026-01-25
186,7070,3.06,2026-01-25
187,9962,11.52,2026-01-25
188,21324,7.12,2026-01-25
189,23666,28.54,2026-01-25
190,5765,0.14,2026-01-25
191,27014,0.40,2026-01-25
192,13456,0.24,2026-01-25
193,2030,1.12,2026-01-25
194,4229,0.26,2026-01-25
195,7938,0.46,2026-01-25
196,20048,20.15,2026-01-25
197,1887,14.08,2026-01-25
198,11057,26.87,2026-01-25
199,15765,1.36,2026-01-25
200,10547,0.07,2026-01-25
201,25555,0.21,2026-01-25
202,305,6.51,2026-01-25
203,24168,9.44,2026-01-25
204,1733,10.35,2026-01-25
205,22480,0.44,2026-01-25
206,14350,6.63,2026-01-25
207,9276,45.29,2026-01-25
208,6876,245.83,2026-01-25
209,25783,25.76,2026-01-25
210,13570,569.07,2026-01-25
211,22917,200.00,2026-01-25
212,24136,87.37,2026-01-25
213,26153,159.99,2026-01-25
214,15502,71.62,2026-01-25
215,13429,44.36,2026-01-25
216,901,50.85,2026-01-25
217,14770,4.13,2026-01-25
218,4431,0.20,2026-01-25
219,22673,0.69,2026-01-25
220,6128,330.03,2026-01-25
221,18533,126.97,2026-01-25
222,8826,6.75,2026-01-25
223,332,15.71,2026-01-25
224,5772,28.10,2026-01-25
225,21168,15.29,2026-01-25
226,18755,20.00,2026-01-25
227,10414,2.73,2026-01-25
228,23177,0.50,2026-01-25
229,25991,16.87,2026-01-25
230,918,14.91,2026-01-25
231,6646,18.96,2026-01-25
232,1398,28.41,2026-01-25
233,5610,20.82,2026-01-25
234,10671,9.72,2026-01-25
235,15960,9.78,2026-01-25
236,4448,29.50,2026-01-25
237,14556,8.70,2026-01-25
238,1925,17.02,2026-01-25
239,19850,13.73,2026-01-25
240,14392,0.13,2026-01-25
241,17088,0.28,2026-01-25
242,13315,41.50,2026-01-25
243,16157,35.58,2026-01-25
244,8916,0.33,2026-01-25
245,12920,1.81,2026-01-25
246,12342,0.63,2026-01-25
247,14768,0.97,2026-01-25
248,19172,19.58,2026-01-25
249,324,11.23,2026-01-25
250,231,12.54,2026-01-25
251,14575,16.74,2026-01-25
252,14668,0.39,2026-01-25
253,5752,0.95,2026-01-25
254,9898,10.45,2026-01-25
255,24560,5.74,2026-01-25
256,5072,0.10,2026-01-25
257,17959,0.25,2026-01-25
258,1954,45.25,2026-01-25
259,9936,10.83,2026-01-25
260,22033,153.21,2026-01-25
261,8526,97.96,2026-01-25
262,26476,48.70,2026-01-25
263,16251,35.39,2026-01-25
264,5803,0.14,2026-01-25
265,24701,0.39,2026-01-25
266,2386,32.89,2026-01-25
267,26992,103.00,2026-01-25
268,7423,29.79,2026-01-25
269,19975,181.22,2026-01-25
270,1312,8.43,2026-01-25
271,14050,160.33,2026-01-25
272,16848,199.99,2026-01-25
273,4847,11.29,2026-01-25
274,8698,10.50,2026-01-25
275,14878,12.27,2026-01-25
276,23142,8.00,2026-01-25
277,4600,137.24,2026-01-25
278,12884,67.07,2026-01-25
279,10479,4.89,2026-01-25
280,7820,3.93,2026-01-25
281,13218,31.91,2026-01-25
282,10936,37.98,2026-01-25
283,15688,24.12,2026-01-25
284,758,327.29,2026-01-25
285,15507,3.85,2026-01-25
286,14705,4.87,2026-01-25
287,25396,0.43,2026-01-25
288,4400,5.95,2026-01-25
289,21734,9.15,2026-01-25
290,15553,18.60,2026-01-25
291,9134,0.15,2026-01-25
292,4782,0.29,2026-01-25
293,15456,0.12,2026-01-25
294,1586,0.25,2026-01-25
295,10763,0.27,2026-01-25
296,4978,0.13,2026-01-25
297,4349,2.82,2026-01-25
298,24564,3.13,2026-01-25
299,18045,0.54,2026-01-25
300,22848,1.28,2026-01-25
301,10129,0.59,2026-01-25
302,18793,1.26,2026-01-25
303,12695,0.20,2026-01-25
304,16200,0.65,2026-01-25
305,7100,0.30,2026-01-25
306,20793,0.56,2026-01-25
307,19740,2.34,2026-01-25
308,16287,2.66,2026-01-25
309,11355,59.40,2026-01-25
310,5644,85.00,2026-01-25
311,20352,0.16,2026-01-25
312,13466,0.31,2026-01-25
313,9896,15.56,2026-01-25
314,7160,1.80,2026-01-25
315,3451,56.47,2026-01-25
316,45,28.79,2026-01-25
317,20110,0.31,2026-01-25
318,12207,0.76,2026-01-25
319,17790,115.44,2026-01-25
320,2567,6.36,2026-01-25
321,22684,27.39,2026-01-25
322,21733,14.13,2026-01-25
323,341,11.66,2026-01-25
324,25145,0.19,2026-01-25
325,19116,0.39,2026-01-25
326,13585,2.75,2026-01-25
327,13285,2.66,2026-01-25
328,19843,0.84,2026-01-25
329,17863,0.15,2026-01-25
330,15307,26.71,2026-01-25
331,19704,36.15,2026-01-25
332,5609,0.14,2026-01-25
333,16621,0.36,2026-01-25
334,16243,0.05,2026-01-25
335,8325,0.23,2026-01-25
336,17727,9.44,2026-01-25
337,25273,4.75,2026-01-25
338,2788,4.70,2026-01-25
339,10364,3.31,2026-01-25
340,12882,114.10,2026-01-25
341,1352,249.99,2026-01-25
342,22708,3.15,2026-01-25
343,10703,3.70,2026-01-25
344,25461,1.46,2026-01-25
345,22246,5.34,2026-01-25
346,17060,16.50,2026-01-25
347,7065,22.29,2026-01-25
348,3381,48.57,2026-01-25
349,3495,13.12,2026-01-25
350,25205,0.08,2026-01-25
351,2039,0.18,2026-01-25
352,4354,0.14,2026-01-25
353,15772,0.47,2026-01-25
354,6974,37.49,2026-01-25
355,205,119.99,2026-01-25
356,12423,108.99,2026-01-25
357,26957,99.82,2026-01-25
358,9145,48.48,2026-01-25
359,1195,45.99,2026-01-25
360,16605,429.06,2026-01-25
361,16770,122.18,2026-01-25
362,13990,15.39,2026-01-25
363,25136,22.00,2026-01-25
364,20607,29.99,2026-01-25
365,10744,10.93,2026-01-25
366,12199,9.36,2026-01-25
367,12918,0.35,2026-01-25
368,12322,1.60,2026-01-25
369,9402,44.99,2026-01-25
370,2783,48.46,2026-01-25
371,3774,250.75,2026-01-25
372,21623,127.05,2026-01-25
373,11767,0.14,2026-01-25
374,3912,0.40,2026-01-25
375,5560,10.26,2026-01-25
376,5558,13.13,2026-01-25
377,5134,0.25,2026-01-25
378,17586,0.48,2026-01-25
379,26369,11.59,2026-01-25
380,2842,6.26,2026-01-25
381,5837,17.88,2026-01-25
382,2123,13.22,2026-01-25
383,25223,10.63,2026-01-25
384,13204,15.21,2026-01-25
385,11828,18.26,2026-01-25
386,12598,7.78,2026-01-25
387,2012,454.66,2026-01-25
388,13911,1100.00,2026-01-25
389,16817,0.22,2026-01-25
390,22337,0.55,2026-01-25
391,23643,3.63,2026-01-25
392,1876,4.99,2026-01-25
393,20169,3.80,2026-01-25
394,6466,27.99,2026-01-25
395,119,11.99,2026-01-25
396,20621,14.38,2026-01-25
397,525,39.85,2026-01-25
398,3266,175.00,2026-01-25
399,8819,54.69,2026-01-25
400,23727,18.68,2026-01-25
401,12587,0.31,2026-01-25
402,11500,0.54,2026-01-25
403,15658,2.76,2026-01-25
404,11722,0.74,2026-01-25
405,13869,0.38,2026-01-25
406,14956,0.58,2026-01-25
407,16844,0.29,2026-01-25
408,21853,0.65,2026-01-25
409,20573,199.95,2026-01-25
410,22300,60.48,2026-01-25
411,10278,3.23,2026-01-25
412,19047,2.10,2026-01-25
413,10397,0.30,2026-01-25
414,10221,0.12,2026-01-25
415,8553,8.67,2026-01-25
416,14243,10.51,2026-01-25
417,16755,14.64,2026-01-25
418,8745,0.13,2026-01-25
419,24609,0.29,2026-01-25
420,5074,0.23,2026-01-25
421,16087,0.07,2026-01-25
422,18276,164.65,2026-01-25
423,10331,0.29,2026-01-25
424,24017,0.38,2026-01-25
425,16038,0.16,2026-01-25
426,10196,0.44,2026-01-25
427,12741,0.25,2026-01-25
428,22160,0.59,2026-01-25
429,13246,146.98,2026-01-25
430,10213,182.55,2026-01-25
431,22121,8.57,2026-01-25
432,23793,9.67,2026-01-25
433,14276,8.99,2026-01-25
434,10091,11.19,2026-01-25
435,12842,0.24,2026-01-25
436,25883,0.51,2026-01-25
437,15628,1.60,2026-01-25
438,5959,0.18,2026-01-25
439,13346,0.52,2026-01-25
440,21726,6.98,2026-01-25
441,26975,7.93,2026-01-25
442,14955,1.56,2026-01-25
443,14827,14.09,2026-01-25
444,11126,21.87,2026-01-25
445,5254,19.16,2026-01-25
446,4882,7.34,2026-01-25
447,2374,80.00,2026-01-25
448,21075,75.00,2026-01-25
449,2740,105.00,2026-01-25
450,13476,114.96,2026-01-25
451,2527,0.15,2026-01-25
452,16915,0.32,2026-01-25
453,7107,0.52,2026-01-25
454,25666,0.30,2026-01-25
455,21395,5.60,2026-01-25
456,25050,7.40,2026-01-25
457,13426,355.78,2026-01-25
458,14908,135.82,2026-01-25
459,14881,11.64,2026-01-25
460,24318,11.19,2026-01-25
461,18610,90.61,2026-01-25
462,26704,38.36,2026-01-25
463,14791,299.07,2026-01-25
464,15402,0.33,2026-01-25
465,10618,0.40,2026-01-25
466,20430,0.26,2026-01-25
467,21495,0.49,2026-01-25
468,19547,2.48,2026-01-25
469,7509,5.37,2026-01-25
470,2002,81.37,2026-01-25
471,14661,80.66,2026-01-25
472,23821,7.70,2026-01-25
473,11634,8.92,2026-01-25
474,15506,19.73,2026-01-25
475,13085,23.51,2026-01-25
476,7807,35.75,2026-01-25
477,2083,0.40,2026-01-25
478,16876,0.61,2026-01-25
479,18814,0.19,2026-01-25
480,5751,0.50,2026-01-25
481,16260,0.64,2026-01-25
482,1221,2.15,2026-01-25
483,706,5.41,2026-01-25
484,18385,8.65,2026-01-25
485,10068,66.21,2026-01-25
486,17853,74.99,2026-01-25
487,20522,0.18,2026-01-25
488,1305,0.42,2026-01-25
489,1624,35.22,2026-01-25
490,3880,0.14,2026-01-25
491,16797,0.30,2026-01-25
492,19319,20.45,2026-01-25
493,12956,7.52,2026-01-25
494,21150,0.34,2026-01-25
495,3428,0.48,2026-01-25
496,5509,2.06,2026-01-25
497,3481,21.50,2026-01-25
498,62,36.37,2026-01-25
499,21680,141.00,2026-01-25
500,5194,11.59,2026-01-25
501,11009,13.82,2026-01-25
502,26366,0.27,2026-01-25
503,18861,0.45,2026-01-25
504,14445,5.78,2026-01-25
505,26789,35.39,2026-01-25
506,17968,8.30,2026-01-25
507,6529,12.49,2026-01-25
508,13725,0.27,2026-01-25
509,10423,0.46,2026-01-25
510,11423,141.08,2026-01-25
511,6387,550.00,2026-01-25
512,10902,26.21,2026-01-25
513,19298,8.64,2026-01-25
514,21191,6.64,2026-01-25
515,1914,6.39,2026-01-25
516,5665,7.30,2026-01-25
517,13121,17.27,2026-01-25
518,3436,14.49,2026-01-25
519,6911,0.59,2026-01-25
520,6089,1.72,2026-01-25
521,5210,0.69,2026-01-25
522,6111,16.44,2026-01-25
523,5742,17.95,2026-01-25
524,12446,0.30,2026-01-25
525,17721,0.13,2026-01-25
526,3929,0.74,2026-01-25
527,16707,1.37,2026-01-25
528,15063,77.43,2026-01-25
529,18037,10.34,2026-01-25
530,13243,10.50,2026-01-25
531,12912,9.32,2026-01-25
532,22746,7.33,2026-01-25
533,1204,1.49,2026-01-25
534,14658,37.31,2026-01-25
535,15444,28.30,2026-01-25
536,17461,200.91,2026-01-25
537,10693,86.27,2026-01-25
538,489,0.44,2026-01-25
539,5276,0.13,2026-01-25
540,25527,3.73,2026-01-25
541,13472,15.96,2026-01-25
542,5393,0.22,2026-01-25
543,1091,0.75,2026-01-25
544,8192,10.03,2026-01-25
545,10901,351.61,2026-01-25
546,23781,113.38,2026-01-25
547,9909,0.19,2026-01-25
548,13874,0.23,2026-01-25
549,2331,31.00,2026-01-25
550,4122,46.95,2026-01-25
551,8066,1.14,2026-01-25
552,22439,0.15,2026-01-25
553,11042,0.38,2026-01-25
554,19968,0.49,2026-01-25
555,14263,0.49,2026-01-25
556,18189,17.08,2026-01-25
557,9943,0.27,2026-01-25
558,878,0.43,2026-01-25
559,18526,0.09,2026-01-25
560,19,0.20,2026-01-25
561,17572,30.21,2026-01-25
562,24193,29.27,2026-01-25
563,21073,4.89,2026-01-25
564,22979,5.82,2026-01-25
565,22054,0.32,2026-01-25
566,12703,0.46,2026-01-25
567,23841,25.62,2026-01-25
568,7048,30.50,2026-01-25
569,18963,0.33,2026-01-25
570,3069,1.48,2026-01-25
571,15901,53.63,2026-01-25
572,9,24.44,2026-01-25
573,9230,0.61,2026-01-25
574,16699,2.23,2026-01-25
575,18154,67.20,2026-01-25
576,11786,29.66,2026-01-25
577,16133,188.89,2026-01-25
578,12936,0.51,2026-01-25
579,22976,0.33,2026-01-25
580,5455,0.16,2026-01-25
581,9704,0.56,2026-01-25
582,12078,24.59,2026-01-25
583,5281,14.15,2026-01-25
584,26836,25.46,2026-01-25
585,20295,0.44,2026-01-25
586,15875,9.27,2026-01-25
587,17010,13.39,2026-01-25
588,22223,14.97,2026-01-25
589,1792,6.18,2026-01-25
590,25237,49.99,2026-01-25
591,26381,52.39,2026-01-25
592,25894,76.13,2026-01-25
593,21924,3.57,2026-01-25
594,24826,2.56,2026-01-25
595,13772,86.73,2026-01-25
596,23751,149.99,2026-01-25
597,9767,4.35,2026-01-25
598,1653,3.24,2026-01-25
599,25399,68.95,2026-01-25
600,3525,42.94,2026-01-25
601,17322,0.16,2026-01-25
602,1006,0.25,2026-01-25
603,25969,29.90,2026-01-25
604,22847,26.09,2026-01-25
605,8052,462.35,2026-01-25
606,12566,40.58,2026-01-25
607,20917,18.71,2026-01-25
608,15316,11.92,2026-01-25
609,6313,10.38,2026-01-25
610,11819,159.99,2026-01-25
611,18453,349.95,2026-01-25
612,2107,150.48,2026-01-25
613,7563,135.99,2026-01-25
614,7377,248.00,2026-01-25
615,2335,600.00,2026-01-25
616,23226,303.22,2026-01-25
617,14569,0.31,2026-01-25
618,25921,1.51,2026-01-25
619,22377,0.23,2026-01-25
620,9895,0.45,2026-01-25
621,26674,0.42,2026-01-25
622,417,0.15,2026-01-25
623,13799,8.59,2026-01-25
624,4476,18.98,2026-01-25
625,961,0.29,2026-01-25
626,6444,0.65,2026-01-25
627,13199,1.03,2026-01-25
628,7872,1.46,2026-01-25
629,11557,35.97,2026-01-25
630,19984,62.50,2026-01-25
631,26691,0.27,2026-01-25
632,15165,0.46,2026-01-25
633,4208,16.79,2026-01-25
634,26684,17.91,2026-01-25
635,11590,420.10,2026-01-25
636,12284,3.92,2026-01-25
637,15690,199.99,2026-01-25
638,21971,69.19,2026-01-25
639,9955,154.94,2026-01-25
640,23750,342.66,2026-01-25
641,3143,148.94,2026-01-25
642,86,105.62,2026-01-25
643,6108,65.11,2026-01-25
644,4865,4.55,2026-01-25
645,14228,9.49,2026-01-25
646,18881,3.30,2026-01-25
647,9839,3.99,2026-01-25
648,15646,4.28,2026-01-25
649,10263,0.20,2026-01-25
650,5438,0.32,2026-01-25
651,7560,30.97,2026-01-25
652,23452,41.33,2026-01-25
653,6816,47.99,2026-01-25
654,7293,6.94,2026-01-25
655,2309,26.59,2026-01-25
656,6122,34.97,2026-01-25
657,2535,6.97,2026-01-25
658,4546,11.03,2026-01-25
659,10736,0.38,2026-01-25
660,18018,0.72,2026-01-25
661,376,0.27,2026-01-25
662,15178,0.33,2026-01-25
663,26170,0.36,2026-01-25
664,25693,1.20,2026-01-25
665,13629,0.17,2026-01-25
666,18066,0.33,2026-01-25
667,24492,115.09,2026-01-25
668,26438,150.00,2026-01-25
669,25140,0.21,2026-01-25
670,920,0.74,2026-01-25
671,8815,3.91,2026-01-25
672,3503,7.76,2026-01-25
673,15822,5.76,2026-01-25
674,9330,42.95,2026-01-25
675,21011,68.22,2026-01-25
676,23669,0.19,2026-01-25
677,21908,0.08,2026-01-25
678,12153,0.94,2026-01-25
679,25251,0.72,2026-01-25
680,22828,33.27,2026-01-25
681,2314,129.99,2026-01-25
682,15303,0.31,2026-01-25
683,22422,0.37,2026-01-25
684,16551,10.60,2026-01-25
685,12862,7.75,2026-01-25
686,11325,0.63,2026-01-25
687,8786,1.17,2026-01-25
688,4683,2.36,2026-01-25
689,12084,2.30,2026-01-25
690,9598,57.74,2026-01-25
691,3182,21.70,2026-01-25
692,23672,9.68,2026-01-25
693,10768,8.61,2026-01-25
694,9056,51.14,2026-01-25
695,19160,49.17,2026-01-25
696,655,0.09,2026-01-25
697,21148,0.22,2026-01-25
698,19804,5.03,2026-01-25
699,13826,5.86,2026-01-25
700,4215,2.17,2026-01-25
701,3789,2.72,2026-01-25
702,23671,0.21,2026-01-25
703,18212,0.49,2026-01-25
704,8329,12.36,2026-01-25
705,12215,5.32,2026-01-25
706,3224,10.62,2026-01-25
707,2656,18.12,2026-01-25
708,15661,0.31,2026-01-25
709,5022,0.62,2026-01-25
710,7305,0.15,2026-01-25
711,8410,0.36,2026-01-25
712,4665,0.18,2026-01-25
713,4805,0.53,2026-01-25
714,22922,1.20,2026-01-25
715,14667,1.55,2026-01-25
716,5967,3.55,2026-01-25
717,21318,0.55,2026-01-25
718,19300,0.31,2026-01-25
719,26380,11.91,2026-01-25
720,10286,4.62,2026-01-25
721,10894,0.23,2026-01-25
722,12203,0.43,2026-01-25
723,17488,69.98,2026-01-25
724,12983,36.48,2026-01-25
725,18370,26.23,2026-01-25
726,16139,5.52,2026-01-25
727,18780,3.33,2026-01-25
728,18265,22.55,2026-01-25
729,16850,23.39,2026-01-25
730,23745,0.13,2026-01-25
731,24956,0.41,2026-01-25
732,14934,11.73,2026-01-25
733,5433,8.97,2026-01-25
734,22271,7.76,2026-01-25
735,16137,14.64,2026-01-25
736,26267,35.01,2026-01-25
737,766,43.99,2026-01-25
738,13133,0.13,2026-01-25
739,18297,0.40,2026-01-25
740,26959,0.24,2026-01-25
741,6187,0.56,2026-01-25
742,6917,0.53,2026-01-25
743,11335,0.29,2026-01-25
744,6503,440.09,2026-01-25
745,26147,376.66,2026-01-25
746,12390,0.20,2026-01-25
747,17832,6.03,2026-01-25
748,4193,4.71,2026-01-25
749,9534,29.60,2026-01-25
750,4762,21.89,2026-01-25
751,10684,0.12,2026-01-25
752,21453,0.48,2026-01-25
753,1572,80.12,2026-01-25
754,1740,17.60,2026-01-25
755,8517,18.32,2026-01-25
756,10820,0.15,2026-01-25
757,1397,0.22,2026-01-25
758,4514,2.11,2026-01-25
759,11782,22.10,2026-01-25
760,1180,35.74,2026-01-25
761,4176,0.28,2026-01-25
762,7262,0.44,2026-01-25
763,25669,6.67,2026-01-25
764,18460,20.50,2026-01-25
765,22577,0.33,2026-01-25
766,23032,0.72,2026-01-25
767,3544,0.87,2026-01-25
768,4922,0.39,2026-01-25
769,16164,0.86,2026-01-25
770,5112,0.52,2026-01-25
771,9602,0.21,2026-01-25
772,8860,0.73,2026-01-25
773,26967,72.03,2026-01-25
774,3936,73.27,2026-01-25
775,13617,0.94,2026-01-25
776,25519,2.12,2026-01-25
777,12688,2.03,2026-01-25
778,1585,3.00,2026-01-25
779,15430,0.19,2026-01-25
780,22763,0.66,2026-01-25
781,16186,35.24,2026-01-25
782,2972,1.39,2026-01-25
783,9227,4.93,2026-01-25
784,16625,11.99,2026-01-25
785,19175,9.98,2026-01-25
786,22385,0.19,2026-01-25
787,5345,0.64,2026-01-25
788,13168,0.59,2026-01-25
789,15406,1.50,2026-01-25
790,26715,0.15,2026-01-25
791,26749,0.39,2026-01-25
792,7889,0.49,2026-01-25
793,27010,0.32,2026-01-25
794,16400,84.22,2026-01-25
795,23588,76.25,2026-01-25
796,20042,0.55,2026-01-25
797,21071,0.65,2026-01-25
798,11366,112.69,2026-01-25
799,23533,119.95,2026-01-25
800,20487,2.10,2026-01-25
801,22476,7.46,2026-01-25
802,11880,39.43,2026-01-25
803,1132,7.60,2026-01-25
804,24754,7.97,2026-01-25
805,3092,0.07,2026-01-25
806,861,0.19,2026-01-25
807,14567,0.15,2026-01-25
808,22559,0.50,2026-01-25
809,12825,0.43,2026-01-25
810,777,0.85,2026-01-25
811,18692,0.18,2026-01-25
812,14597,0.51,2026-01-25
813,24139,18.99,2026-01-25
814,7327,28.67,2026-01-25
815,3718,107.17,2026-01-25
816,12726,13.19,2026-01-25
817,8304,51.66,2026-01-25
818,11436,6.80,2026-01-25
819,13227,15.70,2026-01-25
820,22969,25.80,2026-01-25
821,10869,6.58,2026-01-25
822,21144,5.80,2026-01-25
823,4998,6.41,2026-01-25
824,22339,64.04,2026-01-25
825,23264,36.32,2026-01-25
826,24238,104.14,2026-01-25
827,15812,125.00,2026-01-25
828,19566,1.05,2026-01-25
829,23242,14.71,2026-01-25
830,915,8.72,2026-01-25
831,23629,6.61,2026-01-25
832,10061,181.96,2026-01-25
833,26775,74.87,2026-01-25
834,22040,231.11,2026-01-25
835,3616,149.62,2026-01-25
836,18945,2.04,2026-01-25
837,1551,1.67,2026-01-25
838,25281,15.53,2026-01-25
839,17836,4.96,2026-01-25
840,17328,4.51,2026-01-25
841,2759,0.20,2026-01-25
842,2743,0.45,2026-01-25
843,486,6.41,2026-01-25
844,3582,7.44,2026-01-25
845,9452,5.97,2026-01-25
846,19433,22.33,2026-01-25
847,4026,37.49,2026-01-25
848,7854,6.64,2026-01-25
849,13131,1.50,2026-01-25
850,16123,2.69,2026-01-25
851,13530,0.17,2026-01-25
852,20377,0.38,2026-01-25
853,6440,7.64,2026-01-25
854,4619,137.08,2026-01-25
855,1086,0.40,2026-01-25
856,15633,0.16,2026-01-25
857,13914,29.41,2026-01-25
858,13782,0.12,2026-01-25
859,82,0.26,2026-01-25
860,12980,35.00,2026-01-25
861,15999,15.55,2026-01-25
862,24486,11.46,2026-01-25
863,25515,0.17,2026-01-25
864,16702,0.51,2026-01-25
865,24849,7.21,2026-01-25
866,10597,9.05,2026-01-25
867,8955,16.90,2026-01-25
868,25148,3.27,2026-01-25
869,13053,4.37,2026-01-25
870,8775,8.22,2026-01-25
871,12641,3.70,2026-01-25
872,22977,29.66,2026-01-25
873,17946,29.83,2026-01-25
874,24714,0.23,2026-01-25
875,16809,1.09,2026-01-25
876,5094,1.66,2026-01-25
877,7249,6.19,2026-01-25
878,15814,0.27,2026-01-25
879,19915,0.37,2026-01-25
880,12750,1.20,2026-01-25
881,25502,18.37,2026-01-25
882,18269,9.15,2026-01-25
883,668,54.71,2026-01-25
884,7332,312.99,2026-01-25
885,4738,14.47,2026-01-25
886,2374,80.00,2026-01-25
887,21075,75.00,2026-01-25
888,2740,105.00,2026-01-25
889,13476,114.96,2026-01-25
890,2527,0.15,2026-01-25
891,16915,0.32,2026-01-25
892,7107,0.52,2026-01-25
893,25666,0.30,2026-01-25
894,21395,5.60,2026-01-25
895,25050,7.40,2026-01-25
896,13426,355.78,2026-01-25
897,14908,135.82,2026-01-25
898,14881,11.64,2026-01-25
899,24318,11.19,2026-01-25
900,18610,90.61,2026-01-25
901,26704,38.36,2026-01-25
902,14791,299.07,2026-01-25
903,15402,0.33,2026-01-25
904,10618,0.40,2026-01-25
905,20430,0.26,2026-01-25
906,21495,0.49,2026-01-25
907,19547,2.48,2026-01-25
908,7509,5.37,2026-01-25
909,2002,81.37,2026-01-25
910,14661,80.66,2026-01-25
911,23821,7.70,2026-01-25
912,11634,8.92,2026-01-25
913,15506,19.73,2026-01-25
914,13085,23.51,2026-01-25
915,7807,35.75,2026-01-25
916,2083,0.40,2026-01-25
917,16876,0.61,2026-01-25
918,18814,0.19,2026-01-25
919,5751,0.50,2026-01-25
920,16260,0.64,2026-01-25
921,1221,2.15,2026-01-25
922,15406,1.50,2026-01-25
923,706,5.41,2026-01-25
924,18385,8.65,2026-01-25
925,10068,66.21,2026-01-25
926,17853,74.99,2026-01-25
927,20522,0.18,2026-01-25
928,1305,0.42,2026-01-25
929,1624,35.22,2026-01-25
930,3880,0.14,2026-01-25
931,16797,0.30,2026-01-25
932,19319,20.45,2026-01-25
933,12956,7.52,2026-01-25
934,21150,0.34,2026-01-25
935,3428,0.48,2026-01-25
936,5509,2.06,2026-01-25
937,3481,21.50,2026-01-25
938,62,36.37,2026-01-25
939,21680,141.00,2026-01-25
940,5194,11.59,2026-01-25
941,11009,13.82,2026-01-25
942,26366,0.27,2026-01-25
943,18861,0.45,2026-01-25
944,14445,5.78,2026-01-25
945,26789,35.39,2026-01-25
946,17968,8.30,2026-01-25
947,6529,12.49,2026-01-25
948,13725,0.27,2026-01-25
949,10423,0.46,2026-01-25
950,11423,141.08,2026-01-25
951,6387,550.00,2026-01-25
952,10902,26.21,2026-01-25
953,19298,8.64,2026-01-25
954,21191,6.64,2026-01-25
955,1914,6.39,2026-01-25
956,5665,7.30,2026-01-25
957,13121,17.27,2026-01-25
958,3436,14.49,2026-01-25
959,6911,0.59,2026-01-25
960,6089,1.72,2026-01-25
961,5210,0.69,2026-01-25
962,6111,16.44,2026-01-25
963,5742,17.95,2026-01-25
964,12446,0.30,2026-01-25
965,17721,0.13,2026-01-25
966,3929,0.74,2026-01-25
967,16707,1.37,2026-01-25
968,15063,77.43,2026-01-25
969,18037,10.34,2026-01-25
970,13243,10.50,2026-01-25
971,12912,9.32,2026-01-25
972,22746,7.33,2026-01-25
973,1204,1.49,2026-01-25
974,14658,37.31,2026-01-25
975,15444,28.30,2026-01-25
976,17461,200.91,2026-01-25
977,10693,86.27,2026-01-25
978,489,0.44,2026-01-25
979,5276,0.13,2026-01-25
980,25527,3.73,2026-01-25
981,13472,15.96,2026-01-25
982,5393,0.22,2026-01-25
983,1091,0.75,2026-01-25
984,8192,10.03,2026-01-25
985,10901,351.61,2026-01-25
986,23781,113.38,2026-01-25
987,9909,0.19,2026-01-25
988,13874,0.23,2026-01-25
989,2331,31.00,2026-01-25
990,4122,46.95,2026-01-25
991,8066,1.14,2026-01-25
992,22439,0.15,2026-01-25
993,11042,0.38,2026-01-25
994,19968,0.49,2026-01-25
995,14263,0.49,2026-01-25
996,18189,17.08,2026-01-25
997,9943,0.27,2026-01-25
998,878,0.43,2026-01-25
999,18526,0.09,2026-01-25
1000,19,0.20,2026-01-25
1001,17572,30.21,2026-01-25
1002,24193,29.27,2026-01-25
1003,21073,4.89,2026-01-25
1004,22979,5.82,2026-01-25
1005,22054,0.32,2026-01-25
1006,12703,0.46,2026-01-25
1007,23841,25.62,2026-01-25
1008,7048,30.50,2026-01-25
1009,18963,0.33,2026-01-25
1010,3069,1.48,2026-01-25
1011,15901,53.63,2026-01-25
1012,9,24.44,2026-01-25
1013,9230,0.61,2026-01-25
1014,16699,2.23,2026-01-25
1015,18154,67.20,2026-01-25
1016,11786,29.66,2026-01-25
1017,16133,188.89,2026-01-25
1018,12936,0.51,2026-01-25
1019,22976,0.33,2026-01-25
1020,5455,0.16,2026-01-25
1021,9704,0.56,2026-01-25
1022,12078,24.59,2026-01-25
1023,5281,14.15,2026-01-25
1024,26836,25.46,2026-01-25
1025,20295,0.44,2026-01-25
1026,15875,9.27,2026-01-25
1027,17010,13.39,2026-01-25
1028,22223,14.97,2026-01-25
1029,1792,6.18,2026-01-25
1030,25237,49.99,2026-01-25
1031,26381,52.39,2026-01-25
1032,25894,76.13,2026-01-25
1033,21924,3.57,2026-01-25
1034,24826,2.56,2026-01-25
1035,13772,86.73,2026-01-25
1036,23751,149.99,2026-01-25
1037,9767,4.35,2026-01-25
1038,1653,3.24,2026-01-25
1039,25399,68.95,2026-01-25
1040,3525,42.94,2026-01-25
1041,17322,0.16,2026-01-25
1042,1006,0.25,2026-01-25
1043,25969,29.90,2026-01-25
1044,22847,26.09,2026-01-25
1045,8052,462.35,2026-01-25
1046,12566,40.58,2026-01-25
1047,20917,18.71,2026-01-25
1048,15316,11.92,2026-01-25
1049,6313,10.38,2026-01-25
1050,11819,159.99,2026-01-25
1051,18453,349.95,2026-01-25
1052,2107,150.48,2026-01-25
1053,7563,135.99,2026-01-25
1054,7377,248.00,2026-01-25
1055,2335,600.00,2026-01-25
1056,23226,303.22,2026-01-25
1057,14569,0.31,2026-01-25
1058,25921,1.51,2026-01-25
1059,22377,0.23,2026-01-25
1060,9895,0.45,2026-01-25
1061,26674,0.42,2026-01-25
1062,417,0.15,2026-01-25
1063,13799,8.59,2026-01-25
1064,4476,18.98,2026-01-25
1065,961,0.29,2026-01-25
1066,6444,0.65,2026-01-25
1067,13199,1.03,2026-01-25
1068,7872,1.46,2026-01-25
1069,11557,35.97,2026-01-25
1070,19984,62.50,2026-01-25
1071,26691,0.27,2026-01-25
1072,15165,0.46,2026-01-25
1073,4208,16.79,2026-01-25
1074,26684,17.91,2026-01-25
1075,11590,420.10,2026-01-25
1076,12284,3.92,2026-01-25
1077,15690,199.99,2026-01-25
1078,21971,69.19,2026-01-25
1079,9955,154.94,2026-01-25
1080,23750,342.66,2026-01-25
1081,3143,148.94,2026-01-25
1082,86,105.62,2026-01-25
1083,6108,65.11,2026-01-25
1084,4865,4.55,2026-01-25
1085,14228,9.49,2026-01-25
1086,18881,3.30,2026-01-25
1087,9839,3.99,2026-01-25
1088,15646,4.28,2026-01-25
1089,10263,0.20,2026-01-25
1090,5438,0.32,2026-01-25
1091,7560,30.97,2026-01-25
1092,23452,41.33,2026-01-25
1093,6816,47.99,2026-01-25
1094,7293,6.94,2026-01-25
1095,2309,26.59,2026-01-25
1096,6122,34.97,2026-01-25
1097,2535,6.97,2026-01-25
1098,4546,11.03,2026-01-25
1099,10736,0.38,2026-01-25
1100,18018,0.72,2026-01-25
1101,376,0.27,2026-01-25
1102,15178,0.33,2026-01-25
1103,26170,0.36,2026-01-25
1104,25693,1.20,2026-01-25
1105,13629,0.17,2026-01-25
1106,18066,0.33,2026-01-25
1107,24492,115.09,2026-01-25
1108,26438,150.00,2026-01-25
1109,25140,0.21,2026-01-25
1110,920,0.74,2026-01-25
1111,8815,3.91,2026-01-25
1112,3503,7.76,2026-01-25
1113,15822,5.76,2026-01-25
1114,9330,42.95,2026-01-25
1115,21011,68.22,2026-01-25
1116,23669,0.19,2026-01-25
1117,21908,0.08,2026-01-25
1118,12153,0.94,2026-01-25
1119,25251,0.72,2026-01-25
1120,22828,33.27,2026-01-25
1121,2314,129.99,2026-01-25
1122,15303,0.31,2026-01-25
1123,22422,0.37,2026-01-25
1124,16551,10.60,2026-01-25
1125,12862,7.75,2026-01-25
1126,11325,0.63,2026-01-25
1127,8786,1.17,2026-01-25
1128,4683,2.36,2026-01-25
1129,12084,2.30,2026-01-25
1130,9598,57.74,2026-01-25
1131,3182,21.70,2026-01-25
1132,23672,9.68,2026-01-25
1133,10768,8.61,2026-01-25
1134,9056,51.14,2026-01-25
1135,19160,49.17,2026-01-25
1136,655,0.09,2026-01-25
1137,21148,0.22,2026-01-25
1138,19804,5.03,2026-01-25
1139,13826,5.86,2026-01-25
1140,4215,2.17,2026-01-25
1141,3789,2.72,2026-01-25
1142,23671,0.21,2026-01-25
1143,18212,0.49,2026-01-25
1144,8329,12.36,2026-01-25
1145,12215,5.32,2026-01-25
1146,3224,10.62,2026-01-25
1147,2656,18.12,2026-01-25
1148,15661,0.31,2026-01-25
1149,5022,0.62,2026-01-25
1150,7305,0.15,2026-01-25
1151,8410,0.36,2026-01-25
1152,4665,0.18,2026-01-25
1153,4805,0.53,2026-01-25
1154,22922,1.20,2026-01-25
1155,14667,1.55,2026-01-25
1156,5967,3.55,2026-01-25
1157,21318,0.55,2026-01-25
1158,19300,0.31,2026-01-25
1159,26380,11.91,2026-01-25
1160,10286,4.62,2026-01-25
1161,10894,0.23,2026-01-25
1162,12203,0.43,2026-01-25
1163,17488,69.98,2026-01-25
1164,12983,36.48,2026-01-25
1165,18370,26.23,2026-01-25
1166,16139,5.52,2026-01-25
1167,18780,3.33,2026-01-25
1168,18265,22.55,2026-01-25
1169,16850,23.39,2026-01-25
1170,23745,0.13,2026-01-25
1171,24956,0.41,2026-01-25
1172,14934,11.73,2026-01-25
1173,5433,8.97,2026-01-25
1174,22271,7.76,2026-01-25
1175,16137,14.64,2026-01-25
1176,26267,35.01,2026-01-25
1177,766,43.99,2026-01-25
1178,13133,0.13,2026-01-25
1179,18297,0.40,2026-01-25
1180,26959,0.24,2026-01-25
1181,6187,0.56,2026-01-25
1182,6917,0.53,2026-01-25
1183,11335,0.29,2026-01-25
1184,6503,440.09,2026-01-25
1185,26147,376.66,2026-01-25
1186,12390,0.20,2026-01-25
1187,17832,6.03,2026-01-25
1188,4193,4.71,2026-01-25
1189,9534,29.60,2026-01-25
1190,4762,21.89,2026-01-25
1191,10684,0.12,2026-01-25
1192,21453,0.48,2026-01-25
1193,1572,80.12,2026-01-25
1194,1740,17.60,2026-01-25
1195,8517,18.32,2026-01-25
1196,10820,0.15,2026-01-25
1197,1397,0.22,2026-01-25
1198,4514,2.11,2026-01-25
1199,11782,22.10,2026-01-25
1200,1180,35.74,2026-01-25
1201,4176,0.28,2026-01-25
1202,7262,0.44,2026-01-25
1203,25669,6.67,2026-01-25
1204,18460,20.50,2026-01-25
1205,22577,0.33,2026-01-25
1206,23032,0.72,2026-01-25
1207,3544,0.87,2026-01-25
1208,4922,0.39,2026-01-25
1209,16164,0.86,2026-01-25
1210,5112,0.52,2026-01-25
1211,9602,0.21,2026-01-25
1212,8860,0.73,2026-01-25
1213,26967,72.03,2026-01-25
1214,3936,73.27,2026-01-25
1215,13617,0.94,2026-01-25
1216,25519,2.12,2026-01-25
1217,12688,2.03,2026-01-25
1218,1585,3.00,2026-01-25
1219,15430,0.19,2026-01-25
1220,22763,0.66,2026-01-25
1221,16186,35.24,2026-01-25
1222,2972,1.39,2026-01-25
1223,9227,4.93,2026-01-25
1224,16625,11.99,2026-01-25
1225,19175,9.98,2026-01-25
1226,22385,0.19,2026-01-25
1227,5345,0.64,2026-01-25
1228,13168,0.59,2026-01-25
1229,26715,0.15,2026-01-25
1230,26749,0.39,2026-01-25
1231,7889,0.49,2026-01-25
1232,27010,0.32,2026-01-25
1233,16400,84.22,2026-01-25
1234,23588,76.25,2026-01-25
1235,20042,0.55,2026-01-25
1236,21071,0.65,2026-01-25
1237,11366,112.69,2026-01-25
1238,23533,119.95,2026-01-25
1239,20487,2.10,2026-01-25
1240,22476,7.46,2026-01-25
1241,11880,39.43,2026-01-25
1242,1132,7.60,2026-01-25
1243,24754,7.97,2026-01-25
1244,3092,0.07,2026-01-25
1245,861,0.19,2026-01-25
1246,14567,0.15,2026-01-25
1247,22559,0.50,2026-01-25
1248,12825,0.43,2026-01-25
1249,777,0.85,2026-01-25
1250,18692,0.18,2026-01-25
1251,14597,0.51,2026-01-25
1252,24139,18.99,2026-01-25
1253,7327,28.67,2026-01-25
1254,3718,107.17,2026-01-25
1255,12726,13.19,2026-01-25
1256,8304,51.66,2026-01-25
1257,11436,6.80,2026-01-25
1258,13227,15.70,2026-01-25
1259,22969,25.80,2026-01-25
1260,10869,6.58,2026-01-25
1261,21144,5.80,2026-01-25
1262,4998,6.41,2026-01-25
1263,22339,64.04,2026-01-25
1264,23264,36.32,2026-01-25
1265,24238,104.14,2026-01-25
1266,15812,125.00,2026-01-25
1267,19566,1.05,2026-01-25
1268,23242,14.71,2026-01-25
1269,915,8.72,2026-01-25
1270,23629,6.61,2026-01-25
1271,10061,181.96,2026-01-25
1272,26775,74.87,2026-01-25
1273,22040,231.11,2026-01-25
1274,3616,149.62,2026-01-25
1275,18945,2.04,2026-01-25
1276,1551,1.67,2026-01-25
1277,25281,15.53,2026-01-25
1278,17836,4.96,2026-01-25
1279,17328,4.51,2026-01-25
1280,2759,0.20,2026-01-25
1281,2743,0.45,2026-01-25
1282,486,6.41,2026-01-25
1283,3582,7.44,2026-01-25
1284,9452,5.97,2026-01-25
1285,19433,22.33,2026-01-25
1286,4026,37.49,2026-01-25
1287,7854,6.64,2026-01-25
1288,13131,1.50,2026-01-25
1289,16123,2.69,2026-01-25
1290,13530,0.17,2026-01-25
1291,20377,0.38,2026-01-25
1292,6440,7.64,2026-01-25
1293,4619,137.08,2026-01-25
1294,1086,0.40,2026-01-25
1295,15633,0.16,2026-01-25
1296,13914,29.41,2026-01-25
1297,13782,0.12,2026-01-25
1298,82,0.26,2026-01-25
1299,12980,35.00,2026-01-25
1300,15999,15.55,2026-01-25
1301,24486,11.46,2026-01-25
1302,25515,0.17,2026-01-25
1303,16702,0.51,2026-01-25
1304,24849,7.21,2026-01-25
1305,10597,9.05,2026-01-25
1306,8955,16.90,2026-01-25
1307,25148,3.27,2026-01-25
1308,13053,4.37,2026-01-25
1309,8775,8.22,2026-01-25
1310,12641,3.70,2026-01-25
1311,22977,29.66,2026-01-25
1312,17946,29.83,2026-01-25
1313,24714,0.23,2026-01-25
1314,16809,1.09,2026-01-25
1315,5094,1.66,2026-01-25
1316,7249,6.19,2026-01-25
1317,15814,0.27,2026-01-25
1318,19915,0.37,2026-01-25
1319,12750,1.20,2026-01-25
1320,25502,18.37,2026-01-25
1321,18269,9.15,2026-01-25
1322,668,54.71,2026-01-25
1323,7332,312.99,2026-01-25
1324,4738,14.47,2026-01-25
1325,10157,85.21,2026-01-25
1326,19531,8.06,2026-01-25
1327,23468,8.73,2026-01-25
1328,1615,0.35,2026-01-25
1329,17972,14.74,2026-01-25
1330,5584,17.48,2026-01-25
1331,19743,8.85,2026-01-25
1332,19980,7.71,2026-01-25
1333,18274,13.75,2026-01-25
1334,9142,33.26,2026-01-25
1335,19623,25.73,2026-01-25
1336,4323,0.15,2026-01-25
1337,22401,0.28,2026-01-25
1338,15821,0.34,2026-01-25
1339,11433,0.10,2026-01-25
1340,14414,0.36,2026-01-25
1341,1364,0.15,2026-01-25
1342,26698,6.69,2026-01-25
1343,25130,6.78,2026-01-25
1344,3097,60.98,2026-01-25
1345,19597,0.14,2026-01-25
1346,14331,0.33,2026-01-25
1347,4522,0.21,2026-01-25
1348,25169,0.51,2026-01-25
1349,11431,0.95,2026-01-25
1350,26690,4.94,2026-01-25
1351,14125,0.37,2026-01-25
1352,6701,3.33,2026-01-25
1353,7868,11.67,2026-01-25
1354,10885,9.41,2026-01-25
1355,8519,235.54,2026-01-25
1356,25255,13.68,2026-01-25
1357,12196,2.99,2026-01-25
1358,25910,97.62,2026-01-25
1359,3794,25.96,2026-01-25
1360,1979,1.39,2026-01-25
1361,11101,0.21,2026-01-25
1362,7370,0.53,2026-01-25
1363,5918,0.21,2026-01-25
1364,11176,0.48,2026-01-25
1365,20419,0.41,2026-01-25
1366,22275,0.91,2026-01-25
1367,3446,0.32,2026-01-25
1368,981,1.44,2026-01-25
1369,24928,0.77,2026-01-25
1370,9470,4.92,2026-01-25
1371,3614,9.31,2026-01-25
1372,11792,22.07,2026-01-25
1373,15516,1.24,2026-01-25
1374,6593,1.88,2026-01-25
1375,16931,42.93,2026-01-25
1376,1683,13.86,2026-01-25
1377,5776,9.28,2026-01-25
1378,5026,6.40,2026-01-25
1379,962,7.03,2026-01-25
1380,12935,5.45,2026-01-25
1381,6623,3.19,2026-01-25
1382,26255,2.39,2026-01-25
1383,18087,2.10,2026-01-25
1384,20288,1.59,2026-01-25
1385,2930,10.65,2026-01-25
1386,23596,39.75,2026-01-25
1387,19756,3.81,2026-01-25
1388,18437,1.93,2026-01-25
1389,10854,46.06,2026-01-25
1390,18480,49.30,2026-01-25
1391,25348,9.00,2026-01-25
1392,17666,0.36,2026-01-25
1393,8906,0.40,2026-01-25
1394,25413,5.83,2026-01-25
1395,12623,35.96,2026-01-25
1396,144,43.46,2026-01-25
1397,22101,16.20,2026-01-25
1398,7053,11.71,2026-01-25
1399,14493,13.30,2026-01-25
1400,20756,9.67,2026-01-25
1401,15616,14.70,2026-01-25
1402,3635,15.12,2026-01-25
1403,2469,25.68,2026-01-25
1404,20117,25.16,2026-01-25
1405,18506,16.26,2026-01-25
1406,14851,14.88,2026-01-25
1407,13268,0.86,2026-01-25
1408,2814,0.20,2026-01-25
1409,4544,0.53,2026-01-25
1410,14096,399.99,2026-01-25
1411,21855,249.75,2026-01-25
1412,18827,212.19,2026-01-25
1413,7455,226.00,2026-01-25
1414,22046,40.18,2026-01-25
1415,8531,41.56,2026-01-25
1416,22595,27.92,2026-01-25
1417,10979,27.70,2026-01-25
1418,10613,0.09,2026-01-25
1419,23876,0.15,2026-01-25
1420,9529,1.26,2026-01-25
1421,14071,0.32,2026-01-25
1422,15218,0.97,2026-01-25
1423,4158,0.36,2026-01-25
1424,4082,1.17,2026-01-25
1425,15696,6.31,2026-01-25
1426,16879,5.53,2026-01-25
1427,10764,6.64,2026-01-25
1428,25863,141.12,2026-01-25
1429,5029,70.85,2026-01-25
1430,25525,0.49,2026-01-25
1431,23053,4.07,2026-01-25
1432,2149,2.67,2026-01-25
1433,7659,8.26,2026-01-25
1434,22935,0.19,2026-01-25
1435,10097,0.57,2026-01-25
1436,11430,14.05,2026-01-25
1437,13151,24.47,2026-01-25
1438,8315,23.18,2026-01-25
1439,21220,13.23,2026-01-25
1440,5346,0.25,2026-01-25
1441,8618,0.78,2026-01-25
1442,1548,0.28,2026-01-25
1443,10089,0.52,2026-01-25
1444,10867,0.12,2026-01-25
1445,3367,0.30,2026-01-25
1446,8103,0.09,2026-01-25
1447,14114,0.18,2026-01-25
1448,2733,0.31,2026-01-25
1449,13320,0.15,2026-01-25
1450,25751,2.78,2026-01-25
1451,10031,3.22,2026-01-25
1452,26314,27.36,2026-01-25
1453,14665,19.27,2026-01-25
1454,12998,70.19,2026-01-25
1455,2732,47.97,2026-01-25
1456,14614,60.54,2026-01-25
1457,3017,99.21,2026-01-25
1458,3249,54.01,2026-01-25
1459,2923,7.81,2026-01-25
1460,12246,5.67,2026-01-25
1461,935,1.27,2026-01-25
1462,13355,1.10,2026-01-25
1463,20738,71.09,2026-01-25
1464,23649,125.00,2026-01-25
1465,10620,0.33,2026-01-25
1466,26885,1.06,2026-01-25
1467,17726,0.55,2026-01-25
1468,23122,0.37,2026-01-25
1469,1227,82.48,2026-01-25
1470,23797,48.26,2026-01-25
1471,16037,14.13,2026-01-25
1472,4355,0.42,2026-01-25
1473,20095,0.18,2026-01-25
1474,8950,8.69,2026-01-25
1475,896,0.13,2026-01-25
1476,1384,0.23,2026-01-25
1477,19519,13.93,2026-01-25
1478,17099,7.25,2026-01-25
1479,8098,74.82,2026-01-25
1480,12405,31.69,2026-01-25
1481,4760,72.88,2026-01-25
1482,7094,142.54,2026-01-25
1483,2005,71.80,2026-01-25
1484,16549,0.13,2026-01-25
1485,1222,0.30,2026-01-25
1486,533,135.70,2026-01-25
1487,18004,116.69,2026-01-25
1488,19680,4.47,2026-01-25
1489,26516,4.58,2026-01-25
1490,6743,3.26,2026-01-25
1491,17646,15.50,2026-01-25
1492,3193,41.55,2026-01-25
1493,6650,32.07,2026-01-25
1494,17185,20.27,2026-01-25
1495,9864,7.88,2026-01-25
1496,11390,8.21,2026-01-25
1497,12521,83.00,2026-01-25
1498,21911,23.89,2026-01-25
1499,3646,0.22,2026-01-25
1500,3828,0.42,2026-01-25
1501,14257,0.14,2026-01-25
1502,6656,0.33,2026-01-25
1503,16786,39.96,2026-01-25
1504,7152,17.86,2026-01-25
1505,24470,3.14,2026-01-25
1506,15115,4.75,2026-01-25
1507,12586,3.88,2026-01-25
1508,7304,2.14,2026-01-25
1509,3745,0.26,2026-01-25
1510,26758,0.46,2026-01-25
1511,26242,11.64,2026-01-25
1512,12767,11.73,2026-01-25
1513,25813,1.55,2026-01-25
1514,3906,0.23,2026-01-25
1515,23722,0.75,2026-01-25
1516,21743,0.70,2026-01-25
1517,14961,0.65,2026-01-25
1518,26843,0.94,2026-01-25
1519,20806,0.90,2026-01-25
1520,1993,1.23,2026-01-25
1521,21309,2.10,2026-01-25
1522,14603,2.61,2026-01-25
1523,3886,3.71,2026-01-25
1524,7559,13.83,2026-01-25
1525,12126,19.39,2026-01-25
1526,1973,0.20,2026-01-25
1527,21059,0.73,2026-01-25
1528,11867,65.82,2026-01-25
1529,6588,73.71,2026-01-25
1530,25192,54.99,2026-01-25
1531,19379,159.08,2026-01-25
1532,21509,3.76,2026-01-25
1533,22919,75.08,2026-01-25
1534,23465,18.49,2026-01-25
1535,7666,15.00,2026-01-25
1536,21393,24.11,2026-01-25
1537,11237,7.40,2026-01-25
1538,13277,13.28,2026-01-25
1539,16645,10.12,2026-01-25
1540,25616,18.79,2026-01-25
1541,5506,21.73,2026-01-25
1542,19539,0.27,2026-01-25
1543,5927,0.65,2026-01-25
1544,4385,0.48,2026-01-25
1545,21139,8.68,2026-01-25
1546,8240,0.14,2026-01-25
1547,16335,0.33,2026-01-25
1548,1866,0.73,2026-01-25
1549,14044,0.23,2026-01-25
1550,1056,20.33,2026-01-25
1551,22823,18.17,2026-01-25
1552,25043,21.19,2026-01-25
1553,12237,9.50,2026-01-25
1554,16344,0.87,2026-01-25
1555,8926,2.02,2026-01-25
1556,14972,1.32,2026-01-25
1557,17033,17.00,2026-01-25
1558,1983,0.98,2026-01-25
1559,13737,13.68,2026-01-25
1560,14039,6.40,2026-01-25
1561,13010,0.09,2026-01-25
1562,14139,0.25,2026-01-25
1563,19009,51.04,2026-01-25
1564,140,20.30,2026-01-25
1565,23614,5.44,2026-01-25
1566,7211,12.74,2026-01-25
1567,11213,18.70,2026-01-25
1568,16889,17.21,2026-01-25
1569,24296,17.71,2026-01-25
1570,17834,26.15,2026-01-25
1571,2978,8.98,2026-01-25
1572,4891,12.11,2026-01-25
1573,1120,0.20,2026-01-25
1574,11812,0.38,2026-01-25
1575,20540,0.19,2026-01-25
1576,17817,0.12,2026-01-25
1577,19853,51.23,2026-01-25
1578,15374,0.33,2026-01-25
1579,411,0.57,2026-01-25
1580,19080,10.28,2026-01-25
1581,15584,9.44,2026-01-25
1582,9451,0.11,2026-01-25
1583,17966,0.20,2026-01-25
1584,7886,0.17,2026-01-25
1585,1607,0.42,2026-01-25
1586,3727,26.36,2026-01-25
1587,3395,58.39,2026-01-25
1588,3597,0.37,2026-01-25
1589,16582,0.92,2026-01-25
1590,18763,89.82,2026-01-25
1591,25277,9.17,2026-01-25
1592,13446,0.22,2026-01-25
1593,4393,0.36,2026-01-25
1594,5834,2.57,2026-01-25
1595,24819,6.04,2026-01-25
1596,21814,0.56,2026-01-25
1597,18316,0.26,2026-01-25
1598,18812,18.70,2026-01-25
1599,13101,22.68,2026-01-25
1600,18360,0.39,2026-01-25
1601,23777,0.76,2026-01-25
1602,5437,0.23,2026-01-25
1603,16636,1.37,2026-01-25
1604,5191,0.22,2026-01-25
1605,14444,0.12,2026-01-25
1606,4414,19.70,2026-01-25
1607,5652,9.49,2026-01-25
1608,12845,45.58,2026-01-25
1609,14550,18.17,2026-01-25
1610,11206,0.95,2026-01-25
1611,4826,0.70,2026-01-25
1612,1829,141.12,2026-01-25
1613,16492,949.94,2026-01-25
1614,13789,21.41,2026-01-25
1615,3293,29.12,2026-01-25
1616,12540,0.41,2026-01-25
1617,17865,5.04,2026-01-25
1618,21907,13.77,2026-01-25
1619,5627,1.17,2026-01-25
1620,20181,1.32,2026-01-25
1621,23511,4.78,2026-01-25
1622,21033,5.49,2026-01-25
1623,14776,100.79,2026-01-25
1624,11,40.29,2026-01-25
1625,26627,0.15,2026-01-25
1626,13399,0.34,2026-01-25
1627,20432,0.14,2026-01-25
1628,9575,0.35,2026-01-25
1629,19448,9.96,2026-01-25
1630,5163,17.50,2026-01-25
1631,10861,28.47,2026-01-25
1632,21112,1.32,2026-01-25
1633,10148,6.11,2026-01-25
1634,9652,0.19,2026-01-25
1635,26317,0.07,2026-01-25
1636,26944,8.64,2026-01-25
1637,25750,7.08,2026-01-25
1638,8232,15.72,2026-01-25
1639,6836,26.56,2026-01-25
1640,24633,0.40,2026-01-25
1641,25524,0.62,2026-01-25
1642,9130,6.77,2026-01-25
1643,24689,5.65,2026-01-25
1644,1088,0.33,2026-01-25
1645,22898,1.96,2026-01-25
1646,24445,0.62,2026-01-25
1647,17737,1.66,2026-01-25
1648,24959,11.05,2026-01-25
1649,11682,8.97,2026-01-25
1650,23869,0.83,2026-01-25
1651,21274,0.26,2026-01-25
1652,5583,31.07,2026-01-25
1653,6860,84.33,2026-01-25
1654,21945,146.81,2026-01-25
1655,10599,16.65,2026-01-25
1656,18282,15.37,2026-01-25
1657,7207,123.55,2026-01-25
1658,21382,40.08,2026-01-25
1659,5938,123.07,2026-01-25
1660,17693,115.00,2026-01-25
1661,2746,0.39,2026-01-25
1662,5690,1.08,2026-01-25
1663,18930,37.29,2026-01-25
1664,3928,28.40,2026-01-25
1665,246,0.19,2026-01-25
1666,17389,0.43,2026-01-25
1667,11884,0.53,2026-01-25
1668,20493,2.02,2026-01-25
1669,9484,3.39,2026-01-25
1670,23986,0.47,2026-01-25
1671,10015,1.18,2026-01-25
1672,23476,163.37,2026-01-25
1673,12791,79.14,2026-01-25
1674,15883,3.43,2026-01-25
1675,15700,84.99,2026-01-25
1676,4924,13.34,2026-01-25
1677,16176,0.20,2026-01-25
1678,22419,0.42,2026-01-25
1679,26595,0.18,2026-01-25
1680,11898,0.32,2026-01-25
1681,18442,1.59,2026-01-25
1682,18439,0.28,2026-01-25
1683,3560,0.68,2026-01-25
1684,22761,0.25,2026-01-25
1685,8264,0.49,2026-01-25
1686,5450,223.69,2026-01-25
1687,10938,74.99,2026-01-25
1688,10102,61.81,2026-01-25
1689,1243,50.00,2026-01-25
1690,4038,26.73,2026-01-25
1691,7597,25.56,2026-01-25
1692,25868,0.14,2026-01-25
1693,25230,0.31,2026-01-25
1694,21703,3.64,2026-01-25
1695,23040,13.68,2026-01-25
1696,12277,143.81,2026-01-25
1697,15631,57.31,2026-01-25
1698,26160,29.79,2026-01-25
1699,26945,26.07,2026-01-25
1700,9827,1.58,2026-01-25
1701,16099,2.47,2026-01-25
1702,255,4.53,2026-01-25
1703,3442,4.75,2026-01-25
1704,4251,47.35,2026-01-25
1705,24200,4.31,2026-01-25
1706,3252,5.01,2026-01-25
1707,21870,10.20,2026-01-25
1708,12967,11.72,2026-01-25
1709,2587,2.49,2026-01-25
1710,10591,4.87,2026-01-25
1711,1698,44.46,2026-01-25
1712,3641,19.00,2026-01-25
1713,26513,51.85,2026-01-25
1714,11897,98.33,2026-01-25
1715,24553,0.13,2026-01-25
1716,2451,0.35,2026-01-25
1717,16483,0.85,2026-01-25
1718,11527,0.84,2026-01-25
1719,7648,0.87,2026-01-25
1720,10374,265.23,2026-01-25
1721,25326,113.61,2026-01-25
1722,605,12.08,2026-01-25
1723,25774,28.00,2026-01-25
1724,19061,0.97,2026-01-25
1725,15536,39.85,2026-01-25
1726,10060,0.55,2026-01-25
1727,6763,1.21,2026-01-25
1728,17198,1.83,2026-01-25
1729,17271,3.92,2026-01-25
1730,18620,33.25,2026-01-25
1731,15358,22.79,2026-01-25
1732,10838,1.66,2026-01-25
1733,21677,16.85,2026-01-25
1734,4357,0.15,2026-01-25
1735,14507,0.32,2026-01-25
1736,21894,0.19,2026-01-25
1737,23012,0.36,2026-01-25
1738,16958,11.50,2026-01-25
1739,15439,21.00,2026-01-25
1740,6514,22.53,2026-01-25
1741,18383,34.30,2026-01-25
1742,19697,19.94,2026-01-25
1743,7394,19.14,2026-01-25
1744,7968,2.20,2026-01-25
1745,10400,17.88,2026-01-25
1746,22728,0.14,2026-01-25
1747,12847,0.42,2026-01-25
1748,17735,0.09,2026-01-25
1749,10784,0.37,2026-01-25
1750,3467,39.88,2026-01-25
1751,3850,8.32,2026-01-25
1752,5779,0.32,2026-01-25
1753,10361,1.94,2026-01-25
1754,10624,12.19,2026-01-25
1755,11643,200.00,2026-01-25
1756,22768,77.08,2026-01-25
1757,18070,6.32,2026-01-25
1758,3953,49.97,2026-01-25
1759,16276,29.88,2026-01-25
1760,7210,16.58,2026-01-25
1761,22948,0.24,2026-01-25
1762,3134,0.10,2026-01-25
1763,12136,0.29,2026-01-25
1764,22584,0.77,2026-01-25
1765,21961,0.68,2026-01-25
1766,9722,2.31,2026-01-25
1767,14817,0.29,2026-01-25
1768,13389,0.67,2026-01-25
1769,1991,0.62,2026-01-25
1770,13663,2.55,2026-01-25
1771,9961,126.67,2026-01-25
1772,21426,75.89,2026-01-25
1773,18436,5.71,2026-01-25
1774,3944,10.45,2026-01-25
1775,23347,1.25,2026-01-25
1776,10456,21.41,2026-01-25
1777,11769,45.48,2026-01-25
1778,11292,179.45,2026-01-25
1779,27017,63.62,2026-01-25
1780,20645,89.00,2026-01-25
1781,7813,28.31,2026-01-25
1782,5368,29.85,2026-01-25
1783,18478,0.36,2026-01-25
1784,20823,0.98,2026-01-25
1785,18476,6.94,2026-01-25
1786,16728,6.92,2026-01-25
1787,11386,0.23,2026-01-25
1788,13233,0.28,2026-01-25
1789,318,0.23,2026-01-25
1790,24113,0.67,2026-01-25
1791,16526,21.09,2026-01-25
1792,4398,18.17,2026-01-25
1793,9904,46.29,2026-01-25
1794,17154,28.36,2026-01-25
1795,4777,0.38,2026-01-25
1796,8352,0.64,2026-01-25
1797,23121,2.04,2026-01-25
1798,8612,16.00,2026-01-25
1799,12612,0.66,2026-01-25
1800,19707,3.19,2026-01-25
1801,19635,0.21,2026-01-25
1802,4001,0.60,2026-01-25
1803,5383,23.54,2026-01-25
1804,11287,13.76,2026-01-25
1805,25611,11.79,2026-01-25
1806,21061,21.24,2026-01-25
1807,5883,116.67,2026-01-25
1808,15925,6.03,2026-01-25
1809,21757,59.40,2026-01-25
1810,17237,17.58,2026-01-25
1811,7662,17.00,2026-01-25
1812,4611,39.31,2026-01-25
1813,16523,60.55,2026-01-25
1814,25541,0.43,2026-01-25
1815,10076,1.89,2026-01-25
1816,13079,4.85,2026-01-25
1817,640,1.17,2026-01-25
1818,4064,6.69,2026-01-25
1819,11537,8.48,2026-01-25
1820,16361,2.61,2026-01-25
1821,22207,7.99,2026-01-25
1822,20715,0.71,2026-01-25
1823,26564,28.42,2026-01-25
1824,10320,0.19,2026-01-25
1825,15034,0.47,2026-01-25
1826,26898,7.92,2026-01-25
1827,14495,31.33,2026-01-25
1828,11143,0.11,2026-01-25
1829,6353,0.27,2026-01-25
1830,10147,0.98,2026-01-25
1831,15759,3.64,2026-01-25
1832,20340,18.81,2026-01-25
1833,14650,39.50,2026-01-25
1834,19422,23.96,2026-01-25
1835,9463,17.64,2026-01-25
1836,2338,4.98,2026-01-25
1837,11294,10.21,2026-01-25
1838,22514,18.24,2026-01-25
1839,24983,33.38,2026-01-25
1840,21756,26.25,2026-01-25
1841,25400,1.03,2026-01-25
1842,14248,5.99,2026-01-25
1843,19003,1.24,2026-01-25
1844,2373,1.75,2026-01-25
1845,9857,119.96,2026-01-25
1846,6426,35.80,2026-01-25
1847,9892,194.99,2026-01-25
1848,12647,85.38,2026-01-25
1849,14822,16.62,2026-01-25
1850,2221,23.89,2026-01-25
1851,19050,0.44,2026-01-25
1852,20547,0.70,2026-01-25
1853,14381,5.51,2026-01-25
1854,22502,8.50,2026-01-25
1855,24360,75.89,2026-01-25
1856,21806,11.38,2026-01-25
1857,317,1.35,2026-01-25
1858,11514,4.48,2026-01-25
1859,15644,0.32,2026-01-25
1860,12694,2.17,2026-01-25
1861,18967,10.97,2026-01-25
1862,9787,4.47,2026-01-25
1863,3250,0.70,2026-01-25
1864,4098,2.98,2026-01-25
1865,24411,17.32,2026-01-25
1866,23219,45.44,2026-01-25
1867,26630,47.23,2026-01-25
1868,21096,0.20,2026-01-25
1869,20435,0.34,2026-01-25
1870,1480,1.70,2026-01-25
1871,12365,198.07,2026-01-25
1872,12974,0.67,2026-01-25
1873,2231,0.19,2026-01-25
1874,3834,0.27,2026-01-25
1875,8511,0.35,2026-01-25
1876,19529,1.33,2026-01-25
1877,15850,0.28,2026-01-25
1878,14888,0.66,2026-01-25
1879,6421,28.11,2026-01-25
1880,18565,45.91,2026-01-25
1881,13690,400.00,2026-01-25
1882,24037,154.97,2026-01-25
1883,2024,4.34,2026-01-25
1884,15746,0.75,2026-01-25
1885,21926,0.98,2026-01-25
1886,5907,144.23,2026-01-25
1887,21272,87.50,2026-01-25
1888,9725,0.20,2026-01-25
1889,20078,0.44,2026-01-25
1890,15325,38.28,2026-01-25
1891,7039,30.88,2026-01-25
1892,25773,0.13,2026-01-25
1893,8751,0.30,2026-01-25
1894,20387,17.88,2026-01-25
1895,16182,150.00,2026-01-25
1896,14497,0.19,2026-01-25
1897,20768,0.51,2026-01-25
1898,26362,0.98,2026-01-25
1899,18186,15.87,2026-01-25
1900,20366,2.97,2026-01-25
1901,22203,5.50,2026-01-25
1902,19913,95.55,2026-01-25
1903,25986,53.05,2026-01-25
1904,2354,22.87,2026-01-25
1905,7147,50.58,2026-01-25
1906,1820,39.99,2026-01-25
1907,11312,130.14,2026-01-25
1908,11770,68.15,2026-01-25
1909,8073,1.02,2026-01-25
1910,6659,2.32,2026-01-25
1911,23594,0.19,2026-01-25
1912,17768,0.47,2026-01-25
1913,4556,31.59,2026-01-25
1914,26200,86.36,2026-01-25
1915,17785,1.97,2026-01-25
1916,26561,0.20,2026-01-25
1917,6432,0.29,2026-01-25
1918,20731,0.98,2026-01-25
1919,15605,5.63,2026-01-25
1920,24208,0.52,2026-01-25
1921,18801,0.68,2026-01-25
1922,23406,0.28,2026-01-25
1923,27013,1.22,2026-01-25
1924,14163,0.10,2026-01-25
1925,13769,0.27,2026-01-25
1926,20685,28.12,2026-01-25
1927,21920,50.62,2026-01-25
1928,22682,230.74,2026-01-25
1929,14700,140.00,2026-01-25
1930,11748,19.76,2026-01-25
1931,11013,26.28,2026-01-25
1932,940,45.00,2026-01-25
1933,26562,0.92,2026-01-25
1934,809,1.95,2026-01-25
1935,21347,113.43,2026-01-25
1936,10233,45.62,2026-01-25
1937,16631,0.36,2026-01-25
1938,7694,0.87,2026-01-25
1939,3153,0.31,2026-01-25
1940,13356,0.94,2026-01-25
1941,20763,0.15,2026-01-25
1942,10577,0.27,2026-01-25
1943,13342,0.09,2026-01-25
1944,18555,0.29,2026-01-25
1945,26566,35.46,2026-01-25
1946,14769,14.90,2026-01-25
1947,13609,7.46,2026-01-25
1948,4879,13.46,2026-01-25
1949,16322,0.70,2026-01-25
1950,19326,0.19,2026-01-25
1951,17142,0.09,2026-01-25
1952,17234,0.15,2026-01-25
1953,10749,14.89,2026-01-25
1954,22521,14.56,2026-01-25
1955,10991,5.00,2026-01-25
1956,3036,19.99,2026-01-25
1957,3642,25.81,2026-01-25
1958,8058,0.34,2026-01-25
1959,13832,4.08,2026-01-25
1960,8025,3.50,2026-01-25
1961,3340,23.90,2026-01-25
1962,26760,24.99,2026-01-25
1963,20231,82.00,2026-01-25
1964,21460,60.00,2026-01-25
1965,3223,0.53,2026-01-25
1966,2954,0.46,2026-01-25
1967,23432,8.60,2026-01-25
1968,25185,8.30,2026-01-25
1969,17015,7.62,2026-01-25
1970,994,0.11,2026-01-25
1971,17058,0.52,2026-01-25
1972,10534,0.13,2026-01-25
1973,7751,0.36,2026-01-25
1974,4023,1.44,2026-01-25
1975,10985,4.13,2026-01-25
1976,23362,1.54,2026-01-25
1977,9373,2.60,2026-01-25
1978,15249,7.00,2026-01-25
1979,16567,0.64,2026-01-25
1980,1489,1.87,2026-01-25
1981,17190,6.41,2026-01-25
1982,2286,4.04,2026-01-25
1983,12379,17.44,2026-01-25
1984,12775,14.89,2026-01-25
1985,15164,23.50,2026-01-25
1986,25521,22.28,2026-01-25
1987,8538,0.25,2026-01-25
1988,14481,0.80,2026-01-25
1989,8608,0.16,2026-01-25
1990,11497,0.40,2026-01-25
1991,7619,7.73,2026-01-25
1992,1504,0.57,2026-01-25
1993,18195,0.38,2026-01-25
1994,12638,0.49,2026-01-25
1995,17403,14.11,2026-01-25
1996,5587,19.65,2026-01-25
1997,3889,0.50,2026-01-25
1998,20156,0.25,2026-01-25
1999,16654,11.10,2026-01-25
2000,20336,15.78,2026-01-25
2001,10741,3.37,2026-01-25
2002,13982,3.57,2026-01-25
2003,11868,0.19,2026-01-25
2004,25370,0.76,2026-01-25
2005,25113,6.35,2026-01-25
2006,20389,5.55,2026-01-25
2007,997,48.30,2026-01-25
2008,21569,0.48,2026-01-25
2009,9090,0.11,2026-01-25
2010,1908,3.01,2026-01-25
2011,336,2.78,2026-01-25
2012,24249,86.29,2026-01-25
2013,15367,41.67,2026-01-25
2014,390,0.86,2026-01-25
2015,17219,2.49,2026-01-25
2016,24551,2.50,2026-01-25
2017,14247,79.72,2026-01-25
2018,15912,27.45,2026-01-25
2019,5808,0.05,2026-01-25
2020,3992,0.16,2026-01-25
2021,11318,13.57,2026-01-25
2022,23322,0.70,2026-01-25
2023,19105,1.79,2026-01-25
2024,22450,3.79,2026-01-25
2025,19779,19.90,2026-01-25
2026,16430,0.17,2026-01-25
2027,13388,0.34,2026-01-25
2028,19901,17.28,2026-01-25
2029,3299,23.59,2026-01-25
2030,2276,72.97,2026-01-25
2031,10588,22.90,2026-01-25
2032,1714,15.16,2026-01-25
2033,19059,16.66,2026-01-25
2034,8231,49.94,2026-01-25
2035,6023,279.99,2026-01-25
2036,9233,261.07,2026-01-25
2037,7977,0.06,2026-01-25
2038,17246,0.20,2026-01-25
2039,18579,11.17,2026-01-25
2040,18792,9.12,2026-01-25
2041,15158,1.79,2026-01-25
2042,6780,4.83,2026-01-25
2043,4859,27.63,2026-01-25
2044,3203,17.17,2026-01-25
2045,21083,23.24,2026-01-25
2046,24485,3.44,2026-01-25
2047,19037,86.44,2026-01-25
2048,2156,75.85,2026-01-25
2049,26977,0.71,2026-01-25
2050,4103,7.28,2026-01-25
2051,10676,2.87,2026-01-25
2052,2417,2.61,2026-01-25
2053,14574,0.75,2026-01-25
2054,24210,2.34,2026-01-25
2055,18086,45.16,2026-01-25
2056,22615,201.74,2026-01-25
2057,1514,69.45,2026-01-25
2058,19695,0.57,2026-01-25
2059,19027,2.31,2026-01-25
2060,9732,27.32,2026-01-25
2061,16266,29.99,2026-01-25
2062,6359,5.83,2026-01-25
2063,26310,28.02,2026-01-25
2064,2330,0.19,2026-01-25
2065,14355,0.37,2026-01-25
2066,3589,0.11,2026-01-25
2067,22814,0.20,2026-01-25
2068,3885,2.07,2026-01-25
2069,13688,0.91,2026-01-25
2070,4465,6.53,2026-01-25
2071,17166,22.50,2026-01-25
2072,18000,6.95,2026-01-25
2073,16525,55.03,2026-01-25
2074,7029,0.37,2026-01-25
2075,11631,1.02,2026-01-25
2076,12072,1.53,2026-01-25
2077,26895,17.03,2026-01-25
2078,188,19.15,2026-01-25
2079,5391,0.28,2026-01-25
2080,19664,1.46,2026-01-25
2081,21583,113.70,2026-01-25
2082,4446,21.39,2026-01-25
2083,8638,29.27,2026-01-25
2084,10792,25.60,2026-01-25
2085,6191,37.07,2026-01-25
2086,2987,44.15,2026-01-25
2087,11460,8.33,2026-01-25
2088,21503,0.22,2026-01-25
2089,12992,0.47,2026-01-25
2090,20510,1.91,2026-01-25
2091,26056,2.86,2026-01-25
2092,19034,0.23,2026-01-25
2093,26626,0.13,2026-01-25
2094,4994,48.38,2026-01-25
2095,26145,99.99,2026-01-25
2096,1537,1.21,2026-01-25
2097,18825,5.98,2026-01-25
2098,13407,0.22,2026-01-25
2099,23358,0.52,2026-01-25
2100,26468,14.70,2026-01-25
2101,21877,11.63,2026-01-25
2102,79,9.15,2026-01-25
2103,19989,14.50,2026-01-25
2104,11133,0.53,2026-01-25
2105,6293,1.79,2026-01-25
2106,19502,0.15,2026-01-25
2107,8927,0.32,2026-01-25
2108,9532,0.11,2026-01-25
2109,7422,0.39,2026-01-25
2110,16996,197.56,2026-01-25
2111,22827,83.05,2026-01-25
2112,9816,0.26,2026-01-25
2113,24534,0.38,2026-01-25
2114,15489,0.43,2026-01-25
2115,6609,2.29,2026-01-25
2116,14820,2.38,2026-01-25
2117,7804,3.24,2026-01-25
2118,3113,1.58,2026-01-25
2119,20945,95.22,2026-01-25
2120,4622,27.34,2026-01-25
2121,26226,49.99,2026-01-25
2122,7145,70.28,2026-01-25
2123,19156,75.37,2026-01-25
2124,7688,0.73,2026-01-25
2125,23529,0.98,2026-01-25
2126,21947,13.44,2026-01-25
2127,17906,26.40,2026-01-25
2128,26125,14.68,2026-01-25
2129,17664,0.23,2026-01-25
2130,12044,1.70,2026-01-25
2131,23307,1.01,2026-01-25
2132,26428,3.94,2026-01-25
2133,8406,1.00,2026-01-25
2134,12214,10.65,2026-01-25
2135,13883,15.05,2026-01-25
2136,1424,0.47,2026-01-25
2137,1415,0.19,2026-01-25
2138,13004,0.31,2026-01-25
2139,5165,3.20,2026-01-25
2140,3535,0.83,2026-01-25
2141,21486,0.26,2026-01-25
2142,26481,1.11,2026-01-25
2143,13328,0.08,2026-01-25
2144,3426,0.17,2026-01-25
2145,2064,0.25,2026-01-25
2146,14430,3.70,2026-01-25
2147,8211,5.99,2026-01-25
2148,3768,10.11,2026-01-25
2149,11249,63.59,2026-01-25
2150,1510,80.00,2026-01-25
2151,8327,0.41,2026-01-25
2152,3262,0.76,2026-01-25
2153,22516,0.18,2026-01-25
2154,11136,0.56,2026-01-25
2155,3457,12.01,2026-01-25
2156,14387,71.61,2026-01-25
2157,19953,173.32,2026-01-25
2158,7044,0.10,2026-01-25
2159,824,0.26,2026-01-25
2160,19281,97.00,2026-01-25
2161,10094,43.55,2026-01-25
2162,19153,0.28,2026-01-25
2163,26943,0.14,2026-01-25
2164,469,0.06,2026-01-25
2165,8893,0.17,2026-01-25
2166,12772,1.74,2026-01-25
2167,26979,6.82,2026-01-25
2168,6963,0.30,2026-01-25
2169,22718,1.00,2026-01-25
2170,25706,120.00,2026-01-25
2171,14083,255.43,2026-01-25
2172,14440,4.31,2026-01-25
2173,786,4.14,2026-01-25
2174,18623,3.59,2026-01-25
2175,4921,13.68,2026-01-25
2176,17006,22.82,2026-01-25
2177,21351,16.86,2026-01-25
2178,21058,4.90,2026-01-25
2179,24743,5.84,2026-01-25
2180,22578,12.08,2026-01-25
2181,2876,14.02,2026-01-25
2182,13058,19.99,2026-01-25
2183,831,4.52,2026-01-25
2184,23668,6.99,2026-01-25
2185,23534,0.34,2026-01-25
2186,19485,1.49,2026-01-25
2187,12814,0.25,2026-01-25
2188,22076,0.35,2026-01-25
2189,6050,0.70,2026-01-25
2190,26859,86.49,2026-01-25
2191,12906,53.80,2026-01-25
2192,17070,2.65,2026-01-25
2193,12497,14.34,2026-01-25
2194,24455,1.12,2026-01-25
2195,24780,25.16,2026-01-25
2196,7848,27.29,2026-01-25
2197,4005,44.48,2026-01-25
2198,21057,127.64,2026-01-25
2199,20512,149.99,2026-01-25
2200,4236,8.02,2026-01-25
2201,409,35.96,2026-01-25
2202,19536,0.43,2026-01-25
2203,6630,6.01,2026-01-25
2204,18937,4.95,2026-01-25
2205,12123,334.67,2026-01-25
2206,26346,347.49,2026-01-25
2207,20220,0.78,2026-01-25
2208,24181,1.16,2026-01-25
2209,12526,75.83,2026-01-25
2210,24177,46.14,2026-01-25
2211,23153,42.02,2026-01-25
2212,12269,47.00,2026-01-25
2213,12676,4.82,2026-01-25
2214,19528,4.46,2026-01-25
2215,8284,95.48,2026-01-25
2216,11521,65.99,2026-01-25
2217,5954,99.59,2026-01-25
2218,6377,36.78,2026-01-25
2219,21921,2.63,2026-01-25
2220,6747,5.26,2026-01-25
2221,20164,75.00,2026-01-25
2222,10907,0.34,2026-01-25
2223,15305,0.15,2026-01-25
2224,6159,0.84,2026-01-25
2225,9658,6.87,2026-01-25
2226,26686,2.88,2026-01-25
2227,6321,2.79,2026-01-25
2228,3894,2.52,2026-01-25
2229,10766,53.33,2026-01-25
2230,26740,49.42,2026-01-25
2231,27086,0.43,2026-01-25
2232,23214,0.87,2026-01-25
2233,13510,92.88,2026-01-25
2234,10909,97.87,2026-01-25
2235,14455,0.98,2026-01-25
2236,10183,2.16,2026-01-25
2237,25442,6.32,2026-01-25
2238,9721,155.51,2026-01-25
2239,20270,0.46,2026-01-25
2240,4837,0.15,2026-01-25
2241,10369,14.31,2026-01-25
2242,16726,44.37,2026-01-25
2243,13391,8.93,2026-01-25
2244,4741,9.85,2026-01-25
2245,18024,0.17,2026-01-25
2246,18325,0.45,2026-01-25
2247,15948,0.23,2026-01-25
2248,13632,0.39,2026-01-25
2249,1244,271.37,2026-01-25
2250,840,51.07,2026-01-25
2251,880,0.95,2026-01-25
2252,322,0.32,2026-01-25
2253,679,0.14,2026-01-25
2254,25852,0.42,2026-01-25
2255,21637,8.61,2026-01-25
2256,5916,8.96,2026-01-25
2257,13154,1.24,2026-01-25
2258,14786,12.59,2026-01-25
2259,8292,6.53,2026-01-25
2260,10212,0.53,2026-01-25
2261,24183,1.14,2026-01-25
2262,20528,15.92,2026-01-25
2263,7000,16.58,2026-01-25
2264,5498,0.29,2026-01-25
2265,14250,0.53,2026-01-25
2266,16690,0.04,2026-01-25
2267,16366,0.16,2026-01-25
2268,17205,51.46,2026-01-25
2269,16517,2.24,2026-01-25
2270,11985,5.02,2026-01-25
2271,17846,0.27,2026-01-25
2272,25692,0.56,2026-01-25
2273,17892,23.32,2026-01-25
2274,15142,25.74,2026-01-25
2275,13434,4.96,2026-01-25
2276,6487,6.82,2026-01-25
2277,17118,49.13,2026-01-25
2278,12402,3.49,2026-01-25
2279,24001,601.75,2026-01-25
2280,23453,310.80,2026-01-25
2281,25429,7.45,2026-01-25
2282,11220,3.16,2026-01-25
2283,18649,0.20,2026-01-25
2284,14304,0.63,2026-01-25
2285,6784,0.41,2026-01-25
2286,13018,0.08,2026-01-25
2287,2465,1200.00,2026-01-25
2288,14181,0.32,2026-01-25
2289,24763,0.13,2026-01-25
2290,10733,2.33,2026-01-25
2291,19836,12.51,2026-01-25
2292,25427,0.31,2026-01-25
2293,9952,0.76,2026-01-25
2294,20776,0.54,2026-01-25
2295,1743,2.07,2026-01-25
2296,22330,1.11,2026-01-25
2297,20322,0.29,2026-01-25
2298,12525,132.00,2026-01-25
2299,7957,63.53,2026-01-25
2300,9634,11.52,2026-01-25
2301,19564,8.96,2026-01-25
2302,16948,6.01,2026-01-25
2303,3965,11.41,2026-01-25
2304,7809,15.29,2026-01-25
2305,9115,1.99,2026-01-25
2306,7340,23.85,2026-01-25
2307,7252,0.18,2026-01-25
2308,2399,0.51,2026-01-25
2309,20144,32.43,2026-01-25
2310,7222,6.46,2026-01-25
2311,22398,26.64,2026-01-25
2312,25944,0.23,2026-01-25
2313,16135,0.16,2026-01-25
2314,3448,0.18,2026-01-25
2315,22594,0.52,2026-01-25
2316,21614,29.22,2026-01-25
2317,5062,9.73,2026-01-25
2318,3043,2.13,2026-01-25
2319,20460,1.43,2026-01-25
2320,8595,19.32,2026-01-25
2321,3177,1.68,2026-01-25
2322,12465,0.55,2026-01-25
2323,5549,0.15,2026-01-25
2324,12742,0.31,2026-01-25
2325,25982,4.02,2026-01-25
2326,3322,0.17,2026-01-25
2327,15651,0.67,2026-01-25
2328,22533,0.61,2026-01-25
2329,16264,0.40,2026-01-25
2330,12019,1.65,2026-01-25
2331,16270,5.98,2026-01-25
2332,26402,16.28,2026-01-25
2333,11658,56.72,2026-01-25
2334,4915,32.37,2026-01-25
2335,1899,203.77,2026-01-25
2336,18434,262.50,2026-01-25
2337,26278,0.20,2026-01-25
2338,24526,0.46,2026-01-25
2339,24740,21.00,2026-01-25
2340,745,1.93,2026-01-25
2341,6765,3.36,2026-01-25
2342,22359,0.23,2026-01-25
2343,16153,0.49,2026-01-25
2344,3390,67.61,2026-01-25
2345,1449,32.40,2026-01-25
2346,13902,8.90,2026-01-25
2347,9219,9.05,2026-01-25
2348,21462,11.85,2026-01-25
2349,2308,44.03,2026-01-25
2350,10224,18.17,2026-01-25
2351,19869,6.18,2026-01-25
2352,5877,6.32,2026-01-25
2353,12844,0.46,2026-01-25
2354,16906,0.90,2026-01-25
2355,7989,69.05,2026-01-25
2356,23001,71.59,2026-01-25
2357,18423,0.57,2026-01-25
2358,21386,3.51,2026-01-25
2359,17428,0.36,2026-01-25
2360,9986,0.25,2026-01-25
2361,26643,4.19,2026-01-25
2362,139,5.61,2026-01-25
2363,22489,445.97,2026-01-25
2364,3385,2.24,2026-01-25
2365,23965,2.44,2026-01-25
2366,6216,25.34,2026-01-25
2367,15302,44.32,2026-01-25
2368,2434,30.06,2026-01-25
2369,7279,27.23,2026-01-25
2370,23224,0.19,2026-01-25
2371,3123,0.25,2026-01-25
2372,852,0.21,2026-01-25
2373,492,0.63,2026-01-25
2374,16912,0.10,2026-01-25
2375,17996,0.26,2026-01-25
2376,25722,0.17,2026-01-25
2377,19038,1.11,2026-01-25
2378,5230,63.89,2026-01-25
2379,7937,5.16,2026-01-25
2380,22125,4.90,2026-01-25
2381,7337,10.21,2026-01-25
2382,16640,12.59,2026-01-25
2383,23877,6.45,2026-01-25
2384,6343,11.81,2026-01-25
2385,8994,3.90,2026-01-25
2386,199,5.77,2026-01-25
2387,1174,5.74,2026-01-25
2388,14065,17.99,2026-01-25
2389,4917,0.17,2026-01-25
2390,24846,0.08,2026-01-25
2391,10628,2.37,2026-01-25
2392,26047,0.44,2026-01-25
2393,6553,4.37,2026-01-25
2394,2225,0.21,2026-01-25
2395,5791,0.60,2026-01-25
2396,7548,9.74,2026-01-25
2397,9440,12.99,2026-01-25
2398,26988,45.00,2026-01-25
2399,6791,0.65,2026-01-25
2400,14644,0.14,2026-01-25
2401,16989,0.29,2026-01-25
2402,25083,0.48,2026-01-25
2403,10044,0.89,2026-01-25
2404,17386,0.25,2026-01-25
2405,18910,1.02,2026-01-25
2406,2833,11.02,2026-01-25
2407,5025,0.63,2026-01-25
2408,12569,9.41,2026-01-25
2409,15846,0.24,2026-01-25
2410,9888,0.53,2026-01-25
2411,4771,1.10,2026-01-25
2412,24608,8.25,2026-01-25
2413,20533,10.08,2026-01-25
2414,1933,14.39,2026-01-25
2415,25959,0.68,2026-01-25
2416,7447,0.62,2026-01-25
2417,21617,0.14,2026-01-25
2418,5649,0.55,2026-01-25
2419,10035,132.65,2026-01-25
2420,19209,32.29,2026-01-25
2421,11024,3.08,2026-01-25
2422,13022,3.84,2026-01-25
2423,15993,25.95,2026-01-25
2424,13324,0.18,2026-01-25
2425,26550,0.52,2026-01-25
2426,22880,3.49,2026-01-25
2427,3407,1.02,2026-01-25
2428,16765,0.21,2026-01-25
2429,18255,0.84,2026-01-25
2430,23257,4.75,2026-01-25
2431,8335,4.95,2026-01-25
2432,3150,500.00,2026-01-25
2433,4021,204.88,2026-01-25
2434,6540,1.27,2026-01-25
2435,13788,83.37,2026-01-25
2436,2897,209.89,2026-01-25
2437,1646,237.99,2026-01-25
2438,26092,12.62,2026-01-25
2439,11096,13.90,2026-01-25
2440,12189,24.98,2026-01-25
2441,23289,7.19,2026-01-25
2442,23956,22.90,2026-01-25
2443,14837,28.64,2026-01-25
2444,14167,12.46,2026-01-25
2445,14148,125.13,2026-01-25
2446,6328,0.10,2026-01-25
2447,5436,0.24,2026-01-25
2448,23193,47.05,2026-01-25
2449,18152,117.94,2026-01-25
2450,25411,4.95,2026-01-25
2451,18667,35.32,2026-01-25
2452,566,8.57,2026-01-25
2453,16242,26.93,2026-01-25
2454,20069,54.57,2026-01-25
2455,11029,71.49,2026-01-25
2456,2668,0.25,2026-01-25
2457,4825,0.30,2026-01-25
2458,16435,0.49,2026-01-25
2459,20804,1.14,2026-01-25
2460,9190,20.45,2026-01-25
2461,1095,0.13,2026-01-25
2462,20437,0.37,2026-01-25
2463,15571,0.52,2026-01-25
2464,24367,0.25,2026-01-25
2465,15296,6.80,2026-01-25
2466,11345,6.43,2026-01-25
2467,17920,0.67,2026-01-25
2468,20176,2.81,2026-01-25
2469,7572,0.26,2026-01-25
2470,11821,1.61,2026-01-25
2471,17193,28.76,2026-01-25
2472,9880,76.65,2026-01-25
2473,22157,0.13,2026-01-25
2474,23042,0.24,2026-01-25
2475,3472,1.33,2026-01-25
2476,25516,1.92,2026-01-25
2477,5836,0.06,2026-01-25
2478,23742,0.17,2026-01-25
2479,16833,4.88,2026-01-25
2480,15204,0.22,2026-01-25
2481,17363,0.37,2026-01-25
2482,13904,0.16,2026-01-25
2483,22212,0.42,2026-01-25
2484,17213,1.28,2026-01-25
2485,6248,8.66,2026-01-25
2486,24647,82.97,2026-01-25
2487,5238,0.20,2026-01-25
2488,14157,0.31,2026-01-25
2489,24618,0.69,2026-01-25
2490,515,0.46,2026-01-25
2491,5351,0.17,2026-01-25
2492,24008,0.39,2026-01-25
2493,939,1.55,2026-01-25
2494,11308,0.12,2026-01-25
2495,19681,0.31,2026-01-25
2496,1891,0.48,2026-01-25
2497,12148,0.24,2026-01-25
2498,491,6.03,2026-01-25
2499,8129,1.08,2026-01-25
2500,22323,1.77,2026-01-25
2501,18651,68.13,2026-01-25
2502,17599,28.91,2026-01-25
2503,12130,0.35,2026-01-25
2504,10011,2.16,2026-01-25
2505,21692,0.21,2026-01-25
2506,1814,0.92,2026-01-25
2507,1533,28.14,2026-01-25
2508,20099,56.50,2026-01-25
2509,13708,5.31,2026-01-25
2510,21621,3.37,2026-01-25
2511,6875,5.76,2026-01-25
2512,19731,22.43,2026-01-25
2513,9365,0.21,2026-01-25
2514,22854,0.44,2026-01-25
2515,24951,44.06,2026-01-25
2516,11236,25.29,2026-01-25
2517,17113,0.97,2026-01-25
2518,3265,82.76,2026-01-25
2519,22021,29.81,2026-01-25
2520,16561,5.22,2026-01-25
2521,26589,5.49,2026-01-25
2522,3542,10.72,2026-01-25
2523,4984,12.13,2026-01-25
2524,25670,3.98,2026-01-25
2525,7818,28.70,2026-01-25
2526,26419,0.23,2026-01-25
2527,13770,0.66,2026-01-25
2528,18586,225.00,2026-01-25
2529,9517,10.44,2026-01-25
2530,10066,27.83,2026-01-25
2531,19781,83.28,2026-01-25
2532,5696,50.00,2026-01-25
2533,17342,53.12,2026-01-25
2534,1268,15.00,2026-01-25
2535,6486,172.64,2026-01-25
2536,25938,152.55,2026-01-25
2537,16824,98.27,2026-01-25
2538,11125,99.08,2026-01-25
2539,6224,0.94,2026-01-25
2540,5761,0.81,2026-01-25
2541,19582,0.24,2026-01-25
2542,11687,0.52,2026-01-25
2543,9879,1.29,2026-01-25
2544,163,17.32,2026-01-25
2545,17330,15.57,2026-01-25
2546,12824,1.83,2026-01-25
2547,17298,8.40,2026-01-25
2548,5336,0.14,2026-01-25
2549,22972,0.26,2026-01-25
2550,8919,0.09,2026-01-25
2551,18687,0.31,2026-01-25
2552,18904,0.47,2026-01-25
2553,15743,1.24,2026-01-25
2554,10381,45.32,2026-01-25
2555,20974,2.51,2026-01-25
2556,7594,0.11,2026-01-25
2557,586,0.42,2026-01-25
2558,25807,127.89,2026-01-25
2559,13623,37.54,2026-01-25
2560,26368,2.90,2026-01-25
2561,18109,0.36,2026-01-25
2562,24550,0.89,2026-01-25
2563,12080,70.85,2026-01-25
2564,24285,19.52,2026-01-25
2565,13948,0.18,2026-01-25
2566,333,0.36,2026-01-25
2567,19873,29.77,2026-01-25
2568,5789,0.22,2026-01-25
2569,25729,0.62,2026-01-25
2570,23274,23.69,2026-01-25
2571,9454,9.75,2026-01-25
2572,9756,10.83,2026-01-25
2573,6069,8.13,2026-01-25
2574,11008,1.56,2026-01-25
2575,24638,4.24,2026-01-25
2576,11640,7.78,2026-01-25
2577,25500,0.55,2026-01-25
2578,5348,0.99,2026-01-25
2579,21512,97.77,2026-01-25
2580,11615,39.59,2026-01-25
2581,22306,0.13,2026-01-25
2582,10667,0.34,2026-01-25
2583,19904,26.34,2026-01-25
2584,19556,0.94,2026-01-25
2585,129,0.94,2026-01-25
2586,3159,18.07,2026-01-25
2587,12491,76.95,2026-01-25
2588,6126,0.76,2026-01-25
2589,11412,1.00,2026-01-25
2590,3757,0.22,2026-01-25
2591,212,0.73,2026-01-25
2592,21238,21.57,2026-01-25
2593,12595,57.91,2026-01-25
2594,575,462.19,2026-01-25
2595,1358,124.86,2026-01-25
2596,3708,10.91,2026-01-25
2597,5244,14.99,2026-01-25
2598,5523,0.93,2026-01-25
2599,5969,11.50,2026-01-25
2600,18345,275.00,2026-01-25
2601,4091,2.88,2026-01-25
2602,14677,47.28,2026-01-25
2603,25489,5.49,2026-01-25
2604,26477,6.13,2026-01-25
2605,12828,6.44,2026-01-25
2606,22998,42.05,2026-01-25
2607,17682,0.43,2026-01-25
2608,20694,17.98,2026-01-25
2609,7361,18.44,2026-01-25
2610,10761,0.47,2026-01-25
2611,25802,2.52,2026-01-25
2612,13805,31.14,2026-01-25
2613,20739,0.26,2026-01-25
2614,18218,0.88,2026-01-25
2615,13849,0.18,2026-01-25
2616,13934,0.06,2026-01-25
2617,3199,20.33,2026-01-25
2618,5172,8.34,2026-01-25
2619,20835,0.38,2026-01-25
2620,3835,0.51,2026-01-25
2621,118,8.55,2026-01-25
2622,16399,8.14,2026-01-25
2623,4162,3.90,2026-01-25
2624,5542,6.01,2026-01-25
2625,9548,2.11,2026-01-25
2626,4579,15.69,2026-01-25
2627,4639,6.40,2026-01-25
2628,9106,0.11,2026-01-25
2629,21079,0.20,2026-01-25
2630,15118,4.28,2026-01-25
2631,26763,8.00,2026-01-25
2632,18084,4.32,2026-01-25
2633,26824,2.12,2026-01-25
2634,8475,0.16,2026-01-25
2635,18072,0.07,2026-01-25
2636,14651,0.65,2026-01-25
2637,14606,2.29,2026-01-25
2638,22754,142.36,2026-01-25
2639,857,45.94,2026-01-25
2640,9306,0.40,2026-01-25
2641,802,1.99,2026-01-25
2642,5331,8.12,2026-01-25
2643,12031,33.96,2026-01-25
2644,18821,0.20,2026-01-25
2645,13733,0.07,2026-01-25
2646,24491,84.05,2026-01-25
2647,23376,27.93,2026-01-25
2648,8255,28.58,2026-01-25
2649,9013,58.53,2026-01-25
2650,11913,28.38,2026-01-25
2651,4587,42.92,2026-01-25
2652,21219,50.27,2026-01-25
2653,17565,0.80,2026-01-25
2654,2863,0.15,2026-01-25
2655,18719,0.80,2026-01-25
2656,3947,1.23,2026-01-25
2657,7665,17.91,2026-01-25
2658,20223,4.39,2026-01-25
2659,12056,0.73,2026-01-25
2660,14533,4.06,2026-01-25
2661,12580,46.13,2026-01-25
2662,25528,183.71,2026-01-25
2663,20652,0.37,2026-01-25
2664,4436,0.76,2026-01-25
2665,4582,2.09,2026-01-25
2666,10544,5.08,2026-01-25
2667,3603,60.00,2026-01-25
2668,2742,0.86,2026-01-25
2669,24595,2.30,2026-01-25
2670,2872,12.65,2026-01-25
2671,18472,8.40,2026-01-25
2672,7917,2.88,2026-01-25
2673,20106,5.23,2026-01-25
2674,22896,0.28,2026-01-25
2675,21211,0.57,2026-01-25
2676,26221,9.06,2026-01-25
2677,6854,0.20,2026-01-25
2678,2480,0.41,2026-01-25
2679,12760,0.27,2026-01-25
2680,11226,0.52,2026-01-25
2681,24784,6.32,2026-01-25
2682,22769,0.10,2026-01-25
2683,7913,0.20,2026-01-25
2684,10783,0.43,2026-01-25
2685,16871,0.17,2026-01-25
2686,17585,1.88,2026-01-25
2687,12654,0.09,2026-01-25
2688,24578,0.25,2026-01-25
2689,9389,0.35,2026-01-25
2690,18293,0.76,2026-01-25
2691,24459,12.49,2026-01-25
2692,5104,18.99,2026-01-25
2693,15545,75.55,2026-01-25
2694,21813,12.26,2026-01-25
2695,15956,0.18,2026-01-25
2696,13206,0.41,2026-01-25
2697,7728,8.22,2026-01-25
2698,21714,6.00,2026-01-25
2699,11275,1.06,2026-01-25
2700,2079,11.20,2026-01-25
2701,16532,1.19,2026-01-25
2702,23329,1.22,2026-01-25
2703,12962,1.08,2026-01-25
2704,18185,7.58,2026-01-25
2705,23523,5.02,2026-01-25
2706,9300,92.26,2026-01-25
2707,7060,32.07,2026-01-25
2708,22379,0.59,2026-01-25
2709,9592,0.60,2026-01-25
2710,23686,73.04,2026-01-25
2711,24967,8.83,2026-01-25
2712,21652,4.36,2026-01-25
2713,11095,4.94,2026-01-25
2714,3851,0.18,2026-01-25
2715,16285,1.68,2026-01-25
2716,14160,9.07,2026-01-25
2717,22108,7.64,2026-01-25
2718,14113,0.16,2026-01-25
2719,12611,0.60,2026-01-25
2720,8972,38.07,2026-01-25
2721,2622,22.49,2026-01-25
2722,8087,0.20,2026-01-25
2723,19861,0.57,2026-01-25
2724,14079,2.05,2026-01-25
2725,15602,5.45,2026-01-25
2726,6119,1799.99,2026-01-25
2727,16108,429.33,2026-01-25
2728,22918,37.67,2026-01-25
2729,12027,158.67,2026-01-25
2730,22411,45.81,2026-01-25
2731,25792,6.69,2026-01-25
2732,2144,1.14,2026-01-25
2733,1369,5.95,2026-01-25
2734,1955,51.38,2026-01-25
2735,23328,65.45,2026-01-25
2736,20891,7.94,2026-01-25
2737,20676,100.56,2026-01-25
2738,7309,237.50,2026-01-25
2739,1594,82.85,2026-01-25
2740,14889,45.51,2026-01-25
2741,20976,23.04,2026-01-25
2742,977,23.74,2026-01-25
2743,15828,78.32,2026-01-25
2744,19617,22.89,2026-01-25
2745,16597,7.95,2026-01-25
2746,5737,10.50,2026-01-25
2747,8046,16.22,2026-01-25
2748,16482,6.09,2026-01-25
2749,23858,72.68,2026-01-25
2750,15021,0.33,2026-01-25
2751,15813,0.80,2026-01-25
2752,15148,2.54,2026-01-25
2753,26280,18.97,2026-01-25
2754,8968,16.21,2026-01-25
2755,4029,21.38,2026-01-25
2756,644,33.39,2026-01-25
2757,7947,41.05,2026-01-25
2758,8682,33.18,2026-01-25
2759,2059,18.21,2026-01-25
2760,11453,8.73,2026-01-25
2761,4166,2.91,2026-01-25
2762,13887,59.80,2026-01-25
2763,18328,0.49,2026-01-25
2764,19907,0.60,2026-01-25
2765,24615,25.20,2026-01-25
2766,23911,17.49,2026-01-25
2767,1739,25.96,2026-01-25
2768,23554,35.56,2026-01-25
2769,7628,14.41,2026-01-25
2770,15266,15.23,2026-01-25
2771,19677,0.06,2026-01-25
2772,25155,0.17,2026-01-25
2773,3197,0.34,2026-01-25
2774,4716,2.09,2026-01-25
2775,18802,0.15,2026-01-25
2776,262,0.39,2026-01-25
2777,6283,10.01,2026-01-25
2778,12617,0.66,2026-01-25
2779,11076,2.50,2026-01-25
2780,18696,9.41,2026-01-25
2781,19881,0.23,2026-01-25
2782,25631,0.63,2026-01-25
2783,8096,1.12,2026-01-25
2784,26488,0.35,2026-01-25
2785,25958,9.86,2026-01-25
2786,8108,0.65,2026-01-25
2787,10745,4.82,2026-01-25
2788,12609,0.30,2026-01-25
2789,2063,0.56,2026-01-25
2790,25388,0.09,2026-01-25
2791,8635,0.29,2026-01-25
2792,5846,1.12,2026-01-25
2793,6358,5.00,2026-01-25
2794,2412,94.95,2026-01-25
2795,12622,99.50,2026-01-25
2796,3781,0.17,2026-01-25
2797,24153,0.29,2026-01-25
2798,16843,2.14,2026-01-25
2799,24204,16.62,2026-01-25
2800,22863,0.22,2026-01-25
2801,20992,1.76,2026-01-25
2802,4845,0.20,2026-01-25
2803,24169,0.53,2026-01-25
2804,13384,1.18,2026-01-25
2805,4575,5.82,2026-01-25
2806,13398,0.97,2026-01-25
2807,17106,2.57,2026-01-25
2808,20136,2.38,2026-01-25
2809,22897,7.23,2026-01-25
2810,25913,7.79,2026-01-25
2811,9522,0.39,2026-01-25
2812,21755,0.45,2026-01-25
2813,20701,0.82,2026-01-25
2814,16673,4.20,2026-01-25
2815,476,0.94,2026-01-25
2816,14681,1.46,2026-01-25
2817,13536,1.25,2026-01-25
2818,22747,16.00,2026-01-25
2819,858,10.86,2026-01-25
2820,22270,69.69,2026-01-25
2821,26088,1.43,2026-01-25
2822,16268,3.64,2026-01-25
2823,4083,0.11,2026-01-25
2824,10458,0.24,2026-01-25
2825,508,1.76,2026-01-25
2826,19439,38.93,2026-01-25
2827,21603,0.18,2026-01-25
2828,26788,0.28,2026-01-25
2829,16193,33.62,2026-01-25
2830,18401,10.76,2026-01-25
2831,4336,12.59,2026-01-25
2832,25038,6.85,2026-01-25
2833,371,60.32,2026-01-25
2834,22161,27.97,2026-01-25
2835,25557,180.99,2026-01-25
2836,15900,0.43,2026-01-25
2837,18897,1.03,2026-01-25
2838,25801,0.18,2026-01-25
2839,20844,0.32,2026-01-25
2840,8273,0.40,2026-01-25
2841,16856,0.70,2026-01-25
2842,13198,7.08,2026-01-25
2843,12209,6.99,2026-01-25
2844,2070,2.22,2026-01-25
2845,769,7.11,2026-01-25
2846,9882,0.27,2026-01-25
2847,21972,0.77,2026-01-25
2848,17085,0.18,2026-01-25
2849,11956,0.45,2026-01-25
2850,23477,111.99,2026-01-25
2851,6222,35.56,2026-01-25
2852,1481,3.14,2026-01-25
2853,11607,7.18,2026-01-25
2854,20205,1.56,2026-01-25
2855,17157,4.00,2026-01-25
2856,934,0.30,2026-01-25
2857,13012,1.90,2026-01-25
2858,11051,0.27,2026-01-25
2859,10391,0.11,2026-01-25
2860,6144,69.98,2026-01-25
2861,26076,300.00,2026-01-25
2862,14398,2.12,2026-01-25
2863,9055,40.78,2026-01-25
2864,5875,25.63,2026-01-25
2865,24862,4.81,2026-01-25
2866,6956,16.00,2026-01-25
2867,21090,120.77,2026-01-25
2868,9966,97.44,2026-01-25
2869,15626,3.20,2026-01-25
2870,19893,5.61,2026-01-25
2871,26863,9.00,2026-01-25
2872,113,157.50,2026-01-25
2873,23401,43.34,2026-01-25
2874,17567,6.24,2026-01-25
2875,3002,6.04,2026-01-25
2876,15067,11.92,2026-01-25
2877,16986,5.37,2026-01-25
2878,9476,19.74,2026-01-25
2879,9350,0.11,2026-01-25
2880,16648,0.29,2026-01-25
2881,23238,3.04,2026-01-25
2882,6660,28.20,2026-01-25
2883,12708,23.48,2026-01-25
2884,12308,12.66,2026-01-25
2885,3833,0.43,2026-01-25
2886,11925,0.79,2026-01-25
2887,12987,1.08,2026-01-25
2888,3847,4.59,2026-01-25
2889,3095,0.30,2026-01-25
2890,4291,2.10,2026-01-25
2891,25746,0.13,2026-01-25
2892,7519,0.41,2026-01-25
2893,21163,202.79,2026-01-25
2894,9087,7.05,2026-01-25
2895,23726,13.98,2026-01-25
2896,6903,11.27,2026-01-25
2897,13108,0.30,2026-01-25
2898,18306,0.86,2026-01-25
2899,11033,0.29,2026-01-25
2900,12481,0.11,2026-01-25
2901,3209,108.22,2026-01-25
2902,23390,25.04,2026-01-25
2903,14321,374.95,2026-01-25
2904,23902,99.81,2026-01-25
2905,14068,59.96,2026-01-25
2906,18085,6.33,2026-01-25
2907,2623,149.48,2026-01-25
2908,3345,0.12,2026-01-25
2909,10495,0.34,2026-01-25
2910,20745,48.61,2026-01-25
2911,7998,0.23,2026-01-25
2912,24904,0.73,2026-01-25
2913,3343,61.02,2026-01-25
2914,10236,25.86,2026-01-25
2915,23459,4.94,2026-01-25
2916,7883,44.29,2026-01-25
2917,5162,17.46,2026-01-25
2918,19888,0.29,2026-01-25
2919,2283,0.68,2026-01-25
2920,10863,0.38,2026-01-25
2921,1184,3.16,2026-01-25
2922,790,58.24,2026-01-25
2923,26271,26.88,2026-01-25
2924,7796,33.51,2026-01-25
2925,6552,0.30,2026-01-25
2926,5942,0.13,2026-01-25
2927,17699,0.45,2026-01-25
2928,23762,0.24,2026-01-25
2929,16677,0.54,2026-01-25
2930,16507,1.97,2026-01-25
2931,6225,4.68,2026-01-25
2932,90,3.81,2026-01-25
2933,14349,2.85,2026-01-25
2934,20139,0.81,2026-01-25
2935,24732,10.00,2026-01-25
2936,1261,3.39,2026-01-25
2937,20597,2.60,2026-01-25
2938,17014,0.35,2026-01-25
2939,11695,0.57,2026-01-25
2940,22912,0.82,2026-01-25
2941,12382,11.49,2026-01-25
2942,23763,8.13,2026-01-25
2943,19140,9.82,2026-01-25
2944,2242,0.50,2026-01-25
2945,17861,0.73,2026-01-25
2946,16661,1.73,2026-01-25
2947,19460,14.86,2026-01-25
2948,3066,11.17,2026-01-25
2949,18723,15.95,2026-01-25
2950,13678,16.55,2026-01-25
2951,16363,441.10,2026-01-25
2952,10818,250.00,2026-01-25
2953,13560,2.28,2026-01-25
2954,13262,5.09,2026-01-25
2955,14558,0.09,2026-01-25
2956,6819,0.17,2026-01-25
2957,6414,1.51,2026-01-25
2958,21224,0.41,2026-01-25
2959,580,1.52,2026-01-25
2960,24930,4.50,2026-01-25
2961,22111,0.19,2026-01-25
2962,15834,1.47,2026-01-25
2963,1125,0.28,2026-01-25
2964,9840,0.28,2026-01-25
2965,19785,1.06,2026-01-25
2966,9587,5.60,2026-01-25
2967,14639,8.45,2026-01-25
2968,15575,1.85,2026-01-25
2969,16919,11.56,2026-01-25
2970,764,0.13,2026-01-25
2971,14926,0.25,2026-01-25
2972,23011,0.22,2026-01-25
2973,26373,0.55,2026-01-25
2974,10020,0.10,2026-01-25
2975,15978,0.24,2026-01-25
2976,18986,0.35,2026-01-25
2977,9135,0.33,2026-01-25
2978,10201,1.47,2026-01-25
2979,18408,4.54,2026-01-25
2980,17319,0.44,2026-01-25
2981,9354,2.61,2026-01-25
2982,22495,3.55,2026-01-25
2983,25015,5.74,2026-01-25
2984,12117,0.56,2026-01-25
2985,4430,1.19,2026-01-25
2986,15075,76.39,2026-01-25
2987,15046,30.35,2026-01-25
2988,24475,61.55,2026-01-25
2989,15167,23.44,2026-01-25
2990,24961,32.33,2026-01-25
2991,18633,9.05,2026-01-25
2992,5881,36.19,2026-01-25
2993,26257,24.66,2026-01-25
2994,15109,13.86,2026-01-25
2995,9946,8.39,2026-01-25
2996,1432,1.26,2026-01-25
2997,25820,5.14,2026-01-25
2998,17046,0.47,2026-01-25
2999,2146,0.23,2026-01-25
3000,1917,1.08,2026-01-25
3001,21660,5.62,2026-01-25
3002,2894,0.30,2026-01-25
3003,13483,0.19,2026-01-25
3004,2324,0.72,2026-01-25
3005,25030,0.21,2026-01-25
3006,2980,0.12,2026-01-25
3007,6720,0.26,2026-01-25
3008,12369,35.55,2026-01-25
3009,12412,16.23,2026-01-25
3010,19074,1.28,2026-01-25
3011,7634,14.55,2026-01-25
3012,9718,0.11,2026-01-25
3013,1697,0.43,2026-01-25
3014,26556,0.18,2026-01-25
3015,20688,0.40,2026-01-25
3016,15122,0.88,2026-01-25
3017,7685,7.45,2026-01-25
3018,22927,1.88,2026-01-25
3019,12007,21.00,2026-01-25
3020,9430,0.25,2026-01-25
3021,16386,0.44,2026-01-25
3022,10134,0.52,2026-01-25
3023,7126,3.11,2026-01-25
3024,24232,25.94,2026-01-25
3025,19309,0.08,2026-01-25
3026,20953,0.24,2026-01-25
3027,6739,291.99,2026-01-25
3028,1849,80.83,2026-01-25
3029,25238,2.09,2026-01-25
3030,3743,15.27,2026-01-25
3031,14691,0.41,2026-01-25
3032,22319,0.49,2026-01-25
3033,14192,61.58,2026-01-25
3034,2300,61.37,2026-01-25
3035,22061,50.00,2026-01-25
3036,6006,0.19,2026-01-25
3037,17393,0.74,2026-01-25
3038,19174,90.64,2026-01-25
3039,8884,499.99,2026-01-25
3040,17124,0.14,2026-01-25
3041,19408,0.43,2026-01-25
3042,760,4.46,2026-01-25
3043,17828,32.28,2026-01-25
3044,2905,0.27,2026-01-25
3045,24467,0.20,2026-01-25
3046,18630,1.50,2026-01-25
3047,15348,1.82,2026-01-25
3048,15657,4.95,2026-01-25
3049,15350,3.12,2026-01-25
3050,13809,138.19,2026-01-25
3051,25423,60.31,2026-01-25
3052,6688,10.91,2026-01-25
3053,9505,6.95,2026-01-25
3054,21494,1.42,2026-01-25
3055,8147,25.31,2026-01-25
3056,19960,1.83,2026-01-25
3057,1898,349.99,2026-01-25
3058,12779,69.89,2026-01-25
3059,17579,59.56,2026-01-25
3060,20268,0.39,2026-01-25
3061,5503,0.80,2026-01-25
3062,20303,40.49,2026-01-25
3063,20951,21.84,2026-01-25
3064,18040,0.53,2026-01-25
3065,8459,1.06,2026-01-25
3066,14998,0.23,2026-01-25
3067,10772,0.38,2026-01-25
3068,16086,0.79,2026-01-25
3069,15153,2.34,2026-01-25
3070,13061,0.30,2026-01-25
3071,18921,2.05,2026-01-25
3072,26805,23.61,2026-01-25
3073,16860,14.89,2026-01-25
3074,7624,0.22,2026-01-25
3075,19942,1.18,2026-01-25
3076,16294,0.93,2026-01-25
3077,5016,9.25,2026-01-25
3078,15080,0.14,2026-01-25
3079,22644,0.21,2026-01-25
3080,13495,9.28,2026-01-25
3081,10888,3.55,2026-01-25
3082,6308,19.82,2026-01-25
3083,13532,4.68,2026-01-25
3084,5331,8.12,2026-01-25
3085,12031,33.96,2026-01-25
3086,18821,0.20,2026-01-25
3087,13733,0.07,2026-01-25
3088,24491,84.05,2026-01-25
3089,23376,27.93,2026-01-25
3090,8255,28.58,2026-01-25
3091,9013,58.53,2026-01-25
3092,11913,28.38,2026-01-25
3093,4587,42.92,2026-01-25
3094,21219,50.27,2026-01-25
3095,17565,0.80,2026-01-25
3096,2863,0.15,2026-01-25
3097,18719,0.80,2026-01-25
3098,3947,1.23,2026-01-25
3099,7665,17.91,2026-01-25
3100,20223,4.39,2026-01-25
3101,12056,0.73,2026-01-25
3102,14533,4.06,2026-01-25
3103,12580,46.13,2026-01-25
3104,25528,183.71,2026-01-25
3105,20652,0.37,2026-01-25
3106,4436,0.76,2026-01-25
3107,4582,2.09,2026-01-25
3108,10544,5.08,2026-01-25
3109,3603,60.00,2026-01-25
3110,2742,0.86,2026-01-25
3111,24595,2.30,2026-01-25
3112,2872,12.65,2026-01-25
3113,18472,8.40,2026-01-25
3114,7917,2.88,2026-01-25
3115,20106,5.23,2026-01-25
3116,22896,0.28,2026-01-25
3117,21211,0.57,2026-01-25
3118,26221,9.06,2026-01-25
3119,6854,0.20,2026-01-25
3120,2480,0.41,2026-01-25
3121,12760,0.27,2026-01-25
3122,11226,0.52,2026-01-25
3123,24784,6.32,2026-01-25
3124,22769,0.10,2026-01-25
3125,7913,0.20,2026-01-25
3126,10783,0.43,2026-01-25
3127,16871,0.17,2026-01-25
3128,17585,1.88,2026-01-25
3129,12654,0.09,2026-01-25
3130,24578,0.25,2026-01-25
3131,9389,0.35,2026-01-25
3132,18293,0.76,2026-01-25
3133,24459,12.49,2026-01-25
3134,5104,18.99,2026-01-25
3135,15545,75.55,2026-01-25
3136,21813,12.26,2026-01-25
3137,15956,0.18,2026-01-25
3138,13206,0.41,2026-01-25
3139,7728,8.22,2026-01-25
3140,21714,6.00,2026-01-25
3141,11275,1.06,2026-01-25
3142,2079,11.20,2026-01-25
3143,16532,1.19,2026-01-25
3144,23329,1.22,2026-01-25
3145,12962,1.08,2026-01-25
3146,18185,7.58,2026-01-25
3147,23523,5.02,2026-01-25
3148,9300,92.26,2026-01-25
3149,7060,32.07,2026-01-25
3150,22379,0.59,2026-01-25
3151,9592,0.60,2026-01-25
3152,23686,73.04,2026-01-25
3153,24967,8.83,2026-01-25
3154,21652,4.36,2026-01-25
3155,11095,4.94,2026-01-25
3156,3851,0.18,2026-01-25
3157,16285,1.68,2026-01-25
3158,14160,9.07,2026-01-25
3159,22108,7.64,2026-01-25
3160,14113,0.16,2026-01-25
3161,12611,0.60,2026-01-25
3162,8972,38.07,2026-01-25
3163,2622,22.49,2026-01-25
3164,8087,0.20,2026-01-25
3165,19861,0.57,2026-01-25
3166,14079,2.05,2026-01-25
3167,15602,5.45,2026-01-25
3168,6119,1799.99,2026-01-25
3169,16108,429.33,2026-01-25
3170,22918,37.67,2026-01-25
3171,12027,158.67,2026-01-25
3172,22411,45.81,2026-01-25
3173,25792,6.69,2026-01-25
3174,2144,1.14,2026-01-25
3175,1369,5.95,2026-01-25
3176,1955,51.38,2026-01-25
3177,23328,65.45,2026-01-25
3178,20891,7.94,2026-01-25
3179,20676,100.56,2026-01-25
3180,7309,237.50,2026-01-25
3181,1594,82.85,2026-01-25
3182,14889,45.51,2026-01-25
3183,20976,23.04,2026-01-25
3184,977,23.74,2026-01-25
3185,15828,78.32,2026-01-25
3186,19617,22.89,2026-01-25
3187,16597,7.95,2026-01-25
3188,5737,10.50,2026-01-25
3189,8046,16.22,2026-01-25
3190,16482,6.09,2026-01-25
3191,23858,72.68,2026-01-25
3192,15021,0.33,2026-01-25
3193,15813,0.80,2026-01-25
3194,15148,2.54,2026-01-25
3195,26280,18.97,2026-01-25
3196,8968,16.21,2026-01-25
3197,4029,21.38,2026-01-25
3198,644,33.39,2026-01-25
3199,7947,41.05,2026-01-25
3200,8682,33.18,2026-01-25
3201,2059,18.21,2026-01-25
3202,11453,8.73,2026-01-25
3203,4166,2.91,2026-01-25
3204,13887,59.80,2026-01-25
3205,18328,0.49,2026-01-25
3206,19907,0.60,2026-01-25
3207,24615,25.20,2026-01-25
3208,23911,17.49,2026-01-25
3209,1739,25.96,2026-01-25
3210,23554,35.56,2026-01-25
3211,7628,14.41,2026-01-25
3212,15266,15.23,2026-01-25
3213,19677,0.06,2026-01-25
3214,25155,0.17,2026-01-25
3215,3197,0.34,2026-01-25
3216,4716,2.09,2026-01-25
3217,18802,0.15,2026-01-25
3218,262,0.39,2026-01-25
3219,6283,10.01,2026-01-25
3220,12617,0.66,2026-01-25
3221,11076,2.50,2026-01-25
3222,18696,9.41,2026-01-25
3223,19881,0.23,2026-01-25
3224,25631,0.63,2026-01-25
3225,8096,1.12,2026-01-25
3226,26488,0.35,2026-01-25
3227,25958,9.86,2026-01-25
3228,8108,0.65,2026-01-25
3229,10745,4.82,2026-01-25
3230,12609,0.30,2026-01-25
3231,2063,0.56,2026-01-25
3232,25388,0.09,2026-01-25
3233,8635,0.29,2026-01-25
3234,5846,1.12,2026-01-25
3235,6358,5.00,2026-01-25
3236,2412,94.95,2026-01-25
3237,12622,99.50,2026-01-25
3238,3781,0.17,2026-01-25
3239,24153,0.29,2026-01-25
3240,16843,2.14,2026-01-25
3241,24204,16.62,2026-01-25
3242,22863,0.22,2026-01-25
3243,20992,1.76,2026-01-25
3244,4845,0.20,2026-01-25
3245,24169,0.53,2026-01-25
3246,13384,1.18,2026-01-25
3247,4575,5.82,2026-01-25
3248,13398,0.97,2026-01-25
3249,17106,2.57,2026-01-25
3250,20136,2.38,2026-01-25
3251,22897,7.23,2026-01-25
3252,25913,7.79,2026-01-25
3253,9522,0.39,2026-01-25
3254,21755,0.45,2026-01-25
3255,20701,0.82,2026-01-25
3256,16673,4.20,2026-01-25
3257,476,0.94,2026-01-25
3258,14681,1.46,2026-01-25
3259,13536,1.25,2026-01-25
3260,22747,16.00,2026-01-25
3261,858,10.86,2026-01-25
3262,22270,69.69,2026-01-25
3263,26088,1.43,2026-01-25
3264,16268,3.64,2026-01-25
3265,4083,0.11,2026-01-25
3266,10458,0.24,2026-01-25
3267,508,1.76,2026-01-25
3268,19439,38.93,2026-01-25
3269,21603,0.18,2026-01-25
3270,26788,0.28,2026-01-25
3271,16193,33.62,2026-01-25
3272,18401,10.76,2026-01-25
3273,4336,12.59,2026-01-25
3274,25038,6.85,2026-01-25
3275,371,60.32,2026-01-25
3276,22161,27.97,2026-01-25
3277,25557,180.99,2026-01-25
3278,15900,0.43,2026-01-25
3279,18897,1.03,2026-01-25
3280,25801,0.18,2026-01-25
3281,20844,0.32,2026-01-25
3282,8273,0.40,2026-01-25
3283,16856,0.70,2026-01-25
3284,13198,7.08,2026-01-25
3285,12209,6.99,2026-01-25
3286,2070,2.22,2026-01-25
3287,769,7.11,2026-01-25
3288,9882,0.27,2026-01-25
3289,21972,0.77,2026-01-25
3290,17085,0.18,2026-01-25
3291,11956,0.45,2026-01-25
3292,23477,111.99,2026-01-25
3293,6222,35.56,2026-01-25
3294,1481,3.14,2026-01-25
3295,11607,7.18,2026-01-25
3296,20205,1.56,2026-01-25
3297,17157,4.00,2026-01-25
3298,934,0.30,2026-01-25
3299,13012,1.90,2026-01-25
3300,11051,0.27,2026-01-25
3301,10391,0.11,2026-01-25
3302,6144,69.98,2026-01-25
3303,26076,300.00,2026-01-25
3304,14398,2.12,2026-01-25
3305,9055,40.78,2026-01-25
3306,5875,25.63,2026-01-25
3307,24862,4.81,2026-01-25
3308,6956,16.00,2026-01-25
3309,21090,120.77,2026-01-25
3310,9966,97.44,2026-01-25
3311,15626,3.20,2026-01-25
3312,19893,5.61,2026-01-25
3313,26863,9.00,2026-01-25
3314,113,157.50,2026-01-25
3315,23401,43.34,2026-01-25
3316,17567,6.24,2026-01-25
3317,3002,6.04,2026-01-25
3318,15067,11.92,2026-01-25
3319,16986,5.37,2026-01-25
3320,9476,19.74,2026-01-25
3321,9350,0.11,2026-01-25
3322,16648,0.29,2026-01-25
3323,23238,3.04,2026-01-25
3324,6660,28.20,2026-01-25
3325,12708,23.48,2026-01-25
3326,12308,12.66,2026-01-25
3327,3833,0.43,2026-01-25
3328,11925,0.79,2026-01-25
3329,12987,1.08,2026-01-25
3330,3847,4.59,2026-01-25
3331,3095,0.30,2026-01-25
3332,4291,2.10,2026-01-25
3333,25746,0.13,2026-01-25
3334,7519,0.41,2026-01-25
3335,21163,202.79,2026-01-25
3336,9087,7.05,2026-01-25
3337,23726,13.98,2026-01-25
3338,6903,11.27,2026-01-25
3339,13108,0.30,2026-01-25
3340,18306,0.86,2026-01-25
3341,11033,0.29,2026-01-25
3342,12481,0.11,2026-01-25
3343,3209,108.22,2026-01-25
3344,23390,25.04,2026-01-25
3345,14321,374.95,2026-01-25
3346,23902,99.81,2026-01-25
3347,14068,59.96,2026-01-25
3348,18085,6.33,2026-01-25
3349,2623,149.48,2026-01-25
3350,3345,0.12,2026-01-25
3351,10495,0.34,2026-01-25
3352,20745,48.61,2026-01-25
3353,7998,0.23,2026-01-25
3354,24904,0.73,2026-01-25
3355,3343,61.02,2026-01-25
3356,10236,25.86,2026-01-25
3357,23459,4.94,2026-01-25
3358,7883,44.29,2026-01-25
3359,5162,17.46,2026-01-25
3360,19888,0.29,2026-01-25
3361,2283,0.68,2026-01-25
3362,10863,0.38,2026-01-25
3363,1184,3.16,2026-01-25
3364,790,58.24,2026-01-25
3365,26271,26.88,2026-01-25
3366,7796,33.51,2026-01-25
3367,6552,0.30,2026-01-25
3368,5942,0.13,2026-01-25
3369,17699,0.45,2026-01-25
3370,23762,0.24,2026-01-25
3371,16677,0.54,2026-01-25
3372,16507,1.97,2026-01-25
3373,6225,4.68,2026-01-25
3374,90,3.81,2026-01-25
3375,14349,2.85,2026-01-25
3376,24732,10.00,2026-01-25
3377,1261,3.39,2026-01-25
3378,20597,2.60,2026-01-25
3379,17014,0.35,2026-01-25
3380,11695,0.57,2026-01-25
3381,22912,0.82,2026-01-25
3382,12382,11.49,2026-01-25
3383,23763,8.13,2026-01-25
3384,19140,9.82,2026-01-25
3385,2242,0.50,2026-01-25
3386,17861,0.73,2026-01-25
3387,16661,1.73,2026-01-25
3388,19460,14.86,2026-01-25
3389,3066,11.17,2026-01-25
3390,18723,15.95,2026-01-25
3391,13678,16.55,2026-01-25
3392,16363,441.10,2026-01-25
3393,10818,250.00,2026-01-25
3394,13560,2.28,2026-01-25
3395,13262,5.09,2026-01-25
3396,14558,0.09,2026-01-25
3397,6819,0.17,2026-01-25
3398,6414,1.51,2026-01-25
3399,21224,0.41,2026-01-25
3400,580,1.52,2026-01-25
3401,24930,4.50,2026-01-25
3402,22111,0.19,2026-01-25
3403,15834,1.47,2026-01-25
3404,1125,0.28,2026-01-25
3405,9840,0.28,2026-01-25
3406,19785,1.06,2026-01-25
3407,9587,5.60,2026-01-25
3408,14639,8.45,2026-01-25
3409,15575,1.85,2026-01-25
3410,16919,11.56,2026-01-25
3411,764,0.13,2026-01-25
3412,14926,0.25,2026-01-25
3413,23011,0.22,2026-01-25
3414,26373,0.55,2026-01-25
3415,10020,0.10,2026-01-25
3416,15978,0.24,2026-01-25
3417,18986,0.35,2026-01-25
3418,9135,0.33,2026-01-25
3419,10201,1.47,2026-01-25
3420,18408,4.54,2026-01-25
3421,17319,0.44,2026-01-25
3422,9354,2.61,2026-01-25
3423,22495,3.55,2026-01-25
3424,23915,0.39,2026-01-25
3425,25015,5.74,2026-01-25
3426,12117,0.56,2026-01-25
3427,4430,1.19,2026-01-25
3428,15075,76.39,2026-01-25
3429,15046,30.35,2026-01-25
3430,24475,61.55,2026-01-25
3431,15167,23.44,2026-01-25
3432,24961,32.33,2026-01-25
3433,18633,9.05,2026-01-25
3434,5881,36.19,2026-01-25
3435,26257,24.66,2026-01-25
3436,15109,13.86,2026-01-25
3437,9946,8.39,2026-01-25
3438,1432,1.26,2026-01-25
3439,25820,5.14,2026-01-25
3440,17046,0.47,2026-01-25
3441,2146,0.23,2026-01-25
3442,1917,1.08,2026-01-25
3443,21660,5.62,2026-01-25
3444,2894,0.30,2026-01-25
3445,13483,0.19,2026-01-25
3446,2324,0.72,2026-01-25
3447,25030,0.21,2026-01-25
3448,2980,0.12,2026-01-25
3449,6720,0.26,2026-01-25
3450,12369,35.55,2026-01-25
3451,12412,16.23,2026-01-25
3452,19074,1.28,2026-01-25
3453,7634,14.55,2026-01-25
3454,9718,0.11,2026-01-25
3455,1697,0.43,2026-01-25
3456,26556,0.18,2026-01-25
3457,20688,0.40,2026-01-25
3458,15122,0.88,2026-01-25
3459,7685,7.45,2026-01-25
3460,22927,1.88,2026-01-25
3461,12007,21.00,2026-01-25
3462,9430,0.25,2026-01-25
3463,16386,0.44,2026-01-25
3464,10134,0.52,2026-01-25
3465,7126,3.11,2026-01-25
3466,24232,25.94,2026-01-25
3467,19309,0.08,2026-01-25
3468,20953,0.24,2026-01-25
3469,6739,291.99,2026-01-25
3470,1849,80.83,2026-01-25
3471,25238,2.09,2026-01-25
3472,3743,15.27,2026-01-25
3473,14691,0.41,2026-01-25
3474,22319,0.49,2026-01-25
3475,14192,61.58,2026-01-25
3476,2300,61.37,2026-01-25
3477,22061,50.00,2026-01-25
3478,6006,0.19,2026-01-25
3479,17393,0.74,2026-01-25
3480,19174,90.64,2026-01-25
3481,8884,499.99,2026-01-25
3482,17124,0.14,2026-01-25
3483,19408,0.43,2026-01-25
3484,760,4.46,2026-01-25
3485,17828,32.28,2026-01-25
3486,2905,0.27,2026-01-25
3487,24467,0.20,2026-01-25
3488,18630,1.50,2026-01-25
3489,15348,1.82,2026-01-25
3490,15657,4.95,2026-01-25
3491,15350,3.12,2026-01-25
3492,13809,138.19,2026-01-25
3493,25423,60.31,2026-01-25
3494,6688,10.91,2026-01-25
3495,9505,6.95,2026-01-25
3496,21494,1.42,2026-01-25
3497,8147,25.31,2026-01-25
3498,19960,1.83,2026-01-25
3499,1898,349.99,2026-01-25
3500,12779,69.89,2026-01-25
3501,17579,59.56,2026-01-25
3502,20268,0.39,2026-01-25
3503,5503,0.80,2026-01-25
3504,20303,40.49,2026-01-25
3505,20951,21.84,2026-01-25
3506,18040,0.53,2026-01-25
3507,8459,1.06,2026-01-25
3508,14998,0.23,2026-01-25
3509,10772,0.38,2026-01-25
3510,16086,0.79,2026-01-25
3511,15153,2.34,2026-01-25
3512,13061,0.30,2026-01-25
3513,18921,2.05,2026-01-25
3514,26805,23.61,2026-01-25
3515,16860,14.89,2026-01-25
3516,7624,0.22,2026-01-25
3517,19942,1.18,2026-01-25
3518,16294,0.93,2026-01-25
3519,5016,9.25,2026-01-25
3520,15080,0.14,2026-01-25
3521,22644,0.21,2026-01-25
3522,13495,9.28,2026-01-25
3523,10888,3.55,2026-01-25
3524,6308,19.82,2026-01-25
3525,13532,4.68,2026-01-25
3526,8871,0.18,2026-01-25
3527,15660,0.43,2026-01-25
3528,18322,0.20,2026-01-25
3529,4428,0.52,2026-01-25
3530,9333,1.47,2026-01-25
3531,20480,17.75,2026-01-25
3532,11699,7.97,2026-01-25
3533,1538,72.14,2026-01-25
3534,5554,11.57,2026-01-25
3535,9123,5.81,2026-01-25
3536,6554,0.18,2026-01-25
3537,6490,0.39,2026-01-25
3538,10632,1.05,2026-01-25
3539,1363,0.50,2026-01-25
3540,11166,1.22,2026-01-25
3541,23848,25.20,2026-01-25
3542,7315,9.21,2026-01-25
3543,17670,10.01,2026-01-25
3544,13217,38.01,2026-01-25
3545,25711,18.67,2026-01-25
3546,18307,2.15,2026-01-25
3547,468,12.32,2026-01-25
3548,14288,1900.00,2026-01-25
3549,20298,0.82,2026-01-25
3550,23532,1.87,2026-01-25
3551,17806,21.98,2026-01-25
3552,15968,16.65,2026-01-25
3553,6525,0.44,2026-01-25
3554,16995,0.84,2026-01-25
3555,18770,9.07,2026-01-25
3556,15530,8.83,2026-01-25
3557,18105,16.62,2026-01-25
3558,15539,25.98,2026-01-25
3559,17696,11.50,2026-01-25
3560,3976,0.30,2026-01-25
3561,5721,1.20,2026-01-25
3562,12664,6.10,2026-01-25
3563,16253,4.43,2026-01-25
3564,5926,2.11,2026-01-25
3565,6622,16.03,2026-01-25
3566,8194,144.20,2026-01-25
3567,19593,17.90,2026-01-25
3568,12836,8.38,2026-01-25
3569,18270,1.16,2026-01-25
3570,18983,4.71,2026-01-25
3571,18817,0.17,2026-01-25
3572,4097,0.48,2026-01-25
3573,24694,0.11,2026-01-25
3574,2898,0.31,2026-01-25
3575,12646,5.46,2026-01-25
3576,4873,8.69,2026-01-25
3577,21434,8.81,2026-01-25
3578,2524,3.02,2026-01-25
3579,6754,19.82,2026-01-25
3580,22264,4.93,2026-01-25
3581,6169,0.17,2026-01-25
3582,19294,0.35,2026-01-25
3583,19864,0.25,2026-01-25
3584,19053,0.51,2026-01-25
3585,18863,0.13,2026-01-25
3586,17813,0.34,2026-01-25
3587,14573,438.44,2026-01-25
3588,12808,1.71,2026-01-25
3589,3531,30.59,2026-01-25
3590,6135,35.90,2026-01-25
3591,7503,93.98,2026-01-25
3592,25929,0.22,2026-01-25
3593,24863,0.42,2026-01-25
3594,23215,0.12,2026-01-25
3595,9858,0.26,2026-01-25
3596,843,0.67,2026-01-25
3597,20073,1.93,2026-01-25
3598,15311,0.67,2026-01-25
3599,23445,2.36,2026-01-25
3600,2628,2.66,2026-01-25
3601,19891,0.19,2026-01-25
3602,20658,0.56,2026-01-25
3603,22035,0.96,2026-01-25
3604,15284,3.84,2026-01-25
3605,8718,2.80,2026-01-25
3606,15757,1.43,2026-01-25
3607,1952,0.15,2026-01-25
3608,2915,0.33,2026-01-25
3609,24341,0.36,2026-01-25
3610,10604,0.65,2026-01-25
3611,13927,86.73,2026-01-25
3612,2313,24.65,2026-01-25
3613,2684,1.91,2026-01-25
3614,2025,1.40,2026-01-25
3615,27008,173.88,2026-01-25
3616,7611,53.40,2026-01-25
3617,8696,55.00,2026-01-25
3618,26819,32.94,2026-01-25
3619,12451,12.03,2026-01-25
3620,16305,0.23,2026-01-25
3621,10311,0.49,2026-01-25
3622,15464,555.00,2026-01-25
3623,20667,369.26,2026-01-25
3624,3873,2.27,2026-01-25
3625,5557,9.35,2026-01-25
3626,519,0.53,2026-01-25
3627,14428,0.87,2026-01-25
3628,21119,6.05,2026-01-25
3629,22269,17.55,2026-01-25
3630,13730,3.25,2026-01-25
3631,24150,27.30,2026-01-25
3632,23725,1.07,2026-01-25
3633,1931,1.22,2026-01-25
3634,23019,9.99,2026-01-25
3635,26036,11.03,2026-01-25
3636,9883,7.52,2026-01-25
3637,19133,2.84,2026-01-25
3638,10503,3.35,2026-01-25
3639,25180,9.41,2026-01-25
3640,7973,20.20,2026-01-25
3641,16485,1.76,2026-01-25
3642,3274,6.24,2026-01-25
3643,17469,5.32,2026-01-25
3644,25815,1.90,2026-01-25
3645,8379,19.04,2026-01-25
3646,12699,19.86,2026-01-25
3647,15678,20.00,2026-01-25
3648,15111,0.50,2026-01-25
3649,1725,0.74,2026-01-25
3650,14800,0.23,2026-01-25
3651,17030,0.33,2026-01-25
3652,5535,9.68,2026-01-25
3653,26040,19.03,2026-01-25
3654,7936,7.72,2026-01-25
3655,3398,5.95,2026-01-25
3656,16607,150.00,2026-01-25
3657,8743,17.35,2026-01-25
3658,8686,0.33,2026-01-25
3659,16120,0.59,2026-01-25
3660,22638,1.36,2026-01-25
3661,4591,2.24,2026-01-25
3662,7190,0.15,2026-01-25
3663,1257,0.41,2026-01-25
3664,12368,7.68,2026-01-25
3665,14010,3.61,2026-01-25
3666,15349,10.25,2026-01-25
3667,3406,6.47,2026-01-25
3668,3810,0.41,2026-01-25
3669,22689,0.84,2026-01-25
3670,18934,0.13,2026-01-25
3671,26486,0.26,2026-01-25
3672,21902,0.26,2026-01-25
3673,26890,0.46,2026-01-25
3674,2576,3.68,2026-01-25
3675,9343,4.41,2026-01-25
3676,20930,3.93,2026-01-25
3677,23373,5.66,2026-01-25
3678,22279,69.69,2026-01-25
3679,25402,0.41,2026-01-25
3680,13074,4.62,2026-01-25
3681,5275,0.78,2026-01-25
3682,3913,1.05,2026-01-25
3683,4034,1.51,2026-01-25
3684,7344,6.99,2026-01-25
3685,667,9.41,2026-01-25
3686,20163,10.43,2026-01-25
3687,8978,6.52,2026-01-25
3688,21485,15.77,2026-01-25
3689,22849,2.60,2026-01-25
3690,24252,47.00,2026-01-25
3691,22433,0.11,2026-01-25
3692,6501,0.44,2026-01-25
3693,547,87.07,2026-01-25
3694,10175,39.43,2026-01-25
3695,6345,0.35,2026-01-25
3696,4389,0.54,2026-01-25
3697,4881,6.45,2026-01-25
3698,18048,12.91,2026-01-25
3699,26585,8.51,2026-01-25
3700,10176,0.88,2026-01-25
3701,16806,5.80,2026-01-25
3702,11666,0.32,2026-01-25
3703,4574,0.64,2026-01-25
3704,9184,164.85,2026-01-25
3705,16462,0.80,2026-01-25
3706,14275,1.57,2026-01-25
3707,639,2.53,2026-01-25
3708,16571,4.64,2026-01-25
3709,1527,14.44,2026-01-25
3710,9885,21.31,2026-01-25
3711,21799,4.90,2026-01-25
3712,1474,4.90,2026-01-25
3713,21095,0.29,2026-01-25
3714,7874,0.94,2026-01-25
3715,6637,5.61,2026-01-25
3716,14405,12.06,2026-01-25
3717,4270,5.30,2026-01-25
3718,25742,0.46,2026-01-25
3719,8930,0.76,2026-01-25
3720,25329,0.31,2026-01-25
3721,26671,0.43,2026-01-25
3722,2869,86.74,2026-01-25
3723,17052,25.45,2026-01-25
3724,13014,2.49,2026-01-25
3725,10593,37.17,2026-01-25
3726,8015,0.71,2026-01-25
3727,6994,18.38,2026-01-25
3728,25191,0.47,2026-01-25
3729,3817,1.30,2026-01-25
3730,4628,1.55,2026-01-25
3731,6774,12.54,2026-01-25
3732,4437,1.07,2026-01-25
3733,11591,7.97,2026-01-25
3734,24938,0.13,2026-01-25
3735,5941,0.31,2026-01-25
3736,14773,0.26,2026-01-25
3737,4463,0.74,2026-01-25
3738,11331,28.66,2026-01-25
3739,4138,3.21,2026-01-25
3740,793,65.65,2026-01-25
3741,18197,26.34,2026-01-25
3742,19780,0.09,2026-01-25
3743,3185,0.29,2026-01-25
3744,26446,0.68,2026-01-25
3745,9758,0.20,2026-01-25
3746,17598,51.99,2026-01-25
3747,26442,0.64,2026-01-25
3748,3145,10.92,2026-01-25
3749,23151,0.21,2026-01-25
3750,25438,0.48,2026-01-25
3751,24706,35.92,2026-01-25
3752,20847,25.66,2026-01-25
3753,2285,5.75,2026-01-25
3754,12557,0.76,2026-01-25
3755,7427,1.92,2026-01-25
3756,25466,0.20,2026-01-25
3757,26220,0.53,2026-01-25
3758,20198,12.61,2026-01-25
3759,15679,7.09,2026-01-25
3760,23735,1.66,2026-01-25
3761,22781,15.99,2026-01-25
3762,19469,0.57,2026-01-25
3763,21940,9.21,2026-01-25
3764,14923,1.74,2026-01-25
3765,8249,3.93,2026-01-25
3766,9524,0.93,2026-01-25
3767,4796,2.86,2026-01-25
3768,13042,0.27,2026-01-25
3769,26181,0.35,2026-01-25
3770,3536,1.26,2026-01-25
3771,11479,1.64,2026-01-25
3772,25366,3.48,2026-01-25
3773,20443,26.82,2026-01-25
3774,15877,4.61,2026-01-25
3775,17317,3.06,2026-01-25
3776,5663,0.07,2026-01-25
3777,4205,0.17,2026-01-25
3778,15279,11.59,2026-01-25
3779,473,3.11,2026-01-25
3780,9558,37.71,2026-01-25
3781,1875,0.77,2026-01-25
3782,11322,9.29,2026-01-25
3783,15599,12.76,2026-01-25
3784,12574,4.36,2026-01-25
3785,22375,0.64,2026-01-25
3786,18320,0.72,2026-01-25
3787,12017,0.17,2026-01-25
3788,10900,0.75,2026-01-25
3789,16144,0.35,2026-01-25
3790,5430,0.50,2026-01-25
3791,9434,33.43,2026-01-25
3792,5299,67.42,2026-01-25
3793,26894,14.88,2026-01-25
3794,18396,15.18,2026-01-25
3795,8723,51.99,2026-01-25
3796,15882,0.16,2026-01-25
3797,889,0.33,2026-01-25
3798,18121,0.21,2026-01-25
3799,11946,0.07,2026-01-25
3800,24753,0.16,2026-01-25
3801,21998,0.57,2026-01-25
3802,2293,50.67,2026-01-25
3803,5945,76.50,2026-01-25
3804,18279,225.44,2026-01-25
3805,20365,87.27,2026-01-25
3806,23598,29.72,2026-01-25
3807,10388,4.98,2026-01-25
3808,17472,0.42,2026-01-25
3809,23855,0.86,2026-01-25
3810,10240,0.69,2026-01-25
3811,18403,2.79,2026-01-25
3812,24134,30.44,2026-01-25
3813,4213,0.10,2026-01-25
3814,2158,0.23,2026-01-25
3815,5126,86.47,2026-01-25
3816,18257,0.24,2026-01-25
3817,22874,0.47,2026-01-25
3818,17399,3.14,2026-01-25
3819,14170,0.49,2026-01-25
3820,2475,0.17,2026-01-25
3821,4969,0.64,2026-01-25
3822,11724,2.45,2026-01-25
3823,24674,3.81,2026-01-25
3824,13851,9.53,2026-01-25
3825,5073,4.30,2026-01-25
3826,15166,4.18,2026-01-25
3827,16475,9.37,2026-01-25
3828,20052,0.67,2026-01-25
3829,25324,5.31,2026-01-25
3830,23852,2.41,2026-01-25
3831,16025,28.37,2026-01-25
3832,1111,18.99,2026-01-25
3833,2959,76.91,2026-01-25
3834,25265,29.86,2026-01-25
3835,26340,0.27,2026-01-25
3836,17335,0.58,2026-01-25
3837,19808,54.10,2026-01-25
3838,9471,27.76,2026-01-25
3839,18640,0.39,2026-01-25
3840,1097,0.56,2026-01-25
3841,14140,0.39,2026-01-25
3842,19543,4.42,2026-01-25
3843,4686,0.66,2026-01-25
3844,25107,12.43,2026-01-25
3845,11379,3.03,2026-01-25
3846,1648,7.67,2026-01-25
3847,23843,67.78,2026-01-25
3848,7562,31.30,2026-01-25
3849,20412,13.16,2026-01-25
3850,10262,149.89,2026-01-25
3851,19302,0.90,2026-01-25
3852,26301,2.49,2026-01-25
3853,832,1.42,2026-01-25
3854,4092,95.83,2026-01-25
3855,1443,0.59,2026-01-25
3856,6789,0.10,2026-01-25
3857,10117,0.24,2026-01-25
3858,23526,2.54,2026-01-25
3859,12248,3.59,2026-01-25
3860,17037,1.81,2026-01-25
3861,12982,4.50,2026-01-25
3862,17766,1.14,2026-01-25
3863,18646,3.86,2026-01-25
3864,21196,2.06,2026-01-25
3865,15638,8.65,2026-01-25
3866,12239,0.20,2026-01-25
3867,11648,0.42,2026-01-25
3868,10476,4.90,2026-01-25
3869,23874,5.13,2026-01-25
3870,20002,18.99,2026-01-25
3871,14924,0.99,2026-01-25
3872,20145,13.91,2026-01-25
3873,11671,4.73,2026-01-25
3874,3579,0.54,2026-01-25
3875,2606,2.32,2026-01-25
3876,6264,0.16,2026-01-25
3877,12773,0.25,2026-01-25
3878,10635,14.06,2026-01-25
3879,21720,35.00,2026-01-25
3880,24890,1.39,2026-01-25
3881,17242,0.34,2026-01-25
3882,8676,0.68,2026-01-25
3883,12943,2.19,2026-01-25
3884,6735,7.09,2026-01-25
3885,20635,4.95,2026-01-25
3886,26523,137.00,2026-01-25
3887,1860,1.35,2026-01-25
3888,19259,9.52,2026-01-25
3889,2901,0.11,2026-01-25
3890,25215,0.27,2026-01-25
3891,18129,0.41,2026-01-25
3892,10427,0.65,2026-01-25
3893,10345,0.15,2026-01-25
3894,21832,0.44,2026-01-25
3895,22924,5.28,2026-01-25
3896,8720,15.36,2026-01-25
3897,26456,8.30,2026-01-25
3898,14180,0.27,2026-01-25
3899,15798,0.97,2026-01-25
3900,12508,3.13,2026-01-25
3901,488,4.79,2026-01-25
3902,22632,4.47,2026-01-25
3903,15827,0.50,2026-01-25
3904,13183,1.06,2026-01-25
3905,21815,1.21,2026-01-25
3906,13903,5.34,2026-01-25
3907,11482,0.16,2026-01-25
3908,24123,0.30,2026-01-25
3909,19831,1.31,2026-01-25
3910,992,2.18,2026-01-25
3911,11443,3.34,2026-01-25
3912,1997,20.09,2026-01-25
3913,25626,24.20,2026-01-25
3914,15104,24.81,2026-01-25
3915,17019,18.03,2026-01-25
3916,13947,1.27,2026-01-25
3917,17789,17.28,2026-01-25
3918,19308,2.30,2026-01-25
3919,11609,21.85,2026-01-25
3920,9570,6.01,2026-01-25
3921,16738,40.32,2026-01-25
3922,19475,0.58,2026-01-25
3923,2998,2.21,2026-01-25
3924,14199,0.26,2026-01-25
3925,5868,0.59,2026-01-25
3926,340,1.96,2026-01-25
3927,3496,0.57,2026-01-25
3928,7693,2.66,2026-01-25
3929,18684,0.20,2026-01-25
3930,15938,0.38,2026-01-25
3931,4471,48.11,2026-01-25
3932,18639,29.23,2026-01-25
3933,21313,0.35,2026-01-25
3934,1110,0.74,2026-01-25
3935,609,3.62,2026-01-25
3936,3126,15.00,2026-01-25
3937,10541,4.04,2026-01-25
3938,26326,1.50,2026-01-25
3939,13207,1.72,2026-01-25
3940,16951,0.39,2026-01-25
3941,8922,1.12,2026-01-25
3942,18520,0.43,2026-01-25
3943,13983,0.75,2026-01-25
3944,3859,0.09,2026-01-25
3945,16325,0.13,2026-01-25
3946,116,40.00,2026-01-25
3947,18419,25.16,2026-01-25
3948,17894,0.40,2026-01-25
3949,20133,0.18,2026-01-25
3950,7398,0.91,2026-01-25
3951,16343,0.27,2026-01-25
3952,23180,0.68,2026-01-25
3953,24335,2.67,2026-01-25
3954,9328,3.16,2026-01-25
3955,17261,73.17,2026-01-25
3956,15450,29.62,2026-01-25
3957,2103,138.49,2026-01-25
3958,9960,9.41,2026-01-25
3959,14585,4.07,2026-01-25
3960,8806,0.32,2026-01-25
3961,16903,0.63,2026-01-25
3962,21962,0.40,2026-01-25
3963,17169,0.15,2026-01-25
3964,18886,1.92,2026-01-25
3965,25622,23.88,2026-01-25
3966,10377,19.96,2026-01-25
3967,13401,29.99,2026-01-25
3968,17215,39.86,2026-01-25
3969,13311,49.99,2026-01-25
3970,26838,1.01,2026-01-25
3971,14026,2.24,2026-01-25
3972,8375,0.49,2026-01-25
3973,9495,3.08,2026-01-25
3974,15888,0.69,2026-01-25
3975,2554,4.22,2026-01-25
3976,2051,3.05,2026-01-25
3977,34,58.20,2026-01-25
3978,21008,0.93,2026-01-25
3979,22312,0.32,2026-01-25
3980,7552,0.16,2026-01-25
3981,8985,0.35,2026-01-25
3982,405,0.80,2026-01-25
3983,14370,0.21,2026-01-25
3984,24230,0.55,2026-01-25
3985,5289,0.38,2026-01-25
3986,3804,0.10,2026-01-25
3987,26617,0.49,2026-01-25
3988,7080,2.37,2026-01-25
3989,5707,1.84,2026-01-25
3990,2439,6.74,2026-01-25
3991,13672,5.28,2026-01-25
3992,23021,16.73,2026-01-25
3993,16155,0.20,2026-01-25
3994,11800,0.25,2026-01-25
3995,26355,20.66,2026-01-25
3996,23140,10.52,2026-01-25
3997,25518,323.50,2026-01-25
3998,4290,163.20,2026-01-25
3999,21199,4.37,2026-01-25
4000,7686,20.25,2026-01-25
4001,727,4.48,2026-01-25
4002,13140,8.20,2026-01-25
4003,2631,0.20,2026-01-25
4004,16827,0.40,2026-01-25
4005,22674,0.16,2026-01-25
4006,14818,0.35,2026-01-25
4007,6364,4.36,2026-01-25
4008,16980,9.91,2026-01-25
4009,6945,0.32,2026-01-25
4010,14798,0.43,2026-01-25
4011,15003,0.11,2026-01-25
4012,6864,0.28,2026-01-25
4013,5490,0.83,2026-01-25
4014,27064,13.55,2026-01-25
4015,25060,0.35,2026-01-25
4016,16423,0.57,2026-01-25
4017,1394,2.15,2026-01-25
4018,9616,6.99,2026-01-25
4019,1420,0.20,2026-01-25
4020,21311,0.63,2026-01-25
4021,2080,22.36,2026-01-25
4022,8898,0.54,2026-01-25
4023,14936,0.31,2026-01-25
4024,6002,0.46,2026-01-25
4025,13745,0.55,2026-01-25
4026,22974,0.42,2026-01-25
4027,784,3.06,2026-01-25
4028,19947,536.29,2026-01-25
4029,3631,0.50,2026-01-25
4030,14599,5.76,2026-01-25
4031,8708,6.74,2026-01-25
4032,21244,79.79,2026-01-25
4033,10930,0.89,2026-01-25
4034,10801,10.60,2026-01-25
4035,4071,0.27,2026-01-25
4036,1799,0.12,2026-01-25
4037,26263,0.53,2026-01-25
4038,9746,0.16,2026-01-25
4039,5180,3.61,2026-01-25
4040,13093,142.50,2026-01-25
4041,1730,1.62,2026-01-25
4042,16495,4.18,2026-01-25
4043,10650,5.66,2026-01-25
4044,22975,22.99,2026-01-25
4045,22932,2.91,2026-01-25
4046,26331,0.29,2026-01-25
4047,25178,0.46,2026-01-25
4048,25379,123.71,2026-01-25
4049,1756,60.28,2026-01-25
4050,20130,1.42,2026-01-25
4051,24305,2.23,2026-01-25
4052,20438,0.62,2026-01-25
4053,4573,14.87,2026-01-25
4054,26951,5.32,2026-01-25
4055,5550,4.54,2026-01-25
4056,21957,45.20,2026-01-25
4057,1723,1.85,2026-01-25
4058,7952,45.00,2026-01-25
4059,12115,1.87,2026-01-25
4060,1378,8.31,2026-01-25
4061,25019,0.60,2026-01-25
4062,8164,1.16,2026-01-25
4063,6393,0.81,2026-01-25
4064,19484,6.06,2026-01-25
4065,15515,2.27,2026-01-25
4066,26835,0.57,2026-01-25
4067,15815,1.21,2026-01-25
4068,2651,30.00,2026-01-25
4069,3508,0.27,2026-01-25
4070,24225,0.85,2026-01-25
4071,26209,5.54,2026-01-25
4072,5440,6.38,2026-01-25
4073,21340,2.40,2026-01-25
4074,14067,5.41,2026-01-25
4075,8392,1.56,2026-01-25
4076,7353,3.24,2026-01-25
4077,21338,49.99,2026-01-25
4078,1692,32.75,2026-01-25
4079,6459,1.05,2026-01-25
4080,1248,5.02,2026-01-25
4081,6,0.20,2026-01-25
4082,17241,0.53,2026-01-25
4083,25133,5.48,2026-01-25
4084,24779,25.60,2026-01-25
4085,15823,0.17,2026-01-25
4086,12852,0.58,2026-01-25
4087,8544,19.30,2026-01-25
4088,2387,10.45,2026-01-25
4089,2853,67.76,2026-01-25
4090,19854,24.56,2026-01-25
4091,11413,1.17,2026-01-25
4092,18051,3.00,2026-01-25
4093,2858,14.21,2026-01-25
4094,21620,5.33,2026-01-25
4095,9156,39.99,2026-01-25
4096,19301,27.03,2026-01-25
4097,2183,22.39,2026-01-25
4098,24188,0.12,2026-01-25
4099,22606,0.33,2026-01-25
4100,21358,0.07,2026-01-25
4101,8042,0.19,2026-01-25
4102,21014,9.21,2026-01-25
4103,12562,59.99,2026-01-25
4104,483,1.51,2026-01-25
4105,23931,42.49,2026-01-25
4106,12090,449.00,2026-01-25
4107,14544,2.27,2026-01-25
4108,13937,9.53,2026-01-25
4109,20053,1.20,2026-01-25
4110,10668,4.85,2026-01-25
4111,21559,20.73,2026-01-25
4112,23333,13.62,2026-01-25
4113,4754,8.34,2026-01-25
4114,12878,9.72,2026-01-25
4115,16720,4.20,2026-01-25
4116,243,0.10,2026-01-25
4117,19749,0.28,2026-01-25
4118,9166,41.79,2026-01-25
4119,17891,21.46,2026-01-25
4120,19959,0.28,2026-01-25
4121,14777,0.46,2026-01-25
4122,13469,8.74,2026-01-25
4123,25768,99.99,2026-01-25
4124,6742,2.46,2026-01-25
4125,24871,20.58,2026-01-25
4126,10950,2.59,2026-01-25
4127,19764,0.73,2026-01-25
4128,485,0.61,2026-01-25
4129,20180,2.11,2026-01-25
4130,27057,3.20,2026-01-25
4131,23145,65.05,2026-01-25
4132,13597,0.95,2026-01-25
4133,12843,2.46,2026-01-25
4134,20281,7.35,2026-01-25
4135,23213,0.29,2026-01-25
4136,23697,1.93,2026-01-25
4137,532,0.63,2026-01-25
4138,16103,3.58,2026-01-25
4139,24603,0.54,2026-01-25
4140,26668,0.59,2026-01-25
4141,6887,0.38,2026-01-25
4142,25675,0.91,2026-01-25
4143,4936,13.93,2026-01-25
4144,10787,8.29,2026-01-25
4145,17571,1.86,2026-01-25
4146,9733,3.12,2026-01-25
4147,7026,0.08,2026-01-25
4148,24703,0.23,2026-01-25
4149,10571,2.91,2026-01-25
4150,20114,22.05,2026-01-25
4151,15958,2.50,2026-01-25
4152,7250,48.00,2026-01-25
4153,25619,0.48,2026-01-25
4154,21281,0.48,2026-01-25
4155,14874,0.74,2026-01-25
4156,11622,0.50,2026-01-25
4157,10378,3.12,2026-01-25
4158,5930,1.93,2026-01-25
4159,1340,2.51,2026-01-25
4160,8027,9.93,2026-01-25
4161,6028,11.50,2026-01-25
4162,14403,0.29,2026-01-25
4163,1496,0.58,2026-01-25
4164,7459,1.06,2026-01-25
4165,9618,3.56,2026-01-25
4166,5813,0.37,2026-01-25
4167,12144,0.19,2026-01-25
4168,12103,0.21,2026-01-25
4169,17723,1.13,2026-01-25
4170,434,0.10,2026-01-25
4171,12258,0.43,2026-01-25
4172,15141,0.99,2026-01-25
4173,10254,5.98,2026-01-25
4174,14543,1.31,2026-01-25
4175,20856,5.25,2026-01-25
4176,3070,0.30,2026-01-25
4177,15964,0.53,2026-01-25
4178,11043,0.54,2026-01-25
4179,14329,0.82,2026-01-25
4180,18573,2.23,2026-01-25
4181,8178,11.25,2026-01-25
4182,19624,0.30,2026-01-25
4183,11195,0.51,2026-01-25
4184,15570,3.81,2026-01-25
4185,2888,19.57,2026-01-25
4186,16573,0.20,2026-01-25
4187,22722,0.35,2026-01-25
4188,12204,1.30,2026-01-25
4189,14464,1.92,2026-01-25
4190,17805,1.85,2026-01-25
4191,17756,0.14,2026-01-25
4192,22532,0.26,2026-01-25
4193,19352,0.67,2026-01-25
4194,18469,4.89,2026-01-25
4195,26665,0.52,2026-01-25
4196,19643,4.67,2026-01-25
4197,13062,0.65,2026-01-25
4198,12216,1.55,2026-01-25
4199,13433,0.86,2026-01-25
4200,1446,1.82,2026-01-25
4201,21867,6.74,2026-01-25
4202,279,2.06,2026-01-25
4203,16084,0.12,2026-01-25
4204,24051,0.36,2026-01-25
4205,6607,1.57,2026-01-25
4206,25993,5.34,2026-01-25
4207,3062,1.01,2026-01-25
4208,16762,2.26,2026-01-25
4209,18726,2.52,2026-01-25
4210,6042,12.77,2026-01-25
4211,20138,21.16,2026-01-25
4212,11815,15.22,2026-01-25
4213,21500,9.22,2026-01-25
4214,16416,0.31,2026-01-25
4215,26064,0.81,2026-01-25
4216,9041,1.38,2026-01-25
4217,26464,16.70,2026-01-25
4218,4500,0.48,2026-01-25
4219,5632,0.20,2026-01-25
4220,16398,2.00,2026-01-25
4221,9702,3.68,2026-01-25
4222,19271,1.06,2026-01-25
4223,21420,4.39,2026-01-25
4224,2503,0.48,2026-01-25
4225,11647,0.67,2026-01-25
4226,15857,1.49,2026-01-25
4227,11933,0.86,2026-01-25
4228,24076,1.64,2026-01-25
4229,17345,3.61,2026-01-25
4230,2868,22.44,2026-01-25
4231,3334,96.95,2026-01-25
4232,3303,43.55,2026-01-25
4233,2803,1.08,2026-01-25
4234,2552,10.73,2026-01-25
4235,20508,2.41,2026-01-25
4236,6673,0.31,2026-01-25
4237,16454,1.28,2026-01-25
4238,21171,212.37,2026-01-25
4239,7275,116.35,2026-01-25
4240,12564,1.59,2026-01-25
4241,11499,9.55,2026-01-25
4242,21209,4.63,2026-01-25
4243,16769,4.41,2026-01-25
4244,19073,1.87,2026-01-25
4245,5265,20.39,2026-01-25
4246,8690,0.91,2026-01-25
4247,19321,12.08,2026-01-25
4248,23462,6.26,2026-01-25
4249,12698,0.47,2026-01-25
4250,13422,0.75,2026-01-25
4251,19449,0.20,2026-01-25
4252,9345,0.53,2026-01-25
4253,829,4.76,2026-01-25
4254,20469,7.57,2026-01-25
4255,5253,17.79,2026-01-25
4256,9841,0.36,2026-01-25
4257,3630,1.00,2026-01-25
4258,12919,1.51,2026-01-25
4259,8201,3.97,2026-01-25
4260,11811,1.41,2026-01-25
4261,23008,5.88,2026-01-25
4262,18642,17.34,2026-01-25
4263,6330,14.78,2026-01-25
4264,11270,1.59,2026-01-25
4265,25312,3.66,2026-01-25
4266,8456,1.18,2026-01-25
4267,24121,4.64,2026-01-25
4268,14415,0.39,2026-01-25
4269,21263,5.08,2026-01-25
4270,3104,3.30,2026-01-25
4271,21206,29.39,2026-01-25
4272,5774,4.14,2026-01-25
4273,6749,5.83,2026-01-25
4274,13815,18.68,2026-01-25
4275,25714,11.80,2026-01-25
4276,26530,4.50,2026-01-25
4277,5614,1.42,2026-01-25
4278,2351,10.64,2026-01-25
4279,22447,0.88,2026-01-25
4280,25745,13.86,2026-01-25
4281,9036,9.58,2026-01-25
4282,4391,19.16,2026-01-25
4283,17096,15.16,2026-01-25
4284,18076,6.24,2026-01-25
4285,19802,1.31,2026-01-25
4286,22583,7.99,2026-01-25
4287,2405,11.13,2026-01-25
4288,14717,84.98,2026-01-25
4289,1286,2.83,2026-01-25
4290,5520,2.38,2026-01-25
4291,16061,0.91,2026-01-25
4292,3408,0.87,2026-01-25
4293,10808,0.40,2026-01-25
4294,23191,1.13,2026-01-25
4295,2298,39.45,2026-01-25
4296,21521,14.04,2026-01-25
4297,25641,1.62,2026-01-25
4298,20743,22.19,2026-01-25
4299,14852,0.23,2026-01-25
4300,6473,0.55,2026-01-25
4301,18581,0.30,2026-01-25
4302,21702,6.60,2026-01-25
4303,6218,0.32,2026-01-25
4304,21432,9.54,2026-01-25
4305,21335,5.16,2026-01-25
4306,9124,0.17,2026-01-25
4307,3475,0.33,2026-01-25
4308,16855,0.14,2026-01-25
4309,27063,0.36,2026-01-25
4310,17757,3.87,2026-01-25
4311,12922,14.50,2026-01-25
4312,7355,18.66,2026-01-25
4313,12955,0.18,2026-01-25
4314,18289,0.33,2026-01-25
4315,14126,0.24,2026-01-25
4316,16362,1.12,2026-01-25
4317,16772,1.88,2026-01-25
4318,7833,0.10,2026-01-25
4319,20884,0.28,2026-01-25
4320,11638,3.90,2026-01-25
4321,25485,99.00,2026-01-25
4322,17801,34.97,2026-01-25
4323,13147,9.00,2026-01-25
4324,21997,0.11,2026-01-25
4325,17792,0.59,2026-01-25
4326,18551,4.18,2026-01-25
4327,15143,4.33,2026-01-25
4328,18831,8.16,2026-01-25
4329,26249,19.50,2026-01-25
4330,14860,15.00,2026-01-25
4331,25186,0.33,2026-01-25
4332,7979,2.16,2026-01-25
4333,25535,1.24,2026-01-25
4334,2073,8.79,2026-01-25
4335,15797,0.28,2026-01-25
4336,2312,0.65,2026-01-25
4337,13075,69.75,2026-01-25
4338,10819,35.32,2026-01-25
4339,5682,67.45,2026-01-25
4340,3814,22.91,2026-01-25
4341,15730,3.15,2026-01-25
4342,25340,3.89,2026-01-25
4343,8681,5.81,2026-01-25
4344,13372,25.08,2026-01-25
4345,9847,4.77,2026-01-25
4346,5905,1.38,2026-01-25
4347,6497,0.27,2026-01-25
4348,20388,0.87,2026-01-25
4349,23299,2.71,2026-01-25
4350,1429,16.00,2026-01-25
4351,10449,0.27,2026-01-25
4352,9060,0.40,2026-01-25
4353,1273,1.81,2026-01-25
4354,10647,16.42,2026-01-25
4355,18776,8.58,2026-01-25
4356,3394,0.24,2026-01-25
4357,24002,1.19,2026-01-25
4358,18112,0.47,2026-01-25
4359,15006,1.82,2026-01-25
4360,22187,1.19,2026-01-25
4361,21912,2.66,2026-01-25
4362,22795,0.27,2026-01-25
4363,21528,0.91,2026-01-25
4364,23819,5.68,2026-01-25
4365,19945,0.20,2026-01-25
4366,20593,0.54,2026-01-25
4367,7663,0.22,2026-01-25
4368,423,0.48,2026-01-25
4369,2825,0.16,2026-01-25
4370,8673,0.54,2026-01-25
4371,3938,20.20,2026-01-25
4372,10101,17.55,2026-01-25
4373,4809,42.43,2026-01-25
4374,21363,1.47,2026-01-25
4375,24724,2.13,2026-01-25
4376,11761,5.31,2026-01-25
4377,7816,0.09,2026-01-25
4378,24725,0.27,2026-01-25
4379,10308,0.78,2026-01-25
4380,26755,1.41,2026-01-25
4381,2547,19.82,2026-01-25
4382,15777,3.99,2026-01-25
4383,4773,43.82,2026-01-25
4384,24041,5.49,2026-01-25
4385,1368,0.71,2026-01-25
4386,9830,9.65,2026-01-25
4387,237,12.91,2026-01-25
4388,10553,1.67,2026-01-25
4389,1333,4.59,2026-01-25
4390,19653,31.82,2026-01-25
4391,21108,3.80,2026-01-25
4392,11914,61.33,2026-01-25
4393,1393,13.07,2026-01-25
4394,12790,1.61,2026-01-25
4395,5616,27.80,2026-01-25
4396,402,200.00,2026-01-25
4397,14976,0.62,2026-01-25
4398,24811,5.00,2026-01-25
4399,17879,1.21,2026-01-25
4400,21362,8.25,2026-01-25
4401,26413,2.20,2026-01-25
4402,4320,27.31,2026-01-25
4403,13669,0.25,2026-01-25
4404,12627,0.78,2026-01-25
4405,25617,1.67,2026-01-25
4406,8263,1.42,2026-01-25
4407,3256,2.91,2026-01-25
4408,25637,10.18,2026-01-25
4409,15024,1.96,2026-01-25
4410,19247,19.94,2026-01-25
4411,12398,0.21,2026-01-25
4412,25327,0.43,2026-01-25
4413,23724,5.33,2026-01-25
4414,25162,0.55,2026-01-25
4415,26026,2.05,2026-01-25
4416,15989,9.82,2026-01-25
4417,4755,0.15,2026-01-25
4418,2124,0.28,2026-01-25
4419,12916,4.21,2026-01-25
4420,15386,1.20,2026-01-25
4421,9764,2.31,2026-01-25
4422,25199,0.98,2026-01-25
4423,12524,18.44,2026-01-25
4424,20036,4.80,2026-01-25
4425,10540,9.20,2026-01-25
4426,6146,25.00,2026-01-25
4427,21470,2.51,2026-01-25
4428,8107,1.61,2026-01-25
4429,1626,1.11,2026-01-25
4430,1325,7.99,2026-01-25
4431,2105,21.69,2026-01-25
4432,2096,11.12,2026-01-25
4433,14122,0.53,2026-01-25
4434,24582,1.54,2026-01-25
4435,26568,1.84,2026-01-25
4436,11244,4.90,2026-01-25
4437,13327,15.04,2026-01-25
4438,20596,9.45,2026-01-25
4439,24392,2.47,2026-01-25
4440,1168,0.15,2026-01-25
4441,11627,0.45,2026-01-25
4442,17159,0.25,2026-01-25
4443,24610,0.25,2026-01-25
4444,14512,0.81,2026-01-25
4445,19131,3.30,2026-01-25
4446,4673,1.62,2026-01-25
4447,16284,615.95,2026-01-25
4448,408,0.08,2026-01-25
4449,23757,0.20,2026-01-25
4450,20648,0.37,2026-01-25
4451,3377,0.20,2026-01-25
4452,877,1.56,2026-01-25
4453,5215,8.08,2026-01-25
4454,8237,12.27,2026-01-25
4455,16491,7.44,2026-01-25
4456,8210,0.24,2026-01-25
4457,3060,0.82,2026-01-25
4458,1029,0.40,2026-01-25
4459,24003,0.72,2026-01-25
4460,17517,0.85,2026-01-25
4461,5477,23.54,2026-01-25
4462,26904,8.81,2026-01-25
4463,21735,0.50,2026-01-25
4464,14701,0.24,2026-01-25
4465,18774,0.09,2026-01-25
4466,11401,0.38,2026-01-25
4467,2582,25.41,2026-01-25
4468,19188,13.05,2026-01-25
4469,23378,12.44,2026-01-25
4470,6403,1.52,2026-01-25
4471,18346,1.05,2026-01-25
4472,11123,4.21,2026-01-25
4473,2976,2.77,2026-01-25
4474,25554,0.41,2026-01-25
4475,25974,1.56,2026-01-25
4476,3050,0.83,2026-01-25
4477,11544,1.89,2026-01-25
4478,9444,18.25,2026-01-25
4479,10500,19.13,2026-01-25
4480,511,0.05,2026-01-25
4481,13659,0.32,2026-01-25
4482,10187,1.01,2026-01-25
4483,21044,0.83,2026-01-25
4484,7259,20.64,2026-01-25
4485,13290,0.41,2026-01-25
4486,5482,0.15,2026-01-25
4487,25262,45.75,2026-01-25
4488,24518,0.19,2026-01-25
4489,4396,1.28,2026-01-25
4490,16196,1.33,2026-01-25
4491,12055,8.78,2026-01-25
4492,15753,0.67,2026-01-25
4493,1894,0.79,2026-01-25
4494,3688,1.62,2026-01-25
4495,16606,13.07,2026-01-25
4496,15699,0.31,2026-01-25
4497,17675,2.99,2026-01-25
4498,12098,0.57,2026-01-25
4499,15935,0.29,2026-01-25
4500,24669,1.59,2026-01-25
4501,8488,10.03,2026-01-25
4502,20792,0.17,2026-01-25
4503,19509,0.40,2026-01-25
4504,22623,46.47,2026-01-25
4505,21967,17.56,2026-01-25
4506,4147,0.22,2026-01-25
4507,24292,0.92,2026-01-25
4508,604,13.61,2026-01-25
4509,15433,8.83,2026-01-25
4510,20155,74.40,2026-01-25
4511,747,37.26,2026-01-25
4512,3416,7.83,2026-01-25
4513,3753,11.59,2026-01-25
4514,5388,6.57,2026-01-25
4515,8286,1.25,2026-01-25
4516,22605,5.24,2026-01-25
4517,18761,1.38,2026-01-25
4518,6024,5.24,2026-01-25
4519,18806,0.19,2026-01-25
4520,4680,0.54,2026-01-25
4521,14073,1.95,2026-01-25
4522,20907,1.71,2026-01-25
4523,23918,3.06,2026-01-25
4524,16875,12.67,2026-01-25
4525,1289,0.36,2026-01-25
4526,25679,0.18,2026-01-25
4527,23620,0.37,2026-01-25
4528,6114,0.51,2026-01-25
4529,23004,1.36,2026-01-25
4530,7021,2.35,2026-01-25
4531,23850,0.47,2026-01-25
4532,8660,0.16,2026-01-25
4533,23277,9.37,2026-01-25
4534,5330,11.94,2026-01-25
4535,19304,18.99,2026-01-25
4536,2899,12.41,2026-01-25
4537,14265,1.02,2026-01-25
4538,24640,5.68,2026-01-25
4539,11201,0.54,2026-01-25
4540,18795,0.19,2026-01-25
4541,4004,0.59,2026-01-25
4542,16225,2.44,2026-01-25
4543,9014,1.32,2026-01-25
4544,8242,38.13,2026-01-25
4545,18030,14.51,2026-01-25
4546,24682,1.23,2026-01-25
4547,2143,5.53,2026-01-25
4548,3974,24.90,2026-01-25
4549,10823,137.45,2026-01-25
4550,6975,1.44,2026-01-25
4551,9982,18.45,2026-01-25
4552,7463,0.67,2026-01-25
4553,12615,1.69,2026-01-25
4554,16283,1.02,2026-01-25
4555,1926,2.48,2026-01-25
4556,23508,1.91,2026-01-25
4557,828,2.58,2026-01-25
4558,26136,9.69,2026-01-25
4559,17819,0.11,2026-01-25
4560,6369,0.17,2026-01-25
4561,8936,524.44,2026-01-25
4562,19665,16.13,2026-01-25
4563,16036,10.55,2026-01-25
4564,169,4.17,2026-01-25
4565,800,299.99,2026-01-25
4566,24835,3.59,2026-01-25
4567,11760,83.98,2026-01-25
4568,14357,0.27,2026-01-25
4569,20217,0.50,2026-01-25
4570,16901,1.44,2026-01-25
4571,18847,1.00,2026-01-25
4572,10411,0.19,2026-01-25
4573,11918,0.38,2026-01-25
4574,8466,9.33,2026-01-25
4575,7306,18.22,2026-01-25
4576,5394,1.07,2026-01-25
4577,16021,4.15,2026-01-25
4578,6020,0.15,2026-01-25
4579,17498,0.39,2026-01-25
4580,643,3.14,2026-01-25
4581,3270,0.62,2026-01-25
4582,19542,9.03,2026-01-25
4583,22482,0.14,2026-01-25
4584,12187,0.30,2026-01-25
4585,21045,0.56,2026-01-25
4586,11419,0.75,2026-01-25
4587,23756,0.65,2026-01-25
4588,2725,1.61,2026-01-25
4589,22485,2.38,2026-01-25
4590,13135,25.00,2026-01-25
4591,20631,0.21,2026-01-25
4592,9062,1.06,2026-01-25
4593,23250,2.14,2026-01-25
4594,26110,0.97,2026-01-25
4595,16739,0.88,2026-01-25
4596,22060,2.68,2026-01-25
4597,20781,1.35,2026-01-25
4598,7479,8.48,2026-01-25
4599,17686,1.20,2026-01-25
4600,4183,2.01,2026-01-25
4601,18965,1.30,2026-01-25
4602,10966,24.17,2026-01-25
4603,17640,1.37,2026-01-25
4604,11307,1.83,2026-01-25
4605,19135,10.76,2026-01-25
4606,13709,99.66,2026-01-25
4607,8830,36.10,2026-01-25
4608,5421,115.00,2026-01-25
4609,568,0.29,2026-01-25
4610,11855,0.94,2026-01-25
4611,25431,0.10,2026-01-25
4612,25323,0.31,2026-01-25
4613,16955,0.17,2026-01-25
4614,6197,0.47,2026-01-25
4615,25845,1.59,2026-01-25
4616,17852,2.69,2026-01-25
4617,25968,0.81,2026-01-25
4618,23367,0.44,2026-01-25
4619,4768,0.27,2026-01-25
4620,10714,21.05,2026-01-25
4621,3671,14.74,2026-01-25
4622,22667,0.67,2026-01-25
4623,6938,4.40,2026-01-25
4624,24773,9.91,2026-01-25
4625,5976,10.99,2026-01-25
4626,9183,0.76,2026-01-25
4627,23738,1.37,2026-01-25
4628,3348,10.94,2026-01-25
4629,1011,4.19,2026-01-25
4630,17862,12.82,2026-01-25
4631,3655,16.06,2026-01-25
4632,19438,0.21,2026-01-25
4633,25871,0.56,2026-01-25
4634,8973,20.89,2026-01-25
4635,7630,3.92,2026-01-25
4636,26103,0.81,2026-01-25
4637,20390,178.45,2026-01-25
4638,4427,100.91,2026-01-25
4639,20615,3.13,2026-01-25
4640,18487,15.19,2026-01-25
4641,9900,0.19,2026-01-25
4642,5946,0.95,2026-01-25
4643,14859,0.46,2026-01-25
4644,245,1.38,2026-01-25
4645,11452,0.93,2026-01-25
4646,22369,3.82,2026-01-25
4647,25234,4.19,2026-01-25
4648,10347,0.14,2026-01-25
4649,7040,0.48,2026-01-25
4650,9360,0.05,2026-01-25
4651,22846,0.20,2026-01-25
4652,22873,0.13,2026-01-25
4653,24191,0.41,2026-01-25
4654,14437,0.48,2026-01-25
4655,19085,0.48,2026-01-25
4656,14693,4.54,2026-01-25
4657,5979,22.01,2026-01-25
4658,22178,0.34,2026-01-25
4659,16984,0.13,2026-01-25
4660,15086,0.24,2026-01-25
4661,11074,0.57,2026-01-25
4662,8925,2.89,2026-01-25
4663,7534,1.32,2026-01-25
4664,21768,0.88,2026-01-25
4665,1836,0.32,2026-01-25
4666,18725,1.12,2026-01-25
4667,20873,1.13,2026-01-25
4668,654,9.99,2026-01-25
4669,11947,213.37,2026-01-25
4670,21271,1.86,2026-01-25
4671,8861,22.31,2026-01-25
4672,1353,0.22,2026-01-25
4673,26251,0.48,2026-01-25
4674,18835,4.35,2026-01-25
4675,20324,15.99,2026-01-25
4676,20062,0.20,2026-01-25
4677,15016,0.09,2026-01-25
4678,15170,4.25,2026-01-25
4679,16058,6.13,2026-01-25
4680,19775,0.47,2026-01-25
4681,5885,1.41,2026-01-25
4682,512,0.13,2026-01-25
4683,15734,0.29,2026-01-25
4684,7108,1.82,2026-01-25
4685,8369,14.16,2026-01-25
4686,9822,1.31,2026-01-25
4687,3131,5.10,2026-01-25
4688,21285,4.06,2026-01-25
4689,15860,7.35,2026-01-25
4690,6781,19.64,2026-01-25
4691,4576,17.78,2026-01-25
4692,20416,3.05,2026-01-25
4693,12663,8.28,2026-01-25
4694,4197,1.01,2026-01-25
4695,18206,5.14,2026-01-25
4696,12977,7.37,2026-01-25
4697,13653,24.70,2026-01-25
4698,9346,0.14,2026-01-25
4699,4326,0.31,2026-01-25
4700,14413,0.21,2026-01-25
4701,7530,0.47,2026-01-25
4702,5919,0.12,2026-01-25
4703,7737,0.25,2026-01-25
4704,16427,19.02,2026-01-25
4705,18504,0.39,2026-01-25
4706,18553,0.93,2026-01-25
4707,8084,0.22,2026-01-25
4708,1784,0.36,2026-01-25
4709,20647,4.16,2026-01-25
4710,23314,17.26,2026-01-25
4711,25785,7.78,2026-01-25
4712,20391,99.98,2026-01-25
4713,1764,49.82,2026-01-25
4714,22343,0.24,2026-01-25
4715,18264,0.64,2026-01-25
4716,15975,0.72,2026-01-25
4717,23816,8.94,2026-01-25
4718,23835,12.32,2026-01-25
4719,13643,15.13,2026-01-25
4720,1528,7.21,2026-01-25
4721,4604,1.05,2026-01-25
4722,7303,7.00,2026-01-25
4723,16221,46.86,2026-01-25
4724,20737,60.80,2026-01-25
4725,9929,0.25,2026-01-25
4726,8537,0.60,2026-01-25
4727,8738,11.10,2026-01-25
4728,396,0.67,2026-01-25
4729,16712,2.03,2026-01-25
4730,12730,15.33,2026-01-25
4731,7808,0.15,2026-01-25
4732,18791,0.46,2026-01-25
4733,22787,12.50,2026-01-25
4734,18975,5.64,2026-01-25
4735,1309,23.25,2026-01-25
4736,11182,0.93,2026-01-25
4737,21798,6.87,2026-01-25
4738,5748,2.53,2026-01-25
4739,5264,15.75,2026-01-25
4740,1668,0.43,2026-01-25
4741,759,0.94,2026-01-25
4742,2212,5.07,2026-01-25
4743,26877,0.93,2026-01-25
4744,17808,0.29,2026-01-25
4745,19950,3.53,2026-01-25
4746,18899,25.74,2026-01-25
4747,8646,9.78,2026-01-25
4748,8946,7.54,2026-01-25
4749,5069,25.14,2026-01-25
4750,9439,15.29,2026-01-25
4751,17655,8.89,2026-01-25
4752,17281,199.68,2026-01-25
4753,25362,4.44,2026-01-25
4754,15909,6.35,2026-01-25
4755,24380,3.67,2026-01-25
4756,1661,14.63,2026-01-25
4757,23647,6.66,2026-01-25
4758,4763,1.29,2026-01-25
4759,154,12.27,2026-01-25
4760,14209,0.54,2026-01-25
4761,5944,0.17,2026-01-25
4762,1214,0.33,2026-01-25
4763,14649,0.65,2026-01-25
4764,3664,0.08,2026-01-25
4765,7195,0.22,2026-01-25
4766,8733,5.38,2026-01-25
4767,20606,0.25,2026-01-25
4768,25654,0.96,2026-01-25
4769,24097,0.46,2026-01-25
4770,23083,0.21,2026-01-25
4771,5014,1.33,2026-01-25
4772,22030,7.76,2026-01-25
4773,11888,0.23,2026-01-25
4774,17475,0.42,2026-01-25
4775,11478,1.29,2026-01-25
4776,13362,8.20,2026-01-25
4777,10422,7.91,2026-01-25
4778,15719,5.77,2026-01-25
4779,7717,175.94,2026-01-25
4780,26966,249.99,2026-01-25
4781,25250,1.96,2026-01-25
4782,20679,12.16,2026-01-25
4783,1557,0.74,2026-01-25
4784,7641,1.79,2026-01-25
4785,6215,2.00,2026-01-25
4786,15066,1.37,2026-01-25
4787,13676,3.68,2026-01-25
4788,23473,0.21,2026-01-25
4789,677,0.35,2026-01-25
4790,23130,8.56,2026-01-25
4791,13202,20.00,2026-01-25
4792,20187,0.37,2026-01-25
4793,91,1.24,2026-01-25
4794,21628,0.16,2026-01-25
4795,9303,0.38,2026-01-25
4796,14521,1.14,2026-01-25
4797,13830,4.07,2026-01-25
4798,16705,0.74,2026-01-25
4799,10335,6.39,2026-01-25
4800,21834,1.14,2026-01-25
4801,20863,13.12,2026-01-25
4802,23262,0.86,2026-01-25
4803,23491,2.19,2026-01-25
4804,19930,0.26,2026-01-25
4805,122,0.15,2026-01-25
4806,16665,0.61,2026-01-25
4807,5847,0.51,2026-01-25
4808,22872,2.74,2026-01-25
4809,2404,0.20,2026-01-25
4810,24880,0.23,2026-01-25
4811,15908,139.99,2026-01-25
4812,4705,0.25,2026-01-25
4813,19015,0.78,2026-01-25
4814,10932,0.24,2026-01-25
4815,21999,0.51,2026-01-25
4816,1767,0.11,2026-01-25
4817,15566,0.32,2026-01-25
4818,21316,123.97,2026-01-25
4819,12653,1.55,2026-01-25
4820,5197,9.32,2026-01-25
4821,15708,10.09,2026-01-25
4822,17916,7.05,2026-01-25
4823,9743,0.69,2026-01-25
4824,11532,2.46,2026-01-25
4825,14328,0.28,2026-01-25
4826,11931,0.82,2026-01-25
4827,21857,0.41,2026-01-25
4828,24399,0.12,2026-01-25
4829,18752,0.89,2026-01-25
4830,2773,0.92,2026-01-25
4831,23425,0.80,2026-01-25
4832,25953,4.76,2026-01-25
4833,2913,0.27,2026-01-25
4834,3166,0.60,2026-01-25
4835,6760,11.61,2026-01-25
4836,1412,2.91,2026-01-25
4837,26008,0.46,2026-01-25
4838,13608,1.76,2026-01-25
4839,21818,4.30,2026-01-25
4840,11677,25.87,2026-01-25
4841,703,1.05,2026-01-25
4842,12550,5.75,2026-01-25
4843,2641,0.78,2026-01-25
4844,10095,2.40,2026-01-25
4845,14055,2.06,2026-01-25
4846,23652,31.33,2026-01-25
4847,26149,4.06,2026-01-25
4848,24117,8.87,2026-01-25
4849,3534,0.15,2026-01-25
4850,21802,0.33,2026-01-25
4851,7585,3.00,2026-01-25
4852,16346,2.80,2026-01-25
4853,2369,0.28,2026-01-25
4854,20005,0.13,2026-01-25
4855,21931,5.15,2026-01-25
4856,14054,3.14,2026-01-25
4857,18454,10.41,2026-01-25
4858,12696,2.49,2026-01-25
4859,6296,4.24,2026-01-25
4860,26769,0.95,2026-01-25
4861,4632,8.33,2026-01-25
4862,562,0.30,2026-01-25
4863,21159,0.67,2026-01-25
4864,22702,0.32,2026-01-25
4865,7902,1.06,2026-01-25
4866,8624,1.68,2026-01-25
4867,6461,6.47,2026-01-25
4868,18003,7.12,2026-01-25
4869,2366,41.07,2026-01-25
4870,18840,11.96,2026-01-25
4871,20197,29.98,2026-01-25
4872,11484,1.94,2026-01-25
4873,7811,12.11,2026-01-25
4874,22947,30.89,2026-01-25
4875,11496,299.99,2026-01-25
4876,6839,0.27,2026-01-25
4877,26773,1.54,2026-01-25
4878,23306,0.50,2026-01-25
4879,14627,2.17,2026-01-25
4880,11691,0.20,2026-01-25
4881,23847,0.52,2026-01-25
4882,9754,0.87,2026-01-25
4883,13016,6.16,2026-01-25
4884,19323,8.16,2026-01-25
4885,25075,19.86,2026-01-25
4886,15728,16.75,2026-01-25
4887,12436,33.66,2026-01-25
4888,18615,19.41,2026-01-25
4889,9513,6.02,2026-01-25
4890,4239,34.00,2026-01-25
4891,20158,1.88,2026-01-25
4892,15986,3.90,2026-01-25
4893,26371,0.16,2026-01-25
4894,26455,0.31,2026-01-25
4895,22152,0.24,2026-01-25
4896,8024,0.36,2026-01-25
4897,13316,2.15,2026-01-25
4898,22328,13.01,2026-01-25
4899,10384,0.51,2026-01-25
4900,23983,1.34,2026-01-25
4901,1694,4.52,2026-01-25
4902,10984,13.36,2026-01-25
4903,23365,3.04,2026-01-25
4904,23261,71.71,2026-01-25
4905,18913,21.08,2026-01-25
4906,7389,10.64,2026-01-25
4907,1390,0.77,2026-01-25
4908,26501,1.79,2026-01-25
4909,26529,0.22,2026-01-25
4910,4457,0.33,2026-01-25
4911,17711,2.06,2026-01-25
4912,12479,2.58,2026-01-25
4913,24160,2.32,2026-01-25
4914,7765,9.73,2026-01-25
4915,4109,8.53,2026-01-25
4916,3731,17.37,2026-01-25
4917,15412,1.21,2026-01-25
4918,12556,29.99,2026-01-25
4919,9771,3.11,2026-01-25
4920,10087,24.97,2026-01-25
4921,5115,0.73,2026-01-25
4922,16051,10.21,2026-01-25
4923,16163,0.26,2026-01-25
4924,24155,0.35,2026-01-25
4925,14279,7.36,2026-01-25
4926,13067,0.79,2026-01-25
4927,15343,6.73,2026-01-25
4928,17623,2.28,2026-01-25
4929,5362,2.24,2026-01-25
4930,12184,0.23,2026-01-25
4931,958,0.13,2026-01-25
4932,16792,0.87,2026-01-25
4933,9496,18.30,2026-01-25
4934,18216,0.29,2026-01-25
4935,9681,0.14,2026-01-25
4936,24808,0.41,2026-01-25
4937,14789,0.64,2026-01-25
4938,13471,3.02,2026-01-25
4939,6649,1.00,2026-01-25
4940,16256,1.19,2026-01-25
4941,17467,0.52,2026-01-25
4942,6366,0.20,2026-01-25
4943,26616,0.18,2026-01-25
4944,15974,0.62,2026-01-25
4945,7339,0.80,2026-01-25
4946,25430,2.42,2026-01-25
4947,22833,1.53,2026-01-25
4948,19345,6.03,2026-01-25
4949,6923,0.85,2026-01-25
4950,27054,3.26,2026-01-25
4951,12348,2.35,2026-01-25
4952,14302,3.19,2026-01-25
4953,58,2.54,2026-01-25
4954,26124,62.70,2026-01-25
4955,3980,17.56,2026-01-25
4956,14863,20.14,2026-01-25
4957,19494,6.77,2026-01-25
4958,7383,2.61,2026-01-25
4959,25241,6.87,2026-01-25
4960,23944,0.91,2026-01-25
4961,462,1.54,2026-01-25
4962,8593,3.13,2026-01-25
4963,23439,66.66,2026-01-25
4964,2649,0.20,2026-01-25
4965,23135,0.49,2026-01-25
4966,20624,1.32,2026-01-25
4967,17840,17.12,2026-01-25
4968,1113,0.18,2026-01-25
4969,19452,0.39,2026-01-25
4970,20991,1.32,2026-01-25
4971,9531,2.68,2026-01-25
4972,24537,1.28,2026-01-25
4973,4309,8.72,2026-01-25
4974,19957,56.15,2026-01-25
4975,2034,162.50,2026-01-25
4976,9579,0.33,2026-01-25
4977,16410,2.74,2026-01-25
4978,16723,14.56,2026-01-25
4979,21739,3.15,2026-01-25
4980,19939,2.17,2026-01-25
4981,24656,15.33,2026-01-25
4982,19229,0.31,2026-01-25
4983,26987,0.79,2026-01-25
4984,17837,454.42,2026-01-25
4985,10651,280.00,2026-01-25
4986,16289,0.50,2026-01-25
4987,12033,0.71,2026-01-25
4988,12457,1.18,2026-01-25
4989,7772,1.36,2026-01-25
4990,22303,1.40,2026-01-25
4991,24859,31.74,2026-01-25
4992,1778,1.49,2026-01-25
4993,5711,2.49,2026-01-25
4994,12046,17.54,2026-01-25
4995,5156,1.25,2026-01-25
4996,2734,11.37,2026-01-25
4997,10895,12.21,2026-01-25
4998,10457,4.16,2026-01-25
4999,6865,7.34,2026-01-25
5000,13195,0.64,2026-01-25
5001,1793,1.53,2026-01-25
5002,13931,0.46,2026-01-25
5003,23716,0.72,2026-01-25
5004,3923,18.10,2026-01-25
5005,8888,1.42,2026-01-25
5006,21553,0.94,2026-01-25
5007,1365,0.20,2026-01-25
5008,22005,1.22,2026-01-25
5009,500,7.49,2026-01-25
5010,8135,6.41,2026-01-25
5011,5495,20.34,2026-01-25
5012,20028,7.06,2026-01-25
5013,19389,79.14,2026-01-25
5014,1486,15.54,2026-01-25
5015,15890,0.49,2026-01-25
5016,3351,12.73,2026-01-25
5017,5818,3.84,2026-01-25
5018,24594,0.10,2026-01-25
5019,25412,0.20,2026-01-25
5020,3796,1.72,2026-01-25
5021,16576,8.00,2026-01-25
5022,25483,0.77,2026-01-25
5023,15967,0.19,2026-01-25
5024,23586,0.15,2026-01-25
5025,209,0.30,2026-01-25
5026,10164,0.20,2026-01-25
5027,11626,0.50,2026-01-25
5028,18839,0.45,2026-01-25
5029,25336,0.14,2026-01-25
5030,2738,5.69,2026-01-25
5031,2766,1.17,2026-01-25
5032,14449,21.95,2026-01-25
5033,12360,0.57,2026-01-25
5034,11858,2.48,2026-01-25
5035,16759,5.26,2026-01-25
5036,21523,22.59,2026-01-25
5037,5258,9.21,2026-01-25
5038,23800,26.05,2026-01-25
5039,15334,14.44,2026-01-25
5040,22641,6.34,2026-01-25
5041,10174,7.13,2026-01-25
5042,17478,1.02,2026-01-25
5043,25331,2.62,2026-01-25
5044,26605,0.24,2026-01-25
5045,4509,1.81,2026-01-25
5046,18407,8.95,2026-01-25
5047,3732,3.52,2026-01-25
5048,12167,73.85,2026-01-25
5049,12672,3.28,2026-01-25
5050,25353,3.45,2026-01-25
5051,634,26.23,2026-01-25
5052,16334,14.13,2026-01-25
5053,8007,0.90,2026-01-25
5054,6172,17.81,2026-01-25
5055,5929,0.13,2026-01-25
5056,19941,0.40,2026-01-25
5057,25512,1.23,2026-01-25
5058,16223,5.05,2026-01-25
5059,23173,0.73,2026-01-25
5060,24501,27.38,2026-01-25
5061,24628,1.02,2026-01-25
5062,15943,2.47,2026-01-25
5063,27007,0.11,2026-01-25
5064,16418,0.20,2026-01-25
5065,14847,1.08,2026-01-25
5066,13191,3.60,2026-01-25
5067,26167,2.32,2026-01-25
5068,24670,9.16,2026-01-25
5069,23890,205.55,2026-01-25
5070,6738,0.53,2026-01-25
5071,12458,0.65,2026-01-25
5072,21679,4.60,2026-01-25
5073,24164,6.45,2026-01-25
5074,25703,24.54,2026-01-25
5075,9868,4.75,2026-01-25
5076,879,49.75,2026-01-25
5077,991,10.37,2026-01-25
5078,17940,5.46,2026-01-25
5079,8314,0.26,2026-01-25
5080,350,0.43,2026-01-25
5081,8316,0.21,2026-01-25
5082,23188,0.96,2026-01-25
5083,11298,13.41,2026-01-25
5084,313,6.44,2026-01-25
5085,24881,0.14,2026-01-25
5086,11006,0.29,2026-01-25
5087,9796,8.21,2026-01-25
5088,13032,19.76,2026-01-25
5089,19265,20.09,2026-01-25
5090,17611,3.29,2026-01-25
5091,8901,28.14,2026-01-25
5092,25985,1.69,2026-01-25
5093,18245,9.25,2026-01-25
5094,26102,0.53,2026-01-25
5095,3010,1.14,2026-01-25
5096,2281,3.72,2026-01-25
5097,9654,1.87,2026-01-25
5098,10473,1.63,2026-01-25
5099,21505,14.00,2026-01-25
5100,9935,12.17,2026-01-25
5101,18563,17.68,2026-01-25
5102,9959,3.82,2026-01-25
5103,23377,31.13,2026-01-25
5104,22510,0.21,2026-01-25
5105,12095,0.21,2026-01-25
5106,21140,1.05,2026-01-25
5107,1518,15.05,2026-01-25
5108,14404,6.55,2026-01-25
5109,2215,6.14,2026-01-25
5110,13945,0.33,2026-01-25
5111,7708,0.63,2026-01-25
5112,20227,0.25,2026-01-25
5113,20636,0.93,2026-01-25
5114,24278,0.37,2026-01-25
5115,9226,0.66,2026-01-25
5116,15103,5.40,2026-01-25
5117,22458,11.84,2026-01-25
5118,25543,1.22,2026-01-25
5119,23186,11.47,2026-01-25
5120,16743,5.42,2026-01-25
5121,23296,20.99,2026-01-25
5122,15826,4.67,2026-01-25
5123,19277,5.43,2026-01-25
5124,2423,0.67,2026-01-25
5125,2127,0.24,2026-01-25
5126,8110,13.66,2026-01-25
5127,21321,7.55,2026-01-25
5128,5064,21.58,2026-01-25
5129,3956,39.99,2026-01-25
5130,5586,1.62,2026-01-25
5131,8251,7.26,2026-01-25
5132,22844,0.76,2026-01-25
5133,15446,8.13,2026-01-25
5134,18946,0.65,2026-01-25
5135,12076,5.09,2026-01-25
5136,8989,2.30,2026-01-25
5137,6641,6.42,2026-01-25
5138,1888,0.26,2026-01-25
5139,4548,2.14,2026-01-25
5140,21128,0.27,2026-01-25
5141,13500,0.72,2026-01-25
5142,4429,13.87,2026-01-25
5143,18244,0.14,2026-01-25
5144,26658,0.38,2026-01-25
5145,18448,0.24,2026-01-25
5146,7324,0.57,2026-01-25
5147,10969,0.13,2026-01-25
5148,3626,0.29,2026-01-25
5149,13980,0.40,2026-01-25
5150,13540,0.74,2026-01-25
5151,1842,22.24,2026-01-25
5152,9564,16.48,2026-01-25
5153,14230,11.48,2026-01-25
5154,10426,6.33,2026-01-25
5155,5367,6.76,2026-01-25
5156,13009,32.87,2026-01-25
5157,22478,0.17,2026-01-25
5158,6268,0.55,2026-01-25
5159,9574,3.06,2026-01-25
5160,975,26.79,2026-01-25
5161,9838,2.50,2026-01-25
5162,3917,4.82,2026-01-25
5163,15577,1.48,2026-01-25
5164,5098,2.41,2026-01-25
5165,2938,8.57,2026-01-25
5166,502,3.48,2026-01-25
5167,5313,9.34,2026-01-25
5168,811,44.00,2026-01-25
5169,9186,4.03,2026-01-25
5170,15209,4.76,2026-01-25
5171,8050,0.87,2026-01-25
5172,1299,2.35,2026-01-25
5173,21349,9.00,2026-01-25
5174,10711,0.58,2026-01-25
5175,25576,1.12,2026-01-25
5176,15019,5.70,2026-01-25
5177,7227,39.99,2026-01-25
5178,13603,3.06,2026-01-25
5179,23661,3.53,2026-01-25
5180,8960,13.00,2026-01-25
5181,14615,53.35,2026-01-25
5182,7529,1.83,2026-01-25
5183,3205,0.93,2026-01-25
5184,2007,13.38,2026-01-25
5185,14709,0.25,2026-01-25
5186,589,0.94,2026-01-25
5187,5133,3.95,2026-01-25
5188,13377,8.88,2026-01-25
5189,24277,12.11,2026-01-25
5190,11599,4.13,2026-01-25
5191,11291,0.33,2026-01-25
5192,10967,0.93,2026-01-25
5193,17181,0.56,2026-01-25
5194,10717,1.37,2026-01-25
5195,3400,1.42,2026-01-25
5196,5656,0.30,2026-01-25
5197,4521,6.61,2026-01-25
5198,24812,30.99,2026-01-25
5199,3573,1.06,2026-01-25
5200,23679,0.88,2026-01-25
5201,4347,5.56,2026-01-25
5202,26555,0.31,2026-01-25
5203,10527,0.21,2026-01-25
5204,1476,92.93,2026-01-25
5205,17415,1.58,2026-01-25
5206,9475,1.78,2026-01-25
5207,4844,1.31,2026-01-25
5208,25559,4.88,2026-01-25
5209,5429,0.21,2026-01-25
5210,9112,0.81,2026-01-25
5211,26485,6.38,2026-01-25
5212,14942,2.38,2026-01-25
5213,25103,33.32,2026-01-25
5214,20151,0.35,2026-01-25
5215,11655,0.69,2026-01-25
5216,26050,0.54,2026-01-25
5217,18641,0.37,2026-01-25
5218,16741,0.13,2026-01-25
5219,2932,0.33,2026-01-25
5220,26161,0.10,2026-01-25
5221,26887,0.27,2026-01-25
5222,18002,0.35,2026-01-25
5223,19822,0.83,2026-01-25
5224,2057,7.28,2026-01-25
5225,21491,4.50,2026-01-25
5226,7540,19.14,2026-01-25
5227,19712,1.48,2026-01-25
5228,14848,17.91,2026-01-25
5229,2139,2.08,2026-01-25
5230,3201,6.13,2026-01-25
5231,26794,4.42,2026-01-25
5232,25499,17.32,2026-01-25
5233,13965,0.33,2026-01-25
5234,2258,0.97,2026-01-25
5235,7558,3.09,2026-01-25
5236,23209,18.49,2026-01-25
5237,8521,0.62,2026-01-25
5238,3269,0.27,2026-01-25
5239,271,0.47,2026-01-25
5240,13588,0.35,2026-01-25
5241,17755,0.21,2026-01-25
5242,8965,1.20,2026-01-25
5243,5909,3.05,2026-01-25
5244,17515,15.50,2026-01-25
5245,24058,0.22,2026-01-25
5246,20843,0.91,2026-01-25
5247,12631,3.22,2026-01-25
5248,14011,23.94,2026-01-25
5249,13037,41.68,2026-01-25
5250,6051,1.85,2026-01-25
5251,7316,7.62,2026-01-25
5252,25122,0.12,2026-01-25
5253,11232,0.32,2026-01-25
5254,17844,0.61,2026-01-25
5255,2230,11.40,2026-01-25
5256,11686,0.20,2026-01-25
5257,19444,0.48,2026-01-25
5258,23696,0.23,2026-01-25
5259,13857,0.53,2026-01-25
5260,26130,18.49,2026-01-25
5261,8418,5.34,2026-01-25
5262,10027,3.32,2026-01-25
5263,6568,3.16,2026-01-25
5264,17066,3.85,2026-01-25
5265,26228,4.30,2026-01-25
5266,19208,87.49,2026-01-25
5267,23803,38.30,2026-01-25
5268,17131,47.71,2026-01-25
5269,7379,60.06,2026-01-25
5270,16374,3.59,2026-01-25
5271,8897,0.11,2026-01-25
5272,1531,0.29,2026-01-25
5273,6176,1.39,2026-01-25
5274,3832,41.08,2026-01-25
5275,26007,17.27,2026-01-25
5276,10370,9.29,2026-01-25
5277,12548,95.31,2026-01-25
5278,1953,2.56,2026-01-25
5279,19580,0.13,2026-01-25
5280,23062,0.39,2026-01-25
5281,24684,0.15,2026-01-25
5282,18595,0.40,2026-01-25
5283,9793,13.18,2026-01-25
5284,6500,7.84,2026-01-25
5285,5316,5.90,2026-01-25
5286,17135,6.25,2026-01-25
5287,23483,0.24,2026-01-25
5288,8597,0.46,2026-01-25
5289,2058,0.16,2026-01-25
5290,2887,0.49,2026-01-25
5291,6714,36.87,2026-01-25
5292,22027,6.47,2026-01-25
5293,9552,8.79,2026-01-25
5294,13920,0.26,2026-01-25
5295,3018,1.26,2026-01-25
5296,22877,0.78,2026-01-25
5297,21214,4.27,2026-01-25
5298,17930,2.52,2026-01-25
5299,16609,16.12,2026-01-25
5300,20634,1.74,2026-01-25
5301,20965,18.64,2026-01-25
5302,21097,0.32,2026-01-25
5303,3287,1.25,2026-01-25
5304,20050,0.81,2026-01-25
5305,7626,1.01,2026-01-25
5306,11023,1.22,2026-01-25
5307,930,5.49,2026-01-25
5308,18900,0.94,2026-01-25
5309,19443,10.83,2026-01-25
5310,18454,10.41,2026-01-25
5311,12696,2.49,2026-01-25
5312,6296,4.24,2026-01-25
5313,26769,0.95,2026-01-25
5314,4632,8.33,2026-01-25
5315,562,0.30,2026-01-25
5316,21159,0.67,2026-01-25
5317,22702,0.32,2026-01-25
5318,7902,1.06,2026-01-25
5319,8624,1.68,2026-01-25
5320,6461,6.47,2026-01-25
5321,18003,7.12,2026-01-25
5322,2366,41.07,2026-01-25
5323,18840,11.96,2026-01-25
5324,20197,29.98,2026-01-25
5325,11484,1.94,2026-01-25
5326,7811,12.11,2026-01-25
5327,22947,30.89,2026-01-25
5328,11496,299.99,2026-01-25
5329,6839,0.27,2026-01-25
5330,26773,1.54,2026-01-25
5331,23306,0.50,2026-01-25
5332,14627,2.17,2026-01-25
5333,11691,0.20,2026-01-25
5334,23847,0.52,2026-01-25
5335,9754,0.87,2026-01-25
5336,13016,6.16,2026-01-25
5337,19323,8.16,2026-01-25
5338,25075,19.86,2026-01-25
5339,15728,16.75,2026-01-25
5340,12436,33.66,2026-01-25
5341,18615,19.41,2026-01-25
5342,9513,6.02,2026-01-25
5343,4239,34.00,2026-01-25
5344,20158,1.88,2026-01-25
5345,15986,3.90,2026-01-25
5346,26371,0.16,2026-01-25
5347,26455,0.31,2026-01-25
5348,22152,0.24,2026-01-25
5349,8024,0.36,2026-01-25
5350,13316,2.15,2026-01-25
5351,22328,13.01,2026-01-25
5352,10384,0.51,2026-01-25
5353,23983,1.34,2026-01-25
5354,1694,4.52,2026-01-25
5355,10984,13.36,2026-01-25
5356,20139,0.81,2026-01-25
5357,23365,3.04,2026-01-25
5358,23261,71.71,2026-01-25
5359,18913,21.08,2026-01-25
5360,7389,10.64,2026-01-25
5361,1390,0.77,2026-01-25
5362,26501,1.79,2026-01-25
5363,26529,0.22,2026-01-25
5364,4457,0.33,2026-01-25
5365,17711,2.06,2026-01-25
5366,12479,2.58,2026-01-25
5367,24160,2.32,2026-01-25
5368,7765,9.73,2026-01-25
5369,4109,8.53,2026-01-25
5370,3731,17.37,2026-01-25
5371,15412,1.21,2026-01-25
5372,12556,29.99,2026-01-25
5373,9771,3.11,2026-01-25
5374,10087,24.97,2026-01-25
5375,5115,0.73,2026-01-25
5376,16051,10.21,2026-01-25
5377,16163,0.26,2026-01-25
5378,24155,0.35,2026-01-25
5379,14279,7.36,2026-01-25
5380,13067,0.79,2026-01-25
5381,15343,6.73,2026-01-25
5382,17623,2.28,2026-01-25
5383,5362,2.24,2026-01-25
5384,12184,0.23,2026-01-25
5385,958,0.13,2026-01-25
5386,16792,0.87,2026-01-25
5387,9496,18.30,2026-01-25
5388,18216,0.29,2026-01-25
5389,9681,0.14,2026-01-25
5390,24808,0.41,2026-01-25
5391,14789,0.64,2026-01-25
5392,13471,3.02,2026-01-25
5393,6649,1.00,2026-01-25
5394,16256,1.19,2026-01-25
5395,17467,0.52,2026-01-25
5396,6366,0.20,2026-01-25
5397,26616,0.18,2026-01-25
5398,15974,0.62,2026-01-25
5399,7339,0.80,2026-01-25
5400,25430,2.42,2026-01-25
5401,22833,1.53,2026-01-25
5402,19345,6.03,2026-01-25
5403,6923,0.85,2026-01-25
5404,27054,3.26,2026-01-25
5405,12348,2.35,2026-01-25
5406,14302,3.19,2026-01-25
5407,58,2.54,2026-01-25
5408,26124,62.70,2026-01-25
5409,3980,17.56,2026-01-25
5410,14863,20.14,2026-01-25
5411,19494,6.77,2026-01-25
5412,7383,2.61,2026-01-25
5413,25241,6.87,2026-01-25
5414,23944,0.91,2026-01-25
5415,462,1.54,2026-01-25
5416,8593,3.13,2026-01-25
5417,23439,66.66,2026-01-25
5418,2649,0.20,2026-01-25
5419,23135,0.49,2026-01-25
5420,20624,1.32,2026-01-25
5421,17840,17.12,2026-01-25
5422,1113,0.18,2026-01-25
5423,19452,0.39,2026-01-25
5424,20991,1.32,2026-01-25
5425,9531,2.68,2026-01-25
5426,24537,1.28,2026-01-25
5427,4309,8.72,2026-01-25
5428,19957,56.15,2026-01-25
5429,2034,162.50,2026-01-25
5430,9579,0.33,2026-01-25
5431,16410,2.74,2026-01-25
5432,16723,14.56,2026-01-25
5433,21739,3.15,2026-01-25
5434,19939,2.17,2026-01-25
5435,24656,15.33,2026-01-25
5436,19229,0.31,2026-01-25
5437,26987,0.79,2026-01-25
5438,17837,454.42,2026-01-25
5439,10651,280.00,2026-01-25
5440,16289,0.50,2026-01-25
5441,12033,0.71,2026-01-25
5442,12457,1.18,2026-01-25
5443,7772,1.36,2026-01-25
5444,22303,1.40,2026-01-25
5445,24859,31.74,2026-01-25
5446,1778,1.49,2026-01-25
5447,5711,2.49,2026-01-25
5448,12046,17.54,2026-01-25
5449,5156,1.25,2026-01-25
5450,2734,11.37,2026-01-25
5451,10895,12.21,2026-01-25
5452,10457,4.16,2026-01-25
5453,6865,7.34,2026-01-25
5454,13195,0.64,2026-01-25
5455,1793,1.53,2026-01-25
5456,13931,0.46,2026-01-25
5457,23716,0.72,2026-01-25
5458,3923,18.10,2026-01-25
5459,8888,1.42,2026-01-25
5460,21553,0.94,2026-01-25
5461,1365,0.20,2026-01-25
5462,22005,1.22,2026-01-25
5463,500,7.49,2026-01-25
5464,8135,6.41,2026-01-25
5465,5495,20.34,2026-01-25
5466,20028,7.06,2026-01-25
5467,19389,79.14,2026-01-25
5468,1486,15.54,2026-01-25
5469,15890,0.49,2026-01-25
5470,3351,12.73,2026-01-25
5471,5818,3.84,2026-01-25
5472,24594,0.10,2026-01-25
5473,25412,0.20,2026-01-25
5474,3796,1.72,2026-01-25
5475,16576,8.00,2026-01-25
5476,25483,0.77,2026-01-25
5477,15967,0.19,2026-01-25
5478,23586,0.15,2026-01-25
5479,209,0.30,2026-01-25
5480,10164,0.20,2026-01-25
5481,11626,0.50,2026-01-25
5482,18839,0.45,2026-01-25
5483,25336,0.14,2026-01-25
5484,2738,5.69,2026-01-25
5485,2766,1.17,2026-01-25
5486,14449,21.95,2026-01-25
5487,12360,0.57,2026-01-25
5488,11858,2.48,2026-01-25
5489,16759,5.26,2026-01-25
5490,21523,22.59,2026-01-25
5491,5258,9.21,2026-01-25
5492,23800,26.05,2026-01-25
5493,15334,14.44,2026-01-25
5494,22641,6.34,2026-01-25
5495,10174,7.13,2026-01-25
5496,17478,1.02,2026-01-25
5497,25331,2.62,2026-01-25
5498,26605,0.24,2026-01-25
5499,4509,1.81,2026-01-25
5500,18407,8.95,2026-01-25
5501,3732,3.52,2026-01-25
5502,12167,73.85,2026-01-25
5503,12672,3.28,2026-01-25
5504,25353,3.45,2026-01-25
5505,634,26.23,2026-01-25
5506,16334,14.13,2026-01-25
5507,8007,0.90,2026-01-25
5508,6172,17.81,2026-01-25
5509,5929,0.13,2026-01-25
5510,19941,0.40,2026-01-25
5511,25512,1.23,2026-01-25
5512,16223,5.05,2026-01-25
5513,23173,0.73,2026-01-25
5514,24501,27.38,2026-01-25
5515,24628,1.02,2026-01-25
5516,15943,2.47,2026-01-25
5517,27007,0.11,2026-01-25
5518,16418,0.20,2026-01-25
5519,14847,1.08,2026-01-25
5520,13191,3.60,2026-01-25
5521,26167,2.32,2026-01-25
5522,24670,9.16,2026-01-25
5523,23890,205.55,2026-01-25
5524,6738,0.53,2026-01-25
5525,12458,0.65,2026-01-25
5526,21679,4.60,2026-01-25
5527,24164,6.45,2026-01-25
5528,25703,24.54,2026-01-25
5529,9868,4.75,2026-01-25
5530,879,49.75,2026-01-25
5531,991,10.37,2026-01-25
5532,17940,5.46,2026-01-25
5533,8314,0.26,2026-01-25
5534,350,0.43,2026-01-25
5535,8316,0.21,2026-01-25
5536,23188,0.96,2026-01-25
5537,11298,13.41,2026-01-25
5538,313,6.44,2026-01-25
5539,24881,0.14,2026-01-25
5540,11006,0.29,2026-01-25
5541,9796,8.21,2026-01-25
5542,13032,19.76,2026-01-25
5543,19265,20.09,2026-01-25
5544,17611,3.29,2026-01-25
5545,8901,28.14,2026-01-25
5546,25985,1.69,2026-01-25
5547,18245,9.25,2026-01-25
5548,26102,0.53,2026-01-25
5549,3010,1.14,2026-01-25
5550,2281,3.72,2026-01-25
5551,9654,1.87,2026-01-25
5552,10473,1.63,2026-01-25
5553,21505,14.00,2026-01-25
5554,9935,12.17,2026-01-25
5555,18563,17.68,2026-01-25
5556,9959,3.82,2026-01-25
5557,23377,31.13,2026-01-25
5558,22510,0.21,2026-01-25
5559,12095,0.21,2026-01-25
5560,21140,1.05,2026-01-25
5561,1518,15.05,2026-01-25
5562,14404,6.55,2026-01-25
5563,2215,6.14,2026-01-25
5564,13945,0.33,2026-01-25
5565,7708,0.63,2026-01-25
5566,20227,0.25,2026-01-25
5567,20636,0.93,2026-01-25
5568,24278,0.37,2026-01-25
5569,9226,0.66,2026-01-25
5570,15103,5.40,2026-01-25
5571,22458,11.84,2026-01-25
5572,25543,1.22,2026-01-25
5573,23186,11.47,2026-01-25
5574,16743,5.42,2026-01-25
5575,23296,20.99,2026-01-25
5576,15826,4.67,2026-01-25
5577,19277,5.43,2026-01-25
5578,2423,0.67,2026-01-25
5579,2127,0.24,2026-01-25
5580,8110,13.66,2026-01-25
5581,21321,7.55,2026-01-25
5582,5064,21.58,2026-01-25
5583,3956,39.99,2026-01-25
5584,5586,1.62,2026-01-25
5585,8251,7.26,2026-01-25
5586,22844,0.76,2026-01-25
5587,15446,8.13,2026-01-25
5588,18946,0.65,2026-01-25
5589,12076,5.09,2026-01-25
5590,8989,2.30,2026-01-25
5591,6641,6.42,2026-01-25
5592,1888,0.26,2026-01-25
5593,4548,2.14,2026-01-25
5594,21128,0.27,2026-01-25
5595,13500,0.72,2026-01-25
5596,4429,13.87,2026-01-25
5597,18244,0.14,2026-01-25
5598,26658,0.38,2026-01-25
5599,18448,0.24,2026-01-25
5600,7324,0.57,2026-01-25
5601,10969,0.13,2026-01-25
5602,3626,0.29,2026-01-25
5603,13980,0.40,2026-01-25
5604,13540,0.74,2026-01-25
5605,1842,22.24,2026-01-25
5606,9564,16.48,2026-01-25
5607,14230,11.48,2026-01-25
5608,10426,6.33,2026-01-25
5609,5367,6.76,2026-01-25
5610,13009,32.87,2026-01-25
5611,22478,0.17,2026-01-25
5612,6268,0.55,2026-01-25
5613,9574,3.06,2026-01-25
5614,975,26.79,2026-01-25
5615,9838,2.50,2026-01-25
5616,3917,4.82,2026-01-25
5617,15577,1.48,2026-01-25
5618,5098,2.41,2026-01-25
5619,2938,8.57,2026-01-25
5620,502,3.48,2026-01-25
5621,5313,9.34,2026-01-25
5622,811,44.00,2026-01-25
5623,9186,4.03,2026-01-25
5624,15209,4.76,2026-01-25
5625,8050,0.87,2026-01-25
5626,1299,2.35,2026-01-25
5627,21349,9.00,2026-01-25
5628,10711,0.58,2026-01-25
5629,25576,1.12,2026-01-25
5630,15019,5.70,2026-01-25
5631,7227,39.99,2026-01-25
5632,13603,3.06,2026-01-25
5633,23661,3.53,2026-01-25
5634,8960,13.00,2026-01-25
5635,14615,53.35,2026-01-25
5636,7529,1.83,2026-01-25
5637,3205,0.93,2026-01-25
5638,2007,13.38,2026-01-25
5639,14709,0.25,2026-01-25
5640,589,0.94,2026-01-25
5641,5133,3.95,2026-01-25
5642,13377,8.88,2026-01-25
5643,24277,12.11,2026-01-25
5644,11599,4.13,2026-01-25
5645,11291,0.33,2026-01-25
5646,10967,0.93,2026-01-25
5647,17181,0.56,2026-01-25
5648,10717,1.37,2026-01-25
5649,3400,1.42,2026-01-25
5650,5656,0.30,2026-01-25
5651,4521,6.61,2026-01-25
5652,24812,30.99,2026-01-25
5653,3573,1.06,2026-01-25
5654,23679,0.88,2026-01-25
5655,4347,5.56,2026-01-25
5656,26555,0.31,2026-01-25
5657,10527,0.21,2026-01-25
5658,1476,92.93,2026-01-25
5659,17415,1.58,2026-01-25
5660,9475,1.78,2026-01-25
5661,4844,1.31,2026-01-25
5662,25559,4.88,2026-01-25
5663,5429,0.21,2026-01-25
5664,9112,0.81,2026-01-25
5665,26485,6.38,2026-01-25
5666,14942,2.38,2026-01-25
5667,25103,33.32,2026-01-25
5668,20151,0.35,2026-01-25
5669,11655,0.69,2026-01-25
5670,26050,0.54,2026-01-25
5671,18641,0.37,2026-01-25
5672,16741,0.13,2026-01-25
5673,2932,0.33,2026-01-25
5674,26161,0.10,2026-01-25
5675,26887,0.27,2026-01-25
5676,18002,0.35,2026-01-25
5677,19822,0.83,2026-01-25
5678,2057,7.28,2026-01-25
5679,21491,4.50,2026-01-25
5680,7540,19.14,2026-01-25
5681,19712,1.48,2026-01-25
5682,14848,17.91,2026-01-25
5683,2139,2.08,2026-01-25
5684,3201,6.13,2026-01-25
5685,26794,4.42,2026-01-25
5686,25499,17.32,2026-01-25
5687,13965,0.33,2026-01-25
5688,2258,0.97,2026-01-25
5689,7558,3.09,2026-01-25
5690,23209,18.49,2026-01-25
5691,8521,0.62,2026-01-25
5692,3269,0.27,2026-01-25
5693,271,0.47,2026-01-25
5694,13588,0.35,2026-01-25
5695,17755,0.21,2026-01-25
5696,8965,1.20,2026-01-25
5697,5909,3.05,2026-01-25
5698,17515,15.50,2026-01-25
5699,24058,0.22,2026-01-25
5700,20843,0.91,2026-01-25
5701,12631,3.22,2026-01-25
5702,14011,23.94,2026-01-25
5703,13037,41.68,2026-01-25
5704,6051,1.85,2026-01-25
5705,7316,7.62,2026-01-25
5706,25122,0.12,2026-01-25
5707,11232,0.32,2026-01-25
5708,17844,0.61,2026-01-25
5709,2230,11.40,2026-01-25
5710,11686,0.20,2026-01-25
5711,19444,0.48,2026-01-25
5712,23696,0.23,2026-01-25
5713,13857,0.53,2026-01-25
5714,26130,18.49,2026-01-25
5715,8418,5.34,2026-01-25
5716,10027,3.32,2026-01-25
5717,6568,3.16,2026-01-25
5718,17066,3.85,2026-01-25
5719,26228,4.30,2026-01-25
5720,19208,87.49,2026-01-25
5721,23803,38.30,2026-01-25
5722,17131,47.71,2026-01-25
5723,7379,60.06,2026-01-25
5724,16374,3.59,2026-01-25
5725,8897,0.11,2026-01-25
5726,1531,0.29,2026-01-25
5727,6176,1.39,2026-01-25
5728,3832,41.08,2026-01-25
5729,26007,17.27,2026-01-25
5730,10370,9.29,2026-01-25
5731,12548,95.31,2026-01-25
5732,1953,2.56,2026-01-25
5733,19580,0.13,2026-01-25
5734,23062,0.39,2026-01-25
5735,24684,0.15,2026-01-25
5736,18595,0.40,2026-01-25
5737,9793,13.18,2026-01-25
5738,6500,7.84,2026-01-25
5739,5316,5.90,2026-01-25
5740,17135,6.25,2026-01-25
5741,23483,0.24,2026-01-25
5742,8597,0.46,2026-01-25
5743,2058,0.16,2026-01-25
5744,2887,0.49,2026-01-25
5745,6714,36.87,2026-01-25
5746,22027,6.47,2026-01-25
5747,9552,8.79,2026-01-25
5748,13920,0.26,2026-01-25
5749,3018,1.26,2026-01-25
5750,22877,0.78,2026-01-25
5751,21214,4.27,2026-01-25
5752,17930,2.52,2026-01-25
5753,16609,16.12,2026-01-25
5754,20634,1.74,2026-01-25
5755,20965,18.64,2026-01-25
5756,21097,0.32,2026-01-25
5757,3287,1.25,2026-01-25
5758,20050,0.81,2026-01-25
5759,7626,1.01,2026-01-25
5760,11023,1.22,2026-01-25
5761,930,5.49,2026-01-25
5762,18900,0.94,2026-01-25
5763,19443,10.83,2026-01-25
5764,18454,10.41,2026-01-25
5765,12696,2.49,2026-01-25
5766,6296,4.24,2026-01-25
5767,26769,0.95,2026-01-25
5768,4632,8.33,2026-01-25
5769,562,0.30,2026-01-25
5770,21159,0.67,2026-01-25
5771,22702,0.32,2026-01-25
5772,7902,1.06,2026-01-25
5773,8624,1.68,2026-01-25
5774,6461,6.47,2026-01-25
5775,18003,7.12,2026-01-25
5776,2366,41.07,2026-01-25
5777,18840,11.96,2026-01-25
5778,20197,29.98,2026-01-25
5779,11484,1.94,2026-01-25
5780,7811,12.11,2026-01-25
5781,22947,30.89,2026-01-25
5782,11496,299.99,2026-01-25
5783,6839,0.27,2026-01-25
5784,26773,1.54,2026-01-25
5785,23306,0.50,2026-01-25
5786,14627,2.17,2026-01-25
5787,11691,0.20,2026-01-25
5788,23847,0.52,2026-01-25
5789,9754,0.87,2026-01-25
5790,13016,6.16,2026-01-25
5791,19323,8.16,2026-01-25
5792,25075,19.86,2026-01-25
5793,15728,16.75,2026-01-25
5794,12436,33.66,2026-01-25
5795,18615,19.41,2026-01-25
5796,9513,6.02,2026-01-25
5797,4239,34.00,2026-01-25
5798,20158,1.88,2026-01-25
5799,15986,3.90,2026-01-25
5800,26371,0.16,2026-01-25
5801,26455,0.31,2026-01-25
5802,22152,0.24,2026-01-25
5803,8024,0.36,2026-01-25
5804,13316,2.15,2026-01-25
5805,22328,13.01,2026-01-25
5806,10384,0.51,2026-01-25
5807,23983,1.34,2026-01-25
5808,1694,4.52,2026-01-25
5809,10984,13.36,2026-01-25
5810,20139,0.81,2026-01-25
5811,23365,3.04,2026-01-25
5812,23261,71.71,2026-01-25
5813,18913,21.08,2026-01-25
5814,7389,10.64,2026-01-25
5815,1390,0.77,2026-01-25
5816,26501,1.79,2026-01-25
5817,26529,0.22,2026-01-25
5818,4457,0.33,2026-01-25
5819,17711,2.06,2026-01-25
5820,12479,2.58,2026-01-25
5821,24160,2.32,2026-01-25
5822,7765,9.73,2026-01-25
5823,4109,8.53,2026-01-25
5824,3731,17.37,2026-01-25
5825,15412,1.21,2026-01-25
5826,12556,29.99,2026-01-25
5827,9771,3.11,2026-01-25
5828,10087,24.97,2026-01-25
5829,5115,0.73,2026-01-25
5830,16051,10.21,2026-01-25
5831,16163,0.26,2026-01-25
5832,24155,0.35,2026-01-25
5833,14279,7.36,2026-01-25
5834,13067,0.79,2026-01-25
5835,15343,6.73,2026-01-25
5836,17623,2.28,2026-01-25
5837,5362,2.24,2026-01-25
5838,12184,0.23,2026-01-25
5839,958,0.13,2026-01-25
5840,16792,0.87,2026-01-25
5841,9496,18.30,2026-01-25
5842,18216,0.29,2026-01-25
5843,9681,0.14,2026-01-25
5844,24808,0.41,2026-01-25
5845,14789,0.64,2026-01-25
5846,13471,3.02,2026-01-25
5847,6649,1.00,2026-01-25
5848,16256,1.19,2026-01-25
5849,17467,0.52,2026-01-25
5850,6366,0.20,2026-01-25
5851,26616,0.18,2026-01-25
5852,15974,0.62,2026-01-25
5853,7339,0.80,2026-01-25
5854,25430,2.42,2026-01-25
5855,22833,1.53,2026-01-25
5856,19345,6.03,2026-01-25
5857,6923,0.85,2026-01-25
5858,27054,3.26,2026-01-25
5859,12348,2.35,2026-01-25
5860,14302,3.19,2026-01-25
5861,58,2.54,2026-01-25
5862,26124,62.70,2026-01-25
5863,3980,17.56,2026-01-25
5864,14863,20.14,2026-01-25
5865,19494,6.77,2026-01-25
5866,7383,2.61,2026-01-25
5867,25241,6.87,2026-01-25
5868,23944,0.91,2026-01-25
5869,462,1.54,2026-01-25
5870,8593,3.13,2026-01-25
5871,23439,66.66,2026-01-25
5872,2649,0.20,2026-01-25
5873,23135,0.49,2026-01-25
5874,20624,1.32,2026-01-25
5875,17840,17.12,2026-01-25
5876,1113,0.18,2026-01-25
5877,19452,0.39,2026-01-25
5878,20991,1.32,2026-01-25
5879,9531,2.68,2026-01-25
5880,24537,1.28,2026-01-25
5881,4309,8.72,2026-01-25
5882,19957,56.15,2026-01-25
5883,2034,162.50,2026-01-25
5884,9579,0.33,2026-01-25
5885,16410,2.74,2026-01-25
5886,16723,14.56,2026-01-25
5887,21739,3.15,2026-01-25
5888,19939,2.17,2026-01-25
5889,24656,15.33,2026-01-25
5890,19229,0.31,2026-01-25
5891,26987,0.79,2026-01-25
5892,17837,454.42,2026-01-25
5893,10651,280.00,2026-01-25
5894,16289,0.50,2026-01-25
5895,12033,0.71,2026-01-25
5896,12457,1.18,2026-01-25
5897,7772,1.36,2026-01-25
5898,22303,1.40,2026-01-25
5899,24859,31.74,2026-01-25
5900,1778,1.49,2026-01-25
5901,5711,2.49,2026-01-25
5902,12046,17.54,2026-01-25
5903,5156,1.25,2026-01-25
5904,2734,11.37,2026-01-25
5905,10895,12.21,2026-01-25
5906,10457,4.16,2026-01-25
5907,6865,7.34,2026-01-25
5908,13195,0.64,2026-01-25
5909,1793,1.53,2026-01-25
5910,13931,0.46,2026-01-25
5911,23716,0.72,2026-01-25
5912,3923,18.10,2026-01-25
5913,8888,1.42,2026-01-25
5914,21553,0.94,2026-01-25
5915,1365,0.20,2026-01-25
5916,22005,1.22,2026-01-25
5917,500,7.49,2026-01-25
5918,8135,6.41,2026-01-25
5919,5495,20.34,2026-01-25
5920,20028,7.06,2026-01-25
5921,19389,79.14,2026-01-25
5922,1486,15.54,2026-01-25
5923,15890,0.49,2026-01-25
5924,3351,12.73,2026-01-25
5925,5818,3.84,2026-01-25
5926,24594,0.10,2026-01-25
5927,25412,0.20,2026-01-25
5928,3796,1.72,2026-01-25
5929,16576,8.00,2026-01-25
5930,25483,0.77,2026-01-25
5931,15967,0.19,2026-01-25
5932,23586,0.15,2026-01-25
5933,209,0.30,2026-01-25
5934,10164,0.20,2026-01-25
5935,11626,0.50,2026-01-25
5936,18839,0.45,2026-01-25
5937,25336,0.14,2026-01-25
5938,2738,5.69,2026-01-25
5939,2766,1.17,2026-01-25
5940,14449,21.95,2026-01-25
5941,12360,0.57,2026-01-25
5942,11858,2.48,2026-01-25
5943,16759,5.26,2026-01-25
5944,21523,22.59,2026-01-25
5945,5258,9.21,2026-01-25
5946,23800,26.05,2026-01-25
5947,15334,14.44,2026-01-25
5948,22641,6.34,2026-01-25
5949,10174,7.13,2026-01-25
5950,17478,1.02,2026-01-25
5951,25331,2.62,2026-01-25
5952,26605,0.24,2026-01-25
5953,4509,1.81,2026-01-25
5954,18407,8.95,2026-01-25
5955,3732,3.52,2026-01-25
5956,12167,73.85,2026-01-25
5957,12672,3.28,2026-01-25
5958,25353,3.45,2026-01-25
5959,634,26.23,2026-01-25
5960,16334,14.13,2026-01-25
5961,8007,0.90,2026-01-25
5962,6172,17.81,2026-01-25
5963,5929,0.13,2026-01-25
5964,19941,0.40,2026-01-25
5965,25512,1.23,2026-01-25
5966,16223,5.05,2026-01-25
5967,23173,0.73,2026-01-25
5968,24501,27.38,2026-01-25
5969,24628,1.02,2026-01-25
5970,15943,2.47,2026-01-25
5971,27007,0.11,2026-01-25
5972,16418,0.20,2026-01-25
5973,14847,1.08,2026-01-25
5974,13191,3.60,2026-01-25
5975,26167,2.32,2026-01-25
5976,24670,9.16,2026-01-25
5977,23890,205.55,2026-01-25
5978,6738,0.53,2026-01-25
5979,12458,0.65,2026-01-25
5980,21679,4.60,2026-01-25
5981,24164,6.45,2026-01-25
5982,25703,24.54,2026-01-25
5983,9868,4.75,2026-01-25
5984,879,49.75,2026-01-25
5985,991,10.37,2026-01-25
5986,17940,5.46,2026-01-25
5987,8314,0.26,2026-01-25
5988,350,0.43,2026-01-25
5989,8316,0.21,2026-01-25
5990,23188,0.96,2026-01-25
5991,11298,13.41,2026-01-25
5992,313,6.44,2026-01-25
5993,24881,0.14,2026-01-25
5994,11006,0.29,2026-01-25
5995,9796,8.21,2026-01-25
5996,13032,19.76,2026-01-25
5997,19265,20.09,2026-01-25
5998,17611,3.29,2026-01-25
5999,8901,28.14,2026-01-25
6000,25985,1.69,2026-01-25
6001,18245,9.25,2026-01-25
6002,26102,0.53,2026-01-25
6003,3010,1.14,2026-01-25
6004,2281,3.72,2026-01-25
6005,9654,1.87,2026-01-25
6006,10473,1.63,2026-01-25
6007,21505,14.00,2026-01-25
6008,9935,12.17,2026-01-25
6009,18563,17.68,2026-01-25
6010,9959,3.82,2026-01-25
6011,23377,31.13,2026-01-25
6012,22510,0.21,2026-01-25
6013,12095,0.21,2026-01-25
6014,21140,1.05,2026-01-25
6015,1518,15.05,2026-01-25
6016,14404,6.55,2026-01-25
6017,2215,6.14,2026-01-25
6018,13945,0.33,2026-01-25
6019,7708,0.63,2026-01-25
6020,20227,0.25,2026-01-25
6021,20636,0.93,2026-01-25
6022,24278,0.37,2026-01-25
6023,9226,0.66,2026-01-25
6024,15103,5.40,2026-01-25
6025,22458,11.84,2026-01-25
6026,25543,1.22,2026-01-25
6027,23186,11.47,2026-01-25
6028,16743,5.42,2026-01-25
6029,23296,20.99,2026-01-25
6030,15826,4.67,2026-01-25
6031,19277,5.43,2026-01-25
6032,2423,0.67,2026-01-25
6033,2127,0.24,2026-01-25
6034,8110,13.66,2026-01-25
6035,21321,7.55,2026-01-25
6036,5064,21.58,2026-01-25
6037,3956,39.99,2026-01-25
6038,5586,1.62,2026-01-25
6039,8251,7.26,2026-01-25
6040,22844,0.76,2026-01-25
6041,15446,8.13,2026-01-25
6042,18946,0.65,2026-01-25
6043,12076,5.09,2026-01-25
6044,8989,2.30,2026-01-25
6045,6641,6.42,2026-01-25
6046,1888,0.26,2026-01-25
6047,4548,2.14,2026-01-25
6048,21128,0.27,2026-01-25
6049,13500,0.72,2026-01-25
6050,4429,13.87,2026-01-25
6051,18244,0.14,2026-01-25
6052,26658,0.38,2026-01-25
6053,18448,0.24,2026-01-25
6054,7324,0.57,2026-01-25
6055,10969,0.13,2026-01-25
6056,3626,0.29,2026-01-25
6057,13980,0.40,2026-01-25
6058,13540,0.74,2026-01-25
6059,1842,22.24,2026-01-25
6060,9564,16.48,2026-01-25
6061,14230,11.48,2026-01-25
6062,10426,6.33,2026-01-25
6063,5367,6.76,2026-01-25
6064,13009,32.87,2026-01-25
6065,22478,0.17,2026-01-25
6066,6268,0.55,2026-01-25
6067,9574,3.06,2026-01-25
6068,975,26.79,2026-01-25
6069,9838,2.50,2026-01-25
6070,3917,4.82,2026-01-25
6071,15577,1.48,2026-01-25
6072,5098,2.41,2026-01-25
6073,2938,8.57,2026-01-25
6074,502,3.48,2026-01-25
6075,5313,9.34,2026-01-25
6076,811,44.00,2026-01-25
6077,9186,4.03,2026-01-25
6078,15209,4.76,2026-01-25
6079,8050,0.87,2026-01-25
6080,1299,2.35,2026-01-25
6081,21349,9.00,2026-01-25
6082,10711,0.58,2026-01-25
6083,25576,1.12,2026-01-25
6084,15019,5.70,2026-01-25
6085,7227,39.99,2026-01-25
6086,13603,3.06,2026-01-25
6087,23661,3.53,2026-01-25
6088,8960,13.00,2026-01-25
6089,14615,53.35,2026-01-25
6090,7529,1.83,2026-01-25
6091,3205,0.93,2026-01-25
6092,2007,13.38,2026-01-25
6093,14709,0.25,2026-01-25
6094,589,0.94,2026-01-25
6095,5133,3.95,2026-01-25
6096,13377,8.88,2026-01-25
6097,24277,12.11,2026-01-25
6098,11599,4.13,2026-01-25
6099,11291,0.33,2026-01-25
6100,10967,0.93,2026-01-25
6101,17181,0.56,2026-01-25
6102,10717,1.37,2026-01-25
6103,3400,1.42,2026-01-25
6104,5656,0.30,2026-01-25
6105,4521,6.61,2026-01-25
6106,24812,30.99,2026-01-25
6107,3573,1.06,2026-01-25
6108,23679,0.88,2026-01-25
6109,4347,5.56,2026-01-25
6110,26555,0.31,2026-01-25
6111,10527,0.21,2026-01-25
6112,1476,92.93,2026-01-25
6113,17415,1.58,2026-01-25
6114,9475,1.78,2026-01-25
6115,4844,1.31,2026-01-25
6116,25559,4.88,2026-01-25
6117,5429,0.21,2026-01-25
6118,9112,0.81,2026-01-25
6119,26485,6.38,2026-01-25
6120,14942,2.38,2026-01-25
6121,25103,33.32,2026-01-25
6122,20151,0.35,2026-01-25
6123,11655,0.69,2026-01-25
6124,26050,0.54,2026-01-25
6125,18641,0.37,2026-01-25
6126,16741,0.13,2026-01-25
6127,2932,0.33,2026-01-25
6128,26161,0.10,2026-01-25
6129,26887,0.27,2026-01-25
6130,18002,0.35,2026-01-25
6131,19822,0.83,2026-01-25
6132,2057,7.28,2026-01-25
6133,21491,4.50,2026-01-25
6134,7540,19.14,2026-01-25
6135,19712,1.48,2026-01-25
6136,14848,17.91,2026-01-25
6137,2139,2.08,2026-01-25
6138,3201,6.13,2026-01-25
6139,26794,4.42,2026-01-25
6140,25499,17.32,2026-01-25
6141,13965,0.33,2026-01-25
6142,2258,0.97,2026-01-25
6143,7558,3.09,2026-01-25
6144,23209,18.49,2026-01-25
6145,8521,0.62,2026-01-25
6146,3269,0.27,2026-01-25
6147,271,0.47,2026-01-25
6148,13588,0.35,2026-01-25
6149,17755,0.21,2026-01-25
6150,8965,1.20,2026-01-25
6151,5909,3.05,2026-01-25
6152,17515,15.50,2026-01-25
6153,24058,0.22,2026-01-25
6154,20843,0.91,2026-01-25
6155,12631,3.22,2026-01-25
6156,14011,23.94,2026-01-25
6157,13037,41.68,2026-01-25
6158,6051,1.85,2026-01-25
6159,7316,7.62,2026-01-25
6160,25122,0.12,2026-01-25
6161,11232,0.32,2026-01-25
6162,17844,0.61,2026-01-25
6163,2230,11.40,2026-01-25
6164,11686,0.20,2026-01-25
6165,19444,0.48,2026-01-25
6166,23696,0.23,2026-01-25
6167,13857,0.53,2026-01-25
6168,26130,18.49,2026-01-25
6169,8418,5.34,2026-01-25
6170,10027,3.32,2026-01-25
6171,6568,3.16,2026-01-25
6172,17066,3.85,2026-01-25
6173,26228,4.30,2026-01-25
6174,19208,87.49,2026-01-25
6175,23803,38.30,2026-01-25
6176,17131,47.71,2026-01-25
6177,7379,60.06,2026-01-25
6178,16374,3.59,2026-01-25
6179,8897,0.11,2026-01-25
6180,1531,0.29,2026-01-25
6181,6176,1.39,2026-01-25
6182,3832,41.08,2026-01-25
6183,26007,17.27,2026-01-25
6184,10370,9.29,2026-01-25
6185,12548,95.31,2026-01-25
6186,1953,2.56,2026-01-25
6187,19580,0.13,2026-01-25
6188,23062,0.39,2026-01-25
6189,24684,0.15,2026-01-25
6190,18595,0.40,2026-01-25
6191,9793,13.18,2026-01-25
6192,6500,7.84,2026-01-25
6193,5316,5.90,2026-01-25
6194,17135,6.25,2026-01-25
6195,23483,0.24,2026-01-25
6196,8597,0.46,2026-01-25
6197,2058,0.16,2026-01-25
6198,2887,0.49,2026-01-25
6199,6714,36.87,2026-01-25
6200,22027,6.47,2026-01-25
6201,9552,8.79,2026-01-25
6202,13920,0.26,2026-01-25
6203,3018,1.26,2026-01-25
6204,22877,0.78,2026-01-25
6205,21214,4.27,2026-01-25
6206,17930,2.52,2026-01-25
6207,16609,16.12,2026-01-25
6208,20634,1.74,2026-01-25
6209,20965,18.64,2026-01-25
6210,21097,0.32,2026-01-25
6211,3287,1.25,2026-01-25
6212,20050,0.81,2026-01-25
6213,7626,1.01,2026-01-25
6214,11023,1.22,2026-01-25
6215,930,5.49,2026-01-25
6216,18900,0.94,2026-01-25
6217,19443,10.83,2026-01-25
6218,22956,49.21,2026-01-25
6219,13449,2.77,2026-01-25
6220,17698,8.48,2026-01-25
6221,9538,1.89,2026-01-25
6222,7888,12.51,2026-01-25
6223,18866,0.45,2026-01-25
6224,531,2.04,2026-01-25
6225,24159,1.61,2026-01-25
6226,11210,3.56,2026-01-25
6227,6752,0.18,2026-01-25
6228,22415,0.56,2026-01-25
6229,19521,2.74,2026-01-25
6230,7328,3.56,2026-01-25
6231,15022,24.42,2026-01-25
6232,16079,12.53,2026-01-25
6233,5645,0.65,2026-01-25
6234,15388,4.32,2026-01-25
6235,343,1.19,2026-01-25
6236,11975,17.81,2026-01-25
6237,11505,0.49,2026-01-25
6238,21909,0.68,2026-01-25
6239,10523,0.16,2026-01-25
6240,249,0.33,2026-01-25
6241,12900,0.24,2026-01-25
6242,18461,0.35,2026-01-25
6243,19292,12.07,2026-01-25
6244,25649,5.38,2026-01-25
6245,19952,7.88,2026-01-25
6246,15839,1.25,2026-01-25
6247,14290,10.50,2026-01-25
6248,3547,2.71,2026-01-25
6249,2171,16.63,2026-01-25
6250,10721,0.75,2026-01-25
6251,20327,0.39,2026-01-25
6252,19014,0.57,2026-01-25
6253,8399,3.50,2026-01-25
6254,7274,2.14,2026-01-25
6255,24639,5.15,2026-01-25
6256,14166,3.95,2026-01-25
6257,22573,79.99,2026-01-25
6258,17426,2.22,2026-01-25
6259,16056,3.83,2026-01-25
6260,16782,0.42,2026-01-25
6261,22013,2.50,2026-01-25
6262,25817,0.20,2026-01-25
6263,20895,0.99,2026-01-25
6264,13550,4.13,2026-01-25
6265,19633,13.76,2026-01-25
6266,799,0.30,2026-01-25
6267,6167,0.45,2026-01-25
6268,7182,0.59,2026-01-25
6269,19690,8.92,2026-01-25
6270,7826,0.23,2026-01-25
6271,7185,0.47,2026-01-25
6272,15847,3.93,2026-01-25
6273,9627,14.45,2026-01-25
6274,9211,4.99,2026-01-25
6275,11843,3.19,2026-01-25
6276,25417,0.92,2026-01-25
6277,14832,0.39,2026-01-25
6278,2122,1.25,2026-01-25
6279,2697,22.00,2026-01-25
6280,20261,3.58,2026-01-25
6281,5483,1.26,2026-01-25
6282,23708,87.00,2026-01-25
6283,3389,3.94,2026-01-25
6284,11836,2.23,2026-01-25
6285,3316,42.08,2026-01-25
6286,18200,13.30,2026-01-25
6287,3778,0.67,2026-01-25
6288,15000,1.49,2026-01-25
6289,6539,1.98,2026-01-25
6290,3068,0.87,2026-01-25
6291,25844,0.54,2026-01-25
6292,25830,28.50,2026-01-25
6293,17290,0.18,2026-01-25
6294,12786,0.09,2026-01-25
6295,2347,8.14,2026-01-25
6296,574,22.35,2026-01-25
6297,18464,0.94,2026-01-25
6298,4545,1.37,2026-01-25
6299,14846,0.97,2026-01-25
6300,6783,8.38,2026-01-25
6301,22413,0.25,2026-01-25
6302,14401,0.86,2026-01-25
6303,25923,0.17,2026-01-25
6304,11614,0.27,2026-01-25
6305,1471,1.54,2026-01-25
6306,8269,4.42,2026-01-25
6307,22836,0.24,2026-01-25
6308,14592,0.39,2026-01-25
6309,4988,2.41,2026-01-25
6310,16172,33.83,2026-01-25
6311,5635,80.75,2026-01-25
6312,23285,9.13,2026-01-25
6313,3156,28.45,2026-01-25
6314,16215,3.61,2026-01-25
6315,17561,12.70,2026-01-25
6316,14400,7.86,2026-01-25
6317,11866,3.39,2026-01-25
6318,1324,0.28,2026-01-25
6319,8146,1.47,2026-01-25
6320,6162,1.77,2026-01-25
6321,15383,13.67,2026-01-25
6322,23574,1.80,2026-01-25
6323,19559,21.00,2026-01-25
6324,13051,2.85,2026-01-25
6325,4997,3.39,2026-01-25
6326,20542,2.47,2026-01-25
6327,7650,29.35,2026-01-25
6328,26717,28.20,2026-01-25
6329,23632,1.95,2026-01-25
6330,1547,0.28,2026-01-25
6331,24511,0.16,2026-01-25
6332,17228,0.37,2026-01-25
6333,26791,3.22,2026-01-25
6334,23631,0.74,2026-01-25
6335,15768,41.27,2026-01-25
6336,11678,78.00,2026-01-25
6337,10406,1.15,2026-01-25
6338,12626,1.04,2026-01-25
6339,21392,0.39,2026-01-25
6340,23699,0.58,2026-01-25
6341,523,1.89,2026-01-25
6342,22432,5.42,2026-01-25
6343,14060,2.94,2026-01-25
6344,5118,8.90,2026-01-25
6345,22042,0.24,2026-01-25
6346,10587,0.54,2026-01-25
6347,4474,6.51,2026-01-25
6348,16568,0.51,2026-01-25
6349,19143,1.35,2026-01-25
6350,1645,0.95,2026-01-25
6351,5787,19.09,2026-01-25
6352,5396,0.40,2026-01-25
6353,15864,2.35,2026-01-25
6354,17424,1.77,2026-01-25
6355,3470,21.05,2026-01-25
6356,13760,4.11,2026-01-25
6357,23185,1.98,2026-01-25
6358,20189,2.97,2026-01-25
6359,5488,0.15,2026-01-25
6360,13660,0.43,2026-01-25
6361,12727,1.95,2026-01-25
6362,6979,5.59,2026-01-25
6363,23834,1.64,2026-01-25
6364,2758,0.32,2026-01-25
6365,12162,0.43,2026-01-25
6366,9178,6.50,2026-01-25
6367,22531,0.25,2026-01-25
6368,25345,0.24,2026-01-25
6369,22256,0.36,2026-01-25
6370,12531,4.60,2026-01-25
6371,7453,41.85,2026-01-25
6372,18602,0.28,2026-01-25
6373,5747,0.13,2026-01-25
6374,10742,3.32,2026-01-25
6375,2945,16.94,2026-01-25
6376,17587,10.77,2026-01-25
6377,6423,7.20,2026-01-25
6378,24702,7.99,2026-01-25
6379,13043,9.19,2026-01-25
6380,1295,11.95,2026-01-25
6381,6541,129.95,2026-01-25
6382,25216,10.22,2026-01-25
6383,13236,54.34,2026-01-25
6384,5915,0.24,2026-01-25
6385,6632,0.70,2026-01-25
6386,17223,1.29,2026-01-25
6387,12995,4.99,2026-01-25
6388,27055,0.38,2026-01-25
6389,356,0.64,2026-01-25
6390,26799,0.59,2026-01-25
6391,3820,0.60,2026-01-25
6392,9032,2.62,2026-01-25
6393,5950,6.15,2026-01-25
6394,10048,1.07,2026-01-25
6395,1293,2.26,2026-01-25
6396,24641,350.00,2026-01-25
6397,9607,1.96,2026-01-25
6398,22218,3.63,2026-01-25
6399,6392,44.53,2026-01-25
6400,23665,2.41,2026-01-25
6401,17235,40.94,2026-01-25
6402,16841,0.20,2026-01-25
6403,5643,0.58,2026-01-25
6404,25086,10.61,2026-01-25
6405,25753,4.16,2026-01-25
6406,18427,4.97,2026-01-25
6407,22079,3.00,2026-01-25
6408,12621,11.76,2026-01-25
6409,1466,54.00,2026-01-25
6410,7613,2.15,2026-01-25
6411,13889,19.04,2026-01-25
6412,342,0.45,2026-01-25
6413,990,4.09,2026-01-25
6414,7749,7.43,2026-01-25
6415,18729,27.06,2026-01-25
6416,18705,0.33,2026-01-25
6417,21585,0.68,2026-01-25
6418,1211,2.25,2026-01-25
6419,19395,0.62,2026-01-25
6420,7325,14.44,2026-01-25
6421,25548,18.62,2026-01-25
6422,8719,0.33,2026-01-25
6423,5673,0.40,2026-01-25
6424,26667,0.14,2026-01-25
6425,21527,0.26,2026-01-25
6426,20086,77.87,2026-01-25
6427,7599,29.44,2026-01-25
6428,7166,0.11,2026-01-25
6429,20102,0.31,2026-01-25
6430,7376,0.84,2026-01-25
6431,13514,6.37,2026-01-25
6432,10866,0.51,2026-01-25
6433,17976,27.66,2026-01-25
6434,20613,0.14,2026-01-25
6435,12231,0.37,2026-01-25
6436,25699,93.96,2026-01-25
6437,19814,172.49,2026-01-25
6438,15694,2.65,2026-01-25
6439,26663,3.78,2026-01-25
6440,17827,4.32,2026-01-25
6441,1667,72.42,2026-01-25
6442,10688,128.36,2026-01-25
6443,9752,2.76,2026-01-25
6444,2224,1.23,2026-01-25
6445,14360,0.19,2026-01-25
6446,23414,0.10,2026-01-25
6447,7477,8.23,2026-01-25
6448,11329,1.00,2026-01-25
6449,10282,1.64,2026-01-25
6450,23846,3.89,2026-01-25
6451,1166,0.25,2026-01-25
6452,20292,0.94,2026-01-25
6453,21991,7.00,2026-01-25
6454,1745,2.43,2026-01-25
6455,12690,1.16,2026-01-25
6456,26176,1.43,2026-01-25
6457,12094,3.00,2026-01-25
6458,7261,6.89,2026-01-25
6459,5570,0.72,2026-01-25
6460,4231,0.85,2026-01-25
6461,5515,4.79,2026-01-25
6462,17036,2.31,2026-01-25
6463,11468,0.17,2026-01-25
6464,19991,0.62,2026-01-25
6465,6982,0.17,2026-01-25
6466,14337,0.58,2026-01-25
6467,542,2.10,2026-01-25
6468,20186,9.00,2026-01-25
6469,11109,165.00,2026-01-25
6470,18889,54.02,2026-01-25
6471,14906,3.62,2026-01-25
6472,7199,0.75,2026-01-25
6473,11085,0.68,2026-01-25
6474,13118,0.95,2026-01-25
6475,24267,19.32,2026-01-25
6476,9945,0.70,2026-01-25
6477,6334,2.23,2026-01-25
6478,17554,0.56,2026-01-25
6479,2948,1.90,2026-01-25
6480,26199,0.37,2026-01-25
6481,8607,1.68,2026-01-25
6482,2565,2.03,2026-01-25
6483,8349,3.26,2026-01-25
6484,26422,0.62,2026-01-25
6485,9878,11.27,2026-01-25
6486,14059,1.70,2026-01-25
6487,2253,0.79,2026-01-25
6488,7135,1.63,2026-01-25
6489,24342,32.25,2026-01-25
6490,13611,0.30,2026-01-25
6491,11153,0.71,2026-01-25
6492,10637,0.30,2026-01-25
6493,15737,0.16,2026-01-25
6494,2396,2.16,2026-01-25
6495,26107,3.56,2026-01-25
6496,10228,8.80,2026-01-25
6497,714,0.22,2026-01-25
6498,4572,0.80,2026-01-25
6499,414,3.80,2026-01-25
6500,16934,3.76,2026-01-25
6501,5243,3.87,2026-01-25
6502,21711,0.68,2026-01-25
6503,1355,16.45,2026-01-25
6504,65,0.33,2026-01-25
6505,19040,0.12,2026-01-25
6506,10297,0.80,2026-01-25
6507,26999,2.25,2026-01-25
6508,21779,5.14,2026-01-25
6509,26459,2.26,2026-01-25
6510,9079,0.06,2026-01-25
6511,10078,0.20,2026-01-25
6512,4704,2.57,2026-01-25
6513,4212,20.29,2026-01-25
6514,24322,1.61,2026-01-25
6515,17140,9.80,2026-01-25
6516,5149,1.62,2026-01-25
6517,15572,3.86,2026-01-25
6518,25882,0.55,2026-01-25
6519,5363,0.32,2026-01-25
6520,466,0.13,2026-01-25
6521,21564,0.32,2026-01-25
6522,3877,1.19,2026-01-25
6523,719,0.47,2026-01-25
6524,15598,0.90,2026-01-25
6525,24721,4.29,2026-01-25
6526,8504,18.27,2026-01-25
6527,26495,1.25,2026-01-25
6528,7105,0.95,2026-01-25
6529,1000,2.04,2026-01-25
6530,689,4.86,2026-01-25
6531,13047,15.74,2026-01-25
6532,5890,2.25,2026-01-25
6533,12012,5.14,2026-01-25
6534,22619,1.02,2026-01-25
6535,22608,4.61,2026-01-25
6536,14018,0.46,2026-01-25
6537,24006,0.56,2026-01-25
6538,6853,0.99,2026-01-25
6539,15196,2.30,2026-01-25
6540,17643,4.20,2026-01-25
6541,24480,36.78,2026-01-25
6542,14216,19.47,2026-01-25
6543,3136,33.96,2026-01-25
6544,25393,3.92,2026-01-25
6545,12145,1.67,2026-01-25
6546,16853,0.82,2026-01-25
6547,16312,1.58,2026-01-25
6548,4240,0.43,2026-01-25
6549,13470,4.92,2026-01-25
6550,25335,8.98,2026-01-25
6551,3254,66.75,2026-01-25
6552,16323,16.80,2026-01-25
6553,2672,14.80,2026-01-25
6554,22001,0.41,2026-01-25
6555,4949,0.99,2026-01-25
6556,23832,0.25,2026-01-25
6557,15045,0.51,2026-01-25
6558,25352,0.09,2026-01-25
6559,25293,0.28,2026-01-25
6560,21457,4.27,2026-01-25
6561,1602,11.66,2026-01-25
6562,15488,22.00,2026-01-25
6563,1687,1.88,2026-01-25
6564,7965,18.98,2026-01-25
6565,18179,0.43,2026-01-25
6566,1193,1.49,2026-01-25
6567,17047,0.96,2026-01-25
6568,23382,15.40,2026-01-25
6569,3634,2.18,2026-01-25
6570,8512,14.95,2026-01-25
6571,3311,0.31,2026-01-25
6572,6683,6.40,2026-01-25
6573,17162,0.29,2026-01-25
6574,3373,0.39,2026-01-25
6575,17868,0.96,2026-01-25
6576,18399,17.05,2026-01-25
6577,17903,0.13,2026-01-25
6578,10488,0.26,2026-01-25
6579,5528,0.45,2026-01-25
6580,27034,0.18,2026-01-25
6581,17558,0.12,2026-01-25
6582,8711,0.36,2026-01-25
6583,10834,29.70,2026-01-25
6584,261,9.43,2026-01-25
6585,18820,1.48,2026-01-25
6586,1311,1.31,2026-01-25
6587,13481,1.93,2026-01-25
6588,8439,10.66,2026-01-25
6589,22946,46.37,2026-01-25
6590,20887,7.49,2026-01-25
6591,15137,0.17,2026-01-25
6592,19139,0.33,2026-01-25
6593,19280,29.66,2026-01-25
6594,8485,9.39,2026-01-25
6595,26856,15.86,2026-01-25
6596,20061,0.33,2026-01-25
6597,18769,0.15,2026-01-25
6598,6602,5.48,2026-01-25
6599,14680,41.01,2026-01-25
6600,4503,0.85,2026-01-25
6601,4578,23.13,2026-01-25
6602,8507,3.83,2026-01-25
6603,2936,4.46,2026-01-25
6604,16941,2.08,2026-01-25
6605,24517,0.57,2026-01-25
6606,24049,2.11,2026-01-25
6607,49,1.54,2026-01-25
6608,1124,2.24,2026-01-25
6609,4249,3.59,2026-01-25
6610,11519,102.49,2026-01-25
6611,18229,340.61,2026-01-25
6612,25810,184.59,2026-01-25
6613,5998,0.21,2026-01-25
6614,26198,0.07,2026-01-25
6615,2707,0.29,2026-01-25
6616,23041,0.67,2026-01-25
6617,44,0.56,2026-01-25
6618,13848,1.40,2026-01-25
6619,4353,1.12,2026-01-25
6620,26058,1.31,2026-01-25
6621,10862,67.19,2026-01-25
6622,23648,0.26,2026-01-25
6623,15722,0.12,2026-01-25
6624,25869,2.35,2026-01-25
6625,19036,12.60,2026-01-25
6626,9054,0.81,2026-01-25
6627,13459,79.99,2026-01-25
6628,13351,0.53,2026-01-25
6629,22841,2.23,2026-01-25
6630,16646,0.76,2026-01-25
6631,1967,13.92,2026-01-25
6632,20037,0.13,2026-01-25
6633,1023,0.26,2026-01-25
6634,23917,0.55,2026-01-25
6635,23260,0.73,2026-01-25
6636,11267,0.94,2026-01-25
6637,9615,3.98,2026-01-25
6638,8126,4.34,2026-01-25
6639,7743,1.00,2026-01-25
6640,9807,1.94,2026-01-25
6641,5375,7.69,2026-01-25
6642,20612,3.62,2026-01-25
6643,13123,6.64,2026-01-25
6644,20063,4.30,2026-01-25
6645,18475,12.46,2026-01-25
6646,14862,0.44,2026-01-25
6647,2153,0.63,2026-01-25
6648,6858,0.85,2026-01-25
6649,25593,2.47,2026-01-25
6650,14895,0.10,2026-01-25
6651,21043,0.21,2026-01-25
6652,15341,7.26,2026-01-25
6653,4530,6.45,2026-01-25
6654,6332,0.58,2026-01-25
6655,26390,0.21,2026-01-25
6656,13582,0.17,2026-01-25
6657,25976,0.46,2026-01-25
6658,19336,18.12,2026-01-25
6659,4163,5.51,2026-01-25
6660,26180,0.23,2026-01-25
6661,17447,0.86,2026-01-25
6662,19958,1.06,2026-01-25
6663,15054,0.56,2026-01-25
6664,24219,4.95,2026-01-25
6665,4747,0.68,2026-01-25
6666,14372,0.60,2026-01-25
6667,16940,8.12,2026-01-25
6668,22551,2.69,2026-01-25
6669,11972,22.18,2026-01-25
6670,6047,0.29,2026-01-25
6671,9989,0.50,2026-01-25
6672,9928,0.43,2026-01-25
6673,15186,6.18,2026-01-25
6674,9362,4.41,2026-01-25
6675,4285,0.44,2026-01-25
6676,19796,0.18,2026-01-25
6677,7596,0.98,2026-01-25
6678,21469,2.77,2026-01-25
6679,6521,3.95,2026-01-25
6680,26207,2.13,2026-01-25
6681,25877,1.16,2026-01-25
6682,11704,1.22,2026-01-25
6683,5453,2.28,2026-01-25
6684,23217,0.22,2026-01-25
6685,17932,0.56,2026-01-25
6686,9589,4.32,2026-01-25
6687,25492,1.25,2026-01-25
6688,12047,15.23,2026-01-25
6689,15230,37.35,2026-01-25
6690,2683,31.36,2026-01-25
6691,20548,12.17,2026-01-25
6692,1783,1.24,2026-01-25
6693,6115,0.10,2026-01-25
6694,26270,0.41,2026-01-25
6695,14409,4.46,2026-01-25
6696,11705,32.70,2026-01-25
6697,5607,137.99,2026-01-25
6698,8163,0.22,2026-01-25
6699,23199,0.35,2026-01-25
6700,1886,1.03,2026-01-25
6701,9179,3.25,2026-01-25
6702,1542,1.41,2026-01-25
6703,20575,2.84,2026-01-25
6704,24607,1.66,2026-01-25
6705,16541,1.03,2026-01-25
6706,22957,4.20,2026-01-25
6707,21376,0.79,2026-01-25
6708,18412,1.10,2026-01-25
6709,22572,8.06,2026-01-25
6710,4397,19.10,2026-01-25
6711,15920,4.19,2026-01-25
6712,25073,1.58,2026-01-25
6713,12234,1.07,2026-01-25
6714,13577,0.30,2026-01-25
6715,12018,1.70,2026-01-25
6716,12752,0.31,2026-01-25
6717,12796,0.79,2026-01-25
6718,12127,0.26,2026-01-25
6719,41,0.98,2026-01-25
6720,10878,1.88,2026-01-25
6721,2053,11.28,2026-01-25
6722,4445,7.58,2026-01-25
6723,22236,3.66,2026-01-25
6724,25490,37.16,2026-01-25
6725,26055,36.23,2026-01-25
6726,8056,0.87,2026-01-25
6727,24519,1.70,2026-01-25
6728,6931,0.37,2026-01-25
6729,12363,0.17,2026-01-25
6730,24716,0.76,2026-01-25
6731,1670,2.24,2026-01-25
6732,22486,71.98,2026-01-25
6733,14986,0.24,2026-01-25
6734,23110,0.76,2026-01-25
6735,709,0.19,2026-01-25
6736,10190,0.40,2026-01-25
6737,20495,1.22,2026-01-25
6738,11652,1.36,2026-01-25
6739,13211,37.87,2026-01-25
6740,4493,10.79,2026-01-25
6741,7992,4.99,2026-01-25
6742,3798,0.12,2026-01-25
6743,23831,0.34,2026-01-25
6744,11041,5.98,2026-01-25
6745,6685,36.20,2026-01-25
6746,25691,1.94,2026-01-25
6747,16570,40.38,2026-01-25
6748,19498,2.07,2026-01-25
6749,20254,13.98,2026-01-25
6750,11450,10.78,2026-01-25
6751,9705,12.89,2026-01-25
6752,8879,0.29,2026-01-25
6753,11938,1.09,2026-01-25
6754,14110,4.38,2026-01-25
6755,20168,62.32,2026-01-25
6756,10555,0.86,2026-01-25
6757,24104,11.54,2026-01-25
6758,5229,5.50,2026-01-25
6759,12351,0.09,2026-01-25
6760,1619,0.38,2026-01-25
6761,26571,0.17,2026-01-25
6762,23840,0.30,2026-01-25
6763,4899,2.63,2026-01-25
6764,19799,3.86,2026-01-25
6765,5044,0.60,2026-01-25
6766,14787,125.00,2026-01-25
6767,8954,75.00,2026-01-25
6768,9657,84.82,2026-01-25
6769,9018,129.99,2026-01-25
6770,13654,1.09,2026-01-25
6771,21181,15.64,2026-01-25
6772,25182,1.42,2026-01-25
6773,19767,3.28,2026-01-25
6774,12964,23.46,2026-01-25
6775,23580,174.35,2026-01-25
6776,26538,39.68,2026-01-25
6777,26011,0.24,2026-01-25
6778,22362,1.00,2026-01-25
6779,3071,5.03,2026-01-25
6780,1601,32.28,2026-01-25
6781,23888,0.71,2026-01-25
6782,18263,2.10,2026-01-25
6783,4621,1.03,2026-01-25
6784,1848,3.43,2026-01-25
6785,4983,0.41,2026-01-25
6786,5128,0.15,2026-01-25
6787,15945,1.38,2026-01-25
6788,10998,17.61,2026-01-25
6789,16064,0.32,2026-01-25
6790,17418,1.78,2026-01-25
6791,7150,0.37,2026-01-25
6792,2804,0.53,2026-01-25
6793,13393,1.12,2026-01-25
6794,26506,22.48,2026-01-25
6795,8493,37.67,2026-01-25
6796,1454,2.85,2026-01-25
6797,10514,0.32,2026-01-25
6798,7069,0.30,2026-01-25
6799,1247,0.12,2026-01-25
6800,22239,0.29,2026-01-25
6801,19709,2.84,2026-01-25
6802,1758,0.09,2026-01-25
6803,6451,0.20,2026-01-25
6804,20799,6.80,2026-01-25
6805,17252,35.17,2026-01-25
6806,5851,14.45,2026-01-25
6807,3158,3.66,2026-01-25
6808,16274,1.50,2026-01-25
6809,16695,0.18,2026-01-25
6810,13454,0.38,2026-01-25
6811,685,5.30,2026-01-25
6812,5573,9.05,2026-01-25
6813,23075,4.35,2026-01-25
6814,4135,4.53,2026-01-25
6815,3140,0.30,2026-01-25
6816,14220,4.07,2026-01-25
6817,24247,4.40,2026-01-25
6818,5494,2.12,2026-01-25
6819,8370,5.17,2026-01-25
6820,642,7.98,2026-01-25
6821,9067,0.58,2026-01-25
6822,5356,0.96,2026-01-25
6823,14795,0.25,2026-01-25
6824,3638,0.87,2026-01-25
6825,17867,0.62,2026-01-25
6826,9866,4.13,2026-01-25
6827,12629,41.75,2026-01-25
6828,19102,69.97,2026-01-25
6829,10983,23.84,2026-01-25
6830,19042,3.29,2026-01-25
6831,1245,7.50,2026-01-25
6832,22266,2.70,2026-01-25
6833,17681,0.98,2026-01-25
6834,225,1.13,2026-01-25
6835,21384,1.39,2026-01-25
6836,10592,56.26,2026-01-25
6837,4267,0.69,2026-01-25
6838,21639,8.33,2026-01-25
6839,8139,4.21,2026-01-25
6840,12942,8.36,2026-01-25
6841,24499,6.00,2026-01-25
6842,24077,78.22,2026-01-25
6843,9977,0.78,2026-01-25
6844,2950,3.11,2026-01-25
6845,6590,16.23,2026-01-25
6846,2429,7.11,2026-01-25
6847,13267,20.34,2026-01-25
6848,27028,0.40,2026-01-25
6849,3505,0.32,2026-01-25
6850,18116,0.86,2026-01-25
6851,26239,3.77,2026-01-25
6852,8035,0.14,2026-01-25
6853,12070,0.23,2026-01-25
6854,9403,0.27,2026-01-25
6855,8492,0.76,2026-01-25
6856,26072,0.25,2026-01-25
6857,20718,0.44,2026-01-25
6858,8402,0.49,2026-01-25
6859,12419,8.44,2026-01-25
6860,9644,0.27,2026-01-25
6861,22730,0.10,2026-01-25
6862,8277,0.18,2026-01-25
6863,19560,0.42,2026-01-25
6864,18843,0.57,2026-01-25
6865,1772,0.98,2026-01-25
6866,7721,0.40,2026-01-25
6867,19894,0.19,2026-01-25
6868,1131,22.22,2026-01-25
6869,18155,9.26,2026-01-25
6870,24527,13.92,2026-01-25
6871,6068,0.59,2026-01-25
6872,4443,4.57,2026-01-25
6873,5384,0.09,2026-01-25
6874,19385,0.19,2026-01-25
6875,12928,0.41,2026-01-25
6876,26697,0.50,2026-01-25
6877,4808,1.44,2026-01-25
6878,21177,4.00,2026-01-25
6879,1659,7.39,2026-01-25
6880,4243,0.22,2026-01-25
6881,6620,0.40,2026-01-25
6882,1675,0.45,2026-01-25
6883,11876,3.89,2026-01-25
6884,26430,0.97,2026-01-25
6885,24105,3.00,2026-01-25
6886,26066,1.87,2026-01-25
6887,3558,4.18,2026-01-25
6888,11604,0.14,2026-01-25
6889,5759,0.36,2026-01-25
6890,8054,1.08,2026-01-25
6891,7323,6.41,2026-01-25
6892,21539,0.42,2026-01-25
6893,13201,2.36,2026-01-25
6894,15198,0.96,2026-01-25
6895,8671,1.56,2026-01-25
6896,957,1.42,2026-01-25
6897,16886,11.85,2026-01-25
6898,23184,0.89,2026-01-25
6899,12979,0.84,2026-01-25
6900,12581,0.29,2026-01-25
6901,14684,1.31,2026-01-25
6902,22154,4.03,2026-01-25
6903,23095,56.69,2026-01-25
6904,18625,16.57,2026-01-25
6905,24262,0.21,2026-01-25
6906,3413,0.09,2026-01-25
6907,359,0.93,2026-01-25
6908,23872,0.30,2026-01-25
6909,5195,1.67,2026-01-25
6910,17919,4.84,2026-01-25
6911,25672,35.00,2026-01-25
6912,15867,0.25,2026-01-25
6913,20179,0.43,2026-01-25
6914,7311,2.45,2026-01-25
6915,22821,5.36,2026-01-25
6916,23391,2.02,2026-01-25
6917,23297,2.18,2026-01-25
6918,13385,0.47,2026-01-25
6919,20821,3.39,2026-01-25
6920,3076,0.30,2026-01-25
6921,21242,1.75,2026-01-25
6922,17226,2.93,2026-01-25
6923,25120,8.86,2026-01-25
6924,14101,6.19,2026-01-25
6925,24815,14.33,2026-01-25
6926,9998,2.07,2026-01-25
6927,9480,0.19,2026-01-25
6928,7170,0.54,2026-01-25
6929,7878,1.73,2026-01-25
6930,4941,12.00,2026-01-25
6931,9407,8.85,2026-01-25
6932,25514,0.99,2026-01-25
6933,25835,9.78,2026-01-25
6934,7580,5.62,2026-01-25
6935,19219,2.29,2026-01-25
6936,4444,4.48,2026-01-25
6937,3696,5.64,2026-01-25
6938,3125,0.21,2026-01-25
6939,19644,0.08,2026-01-25
6940,7348,0.13,2026-01-25
6941,26870,0.33,2026-01-25
6942,3715,0.39,2026-01-25
6943,25647,0.62,2026-01-25
6944,21532,1.88,2026-01-25
6945,5047,5.25,2026-01-25
6946,23156,115.98,2026-01-25
6947,5177,0.29,2026-01-25
6948,6154,0.59,2026-01-25
6949,10569,0.55,2026-01-25
6950,11713,5.31,2026-01-25
6951,14072,0.10,2026-01-25
6952,18096,0.22,2026-01-25
6953,11488,0.37,2026-01-25
6954,11327,7.13,2026-01-25
6955,23013,0.76,2026-01-25
6956,3831,2.97,2026-01-25
6957,26099,4.41,2026-01-25
6958,9047,2.22,2026-01-25
6959,7538,0.83,2026-01-25
6960,4337,0.24,2026-01-25
6961,7680,4.13,2026-01-25
6962,884,2.49,2026-01-25
6963,17277,2.57,2026-01-25
6964,12519,7.06,2026-01-25
6965,10368,0.59,2026-01-25
6966,4718,0.16,2026-01-25
6967,15235,0.51,2026-01-25
6968,22525,3.20,2026-01-25
6969,5705,0.91,2026-01-25
6970,13475,23.74,2026-01-25
6971,18214,64.24,2026-01-25
6972,15465,3.83,2026-01-25
6973,18700,0.71,2026-01-25
6974,26656,10.10,2026-01-25
6975,23323,3.21,2026-01-25
6976,20247,0.33,2026-01-25
6977,16395,2.25,2026-01-25
6978,3581,4.01,2026-01-25
6979,26392,2.05,2026-01-25
6980,1752,1.41,2026-01-25
6981,8547,10.45,2026-01-25
6982,22068,16.44,2026-01-25
6983,24179,93.75,2026-01-25
6984,22022,4.67,2026-01-25
6985,12374,4.34,2026-01-25
6986,17607,1.33,2026-01-25
6987,2952,2.83,2026-01-25
6988,14966,0.25,2026-01-25
6989,14246,0.72,2026-01-25
6990,15191,5.44,2026-01-25
6991,3908,1.80,2026-01-25
6992,5903,29.52,2026-01-25
6993,16456,0.25,2026-01-25
6994,98,0.56,2026-01-25
6995,7198,1.91,2026-01-25
6996,7011,5.43,2026-01-25
6997,20905,7.73,2026-01-25
6998,21861,39.60,2026-01-25
6999,12700,4.89,2026-01-25
7000,22225,1.02,2026-01-25
7001,15558,12.52,2026-01-25
7002,16391,4.25,2026-01-25
7003,3139,0.65,2026-01-25
7004,7351,2.50,2026-01-25
7005,20090,0.33,2026-01-25
7006,22387,0.90,2026-01-25
7007,19685,1.81,2026-01-25
7008,9750,13.37,2026-01-25
7009,22065,3.76,2026-01-25
7010,18211,1.19,2026-01-25
7011,25170,23.20,2026-01-25
7012,18450,34.75,2026-01-25
7013,1330,4.33,2026-01-25
7014,3585,15.36,2026-01-25
7015,14385,1.42,2026-01-25
7016,13940,4.95,2026-01-25
7017,9302,0.30,2026-01-25
7018,7550,0.62,2026-01-25
7019,15018,2.92,2026-01-25
7020,5442,1.91,2026-01-25
7021,23417,0.57,2026-01-25
7022,4971,5.24,2026-01-25
7023,5167,0.53,2026-01-25
7024,1183,1.18,2026-01-25
7025,12733,1.04,2026-01-25
7026,13448,1.03,2026-01-25
7027,4099,1.38,2026-01-25
7028,1498,2.42,2026-01-25
7029,11845,1.21,2026-01-25
7030,22663,1.46,2026-01-25
7031,16422,2.45,2026-01-25
7032,25551,0.14,2026-01-25
7033,9342,0.31,2026-01-25
7034,25451,0.69,2026-01-25
7035,15655,0.21,2026-01-25
7036,3513,0.45,2026-01-25
7037,13975,0.97,2026-01-25
7038,26157,0.43,2026-01-25
7039,13112,0.70,2026-01-25
7040,2172,0.28,2026-01-25
7041,5896,0.54,2026-01-25
7042,1109,1.51,2026-01-25
7043,22705,9.99,2026-01-25
7044,3370,0.15,2026-01-25
7045,16961,0.57,2026-01-25
7046,19736,0.19,2026-01-25
7047,3346,0.06,2026-01-25
7048,692,1.75,2026-01-25
7049,19762,14.22,2026-01-25
7050,15687,0.19,2026-01-25
7051,14722,0.46,2026-01-25
7052,17087,0.59,2026-01-25
7053,1818,13.60,2026-01-25
7054,18044,17.26,2026-01-25
7055,18953,0.24,2026-01-25
7056,26732,0.65,2026-01-25
7057,13938,0.47,2026-01-25
7058,8584,0.22,2026-01-25
7059,26349,0.30,2026-01-25
7060,22915,5.84,2026-01-25
7061,9626,10.75,2026-01-25
7062,10273,17.98,2026-01-25
7063,17266,0.24,2026-01-25
7064,10999,0.53,2026-01-25
7065,907,3.60,2026-01-25
7066,11050,5.29,2026-01-25
7067,3662,31.06,2026-01-25
7068,7215,0.52,2026-01-25
7069,6684,0.82,2026-01-25
7070,776,0.84,2026-01-25
7071,3476,7.76,2026-01-25
7072,3271,0.86,2026-01-25
7073,1154,2.16,2026-01-25
7074,2161,2.83,2026-01-25
7075,4075,6.63,2026-01-25
7076,10992,8.89,2026-01-25
7077,18580,2.93,2026-01-25
7078,19470,1.65,2026-01-25
7079,11361,5.22,2026-01-25
7080,17480,0.23,2026-01-25
7081,1277,2.35,2026-01-25
7082,6605,220.75,2026-01-25
7083,26884,2.46,2026-01-25
7084,22056,97.98,2026-01-25
7085,14315,0.58,2026-01-25
7086,19072,0.18,2026-01-25
7087,21641,1.01,2026-01-25
7088,14739,5.67,2026-01-25
7089,13013,1.24,2026-01-25
7090,8148,0.46,2026-01-25
7091,4861,16.40,2026-01-25
7092,21084,1.51,2026-01-25
7093,17358,2.34,2026-01-25
7094,26196,0.38,2026-01-25
7095,21933,0.19,2026-01-25
7096,4953,0.18,2026-01-25
7097,26956,0.80,2026-01-25
7098,459,8.17,2026-01-25
7099,21608,11.84,2026-01-25
7100,16910,2.92,2026-01-25
7101,25008,0.13,2026-01-25
7102,13167,0.23,2026-01-25
7103,5679,8.41,2026-01-25
7104,2633,2.63,2026-01-25
7105,11492,25.81,2026-01-25
7106,8216,96.83,2026-01-25
7107,22852,0.72,2026-01-25
7108,25055,2.18,2026-01-25
7109,12837,0.89,2026-01-25
7110,996,0.52,2026-01-25
7111,11102,13.13,2026-01-25
7112,10393,14.18,2026-01-25
7113,3722,3.00,2026-01-25
7114,25520,7.34,2026-01-25
7115,17957,0.57,2026-01-25
7116,22227,2.88,2026-01-25
7117,18300,1.27,2026-01-25
7118,21655,1.25,2026-01-25
7119,21343,0.54,2026-01-25
7120,9550,1.79,2026-01-25
7121,3904,0.22,2026-01-25
7122,22639,0.36,2026-01-25
7123,11834,7.05,2026-01-25
7124,6492,36.89,2026-01-25
7125,7071,77.73,2026-01-25
7126,10627,1.08,2026-01-25
7127,4277,1.41,2026-01-25
7128,458,0.83,2026-01-25
7129,16392,4.22,2026-01-25
7130,6179,0.46,2026-01-25
7131,16718,3.60,2026-01-25
7132,15601,13.69,2026-01-25
7133,20196,2.76,2026-01-25
7134,26434,0.19,2026-01-25
7135,5405,0.38,2026-01-25
7136,2244,0.22,2026-01-25
7137,23174,0.52,2026-01-25
7138,1966,3.24,2026-01-25
7139,1724,0.78,2026-01-25
7140,8755,6.50,2026-01-25
7141,22145,78.17,2026-01-25
7142,22025,0.21,2026-01-25
7143,25143,0.24,2026-01-25
7144,6074,0.53,2026-01-25
7145,1275,1.50,2026-01-25
7146,4720,19.75,2026-01-25
7147,3615,57.03,2026-01-25
7148,9009,25.00,2026-01-25
7149,18969,2.06,2026-01-25
7150,18193,0.41,2026-01-25
7151,1175,7.14,2026-01-25
7152,3933,0.59,2026-01-25
7153,26493,1.02,2026-01-25
7154,23018,0.17,2026-01-25
7155,9414,0.36,2026-01-25
7156,9394,1.58,2026-01-25
7157,22384,1.22,2026-01-25
7158,21600,15.85,2026-01-25
7159,16239,6.94,2026-01-25
7160,13330,20.88,2026-01-25
7161,24955,0.09,2026-01-25
7162,22457,0.19,2026-01-25
7163,24479,0.32,2026-01-25
7164,3279,0.95,2026-01-25
7165,7098,5.02,2026-01-25
7166,24705,11.35,2026-01-25
7167,4113,15.97,2026-01-25
7168,9000,6.82,2026-01-25
7169,26862,0.43,2026-01-25
7170,10123,1.35,2026-01-25
7171,12030,142.79,2026-01-25
7172,7476,0.44,2026-01-25
7173,2607,1.54,2026-01-25
7174,24223,4.19,2026-01-25
7175,6697,19.99,2026-01-25
7176,20836,0.29,2026-01-25
7177,13269,2.64,2026-01-25
7178,2614,0.99,2026-01-25
7179,787,11.04,2026-01-25
7180,20732,0.26,2026-01-25
7181,18592,0.56,2026-01-25
7182,22265,0.44,2026-01-25
7183,25947,1.19,2026-01-25
7184,17633,2.82,2026-01-25
7185,15211,0.64,2026-01-25
7186,17935,2.94,2026-01-25
7187,18557,77.76,2026-01-25
7188,25575,0.48,2026-01-25
7189,12472,0.25,2026-01-25
7190,8093,0.09,2026-01-25
7191,15829,0.20,2026-01-25
7192,17706,0.28,2026-01-25
7193,18636,0.68,2026-01-25
7194,6183,1.62,2026-01-25
7195,8670,31.49,2026-01-25
7196,11279,0.68,2026-01-25
7197,13798,14.69,2026-01-25
7198,17079,57.74,2026-01-25
7199,17184,133.74,2026-01-25
7200,11879,0.19,2026-01-25
7201,7161,0.38,2026-01-25
7202,15752,1.24,2026-01-25
7203,7181,4.24,2026-01-25
7204,1832,4.22,2026-01-25
7205,1986,5.43,2026-01-25
7206,26238,0.11,2026-01-25
7207,13214,0.26,2026-01-25
7208,18560,0.56,2026-01-25
7209,24532,2.33,2026-01-25
7210,3324,0.73,2026-01-25
7211,2836,1.59,2026-01-25
7212,3035,18.41,2026-01-25
7213,25732,6.43,2026-01-25
7214,19412,3.73,2026-01-25
7215,14408,2.06,2026-01-25
7216,23125,3.50,2026-01-25
7217,17818,0.42,2026-01-25
7218,24792,1.97,2026-01-25
7219,20571,0.56,2026-01-25
7220,1436,0.79,2026-01-25
7221,13665,0.07,2026-01-25
7222,19829,0.24,2026-01-25
7223,15337,0.59,2026-01-25
7224,5274,0.97,2026-01-25
7225,2235,3.32,2026-01-25
7226,6502,17.97,2026-01-25
7227,8117,3.64,2026-01-25
7228,11541,22.12,2026-01-25
7229,7142,1.19,2026-01-25
7230,7491,5.19,2026-01-25
7231,16282,1.38,2026-01-25
7232,1279,5.18,2026-01-25
7233,16620,0.87,2026-01-25
7234,17460,4.09,2026-01-25
7235,19366,0.49,2026-01-25
7236,8388,0.77,2026-01-25
7237,21844,0.84,2026-01-25
7238,19938,5.97,2026-01-25
7239,24095,3.24,2026-01-25
7240,15590,5.01,2026-01-25
7241,8991,0.12,2026-01-25
7242,26817,0.27,2026-01-25
7243,26797,0.58,2026-01-25
7244,18624,2.76,2026-01-25
7245,20150,3.87,2026-01-25
7246,2433,23.08,2026-01-25
7247,25800,0.28,2026-01-25
7248,15892,1.00,2026-01-25
7249,23089,0.60,2026-01-25
7250,10546,0.62,2026-01-25
7251,25339,2.37,2026-01-25
7252,13321,0.50,2026-01-25
7253,14964,2.72,2026-01-25
7254,26948,0.63,2026-01-25
7255,13835,15.42,2026-01-25
7256,3780,3.72,2026-01-25
7257,18830,3.43,2026-01-25
7258,10649,108.83,2026-01-25
7259,23051,4.10,2026-01-25
7260,26144,119.15,2026-01-25
7261,16132,0.35,2026-01-25
7262,27012,1.14,2026-01-25
7263,12161,0.63,2026-01-25
7264,13827,0.92,2026-01-25
7265,13081,0.59,2026-01-25
7266,2446,4.92,2026-01-25
7267,8766,2.45,2026-01-25
7268,6645,0.82,2026-01-25
7269,3361,2.07,2026-01-25
7270,25895,4.50,2026-01-25
7271,13995,0.59,2026-01-25
7272,14904,9.95,2026-01-25
7273,18180,0.51,2026-01-25
7274,17072,0.22,2026-01-25
7275,2078,5.15,2026-01-25
7276,9979,2.42,2026-01-25
7277,13292,20.95,2026-01-25
7278,9613,0.75,2026-01-25
7279,6530,0.37,2026-01-25
7280,24163,1.81,2026-01-25
7281,17769,1.66,2026-01-25
7282,25001,7.65,2026-01-25
7283,17673,0.66,2026-01-25
7284,22258,9.33,2026-01-25
7285,13181,0.66,2026-01-25
7286,17749,12.00,2026-01-25
7287,3454,2.61,2026-01-25
7288,389,0.15,2026-01-25
7289,6395,0.26,2026-01-25
7290,9547,0.15,2026-01-25
7291,17256,0.24,2026-01-25
7292,23583,7.86,2026-01-25
7293,25904,5.04,2026-01-25
7294,4637,0.18,2026-01-25
7295,3675,0.33,2026-01-25
7296,12740,0.13,2026-01-25
7297,12973,0.30,2026-01-25
7298,19508,0.11,2026-01-25
7299,6908,0.22,2026-01-25
7300,14646,0.48,2026-01-25
7301,17152,1.00,2026-01-25
7302,11151,17.99,2026-01-25
7303,23653,21.51,2026-01-25
7304,26963,34.99,2026-01-25
7305,26866,0.11,2026-01-25
7306,14660,0.29,2026-01-25
7307,4358,1.62,2026-01-25
7308,17685,2.69,2026-01-25
7309,15915,0.79,2026-01-25
7310,17830,10.35,2026-01-25
7311,24662,6.21,2026-01-25
7312,19811,16.67,2026-01-25
7313,18783,0.27,2026-01-25
7314,24484,1.21,2026-01-25
7315,12505,0.15,2026-01-25
7316,26082,0.27,2026-01-25
7317,8781,1.29,2026-01-25
7318,7583,2.21,2026-01-25
7319,15429,0.63,2026-01-25
7320,18908,2.26,2026-01-25
7321,13506,48.00,2026-01-25
7322,20984,49.81,2026-01-25
7323,9174,5.54,2026-01-25
7324,12159,10.12,2026-01-25
7325,8114,5.14,2026-01-25
7326,18648,2.04,2026-01-25
7327,1916,0.65,2026-01-25
7328,16988,3.00,2026-01-25
7329,19925,15.40,2026-01-25
7330,22217,5.21,2026-01-25
7331,17566,2.80,2026-01-25
7332,569,1.71,2026-01-25
7333,19787,96.86,2026-01-25
7334,12357,29.52,2026-01-25
7335,20253,9.49,2026-01-25
7336,8177,1.24,2026-01-25
7337,3188,28.82,2026-01-25
7338,17075,65.00,2026-01-25
7339,19032,1.21,2026-01-25
7340,7015,3.65,2026-01-25
7341,602,0.15,2026-01-25
7342,2862,0.28,2026-01-25
7343,7654,1.66,2026-01-25
7344,16199,6.25,2026-01-25
7345,23968,1.92,2026-01-25
7346,5280,0.24,2026-01-25
7347,20161,0.59,2026-01-25
7348,18092,0.23,2026-01-25
7349,12787,0.38,2026-01-25
7350,16370,0.40,2026-01-25
7351,13829,9.17,2026-01-25
7352,10756,19.53,2026-01-25
7353,4037,5.50,2026-01-25
7354,3219,0.36,2026-01-25
7355,6235,0.70,2026-01-25
7356,1673,2.07,2026-01-25
7357,4107,1.02,2026-01-25
7358,22662,1.29,2026-01-25
7359,1037,98.13,2026-01-25
7360,1700,0.28,2026-01-25
7361,22453,4.28,2026-01-25
7362,17527,4.55,2026-01-25
7363,19979,5.81,2026-01-25
7364,21805,22.99,2026-01-25
7365,23312,0.73,2026-01-25
7366,14538,0.34,2026-01-25
7367,2659,0.37,2026-01-25
7368,19252,0.18,2026-01-25
7369,11491,11.19,2026-01-25
7370,23883,4.62,2026-01-25
7371,13281,0.61,2026-01-25
7372,9611,0.77,2026-01-25
7373,6726,5.55,2026-01-25
7374,9419,7.96,2026-01-25
7375,26496,1.28,2026-01-25
7376,11953,5.16,2026-01-25
7377,25534,8.68,2026-01-25
7378,22211,0.14,2026-01-25
7379,20287,0.31,2026-01-25
7380,4297,0.14,2026-01-25
7381,25970,0.25,2026-01-25
7382,4648,1.35,2026-01-25
7383,5170,5.02,2026-01-25
7384,9576,1.76,2026-01-25
7385,6993,8.35,2026-01-25
7386,11942,43.60,2026-01-25
7387,15493,28.38,2026-01-25
7388,3363,3.81,2026-01-25
7389,4153,0.18,2026-01-25
7390,24022,0.49,2026-01-25
7391,938,0.49,2026-01-25
7392,7867,0.95,2026-01-25
7393,8663,0.79,2026-01-25
7394,22861,1.04,2026-01-25
7395,26821,0.26,2026-01-25
7396,15414,0.90,2026-01-25
7397,17474,1.53,2026-01-25
7398,16457,11.12,2026-01-25
7399,26172,3.08,2026-01-25
7400,2337,6.67,2026-01-25
7401,4266,7.39,2026-01-25
7402,24186,0.22,2026-01-25
7403,13702,0.64,2026-01-25
7404,17614,0.12,2026-01-25
7405,22232,0.31,2026-01-25
7406,2383,0.70,2026-01-25
7407,16045,0.34,2026-01-25
7408,22069,1.40,2026-01-25
7409,18815,11.58,2026-01-25
7410,13544,0.40,2026-01-25
7411,6037,0.88,2026-01-25
7412,15996,0.68,2026-01-25
7413,943,23.09,2026-01-25
7414,11342,0.17,2026-01-25
7415,19638,0.26,2026-01-25
7416,23105,5.06,2026-01-25
7417,13875,2.12,2026-01-25
7418,9573,0.20,2026-01-25
7419,18807,1.88,2026-01-25
7420,24651,51.42,2026-01-25
7421,5660,0.28,2026-01-25
7422,17103,1.32,2026-01-25
7423,24111,1.70,2026-01-25
7424,10281,2.63,2026-01-25
7425,8694,0.18,2026-01-25
7426,13673,0.35,2026-01-25
7427,17869,31.86,2026-01-25
7428,11378,7.96,2026-01-25
7429,15355,3.11,2026-01-25
7430,15424,27.58,2026-01-25
7431,20813,0.71,2026-01-25
7432,6832,2.36,2026-01-25
7433,14632,0.79,2026-01-25
7434,3872,14.33,2026-01-25
7435,20724,1.25,2026-01-25
7436,4736,3.39,2026-01-25
7437,1641,4.55,2026-01-25
7438,20562,1.04,2026-01-25
7439,8425,0.43,2026-01-25
7440,6106,3.23,2026-01-25
7441,24704,60.32,2026-01-25
7442,14203,97.24,2026-01-25
7443,20083,0.84,2026-01-25
7444,6604,2.21,2026-01-25
7445,10390,0.12,2026-01-25
7446,8835,0.28,2026-01-25
7447,16537,46.49,2026-01-25
7448,7454,179.99,2026-01-25
7449,21200,0.39,2026-01-25
7450,24063,8.40,2026-01-25
7451,19998,1.70,2026-01-25
7452,9293,1.28,2026-01-25
7453,16382,12.90,2026-01-25
7454,2004,6.70,2026-01-25
7455,17847,3.55,2026-01-25
7456,16119,0.48,2026-01-25
7457,2630,2.77,2026-01-25
7458,18144,0.95,2026-01-25
7459,4807,1.98,2026-01-25
7460,24497,46.65,2026-01-25
7461,9782,87.66,2026-01-25
7462,8924,1.12,2026-01-25
7463,10271,2.04,2026-01-25
7464,14885,0.27,2026-01-25
7465,18697,0.90,2026-01-25
7466,17771,10.71,2026-01-25
7467,11603,71.01,2026-01-25
7468,5797,49.99,2026-01-25
7469,895,0.07,2026-01-25
7470,14980,0.14,2026-01-25
7471,26742,0.75,2026-01-25
7472,16380,0.60,2026-01-25
7473,4296,0.75,2026-01-25
7474,6221,2.71,2026-01-25
7475,13807,1.40,2026-01-25
7476,24127,12.75,2026-01-25
7477,14295,1.59,2026-01-25
7478,15544,2.75,2026-01-25
7479,855,1.75,2026-01-25
7480,13723,14.13,2026-01-25
7481,25211,0.68,2026-01-25
7482,19545,0.98,2026-01-25
7483,2408,0.43,2026-01-25
7484,10532,0.24,2026-01-25
7485,3403,0.28,2026-01-25
7486,20417,0.43,2026-01-25
7487,20449,0.15,2026-01-25
7488,6517,0.37,2026-01-25
7489,24087,0.21,2026-01-25
7490,13457,0.12,2026-01-25
7491,13261,0.99,2026-01-25
7492,18324,5.97,2026-01-25
7493,20525,7.17,2026-01-25
7494,14124,1.90,2026-01-25
7495,24734,0.17,2026-01-25
7496,24240,0.56,2026-01-25
7497,8700,0.42,2026-01-25
7498,21130,1.03,2026-01-25
7499,15702,5.33,2026-01-25
7500,6672,2.19,2026-01-25
7501,13652,23.64,2026-01-25
7502,4948,0.08,2026-01-25
7503,8030,0.15,2026-01-25
7504,21049,0.41,2026-01-25
7505,19295,1.65,2026-01-25
7506,2968,1.79,2026-01-25
7507,9011,1.19,2026-01-25
7508,14397,0.78,2026-01-25
7509,3858,3.18,2026-01-25
7510,15482,0.39,2026-01-25
7511,8223,0.85,2026-01-25
7512,22659,0.55,2026-01-25
7513,6175,1.00,2026-01-25
7514,15432,0.27,2026-01-25
7515,14439,0.90,2026-01-25
7516,23339,1.57,2026-01-25
7517,25356,12.74,2026-01-25
7518,9149,0.89,2026-01-25
7519,13091,14.48,2026-01-25
7520,10795,1.65,2026-01-25
7521,16757,5.18,2026-01-25
7522,7896,0.99,2026-01-25
7523,21179,7.10,2026-01-25
7524,913,1.29,2026-01-25
7525,14984,7.00,2026-01-25
7526,22672,1.74,2026-01-25
7527,1581,59.99,2026-01-25
7528,12921,8.13,2026-01-25
7529,13298,14.99,2026-01-25
7530,12488,1.16,2026-01-25
7531,16899,0.18,2026-01-25
7532,1161,0.12,2026-01-25
7533,20384,0.34,2026-01-25
7534,2540,2.47,2026-01-25
7535,15881,2.18,2026-01-25
7536,9417,0.95,2026-01-25
7537,14188,6.53,2026-01-25
7538,6438,5.78,2026-01-25
7539,14634,20.25,2026-01-25
7540,24643,0.24,2026-01-25
7541,18081,0.09,2026-01-25
7542,18298,0.32,2026-01-25
7543,529,1.67,2026-01-25
7544,24600,0.66,2026-01-25
7545,26166,1.41,2026-01-25
7546,26810,10.04,2026-01-25
7547,7038,10.61,2026-01-25
7548,17407,0.41,2026-01-25
7549,23176,0.97,2026-01-25
7550,7711,35.03,2026-01-25
7551,1771,1.73,2026-01-25
7552,6710,10.63,2026-01-25
7553,18510,0.22,2026-01-25
7554,19773,0.60,2026-01-25
7555,10767,0.87,2026-01-25
7556,18268,11.86,2026-01-25
7557,15357,5.10,2026-01-25
7558,14435,0.25,2026-01-25
7559,21478,2.83,2026-01-25
7560,22296,0.36,2026-01-25
7561,5831,1.50,2026-01-25
7562,1550,5.42,2026-01-25
7563,8787,6.95,2026-01-25
7564,15351,0.91,2026-01-25
7565,24300,3.58,2026-01-25
7566,12951,1.43,2026-01-25
7567,22776,2.98,2026-01-25
7568,12233,2.02,2026-01-25
7569,8748,11.60,2026-01-25
7570,25342,12.12,2026-01-25
7571,21173,36.00,2026-01-25
7572,19457,0.37,2026-01-25
7573,6838,2.28,2026-01-25
7574,4711,0.26,2026-01-25
7575,20622,0.40,2026-01-25
7576,6777,0.78,2026-01-25
7577,5476,8.20,2026-01-25
7578,12500,0.45,2026-01-25
7579,23327,1.13,2026-01-25
7580,24614,1.26,2026-01-25
7581,11955,3.19,2026-01-25
7582,17091,1.07,2026-01-25
7583,1517,1.14,2026-01-25
7584,8428,2.69,2026-01-25
7585,21007,1.26,2026-01-25
7586,7043,9.86,2026-01-25
7587,8938,0.18,2026-01-25
7588,24355,0.10,2026-01-25
7589,13463,0.77,2026-01-25
7590,1546,0.80,2026-01-25
7591,17826,0.18,2026-01-25
7592,6482,0.65,2026-01-25
7593,23987,0.23,2026-01-25
7594,6658,1.55,2026-01-25
7595,14913,7.06,2026-01-25
7596,17350,2.11,2026-01-25
7597,16203,0.42,2026-01-25
7598,12267,0.84,2026-01-25
7599,24605,1.64,2026-01-25
7600,3414,9.00,2026-01-25
7601,27040,4.05,2026-01-25
7602,23694,30.33,2026-01-25
7603,24234,5.19,2026-01-25
7604,21951,45.18,2026-01-25
7605,24602,11.74,2026-01-25
7606,7700,23.33,2026-01-25
7607,14240,0.09,2026-01-25
7608,24080,0.26,2026-01-25
7609,15223,0.22,2026-01-25
7610,17042,0.56,2026-01-25
7611,13084,0.78,2026-01-25
7612,17450,9.98,2026-01-25
7613,3187,0.24,2026-01-25
7614,24336,0.68,2026-01-25
7615,20888,0.25,2026-01-25
7616,26063,0.64,2026-01-25
7617,6312,0.14,2026-01-25
7618,3020,0.63,2026-01-25
7619,3681,5.32,2026-01-25
7620,16178,2.04,2026-01-25
7621,13936,22.56,2026-01-25
7622,5178,5.66,2026-01-25
7623,26702,0.15,2026-01-25
7624,23924,0.54,2026-01-25
7625,24332,0.21,2026-01-25
7626,21778,1.32,2026-01-25
7627,22767,3.48,2026-01-25
7628,1063,0.23,2026-01-25
7629,8798,0.73,2026-01-25
7630,7474,25.54,2026-01-25
7631,2728,27.98,2026-01-25
7632,5392,1.25,2026-01-25
7633,1203,3.69,2026-01-25
7634,18247,199.04,2026-01-25
7635,21032,0.33,2026-01-25
7636,18254,3.30,2026-01-25
7637,11157,0.54,2026-01-25
7638,11003,0.79,2026-01-25
7639,26290,1.33,2026-01-25
7640,12735,8.95,2026-01-25
7641,12274,1.96,2026-01-25
7642,17249,0.71,2026-01-25
7643,15290,5.86,2026-01-25
7644,13893,0.43,2026-01-25
7645,7299,0.12,2026-01-25
7646,11045,1.71,2026-01-25
7647,4784,14.22,2026-01-25
7648,24268,0.33,2026-01-25
7649,26970,7.22,2026-01-25
7650,10056,1.21,2026-01-25
7651,23634,1.18,2026-01-25
7652,21446,11.76,2026-01-25
7653,12901,21.20,2026-01-25
7654,20072,2.50,2026-01-25
7655,21710,0.73,2026-01-25
7656,5888,2.93,2026-01-25
7657,26804,12.26,2026-01-25
7658,5600,0.30,2026-01-25
7659,5717,0.45,2026-01-25
7660,2173,0.67,2026-01-25
7661,15125,2.40,2026-01-25
7662,8252,0.35,2026-01-25
7663,17368,0.17,2026-01-25
7664,18491,1.80,2026-01-25
7665,4146,1.01,2026-01-25
7666,9672,2.63,2026-01-25
7667,19372,1.52,2026-01-25
7668,16004,5.47,2026-01-25
7669,8890,9.79,2026-01-25
7670,6190,42.00,2026-01-25
7671,15800,2.35,2026-01-25
7672,22117,8.01,2026-01-25
7673,23789,1.82,2026-01-25
7674,19886,1.70,2026-01-25
7675,17877,15.97,2026-01-25
7676,10484,9.27,2026-01-25
7677,5376,5.13,2026-01-25
7678,20019,0.68,2026-01-25
7679,3227,3.85,2026-01-25
7680,25048,1.42,2026-01-25
7681,16750,10.70,2026-01-25
7682,22405,4.61,2026-01-25
7683,21725,6.07,2026-01-25
7684,14235,0.63,2026-01-25
7685,4187,2.92,2026-01-25
7686,3577,2.82,2026-01-25
7687,12303,0.50,2026-01-25
7688,26604,1.16,2026-01-25
7689,26033,0.15,2026-01-25
7690,25142,0.22,2026-01-25
7691,11746,3.09,2026-01-25
7692,3480,0.97,2026-01-25
7693,8032,700.00,2026-01-25
7694,24408,0.11,2026-01-25
7695,5602,0.26,2026-01-25
7696,20265,1.02,2026-01-25
7697,26286,14.88,2026-01-25
7698,13087,1.72,2026-01-25
7699,15649,7.85,2026-01-25
7700,14584,150.00,2026-01-25
7701,10163,190.00,2026-01-25
7702,2539,1.37,2026-01-25
7703,19362,0.78,2026-01-25
7704,10539,0.43,2026-01-25
7705,1665,0.19,2026-01-25
7706,2265,0.23,2026-01-25
7707,5575,0.58,2026-01-25
7708,22797,1.39,2026-01-25
7709,6103,3.73,2026-01-25
7710,16622,0.24,2026-01-25
7711,8228,0.46,2026-01-25
7712,21691,0.44,2026-01-25
7713,3875,0.66,2026-01-25
7714,14365,0.60,2026-01-25
7715,22966,1.80,2026-01-25
7716,2192,0.56,2026-01-25
7717,20360,0.48,2026-01-25
7718,24033,0.34,2026-01-25
7719,19393,11.09,2026-01-25
7720,7298,5.25,2026-01-25
7721,24841,0.29,2026-01-25
7722,8092,0.97,2026-01-25
7723,21499,0.13,2026-01-25
7724,10596,0.40,2026-01-25
7725,21661,3.73,2026-01-25
7726,16953,1.55,2026-01-25
7727,22962,0.41,2026-01-25
7728,696,0.44,2026-01-25
7729,25314,7.92,2026-01-25
7730,18998,22.00,2026-01-25
7731,860,1.17,2026-01-25
7732,5193,2.00,2026-01-25
7733,18111,0.61,2026-01-25
7734,19603,0.35,2026-01-25
7735,8850,0.31,2026-01-25
7736,13411,0.67,2026-01-25
7737,12221,0.47,2026-01-25
7738,17013,9.46,2026-01-25
7739,24759,2.10,2026-01-25
7740,422,0.07,2026-01-25
7741,6430,0.20,2026-01-25
7742,24279,0.68,2026-01-25
7743,570,4.89,2026-01-25
7744,17578,0.29,2026-01-25
7745,11438,0.29,2026-01-25
7746,1359,0.67,2026-01-25
7747,16082,1.85,2026-01-25
7748,14003,1.28,2026-01-25
7749,13289,0.23,2026-01-25
7750,4480,1.30,2026-01-25
7751,4383,0.12,2026-01-25
7752,26861,0.27,2026-01-25
7753,1428,0.38,2026-01-25
7754,19404,0.87,2026-01-25
7755,5021,2.19,2026-01-25
7756,9817,1.31,2026-01-25
7757,22047,5.29,2026-01-25
7758,18765,8.43,2026-01-25
7759,9507,4.63,2026-01-25
7760,17545,8.62,2026-01-25
7761,6723,22.59,2026-01-25
7762,8515,0.11,2026-01-25
7763,20503,0.21,2026-01-25
7764,8391,13.47,2026-01-25
7765,6631,2.49,2026-01-25
7766,16594,1.51,2026-01-25
7767,13884,0.98,2026-01-25
7768,14755,0.18,2026-01-25
7769,10732,0.40,2026-01-25
7770,15871,0.48,2026-01-25
7771,26483,1.26,2026-01-25
7772,22179,0.23,2026-01-25
7773,13992,0.58,2026-01-25
7774,14373,0.63,2026-01-25
7775,20305,0.83,2026-01-25
7776,20750,0.51,2026-01-25
7777,11543,0.21,2026-01-25
7778,11422,0.09,2026-01-25
7779,3946,0.15,2026-01-25
7780,7775,0.24,2026-01-25
7781,19588,0.35,2026-01-25
7782,24838,3.40,2026-01-25
7783,3333,0.62,2026-01-25
7784,5151,2.67,2026-01-25
7785,21325,2.10,2026-01-25
7786,9877,7.44,2026-01-25
7787,8474,2.32,2026-01-25
7788,22843,190.00,2026-01-25
7789,17400,8.11,2026-01-25
7790,22758,60.00,2026-01-25
7791,26535,0.14,2026-01-25
7792,10054,0.47,2026-01-25
7793,14807,0.27,2026-01-25
7794,14948,1.00,2026-01-25
7795,21320,1.19,2026-01-25
7796,8186,70.00,2026-01-25
7797,13031,5.14,2026-01-25
7798,2390,1.46,2026-01-25
7799,1858,0.28,2026-01-25
7800,13569,1.28,2026-01-25
7801,3795,0.08,2026-01-25
7802,4088,0.22,2026-01-25
7803,20338,0.45,2026-01-25
7804,19100,2.06,2026-01-25
7805,9603,4.76,2026-01-25
7806,24142,27.52,2026-01-25
7807,5372,0.78,2026-01-25
7808,12396,6.75,2026-01-25
7809,16965,0.33,2026-01-25
7810,10325,1.27,2026-01-25
7811,3021,44.73,2026-01-25
7812,7371,5.41,2026-01-25
7813,11212,40.56,2026-01-25
7814,3989,0.48,2026-01-25
7815,15750,8.97,2026-01-25
7816,26709,1.89,2026-01-25
7817,25432,1.22,2026-01-25
7818,4962,0.27,2026-01-25
7819,26826,1.15,2026-01-25
7820,25731,0.57,2026-01-25
7821,18226,3.93,2026-01-25
7822,13266,2.17,2026-01-25
7823,7649,10.29,2026-01-25
7824,20405,2.07,2026-01-25
7825,5413,55.00,2026-01-25
7826,4991,1.29,2026-01-25
7827,23280,1.11,2026-01-25
7828,24654,3.53,2026-01-25
7829,15726,0.25,2026-01-25
7830,12301,1.20,2026-01-25
7831,21293,0.60,2026-01-25
7832,15866,1.10,2026-01-25
7833,8368,0.55,2026-01-25
7834,10849,4.75,2026-01-25
7835,4898,3.35,2026-01-25
7836,17560,6.10,2026-01-25
7837,24590,0.16,2026-01-25
7838,12409,0.37,2026-01-25
7839,17044,0.55,2026-01-25
7840,35,0.50,2026-01-25
7841,10896,4.69,2026-01-25
7842,18467,1.29,2026-01-25
7843,26848,0.51,2026-01-25
7844,9649,0.21,2026-01-25
7845,9488,0.21,2026-01-25
7846,3596,0.39,2026-01-25
7847,24149,0.46,2026-01-25
7848,6696,0.20,2026-01-25
7849,7359,0.39,2026-01-25
7850,6048,0.79,2026-01-25
7851,19858,0.39,2026-01-25
7852,25942,1.86,2026-01-25
7853,18137,0.23,2026-01-25
7854,7335,0.91,2026-01-25
7855,13172,0.43,2026-01-25
7856,21380,2.19,2026-01-25
7857,9561,0.23,2026-01-25
7858,24834,0.82,2026-01-25
7859,5466,3.51,2026-01-25
7860,24556,1.28,2026-01-25
7861,8633,1.23,2026-01-25
7862,8818,1.56,2026-01-25
7863,16756,1.39,2026-01-25
7864,360,2.29,2026-01-25
7865,18094,1.75,2026-01-25
7866,21848,0.43,2026-01-25
7867,25952,2.88,2026-01-25
7868,6301,22.71,2026-01-25
7869,10198,4.46,2026-01-25
7870,18638,1.38,2026-01-25
7871,26570,17.31,2026-01-25
7872,11907,0.19,2026-01-25
7873,4727,0.08,2026-01-25
7874,14076,0.50,2026-01-25
7875,13657,7.15,2026-01-25
7876,24909,0.19,2026-01-25
7877,3657,0.49,2026-01-25
7878,9393,0.65,2026-01-25
7879,17535,1.44,2026-01-25
7880,4538,0.35,2026-01-25
7881,5753,0.56,2026-01-25
7882,1435,4.16,2026-01-25
7883,12220,1.63,2026-01-25
7884,26001,9.50,2026-01-25
7885,24772,3.06,2026-01-25
7886,6078,21.22,2026-01-25
7887,21070,15.99,2026-01-25
7888,5123,700.00,2026-01-25
7889,1228,4.31,2026-01-25
7890,5961,15.86,2026-01-25
7891,21459,3.38,2026-01-25
7892,27032,21.74,2026-01-25
7893,22670,9.30,2026-01-25
7894,10135,315.31,2026-01-25
7895,15042,375.00,2026-01-25
7896,7497,2.09,2026-01-25
7897,24074,14.67,2026-01-25
7898,12381,0.74,2026-01-25
7899,12218,1.23,2026-01-25
7900,13823,2.00,2026-01-25
7901,5699,15.21,2026-01-25
7902,24892,7.68,2026-01-25
7903,26410,0.11,2026-01-25
7904,12651,0.20,2026-01-25
7905,4684,0.20,2026-01-25
7906,19178,1.53,2026-01-25
7907,20937,0.38,2026-01-25
7908,7921,1.42,2026-01-25
7909,25308,25.71,2026-01-25
7910,2792,108.54,2026-01-25
7911,25496,1.80,2026-01-25
7912,9363,7.79,2026-01-25
7913,25533,0.42,2026-01-25
7914,21302,2.49,2026-01-25
7915,12408,1.60,2026-01-25
7916,11976,3.94,2026-01-25
7917,22075,0.08,2026-01-25
7918,8684,0.18,2026-01-25
7919,6442,3.39,2026-01-25
7920,12219,1.07,2026-01-25
7921,22133,77.48,2026-01-25
7922,13360,0.99,2026-01-25
7923,12279,8.45,2026-01-25
7924,22732,12.74,2026-01-25
7925,13779,37.71,2026-01-25
7926,23771,117.94,2026-01-25
7927,20425,26.68,2026-01-25
7928,25367,0.41,2026-01-25
7929,22567,1.55,2026-01-25
7930,17697,0.63,2026-01-25
7931,21704,2.08,2026-01-25
7932,12770,0.23,2026-01-25
7933,14689,0.48,2026-01-25
7934,25093,2.60,2026-01-25
7935,15662,1.96,2026-01-25
7936,14358,1.08,2026-01-25
7937,9035,9.93,2026-01-25
7938,2675,2.59,2026-01-25
7939,6380,0.88,2026-01-25
7940,7214,1.39,2026-01-25
7941,19055,2.41,2026-01-25
7942,17934,0.75,2026-01-25
7943,487,0.19,2026-01-25
7944,22192,0.18,2026-01-25
7945,16308,0.36,2026-01-25
7946,20520,3.97,2026-01-25
7947,11790,9.99,2026-01-25
7948,17095,0.32,2026-01-25
7949,5788,1.42,2026-01-25
7950,475,9.74,2026-01-25
7951,8574,5.92,2026-01-25
7952,7200,0.31,2026-01-25
7953,7766,0.93,2026-01-25
7954,24173,0.26,2026-01-25
7955,11944,2.99,2026-01-25
7956,6241,0.33,2026-01-25
7957,12318,1.19,2026-01-25
7958,4502,4.08,2026-01-25
7959,21634,0.59,2026-01-25
7960,25202,3.37,2026-01-25
7961,26950,0.58,2026-01-25
7962,24742,1.53,2026-01-25
7963,1614,2.50,2026-01-25
7964,26372,0.72,2026-01-25
7965,16350,1.96,2026-01-25
7966,10754,0.17,2026-01-25
7967,10291,0.60,2026-01-25
7968,1644,0.24,2026-01-25
7969,24645,1.54,2026-01-25
7970,24487,2.04,2026-01-25
7971,21956,22.86,2026-01-25
7972,8174,0.47,2026-01-25
7973,22650,0.59,2026-01-25
7974,21627,0.76,2026-01-25
7975,5534,6.32,2026-01-25
7976,20420,4.89,2026-01-25
7977,22816,30.97,2026-01-25
7978,13458,1.69,2026-01-25
7979,15863,69.95,2026-01-25
7980,3464,2.17,2026-01-25
7981,26745,14.00,2026-01-25
7982,23524,0.85,2026-01-25
7983,24028,13.04,2026-01-25
7984,8907,3.69,2026-01-25
7985,8328,0.38,2026-01-25
7986,771,0.11,2026-01-25
7987,13855,0.33,2026-01-25
7988,22107,16.08,2026-01-25
7989,21676,28.00,2026-01-25
7990,4432,0.48,2026-01-25
7991,22991,9.33,2026-01-25
7992,5097,4.28,2026-01-25
7993,6038,2.68,2026-01-25
7994,13707,199.99,2026-01-25
7995,16488,0.23,2026-01-25
7996,26029,0.55,2026-01-25
7997,16248,1.31,2026-01-25
7998,5273,2.06,2026-01-25
7999,24770,2.27,2026-01-25
8000,14708,0.84,2026-01-25
8001,7243,11.49,2026-01-25
8002,25918,1.74,2026-01-25
8003,6294,5.55,2026-01-25
8004,12330,3.32,2026-01-25
8005,5423,0.20,2026-01-25
8006,20208,0.83,2026-01-25
8007,514,0.16,2026-01-25
8008,23854,0.39,2026-01-25
8009,21308,20.37,2026-01-25
8010,25102,11.09,2026-01-25
8011,11882,2.04,2026-01-25
8012,1606,1.70,2026-01-25
8013,4515,0.49,2026-01-25
8014,4607,1.55,2026-01-25
8015,23386,0.59,2026-01-25
8016,21955,26.41,2026-01-25
8017,19489,0.34,2026-01-25
8018,25556,0.12,2026-01-25
8019,4708,3.36,2026-01-25
8020,21468,1.84,2026-01-25
8021,12223,0.14,2026-01-25
8022,15854,0.37,2026-01-25
8023,14642,18.66,2026-01-25
8024,7184,1.26,2026-01-25
8025,17402,1.20,2026-01-25
8026,25443,10.65,2026-01-25
8027,26593,0.10,2026-01-25
8028,22051,0.17,2026-01-25
8029,13060,82.68,2026-01-25
8030,24496,0.21,2026-01-25
8031,18294,0.36,2026-01-25
8032,3409,0.19,2026-01-25
8033,4535,0.27,2026-01-25
8034,6847,0.42,2026-01-25
8035,480,0.57,2026-01-25
8036,18477,3.64,2026-01-25
8037,3893,6.93,2026-01-25
8038,20611,30.47,2026-01-25
8039,23005,0.50,2026-01-25
8040,2006,3.55,2026-01-25
8041,16760,0.68,2026-01-25
8042,713,1.42,2026-01-25
8043,2860,0.52,2026-01-25
8044,4968,1.39,2026-01-25
8045,22759,2.04,2026-01-25
8046,3725,24.01,2026-01-25
8047,25573,1.70,2026-01-25
8048,6846,4.52,2026-01-25
8049,6304,1.18,2026-01-25
8050,20046,0.41,2026-01-25
8051,369,0.12,2026-01-25
8052,18367,0.46,2026-01-25
8053,13223,0.46,2026-01-25
8054,11233,0.18,2026-01-25
8055,26106,0.42,2026-01-25
8056,4327,10.25,2026-01-25
8057,21101,32.67,2026-01-25
8058,14460,9.01,2026-01-25
8059,1482,0.73,2026-01-25
8060,1266,26.60,2026-01-25
8061,22276,0.19,2026-01-25
8062,25074,0.83,2026-01-25
8063,5451,0.32,2026-01-25
8064,17956,1.59,2026-01-25
8065,5308,0.28,2026-01-25
8066,19824,0.91,2026-01-25
8067,23826,0.87,2026-01-25
8068,19437,12.14,2026-01-25
8069,18389,1.67,2026-01-25
8070,25088,15.56,2026-01-25
8071,12149,0.30,2026-01-25
8072,10419,1.52,2026-01-25
8073,9825,0.39,2026-01-25
8074,20922,0.20,2026-01-25
8075,8000,0.16,2026-01-25
8076,22099,0.51,2026-01-25
8077,21986,0.42,2026-01-25
8078,15457,0.18,2026-01-25
8079,7588,0.13,2026-01-25
8080,8319,0.33,2026-01-25
8081,1236,0.30,2026-01-25
8082,3694,0.74,2026-01-25
8083,26048,0.36,2026-01-25
8084,25803,0.22,2026-01-25
8085,6648,69.89,2026-01-25
8086,15873,0.62,2026-01-25
8087,26129,7.34,2026-01-25
8088,25932,1.68,2026-01-25
8089,13383,0.18,2026-01-25
8090,26633,0.81,2026-01-25
8091,9105,2.84,2026-01-25
8092,22409,0.58,2026-01-25
8093,10124,0.26,2026-01-25
8094,5028,0.47,2026-01-25
8095,16009,0.13,2026-01-25
8096,19432,0.30,2026-01-25
8097,7180,0.25,2026-01-25
8098,26969,0.14,2026-01-25
8099,13716,25.97,2026-01-25
8100,2970,4.99,2026-01-25
8101,2175,1.61,2026-01-25
8102,12426,1.23,2026-01-25
8103,21189,0.55,2026-01-25
8104,22760,0.27,2026-01-25
8105,4884,0.57,2026-01-25
8106,3171,1.92,2026-01-25
8107,26478,5.20,2026-01-25
8108,26729,4.88,2026-01-25
8109,8563,1.49,2026-01-25
8110,26245,1.91,2026-01-25
8111,11967,7.28,2026-01-25
8112,14731,0.32,2026-01-25
8113,14251,0.61,2026-01-25
8114,93,0.46,2026-01-25
8115,18612,1.03,2026-01-25
8116,9664,1.08,2026-01-25
8117,3135,9.99,2026-01-25
8118,22780,0.11,2026-01-25
8119,17549,0.33,2026-01-25
8120,1822,0.81,2026-01-25
8121,18743,2.14,2026-01-25
8122,11744,1.10,2026-01-25
8123,19986,63.99,2026-01-25
8124,3693,0.51,2026-01-25
8125,8562,3.49,2026-01-25
8126,12061,0.67,2026-01-25
8127,23635,3.26,2026-01-25
8128,7929,2.39,2026-01-25
8129,21929,12.56,2026-01-25
8130,12355,1.90,2026-01-25
8131,14333,8.78,2026-01-25
8132,17497,1.21,2026-01-25
8133,4911,3.15,2026-01-25
8134,6443,3.75,2026-01-25
8135,22939,6.31,2026-01-25
8136,13419,0.35,2026-01-25
8137,25081,0.77,2026-01-25
8138,16865,2.04,2026-01-25
8139,19128,0.47,2026-01-25
8140,12682,4.57,2026-01-25
8141,6848,2.45,2026-01-25
8142,4488,0.24,2026-01-25
8143,16262,0.67,2026-01-25
8144,11015,34.23,2026-01-25
8145,15190,36.66,2026-01-25
8146,18958,88.62,2026-01-25
8147,10611,44.10,2026-01-25
8148,1856,0.42,2026-01-25
8149,16496,0.16,2026-01-25
8150,12386,1.10,2026-01-25
8151,2275,8.24,2026-01-25
8152,22660,5.11,2026-01-25
8153,1083,32.10,2026-01-25
8154,6809,0.35,2026-01-25
8155,2317,1.60,2026-01-25
8156,17713,0.29,2026-01-25
8157,21258,0.54,2026-01-25
8158,12975,0.20,2026-01-25
8159,12489,0.50,2026-01-25
8160,1786,5.51,2026-01-25
8161,3119,7.34,2026-01-25
8162,5461,0.25,2026-01-25
8163,26508,0.16,2026-01-25
8164,23141,3.84,2026-01-25
8165,7757,3.21,2026-01-25
8166,18511,0.84,2026-01-25
8167,20041,4.23,2026-01-25
8168,13130,0.18,2026-01-25
8169,21964,0.50,2026-01-25
8170,3355,0.13,2026-01-25
8171,9586,0.29,2026-01-25
8172,20812,3.31,2026-01-25
8173,19632,0.48,2026-01-25
8174,6030,0.84,2026-01-25
8175,18824,0.70,2026-01-25
8176,10780,0.80,2026-01-25
8177,6643,2.86,2026-01-25
8178,6374,0.77,2026-01-25
8179,26437,9.99,2026-01-25
8180,5326,0.78,2026-01-25
8181,19918,3.84,2026-01-25
8182,10918,0.49,2026-01-25
8183,6954,0.95,2026-01-25
8184,26112,0.64,2026-01-25
8185,5997,0.21,2026-01-25
8186,9100,1.53,2026-01-25
8187,6801,0.41,2026-01-25
8188,13906,0.46,2026-01-25
8189,20920,4.73,2026-01-25
8190,22252,0.30,2026-01-25
8191,2551,0.64,2026-01-25
8192,20380,31.20,2026-01-25
8193,12668,66.19,2026-01-25
8194,16096,3.40,2026-01-25
8195,14861,1.78,2026-01-25
8196,14223,1.14,2026-01-25
8197,5710,0.30,2026-01-25
8198,4175,1.45,2026-01-25
8199,19068,0.18,2026-01-25
8200,14258,0.32,2026-01-25
8201,6275,11.57,2026-01-25
8202,6357,0.20,2026-01-25
8203,1079,0.56,2026-01-25
8204,25561,1.29,2026-01-25
8205,7500,24.33,2026-01-25
8206,18332,0.67,2026-01-25
8207,3085,2.60,2026-01-25
8208,11462,0.83,2026-01-25
8209,6543,6.95,2026-01-25
8210,21345,0.48,2026-01-25
8211,3105,14.29,2026-01-25
8212,11198,4.00,2026-01-25
8213,21513,33.49,2026-01-25
8214,15562,0.54,2026-01-25
8215,236,3.68,2026-01-25
8216,20524,0.96,2026-01-25
8217,18036,24.18,2026-01-25
8218,20968,10.39,2026-01-25
8219,22029,3.42,2026-01-25
8220,23979,10.00,2026-01-25
8221,16559,1.83,2026-01-25
8222,26705,2.50,2026-01-25
8223,8913,0.14,2026-01-25
8224,23273,0.22,2026-01-25
8225,5131,0.18,2026-01-25
8226,903,0.69,2026-01-25
8227,13913,0.86,2026-01-25
8228,2460,6.95,2026-01-25
8229,2278,1.12,2026-01-25
8230,789,14.84,2026-01-25
8231,13390,0.16,2026-01-25
8232,1911,0.31,2026-01-25
8233,10873,0.40,2026-01-25
8234,14866,0.75,2026-01-25
8235,23293,5.04,2026-01-25
8236,14799,2.59,2026-01-25
8237,22430,0.19,2026-01-25
8238,4624,0.38,2026-01-25
8239,10413,0.14,2026-01-25
8240,14931,0.40,2026-01-25
8241,18029,0.37,2026-01-25
8242,20779,0.73,2026-01-25
8243,5608,0.54,2026-01-25
8244,3975,1.22,2026-01-25
8245,5358,117.04,2026-01-25
8246,24331,0.24,2026-01-25
8247,2589,0.52,2026-01-25
8248,18250,0.30,2026-01-25
8249,1470,0.15,2026-01-25
8250,22952,0.55,2026-01-25
8251,8598,1.56,2026-01-25
8252,16408,0.34,2026-01-25
8253,1380,3.25,2026-01-25
8254,7449,0.81,2026-01-25
8255,13235,0.18,2026-01-25
8256,6919,0.42,2026-01-25
8257,9146,7.30,2026-01-25
8258,13731,34.30,2026-01-25
8259,1301,0.95,2026-01-25
8260,16527,6.20,2026-01-25
8261,9479,0.49,2026-01-25
8262,13591,2.50,2026-01-25
8263,18879,0.31,2026-01-25
8264,11504,1.78,2026-01-25
8265,16429,5.59,2026-01-25
8266,25072,2.97,2026-01-25
8267,24020,2.05,2026-01-25
8268,22831,0.58,2026-01-25
8269,6520,15.70,2026-01-25
8270,1032,4.44,2026-01-25
8271,13468,8.86,2026-01-25
8272,13318,18.85,2026-01-25
8273,10130,2.67,2026-01-25
8274,20399,9.00,2026-01-25
8275,22028,0.08,2026-01-25
8276,14648,0.27,2026-01-25
8277,1597,0.43,2026-01-25
8278,13912,2.27,2026-01-25
8279,13509,1.33,2026-01-25
8280,8022,26.14,2026-01-25
8281,10955,1.91,2026-01-25
8282,4831,2.27,2026-01-25
8283,22438,0.22,2026-01-25
8284,15335,0.80,2026-01-25
8285,3365,6.65,2026-01-25
8286,23457,0.23,2026-01-25
8287,17283,0.71,2026-01-25
8288,13971,6.31,2026-01-25
8289,21172,1.22,2026-01-25
8290,3707,280.14,2026-01-25
8291,8843,1.93,2026-01-25
8292,20280,40.51,2026-01-25
8293,18060,1.97,2026-01-25
8294,13231,3.06,2026-01-25
8295,13272,0.54,2026-01-25
8296,8471,5.60,2026-01-25
8297,20055,0.22,2026-01-25
8298,9591,0.14,2026-01-25
8299,14940,0.35,2026-01-25
8300,2219,0.85,2026-01-25
8301,20626,1.25,2026-01-25
8302,13304,8.75,2026-01-25
8303,12372,1.59,2026-01-25
8304,21780,17.93,2026-01-25
8305,1231,0.11,2026-01-25
8306,25446,0.29,2026-01-25
8307,10636,2.95,2026-01-25
8308,14138,0.17,2026-01-25
8309,14310,0.43,2026-01-25
8310,22894,0.37,2026-01-25
8311,16447,2.68,2026-01-25
8312,10531,7.54,2026-01-25
8313,3379,0.20,2026-01-25
8314,26858,0.65,2026-01-25
8315,11964,0.23,2026-01-25
8316,10691,0.59,2026-01-25
8317,14352,3.87,2026-01-25
8318,2531,1.75,2026-01-25
8319,24094,1.09,2026-01-25
8320,19948,0.46,2026-01-25
8321,1782,37.03,2026-01-25
8322,12414,0.32,2026-01-25
8323,9938,0.62,2026-01-25
8324,12378,0.17,2026-01-25
8325,26666,0.44,2026-01-25
8326,482,12.26,2026-01-25
8327,444,24.70,2026-01-25
8328,22146,0.15,2026-01-25
8329,4592,0.32,2026-01-25
8330,6586,1.88,2026-01-25
8331,24224,1.92,2026-01-25
8332,13614,1.28,2026-01-25
8333,15127,6.31,2026-01-25
8334,9933,10.00,2026-01-25
8335,15260,0.43,2026-01-25
8336,21160,1.11,2026-01-25
8337,11481,0.76,2026-01-25
8338,6011,4.13,2026-01-25
8339,10982,0.58,2026-01-25
8340,6097,0.26,2026-01-25
8341,21789,37.14,2026-01-25
8342,25943,49.98,2026-01-25
8343,15653,2.78,2026-01-25
8344,9321,20.74,2026-01-25
8345,23478,1.02,2026-01-25
8346,9818,4.84,2026-01-25
8347,24060,12.88,2026-01-25
8348,24889,2.34,2026-01-25
8349,12112,2.05,2026-01-25
8350,12976,6.74,2026-01-25
8351,22052,0.19,2026-01-25
8352,13143,0.38,2026-01-25
8353,10040,0.44,2026-01-25
8354,4331,1.75,2026-01-25
8355,20350,0.85,2026-01-25
8356,23685,13.95,2026-01-25
8357,10740,0.94,2026-01-25
8358,6928,1.62,2026-01-25
8359,15378,0.39,2026-01-25
8360,23507,0.12,2026-01-25
8361,18703,6.56,2026-01-25
8362,26517,0.22,2026-01-25
8363,13519,0.11,2026-01-25
8364,23825,1.60,2026-01-25
8365,13575,2.26,2026-01-25
8366,14720,0.48,2026-01-25
8367,5782,0.30,2026-01-25
8368,24213,0.49,2026-01-25
8369,15029,4.38,2026-01-25
8370,7873,14.12,2026-01-25
8371,8984,5.46,2026-01-25
8372,14871,0.93,2026-01-25
8373,13312,2.50,2026-01-25
8374,1138,1.82,2026-01-25
8375,21958,0.76,2026-01-25
8376,10437,5.40,2026-01-25
8377,6722,1.08,2026-01-25
8378,11343,7.99,2026-01-25
8379,24289,2.20,2026-01-25
8380,12941,8.51,2026-01-25
8381,1484,0.29,2026-01-25
8382,16575,0.19,2026-01-25
8383,10232,0.38,2026-01-25
8384,20332,0.64,2026-01-25
8385,21613,7.99,2026-01-25
8386,22553,17.17,2026-01-25
8387,18748,14.25,2026-01-25
8388,5426,14.89,2026-01-25
8389,22879,1.29,2026-01-25
8390,8299,1.82,2026-01-25
8391,6244,0.20,2026-01-25
8392,10583,0.48,2026-01-25
8393,22394,57.54,2026-01-25
8394,2779,18.87,2026-01-25
8395,21882,1.26,2026-01-25
8396,22305,3.18,2026-01-25
8397,24299,0.61,2026-01-25
8398,12478,4.16,2026-01-25
8399,21399,0.89,2026-01-25
8400,16911,18.20,2026-01-25
8401,8979,6.96,2026-01-25
8402,22317,0.34,2026-01-25
8403,18173,5.68,2026-01-25
8404,21188,1.44,2026-01-25
8405,7217,9.54,2026-01-25
8406,14995,0.48,2026-01-25
8407,26452,8.00,2026-01-25
8408,26708,0.54,2026-01-25
8409,23942,6.50,2026-01-25
8410,20913,0.28,2026-01-25
8411,15106,1.37,2026-01-25
8412,9980,0.26,2026-01-25
8413,6207,0.43,2026-01-25
8414,9951,0.20,2026-01-25
8415,26986,0.31,2026-01-25
8416,23804,0.34,2026-01-25
8417,7253,3.20,2026-01-25
8418,10475,1.35,2026-01-25
8419,16613,12.39,2026-01-25
8420,5533,44.07,2026-01-25
8421,6508,0.38,2026-01-25
8422,20608,6.44,2026-01-25
8423,21659,0.18,2026-01-25
8424,9871,0.38,2026-01-25
8425,19164,4.46,2026-01-25
8426,5568,1.72,2026-01-25
8427,917,1.38,2026-01-25
8428,18451,4.62,2026-01-25
8429,8852,0.30,2026-01-25
8430,13584,0.88,2026-01-25
8431,1963,14.38,2026-01-25
8432,14348,0.38,2026-01-25
8433,23492,0.25,2026-01-25
8434,3760,1.67,2026-01-25
8435,17533,0.24,2026-01-25
8436,222,0.63,2026-01-25
8437,25046,0.18,2026-01-25
8438,23210,0.64,2026-01-25
8439,15550,22.04,2026-01-25
8440,21668,0.31,2026-01-25
8441,16519,0.11,2026-01-25
8442,10841,2.45,2026-01-25
8443,19507,39.50,2026-01-25
8444,6044,0.86,2026-01-25
8445,18490,1.24,2026-01-25
8446,1440,0.88,2026-01-25
8447,12495,4.75,2026-01-25
8448,4404,0.56,2026-01-25
8449,8253,0.20,2026-01-25
8450,13738,57.00,2026-01-25
8451,3310,2.78,2026-01-25
8452,3932,0.28,2026-01-25
8453,13539,0.56,2026-01-25
8454,20319,0.68,2026-01-25
8455,1757,1.63,2026-01-25
8456,11864,0.41,2026-01-25
8457,15667,0.95,2026-01-25
8458,20878,2.65,2026-01-25
8459,27002,15.72,2026-01-25
8460,23813,0.40,2026-01-25
8461,19145,6.09,2026-01-25
8462,224,2.36,2026-01-25
8463,6881,0.62,2026-01-25
8464,565,2.57,2026-01-25
8465,23808,0.23,2026-01-25
8466,27080,0.46,2026-01-25
8467,7719,0.77,2026-01-25
8468,3838,5.68,2026-01-25
8469,26746,33.94,2026-01-25
8470,16581,19.24,2026-01-25
8471,18728,37.98,2026-01-25
8472,19892,1.16,2026-01-25
8473,4232,20.00,2026-01-25
8474,20185,0.30,2026-01-25
8475,23237,0.12,2026-01-25
8476,1576,0.49,2026-01-25
8477,26423,4.92,2026-01-25
8478,19338,0.48,2026-01-25
8479,13430,0.20,2026-01-25
8480,14156,2.24,2026-01-25
8481,15189,0.44,2026-01-25
8482,3571,5.68,2026-01-25
8483,15895,2.31,2026-01-25
8484,9290,84.97,2026-01-25
8485,18132,1.24,2026-01-25
8486,13867,0.70,2026-01-25
8487,9497,0.46,2026-01-25
8488,5214,0.86,2026-01-25
8489,10199,0.15,2026-01-25
8490,11062,0.38,2026-01-25
8491,14094,0.34,2026-01-25
8492,779,0.72,2026-01-25
8493,10753,0.47,2026-01-25
8494,5615,0.77,2026-01-25
8495,19711,22.78,2026-01-25
8496,9855,7.66,2026-01-25
8497,7283,0.19,2026-01-25
8498,3967,0.09,2026-01-25
8499,26467,8.34,2026-01-25
8500,15157,1.10,2026-01-25
8501,2678,0.33,2026-01-25
8502,2352,0.79,2026-01-25
8503,13265,0.60,2026-01-25
8504,24432,3.11,2026-01-25
8505,11968,1.47,2026-01-25
8506,14601,4.29,2026-01-25
8507,16918,2.04,2026-01-25
8508,12660,13.88,2026-01-25
8509,7264,0.12,2026-01-25
8510,19481,0.45,2026-01-25
8511,20798,0.31,2026-01-25
8512,24549,1.41,2026-01-25
8513,4423,0.29,2026-01-25
8514,20900,0.94,2026-01-25
8515,14991,0.16,2026-01-25
8516,20478,0.33,2026-01-25
8517,26266,0.20,2026-01-25
8518,12954,0.30,2026-01-25
8519,1798,0.88,2026-01-25
8520,26816,3.00,2026-01-25
8521,24788,0.18,2026-01-25
8522,25903,0.34,2026-01-25
8523,22675,8.96,2026-01-25
8524,25474,2.69,2026-01-25
8525,25302,9.89,2026-01-25
8526,18569,101.13,2026-01-25
8527,8384,1.43,2026-01-25
8528,22002,16.74,2026-01-25
8529,4540,3.76,2026-01-25
8530,4382,0.58,2026-01-25
8531,5246,0.10,2026-01-25
8532,20693,0.24,2026-01-25
8533,10525,0.26,2026-01-25
8534,3674,0.47,2026-01-25
8535,283,0.56,2026-01-25
8536,17595,0.37,2026-01-25
8537,17031,1.10,2026-01-25
8538,13095,11.20,2026-01-25
8539,20113,3.92,2026-01-25
8540,4888,51.99,2026-01-25
8541,18650,1.14,2026-01-25
8542,9089,10.16,2026-01-25
8543,11038,0.76,2026-01-25
8544,25389,8.18,2026-01-25
8545,4118,171.01,2026-01-25
8546,13930,0.27,2026-01-25
8547,17168,0.63,2026-01-25
8548,24679,7.98,2026-01-25
8549,17947,1.22,2026-01-25
8550,23866,10.75,2026-01-25
8551,1202,2.55,2026-01-25
8552,16565,1.54,2026-01-25
8553,14459,0.07,2026-01-25
8554,20459,0.22,2026-01-25
8555,1076,1.61,2026-01-25
8556,5691,0.43,2026-01-25
8557,21184,0.28,2026-01-25
8558,21410,2.24,2026-01-25
8559,5249,0.84,2026-01-25
8560,17705,0.22,2026-01-25
8561,2652,0.79,2026-01-25
8562,19772,35.88,2026-01-25
8563,724,0.71,2026-01-25
8564,10322,1.39,2026-01-25
8565,25154,0.97,2026-01-25
8566,5935,5.87,2026-01-25
8567,23868,19.09,2026-01-25
8568,9462,15.32,2026-01-25
8569,7726,7.92,2026-01-25
8570,8725,11.43,2026-01-25
8571,8785,1.12,2026-01-25
8572,14630,1.92,2026-01-25
8573,24011,0.11,2026-01-25
8574,22523,0.19,2026-01-25
8575,9920,0.17,2026-01-25
8576,7138,0.37,2026-01-25
8577,1500,0.24,2026-01-25
8578,8669,0.29,2026-01-25
8579,9826,0.70,2026-01-25
8580,10617,3.09,2026-01-25
8581,2532,0.29,2026-01-25
8582,14654,2.33,2026-01-25
8583,4927,0.27,2026-01-25
8584,13105,0.65,2026-01-25
8585,9250,0.13,2026-01-25
8586,20871,0.34,2026-01-25
8587,13286,3.53,2026-01-25
8588,8727,12.51,2026-01-25
8589,9713,0.95,2026-01-25
8590,19738,6.02,2026-01-25
8591,21741,0.71,2026-01-25
8592,16471,1.89,2026-01-25
8593,10,25.11,2026-01-25
8594,9653,24.68,2026-01-25
8595,26600,0.19,2026-01-25
8596,4681,0.81,2026-01-25
8597,15980,0.45,2026-01-25
8598,15395,6.06,2026-01-25
8599,16694,0.60,2026-01-25
8600,25577,2.45,2026-01-25
8601,12257,4.49,2026-01-25
8602,6325,1.43,2026-01-25
8603,8993,79.90,2026-01-25
8604,25358,117.54,2026-01-25
8605,2745,270.47,2026-01-25
8606,8772,1.65,2026-01-25
8607,9853,5.48,2026-01-25
8608,711,10.95,2026-01-25
8609,16468,2.63,2026-01-25
8610,7918,14.99,2026-01-25
8611,21566,2.04,2026-01-25
8612,23107,0.76,2026-01-25
8613,2261,5.07,2026-01-25
8614,15698,3.39,2026-01-25
8615,15522,3.64,2026-01-25
8616,17148,2.55,2026-01-25
8617,15163,1.05,2026-01-25
8618,21448,0.75,2026-01-25
8619,5731,3.04,2026-01-25
8620,3024,8.30,2026-01-25
8621,22352,11.93,2026-01-25
8622,8561,25.00,2026-01-25
8623,9384,11.68,2026-01-25
8624,18400,32.97,2026-01-25
8625,26487,0.25,2026-01-25
8626,22041,2.20,2026-01-25
8627,12110,13.68,2026-01-25
8628,554,0.50,2026-01-25
8629,4410,1.67,2026-01-25
8630,18184,0.54,2026-01-25
8631,13700,2.77,2026-01-25
8632,13363,2.67,2026-01-25
8633,3865,3.65,2026-01-25
8634,6936,0.44,2026-01-25
8635,16461,1.00,2026-01-25
8636,10661,0.30,2026-01-25
8637,740,0.36,2026-01-25
8638,19679,12.87,2026-01-25
8639,17963,24.55,2026-01-25
8640,2518,2.00,2026-01-25
8641,3660,20.99,2026-01-25
8642,8225,2.49,2026-01-25
8643,25213,1.52,2026-01-25
8644,22520,0.69,2026-01-25
8645,2819,0.23,2026-01-25
8646,12785,1.51,2026-01-25
8647,1972,83.38,2026-01-25
8648,11887,0.66,2026-01-25
8649,13567,1.99,2026-01-25
8650,5736,0.46,2026-01-25
8651,21117,2.54,2026-01-25
8652,4402,0.82,2026-01-25
8653,24629,3.02,2026-01-25
8654,6625,0.27,2026-01-25
8655,6516,0.13,2026-01-25
8656,21064,0.45,2026-01-25
8657,18981,36.23,2026-01-25
8658,4150,0.30,2026-01-25
8659,5441,1.02,2026-01-25
8660,3320,3.90,2026-01-25
8661,18794,28.98,2026-01-25
8662,19376,9.95,2026-01-25
8663,20762,2.48,2026-01-25
8664,24593,4.42,2026-01-25
8665,19482,0.22,2026-01-25
8666,12071,0.41,2026-01-25
8667,9846,1.84,2026-01-25
8668,15222,4.20,2026-01-25
8669,20404,0.43,2026-01-25
8670,10506,0.17,2026-01-25
8671,16838,6.89,2026-01-25
8672,320,79.57,2026-01-25
8673,6674,0.23,2026-01-25
8674,26070,0.97,2026-01-25
8675,691,4.53,2026-01-25
8676,22088,2.34,2026-01-25
8677,20490,0.42,2026-01-25
8678,19390,6.68,2026-01-25
8679,22268,3.06,2026-01-25
8680,12292,0.33,2026-01-25
8681,6342,0.62,2026-01-25
8682,2735,4.24,2026-01-25
8683,17338,0.31,2026-01-25
8684,27053,0.13,2026-01-25
8685,27058,12.96,2026-01-25
8686,84,28.00,2026-01-25
8687,23437,3.16,2026-01-25
8688,11896,0.37,2026-01-25
8689,8880,0.90,2026-01-25
8690,2152,0.81,2026-01-25
8691,13774,8.48,2026-01-25
8692,24817,0.54,2026-01-25
8693,15423,1.22,2026-01-25
8694,15738,3.66,2026-01-25
8695,6319,0.33,2026-01-25
8696,27044,0.87,2026-01-25
8697,10905,4.29,2026-01-25
8698,6944,38.11,2026-01-25
8699,3391,26.46,2026-01-25
8700,11103,10.04,2026-01-25
8701,6716,2.21,2026-01-25
8702,6360,5.11,2026-01-25
8703,24837,2.04,2026-01-25
8704,22371,20.52,2026-01-25
8705,18607,0.38,2026-01-25
8706,24045,0.57,2026-01-25
8707,14561,2.45,2026-01-25
8708,21284,2.80,2026-01-25
8709,17613,1.15,2026-01-25
8710,10877,0.47,2026-01-25
8711,425,0.73,2026-01-25
8712,3818,5.38,2026-01-25
8713,16987,0.81,2026-01-25
8714,26357,12.99,2026-01-25
8715,18682,0.37,2026-01-25
8716,6869,0.68,2026-01-25
8717,10144,2.27,2026-01-25
8718,18674,14.49,2026-01-25
8719,21771,6.18,2026-01-25
8720,8026,65.33,2026-01-25
8721,8378,1.81,2026-01-25
8722,24723,5.19,2026-01-25
8723,11576,2.39,2026-01-25
8724,9266,1.72,2026-01-25
8725,2032,5.99,2026-01-25
8726,2132,0.10,2026-01-25
8727,18916,0.23,2026-01-25
8728,8617,0.59,2026-01-25
8729,15879,35.52,2026-01-25
8730,4388,0.26,2026-01-25
8731,18413,2.99,2026-01-25
8732,3276,5.87,2026-01-25
8733,6055,0.17,2026-01-25
8734,6815,0.88,2026-01-25
8735,20421,2.26,2026-01-25
8736,9934,26.87,2026-01-25
8737,9891,0.28,2026-01-25
8738,13219,0.54,2026-01-25
8739,6391,128.40,2026-01-25
8740,21431,56.42,2026-01-25
8741,18158,5.09,2026-01-25
8742,699,2.07,2026-01-25
8743,4460,25.00,2026-01-25
8744,22091,2.59,2026-01-25
8745,14033,0.42,2026-01-25
8746,7091,0.63,2026-01-25
8747,13594,1.09,2026-01-25
8748,19683,0.56,2026-01-25
8749,25816,5.04,2026-01-25
8750,10865,7.07,2026-01-25
8751,25134,3.11,2026-01-25
8752,26475,3.51,2026-01-25
8753,24833,8.40,2026-01-25
8754,4816,3.94,2026-01-25
8755,3524,4.02,2026-01-25
8756,7125,1.80,2026-01-25
8757,12813,0.88,2026-01-25
8758,5216,0.54,2026-01-25
8759,20687,6.83,2026-01-25
8760,14425,0.37,2026-01-25
8761,9553,0.50,2026-01-25
8762,20775,2.83,2026-01-25
8763,273,8.04,2026-01-25
8764,4764,4.96,2026-01-25
8765,11573,0.56,2026-01-25
8766,25875,0.22,2026-01-25
8767,5127,0.15,2026-01-25
8768,10548,0.37,2026-01-25
8769,3861,0.45,2026-01-25
8770,14249,0.61,2026-01-25
8771,9406,3.68,2026-01-25
8772,17130,0.68,2026-01-25
8773,19917,0.73,2026-01-25
8774,9950,0.19,2026-01-25
8775,11158,0.44,2026-01-25
8776,11773,0.17,2026-01-25
8777,17420,0.37,2026-01-25
8778,11681,0.20,2026-01-25
8779,17979,0.05,2026-01-25
8780,14563,10.05,2026-01-25
8781,11097,4.58,2026-01-25
8782,22251,0.20,2026-01-25
8783,24493,0.37,2026-01-25
8784,17212,0.22,2026-01-25
8785,19694,0.60,2026-01-25
8786,24888,0.74,2026-01-25
8787,5400,4.25,2026-01-25
8788,18604,3.53,2026-01-25
8789,24428,9.57,2026-01-25
8790,6383,35.94,2026-01-25
8791,13625,1.22,2026-01-25
8792,20946,0.46,2026-01-25
8793,5049,0.11,2026-01-25
8794,23415,0.15,2026-01-25
8795,1165,1.29,2026-01-25
8796,6737,93.62,2026-01-25
8797,2339,0.31,2026-01-25
8798,16651,3.18,2026-01-25
8799,157,0.79,2026-01-25
8800,13478,10.00,2026-01-25
8801,12158,0.23,2026-01-25
8802,26934,0.40,2026-01-25
8803,16316,1.09,2026-01-25
8804,9412,3.69,2026-01-25
8805,23910,0.16,2026-01-25
8806,17973,0.30,2026-01-25
8807,742,1.70,2026-01-25
8808,20147,2.53,2026-01-25
8809,9076,0.30,2026-01-25
8810,23612,0.34,2026-01-25
8811,18957,0.49,2026-01-25
8812,14947,4.61,2026-01-25
8813,4018,0.94,2026-01-25
8814,17510,0.97,2026-01-25
8815,17147,1.26,2026-01-25
8816,5365,5.60,2026-01-25
8817,12210,0.45,2026-01-25
8818,11620,1.15,2026-01-25
8819,13535,0.34,2026-01-25
8820,8359,1.12,2026-01-25
8821,19314,1.81,2026-01-25
8822,12640,1.12,2026-01-25
8823,27078,2.19,2026-01-25
8824,4636,7.26,2026-01-25
8825,19835,0.34,2026-01-25
8826,4334,0.14,2026-01-25
8827,21529,0.56,2026-01-25
8828,22186,4.50,2026-01-25
8829,21327,1.67,2026-01-25
8830,23748,24.25,2026-01-25
8831,26953,2.00,2026-01-25
8832,21202,24.44,2026-01-25
8833,11716,1.44,2026-01-25
8834,11567,4.12,2026-01-25
8835,12049,1.01,2026-01-25
8836,14093,2.12,2026-01-25
8837,1112,0.71,2026-01-25
8838,12010,1.07,2026-01-25
8839,19250,0.16,2026-01-25
8840,24382,0.34,2026-01-25
8841,10153,0.72,2026-01-25
8842,21737,0.51,2026-01-25
8843,1459,2.86,2026-01-25
8844,798,0.82,2026-01-25
8845,11418,14.13,2026-01-25
8846,20680,2.54,2026-01-25
8847,26316,15.86,2026-01-25
8848,9099,13.75,2026-01-25
8849,3450,0.13,2026-01-25
8850,8971,0.26,2026-01-25
8851,22185,0.85,2026-01-25
8852,17917,1.10,2026-01-25
8853,11454,0.57,2026-01-25
8854,27079,2.05,2026-01-25
8855,19424,0.38,2026-01-25
8856,2849,0.12,2026-01-25
8857,8518,0.15,2026-01-25
8858,13484,0.34,2026-01-25
8859,4031,2.13,2026-01-25
8860,504,2.32,2026-01-25
8861,8912,35.83,2026-01-25
8862,10063,56.88,2026-01-25
8863,20842,4.35,2026-01-25
8864,21036,3.23,2026-01-25
8865,19241,6.92,2026-01-25
8866,4664,5.38,2026-01-25
8867,23144,0.30,2026-01-25
8868,24050,5.93,2026-01-25
8869,2346,1.74,2026-01-25
8870,21279,25.00,2026-01-25
8871,13382,3.45,2026-01-25
8872,19421,9.83,2026-01-25
8873,24858,1.57,2026-01-25
8874,24538,6.50,2026-01-25
8875,17941,0.51,2026-01-25
8876,9669,0.42,2026-01-25
8877,664,2.89,2026-01-25
8878,10358,1.74,2026-01-25
8879,5435,0.25,2026-01-25
8880,18782,2.27,2026-01-25
8881,9251,3.47,2026-01-25
8882,14775,0.10,2026-01-25
8883,14196,0.36,2026-01-25
8884,25247,0.19,2026-01-25
8885,9442,0.45,2026-01-25
8886,26594,0.46,2026-01-25
8887,1618,0.24,2026-01-25
8888,3298,0.55,2026-01-25
8889,14898,0.15,2026-01-25
8890,3578,0.24,2026-01-25
8891,13888,3.12,2026-01-25
8892,19596,5.83,2026-01-25
8893,36,1.95,2026-01-25
8894,12563,0.85,2026-01-25
8895,24966,6.68,2026-01-25
8896,10940,0.53,2026-01-25
8897,21643,1.11,2026-01-25
8898,19497,17.53,2026-01-25
8899,26892,81.33,2026-01-25
8900,9544,0.17,2026-01-25
8901,4958,0.82,2026-01-25
8902,10716,0.37,2026-01-25
8903,11901,1.05,2026-01-25
8904,15671,0.73,2026-01-25
8905,23618,0.95,2026-01-25
8906,27072,0.13,2026-01-25
8907,3419,0.46,2026-01-25
8908,7915,2.57,2026-01-25
8909,9093,120.00,2026-01-25
8910,8306,0.14,2026-01-25
8911,21808,0.42,2026-01-25
8912,8482,5.61,2026-01-25
8913,12553,0.25,2026-01-25
8914,10959,1.17,2026-01-25
8915,8552,105.12,2026-01-25
8916,24013,0.73,2026-01-25
8917,4943,0.91,2026-01-25
8918,25931,0.07,2026-01-25
8919,13850,0.23,2026-01-25
8920,3925,5.25,2026-01-25
8921,12180,22.00,2026-01-25
8922,1259,1.24,2026-01-25
8923,21167,10.33,2026-01-25
8924,25764,2.69,2026-01-25
8925,18303,0.44,2026-01-25
8926,15213,3.00,2026-01-25
8927,22506,13.49,2026-01-25
8928,1044,21.57,2026-01-25
8929,19039,0.13,2026-01-25
8930,15154,0.18,2026-01-25
8931,3432,0.29,2026-01-25
8932,15557,0.89,2026-01-25
8933,9242,2.14,2026-01-25
8934,22693,24.55,2026-01-25
8935,18199,0.23,2026-01-25
8936,2319,0.10,2026-01-25
8937,2966,0.70,2026-01-25
8938,10564,2.85,2026-01-25
8939,18601,23.09,2026-01-25
8940,25790,7.19,2026-01-25
8941,3178,2.19,2026-01-25
8942,4172,2.53,2026-01-25
8943,23134,18.75,2026-01-25
8944,5354,1.88,2026-01-25
8945,14410,0.80,2026-01-25
8946,2106,1.35,2026-01-25
8947,7670,27.87,2026-01-25
8948,11690,0.60,2026-01-25
8949,20560,3.49,2026-01-25
8950,22752,3.27,2026-01-25
8951,17955,1.49,2026-01-25
8952,10185,2.38,2026-01-25
8953,15697,12.15,2026-01-25
8954,10679,0.15,2026-01-25
8955,11996,0.41,2026-01-25
8956,1830,1.14,2026-01-25
8957,12139,8.07,2026-01-25
8958,10205,6.65,2026-01-25
8959,4926,2.13,2026-01-25
8960,10972,4.76,2026-01-25
8961,2891,0.18,2026-01-25
8962,14939,0.34,2026-01-25
8963,15108,0.33,2026-01-25
8964,23605,2.38,2026-01-25
8965,10248,0.55,2026-01-25
8966,23007,1.16,2026-01-25
8967,7009,4.07,2026-01-25
8968,987,0.34,2026-01-25
8969,26262,1.65,2026-01-25
8970,10300,3.70,2026-01-25
8971,15885,199.99,2026-01-25
8972,3330,0.26,2026-01-25
8973,6715,0.09,2026-01-25
8974,5595,4.57,2026-01-25
8975,10976,0.21,2026-01-25
8976,23304,0.11,2026-01-25
8977,403,50.18,2026-01-25
8978,19097,0.92,2026-01-25
8979,9249,11.16,2026-01-25
8980,26295,0.39,2026-01-25
8981,16484,2.71,2026-01-25
8982,291,1.62,2026-01-25
8983,14253,0.70,2026-01-25
8984,9884,0.77,2026-01-25
8985,17669,0.20,2026-01-25
8986,6915,41.87,2026-01-25
8987,10568,0.16,2026-01-25
8988,7458,0.39,2026-01-25
8989,14252,3.63,2026-01-25
8990,1885,2.05,2026-01-25
8991,24106,0.17,2026-01-25
8992,19816,0.35,2026-01-25
8993,23948,0.26,2026-01-25
8994,19223,5.34,2026-01-25
8995,5213,0.46,2026-01-25
8996,10607,0.12,2026-01-25
8997,20096,1.80,2026-01-25
8998,3895,0.88,2026-01-25
8999,10313,0.33,2026-01-25
9000,9656,0.87,2026-01-25
9001,10128,0.43,2026-01-25
9002,1121,0.62,2026-01-25
9003,15363,0.38,2026-01-25
9004,23114,0.55,2026-01-25
9005,17292,0.37,2026-01-25
9006,6968,3.87,2026-01-25
9007,22064,12.61,2026-01-25
9008,22472,0.33,2026-01-25
9009,24672,0.74,2026-01-25
9010,12970,0.14,2026-01-25
9011,18074,0.54,2026-01-25
9012,21923,0.11,2026-01-25
9013,10562,0.29,2026-01-25
9014,2325,0.10,2026-01-25
9015,7004,0.24,2026-01-25
9016,11145,17.43,2026-01-25
9017,14626,39.99,2026-01-25
9018,25690,0.33,2026-01-25
9019,19096,1.07,2026-01-25
9020,26822,1.01,2026-01-25
9021,4211,18.32,2026-01-25
9022,19253,15.22,2026-01-25
9023,11751,1.76,2026-01-25
9024,4201,0.40,2026-01-25
9025,14999,1.92,2026-01-25
9026,16035,4.80,2026-01-25
9027,20248,25.00,2026-01-25
9028,25566,0.20,2026-01-25
9029,16758,0.50,2026-01-25
9030,22661,0.34,2026-01-25
9031,13431,0.63,2026-01-25
9032,14821,22.25,2026-01-25
9033,2360,2.29,2026-01-25
9034,21774,2.00,2026-01-25
9035,16231,1.36,2026-01-25
9036,25847,24.99,2026-01-25
9037,7895,11.10,2026-01-25
9038,8182,35.00,2026-01-25
9039,13939,0.64,2026-01-25
9040,12191,0.96,2026-01-25
9041,22576,1.03,2026-01-25
9042,19195,0.30,2026-01-25
9043,18236,1.17,2026-01-25
9044,6867,0.26,2026-01-25
9045,3950,0.77,2026-01-25
9046,7707,1.71,2026-01-25
9047,846,1.17,2026-01-25
9048,20632,1.01,2026-01-25
9049,11738,11.13,2026-01-25
9050,18680,0.62,2026-01-25
9051,25606,22.19,2026-01-25
9052,10059,1.12,2026-01-25
9053,9560,0.35,2026-01-25
9054,1652,0.60,2026-01-25
9055,25117,0.38,2026-01-25
9056,24958,1.87,2026-01-25
9057,233,0.48,2026-01-25
9058,3241,19.90,2026-01-25
9059,524,0.26,2026-01-25
9060,26095,0.79,2026-01-25
9061,10891,0.75,2026-01-25
9062,9728,2.44,2026-01-25
9063,10816,0.76,2026-01-25
9064,856,4.99,2026-01-25
9065,10310,1.38,2026-01-25
9066,21610,25.00,2026-01-25
9067,20735,43.55,2026-01-25
9068,3244,12.49,2026-01-25
9069,18892,1.77,2026-01-25
9070,9527,3.94,2026-01-25
9071,25824,0.41,2026-01-25
9072,22959,0.82,2026-01-25
9073,1318,3.97,2026-01-25
9074,22429,0.70,2026-01-25
9075,2939,0.39,2026-01-25
9076,18178,3.17,2026-01-25
9077,10829,0.70,2026-01-25
9078,8821,0.28,2026-01-25
9079,2493,0.76,2026-01-25
9080,8473,10.21,2026-01-25
9081,11360,0.14,2026-01-25
9082,19442,0.28,2026-01-25
9083,5995,0.62,2026-01-25
9084,24068,2.87,2026-01-25
9085,15902,4.42,2026-01-25
9086,15173,1.52,2026-01-25
9087,24621,1.06,2026-01-25
9088,11990,1.68,2026-01-25
9089,2624,2.41,2026-01-25
9090,1520,4.02,2026-01-25
9091,17355,0.32,2026-01-25
9092,1834,1.06,2026-01-25
9093,2545,0.08,2026-01-25
9094,17430,0.22,2026-01-25
9095,23613,0.33,2026-01-25
9096,24980,0.48,2026-01-25
9097,14420,0.44,2026-01-25
9098,17691,1.07,2026-01-25
9099,25531,0.67,2026-01-25
9100,6337,2.91,2026-01-25
9101,2701,1.02,2026-01-25
9102,19765,3.96,2026-01-25
9103,18673,0.30,2026-01-25
9104,5298,0.73,2026-01-25
9105,20947,0.16,2026-01-25
9106,14102,0.38,2026-01-25
9107,22336,0.83,2026-01-25
9108,9874,0.55,2026-01-25
9109,4625,0.23,2026-01-25
9110,10616,0.54,2026-01-25
9111,6447,5.50,2026-01-25
9112,18524,5.96,2026-01-25
9113,3337,2.66,2026-01-25
9114,10804,0.54,2026-01-25
9115,20566,1.84,2026-01-25
9116,20536,3.54,2026-01-25
9117,15604,15.01,2026-01-25
9118,18416,0.20,2026-01-25
9119,18859,0.37,2026-01-25
9120,17007,1.51,2026-01-25
9121,19735,26.24,2026-01-25
9122,15939,0.35,2026-01-25
9123,24056,7.00,2026-01-25
9124,2393,0.58,2026-01-25
9125,3253,3.64,2026-01-25
9126,19562,1.27,2026-01-25
9127,12782,3.97,2026-01-25
9128,761,0.35,2026-01-25
9129,7310,0.16,2026-01-25
9130,5248,0.29,2026-01-25
9131,26505,0.23,2026-01-25
9132,6509,1.23,2026-01-25
9133,23103,0.38,2026-01-25
9134,6933,2.23,2026-01-25
9135,19778,0.83,2026-01-25
9136,23589,0.19,2026-01-25
9137,23791,0.60,2026-01-25
9138,7832,0.27,2026-01-25
9139,21447,0.47,2026-01-25
9140,12590,0.20,2026-01-25
9141,7658,0.51,2026-01-25
9142,21107,4.02,2026-01-25
9143,10681,3.54,2026-01-25
9144,17414,19.55,2026-01-25
9145,5361,34.37,2026-01-25
9146,22679,2.67,2026-01-25
9147,5158,0.86,2026-01-25
9148,4916,2.93,2026-01-25
9149,24979,17.80,2026-01-25
9150,6242,0.34,2026-01-25
9151,6118,0.49,2026-01-25
9152,11458,0.96,2026-01-25
9153,12407,10.73,2026-01-25
9154,10724,8.77,2026-01-25
9155,2573,94.99,2026-01-25
9156,5924,0.53,2026-01-25
9157,19693,51.46,2026-01-25
9158,12683,22.71,2026-01-25
9159,4996,4.14,2026-01-25
9160,5291,77.00,2026-01-25
9161,23249,0.31,2026-01-25
9162,1462,0.58,2026-01-25
9163,6041,5.21,2026-01-25
9164,12802,1.31,2026-01-25
9165,22548,184.42,2026-01-25
9166,260,0.10,2026-01-25
9167,22262,0.30,2026-01-25
9168,10321,2.71,2026-01-25
9169,3876,0.10,2026-01-25
9170,10363,0.21,2026-01-25
9171,7904,14.99,2026-01-25
9172,5757,0.81,2026-01-25
9173,13379,12.40,2026-01-25
9174,1696,0.26,2026-01-25
9175,15371,0.77,2026-01-25
9176,5508,0.35,2026-01-25
9177,7762,4.86,2026-01-25
9178,5005,0.33,2026-01-25
9179,13586,0.16,2026-01-25
9180,17677,0.23,2026-01-25
9181,25149,0.10,2026-01-25
9182,3911,0.14,2026-01-25
9183,12143,0.31,2026-01-25
9184,1795,0.33,2026-01-25
9185,25507,3.38,2026-01-25
9186,23802,3.87,2026-01-25
9187,825,4.50,2026-01-25
9188,24840,0.49,2026-01-25
9189,11049,2.39,2026-01-25
9190,24290,0.32,2026-01-25
9191,27039,0.48,2026-01-25
9192,26720,0.14,2026-01-25
9193,13949,0.22,2026-01-25
9194,8438,9.79,2026-01-25
9195,12969,1.88,2026-01-25
9196,21100,17.00,2026-01-25
9197,22666,0.47,2026-01-25
9198,10342,2.25,2026-01-25
9199,23031,1.34,2026-01-25
9200,16830,19.75,2026-01-25
9201,23405,1.02,2026-01-25
9202,17208,17.99,2026-01-25
9203,6227,0.74,2026-01-25
9204,20865,3.43,2026-01-25
9205,4366,0.36,2026-01-25
9206,25818,0.33,2026-01-25
9207,450,5.54,2026-01-25
9208,5332,0.73,2026-01-25
9209,25350,16.39,2026-01-25
9210,23940,3.31,2026-01-25
9211,15215,1.05,2026-01-25
9212,21658,0.53,2026-01-25
9213,11508,0.74,2026-01-25
9214,22809,0.25,2026-01-25
9215,13732,2.74,2026-01-25
9216,24371,1.27,2026-01-25
9217,23420,7.99,2026-01-25
9218,20906,3.59,2026-01-25
9219,23067,19.48,2026-01-25
9220,22990,0.33,2026-01-25
9221,6339,1.48,2026-01-25
9222,5861,8.55,2026-01-25
9223,5678,22.24,2026-01-25
9224,20672,0.29,2026-01-25
9225,5596,0.50,2026-01-25
9226,15352,0.74,2026-01-25
9227,15745,235.20,2026-01-25
9228,7399,0.24,2026-01-25
9229,26521,0.96,2026-01-25
9230,14591,0.21,2026-01-25
9231,24444,0.83,2026-01-25
9232,25865,2.42,2026-01-25
9233,4717,0.99,2026-01-25
9234,7609,0.15,2026-01-25
9235,8281,0.63,2026-01-25
9236,7392,0.31,2026-01-25
9237,8160,1.74,2026-01-25
9238,24971,0.21,2026-01-25
9239,10944,0.14,2026-01-25
9240,11293,0.19,2026-01-25
9241,24555,0.53,2026-01-25
9242,21787,27.44,2026-01-25
9243,24545,0.12,2026-01-25
9244,18065,0.46,2026-01-25
9245,20569,0.59,2026-01-25
9246,15098,1.07,2026-01-25
9247,15924,6.38,2026-01-25
9248,1478,0.14,2026-01-25
9249,24148,0.25,2026-01-25
9250,5882,1.01,2026-01-25
9251,13159,10.79,2026-01-25
9252,10942,10.87,2026-01-25
9253,8842,1.51,2026-01-25
9254,19761,2.68,2026-01-25
9255,7244,30.13,2026-01-25
9256,18716,0.37,2026-01-25
9257,3016,0.45,2026-01-25
9258,133,0.48,2026-01-25
9259,9176,3.14,2026-01-25
9260,24314,2.03,2026-01-25
9261,7434,2.11,2026-01-25
9262,8812,0.33,2026-01-25
9263,26240,1.30,2026-01-25
9264,3230,1.26,2026-01-25
9265,4791,0.62,2026-01-25
9266,1802,7.96,2026-01-25
9267,20334,3.62,2026-01-25
9268,14688,1.63,2026-01-25
9269,12329,8.41,2026-01-25
9270,1513,2.84,2026-01-25
9271,7111,49.13,2026-01-25
9272,24646,3.17,2026-01-25
9273,25957,16.83,2026-01-25
9274,10138,5.89,2026-01-25
9275,16630,3.79,2026-01-25
9276,564,4.89,2026-01-25
9277,2902,16.70,2026-01-25
9278,25153,0.37,2026-01-25
9279,23353,0.13,2026-01-25
9280,3149,0.32,2026-01-25
9281,18209,0.80,2026-01-25
9282,20723,0.77,2026-01-25
9283,6886,4.40,2026-01-25
9284,18378,0.20,2026-01-25
9285,190,0.47,2026-01-25
9286,22324,0.47,2026-01-25
9287,7508,1.96,2026-01-25
9288,15511,0.27,2026-01-25
9289,18796,2.87,2026-01-25
9290,18323,0.56,2026-01-25
9291,6355,2.33,2026-01-25
9292,20481,1.60,2026-01-25
9293,13225,3.31,2026-01-25
9294,21942,1.16,2026-01-25
9295,16877,4.67,2026-01-25
9296,25276,0.14,2026-01-25
9297,10497,0.47,2026-01-25
9298,18466,1.01,2026-01-25
9299,11924,0.53,2026-01-25
9300,13559,4.40,2026-01-25
9301,9323,3.30,2026-01-25
9302,23071,0.19,2026-01-25
9303,13701,0.39,2026-01-25
9304,23509,2.21,2026-01-25
9305,9808,4.34,2026-01-25
9306,25101,3.04,2026-01-25
9307,25604,0.38,2026-01-25
9308,24913,0.64,2026-01-25
9309,15520,1.35,2026-01-25
9310,26623,2.87,2026-01-25
9311,18721,5.78,2026-01-25
9312,20967,1.74,2026-01-25
9313,12435,10.55,2026-01-25
9314,21556,1.60,2026-01-25
9315,20166,6.73,2026-01-25
9316,25975,0.41,2026-01-25
9317,20558,0.83,2026-01-25
9318,9280,0.40,2026-01-25
9319,13136,1.41,2026-01-25
9320,23471,0.18,2026-01-25
9321,24783,0.33,2026-01-25
9322,8592,55.60,2026-01-25
9323,7870,7.70,2026-01-25
9324,9660,36.27,2026-01-25
9325,15593,0.40,2026-01-25
9326,23859,2.36,2026-01-25
9327,21646,0.49,2026-01-25
9328,24195,0.87,2026-01-25
9329,15150,0.47,2026-01-25
9330,24922,0.58,2026-01-25
9331,9216,0.63,2026-01-25
9332,13137,19.42,2026-01-25
9333,26833,0.35,2026-01-25
9334,17662,2.00,2026-01-25
9335,19441,0.21,2026-01-25
9336,21713,0.37,2026-01-25
9337,8206,1.87,2026-01-25
9338,8513,15.87,2026-01-25
9339,12552,6.25,2026-01-25
9340,26954,9.52,2026-01-25
9341,7366,0.35,2026-01-25
9342,1071,2.24,2026-01-25
9343,6204,3.09,2026-01-25
9344,3484,1.27,2026-01-25
9345,11197,0.15,2026-01-25
9346,3195,0.24,2026-01-25
9347,1566,1.77,2026-01-25
9348,430,19.49,2026-01-25
9349,13149,0.18,2026-01-25
9350,20229,0.52,2026-01-25
9351,3759,0.16,2026-01-25
9352,2353,0.44,2026-01-25
9353,16685,53.84,2026-01-25
9354,3632,110.00,2026-01-25
9355,5307,2.41,2026-01-25
9356,9415,1.38,2026-01-25
9357,11628,10.00,2026-01-25
9358,12106,0.29,2026-01-25
9359,26025,0.15,2026-01-25
9360,8235,21.69,2026-01-25
9361,3511,0.32,2026-01-25
9362,19789,2.36,2026-01-25
9363,12334,0.51,2026-01-25
9364,26408,0.70,2026-01-25
9365,14683,0.51,2026-01-25
9366,10047,0.20,2026-01-25
9367,926,0.52,2026-01-25
9368,22622,3.05,2026-01-25
9369,17782,0.88,2026-01-25
9370,22381,2.96,2026-01-25
9371,17658,0.10,2026-01-25
9372,26187,0.24,2026-01-25
9373,24398,0.40,2026-01-25
9374,2703,6.25,2026-01-25
9375,23680,0.87,2026-01-25
9376,12818,33.80,2026-01-25
9377,839,1.27,2026-01-25
9378,24032,0.07,2026-01-25
9379,19329,0.22,2026-01-25
9380,18578,0.29,2026-01-25
9381,10975,1.65,2026-01-25
9382,10299,58.17,2026-01-25
9383,7806,25.34,2026-01-25
9384,1530,0.30,2026-01-25
9385,19911,1.66,2026-01-25
9386,8867,3.63,2026-01-25
9387,1406,96.95,2026-01-25
9388,19496,0.58,2026-01-25
9389,6281,0.22,2026-01-25
9390,15560,0.34,2026-01-25
9391,18992,4.99,2026-01-25
9392,2022,0.65,2026-01-25
9393,22364,5.60,2026-01-25
9394,21981,29.64,2026-01-25
9395,11881,5.74,2026-01-25
9396,18077,19.71,2026-01-25
9397,16247,41.04,2026-01-25
9398,17068,4.54,2026-01-25
9399,19698,29.11,2026-01-25
9400,13461,0.86,2026-01-25
9401,2479,2.10,2026-01-25
9402,13234,0.22,2026-01-25
9403,23504,0.11,2026-01-25
9404,3234,0.08,2026-01-25
9405,15079,0.20,2026-01-25
9406,3948,0.64,2026-01-25
9407,18231,5.66,2026-01-25
9408,10401,0.70,2026-01-25
9409,5863,9.97,2026-01-25
9410,23702,1.87,2026-01-25
9411,26053,31.00,2026-01-25
9412,11273,0.39,2026-01-25
9413,7742,0.68,2026-01-25
9414,2994,9.57,2026-01-25
9415,13987,1.66,2026-01-25
9416,16288,3.76,2026-01-25
9417,12667,7.02,2026-01-25
9418,16589,0.39,2026-01-25
9419,8195,1.27,2026-01-25
9420,23838,0.34,2026-01-25
9421,22968,0.90,2026-01-25
9422,17423,0.37,2026-01-25
9423,13306,0.95,2026-01-25
9424,22871,0.49,2026-01-25
9425,19063,6.50,2026-01-25
9426,25662,0.16,2026-01-25
9427,19246,0.54,2026-01-25
9428,21563,1.84,2026-01-25
9429,3222,4.00,2026-01-25
9430,1959,0.19,2026-01-25
9431,1676,0.70,2026-01-25
9432,22719,0.23,2026-01-25
9433,15982,0.73,2026-01-25
9434,18686,0.14,2026-01-25
9435,14111,0.36,2026-01-25
9436,9606,0.95,2026-01-25
9437,20761,21.66,2026-01-25
9438,1389,3.43,2026-01-25
9439,16929,10.63,2026-01-25
9440,22907,0.32,2026-01-25
9441,10760,1.98,2026-01-25
9442,21433,0.46,2026-01-25
9443,16345,0.79,2026-01-25
9444,23165,0.19,2026-01-25
9445,1582,0.37,2026-01-25
9446,17759,1.04,2026-01-25
9447,3742,5.20,2026-01-25
9448,14587,0.99,2026-01-25
9449,13096,0.26,2026-01-25
9450,6368,0.50,2026-01-25
9451,20232,0.07,2026-01-25
9452,11089,0.12,2026-01-25
9453,5206,2.42,2026-01-25
9454,20316,0.18,2026-01-25
9455,23348,0.77,2026-01-25
9456,2284,0.35,2026-01-25
9457,18951,2.17,2026-01-25
9458,16324,0.48,2026-01-25
9459,21558,0.17,2026-01-25
9460,6250,10.80,2026-01-25
9461,18632,3.51,2026-01-25
9462,26706,2.26,2026-01-25
9463,18456,0.10,2026-01-25
9464,9273,0.23,2026-01-25
9465,2927,0.51,2026-01-25
9466,14664,0.13,2026-01-25
9467,6418,0.40,2026-01-25
9468,3892,2.77,2026-01-25
9469,20125,0.85,2026-01-25
9470,24767,1.03,2026-01-25
9471,26482,0.84,2026-01-25
9472,16349,6.86,2026-01-25
9473,20507,3.48,2026-01-25
9474,14598,1.95,2026-01-25
9475,13543,0.46,2026-01-25
9476,23302,5.91,2026-01-25
9477,17518,0.48,2026-01-25
9478,9786,11.56,2026-01-25
9479,18433,0.94,2026-01-25
9480,53,0.35,2026-01-25
9481,9688,4.00,2026-01-25
9482,24897,0.28,2026-01-25
9483,21186,0.57,2026-01-25
9484,13455,9.47,2026-01-25
9485,2530,0.65,2026-01-25
9486,3752,12.02,2026-01-25
9487,6961,1.78,2026-01-25
9488,14448,42.79,2026-01-25
9489,11053,0.58,2026-01-25
9490,11486,1.00,2026-01-25
9491,15453,0.39,2026-01-25
9492,22238,6.26,2026-01-25
9493,9510,1.36,2026-01-25
9494,14267,0.77,2026-01-25
9495,5588,4.47,2026-01-25
9496,25408,0.25,2026-01-25
9497,20883,0.43,2026-01-25
9498,11170,7.28,2026-01-25
9499,6721,0.80,2026-01-25
9500,21464,1.22,2026-01-25
9501,18740,21.66,2026-01-25
9502,16027,0.38,2026-01-25
9503,13057,2.97,2026-01-25
9504,7402,0.40,2026-01-25
9505,20496,6.52,2026-01-25
9506,12484,0.70,2026-01-25
9507,15449,5.03,2026-01-25
9508,7086,17.52,2026-01-25
9509,26768,6.59,2026-01-25
9510,10253,3.57,2026-01-25
9511,4601,2.31,2026-01-25
9512,9165,9.56,2026-01-25
9513,19078,1.01,2026-01-25
9514,6855,13.31,2026-01-25
9515,13271,0.30,2026-01-25
9516,12661,7.99,2026-01-25
9517,17189,3.13,2026-01-25
9518,1377,1.88,2026-01-25
9519,1686,5.89,2026-01-25
9520,25586,0.41,2026-01-25
9521,12559,1.01,2026-01-25
9522,2709,0.66,2026-01-25
9523,9387,0.35,2026-01-25
9524,10702,0.15,2026-01-25
9525,27067,0.40,2026-01-25
9526,16653,0.21,2026-01-25
9527,552,0.43,2026-01-25
9528,10154,3.50,2026-01-25
9529,17823,10.33,2026-01-25
9530,19303,1.40,2026-01-25
9531,9790,1.46,2026-01-25
9532,26154,8.33,2026-01-25
9533,7557,0.21,2026-01-25
9534,23443,0.56,2026-01-25
9535,5003,5.29,2026-01-25
9536,17017,11.93,2026-01-25
9537,12406,0.42,2026-01-25
9538,14017,0.75,2026-01-25
9539,2406,0.35,2026-01-25
9540,7046,1.19,2026-01-25
9541,4945,0.33,2026-01-25
9542,17232,0.12,2026-01-25
9543,24506,0.56,2026-01-25
9544,12339,0.09,2026-01-25
9545,12997,0.20,2026-01-25
9546,7825,5.61,2026-01-25
9547,20657,5.77,2026-01-25
9548,6617,0.23,2026-01-25
9549,9029,0.29,2026-01-25
9550,5531,9.88,2026-01-25
9551,4858,11.66,2026-01-25
9552,14838,0.30,2026-01-25
9553,8757,34.73,2026-01-25
9554,15643,28.30,2026-01-25
9555,8350,6.00,2026-01-25
9556,20277,28.12,2026-01-25
9557,4043,0.79,2026-01-25
9558,15252,11.98,2026-01-25
9559,19962,6.71,2026-01-25
9560,1201,3.40,2026-01-25
9561,1192,2.62,2026-01-25
9562,9861,0.86,2026-01-25
9563,6142,33.43,2026-01-25
9564,23867,1.36,2026-01-25
9565,1225,6.24,2026-01-25
9566,8854,0.33,2026-01-25
9567,10330,9.77,2026-01-25
9568,10725,0.16,2026-01-25
9569,15390,0.28,2026-01-25
9570,13021,5.07,2026-01-25
9571,11216,25.00,2026-01-25
9572,1265,2.41,2026-01-25
9573,25823,0.58,2026-01-25
9574,24389,2.43,2026-01-25
9575,23978,3.74,2026-01-25
9576,15294,2.29,2026-01-25
9577,14052,16.60,2026-01-25
9578,10837,0.96,2026-01-25
9579,4919,0.35,2026-01-25
9580,18435,0.84,2026-01-25
9581,6813,0.15,2026-01-25
9582,9400,0.37,2026-01-25
9583,23486,0.26,2026-01-25
9584,12711,0.83,2026-01-25
9585,4499,2.39,2026-01-25
9586,5962,0.97,2026-01-25
9587,5184,0.39,2026-01-25
9588,17777,0.17,2026-01-25
9589,21632,1.91,2026-01-25
9590,17617,0.39,2026-01-25
9591,12102,0.75,2026-01-25
9592,11703,0.54,2026-01-25
9593,12464,1.28,2026-01-25
9594,15437,0.74,2026-01-25
9595,9596,0.21,2026-01-25
9596,11995,0.59,2026-01-25
9597,15384,0.66,2026-01-25
9598,21636,0.97,2026-01-25
9599,1734,10.11,2026-01-25
9600,845,0.17,2026-01-25
9601,8970,0.09,2026-01-25
9602,4053,1.16,2026-01-25
9603,16390,6.00,2026-01-25
9604,19615,0.56,2026-01-25
9605,7704,3.61,2026-01-25
9606,10590,4.12,2026-01-25
9607,5629,1.39,2026-01-25
9608,7610,8.68,2026-01-25
9609,1738,1.89,2026-01-25
9610,23889,0.54,2026-01-25
9611,11820,17.94,2026-01-25
9612,16894,0.65,2026-01-25
9613,13350,0.34,2026-01-25
9614,1300,0.65,2026-01-25
9615,3328,5.82,2026-01-25
9616,16255,0.39,2026-01-25
9617,21001,0.71,2026-01-25
9618,8004,0.22,2026-01-25
9619,8123,0.51,2026-01-25
9620,10586,3.59,2026-01-25
9621,21488,2.37,2026-01-25
9622,17102,14.78,2026-01-25
9623,2841,0.24,2026-01-25
9624,6733,0.73,2026-01-25
9625,8365,2.28,2026-01-25
9626,25530,7.38,2026-01-25
9627,12179,0.19,2026-01-25
9628,5449,0.80,2026-01-25
9629,16128,0.26,2026-01-25
9630,13287,1.74,2026-01-25
9631,12265,1.47,2026-01-25
9632,11923,5.86,2026-01-25
9633,3827,0.43,2026-01-25
9634,1658,1.54,2026-01-25
9635,4843,0.60,2026-01-25
9636,4470,0.38,2026-01-25
9637,9530,1.16,2026-01-25
9638,19532,0.67,2026-01-25
9639,17197,5.20,2026-01-25
9640,2689,18.70,2026-01-25
9641,10505,0.83,2026-01-25
9642,5445,0.59,2026-01-25
9643,25590,0.15,2026-01-25
9644,20224,0.20,2026-01-25
9645,40,0.37,2026-01-25
9646,21506,1.15,2026-01-25
9647,823,0.48,2026-01-25
9648,5038,4.52,2026-01-25
9649,3176,0.70,2026-01-25
9650,9305,4.66,2026-01-25
9651,10623,9.04,2026-01-25
9652,7255,26.66,2026-01-25
9653,22190,22.77,2026-01-25
9654,25292,1.62,2026-01-25
9655,15408,19.95,2026-01-25
9656,16921,0.42,2026-01-25
9657,9668,0.94,2026-01-25
9658,12273,0.45,2026-01-25
9659,22575,1.36,2026-01-25
9660,9922,0.39,2026-01-25
9661,1319,5.18,2026-01-25
9662,17158,0.32,2026-01-25
9663,5530,0.82,2026-01-25
9664,19570,0.52,2026-01-25
9665,985,2.58,2026-01-25
9666,22283,0.52,2026-01-25
9667,12619,3.56,2026-01-25
9668,8983,0.44,2026-01-25
9669,744,1.10,2026-01-25
9670,698,0.18,2026-01-25
9671,6318,0.53,2026-01-25
9672,5899,0.25,2026-01-25
9673,25529,0.83,2026-01-25
9674,12547,0.16,2026-01-25
9675,26189,0.22,2026-01-25
9676,5010,1.56,2026-01-25
9677,4669,6.68,2026-01-25
9678,2288,0.23,2026-01-25
9679,22180,0.29,2026-01-25
9680,17915,0.37,2026-01-25
9681,10223,0.42,2026-01-25
9682,1574,13.62,2026-01-25
9683,2326,40.00,2026-01-25
9684,4821,0.26,2026-01-25
9685,17501,0.42,2026-01-25
9686,12197,0.24,2026-01-25
9687,4435,0.53,2026-01-25
9688,23645,9.59,2026-01-25
9689,17305,0.38,2026-01-25
9690,13436,1.52,2026-01-25
9691,16793,0.93,2026-01-25
9692,16746,28.12,2026-01-25
9693,7179,5.18,2026-01-25
9694,22201,9.15,2026-01-25
9695,13089,1.46,2026-01-25
9696,15278,4.12,2026-01-25
9697,1975,0.24,2026-01-25
9698,21484,0.39,2026-01-25
9699,26832,1.53,2026-01-25
9700,21665,0.41,2026-01-25
9701,2663,1.43,2026-01-25
9702,23879,0.06,2026-01-25
9703,20250,0.18,2026-01-25
9704,24597,0.52,2026-01-25
9705,9309,0.86,2026-01-25
9706,5007,1.16,2026-01-25
9707,383,80.00,2026-01-25
9708,20746,0.61,2026-01-25
9709,14108,2.61,2026-01-25
9710,24692,7.18,2026-01-25
9711,10249,30.97,2026-01-25
9712,13485,0.38,2026-01-25
9713,22542,4.20,2026-01-25
9714,763,0.17,2026-01-25
9715,21256,0.45,2026-01-25
9716,12662,3.57,2026-01-25
9717,13928,0.38,2026-01-25
9718,25701,0.43,2026-01-25
9719,16716,1.28,2026-01-25
9720,6909,0.23,2026-01-25
9721,9169,0.54,2026-01-25
9722,7118,0.51,2026-01-25
9723,15120,0.14,2026-01-25
9724,18035,0.43,2026-01-25
9725,3339,2.91,2026-01-25
9726,7336,1.16,2026-01-25
9727,25758,17.31,2026-01-25
9728,21034,0.72,2026-01-25
9729,26609,12.47,2026-01-25
9730,16156,0.21,2026-01-25
9731,17421,0.95,2026-01-25
9732,18026,0.18,2026-01-25
9733,14698,0.63,2026-01-25
9734,6014,0.11,2026-01-25
9735,3625,0.27,2026-01-25
9736,24189,0.13,2026-01-25
9737,10149,0.39,2026-01-25
9738,5037,20.99,2026-01-25
9739,1852,39.99,2026-01-25
9740,2846,3.54,2026-01-25
9741,13984,0.85,2026-01-25
9742,4453,0.19,2026-01-25
9743,11241,0.40,2026-01-25
9744,22260,0.28,2026-01-25
9745,26982,1.44,2026-01-25
9746,10337,4.93,2026-01-25
9747,22274,18.00,2026-01-25
9748,3000,0.44,2026-01-25
9749,9237,5.47,2026-01-25
9750,8578,0.21,2026-01-25
9751,14155,0.61,2026-01-25
9752,6616,30.57,2026-01-25
9753,11839,2.40,2026-01-25
9754,15749,0.22,2026-01-25
9755,15245,0.43,2026-01-25
9756,8010,27.61,2026-01-25
9757,7403,7.11,2026-01-25
9758,7130,0.37,2026-01-25
9759,11128,0.94,2026-01-25
9760,19152,56.49,2026-01-25
9761,26875,0.17,2026-01-25
9762,22320,0.34,2026-01-25
9763,10234,0.35,2026-01-25
9764,19702,0.51,2026-01-25
9765,26032,3.33,2026-01-25
9766,6232,39.55,2026-01-25
9767,20148,9.05,2026-01-25
9768,3030,2.34,2026-01-25
9769,960,0.29,2026-01-25
9770,17825,0.63,2026-01-25
9771,1317,2.99,2026-01-25
9772,9312,5.72,2026-01-25
9773,5729,0.89,2026-01-25
9774,7900,3.14,2026-01-25
9775,14515,4.69,2026-01-25
9776,8986,1.86,2026-01-25
9777,22655,1.49,2026-01-25
9778,5973,2.23,2026-01-25
9779,26287,29.98,2026-01-25
9780,19066,0.13,2026-01-25
9781,5879,0.30,2026-01-25
9782,621,2.46,2026-01-25
9783,1909,1.25,2026-01-25
9784,16089,0.12,2026-01-25
9785,8484,0.20,2026-01-25
9786,743,0.52,2026-01-25
9787,26764,11.55,2026-01-25
9788,10030,0.50,2026-01-25
9789,19589,11.83,2026-01-25
9790,2572,1.26,2026-01-25
9791,5601,6.49,2026-01-25
9792,14215,5.43,2026-01-25
9793,12454,8.01,2026-01-25
9794,21842,4.12,2026-01-25
9795,21381,4.64,2026-01-25
9796,19592,1.28,2026-01-25
9797,26937,14.50,2026-01-25
9798,13228,0.36,2026-01-25
9799,1625,3.55,2026-01-25
9800,16780,16.22,2026-01-25
9801,20348,3.07,2026-01-25
9802,14659,1.43,2026-01-25
9803,14136,0.57,2026-01-25
9804,25453,1.21,2026-01-25
9805,7055,15.00,2026-01-25
9806,23566,1.09,2026-01-25
9807,12367,2.97,2026-01-25
9808,7257,1.59,2026-01-25
9809,25763,1.75,2026-01-25
9810,24733,0.57,2026-01-25
9811,26581,12.34,2026-01-25
9812,14451,5.06,2026-01-25
9813,9370,0.63,2026-01-25
9814,26119,2.92,2026-01-25
9815,17856,0.86,2026-01-25
9816,16538,5.84,2026-01-25
9817,26298,0.21,2026-01-25
9818,22562,0.46,2026-01-25
9819,23050,7.74,2026-01-25
9820,7073,0.32,2026-01-25
9821,19477,0.62,2026-01-25
9822,18354,0.99,2026-01-25
9823,12866,6.04,2026-01-25
9824,17122,29.73,2026-01-25
9825,26670,0.07,2026-01-25
9826,10276,0.19,2026-01-25
9827,3314,0.32,2026-01-25
9828,16515,1.03,2026-01-25
9829,23664,2.57,2026-01-25
9830,17770,6.96,2026-01-25
9831,12333,1.40,2026-01-25
9832,17524,1.23,2026-01-25
9833,24984,1.44,2026-01-25
9834,23548,15.98,2026-01-25
9835,21182,0.31,2026-01-25
9836,6289,2.01,2026-01-25
9837,2823,0.41,2026-01-25
9838,24315,0.13,2026-01-25
9839,10065,1.20,2026-01-25
9840,16644,2.50,2026-01-25
9841,4104,0.68,2026-01-25
9842,2248,0.47,2026-01-25
9843,20861,0.25,2026-01-25
9844,5870,0.54,2026-01-25
9845,16563,1.91,2026-01-25
9846,4325,1.76,2026-01-25
9847,26602,4.96,2026-01-25
9848,16107,0.16,2026-01-25
9849,6709,0.32,2026-01-25
9850,23301,0.38,2026-01-25
9851,6564,1.11,2026-01-25
9852,13176,0.68,2026-01-25
9853,6255,1.81,2026-01-25
9854,18622,0.57,2026-01-25
9855,10181,5.15,2026-01-25
9856,5671,1.51,2026-01-25
9857,2553,15.02,2026-01-25
9858,8049,2.00,2026-01-25
9859,26921,6.04,2026-01-25
9860,20538,0.66,2026-01-25
9861,281,1.17,2026-01-25
9862,2850,17.01,2026-01-25
9863,3259,4.92,2026-01-25
9864,16005,5.10,2026-01-25
9865,20513,96.02,2026-01-25
9866,12377,7.19,2026-01-25
9867,96,0.78,2026-01-25
9868,4007,2.63,2026-01-25
9869,19388,0.80,2026-01-25
9870,25381,2.95,2026-01-25
9871,7521,2.35,2026-01-25
9872,19347,0.32,2026-01-25
9873,401,2.49,2026-01-25
9874,5173,25.62,2026-01-25
9875,21544,48.82,2026-01-25
9876,6474,1.23,2026-01-25
9877,6254,0.16,2026-01-25
9878,4073,0.13,2026-01-25
9879,21976,0.35,2026-01-25
9880,14015,8.13,2026-01-25
9881,22446,18.83,2026-01-25
9882,1699,18.14,2026-01-25
9883,15373,18.16,2026-01-25
9884,24787,0.42,2026-01-25
9885,6351,1.79,2026-01-25
9886,3063,1.88,2026-01-25
9887,13833,1.14,2026-01-25
9888,14900,4.87,2026-01-25
9889,17923,2.15,2026-01-25
9890,25386,0.62,2026-01-25
9891,13029,1.85,2026-01-25
9892,24974,0.73,2026-01-25
9893,8238,1.63,2026-01-25
9894,24542,0.56,2026-01-25
9895,16957,0.24,2026-01-25
9896,26421,2.78,2026-01-25
9897,3421,18.08,2026-01-25
9898,24222,0.70,2026-01-25
9899,10981,2.55,2026-01-25
9900,4318,0.28,2026-01-25
9901,26250,4.19,2026-01-25
9902,2176,1.38,2026-01-25
9903,8550,17.19,2026-01-25
9904,12022,1.99,2026-01-25
9905,22416,9.77,2026-01-25
9906,14378,0.33,2026-01-25
9907,17831,1.49,2026-01-25
9908,10603,0.18,2026-01-25
9909,15377,0.53,2026-01-25
9910,4818,5.14,2026-01-25
9911,19200,57.62,2026-01-25
9912,14609,0.33,2026-01-25
9913,8037,0.16,2026-01-25
9914,8801,0.52,2026-01-25
9915,5041,1.62,2026-01-25
9916,17409,0.26,2026-01-25
9917,25405,0.09,2026-01-25
9918,22103,2.00,2026-01-25
9919,9279,3.52,2026-01-25
9920,20060,0.21,2026-01-25
9921,22773,1.89,2026-01-25
9922,5872,0.18,2026-01-25
9923,19193,0.49,2026-01-25
9924,12108,1.69,2026-01-25
9925,7317,0.21,2026-01-25
9926,22710,0.50,2026-01-25
9927,8577,0.39,2026-01-25
9928,14186,2.98,2026-01-25
9929,19517,5.25,2026-01-25
9930,5129,37.60,2026-01-25
9931,16013,0.23,2026-01-25
9932,25071,0.52,2026-01-25
9933,8679,1.43,2026-01-25
9934,17733,0.71,2026-01-25
9935,5208,0.11,2026-01-25
9936,7877,0.29,2026-01-25
9937,2797,1.48,2026-01-25
9938,10160,0.48,2026-01-25
9939,22242,1.51,2026-01-25
9940,4112,0.52,2026-01-25
9941,375,0.32,2026-01-25
9942,23113,0.54,2026-01-25
9943,21216,0.96,2026-01-25
9944,9483,0.46,2026-01-25
9945,22983,10.19,2026-01-25
9946,12840,1.99,2026-01-25
9947,951,5.99,2026-01-25
9948,18962,26.45,2026-01-25
9949,3788,67.66,2026-01-25
9950,9887,4.97,2026-01-25
9951,5485,7.99,2026-01-25
9952,16972,1.21,2026-01-25
9953,20864,0.45,2026-01-25
9954,15876,0.31,2026-01-25
9955,20128,0.12,2026-01-25
9956,13549,0.19,2026-01-25
9957,24872,0.75,2026-01-25
9958,9921,0.59,2026-01-25
9959,16666,7.39,2026-01-25
9960,13950,0.71,2026-01-25
9961,19365,4.39,2026-01-25
9962,12930,4.82,2026-01-25
9963,25189,35.79,2026-01-25
9964,7028,0.19,2026-01-25
9965,254,0.57,2026-01-25
9966,7858,39.20,2026-01-25
9967,2781,0.38,2026-01-25
9968,16307,0.54,2026-01-25
9969,23611,1.72,2026-01-25
9970,26829,25.97,2026-01-25
9971,5537,1.13,2026-01-25
9972,14582,2.46,2026-01-25
9973,9992,1.92,2026-01-25
9974,8567,1.22,2026-01-25
9975,7470,0.60,2026-01-25
9976,25585,0.14,2026-01-25
9977,792,0.25,2026-01-25
9978,16040,36.73,2026-01-25
9979,20386,17.54,2026-01-25
9980,7251,2.72,2026-01-25
9981,10373,1.81,2026-01-25
9982,22327,0.09,2026-01-25
9983,20484,0.15,2026-01-25
9984,18034,534.57,2026-01-25
9985,5749,2.28,2026-01-25
9986,1172,1.54,2026-01-25
9987,20216,27.44,2026-01-25
9988,5474,0.36,2026-01-25
9989,3383,2.97,2026-01-25
9990,24276,0.13,2026-01-25
9991,2750,0.54,2026-01-25
9992,18834,0.50,2026-01-25
9993,20314,4.18,2026-01-25
9994,16043,0.61,2026-01-25
9995,9956,12.35,2026-01-25
9996,2517,1.20,2026-01-25
9997,10886,0.27,2026-01-25
9998,11824,0.75,2026-01-25
9999,5694,11.41,2026-01-25
10000,20256,3.36,2026-01-25
10001,5642,0.35,2026-01-25
10002,26006,2.00,2026-01-25
10003,25226,3.61,2026-01-25
10004,13175,4.25,2026-01-25
10005,23873,0.52,2026-01-25
10006,15138,0.31,2026-01-25
10007,20132,2.18,2026-01-25
10008,13683,17.01,2026-01-25
10009,12456,0.32,2026-01-25
10010,13978,0.94,2026-01-25
10011,4190,1.64,2026-01-25
10012,17196,20.85,2026-01-25
10013,4330,0.33,2026-01-25
10014,25668,2.66,2026-01-25
10015,22226,4.38,2026-01-25
10016,4045,5.85,2026-01-25
10017,17074,1.46,2026-01-25
10018,20337,9.40,2026-01-25
10019,17441,0.39,2026-01-25
10020,24613,0.72,2026-01-25
10021,9433,0.14,2026-01-25
10022,22418,0.28,2026-01-25
10023,4305,0.76,2026-01-25
10024,26085,10.44,2026-01-25
10025,11702,0.12,2026-01-25
10026,13757,0.31,2026-01-25
10027,14935,1.27,2026-01-25
10028,2223,51.91,2026-01-25
10029,3645,0.24,2026-01-25
10030,23561,0.43,2026-01-25
10031,19022,0.89,2026-01-25
10032,22692,1.28,2026-01-25
10033,5781,0.38,2026-01-25
10034,23060,1.37,2026-01-25
10035,22086,0.86,2026-01-25
10036,2447,14.06,2026-01-25
10037,16085,2.03,2026-01-25
10038,15510,6.50,2026-01-25
10039,19997,37.37,2026-01-25
10040,10928,56.99,2026-01-25
10041,8140,0.70,2026-01-25
10042,26128,5.26,2026-01-25
10043,495,7.58,2026-01-25
10044,1242,2.36,2026-01-25
10045,7539,1.20,2026-01-25
10046,9671,74.93,2026-01-25
10047,4227,119.99,2026-01-25
10048,13897,4.89,2026-01-25
10049,18174,0.70,2026-01-25
10050,11694,0.76,2026-01-25
10051,12331,0.35,2026-01-25
10052,25854,1.62,2026-01-25
10053,9473,0.55,2026-01-25
10054,16321,17.64,2026-01-25
10055,2647,1.27,2026-01-25
10056,15635,1.80,2026-01-25
10057,1181,2.93,2026-01-25
10058,11116,2.96,2026-01-25
10059,11263,3.57,2026-01-25
10060,10610,2.78,2026-01-25
10061,22500,0.35,2026-01-25
10062,23444,6.00,2026-01-25
10063,19251,0.49,2026-01-25
10064,8817,3.09,2026-01-25
10065,20515,0.16,2026-01-25
10066,7465,0.34,2026-01-25
10067,24089,0.37,2026-01-25
10068,5135,1.28,2026-01-25
10069,13590,0.39,2026-01-25
10070,23410,2.06,2026-01-25
10071,18554,0.58,2026-01-25
10072,14963,1.58,2026-01-25
10073,9391,1.08,2026-01-25
10074,25540,17.59,2026-01-25
10075,15401,0.99,2026-01-25
10076,3702,9.84,2026-01-25
10077,17553,2.08,2026-01-25
10078,11071,16.59,2026-01-25
10079,12597,0.13,2026-01-25
10080,25188,0.25,2026-01-25
10081,26386,17.12,2026-01-25
10082,25197,1.73,2026-01-25
10083,3984,3.62,2026-01-25
10084,19106,1.64,2026-01-25
10085,21239,10.30,2026-01-25
10086,4164,4.93,2026-01-25
10087,24969,8.16,2026-01-25
10088,17909,1.01,2026-01-25
10089,10868,0.49,2026-01-25
10090,10739,0.12,2026-01-25
10091,10817,0.31,2026-01-25
10092,20492,20.92,2026-01-25
10093,12706,0.30,2026-01-25
10094,16812,8.45,2026-01-25
10095,5472,0.17,2026-01-25
10096,8796,0.33,2026-01-25
10097,18872,0.51,2026-01-25
10098,21133,0.26,2026-01-25
10099,25725,0.81,2026-01-25
10100,7817,0.19,2026-01-25
10101,12734,0.24,2026-01-25
10102,638,0.66,2026-01-25
10103,7941,3.77,2026-01-25
10104,26567,0.63,2026-01-25
10105,24131,26.75,2026-01-25
10106,24404,0.35,2026-01-25
10107,25233,0.32,2026-01-25
10108,9144,1.05,2026-01-25
10109,23179,5.76,2026-01-25
10110,7526,0.39,2026-01-25
10111,26552,4.72,2026-01-25
10112,18944,0.15,2026-01-25
10113,25039,0.40,2026-01-25
10114,17359,91.87,2026-01-25
10115,12354,126.66,2026-01-25
10116,956,0.07,2026-01-25
10117,470,0.20,2026-01-25
10118,7698,0.26,2026-01-25
10119,21578,0.84,2026-01-25
10120,10833,0.13,2026-01-25
10121,16510,0.23,2026-01-25
10122,25231,0.20,2026-01-25
10123,16528,0.52,2026-01-25
10124,13145,2.78,2026-01-25
10125,277,0.67,2026-01-25
10126,22066,6.31,2026-01-25
10127,22926,22.07,2026-01-25
10128,6110,0.62,2026-01-25
10129,15340,1.23,2026-01-25
10130,9248,1.12,2026-01-25
10131,2990,0.65,2026-01-25
10132,4394,8.10,2026-01-25
10133,10799,3.23,2026-01-25
10134,14758,1.15,2026-01-25
10135,1230,16.21,2026-01-25
10136,10272,0.41,2026-01-25
10137,24870,6.99,2026-01-25
10138,16933,2.48,2026-01-25
10139,16732,1.10,2026-01-25
10140,16794,0.49,2026-01-25
10141,12494,0.78,2026-01-25
10142,14356,0.22,2026-01-25
10143,2769,0.67,2026-01-25
10144,22149,2.12,2026-01-25
10145,14605,30.08,2026-01-25
10146,26771,0.11,2026-01-25
10147,15792,0.51,2026-01-25
10148,22360,0.30,2026-01-25
10149,14475,0.75,2026-01-25
10150,1657,0.18,2026-01-25
10151,18838,0.43,2026-01-25
10152,8224,2.53,2026-01-25
10153,20998,25.14,2026-01-25
10154,3169,0.41,2026-01-25
10155,23404,0.09,2026-01-25
10156,7093,0.23,2026-01-25
10157,15366,0.31,2026-01-25
10158,21715,0.70,2026-01-25
10159,4376,1.57,2026-01-25
10160,25992,4.63,2026-01-25
10161,11059,7.70,2026-01-25
10162,1578,16.25,2026-01-25
10163,13366,2.87,2026-01-25
10164,21418,3.33,2026-01-25
10165,22884,0.40,2026-01-25
10166,3327,2.15,2026-01-25
10167,6481,0.55,2026-01-25
10168,15613,1.38,2026-01-25
10169,24242,7.74,2026-01-25
10170,8181,0.38,2026-01-25
10171,13066,0.63,2026-01-25
10172,6948,22.79,2026-01-25
10173,23755,1.09,2026-01-25
10174,13515,1.34,2026-01-25
10175,2866,54.59,2026-01-25
10176,23069,0.80,2026-01-25
10177,2193,8.63,2026-01-25
10178,11205,0.19,2026-01-25
10179,4,0.39,2026-01-25
10180,15856,0.85,2026-01-25
10181,19786,9.86,2026-01-25
10182,9182,13.04,2026-01-25
10183,20591,17.75,2026-01-25
10184,16846,0.41,2026-01-25
10185,20960,3.66,2026-01-25
10186,2528,0.46,2026-01-25
10187,17573,14.42,2026-01-25
10188,23207,0.24,2026-01-25
10189,4561,1.10,2026-01-25
10190,8364,12.69,2026-01-25
10191,15327,0.37,2026-01-25
10192,7847,12.78,2026-01-25
10193,10645,0.10,2026-01-25
10194,4836,0.28,2026-01-25
10195,22566,1.75,2026-01-25
10196,19377,56.68,2026-01-25
10197,10758,0.33,2026-01-25
10198,16642,0.56,2026-01-25
10199,9968,0.62,2026-01-25
10200,7940,1.73,2026-01-25
10201,1403,1.68,2026-01-25
10202,23929,0.57,2026-01-25
10203,15535,0.38,2026-01-25
10204,9642,1.02,2026-01-25
10205,21899,8.02,2026-01-25
10206,25560,0.58,2026-01-25
10207,12881,5.40,2026-01-25
10208,21742,0.96,2026-01-25
10209,13845,8.84,2026-01-25
10210,7462,5.83,2026-01-25
10211,14345,1.64,2026-01-25
10212,14977,0.29,2026-01-25
10213,10418,0.90,2026-01-25
10214,12849,8.37,2026-01-25
10215,9643,6.88,2026-01-25
10216,17137,0.20,2026-01-25
10217,11579,0.09,2026-01-25
10218,6826,4.09,2026-01-25
10219,7097,0.09,2026-01-25
10220,4799,0.29,2026-01-25
10221,4494,0.60,2026-01-25
10222,15691,0.72,2026-01-25
10223,26418,0.18,2026-01-25
10224,25788,0.28,2026-01-25
10225,21063,0.12,2026-01-25
10226,4819,0.24,2026-01-25
10227,18566,0.50,2026-01-25
10228,12253,1.87,2026-01-25
10229,24437,0.24,2026-01-25
10230,21350,0.12,2026-01-25
10231,17257,0.25,2026-01-25
10232,6513,0.15,2026-01-25
10233,4918,1.87,2026-01-25
10234,13551,49.00,2026-01-25
10235,17028,0.16,2026-01-25
10236,26577,0.34,2026-01-25
10237,5168,0.41,2026-01-25
10238,17178,1.28,2026-01-25
10239,15085,15.72,2026-01-25
10240,6033,0.39,2026-01-25
10241,5293,1.86,2026-01-25
10242,23607,0.89,2026-01-25
10243,20134,8.48,2026-01-25
10244,26248,1.34,2026-01-25
10245,25608,18.78,2026-01-25
10246,24535,0.20,2026-01-25
10247,14004,0.34,2026-01-25
10248,7143,1.22,2026-01-25
10249,20872,0.26,2026-01-25
10250,26676,0.76,2026-01-25
10251,21245,0.88,2026-01-25
10252,26586,2.03,2026-01-25
10253,8641,0.40,2026-01-25
10254,23571,0.32,2026-01-25
10255,9636,33.37,2026-01-25
10256,21534,1.18,2026-01-25
10257,26916,5.12,2026-01-25
10258,18133,0.51,2026-01-25
10259,15637,16.86,2026-01-25
10260,21873,0.35,2026-01-25
10261,4987,1.99,2026-01-25
10262,11457,0.08,2026-01-25
10263,23456,0.16,2026-01-25
10264,12410,2.17,2026-01-25
10265,6624,0.30,2026-01-25
10266,2178,0.12,2026-01-25
10267,22240,0.20,2026-01-25
10268,16359,0.23,2026-01-25
10269,22755,0.69,2026-01-25
10270,13467,0.14,2026-01-25
10271,12480,0.60,2026-01-25
10272,13910,0.57,2026-01-25
10273,8666,6.89,2026-01-25
10274,11091,0.10,2026-01-25
10275,9491,0.54,2026-01-25
10276,9894,0.20,2026-01-25
10277,19311,0.56,2026-01-25
10278,2883,0.17,2026-01-25
10279,6282,0.61,2026-01-25
10280,10379,0.44,2026-01-25
10281,2257,0.37,2026-01-25
10282,13465,6.09,2026-01-25
10283,14682,1.95,2026-01-25
10284,22749,8.43,2026-01-25
10285,17365,4.00,2026-01-25
10286,3605,227.55,2026-01-25
10287,24321,0.12,2026-01-25
10288,6796,0.26,2026-01-25
10289,17018,0.31,2026-01-25
10290,21565,9.89,2026-01-25
10291,4928,1.14,2026-01-25
10292,6381,18.33,2026-01-25
10293,12268,0.40,2026-01-25
10294,5256,1.05,2026-01-25
10295,14201,0.56,2026-01-25
10296,19257,0.12,2026-01-25
10297,7982,0.20,2026-01-25
10298,10814,0.31,2026-01-25
10299,15767,0.54,2026-01-25
10300,8173,0.97,2026-01-25
10301,24425,3.78,2026-01-25
10302,7397,0.45,2026-01-25
10303,9450,12.82,2026-01-25
10304,21764,1.57,2026-01-25
10305,8271,21.50,2026-01-25
10306,20707,0.36,2026-01-25
10307,25264,1.75,2026-01-25
10308,23106,0.43,2026-01-25
10309,12021,4.29,2026-01-25
10310,3860,0.27,2026-01-25
10311,8548,1.47,2026-01-25
10312,6363,18.24,2026-01-25
10313,22517,5.96,2026-01-25
10314,13025,0.27,2026-01-25
10315,21123,0.33,2026-01-25
10316,17057,9.64,2026-01-25
10317,5580,0.88,2026-01-25
10318,21533,0.17,2026-01-25
10319,20359,0.42,2026-01-25
10320,8621,0.87,2026-01-25
10321,3417,0.12,2026-01-25
10322,14754,0.28,2026-01-25
10323,11547,2.38,2026-01-25
10324,9509,1.09,2026-01-25
10325,20040,0.15,2026-01-25
10326,2985,0.54,2026-01-25
10327,16992,0.35,2026-01-25
10328,15076,1.05,2026-01-25
10329,1491,0.14,2026-01-25
10330,14038,0.38,2026-01-25
10331,24970,0.62,2026-01-25
10332,2488,1.91,2026-01-25
10333,11512,0.49,2026-01-25
10334,14320,1.96,2026-01-25
10335,1220,0.18,2026-01-25
10336,11299,0.43,2026-01-25
10337,7270,0.16,2026-01-25
10338,14503,0.28,2026-01-25
10339,24914,5.66,2026-01-25
10340,7202,0.95,2026-01-25
10341,242,2.05,2026-01-25
10342,8480,0.46,2026-01-25
10343,25684,0.90,2026-01-25
10344,1947,0.27,2026-01-25
10345,8275,0.68,2026-01-25
10346,7284,0.62,2026-01-25
10347,14145,2.29,2026-01-25
10348,2157,0.06,2026-01-25
10349,4910,0.17,2026-01-25
10350,25036,1.57,2026-01-25
10351,5260,8.03,2026-01-25
10352,7792,0.38,2026-01-25
10353,11130,2.21,2026-01-25
10354,26654,0.50,2026-01-25
10355,21572,10.74,2026-01-25
10356,22565,0.26,2026-01-25
10357,26632,0.46,2026-01-25
10358,16908,0.79,2026-01-25
10359,23481,7.38,2026-01-25
10360,13620,0.11,2026-01-25
10361,3617,0.37,2026-01-25
10362,16791,8.61,2026-01-25
10363,2534,58.72,2026-01-25
10364,22832,0.57,2026-01-25
10365,23243,6.39,2026-01-25
10366,25344,0.24,2026-01-25
10367,24587,0.78,2026-01-25
10368,24729,3.35,2026-01-25
10369,7357,22.48,2026-01-25
10370,7525,5.67,2026-01-25
10371,22628,16.23,2026-01-25
10372,17295,0.30,2026-01-25
10373,16050,0.60,2026-01-25
10374,4451,1.53,2026-01-25
10375,20767,2.77,2026-01-25
10376,22466,9.17,2026-01-25
10377,12132,0.43,2026-01-25
10378,21292,3.62,2026-01-25
10379,17534,0.26,2026-01-25
10380,20704,0.80,2026-01-25
10381,3094,36.47,2026-01-25
10382,4725,0.14,2026-01-25
10383,6914,0.26,2026-01-25
10384,24548,0.51,2026-01-25
10385,2591,7.97,2026-01-25
10386,26499,6.42,2026-01-25
10387,3308,8.93,2026-01-25
10388,13114,0.52,2026-01-25
10389,26641,1.80,2026-01-25
10390,25121,7.48,2026-01-25
10391,26659,0.55,2026-01-25
10392,4973,13.05,2026-01-25
10393,19019,2.48,2026-01-25
10394,7880,0.14,2026-01-25
10395,7736,0.08,2026-01-25
10396,20846,0.36,2026-01-25
10397,13302,2.00,2026-01-25
10398,18243,0.32,2026-01-25
10399,4149,1.59,2026-01-25
10400,23892,0.10,2026-01-25
10401,25248,0.23,2026-01-25
10402,4813,0.46,2026-01-25
10403,15471,0.18,2026-01-25
10404,1664,0.52,2026-01-25
10405,14384,1.94,2026-01-25
10406,4543,0.91,2026-01-25
10407,2584,9.30,2026-01-25
10408,19795,0.38,2026-01-25
10409,16687,0.49,2026-01-25
10410,23485,6.40,2026-01-25
10411,25319,0.25,2026-01-25
10412,16971,1.32,2026-01-25
10413,14912,17.81,2026-01-25
10414,8097,17.39,2026-01-25
10415,25062,0.53,2026-01-25
10416,16693,0.49,2026-01-25
10417,5222,25.80,2026-01-25
10418,21682,39.99,2026-01-25
10419,22911,65.42,2026-01-25
10420,13802,69.43,2026-01-25
10421,6416,0.42,2026-01-25
10422,6830,0.67,2026-01-25
10423,5468,45.05,2026-01-25
10424,19834,0.45,2026-01-25
10425,384,0.22,2026-01-25
10426,4567,0.96,2026-01-25
10427,10989,4.30,2026-01-25
10428,17432,0.65,2026-01-25
10429,16937,5.42,2026-01-25
10430,20032,0.40,2026-01-25
10431,15870,0.99,2026-01-25
10432,26939,3.76,2026-01-25
10433,19827,24.51,2026-01-25
10434,18549,7.86,2026-01-25
10435,23953,0.54,2026-01-25
10436,1807,4.33,2026-01-25
10437,9441,0.37,2026-01-25
10438,11402,0.87,2026-01-25
10439,9949,1.17,2026-01-25
10440,11785,1.65,2026-01-25
10441,8415,7.17,2026-01-25
10442,20094,2.78,2026-01-25
10443,26275,0.50,2026-01-25
10444,19087,9.69,2026-01-25
10445,7942,2.38,2026-01-25
10446,15552,0.94,2026-01-25
10447,8162,0.97,2026-01-25
10448,21348,0.38,2026-01-25
10449,18775,2.24,2026-01-25
10450,19121,1.20,2026-01-25
10451,20997,16.47,2026-01-25
10452,17078,0.49,2026-01-25
10453,2941,6.33,2026-01-25
10454,2052,0.32,2026-01-25
10455,25092,0.74,2026-01-25
10456,20899,0.34,2026-01-25
10457,21290,0.27,2026-01-25
10458,6008,0.18,2026-01-25
10459,26793,0.57,2026-01-25
10460,503,8.98,2026-01-25
10461,535,6.81,2026-01-25
10462,9677,0.42,2026-01-25
10463,4207,0.40,2026-01-25
10464,1654,1.50,2026-01-25
10465,24504,5.12,2026-01-25
10466,16152,0.23,2026-01-25
10467,1950,0.34,2026-01-25
10468,1600,0.92,2026-01-25
10469,3971,0.25,2026-01-25
10470,1962,0.11,2026-01-25
10471,19317,0.61,2026-01-25
10472,17978,23.70,2026-01-25
10473,9835,5.08,2026-01-25
10474,5884,30.14,2026-01-25
10475,14239,0.31,2026-01-25
10476,26724,1.51,2026-01-25
10477,21237,0.12,2026-01-25
10478,12327,0.28,2026-01-25
10479,16352,0.53,2026-01-25
10480,26548,5.69,2026-01-25
10481,15733,0.26,2026-01-25
10482,17051,0.54,2026-01-25
10483,3106,0.97,2026-01-25
10484,26260,0.99,2026-01-25
10485,11726,1.33,2026-01-25
10486,21605,0.54,2026-01-25
10487,8889,0.31,2026-01-25
10488,15547,6.71,2026-01-25
10489,18125,0.34,2026-01-25
10490,17680,0.41,2026-01-25
10491,19660,0.69,2026-01-25
10492,8560,4.53,2026-01-25
10493,16161,1.08,2026-01-25
10494,11534,1.01,2026-01-25
10495,4663,0.21,2026-01-25
10496,24216,0.14,2026-01-25
10497,4798,0.33,2026-01-25
10498,18655,0.40,2026-01-25
10499,14205,1.47,2026-01-25
10500,25152,71.56,2026-01-25
10501,22285,0.34,2026-01-25
10502,23912,6.17,2026-01-25
10503,19899,1.81,2026-01-25
10504,14354,1.14,2026-01-25
10505,25105,0.37,2026-01-25
10506,2560,1.02,2026-01-25
10507,9228,2.33,2026-01-25
10508,20939,6.21,2026-01-25
10509,23921,4.33,2026-01-25
10510,22298,0.54,2026-01-25
10511,20555,29.99,2026-01-25
10512,21950,6.23,2026-01-25
10513,7621,2.58,2026-01-25
10514,19933,0.35,2026-01-25
10515,7096,3.97,2026-01-25
10516,14419,0.35,2026-01-25
10517,22386,0.76,2026-01-25
10518,22421,0.76,2026-01-25
10519,6680,1.04,2026-01-25
10520,8945,0.34,2026-01-25
10521,12439,0.47,2026-01-25
10522,1558,1.16,2026-01-25
10523,16455,0.48,2026-01-25
10524,3840,1.96,2026-01-25
10525,5278,54.22,2026-01-25
10526,15020,0.60,2026-01-25
10527,26046,0.26,2026-01-25
10528,10245,1.41,2026-01-25
10529,11467,26.02,2026-01-25
10530,7273,1.14,2026-01-25
10531,8321,14.99,2026-01-25
10532,22244,1.36,2026-01-25
10533,9022,4.98,2026-01-25
10534,6272,0.43,2026-01-25
10535,8611,0.69,2026-01-25
10536,3878,1.79,2026-01-25
10537,23878,12.81,2026-01-25
10538,24865,0.74,2026-01-25
10539,7871,2.02,2026-01-25
10540,17530,0.80,2026-01-25
10541,11561,13.24,2026-01-25
10542,19150,0.42,2026-01-25
10543,27050,0.83,2026-01-25
10544,7115,0.20,2026-01-25
10545,26034,2.76,2026-01-25
10546,6098,37.28,2026-01-25
10547,9770,60.00,2026-01-25
10548,6958,99.70,2026-01-25
10549,13065,0.16,2026-01-25
10550,17780,0.84,2026-01-25
10551,13868,0.43,2026-01-25
10552,364,1.71,2026-01-25
10553,17341,0.67,2026-01-25
10554,11788,8.17,2026-01-25
10555,4329,18.25,2026-01-25
10556,13878,1.49,2026-01-25
10557,10197,0.09,2026-01-25
10558,651,0.20,2026-01-25
10559,20178,2.00,2026-01-25
10560,12833,1.11,2026-01-25
10561,26013,0.28,2026-01-25
10562,2327,1.37,2026-01-25
10563,21914,0.19,2026-01-25
10564,8386,0.47,2026-01-25
10565,16907,0.28,2026-01-25
10566,27068,0.50,2026-01-25
10567,1549,0.56,2026-01-25
10568,24771,1.00,2026-01-25
10569,10673,0.97,2026-01-25
10570,9341,11.15,2026-01-25
10571,24559,0.56,2026-01-25
10572,1812,2.24,2026-01-25
10573,26891,0.41,2026-01-25
10574,12758,0.74,2026-01-25
10575,8571,0.27,2026-01-25
10576,10007,0.76,2026-01-25
10577,12693,0.68,2026-01-25
10578,21980,7.90,2026-01-25
10579,12142,1.29,2026-01-25
10580,19523,1.87,2026-01-25
10581,25259,0.49,2026-01-25
10582,16629,0.27,2026-01-25
10583,14518,1.13,2026-01-25
10584,12989,2.00,2026-01-25
10585,12125,0.33,2026-01-25
10586,21934,1.47,2026-01-25
10587,5519,0.42,2026-01-25
10588,18851,0.98,2026-01-25
10589,25808,0.32,2026-01-25
10590,19418,0.80,2026-01-25
10591,16990,1.42,2026-01-25
10592,14736,1.94,2026-01-25
10593,2610,0.36,2026-01-25
10594,4599,7.43,2026-01-25
10595,17562,0.30,2026-01-25
10596,14930,2.09,2026-01-25
10597,13210,0.68,2026-01-25
10598,13044,9.44,2026-01-25
10599,19199,1.54,2026-01-25
10600,393,0.69,2026-01-25
10601,16102,0.41,2026-01-25
10602,18104,3.98,2026-01-25
10603,17503,0.27,2026-01-25
10604,19849,1.97,2026-01-25
10605,2691,1.52,2026-01-25
10606,964,16.53,2026-01-25
10607,13722,0.89,2026-01-25
10608,7505,0.78,2026-01-25
10609,3661,6.82,2026-01-25
10610,21474,0.89,2026-01-25
10611,21065,32.50,2026-01-25
10612,3776,0.18,2026-01-25
10613,9094,0.33,2026-01-25
10614,20764,9.46,2026-01-25
10615,9717,0.85,2026-01-25
10616,20464,3.64,2026-01-25
10617,20313,0.38,2026-01-25
10618,4090,1.93,2026-01-25
10619,18348,0.33,2026-01-25
10620,22953,2.45,2026-01-25
10621,19505,0.17,2026-01-25
10622,18386,0.34,2026-01-25
10623,8873,0.53,2026-01-25
10624,3679,1.99,2026-01-25
10625,16789,0.43,2026-01-25
10626,19363,0.15,2026-01-25
10627,2066,0.54,2026-01-25
10628,23541,15.83,2026-01-25
10629,21557,0.50,2026-01-25
10630,23947,2.63,2026-01-25
10631,18545,0.22,2026-01-25
10632,10167,0.25,2026-01-25
10633,6912,0.59,2026-01-25
10634,2134,1.20,2026-01-25
10635,18925,0.13,2026-01-25
10636,162,0.28,2026-01-25
10637,19026,0.32,2026-01-25
10638,8243,0.73,2026-01-25
10639,18350,2.11,2026-01-25
10640,18340,1.42,2026-01-25
10641,7939,0.25,2026-01-25
10642,8917,0.07,2026-01-25
10643,6603,0.31,2026-01-25
10644,23845,1.13,2026-01-25
10645,25463,3.41,2026-01-25
10646,21576,0.11,2026-01-25
10647,14441,0.34,2026-01-25
10648,22580,0.60,2026-01-25
10649,12052,0.64,2026-01-25
10650,11396,0.12,2026-01-25
10651,24237,0.34,2026-01-25
10652,14070,0.99,2026-01-25
10653,18384,0.79,2026-01-25
10654,4766,2.48,2026-01-25
10655,15160,2.74,2026-01-25
10656,8827,2.27,2026-01-25
10657,20595,0.56,2026-01-25
10658,7022,0.67,2026-01-25
10659,13397,0.32,2026-01-25
10660,22277,0.12,2026-01-25
10661,20546,1.08,2026-01-25
10662,23098,1.66,2026-01-25
10663,20919,1.15,2026-01-25
10664,15929,1.03,2026-01-25
10665,9084,2.48,2026-01-25
10666,5812,4.02,2026-01-25
10667,26973,3.60,2026-01-25
10668,3173,0.22,2026-01-25
10669,11356,0.31,2026-01-25
10670,4274,1.93,2026-01-25
10671,5858,20.76,2026-01-25
10672,23227,0.30,2026-01-25
10673,25504,0.59,2026-01-25
10674,12141,0.78,2026-01-25
10675,1431,0.82,2026-01-25
10676,11578,0.28,2026-01-25
10677,22428,1.07,2026-01-25
10678,8198,3.43,2026-01-25
10679,2071,7.60,2026-01-25
10680,9039,12.61,2026-01-25
10681,19399,0.91,2026-01-25
10682,13359,20.85,2026-01-25
10683,14229,0.21,2026-01-25
10684,1996,0.63,2026-01-25
10685,5701,0.41,2026-01-25
10686,6932,2.17,2026-01-25
10687,5406,0.76,2026-01-25
10688,16290,4.11,2026-01-25
10689,1362,0.68,2026-01-25
10690,18395,11.25,2026-01-25
10691,16748,0.42,2026-01-25
10692,26519,2.86,2026-01-25
10693,12692,1.40,2026-01-25
10694,18681,0.31,2026-01-25
10695,10735,3.13,2026-01-25
10696,14336,0.45,2026-01-25
10697,16033,0.36,2026-01-25
10698,2507,0.32,2026-01-25
10699,25361,1.02,2026-01-25
10700,13854,8.57,2026-01-25
10701,19526,7.03,2026-01-25
10702,8143,0.37,2026-01-25
10703,5722,3.92,2026-01-25
10704,8891,0.23,2026-01-25
10705,20629,0.44,2026-01-25
10706,10678,2.45,2026-01-25
10707,23642,3.08,2026-01-25
10708,25897,2.23,2026-01-25
10709,20116,22.00,2026-01-25
10710,21966,0.92,2026-01-25
10711,13526,10.79,2026-01-25
10712,18547,7.08,2026-01-25
10713,5199,1.89,2026-01-25
10714,1034,0.47,2026-01-25
10715,3755,21.76,2026-01-25
10716,12,1.52,2026-01-25
10717,7104,0.12,2026-01-25
10718,18891,0.18,2026-01-25
10719,12289,11.11,2026-01-25
10720,25776,2.95,2026-01-25
10721,21421,3.36,2026-01-25
10722,17026,0.93,2026-01-25
10723,6141,1.36,2026-01-25
10724,8637,0.28,2026-01-25
10725,21249,2.71,2026-01-25
10726,17360,0.64,2026-01-25
10727,12245,2.54,2026-01-25
10728,18296,35.45,2026-01-25
10729,18645,0.43,2026-01-25
10730,10180,4.49,2026-01-25
10731,3084,0.51,2026-01-25
10732,25678,0.59,2026-01-25
10733,3142,0.28,2026-01-25
10734,19052,0.87,2026-01-25
10735,812,0.42,2026-01-25
10736,11809,1.14,2026-01-25
10737,22547,0.47,2026-01-25
10738,1413,8.00,2026-01-25
10739,15490,3.12,2026-01-25
10740,5741,5.22,2026-01-25
10741,7857,0.23,2026-01-25
10742,20458,0.34,2026-01-25
10743,25257,0.39,2026-01-25
10744,14242,1.97,2026-01-25
10745,25811,0.38,2026-01-25
10746,22785,1.46,2026-01-25
10747,24233,0.39,2026-01-25
10748,11347,5.99,2026-01-25
10749,10083,1.29,2026-01-25
10750,6548,3.04,2026-01-25
10751,20392,5.08,2026-01-25
10752,14393,60.41,2026-01-25
10753,22137,0.72,2026-01-25
10754,16042,13.15,2026-01-25
10755,15195,2.42,2026-01-25
10756,2892,3.44,2026-01-25
10757,11383,12.91,2026-01-25
10758,20698,5.94,2026-01-25
10759,21013,0.85,2026-01-25
10760,25119,0.76,2026-01-25
10761,16073,0.40,2026-01-25
10762,2495,3.43,2026-01-25
10763,18995,27.73,2026-01-25
10764,7555,0.36,2026-01-25
10765,7652,10.00,2026-01-25
10766,7197,0.10,2026-01-25
10767,8948,0.23,2026-01-25
10768,15161,1.26,2026-01-25
10769,22731,1.28,2026-01-25
10770,20255,4.90,2026-01-25
10771,22437,5.72,2026-01-25
10772,5066,0.83,2026-01-25
10773,7976,3.10,2026-01-25
10774,25236,10.81,2026-01-25
10775,24465,59.99,2026-01-25
10776,5341,38.65,2026-01-25
10777,379,0.89,2026-01-25
10778,19771,12.50,2026-01-25
10779,3977,0.43,2026-01-25
10780,19965,1.90,2026-01-25
10781,8209,1.92,2026-01-25
10782,8133,125.00,2026-01-25
10783,23988,0.30,2026-01-25
10784,23973,4.35,2026-01-25
10785,23175,0.41,2026-01-25
10786,14082,6.54,2026-01-25
10787,5169,0.18,2026-01-25
10788,16101,0.47,2026-01-25
10789,3236,1.68,2026-01-25
10790,4596,0.74,2026-01-25
10791,14918,16.82,2026-01-25
10792,23512,0.44,2026-01-25
10793,16580,1.23,2026-01-25
10794,16450,5.73,2026-01-25
10795,7935,16.24,2026-01-25
10796,26888,0.43,2026-01-25
10797,15002,0.66,2026-01-25
10798,3286,0.55,2026-01-25
10799,5559,0.35,2026-01-25
10800,24932,84.31,2026-01-25
10801,2038,7.00,2026-01-25
10802,2796,1.71,2026-01-25
10803,13125,0.57,2026-01-25
10804,19307,8.90,2026-01-25
10805,13613,0.06,2026-01-25
10806,3047,0.19,2026-01-25
10807,19614,0.13,2026-01-25
10808,228,0.30,2026-01-25
10809,12208,34.99,2026-01-25
10810,11684,71.57,2026-01-25
10811,6073,0.08,2026-01-25
10812,14426,0.20,2026-01-25
10813,23656,0.10,2026-01-25
10814,12432,0.25,2026-01-25
10815,4461,0.63,2026-01-25
10816,11796,5.00,2026-01-25
10817,20290,0.35,2026-01-25
10818,15567,1.52,2026-01-25
10819,13158,0.33,2026-01-25
10820,21644,0.15,2026-01-25
10821,21788,0.47,2026-01-25
10822,16209,2.54,2026-01-25
10823,19428,0.37,2026-01-25
10824,17098,1.43,2026-01-25
10825,12232,0.13,2026-01-25
10826,2321,0.39,2026-01-25
10827,15736,1.69,2026-01-25
10828,25160,0.59,2026-01-25
10829,20321,11.12,2026-01-25
10830,20646,23.19,2026-01-25
10831,3721,1.83,2026-01-25
10832,10024,8.00,2026-01-25
10833,10285,0.66,2026-01-25
10834,17884,1.91,2026-01-25
10835,19071,1.75,2026-01-25
10836,25146,10.72,2026-01-25
10837,24573,0.17,2026-01-25
10838,12093,0.46,2026-01-25
10839,15017,0.63,2026-01-25
10840,3550,9.38,2026-01-25
10841,10777,0.12,2026-01-25
10842,23466,0.25,2026-01-25
10843,22826,0.46,2026-01-25
10844,26518,14.33,2026-01-25
10845,1985,0.21,2026-01-25
10846,4977,0.76,2026-01-25
10847,21391,1.76,2026-01-25
10848,2880,0.71,2026-01-25
10849,20326,32.15,2026-01-25
10850,26378,0.88,2026-01-25
10851,19430,19.05,2026-01-25
10852,1729,0.22,2026-01-25
10853,23794,0.57,2026-01-25
10854,9742,0.38,2026-01-25
10855,13142,3.14,2026-01-25
10856,24463,6.23,2026-01-25
10857,14811,0.83,2026-01-25
10858,9260,0.69,2026-01-25
10859,21786,17.44,2026-01-25
10860,5746,0.21,2026-01-25
10861,4469,0.44,2026-01-25
10862,6077,0.53,2026-01-25
10863,16994,1.82,2026-01-25
10864,7452,0.47,2026-01-25
10865,12314,13.87,2026-01-25
10866,21149,0.60,2026-01-25
10867,20943,1.48,2026-01-25
10868,14195,2.07,2026-01-25
10869,24291,56.62,2026-01-25
10870,15897,0.39,2026-01-25
10871,1805,9.79,2026-01-25
10872,25066,0.08,2026-01-25
10873,1565,0.32,2026-01-25
10874,18481,0.16,2026-01-25
10875,22115,0.35,2026-01-25
10876,6935,1.60,2026-01-25
10877,23487,0.16,2026-01-25
10878,8657,0.43,2026-01-25
10879,16650,0.31,2026-01-25
10880,22445,13.99,2026-01-25
10881,8136,8.79,2026-01-25
10882,4278,1.84,2026-01-25
10883,22507,1.77,2026-01-25
10884,17914,43.91,2026-01-25
10885,13631,5.95,2026-01-25
10886,21354,15.00,2026-01-25
10887,25498,0.82,2026-01-25
10888,5188,5.50,2026-01-25
10889,5853,0.92,2026-01-25
10890,624,1.31,2026-01-25
10891,9537,1.02,2026-01-25
10892,6988,1.40,2026-01-25
10893,11900,6.34,2026-01-25
10894,14241,0.36,2026-01-25
10895,26932,13.73,2026-01-25
10896,11853,54.91,2026-01-25
10897,9114,84.00,2026-01-25
10898,2290,0.31,2026-01-25
10899,10012,1.05,2026-01-25
10900,21526,0.51,2026-01-25
10901,7674,1.80,2026-01-25
10902,1613,315.32,2026-01-25
10903,16811,0.39,2026-01-25
10904,19569,2.37,2026-01-25
10905,13744,3.36,2026-01-25
10906,20703,4.97,2026-01-25
10907,837,2.93,2026-01-25
10908,4700,41.75,2026-01-25
10909,9867,7.75,2026-01-25
10910,22263,1.91,2026-01-25
10911,22045,0.21,2026-01-25
10912,14854,0.62,2026-01-25
10913,19581,0.25,2026-01-25
10914,24727,1.48,2026-01-25
10915,15825,0.53,2026-01-25
10916,4940,1.11,2026-01-25
10917,20172,0.09,2026-01-25
10918,18050,0.23,2026-01-25
10919,21599,1.38,2026-01-25
10920,4923,0.38,2026-01-25
10921,10601,1.17,2026-01-25
10922,20994,6.42,2026-01-25
10923,2497,1.51,2026-01-25
10924,2341,58.63,2026-01-25
10925,11689,0.50,2026-01-25
10926,12438,5.57,2026-01-25
10927,110,0.54,2026-01-25
10928,5567,4.10,2026-01-25
10929,12359,1.34,2026-01-25
10930,8254,0.49,2026-01-25
10931,3739,0.33,2026-01-25
10932,9897,10.73,2026-01-25
10933,15648,2.45,2026-01-25
10934,6129,0.39,2026-01-25
10935,10612,0.45,2026-01-25
10936,1519,0.50,2026-01-25
10937,14407,0.18,2026-01-25
10938,19657,0.68,2026-01-25
10939,16369,0.41,2026-01-25
10940,24178,0.59,2026-01-25
10941,7439,0.34,2026-01-25
10942,3061,0.75,2026-01-25
10943,26143,0.75,2026-01-25
10944,10203,0.23,2026-01-25
10945,21116,3.48,2026-01-25
10946,14788,2.16,2026-01-25
10947,5100,0.87,2026-01-25
10948,25760,0.90,2026-01-25
10949,20092,0.42,2026-01-25
10950,26621,0.52,2026-01-25
10951,4993,2.72,2026-01-25
10952,14084,0.71,2026-01-25
10953,25665,0.12,2026-01-25
10954,14127,0.30,2026-01-25
10955,8441,9.30,2026-01-25
10956,5894,29.40,2026-01-25
10957,12948,0.14,2026-01-25
10958,338,0.32,2026-01-25
10959,12762,80.00,2026-01-25
10960,8530,0.13,2026-01-25
10961,4981,0.24,2026-01-25
10962,23431,1.00,2026-01-25
10963,12060,4.56,2026-01-25
10964,1119,0.17,2026-01-25
10965,8414,0.44,2026-01-25
10966,11337,1.08,2026-01-25
10967,26528,0.33,2026-01-25
10968,14185,3.25,2026-01-25
10969,24688,0.27,2026-01-25
10970,12821,0.54,2026-01-25
10971,17216,0.26,2026-01-25
10972,14508,4.97,2026-01-25
10973,9247,4.07,2026-01-25
10974,22163,1.87,2026-01-25
10975,6320,0.14,2026-01-25
10976,24466,0.28,2026-01-25
10977,8003,4.82,2026-01-25
10978,3884,0.84,2026-01-25
10979,23370,22.81,2026-01-25
10980,2222,0.20,2026-01-25
10981,8293,0.64,2026-01-25
10982,14577,0.33,2026-01-25
10983,6686,1.33,2026-01-25
10984,2420,0.17,2026-01-25
10985,24031,0.37,2026-01-25
10986,7384,0.37,2026-01-25
10987,7292,1.24,2026-01-25
10988,3797,1.67,2026-01-25
10989,8495,0.11,2026-01-25
10990,5521,0.30,2026-01-25
10991,16868,25.97,2026-01-25
10992,9271,28.18,2026-01-25
10993,17593,37.66,2026-01-25
10994,18911,0.45,2026-01-25
10995,16556,0.78,2026-01-25
10996,8931,0.15,2026-01-25
10997,5738,0.49,2026-01-25
10998,11657,0.82,2026-01-25
10999,16092,1.06,2026-01-25
11000,24828,0.41,2026-01-25
11001,23622,5.45,2026-01-25
11002,18877,0.14,2026-01-25
11003,21584,0.32,2026-01-25
11004,26584,18.14,2026-01-25
11005,24073,8.06,2026-01-25
11006,20656,68.86,2026-01-25
11007,11787,5.92,2026-01-25
11008,5680,1.08,2026-01-25
11009,26206,0.93,2026-01-25
11010,18611,3.91,2026-01-25
11011,20362,4.26,2026-01-25
11012,15771,8.16,2026-01-25
11013,26429,0.83,2026-01-25
11014,10769,4.46,2026-01-25
11015,6690,4.61,2026-01-25
11016,18090,0.48,2026-01-25
11017,8012,0.50,2026-01-25
11018,4485,0.31,2026-01-25
11019,11135,1.71,2026-01-25
11020,8742,0.34,2026-01-25
11021,24596,1.25,2026-01-25
11022,11162,1.16,2026-01-25
11023,8857,0.44,2026-01-25
11024,15742,1.88,2026-01-25
11025,26543,0.28,2026-01-25
11026,12513,0.16,2026-01-25
11027,3473,18.05,2026-01-25
11028,15878,0.89,2026-01-25
11029,26060,14.85,2026-01-25
11030,16304,0.16,2026-01-25
11031,4312,0.28,2026-01-25
11032,22132,4.02,2026-01-25
11033,14702,2.42,2026-01-25
11034,13960,0.86,2026-01-25
11035,18888,0.44,2026-01-25
11036,21748,13.48,2026-01-25
11037,18616,1.63,2026-01-25
11038,14144,0.38,2026-01-25
11039,16805,25.53,2026-01-25
11040,8465,152.25,2026-01-25
11041,14759,0.50,2026-01-25
11042,4864,1.36,2026-01-25
11043,12099,0.64,2026-01-25
11044,18529,7.78,2026-01-25
11045,1879,0.27,2026-01-25
11046,25221,0.68,2026-01-25
11047,1610,0.87,2026-01-25
11048,12671,2.90,2026-01-25
11049,24676,0.37,2026-01-25
11050,24403,5.20,2026-01-25
11051,21667,0.30,2026-01-25
11052,21346,6.06,2026-01-25
11053,6896,0.69,2026-01-25
11054,7042,18.50,2026-01-25
11055,18619,1.95,2026-01-25
11056,4959,6.24,2026-01-25
11057,11551,0.42,2026-01-25
11058,7720,1.74,2026-01-25
11059,5854,1.02,2026-01-25
11060,2295,4.24,2026-01-25
11061,4186,3.33,2026-01-25
11062,26062,2.83,2026-01-25
11063,25600,1.03,2026-01-25
11064,4699,64.88,2026-01-25
11065,5859,133.32,2026-01-25
11066,22505,0.12,2026-01-25
11067,14273,0.30,2026-01-25
11068,9241,73.19,2026-01-25
11069,18102,115.01,2026-01-25
11070,13858,20.71,2026-01-25
11071,17994,0.09,2026-01-25
11072,8340,0.23,2026-01-25
11073,18932,0.14,2026-01-25
11074,13666,0.49,2026-01-25
11075,20822,0.21,2026-01-25
11076,15615,1.00,2026-01-25
11077,6273,0.09,2026-01-25
11078,15595,0.23,2026-01-25
11079,4016,0.27,2026-01-25
11080,1583,7.87,2026-01-25
11081,10067,0.41,2026-01-25
11082,18124,5.51,2026-01-25
11083,22222,0.14,2026-01-25
11084,21963,0.05,2026-01-25
11085,4855,0.87,2026-01-25
11086,8125,4.40,2026-01-25
11087,7981,1.92,2026-01-25
11088,127,14.35,2026-01-25
11089,14088,6.04,2026-01-25
11090,26913,0.31,2026-01-25
11091,24250,0.33,2026-01-25
11092,12788,0.34,2026-01-25
11093,15632,0.78,2026-01-25
11094,6518,0.10,2026-01-25
11095,11375,0.26,2026-01-25
11096,8869,1.54,2026-01-25
11097,21693,0.53,2026-01-25
11098,18336,0.96,2026-01-25
11099,1762,9.00,2026-01-25
11100,3703,0.40,2026-01-25
11101,18577,0.17,2026-01-25
11102,2818,0.19,2026-01-25
11103,21389,0.31,2026-01-25
11104,11597,0.46,2026-01-25
11105,25258,11.23,2026-01-25
11106,11400,0.32,2026-01-25
11107,25351,2.39,2026-01-25
11108,13581,2.31,2026-01-25
11109,20840,1.07,2026-01-25
11110,22156,0.41,2026-01-25
11111,5339,2.99,2026-01-25
11112,8432,0.14,2026-01-25
11113,10280,0.31,2026-01-25
11114,24137,0.50,2026-01-25
11115,23516,2.51,2026-01-25
11116,21388,8.37,2026-01-25
11117,7137,61.20,2026-01-25
11118,19852,1.32,2026-01-25
11119,24601,0.18,2026-01-25
11120,3009,0.30,2026-01-25
11121,8040,0.19,2026-01-25
11122,9221,0.96,2026-01-25
11123,24710,1.56,2026-01-25
11124,12823,10.99,2026-01-25
11125,23926,0.23,2026-01-25
11126,19075,0.30,2026-01-25
11127,23436,2.18,2026-01-25
11128,13504,10.55,2026-01-25
11129,9422,2.27,2026-01-25
11130,25244,0.32,2026-01-25
11131,2776,0.55,2026-01-25
11132,1556,0.26,2026-01-25
11133,4851,0.39,2026-01-25
11134,21319,0.54,2026-01-25
11135,19889,3.68,2026-01-25
11136,11560,1.22,2026-01-25
11137,15477,59.99,2026-01-25
11138,8691,0.17,2026-01-25
11139,6748,0.42,2026-01-25
11140,18344,0.24,2026-01-25
11141,18535,0.62,2026-01-25
11142,6056,0.61,2026-01-25
11143,25738,0.62,2026-01-25
11144,15397,0.41,2026-01-25
11145,11114,1.84,2026-01-25
11146,194,0.66,2026-01-25
11147,13615,0.78,2026-01-25
11148,18513,0.19,2026-01-25
11149,18286,0.28,2026-01-25
11150,1690,0.20,2026-01-25
11151,21006,0.69,2026-01-25
11152,16641,2.65,2026-01-25
11153,22965,85.00,2026-01-25
11154,17279,1.44,2026-01-25
11155,8001,0.49,2026-01-25
11156,25487,0.40,2026-01-25
11157,6547,1.37,2026-01-25
11158,20620,1.52,2026-01-25
11159,12227,0.42,2026-01-25
11160,3669,0.19,2026-01-25
11161,12252,0.30,2026-01-25
11162,9981,1.37,2026-01-25
11163,14831,0.51,2026-01-25
11164,14604,0.33,2026-01-25
11165,13295,0.87,2026-01-25
11166,11274,0.61,2026-01-25
11167,2772,2.54,2026-01-25
11168,20673,40.31,2026-01-25
11169,9632,2.15,2026-01-25
11170,17354,0.62,2026-01-25
11171,5310,25.90,2026-01-25
11172,22465,0.38,2026-01-25
11173,26984,9.73,2026-01-25
11174,9335,0.34,2026-01-25
11175,601,1.66,2026-01-25
11176,22026,2.00,2026-01-25
11177,10722,15.00,2026-01-25
11178,6476,2.58,2026-01-25
11179,20038,0.89,2026-01-25
11180,21888,20.01,2026-01-25
11181,1766,23.78,2026-01-25
11182,13589,0.19,2026-01-25
11183,2665,0.38,2026-01-25
11184,7321,4.45,2026-01-25
11185,6045,10.50,2026-01-25
11186,20942,0.51,2026-01-25
11187,9028,7.34,2026-01-25
11188,14374,0.27,2026-01-25
11189,22678,0.90,2026-01-25
11190,6596,0.32,2026-01-25
11191,2940,1.45,2026-01-25
11192,6489,0.48,2026-01-25
11193,13606,2.28,2026-01-25
11194,14608,0.35,2026-01-25
11195,2131,6.70,2026-01-25
11196,20824,0.63,2026-01-25
11197,55,3.10,2026-01-25
11198,15899,37.97,2026-01-25
11199,3910,98.95,2026-01-25
11200,4706,499.99,2026-01-25
11201,16487,0.38,2026-01-25
11202,13773,3.25,2026-01-25
11203,22633,0.25,2026-01-25
11204,13338,0.73,2026-01-25
11205,4642,5.55,2026-01-25
11206,3701,0.12,2026-01-25
11207,24126,0.31,2026-01-25
11208,7632,22.71,2026-01-25
11209,17440,6.50,2026-01-25
11210,16083,58.95,2026-01-25
11211,4000,10.17,2026-01-25
11212,13323,1.33,2026-01-25
11213,4566,0.65,2026-01-25
11214,12043,70.21,2026-01-25
11215,20182,65.20,2026-01-25
11216,18988,0.19,2026-01-25
11217,5912,0.33,2026-01-25
11218,22208,0.66,2026-01-25
11219,16540,6.46,2026-01-25
11220,17767,0.49,2026-01-25
11221,18126,12.75,2026-01-25
11222,16599,0.49,2026-01-25
11223,15169,7.78,2026-01-25
11224,25786,0.51,2026-01-25
11225,19466,1.61,2026-01-25
11226,25014,0.85,2026-01-25
11227,18637,9.77,2026-01-25
11228,17349,0.37,2026-01-25
11229,23887,3.87,2026-01-25
11230,17933,1.12,2026-01-25
11231,18909,6.80,2026-01-25
11232,19407,1.53,2026-01-25
11233,11290,48.20,2026-01-25
11234,4679,1.94,2026-01-25
11235,11791,1.00,2026-01-25
11236,24581,0.33,2026-01-25
11237,21537,0.62,2026-01-25
11238,114,0.51,2026-01-25
11239,4369,0.90,2026-01-25
11240,16598,0.35,2026-01-25
11241,3431,8.24,2026-01-25
11242,959,0.53,2026-01-25
11243,23355,5.86,2026-01-25
11244,12784,5.87,2026-01-25
11245,13806,0.61,2026-01-25
11246,12603,1.86,2026-01-25
11247,11352,3.00,2026-01-25
11248,18973,0.72,2026-01-25
11249,5460,0.90,2026-01-25
11250,23290,1.25,2026-01-25
11251,11019,0.53,2026-01-25
11252,8776,0.53,2026-01-25
11253,11840,1.68,2026-01-25
11254,19501,0.18,2026-01-25
11255,13554,0.56,2026-01-25
11256,10685,0.58,2026-01-25
11257,8458,0.97,2026-01-25
11258,5500,0.15,2026-01-25
11259,12135,0.30,2026-01-25
11260,123,0.24,2026-01-25
11261,22653,0.50,2026-01-25
11262,19810,0.31,2026-01-25
11263,7382,1.25,2026-01-25
11264,7920,0.27,2026-01-25
11265,13661,4.60,2026-01-25
11266,25144,2.46,2026-01-25
11267,9565,2.80,2026-01-25
11268,6303,2.94,2026-01-25
11269,17449,18.35,2026-01-25
11270,20860,125.00,2026-01-25
11271,7438,17.37,2026-01-25
11272,8741,0.27,2026-01-25
11273,25779,0.90,2026-01-25
11274,18571,4.74,2026-01-25
11275,13998,28.16,2026-01-25
11276,10099,5.38,2026-01-25
11277,2241,4.73,2026-01-25
11278,26908,0.38,2026-01-25
11279,15372,0.16,2026-01-25
11280,12147,0.66,2026-01-25
11281,7699,0.33,2026-01-25
11282,13418,0.11,2026-01-25
11283,21359,0.36,2026-01-25
11284,12291,0.81,2026-01-25
11285,24592,13.62,2026-01-25
11286,2971,0.57,2026-01-25
11287,23630,4.52,2026-01-25
11288,3548,0.29,2026-01-25
11289,5425,5.18,2026-01-25
11290,11706,0.25,2026-01-25
11291,1414,0.47,2026-01-25
11292,13160,0.19,2026-01-25
11293,12783,0.80,2026-01-25
11294,22093,0.33,2026-01-25
11295,5414,22.70,2026-01-25
11296,2967,0.19,2026-01-25
11297,18936,0.08,2026-01-25
11298,1357,1.63,2026-01-25
11299,17425,0.20,2026-01-25
11300,10864,0.57,2026-01-25
11301,17466,77.82,2026-01-25
11302,23149,0.26,2026-01-25
11303,17141,0.11,2026-01-25
11304,14595,0.85,2026-01-25
11305,16715,7.63,2026-01-25
11306,5817,2.57,2026-01-25
11307,5114,3.12,2026-01-25
11308,12865,0.37,2026-01-25
11309,17431,16.66,2026-01-25
11310,4609,0.44,2026-01-25
11311,19084,18.16,2026-01-25
11312,9784,0.57,2026-01-25
11313,16365,0.98,2026-01-25
11314,20999,0.05,2026-01-25
11315,25437,0.31,2026-01-25
11316,13963,0.33,2026-01-25
11317,26980,1.45,2026-01-25
11318,11893,0.41,2026-01-25
11319,17372,3.70,2026-01-25
11320,16773,2.48,2026-01-25
11321,6350,0.42,2026-01-25
11322,7290,0.24,2026-01-25
11323,5267,0.54,2026-01-25
11324,21728,0.15,2026-01-25
11325,4276,0.32,2026-01-25
11326,4386,0.25,2026-01-25
11327,1524,2.11,2026-01-25
11328,16379,3.11,2026-01-25
11329,9193,5.59,2026-01-25
11330,18883,0.13,2026-01-25
11331,6433,0.21,2026-01-25
11332,18874,12.36,2026-01-25
11333,989,0.97,2026-01-25
11334,17612,9.11,2026-01-25
11335,15281,4.60,2026-01-25
11336,27060,0.14,2026-01-25
11337,17520,0.27,2026-01-25
11338,9753,2.64,2026-01-25
11339,3103,1.18,2026-01-25
11340,13340,1.19,2026-01-25
11341,20141,0.54,2026-01-25
11342,15239,3.43,2026-01-25
11343,9168,4.11,2026-01-25
11344,1458,0.37,2026-01-25
11345,2571,1.67,2026-01-25
11346,9447,2.41,2026-01-25
11347,4459,0.90,2026-01-25
11348,23587,0.26,2026-01-25
11349,24088,0.52,2026-01-25
11350,13192,0.48,2026-01-25
11351,23638,49.98,2026-01-25
11352,8437,0.31,2026-01-25
11353,6899,2.34,2026-01-25
11354,16250,0.26,2026-01-25
11355,14142,1.65,2026-01-25
11356,17651,1.67,2026-01-25
11357,24317,4.98,2026-01-25
11358,24298,1.66,2026-01-25
11359,7898,37.50,2026-01-25
11360,20787,1.67,2026-01-25
11361,9680,0.57,2026-01-25
11362,1604,0.36,2026-01-25
11363,16552,0.76,2026-01-25
11364,9366,0.36,2026-01-25
11365,18338,13.41,2026-01-25
11366,19599,0.35,2026-01-25
11367,1826,0.95,2026-01-25
11368,19671,0.21,2026-01-25
11369,10288,1.50,2026-01-25
11370,25702,12.21,2026-01-25
11371,9779,54.33,2026-01-25
11372,8099,42.97,2026-01-25
11373,8048,91.74,2026-01-25
11374,25572,0.70,2026-01-25
11375,23094,1.32,2026-01-25
11376,13718,0.23,2026-01-25
11377,6874,1.07,2026-01-25
11378,24908,1.89,2026-01-25
11379,17650,0.61,2026-01-25
11380,16714,0.24,2026-01-25
11381,20983,1.45,2026-01-25
11382,18871,0.08,2026-01-25
11383,3987,0.18,2026-01-25
11384,20262,0.88,2026-01-25
11385,8702,0.65,2026-01-25
11386,21306,0.13,2026-01-25
11387,1844,0.32,2026-01-25
11388,9231,1.18,2026-01-25
11389,10659,0.50,2026-01-25
11390,2919,4.11,2026-01-25
11391,10663,0.21,2026-01-25
11392,22820,0.79,2026-01-25
11393,6866,0.40,2026-01-25
11394,9086,20.90,2026-01-25
11395,25989,0.37,2026-01-25
11396,2741,0.49,2026-01-25
11397,8285,0.56,2026-01-25
11398,5552,3.33,2026-01-25
11399,8320,0.17,2026-01-25
11400,2044,0.52,2026-01-25
11401,3666,1.12,2026-01-25
11402,25656,11.14,2026-01-25
11403,2601,0.44,2026-01-25
11404,2233,0.24,2026-01-25
11405,18457,0.15,2026-01-25
11406,25174,0.09,2026-01-25
11407,1049,4.45,2026-01-25
11408,13443,89.31,2026-01-25
11409,18972,7.03,2026-01-25
11410,22973,32.00,2026-01-25
11411,15443,5.22,2026-01-25
11412,19243,0.97,2026-01-25
11413,17307,4.55,2026-01-25
11414,6575,9.00,2026-01-25
11415,2470,0.39,2026-01-25
11416,5604,0.99,2026-01-25
11417,614,0.25,2026-01-25
11418,8736,6.64,2026-01-25
11419,4289,1.62,2026-01-25
11420,1635,0.89,2026-01-25
11421,2840,0.61,2026-01-25
11422,12356,83.95,2026-01-25
11423,22423,70.19,2026-01-25
11424,6212,0.27,2026-01-25
11425,159,0.54,2026-01-25
11426,9078,0.29,2026-01-25
11427,26587,0.82,2026-01-25
11428,374,1.06,2026-01-25
11429,26504,2.10,2026-01-25
11430,22677,0.61,2026-01-25
11431,3520,2.31,2026-01-25
11432,2523,0.22,2026-01-25
11433,5953,0.42,2026-01-25
11434,17174,58.99,2026-01-25
11435,15476,79.39,2026-01-25
11436,5085,0.86,2026-01-25
11437,19768,1.50,2026-01-25
11438,6153,10.04,2026-01-25
11439,21642,13.48,2026-01-25
11440,14509,30.20,2026-01-25
11441,14910,0.14,2026-01-25
11442,16464,0.35,2026-01-25
11443,25580,0.30,2026-01-25
11444,5611,1.31,2026-01-25
11445,8043,0.28,2026-01-25
11446,23127,1.05,2026-01-25
11447,17054,0.55,2026-01-25
11448,8346,6.94,2026-01-25
11449,16372,1.02,2026-01-25
11450,7297,0.37,2026-01-25
11451,15168,0.91,2026-01-25
11452,15398,4.82,2026-01-25
11453,2142,0.20,2026-01-25
11454,26498,0.58,2026-01-25
11455,14532,4.84,2026-01-25
11456,23853,2.51,2026-01-25
11457,21511,0.89,2026-01-25
11458,11079,3.51,2026-01-25
11459,13030,0.27,2026-01-25
11460,24650,0.73,2026-01-25
11461,17761,6.73,2026-01-25
11462,974,1.59,2026-01-25
11463,13946,12.38,2026-01-25
11464,8408,0.46,2026-01-25
11465,22034,1.29,2026-01-25
11466,25920,1.40,2026-01-25
11467,3519,2.96,2026-01-25
11468,12630,0.34,2026-01-25
11469,172,0.85,2026-01-25
11470,1067,0.28,2026-01-25
11471,18142,5.90,2026-01-25
11472,4268,1.70,2026-01-25
11473,1144,2.08,2026-01-25
11474,7007,0.19,2026-01-25
11475,22395,0.45,2026-01-25
11476,14204,0.51,2026-01-25
11477,14501,5.09,2026-01-25
11478,1495,0.56,2026-01-25
11479,3089,0.23,2026-01-25
11480,18811,0.38,2026-01-25
11481,7410,5.85,2026-01-25
11482,5261,4.12,2026-01-25
11483,24658,1.43,2026-01-25
11484,18822,0.60,2026-01-25
11485,24120,3.60,2026-01-25
11486,19370,5.40,2026-01-25
11487,12819,42.28,2026-01-25
11488,2616,1.71,2026-01-25
11489,8318,0.62,2026-01-25
11490,18971,0.70,2026-01-25
11491,5187,3.38,2026-01-25
11492,15247,0.31,2026-01-25
11493,22326,10.89,2026-01-25
11494,23372,1.32,2026-01-25
11495,282,10.00,2026-01-25
11496,10460,1.94,2026-01-25
11497,14208,1.11,2026-01-25
11498,7061,0.33,2026-01-25
11499,12576,15.45,2026-01-25
11500,26578,0.16,2026-01-25
11501,14944,0.38,2026-01-25
11502,11399,0.53,2026-01-25
11503,2964,4.76,2026-01-25
11504,16275,0.39,2026-01-25
11505,6184,2.74,2026-01-25
11506,9034,0.21,2026-01-25
11507,14629,0.33,2026-01-25
11508,22745,0.32,2026-01-25
11509,4177,0.52,2026-01-25
11510,3920,0.36,2026-01-25
11511,18099,0.98,2026-01-25
11512,10405,0.70,2026-01-25
11513,9724,9.21,2026-01-25
11514,22529,5.56,2026-01-25
11515,20678,0.85,2026-01-25
11516,3137,2.86,2026-01-25
11517,10026,1.55,2026-01-25
11518,1074,18.12,2026-01-25
11519,10043,0.34,2026-01-25
11520,2520,0.23,2026-01-25
11521,24158,0.32,2026-01-25
11522,1719,5.68,2026-01-25
11523,18947,0.19,2026-01-25
11524,6240,0.52,2026-01-25
11525,27004,0.44,2026-01-25
11526,2477,3.78,2026-01-25
11527,13224,3.65,2026-01-25
11528,21846,3.55,2026-01-25
11529,10086,7.17,2026-01-25
11530,10786,40.95,2026-01-25
11531,16151,117.65,2026-01-25
11532,14237,0.25,2026-01-25
11533,23245,0.40,2026-01-25
11534,5422,0.97,2026-01-25
11535,21706,6.26,2026-01-25
11536,8479,4.92,2026-01-25
11537,5928,12.72,2026-01-25
11538,26389,1.88,2026-01-25
11539,11546,2.14,2026-01-25
11540,2179,80.00,2026-01-25
11541,22165,0.24,2026-01-25
11542,167,0.47,2026-01-25
11543,9163,2.87,2026-01-25
11544,15084,0.38,2026-01-25
11545,5703,0.36,2026-01-25
11546,3730,1.65,2026-01-25
11547,9833,9.10,2026-01-25
11548,21086,1.50,2026-01-25
11549,12131,0.34,2026-01-25
11550,26365,9.19,2026-01-25
11551,20691,0.62,2026-01-25
11552,22444,2.80,2026-01-25
11553,17943,0.73,2026-01-25
11554,23849,0.71,2026-01-25
11555,16909,5.96,2026-01-25
11556,24698,36.20,2026-01-25
11557,15184,0.72,2026-01-25
11558,13279,0.48,2026-01-25
11559,23985,0.16,2026-01-25
11560,20269,0.56,2026-01-25
11561,18979,0.25,2026-01-25
11562,6612,0.87,2026-01-25
11563,10243,5.85,2026-01-25
11564,11663,1.71,2026-01-25
11565,20537,4.84,2026-01-25
11566,23403,0.66,2026-01-25
11567,23317,0.36,2026-01-25
11568,23162,0.12,2026-01-25
11569,25369,0.23,2026-01-25
11570,20601,0.27,2026-01-25
11571,19518,1.39,2026-01-25
11572,22908,1.36,2026-01-25
11573,12016,16.90,2026-01-25
11574,10006,1.32,2026-01-25
11575,6890,61.79,2026-01-25
11576,24084,0.44,2026-01-25
11577,18468,5.74,2026-01-25
11578,11202,1.21,2026-01-25
11579,11910,4.50,2026-01-25
11580,9555,0.57,2026-01-25
11581,5702,0.15,2026-01-25
11582,20171,0.21,2026-01-25
11583,26439,3.49,2026-01-25
11584,2660,2.14,2026-01-25
11585,8062,0.99,2026-01-25
11586,14169,5.00,2026-01-25
11587,16070,0.75,2026-01-25
11588,22365,0.25,2026-01-25
11589,25254,0.77,2026-01-25
11590,12851,1.82,2026-01-25
11591,16338,44.56,2026-01-25
11592,5434,15.87,2026-01-25
11593,26379,45.95,2026-01-25
11594,16309,25.91,2026-01-25
11595,8878,25.55,2026-01-25
11596,10662,0.47,2026-01-25
11597,3712,24.92,2026-01-25
11598,21856,2.48,2026-01-25
11599,1946,21.04,2026-01-25
11600,21826,0.61,2026-01-25
11601,10793,16.00,2026-01-25
11602,2801,0.27,2026-01-25
11603,6398,0.42,2026-01-25
11604,6507,17.25,2026-01-25
11605,23796,40.06,2026-01-25
11606,9886,7.96,2026-01-25
11607,5625,7.41,2026-01-25
11608,12399,18.88,2026-01-25
11609,17744,0.29,2026-01-25
11610,14687,0.16,2026-01-25
11611,9311,1.59,2026-01-25
11612,9679,0.96,2026-01-25
11613,6349,0.55,2026-01-25
11614,3046,9.95,2026-01-25
11615,3358,0.21,2026-01-25
11616,5543,0.86,2026-01-25
11617,10360,1.40,2026-01-25
11618,14159,0.55,2026-01-25
11619,19830,0.22,2026-01-25
11620,16165,0.63,2026-01-25
11621,22245,0.28,2026-01-25
11622,23717,0.99,2026-01-25
11623,6131,0.98,2026-01-25
11624,24199,0.68,2026-01-25
11625,23058,0.42,2026-01-25
11626,14344,3.78,2026-01-25
11627,15807,0.73,2026-01-25
11628,8974,8.79,2026-01-25
11629,8934,0.38,2026-01-25
11630,12040,1.42,2026-01-25
11631,7697,0.39,2026-01-25
11632,4783,4.16,2026-01-25
11633,11613,1.72,2026-01-25
11634,2264,9.82,2026-01-25
11635,8918,0.30,2026-01-25
11636,16403,0.39,2026-01-25
11637,21631,0.68,2026-01-25
11638,7919,1.03,2026-01-25
11639,24536,0.47,2026-01-25
11640,1821,0.91,2026-01-25
11641,22479,2.61,2026-01-25
11642,12892,23.28,2026-01-25
11643,16845,0.38,2026-01-25
11644,14916,0.92,2026-01-25
11645,11935,0.31,2026-01-25
11646,4167,0.79,2026-01-25
11647,4134,0.42,2026-01-25
11648,17514,0.96,2026-01-25
11649,15496,1.40,2026-01-25
11650,9337,1.86,2026-01-25
11651,7155,0.23,2026-01-25
11652,15135,0.79,2026-01-25
11653,3816,0.36,2026-01-25
11654,27022,1.53,2026-01-25
11655,14870,0.18,2026-01-25
11656,17883,0.49,2026-01-25
11657,18920,0.77,2026-01-25
11658,2802,21.00,2026-01-25
11659,15951,0.61,2026-01-25
11660,18919,2.10,2026-01-25
11661,22796,5.11,2026-01-25
11662,2237,1.41,2026-01-25
11663,9628,2.44,2026-01-25
11664,8417,34.88,2026-01-25
11665,20696,5.97,2026-01-25
11666,25896,0.26,2026-01-25
11667,24906,2.12,2026-01-25
11668,14214,0.19,2026-01-25
11669,19177,0.52,2026-01-25
11670,8398,0.36,2026-01-25
11671,15090,0.60,2026-01-25
11672,25079,4.09,2026-01-25
11673,23022,1.71,2026-01-25
11674,16489,0.56,2026-01-25
11675,13886,0.14,2026-01-25
11676,8172,0.32,2026-01-25
11677,13791,15.55,2026-01-25
11678,5122,0.17,2026-01-25
11679,22020,1.00,2026-01-25
11680,20810,13.23,2026-01-25
11681,11977,16.52,2026-01-25
11682,6960,1.06,2026-01-25
11683,15859,3.64,2026-01-25
11684,25857,0.72,2026-01-25
11685,20535,1.46,2026-01-25
11686,21438,0.37,2026-01-25
11687,18778,0.19,2026-01-25
11688,15973,2.38,2026-01-25
11689,21638,41.50,2026-01-25
11690,23799,1.80,2026-01-25
11691,2382,0.46,2026-01-25
11692,18010,3.94,2026-01-25
11693,25536,9.04,2026-01-25
11694,2450,0.75,2026-01-25
11695,11330,1.00,2026-01-25
11696,4657,10.00,2026-01-25
11697,3711,1.70,2026-01-25
11698,21185,0.57,2026-01-25
11699,14312,0.28,2026-01-25
11700,18394,0.72,2026-01-25
11701,21266,0.94,2026-01-25
11702,10827,43.06,2026-01-25
11703,16874,69.99,2026-01-25
11704,6331,10.02,2026-01-25
11705,3081,2.94,2026-01-25
11706,18196,0.66,2026-01-25
11707,26927,8.46,2026-01-25
11708,4626,0.52,2026-01-25
11709,21887,6.89,2026-01-25
11710,4123,0.76,2026-01-25
11711,660,1.66,2026-01-25
11712,16003,0.44,2026-01-25
11713,16930,3.02,2026-01-25
11714,581,0.32,2026-01-25
11715,17980,0.90,2026-01-25
11716,25607,0.08,2026-01-25
11717,26542,0.20,2026-01-25
11718,910,2.66,2026-01-25
11719,7223,2.65,2026-01-25
11720,5832,0.40,2026-01-25
11721,15172,7.91,2026-01-25
11722,25288,0.46,2026-01-25
11723,26297,15.48,2026-01-25
11724,14690,6.30,2026-01-25
11725,22997,49.81,2026-01-25
11726,5806,0.11,2026-01-25
11727,6978,0.31,2026-01-25
11728,12345,29.63,2026-01-25
11729,26936,150.00,2026-01-25
11730,21609,0.26,2026-01-25
11731,416,0.11,2026-01-25
11732,9698,0.33,2026-01-25
11733,10179,3.13,2026-01-25
11734,7827,0.29,2026-01-25
11735,2699,1.20,2026-01-25
11736,9614,0.88,2026-01-25
11737,5709,0.88,2026-01-25
11738,14641,1.00,2026-01-25
11739,25360,4.70,2026-01-25
11740,794,1.15,2026-01-25
11741,21979,3.27,2026-01-25
11742,20489,1.63,2026-01-25
11743,4025,0.50,2026-01-25
11744,9502,0.19,2026-01-25
11745,25118,0.49,2026-01-25
11746,7750,1.94,2026-01-25
11747,21694,24.14,2026-01-25
11748,9745,0.37,2026-01-25
11749,25698,4.00,2026-01-25
11750,3438,0.38,2026-01-25
11751,712,0.76,2026-01-25
11752,9235,1.34,2026-01-25
11753,26247,1.50,2026-01-25
11754,11856,1.29,2026-01-25
11755,21299,0.30,2026-01-25
11756,8021,0.31,2026-01-25
11757,8067,1.09,2026-01-25
11758,19203,1.54,2026-01-25
11759,8832,1.01,2026-01-25
11760,1526,94.40,2026-01-25
11761,4375,1.54,2026-01-25
11762,24482,3.11,2026-01-25
11763,7995,0.45,2026-01-25
11764,10340,3.95,2026-01-25
11765,18585,0.51,2026-01-25
11766,9083,0.27,2026-01-25
11767,9854,0.50,2026-01-25
11768,4009,11.16,2026-01-25
11769,25806,5.25,2026-01-25
11770,19013,0.32,2026-01-25
11771,22775,9.60,2026-01-25
11772,20440,0.45,2026-01-25
11773,22541,10.08,2026-01-25
11774,23183,0.17,2026-01-25
11775,22078,0.30,2026-01-25
11776,3211,0.44,2026-01-25
11777,14154,0.62,2026-01-25
11778,19872,0.12,2026-01-25
11779,19018,0.49,2026-01-25
11780,1009,0.32,2026-01-25
11781,21906,1.08,2026-01-25
11782,14806,0.19,2026-01-25
11783,972,0.79,2026-01-25
11784,21868,0.36,2026-01-25
11785,24452,1.14,2026-01-25
11786,13139,1.07,2026-01-25
11787,4256,10.49,2026-01-25
11788,6824,1.46,2026-01-25
11789,14914,20.12,2026-01-25
11790,17564,2.83,2026-01-25
11791,814,1.77,2026-01-25
11792,3533,1.55,2026-01-25
11793,12307,0.69,2026-01-25
11794,21783,0.67,2026-01-25
11795,916,0.85,2026-01-25
11796,14907,0.64,2026-01-25
11797,7764,4.42,2026-01-25
11798,18660,0.69,2026-01-25
11799,3563,5.90,2026-01-25
11800,15910,0.53,2026-01-25
11801,18067,1.69,2026-01-25
11802,5572,0.15,2026-01-25
11803,354,0.05,2026-01-25
11804,5312,0.41,2026-01-25
11805,26059,6.22,2026-01-25
11806,19417,0.84,2026-01-25
11807,17977,3.20,2026-01-25
11808,20833,1.50,2026-01-25
11809,13966,24.39,2026-01-25
11810,12238,3.02,2026-01-25
11811,26849,2.91,2026-01-25
11812,17446,1.71,2026-01-25
11813,18201,0.63,2026-01-25
11814,3643,31.80,2026-01-25
11815,8995,49.99,2026-01-25
11816,8383,0.41,2026-01-25
11817,26061,5.32,2026-01-25
11818,7999,0.18,2026-01-25
11819,22036,0.52,2026-01-25
11820,22938,13.97,2026-01-25
11821,18228,19.99,2026-01-25
11822,26253,3.22,2026-01-25
11823,12323,1.87,2026-01-25
11824,17644,0.37,2026-01-25
11825,14468,2.46,2026-01-25
11826,3245,238.62,2026-01-25
11827,838,149.97,2026-01-25
11828,1386,0.40,2026-01-25
11829,4655,18.56,2026-01-25
11830,970,1.82,2026-01-25
11831,26748,0.86,2026-01-25
11832,24855,0.41,2026-01-25
11833,14117,1.04,2026-01-25
11834,4630,0.26,2026-01-25
11835,5933,3.92,2026-01-25
11836,7354,219.69,2026-01-25
11837,10450,299.99,2026-01-25
11838,9070,0.53,2026-01-25
11839,9399,14.46,2026-01-25
11840,10629,0.46,2026-01-25
11841,26935,1.26,2026-01-25
11842,14363,4.04,2026-01-25
11843,18628,0.45,2026-01-25
11844,20699,6.28,2026-01-25
11845,6344,0.34,2026-01-25
11846,10738,1.21,2026-01-25
11847,19973,1.49,2026-01-25
11848,13952,0.77,2026-01-25
11849,7425,1.79,2026-01-25
11850,12535,0.30,2026-01-25
11851,2048,3.26,2026-01-25
11852,12642,67.51,2026-01-25
11853,24162,1.58,2026-01-25
11854,18540,3.27,2026-01-25
11855,15459,0.51,2026-01-25
11856,14517,8.38,2026-01-25
11857,2544,2.20,2026-01-25
11858,21102,0.38,2026-01-25
11859,821,0.57,2026-01-25
11860,15051,59.55,2026-01-25
11861,22954,98.28,2026-01-25
11862,6879,0.12,2026-01-25
11863,26454,0.28,2026-01-25
11864,21021,0.14,2026-01-25
11865,21687,0.38,2026-01-25
11866,7025,0.45,2026-01-25
11867,20671,3.62,2026-01-25
11868,3592,3.03,2026-01-25
11869,13226,3.56,2026-01-25
11870,25210,0.22,2026-01-25
11871,26716,4.90,2026-01-25
11872,13753,1.97,2026-01-25
11873,7910,0.96,2026-01-25
11874,22629,7.42,2026-01-25
11875,5496,0.61,2026-01-25
11876,5878,0.51,2026-01-25
11877,2075,0.13,2026-01-25
11878,16118,0.27,2026-01-25
11879,12299,12.29,2026-01-25
11880,1473,0.83,2026-01-25
11881,216,2.59,2026-01-25
11882,18143,1.60,2026-01-25
11883,16394,0.34,2026-01-25
11884,16669,0.46,2026-01-25
11885,3483,0.32,2026-01-25
11886,8009,0.50,2026-01-25
11887,11152,4.89,2026-01-25
11888,13898,0.34,2026-01-25
11889,3054,0.66,2026-01-25
11890,10104,0.47,2026-01-25
11891,10641,1.07,2026-01-25
11892,8334,0.23,2026-01-25
11893,17734,0.82,2026-01-25
11894,6053,0.18,2026-01-25
11895,12384,0.30,2026-01-25
11896,6766,1.77,2026-01-25
11897,15741,0.69,2026-01-25
11898,18627,0.53,2026-01-25
11899,9508,4.04,2026-01-25
11900,21312,0.26,2026-01-25
11901,6147,0.46,2026-01-25
11902,11194,3.06,2026-01-25
11903,25724,1.70,2026-01-25
11904,9554,0.32,2026-01-25
11905,23430,0.49,2026-01-25
11906,22153,1.50,2026-01-25
11907,25892,0.41,2026-01-25
11908,19436,0.26,2026-01-25
11909,16406,0.90,2026-01-25
11910,4982,0.28,2026-01-25
11911,23338,1.24,2026-01-25
11912,23602,24.20,2026-01-25
11913,16617,10.67,2026-01-25
11914,5740,3.29,2026-01-25
11915,19625,0.37,2026-01-25
11916,11963,4.12,2026-01-25
11917,18447,1.64,2026-01-25
11918,25445,0.66,2026-01-25
11919,22197,0.47,2026-01-25
11920,22860,1.43,2026-01-25
11921,23447,1.17,2026-01-25
11922,11708,0.55,2026-01-25
11923,7922,4.54,2026-01-25
11924,21113,1.95,2026-01-25
11925,20302,0.30,2026-01-25
11926,11838,1.10,2026-01-25
11927,19534,12.58,2026-01-25
11928,11827,68.98,2026-01-25
11929,17406,82.39,2026-01-25
11930,8963,85.00,2026-01-25
11931,19920,6.01,2026-01-25
11932,2256,9.85,2026-01-25
11933,24064,2.01,2026-01-25
11934,19868,4.85,2026-01-25
11935,20299,1.20,2026-01-25
11936,4792,52.50,2026-01-25
11937,18281,0.40,2026-01-25
11938,10005,1.68,2026-01-25
11939,13748,0.20,2026-01-25
11940,26177,0.40,2026-01-25
11941,9919,8.99,2026-01-25
11942,4370,0.33,2026-01-25
11943,17089,3.88,2026-01-25
11944,9129,1.64,2026-01-25
11945,4133,3.39,2026-01-25
11946,1298,4.34,2026-01-25
11947,1569,12.91,2026-01-25
11948,2749,10.41,2026-01-25
11949,21273,4.34,2026-01-25
11950,27077,6.33,2026-01-25
11951,20598,0.69,2026-01-25
11952,24086,29.50,2026-01-25
11953,2975,0.52,2026-01-25
11954,2983,6.89,2026-01-25
11955,18079,0.56,2026-01-25
11956,7856,6.09,2026-01-25
11957,17529,3.25,2026-01-25
11958,1982,2.11,2026-01-25
11959,20160,2.99,2026-01-25
11960,18342,1.96,2026-01-25
11961,19101,0.67,2026-01-25
11962,24494,108.91,2026-01-25
11963,25004,0.62,2026-01-25
11964,6140,0.56,2026-01-25
11965,16173,1.98,2026-01-25
11966,19838,0.24,2026-01-25
11967,3144,0.40,2026-01-25
11968,10552,4.09,2026-01-25
11969,13056,76.80,2026-01-25
11970,2430,0.33,2026-01-25
11971,15683,0.46,2026-01-25
11972,13036,0.24,2026-01-25
11973,8502,0.56,2026-01-25
11974,25157,0.13,2026-01-25
11975,17984,0.29,2026-01-25
11976,24281,35.99,2026-01-25
11977,11088,0.27,2026-01-25
11978,9322,0.11,2026-01-25
11979,16616,0.29,2026-01-25
11980,26853,5.00,2026-01-25
11981,3668,0.21,2026-01-25
11982,9264,0.68,2026-01-25
11983,14994,1.55,2026-01-25
11984,9468,20.07,2026-01-25
11985,9285,0.38,2026-01-25
11986,21146,4.77,2026-01-25
11987,22494,0.28,2026-01-25
11988,15937,0.57,2026-01-25
11989,3288,24.15,2026-01-25
11990,6455,23.99,2026-01-25
11991,3124,1.90,2026-01-25
11992,18819,7.29,2026-01-25
11993,16577,0.52,2026-01-25
11994,8061,0.92,2026-01-25
11995,20238,1.60,2026-01-25
11996,11874,0.17,2026-01-25
11997,3899,0.58,2026-01-25
11998,13460,7.88,2026-01-25
11999,21987,1.00,2026-01-25
12000,6857,3.07,2026-01-25
12001,26869,0.96,2026-01-25
12002,5987,0.28,2026-01-25
12003,24807,0.67,2026-01-25
12004,8452,9.32,2026-01-25
12005,23115,1.76,2026-01-25
12006,2196,1.81,2026-01-25
12007,15310,1.26,2026-01-25
12008,582,1.21,2026-01-25
12009,21341,0.88,2026-01-25
12010,24832,22.58,2026-01-25
12011,26971,0.41,2026-01-25
12012,12178,9.97,2026-01-25
12013,17509,0.22,2026-01-25
12014,17654,0.61,2026-01-25
12015,7175,0.37,2026-01-25
12016,17872,4.11,2026-01-25
12017,24661,0.50,2026-01-25
12018,7419,1.25,2026-01-25
12019,13578,0.46,2026-01-25
12020,4824,16.48,2026-01-25
12021,26683,0.41,2026-01-25
12022,24072,9.48,2026-01-25
12023,23943,0.41,2026-01-25
12024,26622,1.87,2026-01-25
12025,22383,3.39,2026-01-25
12026,705,0.30,2026-01-25
12027,18710,0.62,2026-01-25
12028,21402,3.31,2026-01-25
12029,16633,2.36,2026-01-25
12030,4265,176.23,2026-01-25
12031,24952,219.99,2026-01-25
12032,17580,2.40,2026-01-25
12033,11616,0.64,2026-01-25
12034,16098,0.24,2026-01-25
12035,16680,0.46,2026-01-25
12036,13190,7.00,2026-01-25
12037,9964,0.23,2026-01-25
12038,3026,0.36,2026-01-25
12039,12872,0.42,2026-01-25
12040,24209,0.51,2026-01-25
12041,26224,1.17,2026-01-25
12042,9286,17.75,2026-01-25
12043,14537,0.63,2026-01-25
12044,15729,2.96,2026-01-25
12045,3309,9.10,2026-01-25
12046,9985,0.09,2026-01-25
12047,19558,0.20,2026-01-25
12048,6563,0.40,2026-01-25
12049,16093,5.25,2026-01-25
12050,25980,0.34,2026-01-25
12051,19882,0.18,2026-01-25
12052,20101,1.67,2026-01-25
12053,26635,0.44,2026-01-25
12054,128,0.15,2026-01-25
12055,20461,0.49,2026-01-25
12056,5830,0.97,2026-01-25
12057,19083,3.97,2026-01-25
12058,18150,0.26,2026-01-25
12059,9092,1.75,2026-01-25
12060,25287,0.55,2026-01-25
12061,8685,1.19,2026-01-25
12062,4952,3.67,2026-01-25
12063,8765,2.00,2026-01-25
12064,5077,2.27,2026-01-25
12065,7338,2.72,2026-01-25
12066,17310,1.29,2026-01-25
12067,26445,1.26,2026-01-25
12068,6955,12.27,2026-01-25
12069,22139,0.24,2026-01-25
12070,24395,0.41,2026-01-25
12071,24659,1.31,2026-01-25
12072,11587,0.67,2026-01-25
12073,1712,0.58,2026-01-25
12074,12532,4.99,2026-01-25
12075,927,0.24,2026-01-25
12076,21811,0.54,2026-01-25
12077,19538,1.99,2026-01-25
12078,16588,2.46,2026-01-25
12079,8176,0.49,2026-01-25
12080,20466,0.34,2026-01-25
12081,18606,0.25,2026-01-25
12082,21002,0.29,2026-01-25
12083,19274,3.30,2026-01-25
12084,15534,1.25,2026-01-25
12085,12960,64.59,2026-01-25
12086,26231,11.87,2026-01-25
12087,9778,99.99,2026-01-25
12088,21205,3.76,2026-01-25
12089,1951,0.89,2026-01-25
12090,18902,0.46,2026-01-25
12091,7209,7.50,2026-01-25
12092,10889,1.85,2026-01-25
12093,23525,0.83,2026-01-25
12094,24992,0.30,2026-01-25
12095,8653,1.07,2026-01-25
12096,24231,0.36,2026-01-25
12097,13489,0.74,2026-01-25
12098,18865,53.78,2026-01-25
12099,11679,0.56,2026-01-25
12100,16768,1.73,2026-01-25
12101,14797,2.79,2026-01-25
12102,21777,14.98,2026-01-25
12103,25147,0.22,2026-01-25
12104,11668,1.12,2026-01-25
12105,26328,4.65,2026-01-25
12106,18583,98.85,2026-01-25
12107,19550,1.87,2026-01-25
12108,33,0.55,2026-01-25
12109,10371,3.21,2026-01-25
12110,9927,3.73,2026-01-25
12111,973,0.38,2026-01-25
12112,26681,3.56,2026-01-25
12113,13642,2.25,2026-01-25
12114,22586,0.51,2026-01-25
12115,9298,3.48,2026-01-25
12116,9802,0.38,2026-01-25
12117,17897,1.91,2026-01-25
12118,5728,26.50,2026-01-25
12119,6390,4.02,2026-01-25
12120,12054,4.10,2026-01-25
12121,12616,0.54,2026-01-25
12122,6925,21.67,2026-01-25
12123,17453,0.23,2026-01-25
12124,11928,0.47,2026-01-25
12125,23017,0.37,2026-01-25
12126,18978,4.40,2026-01-25
12127,18562,1.81,2026-01-25
12128,7263,1.99,2026-01-25
12129,21797,0.55,2026-01-25
12130,25013,0.43,2026-01-25
12131,26777,4.19,2026-01-25
12132,4513,9.35,2026-01-25
12133,7846,0.13,2026-01-25
12134,4161,0.22,2026-01-25
12135,13229,1.57,2026-01-25
12136,15203,4.50,2026-01-25
12137,11602,9.31,2026-01-25
12138,214,10.99,2026-01-25
12139,13522,1.59,2026-01-25
12140,11758,27.49,2026-01-25
12141,173,0.52,2026-01-25
12142,26237,1.19,2026-01-25
12143,14922,8.03,2026-01-25
12144,25261,1.95,2026-01-25
12145,26911,0.16,2026-01-25
12146,18411,0.29,2026-01-25
12147,12944,0.25,2026-01-25
12148,14479,0.44,2026-01-25
12149,19266,0.36,2026-01-25
12150,1070,2.30,2026-01-25
12151,14128,0.30,2026-01-25
12152,8017,0.50,2026-01-25
12153,22921,0.77,2026-01-25
12154,1854,15.27,2026-01-25
12155,1349,0.08,2026-01-25
12156,5921,0.20,2026-01-25
12157,25964,9.07,2026-01-25
12158,2639,1.19,2026-01-25
12159,11363,7.00,2026-01-25
12160,16198,13.05,2026-01-25
12161,457,37.49,2026-01-25
12162,4189,34.25,2026-01-25
12163,7836,1.27,2026-01-25
12164,18492,2.74,2026-01-25
12165,15270,0.12,2026-01-25
12166,21598,0.39,2026-01-25
12167,22044,0.11,2026-01-25
12168,24755,0.31,2026-01-25
12169,4692,0.21,2026-01-25
12170,13205,0.08,2026-01-25
12171,10948,2.37,2026-01-25
12172,8184,4.00,2026-01-25
12173,25228,2.55,2026-01-25
12174,16232,1.10,2026-01-25
12175,1239,0.55,2026-01-25
12176,26201,21.06,2026-01-25
12177,16761,0.60,2026-01-25
12178,13571,11.00,2026-01-25
12179,18284,0.14,2026-01-25
12180,12492,0.41,2026-01-25
12181,15612,0.34,2026-01-25
12182,658,1.92,2026-01-25
12183,12507,0.25,2026-01-25
12184,17233,0.64,2026-01-25
12185,9096,0.22,2026-01-25
12186,19151,4.40,2026-01-25
12187,2464,0.17,2026-01-25
12188,8800,0.27,2026-01-25
12189,71,0.45,2026-01-25
12190,2696,0.21,2026-01-25
12191,18071,0.54,2026-01-25
12192,631,0.96,2026-01-25
12193,24565,0.39,2026-01-25
12194,16522,1.29,2026-01-25
12195,20720,0.32,2026-01-25
12196,24848,0.54,2026-01-25
12197,10275,2.44,2026-01-25
12198,20818,28.08,2026-01-25
12199,21477,1.40,2026-01-25
12200,6676,1.15,2026-01-25
12201,5865,0.16,2026-01-25
12202,18290,0.28,2026-01-25
12203,26277,8.93,2026-01-25
12204,13028,49.58,2026-01-25
12205,2266,1.96,2026-01-25
12206,6150,2.27,2026-01-25
12207,14679,0.38,2026-01-25
12208,24801,1.03,2026-01-25
12209,16684,0.36,2026-01-25
12210,21169,0.28,2026-01-25
12211,4314,0.90,2026-01-25
12212,17195,9.81,2026-01-25
12213,6580,0.11,2026-01-25
12214,11707,0.23,2026-01-25
12215,15300,0.13,2026-01-25
12216,717,0.24,2026-01-25
12217,20058,0.73,2026-01-25
12218,5043,3.78,2026-01-25
12219,11178,5.43,2026-01-25
12220,18241,98.99,2026-01-25
12221,4975,7.26,2026-01-25
12222,4897,1.55,2026-01-25
12223,21105,0.62,2026-01-25
12224,10366,1.90,2026-01-25
12225,15009,0.94,2026-01-25
12226,2398,0.18,2026-01-25
12227,14318,1.15,2026-01-25
12228,17444,0.11,2026-01-25
12229,21194,0.18,2026-01-25
12230,13675,17.16,2026-01-25
12231,21766,0.49,2026-01-25
12232,19213,2.83,2026-01-25
12233,24348,0.31,2026-01-25
12234,22095,0.37,2026-01-25
12235,15258,0.62,2026-01-25
12236,10338,6.19,2026-01-25
12237,1274,0.35,2026-01-25
12238,5035,1.24,2026-01-25
12239,22724,38.97,2026-01-25
12240,2645,29.10,2026-01-25
12241,15291,0.22,2026-01-25
12242,9492,0.53,2026-01-25
12243,13705,16.49,2026-01-25
12244,22067,3.19,2026-01-25
12245,2870,3.47,2026-01-25
12246,2120,0.78,2026-01-25
12247,3488,0.28,2026-01-25
12248,7139,1.23,2026-01-25
12249,4061,0.70,2026-01-25
12250,19652,5.38,2026-01-25
12251,25727,0.87,2026-01-25
12252,23723,6.16,2026-01-25
12253,16140,0.26,2026-01-25
12254,1069,0.50,2026-01-25
12255,235,13.36,2026-01-25
12256,22554,6.10,2026-01-25
12257,12487,2.25,2026-01-25
12258,23160,1.67,2026-01-25
12259,6953,0.49,2026-01-25
12260,20869,0.22,2026-01-25
12261,17435,0.10,2026-01-25
12262,16012,0.31,2026-01-25
12263,3342,1.18,2026-01-25
12264,15313,0.17,2026-01-25
12265,4120,0.40,2026-01-25
12266,14890,4.24,2026-01-25
12267,15263,2.39,2026-01-25
12268,13873,29.49,2026-01-25
12269,2558,31.24,2026-01-25
12270,20564,0.20,2026-01-25
12271,11816,1.50,2026-01-25
12272,3843,0.64,2026-01-25
12273,18829,10.11,2026-01-25
12274,13365,0.14,2026-01-25
12275,19983,0.25,2026-01-25
12276,19088,2.25,2026-01-25
12277,25657,30.75,2026-01-25
12278,8116,0.45,2026-01-25
12279,15692,3.45,2026-01-25
12280,2247,1.53,2026-01-25
12281,8157,11.54,2026-01-25
12282,19867,2.11,2026-01-25
12283,11192,4.11,2026-01-25
12284,5088,0.17,2026-01-25
12285,25671,0.70,2026-01-25
12286,6772,0.29,2026-01-25
12287,3883,0.96,2026-01-25
12288,2586,0.22,2026-01-25
12289,13409,0.48,2026-01-25
12290,12082,0.33,2026-01-25
12291,3215,0.96,2026-01-25
12292,10244,15.37,2026-01-25
12293,13926,34.24,2026-01-25
12294,11106,0.63,2026-01-25
12295,4234,28.03,2026-01-25
12296,19157,0.26,2026-01-25
12297,8619,0.54,2026-01-25
12298,16020,0.13,2026-01-25
12299,20473,0.45,2026-01-25
12300,13728,0.45,2026-01-25
12301,20267,1.10,2026-01-25
12302,16028,0.36,2026-01-25
12303,23361,1.87,2026-01-25
12304,17742,0.37,2026-01-25
12305,25080,10.27,2026-01-25
12306,455,0.07,2026-01-25
12307,1567,0.25,2026-01-25
12308,12434,0.64,2026-01-25
12309,18885,7.99,2026-01-25
12310,1417,0.17,2026-01-25
12311,24516,0.37,2026-01-25
12312,25887,14.69,2026-01-25
12313,8605,1.90,2026-01-25
12314,22995,0.40,2026-01-25
12315,14014,0.54,2026-01-25
12316,6411,5.83,2026-01-25
12317,2140,1.64,2026-01-25
12318,19359,70.00,2026-01-25
12319,10842,0.14,2026-01-25
12320,21884,0.29,2026-01-25
12321,24912,0.42,2026-01-25
12322,5350,1.13,2026-01-25
12323,13771,0.21,2026-01-25
12324,4985,0.10,2026-01-25
12325,4853,38.85,2026-01-25
12326,25640,0.13,2026-01-25
12327,23768,0.41,2026-01-25
12328,8740,0.66,2026-01-25
12329,2708,4.81,2026-01-25
12330,17652,0.21,2026-01-25
12331,24119,0.99,2026-01-25
12332,9436,0.87,2026-01-25
12333,4966,1.15,2026-01-25
12334,278,1.06,2026-01-25
12335,3747,19.95,2026-01-25
12336,19278,0.12,2026-01-25
12337,23915,0.39,2026-01-25
12338,23812,1.21,2026-01-25
12339,23564,0.38,2026-01-25
12340,4732,5.11,2026-01-25
12341,10210,0.28,2026-01-25
12342,14411,0.55,2026-01-25
12343,3402,0.33,2026-01-25
12344,4160,0.12,2026-01-25
12345,1396,1.29,2026-01-25
12346,2436,19.23,2026-01-25
12347,12963,0.37,2026-01-25
12348,19999,2.42,2026-01-25
12349,20335,0.32,2026-01-25
12350,726,3.68,2026-01-25
12351,17405,0.51,2026-01-25
12352,2191,6.45,2026-01-25
12353,14293,1.30,2026-01-25
12354,16348,1.89,2026-01-25
12355,3255,12.84,2026-01-25
12356,21525,3.76,2026-01-25
12357,25583,1.38,2026-01-25
12358,185,18.65,2026-01-25
12359,10978,16.08,2026-01-25
12360,17041,3.11,2026-01-25
12361,16340,0.80,2026-01-25
12362,14802,0.33,2026-01-25
12363,585,0.11,2026-01-25
12364,4008,0.35,2026-01-25
12365,9639,0.16,2026-01-25
12366,23003,0.25,2026-01-25
12367,20894,0.69,2026-01-25
12368,22598,1.58,2026-01-25
12369,187,0.45,2026-01-25
12370,9610,1.85,2026-01-25
12371,14511,1.68,2026-01-25
12372,13369,0.71,2026-01-25
12373,312,0.56,2026-01-25
12374,17736,0.84,2026-01-25
12375,15033,0.52,2026-01-25
12376,21717,0.37,2026-01-25
12377,5869,0.53,2026-01-25
12378,19613,4.99,2026-01-25
12379,16916,0.65,2026-01-25
12380,3879,12.17,2026-01-25
12381,6471,0.24,2026-01-25
12382,12430,0.65,2026-01-25
12383,2578,0.52,2026-01-25
12384,7313,1.78,2026-01-25
12385,4252,1.41,2026-01-25
12386,17704,35.01,2026-01-25
12387,10333,2.00,2026-01-25
12388,9914,2.29,2026-01-25
12389,8877,0.63,2026-01-25
12390,18259,28.76,2026-01-25
12391,19416,2.72,2026-01-25
12392,4834,4.45,2026-01-25
12393,23263,0.70,2026-01-25
12394,1060,2.45,2026-01-25
12395,22779,1.84,2026-01-25
12396,5111,1.20,2026-01-25
12397,15917,3.37,2026-01-25
12398,8549,5.40,2026-01-25
12399,23593,7.88,2026-01-25
12400,11559,28.13,2026-01-25
12401,6249,0.84,2026-01-25
12402,2716,1.02,2026-01-25
12403,6652,0.23,2026-01-25
12404,19912,6.21,2026-01-25
12405,1722,0.23,2026-01-25
12406,5318,0.38,2026-01-25
12407,669,3.90,2026-01-25
12408,2112,0.15,2026-01-25
12409,9582,0.38,2026-01-25
12410,1348,0.79,2026-01-25
12411,24378,59.00,2026-01-25
12412,18283,1.40,2026-01-25
12413,17893,30.00,2026-01-25
12414,5417,0.38,2026-01-25
12415,3335,2.39,2026-01-25
12416,14305,0.81,2026-01-25
12417,22609,1.58,2026-01-25
12418,15100,2.01,2026-01-25
12419,15942,0.74,2026-01-25
12420,22855,13.88,2026-01-25
12421,17457,267.50,2026-01-25
12422,26507,0.48,2026-01-25
12423,10256,5.00,2026-01-25
12424,17988,2.64,2026-01-25
12425,14301,0.35,2026-01-25
12426,5048,1.07,2026-01-25
12427,19703,1.03,2026-01-25
12428,22151,14.09,2026-01-25
12429,2809,0.39,2026-01-25
12430,24950,7.62,2026-01-25
12431,6260,5.69,2026-01-25
12432,16888,19.99,2026-01-25
12433,21231,0.94,2026-01-25
12434,22183,0.95,2026-01-25
12435,24625,0.10,2026-01-25
12436,18373,0.29,2026-01-25
12437,17117,0.41,2026-01-25
12438,17353,0.76,2026-01-25
12439,3412,0.52,2026-01-25
12440,8189,3.91,2026-01-25
12441,20868,0.10,2026-01-25
12442,9498,0.25,2026-01-25
12443,23375,0.19,2026-01-25
12444,6882,0.28,2026-01-25
12445,23626,0.58,2026-01-25
12446,1040,24.04,2026-01-25
12447,16281,0.36,2026-01-25
12448,16001,5.10,2026-01-25
12449,6324,1.87,2026-01-25
12450,13812,28.55,2026-01-25
12451,4244,2.51,2026-01-25
12452,13729,0.73,2026-01-25
12453,24228,11.01,2026-01-25
12454,25571,0.25,2026-01-25
12455,1787,0.90,2026-01-25
12456,2306,0.17,2026-01-25
12457,3805,0.45,2026-01-25
12458,15431,2.48,2026-01-25
12459,15435,18.10,2026-01-25
12460,5381,0.91,2026-01-25
12461,21473,1.63,2026-01-25
12462,21254,7.69,2026-01-25
12463,6059,11.17,2026-01-25
12464,8814,0.14,2026-01-25
12465,13593,0.30,2026-01-25
12466,11813,0.44,2026-01-25
12467,3482,0.26,2026-01-25
12468,24397,1.45,2026-01-25
12469,16296,0.36,2026-01-25
12470,2613,0.35,2026-01-25
12471,27088,0.87,2026-01-25
12472,6333,0.19,2026-01-25
12473,26923,0.08,2026-01-25
12474,11849,3.22,2026-01-25
12475,2851,56.73,2026-01-25
12476,5467,0.39,2026-01-25
12477,24294,6.25,2026-01-25
12478,21252,1.15,2026-01-25
12479,5636,0.61,2026-01-25
12480,7556,2.08,2026-01-25
12481,15228,2.53,2026-01-25
12482,19234,0.44,2026-01-25
12483,17265,5.75,2026-01-25
12484,24687,4.32,2026-01-25
12485,12517,1.14,2026-01-25
12486,10019,0.59,2026-01-25
12487,25467,0.48,2026-01-25
12488,20424,0.15,2026-01-25
12489,10037,0.30,2026-01-25
12490,17849,298.02,2026-01-25
12491,24649,0.27,2026-01-25
12492,23572,0.44,2026-01-25
12493,4895,0.40,2026-01-25
12494,21291,17.50,2026-01-25
12495,15037,1.20,2026-01-25
12496,23086,7.29,2026-01-25
12497,7331,1.17,2026-01-25
12498,15306,0.75,2026-01-25
12499,15226,0.33,2026-01-25
12500,17395,8.87,2026-01-25
12501,11196,49.99,2026-01-25
12502,11016,0.63,2026-01-25
12503,27020,8.89,2026-01-25
12504,26004,6.68,2026-01-25
12505,5904,1.35,2026-01-25
12506,17499,0.41,2026-01-25
12507,24197,2.15,2026-01-25
12508,3523,0.25,2026-01-25
12509,17513,0.12,2026-01-25
12510,2548,1.11,2026-01-25
12511,10133,8.74,2026-01-25
12512,20195,2.91,2026-01-25
12513,6253,1.18,2026-01-25
12514,21937,0.21,2026-01-25
12515,3907,0.61,2026-01-25
12516,1825,0.36,2026-01-25
12517,23168,0.94,2026-01-25
12518,24478,0.37,2026-01-25
12519,18933,0.36,2026-01-25
12520,4508,1.31,2026-01-25
12521,17269,0.33,2026-01-25
12522,12757,9.52,2026-01-25
12523,1404,0.76,2026-01-25
12524,3552,42.18,2026-01-25
12525,66,0.25,2026-01-25
12526,24000,0.79,2026-01-25
12527,24505,0.65,2026-01-25
12528,26282,3.23,2026-01-25
12529,20948,0.31,2026-01-25
12530,22440,0.15,2026-01-25
12531,24572,5.39,2026-01-25
12532,7994,0.32,2026-01-25
12533,19310,29.14,2026-01-25
12534,12050,0.29,2026-01-25
12535,14362,0.33,2026-01-25
12536,4908,0.99,2026-01-25
12537,16947,1.50,2026-01-25
12538,702,0.28,2026-01-25
12539,1217,0.52,2026-01-25
12540,5551,0.31,2026-01-25
12541,12413,0.14,2026-01-25
12542,5892,7.81,2026-01-25
12543,18634,16.89,2026-01-25
12544,170,0.26,2026-01-25
12545,7176,0.72,2026-01-25
12546,24406,0.58,2026-01-25
12547,2138,22.98,2026-01-25
12548,25286,0.16,2026-01-25
12549,12309,0.05,2026-01-25
12550,19098,509.81,2026-01-25
12551,24306,18.97,2026-01-25
12552,23932,66.30,2026-01-25
12553,23969,2.49,2026-01-25
12554,18145,1.38,2026-01-25
12555,19400,0.24,2026-01-25
12556,26852,0.42,2026-01-25
12557,26713,6.52,2026-01-25
12558,6667,1.16,2026-01-25
12559,26219,0.67,2026-01-25
12560,7996,2.05,2026-01-25
12561,5669,0.35,2026-01-25
12562,13816,0.73,2026-01-25
12563,13840,0.81,2026-01-25
12564,7436,3.43,2026-01-25
12565,24719,22.02,2026-01-25
12566,3302,49.34,2026-01-25
12567,24402,1.05,2026-01-25
12568,18100,5.14,2026-01-25
12569,11065,0.44,2026-01-25
12570,9175,0.62,2026-01-25
12571,8483,0.35,2026-01-25
12572,5914,0.48,2026-01-25
12573,21208,1.19,2026-01-25
12574,12169,99.99,2026-01-25
12575,2021,5.00,2026-01-25
12576,15874,10.21,2026-01-25
12577,22508,0.49,2026-01-25
12578,272,0.34,2026-01-25
12579,26466,0.86,2026-01-25
12580,6817,33.84,2026-01-25
12581,22624,0.37,2026-01-25
12582,4589,0.75,2026-01-25
12583,5481,0.09,2026-01-25
12584,3551,0.21,2026-01-25
12585,632,2.55,2026-01-25
12586,22789,0.42,2026-01-25
12587,17320,0.34,2026-01-25
12588,9460,0.73,2026-01-25
12589,15725,181.92,2026-01-25
12590,8078,5.99,2026-01-25
12591,10009,64.50,2026-01-25
12592,9238,0.35,2026-01-25
12593,12681,0.90,2026-01-25
12594,2944,7.43,2026-01-25
12595,7278,101.72,2026-01-25
12596,11211,1.02,2026-01-25
12597,17625,0.53,2026-01-25
12598,195,0.48,2026-01-25
12599,3580,1.33,2026-01-25
12600,21193,3.97,2026-01-25
12601,14686,0.30,2026-01-25
12602,1224,0.43,2026-01-25
12603,20200,0.33,2026-01-25
12604,9173,0.25,2026-01-25
12605,11644,0.10,2026-01-25
12606,16660,0.28,2026-01-25
12607,10392,0.36,2026-01-25
12608,10797,6.09,2026-01-25
12609,13115,1.39,2026-01-25
12610,16302,0.87,2026-01-25
12611,17392,0.28,2026-01-25
12612,12798,0.72,2026-01-25
12613,21801,0.85,2026-01-25
12614,22289,10.65,2026-01-25
12615,23774,1.38,2026-01-25
12616,7951,0.60,2026-01-25
12617,729,29.99,2026-01-25
12618,21590,0.36,2026-01-25
12619,23556,0.90,2026-01-25
12620,23148,9.65,2026-01-25
12621,4381,2.44,2026-01-25
12622,3243,0.13,2026-01-25
12623,9757,0.36,2026-01-25
12624,24686,0.30,2026-01-25
12625,5841,6.74,2026-01-25
12626,24251,1.43,2026-01-25
12627,25879,16.69,2026-01-25
12628,8183,0.35,2026-01-25
12629,4348,1.56,2026-01-25
12630,23870,0.26,2026-01-25
12631,23506,1.96,2026-01-25
12632,121,0.43,2026-01-25
12633,24856,12.02,2026-01-25
12634,21072,0.45,2026-01-25
12635,4877,0.82,2026-01-25
12636,17857,0.94,2026-01-25
12637,13556,24.95,2026-01-25
12638,19126,0.33,2026-01-25
12639,12846,2.22,2026-01-25
12640,14979,0.28,2026-01-25
12641,23925,0.33,2026-01-25
12642,7615,0.11,2026-01-25
12643,23092,0.33,2026-01-25
12644,64,1.82,2026-01-25
12645,10277,0.38,2026-01-25
12646,2119,39.74,2026-01-25
12647,22652,90.00,2026-01-25
12648,9148,0.39,2026-01-25
12649,14637,2.14,2026-01-25
12650,5322,0.27,2026-01-25
12651,5101,0.63,2026-01-25
12652,25387,1.52,2026-01-25
12653,24995,3.36,2026-01-25
12654,6797,2.39,2026-01-25
12655,21946,0.82,2026-01-25
12656,18171,0.51,2026-01-25
12657,9925,0.59,2026-01-25
12658,19863,0.31,2026-01-25
12659,12867,1.58,2026-01-25
12660,3251,24.42,2026-01-25
12661,4374,0.34,2026-01-25
12662,506,0.61,2026-01-25
12663,11297,3.72,2026-01-25
12664,1033,53.40,2026-01-25
12665,1146,3.99,2026-01-25
12666,21195,0.17,2026-01-25
12667,6939,0.58,2026-01-25
12668,2266,1.96,2026-01-25
12669,6150,2.27,2026-01-25
12670,14679,0.38,2026-01-25
12671,24801,1.03,2026-01-25
12672,16684,0.36,2026-01-25
12673,21169,0.28,2026-01-25
12674,4314,0.90,2026-01-25
12675,17195,9.81,2026-01-25
12676,6580,0.11,2026-01-25
12677,11707,0.23,2026-01-25
12678,15300,0.13,2026-01-25
12679,717,0.24,2026-01-25
12680,20058,0.73,2026-01-25
12681,5043,3.78,2026-01-25
12682,11178,5.43,2026-01-25
12683,18241,98.99,2026-01-25
12684,4975,7.26,2026-01-25
12685,4897,1.55,2026-01-25
12686,21105,0.62,2026-01-25
12687,10366,1.90,2026-01-25
12688,15009,0.94,2026-01-25
12689,2398,0.18,2026-01-25
12690,14318,1.15,2026-01-25
12691,17444,0.11,2026-01-25
12692,21194,0.18,2026-01-25
12693,13675,17.16,2026-01-25
12694,21766,0.49,2026-01-25
12695,19213,2.83,2026-01-25
12696,24348,0.31,2026-01-25
12697,22095,0.37,2026-01-25
12698,15258,0.62,2026-01-25
12699,10338,6.19,2026-01-25
12700,1274,0.35,2026-01-25
12701,5035,1.24,2026-01-25
12702,22724,38.97,2026-01-25
12703,2645,29.10,2026-01-25
12704,15291,0.22,2026-01-25
12705,9492,0.53,2026-01-25
12706,13705,16.49,2026-01-25
12707,22067,3.19,2026-01-25
12708,2870,3.47,2026-01-25
12709,2120,0.78,2026-01-25
12710,3488,0.28,2026-01-25
12711,7139,1.23,2026-01-25
12712,4061,0.70,2026-01-25
12713,19652,5.38,2026-01-25
12714,25727,0.87,2026-01-25
12715,23723,6.16,2026-01-25
12716,16140,0.26,2026-01-25
12717,1069,0.50,2026-01-25
12718,235,13.36,2026-01-25
12719,22554,6.10,2026-01-25
12720,12487,2.25,2026-01-25
12721,23160,1.67,2026-01-25
12722,6953,0.49,2026-01-25
12723,20869,0.22,2026-01-25
12724,17435,0.10,2026-01-25
12725,16012,0.31,2026-01-25
12726,3342,1.18,2026-01-25
12727,15313,0.17,2026-01-25
12728,4120,0.40,2026-01-25
12729,14890,4.24,2026-01-25
12730,15263,2.39,2026-01-25
12731,13873,29.49,2026-01-25
12732,2558,31.24,2026-01-25
12733,20564,0.20,2026-01-25
12734,11816,1.50,2026-01-25
12735,3843,0.64,2026-01-25
12736,18829,10.11,2026-01-25
12737,13365,0.14,2026-01-25
12738,19983,0.25,2026-01-25
12739,19088,2.25,2026-01-25
12740,25657,30.75,2026-01-25
12741,8116,0.45,2026-01-25
12742,15692,3.45,2026-01-25
12743,2247,1.53,2026-01-25
12744,8157,11.54,2026-01-25
12745,19867,2.11,2026-01-25
12746,11192,4.11,2026-01-25
12747,5088,0.17,2026-01-25
12748,25671,0.70,2026-01-25
12749,6772,0.29,2026-01-25
12750,3883,0.96,2026-01-25
12751,2586,0.22,2026-01-25
12752,13409,0.48,2026-01-25
12753,12082,0.33,2026-01-25
12754,3215,0.96,2026-01-25
12755,10244,15.37,2026-01-25
12756,13926,34.24,2026-01-25
12757,11106,0.63,2026-01-25
12758,4234,28.03,2026-01-25
12759,19157,0.26,2026-01-25
12760,8619,0.54,2026-01-25
12761,16020,0.13,2026-01-25
12762,20473,0.45,2026-01-25
12763,13728,0.45,2026-01-25
12764,20267,1.10,2026-01-25
12765,16028,0.36,2026-01-25
12766,23361,1.87,2026-01-25
12767,17742,0.37,2026-01-25
12768,25080,10.27,2026-01-25
12769,455,0.07,2026-01-25
12770,1567,0.25,2026-01-25
12771,12434,0.64,2026-01-25
12772,18885,7.99,2026-01-25
12773,1417,0.17,2026-01-25
12774,24516,0.37,2026-01-25
12775,25887,14.69,2026-01-25
12776,8605,1.90,2026-01-25
12777,22995,0.40,2026-01-25
12778,14014,0.54,2026-01-25
12779,6411,5.83,2026-01-25
12780,2140,1.64,2026-01-25
12781,19359,70.00,2026-01-25
12782,10842,0.14,2026-01-25
12783,21884,0.29,2026-01-25
12784,24912,0.42,2026-01-25
12785,5350,1.13,2026-01-25
12786,13771,0.21,2026-01-25
12787,4985,0.10,2026-01-25
12788,4853,38.85,2026-01-25
12789,25640,0.13,2026-01-25
12790,23768,0.41,2026-01-25
12791,8740,0.66,2026-01-25
12792,2708,4.81,2026-01-25
12793,17652,0.21,2026-01-25
12794,24119,0.99,2026-01-25
12795,9436,0.87,2026-01-25
12796,4966,1.15,2026-01-25
12797,278,1.06,2026-01-25
12798,3747,19.95,2026-01-25
12799,19278,0.12,2026-01-25
12800,23812,1.21,2026-01-25
12801,23564,0.38,2026-01-25
12802,4732,5.11,2026-01-25
12803,10210,0.28,2026-01-25
12804,14411,0.55,2026-01-25
12805,3402,0.33,2026-01-25
12806,4160,0.12,2026-01-25
12807,1396,1.29,2026-01-25
12808,2436,19.23,2026-01-25
12809,12963,0.37,2026-01-25
12810,19999,2.42,2026-01-25
12811,20335,0.32,2026-01-25
12812,726,3.68,2026-01-25
12813,17405,0.51,2026-01-25
12814,2191,6.45,2026-01-25
12815,14293,1.30,2026-01-25
12816,16348,1.89,2026-01-25
12817,3255,12.84,2026-01-25
12818,21525,3.76,2026-01-25
12819,25583,1.38,2026-01-25
12820,185,18.65,2026-01-25
12821,10978,16.08,2026-01-25
12822,17041,3.11,2026-01-25
12823,16340,0.80,2026-01-25
12824,14802,0.33,2026-01-25
12825,585,0.11,2026-01-25
12826,4008,0.35,2026-01-25
12827,9639,0.16,2026-01-25
12828,23003,0.25,2026-01-25
12829,20894,0.69,2026-01-25
12830,22598,1.58,2026-01-25
12831,187,0.45,2026-01-25
12832,9610,1.85,2026-01-25
12833,14511,1.68,2026-01-25
12834,13369,0.71,2026-01-25
12835,312,0.56,2026-01-25
12836,17736,0.84,2026-01-25
12837,15033,0.52,2026-01-25
12838,21717,0.37,2026-01-25
12839,5869,0.53,2026-01-25
12840,19613,4.99,2026-01-25
12841,16916,0.65,2026-01-25
12842,3879,12.17,2026-01-25
12843,6471,0.24,2026-01-25
12844,12430,0.65,2026-01-25
12845,2578,0.52,2026-01-25
12846,7313,1.78,2026-01-25
12847,4252,1.41,2026-01-25
12848,17704,35.01,2026-01-25
12849,10333,2.00,2026-01-25
12850,9914,2.29,2026-01-25
12851,8877,0.63,2026-01-25
12852,18259,28.76,2026-01-25
12853,19416,2.72,2026-01-25
12854,4834,4.45,2026-01-25
12855,23263,0.70,2026-01-25
12856,1060,2.45,2026-01-25
12857,22779,1.84,2026-01-25
12858,5111,1.20,2026-01-25
12859,15917,3.37,2026-01-25
12860,8549,5.40,2026-01-25
12861,23593,7.88,2026-01-25
12862,11559,28.13,2026-01-25
12863,6249,0.84,2026-01-25
12864,2716,1.02,2026-01-25
12865,6652,0.23,2026-01-25
12866,19912,6.21,2026-01-25
12867,1722,0.23,2026-01-25
12868,5318,0.38,2026-01-25
12869,669,3.90,2026-01-25
12870,2112,0.15,2026-01-25
12871,9582,0.38,2026-01-25
12872,1348,0.79,2026-01-25
12873,24378,59.00,2026-01-25
12874,18283,1.40,2026-01-25
12875,17893,30.00,2026-01-25
12876,5417,0.38,2026-01-25
12877,3335,2.39,2026-01-25
12878,14305,0.81,2026-01-25
12879,22609,1.58,2026-01-25
12880,15100,2.01,2026-01-25
12881,15942,0.74,2026-01-25
12882,22855,13.88,2026-01-25
12883,17457,267.50,2026-01-25
12884,26507,0.48,2026-01-25
12885,10256,5.00,2026-01-25
12886,17988,2.64,2026-01-25
12887,14301,0.35,2026-01-25
12888,5048,1.07,2026-01-25
12889,19703,1.03,2026-01-25
12890,22151,14.09,2026-01-25
12891,2809,0.39,2026-01-25
12892,24950,7.62,2026-01-25
12893,6260,5.69,2026-01-25
12894,16888,19.99,2026-01-25
12895,21231,0.94,2026-01-25
12896,22183,0.95,2026-01-25
12897,24625,0.10,2026-01-25
12898,18373,0.29,2026-01-25
12899,17117,0.41,2026-01-25
12900,17353,0.76,2026-01-25
12901,3412,0.52,2026-01-25
12902,8189,3.91,2026-01-25
12903,20868,0.10,2026-01-25
12904,9498,0.25,2026-01-25
12905,23375,0.19,2026-01-25
12906,6882,0.28,2026-01-25
12907,23626,0.58,2026-01-25
12908,1040,24.04,2026-01-25
12909,16281,0.36,2026-01-25
12910,16001,5.10,2026-01-25
12911,6324,1.87,2026-01-25
12912,13812,28.55,2026-01-25
12913,4244,2.51,2026-01-25
12914,13729,0.73,2026-01-25
12915,24228,11.01,2026-01-25
12916,25571,0.25,2026-01-25
12917,1787,0.90,2026-01-25
12918,2306,0.17,2026-01-25
12919,3805,0.45,2026-01-25
12920,15431,2.48,2026-01-25
12921,15435,18.10,2026-01-25
12922,5381,0.91,2026-01-25
12923,21473,1.63,2026-01-25
12924,21254,7.69,2026-01-25
12925,6059,11.17,2026-01-25
12926,8814,0.14,2026-01-25
12927,13593,0.30,2026-01-25
12928,11813,0.44,2026-01-25
12929,3482,0.26,2026-01-25
12930,24397,1.45,2026-01-25
12931,16296,0.36,2026-01-25
12932,2613,0.35,2026-01-25
12933,27088,0.87,2026-01-25
12934,6333,0.19,2026-01-25
12935,26923,0.08,2026-01-25
12936,11849,3.22,2026-01-25
12937,2851,56.73,2026-01-25
12938,5467,0.39,2026-01-25
12939,24294,6.25,2026-01-25
12940,21252,1.15,2026-01-25
12941,5636,0.61,2026-01-25
12942,7556,2.08,2026-01-25
12943,15228,2.53,2026-01-25
12944,19234,0.44,2026-01-25
12945,17265,5.75,2026-01-25
12946,24687,4.32,2026-01-25
12947,12517,1.14,2026-01-25
12948,10019,0.59,2026-01-25
12949,25467,0.48,2026-01-25
12950,20424,0.15,2026-01-25
12951,10037,0.30,2026-01-25
12952,17849,298.02,2026-01-25
12953,24649,0.27,2026-01-25
12954,23572,0.44,2026-01-25
12955,4895,0.40,2026-01-25
12956,21291,17.50,2026-01-25
12957,15037,1.20,2026-01-25
12958,23086,7.29,2026-01-25
12959,7331,1.17,2026-01-25
12960,15306,0.75,2026-01-25
12961,15226,0.33,2026-01-25
12962,17395,8.87,2026-01-25
12963,11196,49.99,2026-01-25
12964,11016,0.63,2026-01-25
12965,27020,8.89,2026-01-25
12966,26004,6.68,2026-01-25
12967,5904,1.35,2026-01-25
12968,17499,0.41,2026-01-25
12969,24197,2.15,2026-01-25
12970,3523,0.25,2026-01-25
12971,17513,0.12,2026-01-25
12972,2548,1.11,2026-01-25
12973,10133,8.74,2026-01-25
12974,20195,2.91,2026-01-25
12975,6253,1.18,2026-01-25
12976,21937,0.21,2026-01-25
12977,3907,0.61,2026-01-25
12978,1825,0.36,2026-01-25
12979,23168,0.94,2026-01-25
12980,24478,0.37,2026-01-25
12981,18933,0.36,2026-01-25
12982,4508,1.31,2026-01-25
12983,17269,0.33,2026-01-25
12984,12757,9.52,2026-01-25
12985,1404,0.76,2026-01-25
12986,3552,42.18,2026-01-25
12987,66,0.25,2026-01-25
12988,24000,0.79,2026-01-25
12989,24505,0.65,2026-01-25
12990,26282,3.23,2026-01-25
12991,20948,0.31,2026-01-25
12992,22440,0.15,2026-01-25
12993,24572,5.39,2026-01-25
12994,7994,0.32,2026-01-25
12995,19310,29.14,2026-01-25
12996,12050,0.29,2026-01-25
12997,14362,0.33,2026-01-25
12998,4908,0.99,2026-01-25
12999,16947,1.50,2026-01-25
13000,702,0.28,2026-01-25
13001,1217,0.52,2026-01-25
13002,5551,0.31,2026-01-25
13003,12413,0.14,2026-01-25
13004,5892,7.81,2026-01-25
13005,18634,16.89,2026-01-25
13006,170,0.26,2026-01-25
13007,7176,0.72,2026-01-25
13008,24406,0.58,2026-01-25
13009,2138,22.98,2026-01-25
13010,25286,0.16,2026-01-25
13011,12309,0.05,2026-01-25
13012,19098,509.81,2026-01-25
13013,24306,18.97,2026-01-25
13014,23932,66.30,2026-01-25
13015,23969,2.49,2026-01-25
13016,18145,1.38,2026-01-25
13017,19400,0.24,2026-01-25
13018,26852,0.42,2026-01-25
13019,26713,6.52,2026-01-25
13020,6667,1.16,2026-01-25
13021,26219,0.67,2026-01-25
13022,7996,2.05,2026-01-25
13023,5669,0.35,2026-01-25
13024,13816,0.73,2026-01-25
13025,13840,0.81,2026-01-25
13026,7436,3.43,2026-01-25
13027,24719,22.02,2026-01-25
13028,3302,49.34,2026-01-25
13029,24402,1.05,2026-01-25
13030,18100,5.14,2026-01-25
13031,11065,0.44,2026-01-25
13032,9175,0.62,2026-01-25
13033,8483,0.35,2026-01-25
13034,5914,0.48,2026-01-25
13035,21208,1.19,2026-01-25
13036,12169,99.99,2026-01-25
13037,2021,5.00,2026-01-25
13038,15874,10.21,2026-01-25
13039,22508,0.49,2026-01-25
13040,272,0.34,2026-01-25
13041,26466,0.86,2026-01-25
13042,6817,33.84,2026-01-25
13043,22624,0.37,2026-01-25
13044,4589,0.75,2026-01-25
13045,5481,0.09,2026-01-25
13046,3551,0.21,2026-01-25
13047,632,2.55,2026-01-25
13048,22789,0.42,2026-01-25
13049,17320,0.34,2026-01-25
13050,9460,0.73,2026-01-25
13051,15725,181.92,2026-01-25
13052,8078,5.99,2026-01-25
13053,10009,64.50,2026-01-25
13054,9238,0.35,2026-01-25
13055,12681,0.90,2026-01-25
13056,2944,7.43,2026-01-25
13057,7278,101.72,2026-01-25
13058,11211,1.02,2026-01-25
13059,17625,0.53,2026-01-25
13060,195,0.48,2026-01-25
13061,3580,1.33,2026-01-25
13062,21193,3.97,2026-01-25
13063,14686,0.30,2026-01-25
13064,1224,0.43,2026-01-25
13065,20200,0.33,2026-01-25
13066,9173,0.25,2026-01-25
13067,11644,0.10,2026-01-25
13068,16660,0.28,2026-01-25
13069,10392,0.36,2026-01-25
13070,10797,6.09,2026-01-25
13071,13115,1.39,2026-01-25
13072,16302,0.87,2026-01-25
13073,17392,0.28,2026-01-25
13074,12798,0.72,2026-01-25
13075,21801,0.85,2026-01-25
13076,22289,10.65,2026-01-25
13077,23774,1.38,2026-01-25
13078,7951,0.60,2026-01-25
13079,729,29.99,2026-01-25
13080,21590,0.36,2026-01-25
13081,23556,0.90,2026-01-25
13082,23148,9.65,2026-01-25
13083,4381,2.44,2026-01-25
13084,3243,0.13,2026-01-25
13085,9757,0.36,2026-01-25
13086,24686,0.30,2026-01-25
13087,5841,6.74,2026-01-25
13088,24251,1.43,2026-01-25
13089,25879,16.69,2026-01-25
13090,8183,0.35,2026-01-25
13091,4348,1.56,2026-01-25
13092,23870,0.26,2026-01-25
13093,23506,1.96,2026-01-25
13094,121,0.43,2026-01-25
13095,24856,12.02,2026-01-25
13096,21072,0.45,2026-01-25
13097,4877,0.82,2026-01-25
13098,17857,0.94,2026-01-25
13099,13556,24.95,2026-01-25
13100,19126,0.33,2026-01-25
13101,12846,2.22,2026-01-25
13102,14979,0.28,2026-01-25
13103,23925,0.33,2026-01-25
13104,7615,0.11,2026-01-25
13105,23092,0.33,2026-01-25
13106,64,1.82,2026-01-25
13107,10277,0.38,2026-01-25
13108,2119,39.74,2026-01-25
13109,22652,90.00,2026-01-25
13110,9148,0.39,2026-01-25
13111,14637,2.14,2026-01-25
13112,5322,0.27,2026-01-25
13113,5101,0.63,2026-01-25
13114,25387,1.52,2026-01-25
13115,24995,3.36,2026-01-25
13116,6797,2.39,2026-01-25
13117,21946,0.82,2026-01-25
13118,18171,0.51,2026-01-25
13119,9925,0.59,2026-01-25
13120,19863,0.31,2026-01-25
13121,12867,1.58,2026-01-25
13122,3251,24.42,2026-01-25
13123,4374,0.34,2026-01-25
13124,506,0.61,2026-01-25
13125,11297,3.72,2026-01-25
13126,1033,53.40,2026-01-25
13127,1146,3.99,2026-01-25
13128,21195,0.17,2026-01-25
13129,6939,0.58,2026-01-25
13130,6606,6.09,2026-01-25
13131,23254,9.79,2026-01-25
13132,15286,0.39,2026-01-25
13133,15991,2.52,2026-01-25
13134,22196,2.33,2026-01-25
13135,6305,0.15,2026-01-25
13136,5409,0.28,2026-01-25
13137,26557,4.50,2026-01-25
13138,1765,0.15,2026-01-25
13139,1327,0.23,2026-01-25
13140,6653,8.08,2026-01-25
13141,4527,0.27,2026-01-25
13142,18609,1.56,2026-01-25
13143,23677,0.74,2026-01-25
13144,11984,0.33,2026-01-25
13145,26940,1.14,2026-01-25
13146,14269,0.57,2026-01-25
13147,14523,7.24,2026-01-25
13148,17731,1.03,2026-01-25
13149,38,0.23,2026-01-25
13150,6823,0.23,2026-01-25
13151,22558,0.45,2026-01-25
13152,3945,4.60,2026-01-25
13153,8883,10.74,2026-01-25
13154,20379,4.19,2026-01-25
13155,25078,5.60,2026-01-25
13156,19996,0.81,2026-01-25
13157,15418,2.47,2026-01-25
13158,3001,4.52,2026-01-25
13159,25263,219.35,2026-01-25
13160,1453,0.33,2026-01-25
13161,15188,5.12,2026-01-25
13162,13059,10.37,2026-01-25
13163,6893,0.68,2026-01-25
13164,1890,1.49,2026-01-25
13165,2516,0.55,2026-01-25
13166,8634,0.98,2026-01-25
13167,22454,0.53,2026-01-25
13168,20260,8.76,2026-01-25
13169,20760,0.30,2026-01-25
13170,4356,7.17,2026-01-25
13171,25501,0.69,2026-01-25
13172,11524,33.00,2026-01-25
13173,5767,0.30,2026-01-25
13174,15930,1.71,2026-01-25
13175,19232,0.67,2026-01-25
13176,8626,10.53,2026-01-25
13177,15487,38.27,2026-01-25
13178,25359,1.75,2026-01-25
13179,2765,0.52,2026-01-25
13180,16252,0.84,2026-01-25
13181,3651,1.96,2026-01-25
13182,627,3.18,2026-01-25
13183,25000,0.12,2026-01-25
13184,6592,0.36,2026-01-25
13185,4141,0.29,2026-01-25
13186,2895,1.46,2026-01-25
13187,2182,4.21,2026-01-25
13188,23675,37.99,2026-01-25
13189,22342,0.23,2026-01-25
13190,2060,0.34,2026-01-25
13191,17326,0.37,2026-01-25
13192,22182,5.64,2026-01-25
13193,7746,0.47,2026-01-25
13194,7770,0.84,2026-01-25
13195,3277,0.10,2026-01-25
13196,19394,0.27,2026-01-25
13197,26662,0.16,2026-01-25
13198,18907,0.33,2026-01-25
13199,23182,0.15,2026-01-25
13200,2411,0.26,2026-01-25
13201,1077,15.00,2026-01-25
13202,18039,0.62,2026-01-25
13203,9976,2.85,2026-01-25
13204,25784,0.44,2026-01-25
13205,21025,1.82,2026-01-25
13206,5160,0.09,2026-01-25
13207,13574,0.29,2026-01-25
13208,4128,35.75,2026-01-25
13209,15452,77.83,2026-01-25
13210,15463,0.52,2026-01-25
13211,24488,5.38,2026-01-25
13212,12670,1.98,2026-01-25
13213,932,1.16,2026-01-25
13214,26400,3.68,2026-01-25
13215,3915,14.30,2026-01-25
13216,6043,1.35,2026-01-25
13217,1571,1.19,2026-01-25
13218,17023,0.65,2026-01-25
13219,4890,22.50,2026-01-25
13220,5032,0.58,2026-01-25
13221,7761,2.66,2026-01-25
13222,24805,0.47,2026-01-25
13223,5454,0.46,2026-01-25
13224,15761,0.35,2026-01-25
13225,2416,1.79,2026-01-25
13226,12827,1.20,2026-01-25
13227,26202,0.62,2026-01-25
13228,17772,0.28,2026-01-25
13229,623,0.50,2026-01-25
13230,13094,1.11,2026-01-25
13231,14000,2.10,2026-01-25
13232,11204,0.22,2026-01-25
13233,3985,0.54,2026-01-25
13234,24388,0.45,2026-01-25
13235,11475,0.89,2026-01-25
13236,2832,0.82,2026-01-25
13237,10528,14.80,2026-01-25
13238,26441,0.55,2026-01-25
13239,23651,0.34,2026-01-25
13240,11372,1.62,2026-01-25
13241,8128,0.29,2026-01-25
13242,19306,0.64,2026-01-25
13243,5155,2.75,2026-01-25
13244,5937,1.41,2026-01-25
13245,15428,0.41,2026-01-25
13246,23715,3.02,2026-01-25
13247,8218,0.85,2026-01-25
13248,12853,67.50,2026-01-25
13249,1255,4.79,2026-01-25
13250,2925,3.49,2026-01-25
13251,23914,0.80,2026-01-25
13252,8659,0.97,2026-01-25
13253,10131,0.21,2026-01-25
13254,5297,0.45,2026-01-25
13255,8262,1.75,2026-01-25
13256,11315,2.03,2026-01-25
13257,17220,22.63,2026-01-25
13258,5783,22.53,2026-01-25
13259,2620,25.00,2026-01-25
13260,5186,16.58,2026-01-25
13261,4885,30.30,2026-01-25
13262,13122,8.79,2026-01-25
13263,12471,0.37,2026-01-25
13264,22010,2.99,2026-01-25
13265,5390,9.19,2026-01-25
13266,25506,0.74,2026-01-25
13267,20518,9.98,2026-01-25
13268,10773,0.39,2026-01-25
13269,20081,12.82,2026-01-25
13270,24067,14.08,2026-01-25
13271,11673,10.91,2026-01-25
13272,23998,0.84,2026-01-25
13273,19235,1.63,2026-01-25
13274,1134,6.08,2026-01-25
13275,6292,7.71,2026-01-25
13276,15788,1.72,2026-01-25
13277,13521,0.62,2026-01-25
13278,15868,0.88,2026-01-25
13279,897,1.33,2026-01-25
13280,6436,0.23,2026-01-25
13281,955,2.40,2026-01-25
13282,6422,1.19,2026-01-25
13283,25935,9.52,2026-01-25
13284,11754,0.54,2026-01-25
13285,15865,4.19,2026-01-25
13286,3148,0.31,2026-01-25
13287,22646,0.36,2026-01-25
13288,26611,0.28,2026-01-25
13289,18922,0.78,2026-01-25
13290,2442,0.29,2026-01-25
13291,12394,0.94,2026-01-25
13292,1171,0.42,2026-01-25
13293,3624,3.74,2026-01-25
13294,21872,0.31,2026-01-25
13295,18754,9.99,2026-01-25
13296,9490,1.68,2026-01-25
13297,2519,0.65,2026-01-25
13298,12875,3.59,2026-01-25
13299,22951,0.41,2026-01-25
13300,15891,0.20,2026-01-25
13301,20938,29.30,2026-01-25
13302,13891,52.24,2026-01-25
13303,4616,0.43,2026-01-25
13304,22206,1.13,2026-01-25
13305,449,8.96,2026-01-25
13306,18339,14.22,2026-01-25
13307,24030,0.40,2026-01-25
13308,26711,0.18,2026-01-25
13309,13694,1.59,2026-01-25
13310,6695,0.44,2026-01-25
13311,7129,3.85,2026-01-25
13312,26213,4.65,2026-01-25
13313,18025,0.89,2026-01-25
13314,23284,2.71,2026-01-25
13315,14061,0.45,2026-01-25
13316,16023,3.08,2026-01-25
13317,17150,0.55,2026-01-25
13318,26512,12.48,2026-01-25
13319,1308,1.15,2026-01-25
13320,20713,9.14,2026-01-25
13321,15918,0.33,2026-01-25
13322,3284,0.70,2026-01-25
13323,25689,0.35,2026-01-25
13324,23397,2.18,2026-01-25
13325,18441,0.76,2026-01-25
13326,24823,10.50,2026-01-25
13327,4570,0.33,2026-01-25
13328,21722,0.78,2026-01-25
13329,25973,77.74,2026-01-25
13330,21047,0.20,2026-01-25
13331,9277,0.53,2026-01-25
13332,22691,0.31,2026-01-25
13333,18235,0.34,2026-01-25
13334,690,0.66,2026-01-25
13335,2884,9.01,2026-01-25
13336,20901,0.25,2026-01-25
13337,18357,0.33,2026-01-25
13338,9623,0.15,2026-01-25
13339,19866,0.54,2026-01-25
13340,25677,0.45,2026-01-25
13341,25934,2.83,2026-01-25
13342,9138,0.34,2026-01-25
13343,18,0.59,2026-01-25
13344,15852,0.32,2026-01-25
13345,1711,0.65,2026-01-25
13346,10351,34.55,2026-01-25
13347,14525,5.94,2026-01-25
13348,2989,0.27,2026-01-25
13349,15469,5.29,2026-01-25
13350,26837,0.36,2026-01-25
13351,9635,2.36,2026-01-25
13352,6120,0.50,2026-01-25
13353,1439,11.53,2026-01-25
13354,1861,0.28,2026-01-25
13355,20972,0.25,2026-01-25
13356,14542,0.15,2026-01-25
13357,5263,0.30,2026-01-25
13358,1313,0.16,2026-01-25
13359,23203,0.46,2026-01-25
13360,18849,1.39,2026-01-25
13361,11962,0.59,2026-01-25
13362,4196,0.37,2026-01-25
13363,18056,1.98,2026-01-25
13364,16195,3.43,2026-01-25
13365,9334,0.30,2026-01-25
13366,17833,1.19,2026-01-25
13367,14371,0.27,2026-01-25
13368,2001,1.74,2026-01-25
13369,14402,3.02,2026-01-25
13370,21905,0.47,2026-01-25
13371,8111,2.35,2026-01-25
13372,9218,0.44,2026-01-25
13373,2478,1.00,2026-01-25
13374,12756,0.10,2026-01-25
13375,215,0.28,2026-01-25
13376,25625,1.03,2026-01-25
13377,22322,8.98,2026-01-25
13378,14740,3.25,2026-01-25
13379,14029,10.45,2026-01-25
13380,18217,0.99,2026-01-25
13381,18471,4.33,2026-01-25
13382,9308,0.37,2026-01-25
13383,13765,1.09,2026-01-25
13384,26629,0.67,2026-01-25
13385,26642,12.51,2026-01-25
13386,23279,11.09,2026-01-25
13387,5980,2.05,2026-01-25
13388,26968,4.47,2026-01-25
13389,7863,0.59,2026-01-25
13390,12739,0.74,2026-01-25
13391,437,2.47,2026-01-25
13392,11742,8.99,2026-01-25
13393,23442,1.39,2026-01-25
13394,15953,2.59,2026-01-25
13395,20345,11.10,2026-01-25
13396,8929,12.68,2026-01-25
13397,6918,0.49,2026-01-25
13398,19167,18.72,2026-01-25
13399,9283,0.72,2026-01-25
13400,8291,7.92,2026-01-25
13401,7814,0.14,2026-01-25
13402,17788,0.30,2026-01-25
13403,6831,14.74,2026-01-25
13404,21995,46.84,2026-01-25
13405,16923,15.34,2026-01-25
13406,25196,4.93,2026-01-25
13407,9140,0.34,2026-01-25
13408,8959,0.81,2026-01-25
13409,18170,0.11,2026-01-25
13410,13427,0.22,2026-01-25
13411,21031,0.31,2026-01-25
13412,13352,2.75,2026-01-25
13413,23528,0.67,2026-01-25
13414,23568,3.34,2026-01-25
13415,26678,3.75,2026-01-25
13416,24414,12.95,2026-01-25
13417,11606,0.67,2026-01-25
13418,17086,0.58,2026-01-25
13419,5315,1.09,2026-01-25
13420,25841,12.06,2026-01-25
13421,1150,3.28,2026-01-25
13422,7959,25.00,2026-01-25
13423,7373,5.36,2026-01-25
13424,25476,5.07,2026-01-25
13425,10100,0.46,2026-01-25
13426,694,30.00,2026-01-25
13427,2431,21.01,2026-01-25
13428,16006,38.98,2026-01-25
13429,26065,0.20,2026-01-25
13430,18708,0.32,2026-01-25
13431,10454,0.71,2026-01-25
13432,14274,5.76,2026-01-25
13433,9719,90.29,2026-01-25
13434,26540,7.83,2026-01-25
13435,11922,9.95,2026-01-25
13436,18136,5.62,2026-01-25
13437,4332,1.43,2026-01-25
13438,16691,19.03,2026-01-25
13439,11260,2.00,2026-01-25
13440,4458,0.83,2026-01-25
13441,18115,2.68,2026-01-25
13442,7812,0.92,2026-01-25
13443,10800,0.22,2026-01-25
13444,7569,0.62,2026-01-25
13445,18515,2.93,2026-01-25
13446,16593,6.99,2026-01-25
13447,8220,0.43,2026-01-25
13448,12449,0.13,2026-01-25
13449,770,0.67,2026-01-25
13450,6335,5.25,2026-01-25
13451,10872,0.91,2026-01-25
13452,1194,6.47,2026-01-25
13453,21210,1.50,2026-01-25
13454,20669,1.62,2026-01-25
13455,8836,0.56,2026-01-25
13456,15804,0.32,2026-01-25
13457,2991,0.90,2026-01-25
13458,23267,0.07,2026-01-25
13459,6859,0.22,2026-01-25
13460,19922,0.26,2026-01-25
13461,20203,0.84,2026-01-25
13462,6376,0.67,2026-01-25
13463,14238,1.37,2026-01-25
13464,11179,4.32,2026-01-25
13465,15194,25.79,2026-01-25
13466,2483,0.32,2026-01-25
13467,4833,0.85,2026-01-25
13468,26188,0.30,2026-01-25
13469,2636,2.57,2026-01-25
13470,13866,1.30,2026-01-25
13471,4316,0.55,2026-01-25
13472,18691,36.84,2026-01-25
13473,1130,0.43,2026-01-25
13474,9222,0.55,2026-01-25
13475,11461,0.21,2026-01-25
13476,7312,0.37,2026-01-25
13477,19637,4.31,2026-01-25
13478,25166,35.86,2026-01-25
13479,3344,7.16,2026-01-25
13480,15136,3.83,2026-01-25
13481,24836,0.32,2026-01-25
13482,9521,0.90,2026-01-25
13483,23,0.67,2026-01-25
13484,6992,0.93,2026-01-25
13485,276,11.66,2026-01-25
13486,10847,0.36,2026-01-25
13487,2174,0.16,2026-01-25
13488,15776,0.33,2026-01-25
13489,25357,1.65,2026-01-25
13490,5262,265.37,2026-01-25
13491,2635,0.48,2026-01-25
13492,21414,8.48,2026-01-25
13493,11542,2.56,2026-01-25
13494,15627,1.06,2026-01-25
13495,8520,0.17,2026-01-25
13496,20011,0.42,2026-01-25
13497,7961,0.64,2026-01-25
13498,17829,0.14,2026-01-25
13499,3903,0.34,2026-01-25
13500,25475,1.76,2026-01-25
13501,4294,13.44,2026-01-25
13502,6280,0.35,2026-01-25
13503,12605,3.68,2026-01-25
13504,14899,0.32,2026-01-25
13505,26522,0.86,2026-01-25
13506,12002,0.11,2026-01-25
13507,14781,0.26,2026-01-25
13508,23379,0.36,2026-01-25
13509,24925,0.18,2026-01-25
13510,19029,0.23,2026-01-25
13511,6802,0.83,2026-01-25
13512,18131,0.84,2026-01-25
13513,9453,18.24,2026-01-25
13514,7574,5.29,2026-01-25
13515,311,1.21,2026-01-25
13516,21651,1.07,2026-01-25
13517,23225,3.65,2026-01-25
13518,23059,20.00,2026-01-25
13519,18452,13.70,2026-01-25
13520,2774,34.95,2026-01-25
13521,6072,0.35,2026-01-25
13522,21968,0.64,2026-01-25
13523,21270,0.38,2026-01-25
13524,12042,1.45,2026-01-25
13525,21255,0.83,2026-01-25
13526,25095,12.34,2026-01-25
13527,26391,0.09,2026-01-25
13528,10107,0.21,2026-01-25
13529,7582,0.08,2026-01-25
13530,5764,0.18,2026-01-25
13531,17718,0.65,2026-01-25
13532,3147,1.12,2026-01-25
13533,13071,0.39,2026-01-25
13534,11218,1.04,2026-01-25
13535,13717,0.22,2026-01-25
13536,26141,0.58,2026-01-25
13537,20242,0.26,2026-01-25
13538,1419,1.20,2026-01-25
13539,12594,3.70,2026-01-25
13540,15110,0.35,2026-01-25
13541,4788,3.31,2026-01-25
13542,3691,1.61,2026-01-25
13543,14826,5.50,2026-01-25
13544,6551,0.33,2026-01-25
13545,10433,0.10,2026-01-25
13546,13439,216.01,2026-01-25
13547,19916,0.69,2026-01-25
13548,19368,4.02,2026-01-25
13549,14989,1.57,2026-01-25
13550,5181,0.56,2026-01-25
13551,9369,0.38,2026-01-25
13552,21472,1.58,2026-01-25
13553,1944,1.59,2026-01-25
13554,26480,39.99,2026-01-25
13555,3433,4.06,2026-01-25
13556,23318,5.26,2026-01-25
13557,18465,4.66,2026-01-25
13558,17020,0.40,2026-01-25
13559,9715,4.46,2026-01-25
13560,21593,0.17,2026-01-25
13561,1869,0.39,2026-01-25
13562,1235,0.46,2026-01-25
13563,15952,1.56,2026-01-25
13564,23178,1.06,2026-01-25
13565,6745,175.41,2026-01-25
13566,24782,1.85,2026-01-25
13567,11899,26.05,2026-01-25
13568,1031,1.21,2026-01-25
13569,1627,0.47,2026-01-25
13570,7614,4.72,2026-01-25
13571,16175,0.48,2026-01-25
13572,14670,2.81,2026-01-25
13573,12193,0.29,2026-01-25
13574,19815,1.99,2026-01-25
13575,900,0.24,2026-01-25
13576,2348,0.38,2026-01-25
13577,9458,0.31,2026-01-25
13578,21985,1.20,2026-01-25
13579,647,14.28,2026-01-25
13580,14434,9.42,2026-01-25
13581,3492,0.14,2026-01-25
13582,25480,0.44,2026-01-25
13583,5145,2.17,2026-01-25
13584,24057,0.67,2026-01-25
13585,15134,1.75,2026-01-25
13586,10576,0.92,2026-01-25
13587,17899,0.14,2026-01-25
13588,22202,0.24,2026-01-25
13589,16420,0.25,2026-01-25
13590,14225,2.16,2026-01-25
13591,3593,0.47,2026-01-25
13592,3163,25.48,2026-01-25
13593,10524,5.85,2026-01-25
13594,19226,0.38,2026-01-25
13595,15448,12.56,2026-01-25
13596,24448,0.45,2026-01-25
13597,21078,0.36,2026-01-25
13598,5303,0.16,2026-01-25
13599,3248,1.26,2026-01-25
13600,19129,0.60,2026-01-25
13601,22012,0.27,2026-01-25
13602,9624,0.33,2026-01-25
13603,10482,0.57,2026-01-25
13604,17876,1.44,2026-01-25
13605,9245,0.42,2026-01-25
13606,4279,11.56,2026-01-25
13607,24481,0.92,2026-01-25
13608,11200,0.55,2026-01-25
13609,2487,0.30,2026-01-25
13610,23349,0.30,2026-01-25
13611,25564,0.67,2026-01-25
13612,16837,0.32,2026-01-25
13613,11624,1.10,2026-01-25
13614,683,0.65,2026-01-25
13615,17610,7.12,2026-01-25
13616,18870,19.82,2026-01-25
13617,12958,0.30,2026-01-25
13618,23547,0.98,2026-01-25
13619,10706,0.19,2026-01-25
13620,11087,0.32,2026-01-25
13621,3620,0.16,2026-01-25
13622,12592,0.34,2026-01-25
13623,12510,0.42,2026-01-25
13624,1179,0.94,2026-01-25
13625,8311,0.13,2026-01-25
13626,14716,0.34,2026-01-25
13627,8429,2.84,2026-01-25
13628,13451,0.82,2026-01-25
13629,3964,0.12,2026-01-25
13630,8203,0.39,2026-01-25
13631,8221,0.77,2026-01-25
13632,22049,1.61,2026-01-25
13633,18267,0.82,2026-01-25
13634,4130,10.79,2026-01-25
13635,1103,0.10,2026-01-25
13636,26722,0.18,2026-01-25
13637,18285,0.33,2026-01-25
13638,18278,4.72,2026-01-25
13639,13993,0.50,2026-01-25
13640,10903,23.78,2026-01-25
13641,4280,84.99,2026-01-25
13642,12029,0.31,2026-01-25
13643,7277,2.82,2026-01-25
13644,20853,17.26,2026-01-25
13645,14443,3.50,2026-01-25
13646,18505,17.20,2026-01-25
13647,9599,0.77,2026-01-25
13648,24762,14.85,2026-01-25
13649,24055,92.55,2026-01-25
13650,14581,0.66,2026-01-25
13651,10600,52.72,2026-01-25
13652,15914,0.59,2026-01-25
13653,14929,2.86,2026-01-25
13654,756,0.33,2026-01-25
13655,238,0.65,2026-01-25
13656,12753,0.42,2026-01-25
13657,22106,0.78,2026-01-25
13658,19033,0.24,2026-01-25
13659,22261,2.39,2026-01-25
13660,26828,1.57,2026-01-25
13661,21234,0.62,2026-01-25
13662,21333,4.26,2026-01-25
13663,3319,0.31,2026-01-25
13664,13596,1.63,2026-01-25
13665,77,0.64,2026-01-25
13666,2810,7.63,2026-01-25
13667,26212,0.11,2026-01-25
13668,20709,0.31,2026-01-25
13669,1501,57.78,2026-01-25
13670,2150,0.45,2026-01-25
13671,8016,0.19,2026-01-25
13672,4421,0.40,2026-01-25
13673,23719,3.14,2026-01-25
13674,7683,2.40,2026-01-25
13675,16508,0.76,2026-01-25
13676,11823,4.32,2026-01-25
13677,23522,0.18,2026-01-25
13678,15119,0.41,2026-01-25
13679,3359,0.36,2026-01-25
13680,17939,2.82,2026-01-25
13681,26754,0.16,2026-01-25
13682,9110,0.48,2026-01-25
13683,26494,12.21,2026-01-25
13684,3897,25.00,2026-01-25
13685,18626,0.68,2026-01-25
13686,15780,7.94,2026-01-25
13687,26915,0.38,2026-01-25
13688,9720,2.57,2026-01-25
13689,15285,2.31,2026-01-25
13690,15756,0.60,2026-01-25
13691,126,0.71,2026-01-25
13692,10064,1.45,2026-01-25
13693,14718,1.72,2026-01-25
13694,15253,0.90,2026-01-25
13695,14748,0.20,2026-01-25
13696,13713,0.42,2026-01-25
13697,24255,1.56,2026-01-25
13698,18082,0.13,2026-01-25
13699,13064,0.28,2026-01-25
13700,18711,0.43,2026-01-25
13701,10314,0.53,2026-01-25
13702,19955,36.15,2026-01-25
13703,24776,0.24,2026-01-25
13704,5143,1.46,2026-01-25
13705,13196,0.40,2026-01-25
13706,10752,3.99,2026-01-25
13707,6771,0.91,2026-01-25
13708,7672,27.90,2026-01-25
13709,13412,0.15,2026-01-25
13710,18098,0.33,2026-01-25
13711,9026,0.48,2026-01-25
13712,27003,7.45,2026-01-25
13713,17344,1.09,2026-01-25
13714,11905,6.73,2026-01-25
13715,13516,0.75,2026-01-25
13716,21589,13.99,2026-01-25
13717,13565,0.13,2026-01-25
13718,15283,0.33,2026-01-25
13719,4255,2.85,2026-01-25
13720,18942,5.50,2026-01-25
13721,2362,0.94,2026-01-25
13722,4275,5.31,2026-01-25
13723,2621,0.48,2026-01-25
13724,22380,6.03,2026-01-25
13725,20712,0.15,2026-01-25
13726,26135,0.06,2026-01-25
13727,3993,1.54,2026-01-25
13728,25546,19.00,2026-01-25
13729,24304,6.15,2026-01-25
13730,27052,9.49,2026-01-25
13731,25285,0.20,2026-01-25
13732,9805,0.80,2026-01-25
13733,10803,0.88,2026-01-25
13734,6973,9.04,2026-01-25
13735,7986,0.10,2026-01-25
13736,11523,0.19,2026-01-25
13737,17635,3.46,2026-01-25
13738,6647,8.43,2026-01-25
13739,20300,7.50,2026-01-25
13740,22786,0.13,2026-01-25
13741,17602,0.43,2026-01-25
13742,15095,0.33,2026-01-25
13743,20009,6.30,2026-01-25
13744,10779,9.16,2026-01-25
13745,965,29.38,2026-01-25
13746,16566,74.99,2026-01-25
13747,17929,0.22,2026-01-25
13748,18644,1.17,2026-01-25
13749,4182,0.94,2026-01-25
13750,1788,9.74,2026-01-25
13751,464,42.97,2026-01-25
13752,21232,0.11,2026-01-25
13753,22626,0.25,2026-01-25
13754,24915,0.09,2026-01-25
13755,4420,0.21,2026-01-25
13756,12620,10.07,2026-01-25
13757,1928,4.06,2026-01-25
13758,24990,10.21,2026-01-25
13759,21762,0.45,2026-01-25
13760,69,6.20,2026-01-25
13761,20783,0.50,2026-01-25
13762,24790,5.62,2026-01-25
13763,13724,3.97,2026-01-25
13764,481,0.23,2026-01-25
13765,7568,0.61,2026-01-25
13766,563,1.90,2026-01-25
13767,2472,1.44,2026-01-25
13768,8094,1.12,2026-01-25
13769,20650,3.78,2026-01-25
13770,23300,0.50,2026-01-25
13771,25532,0.89,2026-01-25
13772,2757,1.26,2026-01-25
13773,2287,29.45,2026-01-25
13774,18758,0.15,2026-01-25
13775,13583,0.33,2026-01-25
13776,6194,0.19,2026-01-25
13777,14738,0.57,2026-01-25
13778,15810,0.44,2026-01-25
13779,25837,0.19,2026-01-25
13780,8940,0.61,2026-01-25
13781,7671,2.77,2026-01-25
13782,9700,1.28,2026-01-25
13783,21005,0.14,2026-01-25
13784,6753,0.47,2026-01-25
13785,16946,0.27,2026-01-25
13786,7861,0.44,2026-01-25
13787,2638,13.71,2026-01-25
13788,11917,4.48,2026-01-25
13789,5398,9.95,2026-01-25
13790,18061,20.61,2026-01-25
13791,2380,3.10,2026-01-25
13792,16053,25.05,2026-01-25
13793,20129,0.59,2026-01-25
13794,25439,6.49,2026-01-25
13795,13039,0.32,2026-01-25
13796,2457,0.37,2026-01-25
13797,12933,19.93,2026-01-25
13798,17115,0.08,2026-01-25
13799,6401,0.16,2026-01-25
13800,11784,2.02,2026-01-25
13801,14340,0.63,2026-01-25
13802,17636,7.87,2026-01-25
13803,8241,1.47,2026-01-25
13804,22569,2.80,2026-01-25
13805,19666,4.45,2026-01-25
13806,5489,0.61,2026-01-25
13807,5822,7.49,2026-01-25
13808,22864,0.41,2026-01-25
13809,18314,5.58,2026-01-25
13810,11209,0.85,2026-01-25
13811,13041,0.58,2026-01-25
13812,2904,1.79,2026-01-25
13813,21738,0.28,2026-01-25
13814,20585,0.48,2026-01-25
13815,12452,4.82,2026-01-25
13816,27046,38.59,2026-01-25
13817,18993,3.91,2026-01-25
13818,6700,19.99,2026-01-25
13819,2838,0.37,2026-01-25
13820,1332,4.37,2026-01-25
13821,15462,1.22,2026-01-25
13822,21247,8.10,2026-01-25
13823,25111,0.31,2026-01-25
13824,19155,0.13,2026-01-25
13825,18421,2.21,2026-01-25
13826,24851,8.98,2026-01-25
13827,24515,8.47,2026-01-25
13828,17316,39.67,2026-01-25
13829,18903,1.77,2026-01-25
13830,9832,0.50,2026-01-25
13831,8802,5.38,2026-01-25
13832,25523,11.41,2026-01-25
13833,25307,3.60,2026-01-25
13834,10602,0.21,2026-01-25
13835,12512,0.58,2026-01-25
13836,26264,1.23,2026-01-25
13837,24421,4.46,2026-01-25
13838,10670,0.27,2026-01-25
13839,22699,0.47,2026-01-25
13840,16381,0.29,2026-01-25
13841,15087,0.69,2026-01-25
13842,16779,2.05,2026-01-25
13843,21898,2.08,2026-01-25
13844,21039,14.48,2026-01-25
13845,19493,0.22,2026-01-25
13846,22329,0.94,2026-01-25
13847,23546,0.42,2026-01-25
13848,5794,1.74,2026-01-25
13849,11683,3.11,2026-01-25
13850,23990,5.52,2026-01-25
13851,12968,0.44,2026-01-25
13852,18161,18.81,2026-01-25
13853,2333,5.60,2026-01-25
13854,3941,114.78,2026-01-25
13855,12256,9.30,2026-01-25
13856,6778,35.47,2026-01-25
13857,23123,0.19,2026-01-25
13858,14580,0.56,2026-01-25
13859,24917,0.33,2026-01-25
13860,21379,0.85,2026-01-25
13861,15256,2.19,2026-01-25
13862,14622,4.60,2026-01-25
13863,21265,0.11,2026-01-25
13864,6117,0.35,2026-01-25
13865,9528,1.59,2026-01-25
13866,15886,5.58,2026-01-25
13867,17540,22.39,2026-01-25
13868,8450,0.57,2026-01-25
13869,17712,0.93,2026-01-25
13870,23689,0.06,2026-01-25
13871,25911,0.23,2026-01-25
13872,15620,0.74,2026-01-25
13873,18432,1.43,2026-01-25
13874,2110,18.92,2026-01-25
13875,6298,0.52,2026-01-25
13876,413,0.16,2026-01-25
13877,8197,0.91,2026-01-25
13878,1064,150.00,2026-01-25
13879,25630,55.76,2026-01-25
13880,22424,0.63,2026-01-25
13881,18495,2.76,2026-01-25
13882,20429,0.41,2026-01-25
13883,3463,0.68,2026-01-25
13884,22618,0.10,2026-01-25
13885,4287,0.36,2026-01-25
13886,20642,4.78,2026-01-25
13887,14361,6.93,2026-01-25
13888,1234,0.36,2026-01-25
13889,6818,0.84,2026-01-25
13890,6986,0.11,2026-01-25
13891,4534,0.24,2026-01-25
13892,4473,0.26,2026-01-25
13893,14338,1.60,2026-01-25
13894,9332,0.40,2026-01-25
13895,739,0.98,2026-01-25
13896,24671,8.32,2026-01-25
13897,78,39.99,2026-01-25
13898,4335,0.58,2026-01-25
13899,3326,0.31,2026-01-25
13900,16298,0.31,2026-01-25
13901,25123,0.91,2026-01-25
13902,11672,0.27,2026-01-25
13903,3165,1.75,2026-01-25
13904,2389,0.82,2026-01-25
13905,2187,4.62,2026-01-25
13906,4419,0.29,2026-01-25
13907,8699,5.49,2026-01-25
13908,11797,0.43,2026-01-25
13909,17419,0.44,2026-01-25
13910,21498,2.37,2026-01-25
13911,18343,0.26,2026-01-25
13912,14805,0.39,2026-01-25
13913,19554,0.43,2026-01-25
13914,27001,5.47,2026-01-25
13915,12929,4.36,2026-01-25
13916,16167,67.47,2026-01-25
13917,27019,0.15,2026-01-25
13918,23352,0.91,2026-01-25
13919,19646,1.07,2026-01-25
13920,735,3.45,2026-01-25
13921,6532,0.31,2026-01-25
13922,13612,0.19,2026-01-25
13923,20952,2.24,2026-01-25
13924,21322,0.98,2026-01-25
13925,21166,4.02,2026-01-25
13926,196,1.03,2026-01-25
13927,12073,0.34,2026-01-25
13928,3826,1.02,2026-01-25
13929,8651,12.80,2026-01-25
13930,5790,1.34,2026-01-25
13931,4653,5.50,2026-01-25
13932,8859,1.47,2026-01-25
13933,9676,9.25,2026-01-25
13934,7205,0.63,2026-01-25
13935,6947,0.40,2026-01-25
13936,11381,0.57,2026-01-25
13937,25597,0.70,2026-01-25
13938,1343,0.63,2026-01-25
13939,24417,8.50,2026-01-25
13940,19461,1.66,2026-01-25
13941,2108,7.23,2026-01-25
13942,16183,0.19,2026-01-25
13943,12565,0.48,2026-01-25
13944,2664,1.66,2026-01-25
13945,25128,0.71,2026-01-25
13946,18123,0.16,2026-01-25
13947,14002,0.06,2026-01-25
13948,23662,0.35,2026-01-25
13949,11566,1.14,2026-01-25
13950,24369,0.29,2026-01-25
13951,20199,0.80,2026-01-25
13952,10995,17.07,2026-01-25
13953,15494,3.78,2026-01-25
13954,1409,0.15,2026-01-25
13955,7162,0.26,2026-01-25
13956,20802,1.37,2026-01-25
13957,25037,0.34,2026-01-25
13958,18771,0.24,2026-01-25
13959,19730,0.60,2026-01-25
13960,22649,55.10,2026-01-25
13961,6640,0.13,2026-01-25
13962,16041,0.25,2026-01-25
13963,2336,0.72,2026-01-25
13964,10956,0.96,2026-01-25
13965,3576,1.15,2026-01-25
13966,4880,1.07,2026-01-25
13967,26474,2.37,2026-01-25
13968,22397,7.42,2026-01-25
13969,24713,0.24,2026-01-25
13970,21753,0.41,2026-01-25
13971,10010,0.17,2026-01-25
13972,3648,0.50,2026-01-25
13973,19297,11.93,2026-01-25
13974,23202,39.99,2026-01-25
13975,7603,0.31,2026-01-25
13976,24562,1.38,2026-01-25
13977,16032,0.26,2026-01-25
13978,20530,1.10,2026-01-25
13979,104,0.62,2026-01-25
13980,13664,8.83,2026-01-25
13981,13989,1.69,2026-01-25
13982,8338,1.09,2026-01-25
13983,21479,0.44,2026-01-25
13984,22549,0.28,2026-01-25
13985,5204,292.29,2026-01-25
13986,11719,6.51,2026-01-25
13987,17255,108.10,2026-01-25
13988,18548,10.36,2026-01-25
13989,14676,3.02,2026-01-25
13990,14116,0.88,2026-01-25
13991,19857,5.37,2026-01-25
13992,15001,23.91,2026-01-25
13993,18365,16.10,2026-01-25
13994,17896,22.00,2026-01-25
13995,22720,0.45,2026-01-25
13996,14784,40.00,2026-01-25
13997,7710,1.14,2026-01-25
13998,6790,13.26,2026-01-25
13999,19125,4.85,2026-01-25
14000,12542,8.14,2026-01-25
14001,8644,0.52,2026-01-25
14002,4504,1.01,2026-01-25
14003,8449,1.94,2026-01-25
14004,11574,0.25,2026-01-25
14005,5120,60.21,2026-01-25
14006,20902,0.22,2026-01-25
14007,441,0.63,2026-01-25
14008,11623,2.70,2026-01-25
14009,11520,6.39,2026-01-25
14010,11593,0.39,2026-01-25
14011,26878,5.42,2026-01-25
14012,12895,0.06,2026-01-25
14013,17214,0.17,2026-01-25
14014,7716,1.79,2026-01-25
14015,1779,0.74,2026-01-25
14016,23454,11.49,2026-01-25
14017,25297,1.96,2026-01-25
14018,2864,9.18,2026-01-25
14019,10090,0.30,2026-01-25
14020,17059,1.00,2026-01-25
14021,17962,0.25,2026-01-25
14022,23788,0.44,2026-01-25
14023,15941,0.23,2026-01-25
14024,19821,0.84,2026-01-25
14025,8159,0.45,2026-01-25
14026,24362,0.26,2026-01-25
14027,25780,0.84,2026-01-25
14028,13817,27.99,2026-01-25
14029,553,0.34,2026-01-25
14030,11992,1.12,2026-01-25
14031,17391,0.45,2026-01-25
14032,14958,4.09,2026-01-25
14033,952,4.47,2026-01-25
14034,19846,0.86,2026-01-25
14035,19616,2.60,2026-01-25
14036,16859,0.60,2026-01-25
14037,11736,3.62,2026-01-25
14038,20582,0.20,2026-01-25
14039,10674,0.57,2026-01-25
14040,6136,0.74,2026-01-25
14041,12858,1.39,2026-01-25
14042,8758,0.36,2026-01-25
14043,1511,0.30,2026-01-25
14044,23977,1.65,2026-01-25
14045,19006,29.57,2026-01-25
14046,2682,0.24,2026-01-25
14047,8268,0.52,2026-01-25
14048,1426,2.50,2026-01-25
14049,3445,0.20,2026-01-25
14050,6458,0.65,2026-01-25
14051,15251,0.10,2026-01-25
14052,12086,0.23,2026-01-25
14053,15921,0.25,2026-01-25
14054,23470,0.75,2026-01-25
14055,23335,0.38,2026-01-25
14056,7483,5.59,2026-01-25
14057,18188,0.99,2026-01-25
14058,8805,8.40,2026-01-25
14059,19692,1.04,2026-01-25
14060,22888,25.00,2026-01-25
14061,11034,0.70,2026-01-25
14062,15979,6.50,2026-01-25
14063,8188,0.24,2026-01-25
14064,11718,3.30,2026-01-25
14065,16729,0.11,2026-01-25
14066,17388,0.27,2026-01-25
14067,1260,0.08,2026-01-25
14068,13435,0.25,2026-01-25
14069,16970,1.24,2026-01-25
14070,8616,2.52,2026-01-25
14071,16776,0.28,2026-01-25
14072,16883,1.01,2026-01-25
14073,7247,0.52,2026-01-25
14074,13492,1.25,2026-01-25
14075,13414,0.28,2026-01-25
14076,12224,1.09,2026-01-25
14077,24446,0.48,2026-01-25
14078,24667,0.87,2026-01-25
14079,17370,6.33,2026-01-25
14080,25291,1.52,2026-01-25
14081,7064,1.59,2026-01-25
14082,19364,0.53,2026-01-25
14083,1122,2.04,2026-01-25
14084,7844,1.70,2026-01-25
14085,20341,0.70,2026-01-25
14086,7970,0.10,2026-01-25
14087,15107,0.23,2026-01-25
14088,5327,6.37,2026-01-25
14089,14730,14.99,2026-01-25
14090,14042,0.71,2026-01-25
14091,20936,3.18,2026-01-25
14092,16913,0.41,2026-01-25
14093,17120,3.15,2026-01-25
14094,22259,0.26,2026-01-25
14095,9339,0.53,2026-01-25
14096,16227,50.18,2026-01-25
14097,19978,0.15,2026-01-25
14098,20662,0.54,2026-01-25
14099,6287,1.56,2026-01-25
14100,4733,2.05,2026-01-25
14101,23952,22.74,2026-01-25
14102,17850,9.36,2026-01-25
14103,21135,2.83,2026-01-25
14104,12116,1.04,2026-01-25
14105,17592,8.52,2026-01-25
14106,513,1.26,2026-01-25
14107,4759,6.92,2026-01-25
14108,17302,1.30,2026-01-25
14109,16682,20.14,2026-01-25
14110,26864,2.51,2026-01-25
14111,15919,3.73,2026-01-25
14112,18693,3.75,2026-01-25
14113,22348,0.57,2026-01-25
14114,16977,0.18,2026-01-25
14115,3761,4.84,2026-01-25
14116,5334,1.79,2026-01-25
14117,1811,5.56,2026-01-25
14118,25787,0.78,2026-01-25
14119,7364,2.83,2026-01-25
14120,2305,0.85,2026-01-25
14121,11305,17.75,2026-01-25
14122,20828,1.39,2026-01-25
14123,3874,21.78,2026-01-25
14124,18987,0.49,2026-01-25
14125,12534,3.57,2026-01-25
14126,22338,0.78,2026-01-25
14127,7638,1.27,2026-01-25
14128,21847,0.56,2026-01-25
14129,25425,0.41,2026-01-25
14130,11506,13.33,2026-01-25
14131,9520,0.46,2026-01-25
14132,20273,0.89,2026-01-25
14133,13821,1.36,2026-01-25
14134,10258,3.77,2026-01-25
14135,18594,6.04,2026-01-25
14136,2634,0.15,2026-01-25
14137,8113,0.33,2026-01-25
14138,10543,0.16,2026-01-25
14139,15255,0.31,2026-01-25
14140,10927,0.66,2026-01-25
14141,22100,1.14,2026-01-25
14142,24624,4.02,2026-01-25
14143,24778,6.53,2026-01-25
14144,18053,0.22,2026-01-25
14145,7054,0.40,2026-01-25
14146,12709,0.28,2026-01-25
14147,6088,1.23,2026-01-25
14148,21588,0.20,2026-01-25
14149,27071,1.00,2026-01-25
14150,6666,0.31,2026-01-25
14151,10813,3.69,2026-01-25
14152,8169,4.68,2026-01-25
14153,20623,0.35,2026-01-25
14154,13529,0.96,2026-01-25
14155,12302,0.32,2026-01-25
14156,14467,1.78,2026-01-25
14157,14572,4.76,2026-01-25
14158,3738,24.99,2026-01-25
14159,17821,0.45,2026-01-25
14160,358,1.48,2026-01-25
14161,19903,2.69,2026-01-25
14162,25623,0.25,2026-01-25
14163,3041,0.57,2026-01-25
14164,23695,0.88,2026-01-25
14165,20126,13.46,2026-01-25
14166,61,0.55,2026-01-25
14167,11246,1.06,2026-01-25
14168,9367,0.73,2026-01-25
14169,23104,0.75,2026-01-25
14170,6559,0.47,2026-01-25
14171,25843,0.31,2026-01-25
14172,16925,0.11,2026-01-25
14173,25614,0.27,2026-01-25
14174,24775,0.37,2026-01-25
14175,13844,7.33,2026-01-25
14176,7360,9.92,2026-01-25
14177,20035,1.62,2026-01-25
14178,9073,0.34,2026-01-25
14179,2977,2.83,2026-01-25
14180,21183,0.46,2026-01-25
14181,17649,1.09,2026-01-25
14182,3107,0.48,2026-01-25
14183,5024,0.46,2026-01-25
14184,18709,10.50,2026-01-25
14185,9588,0.38,2026-01-25
14186,1616,2.82,2026-01-25
14187,9617,2.75,2026-01-25
14188,16397,0.23,2026-01-25
14189,24025,0.48,2026-01-25
14190,6085,11.34,2026-01-25
14191,6845,0.45,2026-01-25
14192,17243,1.13,2026-01-25
14193,8784,5.83,2026-01-25
14194,16476,49.45,2026-01-25
14195,2595,0.25,2026-01-25
14196,14546,0.14,2026-01-25
14197,21580,1.02,2026-01-25
14198,3719,9.79,2026-01-25
14199,16318,1.56,2026-01-25
14200,11100,3.73,2026-01-25
14201,16222,15.89,2026-01-25
14202,11870,5.30,2026-01-25
14203,9287,31.49,2026-01-25
14204,8853,0.15,2026-01-25
14205,2239,0.36,2026-01-25
14206,26241,1.46,2026-01-25
14207,23908,6.47,2026-01-25
14208,8396,0.14,2026-01-25
14209,4058,0.34,2026-01-25
14210,24379,2.36,2026-01-25
14211,4719,18.73,2026-01-25
14212,16964,0.29,2026-01-25
14213,13294,1.31,2026-01-25
14214,3121,1.92,2026-01-25
14215,21077,7.91,2026-01-25
14216,17992,16.88,2026-01-25
14217,21029,5.80,2026-01-25
14218,4372,0.44,2026-01-25
14219,11225,3.42,2026-01-25
14220,22931,8.48,2026-01-25
14221,23326,0.28,2026-01-25
14222,17201,3.82,2026-01-25
14223,3138,3.07,2026-01-25
14224,20066,12.87,2026-01-25
14225,16754,3.38,2026-01-25
14226,12686,499.99,2026-01-25
14227,15345,0.34,2026-01-25
14228,9978,12.45,2026-01-25
14229,13877,0.25,2026-01-25
14230,25068,2.55,2026-01-25
14231,10184,5.49,2026-01-25
14232,18064,0.40,2026-01-25
14233,11131,7.86,2026-01-25
14234,18589,0.17,2026-01-25
14235,2282,0.37,2026-01-25
14236,2279,16.31,2026-01-25
14237,6484,59.99,2026-01-25
14238,7493,8.96,2026-01-25
14239,7492,2.14,2026-01-25
14240,13698,1.66,2026-01-25
14241,16388,0.66,2026-01-25
14242,9638,5.66,2026-01-25
14243,12835,20.34,2026-01-25
14244,26696,0.49,2026-01-25
14245,5039,0.22,2026-01-25
14246,9775,0.52,2026-01-25
14247,5911,0.26,2026-01-25
14248,1806,1.04,2026-01-25
14249,16672,0.44,2026-01-25
14250,3973,0.24,2026-01-25
14251,19305,25.91,2026-01-25
14252,17672,11.18,2026-01-25
14253,595,0.37,2026-01-25
14254,26433,5.21,2026-01-25
14255,22199,0.63,2026-01-25
14256,23718,4.80,2026-01-25
14257,16415,0.19,2026-01-25
14258,7234,0.62,2026-01-25
14259,26351,0.28,2026-01-25
14260,24323,0.84,2026-01-25
14261,3546,0.96,2026-01-25
14262,12229,2.49,2026-01-25
14263,2252,0.31,2026-01-25
14264,26514,1.11,2026-01-25
14265,2435,0.90,2026-01-25
14266,10214,1.54,2026-01-25
14267,22817,0.53,2026-01-25
14268,25085,0.36,2026-01-25
14269,18828,0.17,2026-01-25
14270,11793,0.61,2026-01-25
14271,19514,450.00,2026-01-25
14272,20514,0.43,2026-01-25
14273,21840,6.81,2026-01-25
14274,3039,1.86,2026-01-25
14275,10815,0.78,2026-01-25
14276,5824,0.25,2026-01-25
14277,2729,1.31,2026-01-25
14278,16075,7.19,2026-01-25
14279,19689,0.27,2026-01-25
14280,25018,0.52,2026-01-25
14281,20315,0.31,2026-01-25
14282,23520,0.15,2026-01-25
14283,18379,1.01,2026-01-25
14284,19770,0.96,2026-01-25
14285,17824,0.55,2026-01-25
14286,15811,0.41,2026-01-25
14287,18172,5.30,2026-01-25
14288,14505,0.22,2026-01-25
14289,9546,0.92,2026-01-25
14290,27027,0.18,2026-01-25
14291,10110,0.42,2026-01-25
14292,1721,3.17,2026-01-25
14293,21230,0.28,2026-01-25
14294,11886,0.35,2026-01-25
14295,8536,0.37,2026-01-25
14296,9663,0.23,2026-01-25
14297,23519,9.51,2026-01-25
14298,4185,47.72,2026-01-25
14299,25707,0.23,2026-01-25
14300,14147,0.79,2026-01-25
14301,24198,0.28,2026-01-25
14302,6927,4.64,2026-01-25
14303,8665,0.25,2026-01-25
14304,6079,0.64,2026-01-25
14305,24343,1.07,2026-01-25
14306,649,17.45,2026-01-25
14307,3763,0.65,2026-01-25
14308,18032,10.31,2026-01-25
14309,15053,1.79,2026-01-25
14310,10526,1.33,2026-01-25
14311,15843,0.21,2026-01-25
14312,7551,1.91,2026-01-25
14313,12496,0.47,2026-01-25
14314,16017,7.74,2026-01-25
14315,11885,17.42,2026-01-25
14316,10692,1.68,2026-01-25
14317,23197,1.51,2026-01-25
14318,26871,1.46,2026-01-25
14319,15830,5.24,2026-01-25
14320,20759,0.35,2026-01-25
14321,14849,1.08,2026-01-25
14322,3792,0.97,2026-01-25
14323,9438,7.07,2026-01-25
14324,18591,0.47,2026-01-25
14325,22518,0.55,2026-01-25
14326,19459,0.26,2026-01-25
14327,10812,0.48,2026-01-25
14328,20468,0.62,2026-01-25
14329,19701,5.53,2026-01-25
14330,22901,0.31,2026-01-25
14331,15894,0.71,2026-01-25
14332,16585,0.42,2026-01-25
14333,15200,6.14,2026-01-25
14334,9908,0.61,2026-01-25
14335,26427,4.53,2026-01-25
14336,23120,1.21,2026-01-25
14337,4069,1.19,2026-01-25
14338,3888,0.38,2026-01-25
14339,12270,0.77,2026-01-25
14340,4614,0.22,2026-01-25
14341,17674,0.31,2026-01-25
14342,15524,0.40,2026-01-25
14343,14066,0.15,2026-01-25
14344,12004,0.25,2026-01-25
14345,12202,0.10,2026-01-25
14346,14564,1.46,2026-01-25
14347,26294,0.48,2026-01-25
14348,13055,0.86,2026-01-25
14349,18745,0.94,2026-01-25
14350,13622,2.52,2026-01-25
14351,1863,21.43,2026-01-25
14352,7657,1.31,2026-01-25
14353,16649,0.55,2026-01-25
14354,6095,9.08,2026-01-25
14355,2886,0.57,2026-01-25
14356,16826,3.73,2026-01-25
14357,1469,0.57,2026-01-25
14358,24712,1.33,2026-01-25
14359,247,2.26,2026-01-25
14360,12891,16.71,2026-01-25
14361,5456,50.81,2026-01-25
14362,18335,0.62,2026-01-25
14363,25951,0.12,2026-01-25
14364,5102,0.24,2026-01-25
14365,18059,0.55,2026-01-25
14366,23690,0.26,2026-01-25
14367,7350,0.31,2026-01-25
14368,26069,0.68,2026-01-25
14369,8063,0.19,2026-01-25
14370,13918,0.34,2026-01-25
14371,556,17.28,2026-01-25
14372,22712,48.16,2026-01-25
14373,12578,0.43,2026-01-25
14374,25629,0.60,2026-01-25
14375,16319,0.53,2026-01-25
14376,18747,0.28,2026-01-25
14377,12991,2.07,2026-01-25
14378,1735,12.20,2026-01-25
14379,17276,0.61,2026-01-25
14380,3190,4.25,2026-01-25
14381,18862,1.18,2026-01-25
14382,18291,2.52,2026-01-25
14383,16494,0.79,2026-01-25
14384,5092,6.97,2026-01-25
14385,17348,0.24,2026-01-25
14386,4306,0.46,2026-01-25
14387,18368,0.77,2026-01-25
14388,12485,0.29,2026-01-25
14389,20297,0.42,2026-01-25
14390,23815,3.22,2026-01-25
14391,22593,0.11,2026-01-25
14392,5107,0.40,2026-01-25
14393,6158,0.45,2026-01-25
14394,5290,0.48,2026-01-25
14395,18130,0.89,2026-01-25
14396,12549,0.97,2026-01-25
14397,21597,12.86,2026-01-25
14398,3117,0.11,2026-01-25
14399,27059,0.26,2026-01-25
14400,4230,0.72,2026-01-25
14401,12633,15.61,2026-01-25
14402,15155,1.93,2026-01-25
14403,13242,0.58,2026-01-25
14404,23166,4.66,2026-01-25
14405,19091,0.36,2026-01-25
14406,6093,1.92,2026-01-25
14407,14975,0.35,2026-01-25
14408,2653,1.18,2026-01-25
14409,13813,0.49,2026-01-25
14410,2768,0.20,2026-01-25
14411,8724,0.21,2026-01-25
14412,20827,0.40,2026-01-25
14413,2042,0.62,2026-01-25
14414,17878,3.33,2026-01-25
14415,14950,1.64,2026-01-25
14416,8695,1.22,2026-01-25
14417,17000,7.09,2026-01-25
14418,18052,14.99,2026-01-25
14419,14193,4.79,2026-01-25
14420,18695,0.24,2026-01-25
14421,14436,0.60,2026-01-25
14422,25187,0.31,2026-01-25
14423,25441,0.82,2026-01-25
14424,21812,109.03,2026-01-25
14425,2320,0.34,2026-01-25
14426,2598,0.55,2026-01-25
14427,11639,0.15,2026-01-25
14428,9194,0.47,2026-01-25
14429,1488,0.47,2026-01-25
14430,13513,8.30,2026-01-25
14431,17739,3.86,2026-01-25
14432,21141,48.00,2026-01-25
14433,8715,2.16,2026-01-25
14434,22392,0.52,2026-01-25
14435,2844,0.20,2026-01-25
14436,21260,0.19,2026-01-25
14437,22950,1.63,2026-01-25
14438,10385,0.79,2026-01-25
14439,19392,0.56,2026-01-25
14440,21823,63.30,2026-01-25
14441,20668,1.54,2026-01-25
14442,3733,13.00,2026-01-25
14443,4610,0.27,2026-01-25
14444,17161,1.46,2026-01-25
14445,620,0.13,2026-01-25
14446,3130,0.32,2026-01-25
14447,9580,0.30,2026-01-25
14448,11257,0.96,2026-01-25
14449,6708,0.83,2026-01-25
14450,5382,0.47,2026-01-25
14451,22944,9.16,2026-01-25
14452,22783,0.18,2026-01-25
14453,25023,0.75,2026-01-25
14454,27061,0.94,2026-01-25
14455,24665,32.47,2026-01-25
14456,22235,4.19,2026-01-25
14457,21930,15.99,2026-01-25
14458,9046,0.51,2026-01-25
14459,888,2.13,2026-01-25
14460,15353,0.40,2026-01-25
14461,21560,6.07,2026-01-25
14462,37,0.24,2026-01-25
14463,17436,0.41,2026-01-25
14464,2445,0.62,2026-01-25
14465,10677,0.39,2026-01-25
14466,19841,40.73,2026-01-25
14467,12759,1.06,2026-01-25
14468,221,1.13,2026-01-25
14469,23540,0.26,2026-01-25
14470,26005,0.72,2026-01-25
14471,11832,0.60,2026-01-25
14472,23495,4.13,2026-01-25
14473,9601,0.12,2026-01-25
14474,12286,0.28,2026-01-25
14475,8326,2.45,2026-01-25
14476,14697,0.45,2026-01-25
14477,10665,20.00,2026-01-25
14478,3815,0.76,2026-01-25
14479,12518,0.61,2026-01-25
14480,670,16.75,2026-01-25
14481,6584,71.71,2026-01-25
14482,16777,0.22,2026-01-25
14483,22366,0.34,2026-01-25
14484,6022,1.80,2026-01-25
14485,4644,0.53,2026-01-25
14486,17795,0.91,2026-01-25
14487,6370,1.89,2026-01-25
14488,4063,0.35,2026-01-25
14489,19609,11.13,2026-01-25
14490,22592,0.09,2026-01-25
14491,18139,0.19,2026-01-25
14492,26360,0.20,2026-01-25
14493,23305,0.31,2026-01-25
14494,25710,0.45,2026-01-25
14495,25069,0.72,2026-01-25
14496,18845,0.66,2026-01-25
14497,11940,0.32,2026-01-25
14498,2753,1.95,2026-01-25
14499,8756,9.01,2026-01-25
14500,4478,17.47,2026-01-25
14501,14313,0.74,2026-01-25
14502,4726,3.08,2026-01-25
14503,25762,0.21,2026-01-25
14504,7520,0.95,2026-01-25
14505,3006,0.16,2026-01-25
14506,18162,0.35,2026-01-25
14507,3613,8.22,2026-01-25
14508,8497,24.73,2026-01-25
14509,1717,3.72,2026-01-25
14510,24899,1.15,2026-01-25
14511,26655,1.33,2026-01-25
14512,22726,1.10,2026-01-25
14513,2992,1.57,2026-01-25
14514,8631,7.51,2026-01-25
14515,12262,93.11,2026-01-25
14516,27024,102.50,2026-01-25
14517,23976,0.97,2026-01-25
14518,22475,1.68,2026-01-25
14519,20748,0.82,2026-01-25
14520,23552,4.87,2026-01-25
14521,2251,7.02,2026-01-25
14522,16112,0.50,2026-01-25
14523,6263,1.31,2026-01-25
14524,2947,1.39,2026-01-25
14525,22173,19.99,2026-01-25
14526,10396,0.91,2026-01-25
14527,5226,122.50,2026-01-25
14528,19021,1.16,2026-01-25
14529,23851,1.87,2026-01-25
14530,2067,0.37,2026-01-25
14531,3321,0.11,2026-01-25
14532,13405,0.15,2026-01-25
14533,11463,1.01,2026-01-25
14534,14317,0.25,2026-01-25
14535,25842,1.52,2026-01-25
14536,12107,3.00,2026-01-25
14537,2031,2.06,2026-01-25
14538,22994,2.61,2026-01-25
14539,10435,1.96,2026-01-25
14540,17176,4.20,2026-01-25
14541,12092,23.17,2026-01-25
14542,3509,0.60,2026-01-25
14543,3410,9.08,2026-01-25
14544,7554,1.79,2026-01-25
14545,18377,15.51,2026-01-25
14546,7156,0.47,2026-01-25
14547,21405,4.54,2026-01-25
14548,21050,0.95,2026-01-25
14549,24423,0.58,2026-01-25
14550,15113,0.25,2026-01-25
14551,26101,0.70,2026-01-25
14552,10904,1.65,2026-01-25
14553,14332,28.82,2026-01-25
14554,436,0.28,2026-01-25
14555,1775,9.95,2026-01-25
14556,12332,0.34,2026-01-25
14557,7771,2.23,2026-01-25
14558,16360,0.23,2026-01-25
14559,17591,0.67,2026-01-25
14560,26329,0.85,2026-01-25
14561,20079,0.50,2026-01-25
14562,24940,1.75,2026-01-25
14563,921,7.50,2026-01-25
14564,14478,43.86,2026-01-25
14565,16652,0.34,2026-01-25
14566,11871,0.27,2026-01-25
14567,22753,0.41,2026-01-25
14568,16052,3.34,2026-01-25
14569,2185,0.29,2026-01-25
14570,24793,0.56,2026-01-25
14571,12165,0.34,2026-01-25
14572,18237,8.04,2026-01-25
14573,8921,0.32,2026-01-25
14574,9536,6.51,2026-01-25
14575,12039,0.28,2026-01-25
14576,7085,0.89,2026-01-25
14577,6843,1.29,2026-01-25
14578,4030,0.39,2026-01-25
14579,22748,1.44,2026-01-25
14580,4466,0.41,2026-01-25
14581,8779,1.40,2026-01-25
14582,23770,5.54,2026-01-25
14583,6420,0.39,2026-01-25
14584,6837,0.68,2026-01-25
14585,13962,0.36,2026-01-25
14586,14662,1.16,2026-01-25
14587,19346,0.22,2026-01-25
14588,20015,0.50,2026-01-25
14589,17324,0.19,2026-01-25
14590,20001,0.33,2026-01-25
14591,3307,7.08,2026-01-25
14592,18559,0.28,2026-01-25
14593,6469,0.49,2026-01-25
14594,11510,0.13,2026-01-25
14595,7794,0.28,2026-01-25
14596,17231,0.60,2026-01-25
14597,11256,7.39,2026-01-25
14598,23590,2.19,2026-01-25
14599,12272,10.72,2026-01-25
14600,105,0.29,2026-01-25
14601,18406,1.19,2026-01-25
14602,22717,1.87,2026-01-25
14603,14107,1.07,2026-01-25
14604,24791,0.40,2026-01-25
14605,12401,3.94,2026-01-25
14606,13956,1.16,2026-01-25
14607,4765,6.63,2026-01-25
14608,13432,1.38,2026-01-25
14609,18714,6.53,2026-01-25
14610,24599,0.30,2026-01-25
14611,14728,3.43,2026-01-25
14612,7358,0.27,2026-01-25
14613,15028,0.68,2026-01-25
14614,23604,0.82,2026-01-25
14615,17890,0.99,2026-01-25
14616,2201,0.31,2026-01-25
14617,4779,0.88,2026-01-25
14618,17333,0.39,2026-01-25
14619,3023,4.56,2026-01-25
14620,15642,1.63,2026-01-25
14621,14960,0.72,2026-01-25
14622,14545,0.24,2026-01-25
14623,2194,1.34,2026-01-25
14624,22813,0.46,2026-01-25
14625,6083,3.39,2026-01-25
14626,25744,0.25,2026-01-25
14627,16414,0.49,2026-01-25
14628,17689,0.21,2026-01-25
14629,15713,0.84,2026-01-25
14630,1280,0.59,2026-01-25
14631,26471,2.02,2026-01-25
14632,1924,2.35,2026-01-25
14633,18349,16.65,2026-01-25
14634,21129,0.26,2026-01-25
14635,24924,0.51,2026-01-25
14636,12890,1.42,2026-01-25
14637,5192,3.75,2026-01-25
14638,22341,0.35,2026-01-25
14639,3866,0.41,2026-01-25
14640,18799,0.40,2026-01-25
14641,19142,9.79,2026-01-25
14642,25509,0.36,2026-01-25
14643,26330,0.50,2026-01-25
14644,17136,0.14,2026-01-25
14645,4452,0.37,2026-01-25
14646,18355,0.14,2026-01-25
14647,722,0.34,2026-01-25
14648,17470,0.22,2026-01-25
14649,14868,0.65,2026-01-25
14650,22105,0.41,2026-01-25
14651,2118,4.24,2026-01-25
14652,16088,1.46,2026-01-25
14653,7472,7.97,2026-01-25
14654,2777,1.72,2026-01-25
14655,11739,1.04,2026-01-25
14656,8309,0.81,2026-01-25
14657,499,3.33,2026-01-25
14658,23644,0.60,2026-01-25
14659,6731,3.26,2026-01-25
14660,18073,0.16,2026-01-25
14661,25939,0.38,2026-01-25
14662,26211,0.21,2026-01-25
14663,12544,0.80,2026-01-25
14664,21017,21.33,2026-01-25
14665,16700,38.72,2026-01-25
14666,6799,2.43,2026-01-25
14667,107,1.39,2026-01-25
14668,21849,12.00,2026-01-25
14669,22463,0.30,2026-01-25
14670,2486,18.46,2026-01-25
14671,11480,0.52,2026-01-25
14672,22291,0.13,2026-01-25
14673,18042,0.33,2026-01-25
14674,11012,0.34,2026-01-25
14675,11005,3.96,2026-01-25
14676,13624,0.48,2026-01-25
14677,7413,9.08,2026-01-25
14678,7033,1.94,2026-01-25
14679,3587,0.52,2026-01-25
14680,18499,0.28,2026-01-25
14681,24577,8.16,2026-01-25
14682,26133,0.21,2026-01-25
14683,17492,0.72,2026-01-25
14684,8678,2.11,2026-01-25
14685,19351,2.03,2026-01-25
14686,6768,0.20,2026-01-25
14687,25526,0.29,2026-01-25
14688,23080,0.98,2026-01-25
14689,18176,5.11,2026-01-25
14690,6776,0.28,2026-01-25
14691,16603,0.37,2026-01-25
14692,13602,48.87,2026-01-25
14693,1857,0.51,2026-01-25
14694,14611,3.95,2026-01-25
14695,19990,18.10,2026-01-25
14696,3598,0.59,2026-01-25
14697,15498,5.31,2026-01-25
14698,1564,0.23,2026-01-25
14699,22350,1.74,2026-01-25
14700,24747,0.33,2026-01-25
14701,10202,3.09,2026-01-25
14702,23923,0.49,2026-01-25
14703,2485,0.83,2026-01-25
14704,11155,0.46,2026-01-25
14705,24847,0.19,2026-01-25
14706,6429,0.24,2026-01-25
14707,13909,0.41,2026-01-25
14708,18509,0.57,2026-01-25
14709,3749,0.91,2026-01-25
14710,8655,1.93,2026-01-25
14711,16219,10.57,2026-01-25
14712,10121,3.02,2026-01-25
14713,18631,1.04,2026-01-25
14714,16105,0.24,2026-01-25
14715,23891,0.49,2026-01-25
14716,24544,49.99,2026-01-25
14717,10004,8.93,2026-01-25
14718,9001,0.58,2026-01-25
14719,10690,12.88,2026-01-25
14720,16377,7.47,2026-01-25
14721,4195,17.26,2026-01-25
14722,13781,23.31,2026-01-25
14723,741,0.20,2026-01-25
14724,18055,1.26,2026-01-25
14725,18015,0.54,2026-01-25
14726,3053,0.39,2026-01-25
14727,12463,0.30,2026-01-25
14728,26985,0.82,2026-01-25
14729,25482,16.99,2026-01-25
14730,11818,0.46,2026-01-25
14731,88,1.86,2026-01-25
14732,8886,0.13,2026-01-25
14733,4606,0.49,2026-01-25
14734,21264,0.32,2026-01-25
14735,22006,0.82,2026-01-25
14736,14023,152.11,2026-01-25
14737,9315,19.26,2026-01-25
14738,12271,1.67,2026-01-25
14739,9727,0.56,2026-01-25
14740,1391,11.28,2026-01-25
14741,10152,41.40,2026-01-25
14742,22220,11.19,2026-01-25
14743,2579,0.38,2026-01-25
14744,7409,1.01,2026-01-25
14745,496,0.46,2026-01-25
14746,2963,1.10,2026-01-25
14747,4956,0.32,2026-01-25
14748,18956,1.90,2026-01-25
14749,25674,49.20,2026-01-25
14750,1148,0.62,2026-01-25
14751,19612,0.57,2026-01-25
14752,4785,0.27,2026-01-25
14753,17719,0.58,2026-01-25
14754,4933,0.21,2026-01-25
14755,20643,0.28,2026-01-25
14756,12957,0.11,2026-01-25
14757,12264,1.12,2026-01-25
14758,17776,5.88,2026-01-25
14759,26900,2.12,2026-01-25
14760,9696,1.09,2026-01-25
14761,25217,5.98,2026-01-25
14762,7444,29.33,2026-01-25
14763,14588,0.92,2026-01-25
14764,19717,2.99,2026-01-25
14765,5225,11.21,2026-01-25
14766,23065,8.26,2026-01-25
14767,22039,0.60,2026-01-25
14768,6450,11.35,2026-01-25
14769,8354,2.22,2026-01-25
14770,24816,0.37,2026-01-25
14771,16584,0.15,2026-01-25
14772,10448,0.35,2026-01-25
14773,23309,1.92,2026-01-25
14774,2881,167.19,2026-01-25
14775,22643,0.47,2026-01-25
14776,25995,1.99,2026-01-25
14777,21429,0.90,2026-01-25
14778,22158,1.34,2026-01-25
14779,87,0.62,2026-01-25
14780,5880,47.60,2026-01-25
14781,5335,2.13,2026-01-25
14782,8193,7.00,2026-01-25
14783,1055,0.30,2026-01-25
14784,25375,0.66,2026-01-25
14785,13693,4.60,2026-01-25
14786,20312,0.49,2026-01-25
14787,10169,2.10,2026-01-25
14788,7092,1.73,2026-01-25
14789,18006,4.23,2026-01-25
14790,9869,0.13,2026-01-25
14791,4920,0.27,2026-01-25
14792,11350,1.40,2026-01-25
14793,11494,0.85,2026-01-25
14794,24558,0.10,2026-01-25
14795,6470,0.54,2026-01-25
14796,24691,13.80,2026-01-25
14797,24585,151.00,2026-01-25
14798,2181,0.53,2026-01-25
14799,10606,1.16,2026-01-25
14800,12181,0.30,2026-01-25
14801,19222,3.41,2026-01-25
14802,16280,2.16,2026-01-25
14803,4015,13.03,2026-01-25
14804,2023,0.96,2026-01-25
14805,6868,1.83,2026-01-25
14806,704,0.46,2026-01-25
14807,10508,0.66,2026-01-25
14808,8735,0.56,2026-01-25
14809,7282,11.68,2026-01-25
14810,11471,8.48,2026-01-25
14811,25610,2.81,2026-01-25
14812,9004,0.26,2026-01-25
14813,22949,0.92,2026-01-25
14814,9132,0.47,2026-01-25
14815,16635,0.47,2026-01-25
14816,15923,0.43,2026-01-25
14817,26926,0.12,2026-01-25
14818,11119,81.17,2026-01-25
14819,17975,2.96,2026-01-25
14820,21241,5.99,2026-01-25
14821,1680,9.82,2026-01-25
14822,11714,0.44,2026-01-25
14823,12468,1.51,2026-01-25
14824,6531,131.41,2026-01-25
14825,5428,0.28,2026-01-25
14826,21003,0.66,2026-01-25
14827,19163,39.66,2026-01-25
14828,22234,2.28,2026-01-25
14829,20115,0.69,2026-01-25
14830,6949,0.31,2026-01-25
14831,23385,3.17,2026-01-25
14832,9064,0.29,2026-01-25
14833,18818,2.98,2026-01-25
14834,2449,1.94,2026-01-25
14835,13800,1.03,2026-01-25
14836,7753,9.03,2026-01-25
14837,10542,0.39,2026-01-25
14838,227,0.86,2026-01-25
14839,17758,20.64,2026-01-25
14840,4119,0.34,2026-01-25
14841,4786,0.91,2026-01-25
14842,3141,3.91,2026-01-25
14843,23030,3.31,2026-01-25
14844,21294,8.97,2026-01-25
14845,17304,139.17,2026-01-25
14846,19823,0.54,2026-01-25
14847,6981,52.58,2026-01-25
14848,23760,0.91,2026-01-25
14849,12628,0.75,2026-01-25
14850,4989,6.37,2026-01-25
14851,8600,58.71,2026-01-25
14852,2422,3.83,2026-01-25
14853,4127,0.96,2026-01-25
14854,14175,16.50,2026-01-25
14855,4536,0.18,2026-01-25
14856,13671,0.39,2026-01-25
14857,13498,0.97,2026-01-25
14858,10640,4.90,2026-01-25
14859,16125,0.59,2026-01-25
14860,18517,0.94,2026-01-25
14861,4931,0.41,2026-01-25
14862,3518,1.18,2026-01-25
14863,16788,0.83,2026-01-25
14864,3741,0.55,2026-01-25
14865,19546,0.81,2026-01-25
14866,8179,5.56,2026-01-25
14867,25646,0.55,2026-01-25
14868,17369,2.10,2026-01-25
14869,983,0.07,2026-01-25
14870,21463,0.27,2026-01-25
14871,14586,0.21,2026-01-25
14872,4406,1.56,2026-01-25
14873,13541,1.45,2026-01-25
14874,24112,1.23,2026-01-25
14875,21635,0.19,2026-01-25
14876,20654,0.36,2026-01-25
14877,19215,1.97,2026-01-25
14878,12618,5.49,2026-01-25
14879,3736,3.79,2026-01-25
14880,12400,19.69,2026-01-25
14881,17522,1.54,2026-01-25
14882,8900,11.00,2026-01-25
14883,7972,0.52,2026-01-25
14884,17005,3.22,2026-01-25
14885,8171,0.24,2026-01-25
14886,894,2.06,2026-01-25
14887,5730,0.63,2026-01-25
14888,5011,14.32,2026-01-25
14889,176,0.49,2026-01-25
14890,25022,0.23,2026-01-25
14891,16068,1.69,2026-01-25
14892,3292,12.63,2026-01-25
14893,3356,1.37,2026-01-25
14894,6585,14.52,2026-01-25
14895,24451,0.20,2026-01-25
14896,1005,0.95,2026-01-25
14897,22550,0.90,2026-01-25
14898,13450,5.20,2026-01-25
14899,864,1.85,2026-01-25
14900,13445,19.53,2026-01-25
14901,6566,66.59,2026-01-25
14902,6166,16.83,2026-01-25
14903,11837,49.67,2026-01-25
14904,24736,258.32,2026-01-25
14905,19256,0.45,2026-01-25
14906,15609,2.40,2026-01-25
14907,19478,0.27,2026-01-25
14908,14840,0.50,2026-01-25
14909,6851,0.33,2026-01-25
14910,16840,0.94,2026-01-25
14911,15640,0.46,2026-01-25
14912,18398,2.67,2026-01-25
14913,20726,0.27,2026-01-25
14914,22250,1.05,2026-01-25
14915,10788,7.83,2026-01-25
14916,1159,45.39,2026-01-25
14917,26492,0.63,2026-01-25
14918,12261,0.28,2026-01-25
14919,106,1.06,2026-01-25
14920,24631,1.23,2026-01-25
14921,15324,1.25,2026-01-25
14922,25717,0.71,2026-01-25
14923,2500,0.76,2026-01-25
14924,26803,2.04,2026-01-25
14925,18203,1.57,2026-01-25
14926,6965,0.13,2026-01-25
14927,13000,0.55,2026-01-25
14928,10429,0.42,2026-01-25
14929,21602,1.10,2026-01-25
14930,5397,0.93,2026-01-25
14931,9408,5.12,2026-01-25
14932,6891,4.75,2026-01-25
14933,18652,0.37,2026-01-25
14934,13605,4.42,2026-01-25
14935,10680,2.77,2026-01-25
14936,7484,2.37,2026-01-25
14937,9541,10.48,2026-01-25
14938,4501,2.37,2026-01-25
14939,23223,1.77,2026-01-25
14940,13599,24.95,2026-01-25
14941,7702,0.09,2026-01-25
14942,560,0.16,2026-01-25
14943,15928,0.70,2026-01-25
14944,9349,19.43,2026-01-25
14945,26579,42.38,2026-01-25
14946,18253,0.39,2026-01-25
14947,5121,0.97,2026-01-25
14948,22408,28.35,2026-01-25
14949,24100,7.22,2026-01-25
14950,19745,39.99,2026-01-25
14951,22700,0.25,2026-01-25
14952,7450,1.09,2026-01-25
14953,9845,274.54,2026-01-25
14954,13876,0.26,2026-01-25
14955,7103,0.80,2026-01-25
14956,12520,12.76,2026-01-25
14957,11621,6.75,2026-01-25
14958,18479,50.00,2026-01-25
14959,18576,0.41,2026-01-25
14960,3779,0.60,2026-01-25
14961,9987,2.60,2026-01-25
14962,16134,0.80,2026-01-25
14963,22358,0.32,2026-01-25
14964,19949,0.75,2026-01-25
14965,9781,0.47,2026-01-25
14966,1666,2.99,2026-01-25
14967,18337,1.25,2026-01-25
14968,21024,1.97,2026-01-25
14969,1749,1.02,2026-01-25
14970,1988,5.73,2026-01-25
14971,25997,0.49,2026-01-25
14972,19837,2.42,2026-01-25
14973,12751,40.26,2026-01-25
14974,27037,0.29,2026-01-25
14975,19751,1.54,2026-01-25
14976,4308,0.17,2026-01-25
14977,6591,0.08,2026-01-25
14978,25924,0.65,2026-01-25
14979,12486,1.51,2026-01-25
14980,4200,489.99,2026-01-25
14981,20778,0.31,2026-01-25
14982,6829,0.65,2026-01-25
14983,13317,0.17,2026-01-25
14984,7980,0.47,2026-01-25
14985,14119,4.88,2026-01-25
14986,27049,5.74,2026-01-25
14987,6702,33.46,2026-01-25
14988,27006,1.25,2026-01-25
14989,24678,1.66,2026-01-25
14990,22184,0.18,2026-01-25
14991,10921,0.07,2026-01-25
14992,8962,4.27,2026-01-25
14993,24623,1.26,2026-01-25
14994,9675,5.03,2026-01-25
14995,5876,0.33,2026-01-25
14996,4887,0.96,2026-01-25
14997,1732,31.14,2026-01-25
14998,25194,0.25,2026-01-25
14999,8525,2.77,2026-01-25
15000,4903,0.46,2026-01-25
15001,9464,0.19,2026-01-25
15002,19579,0.71,2026-01-25
15003,23057,4.49,2026-01-25
15004,21339,7.61,2026-01-25
15005,17725,5.92,2026-01-25
15006,3783,80.80,2026-01-25
15007,1267,0.54,2026-01-25
15008,1354,65.00,2026-01-25
15009,16421,0.23,2026-01-25
15010,15517,0.59,2026-01-25
15011,22570,0.32,2026-01-25
15012,9284,0.53,2026-01-25
15013,6415,0.48,2026-01-25
15014,26899,0.27,2026-01-25
15015,17738,0.43,2026-01-25
15016,8714,0.15,2026-01-25
15017,24975,0.57,2026-01-25
15018,15427,12.49,2026-01-25
15019,22656,3.13,2026-01-25
15020,778,0.15,2026-01-25
15021,10412,0.30,2026-01-25
15022,3766,0.41,2026-01-25
15023,6001,6.98,2026-01-25
15024,9117,499.99,2026-01-25
15025,11167,0.56,2026-01-25
15026,13687,0.43,2026-01-25
15027,21784,1.76,2026-01-25
15028,2424,8.72,2026-01-25
15029,12776,0.75,2026-01-25
15030,10410,15.17,2026-01-25
15031,4668,2.71,2026-01-25
15032,12225,19.99,2026-01-25
15033,19118,0.29,2026-01-25
15034,1893,0.95,2026-01-25
15035,10551,0.13,2026-01-25
15036,26313,0.48,2026-01-25
15037,1046,0.55,2026-01-25
15038,2069,1.35,2026-01-25
15039,12855,0.94,2026-01-25
15040,21759,6.93,2026-01-25
15041,7653,0.43,2026-01-25
15042,11446,3.04,2026-01-25
15043,11165,0.52,2026-01-25
15044,9910,4.11,2026-01-25
15045,4299,11.14,2026-01-25
15046,15130,1.91,2026-01-25
15047,1264,0.68,2026-01-25
15048,26225,0.24,2026-01-25
15049,14990,0.33,2026-01-25
15050,10166,1.44,2026-01-25
15051,11141,1.35,2026-01-25
15052,1283,32.09,2026-01-25
15053,18049,0.58,2026-01-25
15054,5019,15.40,2026-01-25
15055,1073,10.17,2026-01-25
15056,25184,7.87,2026-01-25
15057,18940,0.40,2026-01-25
15058,21889,2.49,2026-01-25
15059,12152,0.52,2026-01-25
15060,1651,2.54,2026-01-25
15061,54,0.21,2026-01-25
15062,5605,0.43,2026-01-25
15063,9338,1.80,2026-01-25
15064,17583,5.00,2026-01-25
15065,14726,0.56,2026-01-25
15066,1096,3.24,2026-01-25
15067,19634,185.62,2026-01-25
15068,20123,90.81,2026-01-25
15069,18954,0.64,2026-01-25
15070,23754,3.03,2026-01-25
15071,18114,0.73,2026-01-25
15072,25212,10.14,2026-01-25
15073,23659,1.62,2026-01-25
15074,4559,49.94,2026-01-25
15075,22980,2.88,2026-01-25
15076,9662,0.93,2026-01-25
15077,2522,0.17,2026-01-25
15078,10961,0.42,2026-01-25
15079,12575,1.11,2026-01-25
15080,16354,1.42,2026-01-25
15081,17740,0.86,2026-01-25
15082,25981,1.08,2026-01-25
15083,17904,1.23,2026-01-25
15084,559,4.80,2026-01-25
15085,12765,0.30,2026-01-25
15086,15265,1.15,2026-01-25
15087,7062,1.47,2026-01-25
15088,15531,0.63,2026-01-25
15089,17624,0.37,2026-01-25
15090,12015,3.99,2026-01-25
15091,19587,0.60,2026-01-25
15092,19205,2.75,2026-01-25
15093,6699,0.21,2026-01-25
15094,4250,0.34,2026-01-25
15095,7745,1.10,2026-01-25
15096,12806,1.16,2026-01-25
15097,4100,8.42,2026-01-25
15098,17412,15.96,2026-01-25
15099,18238,0.73,2026-01-25
15100,25084,4.26,2026-01-25
15101,12340,0.30,2026-01-25
15102,8038,1.45,2026-01-25
15103,24434,0.51,2026-01-25
15104,19663,7.09,2026-01-25
15105,8289,10.20,2026-01-25
15106,15670,30.00,2026-01-25
15107,15727,75.96,2026-01-25
15108,17439,0.30,2026-01-25
15109,18546,1.44,2026-01-25
15110,2372,0.25,2026-01-25
15111,17851,0.51,2026-01-25
15112,5329,0.62,2026-01-25
15113,20154,59.95,2026-01-25
15114,6036,0.38,2026-01-25
15115,166,1.55,2026-01-25
15116,12600,0.71,2026-01-25
15117,11862,3.60,2026-01-25
15118,12217,0.18,2026-01-25
15119,8689,0.43,2026-01-25
15120,3746,46.78,2026-01-25
15121,12350,0.14,2026-01-25
15122,23515,0.39,2026-01-25
15123,9974,19.37,2026-01-25
15124,13255,3.95,2026-01-25
15125,14334,52.39,2026-01-25
15126,1555,59.78,2026-01-25
15127,18194,0.16,2026-01-25
15128,23216,0.37,2026-01-25
15129,11729,0.67,2026-01-25
15130,22657,0.71,2026-01-25
15131,7267,21.97,2026-01-25
15132,23578,2.10,2026-01-25
15133,4689,11.91,2026-01-25
15134,25220,3.57,2026-01-25
15135,13003,3.27,2026-01-25
15136,6990,23.82,2026-01-25
15137,8142,1.56,2026-01-25
15138,17603,3.03,2026-01-25
15139,10312,0.55,2026-01-25
15140,10958,0.40,2026-01-25
15141,6322,1.14,2026-01-25
15142,18093,0.40,2026-01-25
15143,20910,0.28,2026-01-25
15144,23253,0.18,2026-01-25
15145,14294,0.38,2026-01-25
15146,10883,0.32,2026-01-25
15147,2255,3.70,2026-01-25
15148,2951,0.06,2026-01-25
15149,10218,0.21,2026-01-25
15150,24972,0.16,2026-01-25
15151,20553,0.31,2026-01-25
15152,12338,0.13,2026-01-25
15153,18280,0.27,2026-01-25
15154,26022,5.50,2026-01-25
15155,20653,77.64,2026-01-25
15156,20439,28.49,2026-01-25
15157,16735,39.22,2026-01-25
15158,19943,0.14,2026-01-25
15159,17043,0.43,2026-01-25
15160,22845,14.05,2026-01-25
15161,2474,24.02,2026-01-25
15162,24096,9.64,2026-01-25
15163,17427,0.14,2026-01-25
15164,7735,0.53,2026-01-25
15165,11592,2.13,2026-01-25
15166,15059,1.03,2026-01-25
15167,11752,0.18,2026-01-25
15168,1237,0.40,2026-01-25
15169,4710,0.72,2026-01-25
15170,2260,0.19,2026-01-25
15171,9780,1.02,2026-01-25
15172,26976,0.12,2026-01-25
15173,15050,0.33,2026-01-25
15174,1323,79.53,2026-01-25
15175,23493,12.92,2026-01-25
15176,13601,15.17,2026-01-25
15177,9856,0.32,2026-01-25
15178,1846,0.54,2026-01-25
15179,1036,0.42,2026-01-25
15180,21697,1.01,2026-01-25
15181,1075,13.36,2026-01-25
15182,16339,0.81,2026-01-25
15183,23190,2.83,2026-01-25
15184,12175,0.15,2026-01-25
15185,26431,0.33,2026-01-25
15186,995,0.24,2026-01-25
15187,8734,0.48,2026-01-25
15188,18528,0.37,2026-01-25
15189,7473,3.44,2026-01-25
15190,7006,2.32,2026-01-25
15191,4961,0.77,2026-01-25
15192,21666,2.76,2026-01-25
15193,18192,40.49,2026-01-25
15194,13400,0.93,2026-01-25
15195,26461,3.45,2026-01-25
15196,24046,7.68,2026-01-25
15197,853,1.02,2026-01-25
15198,202,1.04,2026-01-25
15199,25718,6.80,2026-01-25
15200,25456,11.81,2026-01-25
15201,26376,19.90,2026-01-25
15202,26896,0.32,2026-01-25
15203,8487,4.74,2026-01-25
15204,672,7.14,2026-01-25
15205,5957,14.45,2026-01-25
15206,15946,4.66,2026-01-25
15207,25053,7.28,2026-01-25
15208,12294,0.42,2026-01-25
15209,20491,6.19,2026-01-25
15210,4362,0.48,2026-01-25
15211,25021,3.00,2026-01-25
15212,8964,0.67,2026-01-25
15213,11208,10.82,2026-01-25
15214,13505,5.95,2026-01-25
15215,9876,17.57,2026-01-25
15216,22574,0.15,2026-01-25
15217,7664,0.29,2026-01-25
15218,20830,0.56,2026-01-25
15219,5862,0.15,2026-01-25
15220,25628,4.98,2026-01-25
15221,9512,23.71,2026-01-25
15222,4828,501.24,2026-01-25
15223,27045,0.18,2026-01-25
15224,20782,0.47,2026-01-25
15225,20071,0.45,2026-01-25
15226,8823,3.87,2026-01-25
15227,22835,0.28,2026-01-25
15228,25209,1.88,2026-01-25
15229,13184,2.54,2026-01-25
15230,8770,15.94,2026-01-25
15231,23266,39.98,2026-01-25
15232,13736,0.55,2026-01-25
15233,7565,23.58,2026-01-25
15234,22311,1.17,2026-01-25
15235,15026,12.75,2026-01-25
15236,6615,0.10,2026-01-25
15237,3972,0.22,2026-01-25
15238,6888,0.95,2026-01-25
15239,6971,3.38,2026-01-25
15240,8807,0.71,2026-01-25
15241,7561,6.83,2026-01-25
15242,2388,0.39,2026-01-25
15243,911,0.41,2026-01-25
15244,15676,2.63,2026-01-25
15245,8754,0.14,2026-01-25
15246,10734,0.39,2026-01-25
15247,16272,0.12,2026-01-25
15248,10963,0.32,2026-01-25
15249,8604,0.63,2026-01-25
15250,22167,0.78,2026-01-25
15251,16697,0.87,2026-01-25
15252,23074,4.71,2026-01-25
15253,12720,0.20,2026-01-25
15254,25905,0.80,2026-01-25
15255,19549,24.66,2026-01-25
15256,17901,1.40,2026-01-25
15257,1506,2.76,2026-01-25
15258,7326,0.29,2026-01-25
15259,15030,1.06,2026-01-25
15260,22116,0.85,2026-01-25
15261,8768,0.89,2026-01-25
15262,21310,10.34,2026-01-25
15263,7191,0.23,2026-01-25
15264,18041,0.09,2026-01-25
15265,1383,0.47,2026-01-25
15266,14618,74.99,2026-01-25
15267,4361,0.13,2026-01-25
15268,17839,0.47,2026-01-25
15269,21671,0.33,2026-01-25
15270,25713,0.60,2026-01-25
15271,17390,0.26,2026-01-25
15272,19480,1.48,2026-01-25
15273,15147,2.06,2026-01-25
15274,27091,0.53,2026-01-25
15275,4635,0.27,2026-01-25
15276,17559,0.65,2026-01-25
15277,19563,2.00,2026-01-25
15278,27011,0.83,2026-01-25
15279,2482,0.26,2026-01-25
15280,21833,5.00,2026-01-25
15281,22417,0.29,2026-01-25
15282,13837,4.19,2026-01-25
15283,26792,1.18,2026-01-25
15284,14794,6.17,2026-01-25
15285,3226,15.62,2026-01-25
15286,11642,49.99,2026-01-25
15287,6574,21.05,2026-01-25
15288,6233,0.33,2026-01-25
15289,4426,0.82,2026-01-25
15290,15803,33.11,2026-01-25
15291,25757,0.26,2026-01-25
15292,22294,1.46,2026-01-25
15293,11434,7.53,2026-01-25
15294,24340,12.67,2026-01-25
15295,22363,1.29,2026-01-25
15296,1157,0.42,2026-01-25
15297,9637,0.56,2026-01-25
15298,6611,3.09,2026-01-25
15299,1163,0.45,2026-01-25
15300,8313,1.01,2026-01-25
15301,5175,0.25,2026-01-25
15302,20727,1.12,2026-01-25
15303,26592,0.34,2026-01-25
15304,21552,2.41,2026-01-25
15305,6712,0.11,2026-01-25
15306,10307,0.52,2026-01-25
15307,8615,13.64,2026-01-25
15308,7518,199.99,2026-01-25
15309,13778,0.45,2026-01-25
15310,11511,2.84,2026-01-25
15311,567,0.30,2026-01-25
15312,18498,0.65,2026-01-25
15313,6894,0.42,2026-01-25
15314,13260,7.14,2026-01-25
15315,10917,0.35,2026-01-25
15316,15442,2.32,2026-01-25
15317,26738,0.67,2026-01-25
15318,19316,4.86,2026-01-25
15319,1288,12.91,2026-01-25
15320,11384,0.27,2026-01-25
15321,19887,1.71,2026-01-25
15322,26030,0.94,2026-01-25
15323,15271,5.67,2026-01-25
15324,21944,0.75,2026-01-25
15325,18444,5.43,2026-01-25
15326,7496,0.47,2026-01-25
15327,9313,7.32,2026-01-25
15328,10832,0.71,2026-01-25
15329,12868,0.16,2026-01-25
15330,665,0.34,2026-01-25
15331,22038,2.07,2026-01-25
15332,5734,0.99,2026-01-25
15333,12198,0.96,2026-01-25
15334,14721,15.12,2026-01-25
15335,18097,13.57,2026-01-25
15336,7365,0.21,2026-01-25
15337,16550,0.60,2026-01-25
15338,21004,0.25,2026-01-25
15339,9153,0.39,2026-01-25
15340,11264,3.43,2026-01-25
15341,15884,12.26,2026-01-25
15342,26120,0.25,2026-01-25
15343,3588,0.11,2026-01-25
15344,20107,1.35,2026-01-25
15345,11536,1.89,2026-01-25
15346,3619,1.67,2026-01-25
15347,21611,27.32,2026-01-25
15348,19467,1.24,2026-01-25
15349,12949,3.12,2026-01-25
15350,25900,0.32,2026-01-25
15351,3729,3.11,2026-01-25
15352,7281,48.82,2026-01-25
15353,8875,69.74,2026-01-25
15354,9398,545.00,2026-01-25
15355,13444,0.44,2026-01-25
15356,25598,0.93,2026-01-25
15357,23775,0.16,2026-01-25
15358,1018,0.34,2026-01-25
15359,3673,0.20,2026-01-25
15360,20442,0.60,2026-01-25
15361,10443,0.61,2026-01-25
15362,4077,35.80,2026-01-25
15363,1554,0.34,2026-01-25
15364,12425,0.22,2026-01-25
15365,18982,0.24,2026-01-25
15366,23212,0.97,2026-01-25
15367,20855,0.18,2026-01-25
15368,22557,0.52,2026-01-25
15369,11150,8.66,2026-01-25
15370,5447,2.19,2026-01-25
15371,17270,2.27,2026-01-25
15372,26320,6.32,2026-01-25
15373,5493,6.72,2026-01-25
15374,23585,0.76,2026-01-25
15375,3773,11.83,2026-01-25
15376,12358,0.22,2026-01-25
15377,7208,1.55,2026-01-25
15378,3466,2.42,2026-01-25
15379,3005,1.81,2026-01-25
15380,4342,25.46,2026-01-25
15381,14836,1.09,2026-01-25
15382,4282,2.34,2026-01-25
15383,19793,4.80,2026-01-25
15384,9161,18.79,2026-01-25
15385,11565,3.41,2026-01-25
15386,21885,50.00,2026-01-25
15387,11926,0.11,2026-01-25
15388,13264,0.54,2026-01-25
15389,18446,0.31,2026-01-25
15390,15521,3.28,2026-01-25
15391,14490,1.21,2026-01-25
15392,21235,6.04,2026-01-25
15393,17927,0.16,2026-01-25
15394,25777,0.47,2026-01-25
15395,5462,2.23,2026-01-25
15396,863,0.17,2026-01-25
15397,16055,0.32,2026-01-25
15398,4550,0.43,2026-01-25
15399,11531,0.15,2026-01-25
15400,9281,75.00,2026-01-25
15401,4409,11.80,2026-01-25
15402,23100,0.26,2026-01-25
15403,26384,0.63,2026-01-25
15404,9987,2.60,2026-01-25
15405,16134,0.80,2026-01-25
15406,22358,0.32,2026-01-25
15407,19949,0.75,2026-01-25
15408,9781,0.47,2026-01-25
15409,1666,2.99,2026-01-25
15410,18337,1.25,2026-01-25
15411,21024,1.97,2026-01-25
15412,1749,1.02,2026-01-25
15413,1988,5.73,2026-01-25
15414,25997,0.49,2026-01-25
15415,19837,2.42,2026-01-25
15416,12751,40.26,2026-01-25
15417,27037,0.29,2026-01-25
15418,19751,1.54,2026-01-25
15419,4308,0.17,2026-01-25
15420,6591,0.08,2026-01-25
15421,25924,0.65,2026-01-25
15422,12486,1.51,2026-01-25
15423,4200,489.99,2026-01-25
15424,20778,0.31,2026-01-25
15425,6829,0.65,2026-01-25
15426,13317,0.17,2026-01-25
15427,7980,0.47,2026-01-25
15428,14119,4.88,2026-01-25
15429,27049,5.74,2026-01-25
15430,6702,33.46,2026-01-25
15431,27006,1.25,2026-01-25
15432,24678,1.66,2026-01-25
15433,22184,0.18,2026-01-25
15434,10921,0.07,2026-01-25
15435,8962,4.27,2026-01-25
15436,24623,1.26,2026-01-25
15437,9675,5.03,2026-01-25
15438,5876,0.33,2026-01-25
15439,4887,0.96,2026-01-25
15440,1732,31.14,2026-01-25
15441,25194,0.25,2026-01-25
15442,8525,2.77,2026-01-25
15443,4903,0.46,2026-01-25
15444,9464,0.19,2026-01-25
15445,19579,0.71,2026-01-25
15446,23057,4.49,2026-01-25
15447,21339,7.61,2026-01-25
15448,17725,5.92,2026-01-25
15449,3783,80.80,2026-01-25
15450,1267,0.54,2026-01-25
15451,1354,65.00,2026-01-25
15452,16421,0.23,2026-01-25
15453,15517,0.59,2026-01-25
15454,22570,0.32,2026-01-25
15455,9284,0.53,2026-01-25
15456,6415,0.48,2026-01-25
15457,26899,0.27,2026-01-25
15458,17738,0.43,2026-01-25
15459,8714,0.15,2026-01-25
15460,24975,0.57,2026-01-25
15461,15427,12.49,2026-01-25
15462,22656,3.13,2026-01-25
15463,778,0.15,2026-01-25
15464,10412,0.30,2026-01-25
15465,3766,0.41,2026-01-25
15466,6001,6.98,2026-01-25
15467,9117,499.99,2026-01-25
15468,11167,0.56,2026-01-25
15469,13687,0.43,2026-01-25
15470,21784,1.76,2026-01-25
15471,2424,8.72,2026-01-25
15472,12776,0.75,2026-01-25
15473,10410,15.17,2026-01-25
15474,4668,2.71,2026-01-25
15475,12225,19.99,2026-01-25
15476,19118,0.29,2026-01-25
15477,1893,0.95,2026-01-25
15478,10551,0.13,2026-01-25
15479,26313,0.48,2026-01-25
15480,1046,0.55,2026-01-25
15481,2069,1.35,2026-01-25
15482,12855,0.94,2026-01-25
15483,21759,6.93,2026-01-25
15484,7653,0.43,2026-01-25
15485,11446,3.04,2026-01-25
15486,11165,0.52,2026-01-25
15487,9910,4.11,2026-01-25
15488,4299,11.14,2026-01-25
15489,15130,1.91,2026-01-25
15490,1264,0.68,2026-01-25
15491,26225,0.24,2026-01-25
15492,14990,0.33,2026-01-25
15493,10166,1.44,2026-01-25
15494,11141,1.35,2026-01-25
15495,1283,32.09,2026-01-25
15496,18049,0.58,2026-01-25
15497,5019,15.40,2026-01-25
15498,1073,10.17,2026-01-25
15499,25184,7.87,2026-01-25
15500,18940,0.40,2026-01-25
15501,21889,2.49,2026-01-25
15502,12152,0.52,2026-01-25
15503,1651,2.54,2026-01-25
15504,54,0.21,2026-01-25
15505,5605,0.43,2026-01-25
15506,9338,1.80,2026-01-25
15507,17583,5.00,2026-01-25
15508,14726,0.56,2026-01-25
15509,1096,3.24,2026-01-25
15510,19634,185.62,2026-01-25
15511,20123,90.81,2026-01-25
15512,18954,0.64,2026-01-25
15513,23754,3.03,2026-01-25
15514,18114,0.73,2026-01-25
15515,25212,10.14,2026-01-25
15516,23659,1.62,2026-01-25
15517,4559,49.94,2026-01-25
15518,22980,2.88,2026-01-25
15519,9662,0.93,2026-01-25
15520,2522,0.17,2026-01-25
15521,10961,0.42,2026-01-25
15522,12575,1.11,2026-01-25
15523,16354,1.42,2026-01-25
15524,17740,0.86,2026-01-25
15525,25981,1.08,2026-01-25
15526,17904,1.23,2026-01-25
15527,559,4.80,2026-01-25
15528,12765,0.30,2026-01-25
15529,15265,1.15,2026-01-25
15530,7062,1.47,2026-01-25
15531,15531,0.63,2026-01-25
15532,17624,0.37,2026-01-25
15533,12015,3.99,2026-01-25
15534,19587,0.60,2026-01-25
15535,19205,2.75,2026-01-25
15536,6699,0.21,2026-01-25
15537,4250,0.34,2026-01-25
15538,7745,1.10,2026-01-25
15539,12806,1.16,2026-01-25
15540,4100,8.42,2026-01-25
15541,17412,15.96,2026-01-25
15542,18238,0.73,2026-01-25
15543,25084,4.26,2026-01-25
15544,12340,0.30,2026-01-25
15545,8038,1.45,2026-01-25
15546,24434,0.51,2026-01-25
15547,19663,7.09,2026-01-25
15548,8289,10.20,2026-01-25
15549,15670,30.00,2026-01-25
15550,15727,75.96,2026-01-25
15551,17439,0.30,2026-01-25
15552,18546,1.44,2026-01-25
15553,2372,0.25,2026-01-25
15554,17851,0.51,2026-01-25
15555,5329,0.62,2026-01-25
15556,20154,59.95,2026-01-25
15557,6036,0.38,2026-01-25
15558,166,1.55,2026-01-25
15559,12600,0.71,2026-01-25
15560,11862,3.60,2026-01-25
15561,12217,0.18,2026-01-25
15562,8689,0.43,2026-01-25
15563,3746,46.78,2026-01-25
15564,12350,0.14,2026-01-25
15565,23515,0.39,2026-01-25
15566,9974,19.37,2026-01-25
15567,13255,3.95,2026-01-25
15568,14334,52.39,2026-01-25
15569,1555,59.78,2026-01-25
15570,18194,0.16,2026-01-25
15571,23216,0.37,2026-01-25
15572,11729,0.67,2026-01-25
15573,22657,0.71,2026-01-25
15574,7267,21.97,2026-01-25
15575,23578,2.10,2026-01-25
15576,4689,11.91,2026-01-25
15577,25220,3.57,2026-01-25
15578,13003,3.27,2026-01-25
15579,6990,23.82,2026-01-25
15580,8142,1.56,2026-01-25
15581,17603,3.03,2026-01-25
15582,10312,0.55,2026-01-25
15583,10958,0.40,2026-01-25
15584,6322,1.14,2026-01-25
15585,18093,0.40,2026-01-25
15586,20910,0.28,2026-01-25
15587,23253,0.18,2026-01-25
15588,14294,0.38,2026-01-25
15589,10883,0.32,2026-01-25
15590,2255,3.70,2026-01-25
15591,2951,0.06,2026-01-25
15592,10218,0.21,2026-01-25
15593,24972,0.16,2026-01-25
15594,20553,0.31,2026-01-25
15595,12338,0.13,2026-01-25
15596,18280,0.27,2026-01-25
15597,26022,5.50,2026-01-25
15598,20653,77.64,2026-01-25
15599,20439,28.49,2026-01-25
15600,16735,39.22,2026-01-25
15601,19943,0.14,2026-01-25
15602,17043,0.43,2026-01-25
15603,22845,14.05,2026-01-25
15604,2474,24.02,2026-01-25
15605,24096,9.64,2026-01-25
15606,17427,0.14,2026-01-25
15607,7735,0.53,2026-01-25
15608,11592,2.13,2026-01-25
15609,15059,1.03,2026-01-25
15610,11752,0.18,2026-01-25
15611,1237,0.40,2026-01-25
15612,4710,0.72,2026-01-25
15613,2260,0.19,2026-01-25
15614,9780,1.02,2026-01-25
15615,26976,0.12,2026-01-25
15616,15050,0.33,2026-01-25
15617,1323,79.53,2026-01-25
15618,23493,12.92,2026-01-25
15619,13601,15.17,2026-01-25
15620,9856,0.32,2026-01-25
15621,1846,0.54,2026-01-25
15622,1036,0.42,2026-01-25
15623,21697,1.01,2026-01-25
15624,1075,13.36,2026-01-25
15625,16339,0.81,2026-01-25
15626,23190,2.83,2026-01-25
15627,12175,0.15,2026-01-25
15628,26431,0.33,2026-01-25
15629,995,0.24,2026-01-25
15630,8734,0.48,2026-01-25
15631,18528,0.37,2026-01-25
15632,7473,3.44,2026-01-25
15633,7006,2.32,2026-01-25
15634,4961,0.77,2026-01-25
15635,21666,2.76,2026-01-25
15636,18192,40.49,2026-01-25
15637,13400,0.93,2026-01-25
15638,26461,3.45,2026-01-25
15639,24046,7.68,2026-01-25
15640,853,1.02,2026-01-25
15641,202,1.04,2026-01-25
15642,25718,6.80,2026-01-25
15643,25456,11.81,2026-01-25
15644,26376,19.90,2026-01-25
15645,26896,0.32,2026-01-25
15646,8487,4.74,2026-01-25
15647,672,7.14,2026-01-25
15648,5957,14.45,2026-01-25
15649,15946,4.66,2026-01-25
15650,25053,7.28,2026-01-25
15651,12294,0.42,2026-01-25
15652,20491,6.19,2026-01-25
15653,4362,0.48,2026-01-25
15654,25021,3.00,2026-01-25
15655,8964,0.67,2026-01-25
15656,11208,10.82,2026-01-25
15657,13505,5.95,2026-01-25
15658,9876,17.57,2026-01-25
15659,22574,0.15,2026-01-25
15660,7664,0.29,2026-01-25
15661,20830,0.56,2026-01-25
15662,5862,0.15,2026-01-25
15663,25628,4.98,2026-01-25
15664,9512,23.71,2026-01-25
15665,4828,501.24,2026-01-25
15666,27045,0.18,2026-01-25
15667,20782,0.47,2026-01-25
15668,20071,0.45,2026-01-25
15669,8823,3.87,2026-01-25
15670,22835,0.28,2026-01-25
15671,25209,1.88,2026-01-25
15672,13184,2.54,2026-01-25
15673,8770,15.94,2026-01-25
15674,23266,39.98,2026-01-25
15675,13736,0.55,2026-01-25
15676,7565,23.58,2026-01-25
15677,22311,1.17,2026-01-25
15678,15026,12.75,2026-01-25
15679,6615,0.10,2026-01-25
15680,3972,0.22,2026-01-25
15681,6888,0.95,2026-01-25
15682,6971,3.38,2026-01-25
15683,8807,0.71,2026-01-25
15684,7561,6.83,2026-01-25
15685,2388,0.39,2026-01-25
15686,911,0.41,2026-01-25
15687,15676,2.63,2026-01-25
15688,8754,0.14,2026-01-25
15689,10734,0.39,2026-01-25
15690,16272,0.12,2026-01-25
15691,10963,0.32,2026-01-25
15692,8604,0.63,2026-01-25
15693,22167,0.78,2026-01-25
15694,16697,0.87,2026-01-25
15695,23074,4.71,2026-01-25
15696,12720,0.20,2026-01-25
15697,25905,0.80,2026-01-25
15698,19549,24.66,2026-01-25
15699,17901,1.40,2026-01-25
15700,1506,2.76,2026-01-25
15701,7326,0.29,2026-01-25
15702,15030,1.06,2026-01-25
15703,22116,0.85,2026-01-25
15704,8768,0.89,2026-01-25
15705,21310,10.34,2026-01-25
15706,7191,0.23,2026-01-25
15707,18041,0.09,2026-01-25
15708,1383,0.47,2026-01-25
15709,14618,74.99,2026-01-25
15710,4361,0.13,2026-01-25
15711,17839,0.47,2026-01-25
15712,21671,0.33,2026-01-25
15713,25713,0.60,2026-01-25
15714,17390,0.26,2026-01-25
15715,19480,1.48,2026-01-25
15716,15147,2.06,2026-01-25
15717,27091,0.53,2026-01-25
15718,4635,0.27,2026-01-25
15719,17559,0.65,2026-01-25
15720,19563,2.00,2026-01-25
15721,27011,0.83,2026-01-25
15722,2482,0.26,2026-01-25
15723,21833,5.00,2026-01-25
15724,22417,0.29,2026-01-25
15725,13837,4.19,2026-01-25
15726,26792,1.18,2026-01-25
15727,14794,6.17,2026-01-25
15728,3226,15.62,2026-01-25
15729,11642,49.99,2026-01-25
15730,6574,21.05,2026-01-25
15731,6233,0.33,2026-01-25
15732,4426,0.82,2026-01-25
15733,15803,33.11,2026-01-25
15734,25757,0.26,2026-01-25
15735,22294,1.46,2026-01-25
15736,11434,7.53,2026-01-25
15737,24340,12.67,2026-01-25
15738,22363,1.29,2026-01-25
15739,1157,0.42,2026-01-25
15740,9637,0.56,2026-01-25
15741,6611,3.09,2026-01-25
15742,1163,0.45,2026-01-25
15743,8313,1.01,2026-01-25
15744,5175,0.25,2026-01-25
15745,20727,1.12,2026-01-25
15746,26592,0.34,2026-01-25
15747,21552,2.41,2026-01-25
15748,6712,0.11,2026-01-25
15749,10307,0.52,2026-01-25
15750,8615,13.64,2026-01-25
15751,7518,199.99,2026-01-25
15752,13778,0.45,2026-01-25
15753,11511,2.84,2026-01-25
15754,567,0.30,2026-01-25
15755,18498,0.65,2026-01-25
15756,6894,0.42,2026-01-25
15757,13260,7.14,2026-01-25
15758,10917,0.35,2026-01-25
15759,15442,2.32,2026-01-25
15760,26738,0.67,2026-01-25
15761,19316,4.86,2026-01-25
15762,1288,12.91,2026-01-25
15763,11384,0.27,2026-01-25
15764,19887,1.71,2026-01-25
15765,26030,0.94,2026-01-25
15766,15271,5.67,2026-01-25
15767,21944,0.75,2026-01-25
15768,18444,5.43,2026-01-25
15769,7496,0.47,2026-01-25
15770,9313,7.32,2026-01-25
15771,10832,0.71,2026-01-25
15772,12868,0.16,2026-01-25
15773,665,0.34,2026-01-25
15774,22038,2.07,2026-01-25
15775,5734,0.99,2026-01-25
15776,12198,0.96,2026-01-25
15777,14721,15.12,2026-01-25
15778,18097,13.57,2026-01-25
15779,7365,0.21,2026-01-25
15780,16550,0.60,2026-01-25
15781,21004,0.25,2026-01-25
15782,9153,0.39,2026-01-25
15783,11264,3.43,2026-01-25
15784,15884,12.26,2026-01-25
15785,26120,0.25,2026-01-25
15786,3588,0.11,2026-01-25
15787,20107,1.35,2026-01-25
15788,11536,1.89,2026-01-25
15789,3619,1.67,2026-01-25
15790,21611,27.32,2026-01-25
15791,19467,1.24,2026-01-25
15792,12949,3.12,2026-01-25
15793,25900,0.32,2026-01-25
15794,3729,3.11,2026-01-25
15795,7281,48.82,2026-01-25
15796,8875,69.74,2026-01-25
15797,9398,545.00,2026-01-25
15798,13444,0.44,2026-01-25
15799,25598,0.93,2026-01-25
15800,23775,0.16,2026-01-25
15801,1018,0.34,2026-01-25
15802,3673,0.20,2026-01-25
15803,20442,0.60,2026-01-25
15804,10443,0.61,2026-01-25
15805,4077,35.80,2026-01-25
15806,1554,0.34,2026-01-25
15807,12425,0.22,2026-01-25
15808,18982,0.24,2026-01-25
15809,23212,0.97,2026-01-25
15810,20855,0.18,2026-01-25
15811,22557,0.52,2026-01-25
15812,11150,8.66,2026-01-25
15813,5447,2.19,2026-01-25
15814,17270,2.27,2026-01-25
15815,26320,6.32,2026-01-25
15816,5493,6.72,2026-01-25
15817,23585,0.76,2026-01-25
15818,3773,11.83,2026-01-25
15819,12358,0.22,2026-01-25
15820,7208,1.55,2026-01-25
15821,3466,2.42,2026-01-25
15822,3005,1.81,2026-01-25
15823,4342,25.46,2026-01-25
15824,14836,1.09,2026-01-25
15825,4282,2.34,2026-01-25
15826,19793,4.80,2026-01-25
15827,9161,18.79,2026-01-25
15828,11565,3.41,2026-01-25
15829,21885,50.00,2026-01-25
15830,11926,0.11,2026-01-25
15831,13264,0.54,2026-01-25
15832,18446,0.31,2026-01-25
15833,15521,3.28,2026-01-25
15834,14490,1.21,2026-01-25
15835,21235,6.04,2026-01-25
15836,17927,0.16,2026-01-25
15837,25777,0.47,2026-01-25
15838,5462,2.23,2026-01-25
15839,863,0.17,2026-01-25
15840,16055,0.32,2026-01-25
15841,4550,0.43,2026-01-25
15842,11531,0.15,2026-01-25
15843,9281,75.00,2026-01-25
15844,4409,11.80,2026-01-25
15845,23100,0.26,2026-01-25
15846,26384,0.63,2026-01-25
15847,23769,65.99,2026-01-25
15848,3425,0.15,2026-01-25
15849,2605,0.29,2026-01-25
15850,23393,0.17,2026-01-25
15851,10965,0.54,2026-01-25
15852,24122,0.26,2026-01-25
15853,26193,4.28,2026-01-25
15854,14283,0.26,2026-01-25
15855,2085,1.17,2026-01-25
15856,13692,0.10,2026-01-25
15857,25455,0.28,2026-01-25
15858,26582,0.13,2026-01-25
15859,16531,0.19,2026-01-25
15860,10162,0.31,2026-01-25
15861,26679,1.37,2026-01-25
15862,3278,6.97,2026-01-25
15863,25832,17.31,2026-01-25
15864,18788,0.24,2026-01-25
15865,26152,0.58,2026-01-25
15866,3922,1.16,2026-01-25
15867,6678,30.15,2026-01-25
15868,5623,5.39,2026-01-25
15869,24147,0.26,2026-01-25
15870,22462,0.11,2026-01-25
15871,9984,2.60,2026-01-25
15872,15955,5.17,2026-01-25
15873,16813,526.98,2026-01-25
15874,17810,0.80,2026-01-25
15875,4078,12.62,2026-01-25
15876,13749,0.20,2026-01-25
15877,25613,0.38,2026-01-25
15878,7149,3.85,2026-01-25
15879,26078,12.72,2026-01-25
15880,12389,37.51,2026-01-25
15881,3809,25.83,2026-01-25
15882,23941,19.99,2026-01-25
15883,5355,10.83,2026-01-25
15884,15740,46.68,2026-01-25
15885,22085,0.27,2026-01-25
15886,14480,0.77,2026-01-25
15887,14801,1.21,2026-01-25
15888,15806,22.38,2026-01-25
15889,9731,104.98,2026-01-25
15890,24916,4.06,2026-01-25
15891,19082,0.37,2026-01-25
15892,25256,2.87,2026-01-25
15893,18183,2.22,2026-01-25
15894,14047,0.83,2026-01-25
15895,11701,0.74,2026-01-25
15896,4209,8.41,2026-01-25
15897,14151,1.16,2026-01-25
15898,15764,1.42,2026-01-25
15899,24438,5.01,2026-01-25
15900,20202,21.51,2026-01-25
15901,25728,11.15,2026-01-25
15902,2673,3.53,2026-01-25
15903,11619,1.27,2026-01-25
15904,584,3.04,2026-01-25
15905,20441,0.47,2026-01-25
15906,4675,5.81,2026-01-25
15907,3427,1.31,2026-01-25
15908,1151,2.81,2026-01-25
15909,6703,0.21,2026-01-25
15910,9085,4.67,2026-01-25
15911,22247,0.32,2026-01-25
15912,13841,4.37,2026-01-25
15913,12838,34.59,2026-01-25
15914,6404,197.35,2026-01-25
15915,11554,34.99,2026-01-25
15916,9942,73.39,2026-01-25
15917,18166,0.66,2026-01-25
15918,24552,2.90,2026-01-25
15919,23028,0.30,2026-01-25
15920,22878,1.57,2026-01-25
15921,22127,1.23,2026-01-25
15922,26233,19.83,2026-01-25
15923,1958,3.18,2026-01-25
15924,15669,0.18,2026-01-25
15925,13944,0.42,2026-01-25
15926,24207,0.27,2026-01-25
15927,3530,1.26,2026-01-25
15928,5579,108.06,2026-01-25
15929,24830,1.39,2026-01-25
15930,4562,8.93,2026-01-25
15931,16516,0.18,2026-01-25
15932,13759,0.28,2026-01-25
15933,23778,0.52,2026-01-25
15934,14234,4.10,2026-01-25
15935,16031,0.43,2026-01-25
15936,10466,9.98,2026-01-25
15937,13254,2.61,2026-01-25
15938,17138,4.77,2026-01-25
15939,3261,0.32,2026-01-25
15940,6407,2.70,2026-01-25
15941,22288,0.54,2026-01-25
15942,14804,5.49,2026-01-25
15943,21516,0.14,2026-01-25
15944,10887,0.49,2026-01-25
15945,1465,0.41,2026-01-25
15946,15836,0.99,2026-01-25
15947,6957,0.40,2026-01-25
15948,22604,0.47,2026-01-25
15949,7101,0.30,2026-01-25
15950,6856,2.27,2026-01-25
15951,6058,0.37,2026-01-25
15952,10425,0.21,2026-01-25
15953,19049,0.11,2026-01-25
15954,9003,0.74,2026-01-25
15955,13925,5.28,2026-01-25
15956,20499,1.55,2026-01-25
15957,2207,0.30,2026-01-25
15958,3881,0.15,2026-01-25
15959,7799,0.24,2026-01-25
15960,4957,0.12,2026-01-25
15961,25618,0.32,2026-01-25
15962,2489,0.32,2026-01-25
15963,14514,0.89,2026-01-25
15964,15183,0.43,2026-01-25
15965,12097,0.43,2026-01-25
15966,16160,4.99,2026-01-25
15967,20068,0.29,2026-01-25
15968,8546,3.31,2026-01-25
15969,11745,0.09,2026-01-25
15970,2795,0.25,2026-01-25
15971,6229,0.35,2026-01-25
15972,11991,0.56,2026-01-25
15973,20609,3.33,2026-01-25
15974,20353,2.02,2026-01-25
15975,19391,25.37,2026-01-25
15976,2441,2.76,2026-01-25
15977,6428,0.39,2026-01-25
15978,19217,8.70,2026-01-25
15979,15817,1.32,2026-01-25
15980,22499,18.17,2026-01-25
15981,435,200.00,2026-01-25
15982,10082,86.92,2026-01-25
15983,21541,0.10,2026-01-25
15984,11831,0.50,2026-01-25
15985,7082,0.22,2026-01-25
15986,24313,0.43,2026-01-25
15987,24920,3.77,2026-01-25
15988,23435,12.45,2026-01-25
15989,10791,0.16,2026-01-25
15990,6595,0.37,2026-01-25
15991,2050,0.47,2026-01-25
15992,18514,4.13,2026-01-25
15993,19239,5.57,2026-01-25
15994,22309,0.20,2026-01-25
15995,26292,0.48,2026-01-25
15996,23143,0.35,2026-01-25
15997,410,0.84,2026-01-25
15998,8737,27.64,2026-01-25
15999,6725,0.51,2026-01-25
16000,619,3.50,2026-01-25
16001,24831,0.11,2026-01-25
16002,7498,0.36,2026-01-25
16003,13024,0.37,2026-01-25
16004,5444,0.88,2026-01-25
16005,3242,18.09,2026-01-25
16006,25090,0.22,2026-01-25
16007,19687,0.47,2026-01-25
16008,8191,0.84,2026-01-25
16009,1971,8.26,2026-01-25
16010,17275,0.64,2026-01-25
16011,22941,0.33,2026-01-25
16012,25116,0.11,2026-01-25
16013,5769,0.20,2026-01-25
16014,11665,2.61,2026-01-25
16015,4363,650.00,2026-01-25
16016,11370,0.24,2026-01-25
16017,21443,6.41,2026-01-25
16018,8323,0.63,2026-01-25
16019,10139,1.78,2026-01-25
16020,19350,75.00,2026-01-25
16021,4740,43.06,2026-01-25
16022,23164,0.53,2026-01-25
16023,15039,1.04,2026-01-25
16024,17601,4.18,2026-01-25
16025,10485,5.03,2026-01-25
16026,8119,0.26,2026-01-25
16027,14985,0.46,2026-01-25
16028,23667,4.64,2026-01-25
16029,11952,29.98,2026-01-25
16030,11314,0.27,2026-01-25
16031,18961,0.61,2026-01-25
16032,21132,2.30,2026-01-25
16033,15072,1.68,2026-01-25
16034,9539,2.97,2026-01-25
16035,13576,3.33,2026-01-25
16036,25384,1.29,2026-01-25
16037,26855,2.05,2026-01-25
16038,14347,0.92,2026-01-25
16039,4542,6.11,2026-01-25
16040,9037,0.58,2026-01-25
16041,15261,2.98,2026-01-25
16042,22295,3.97,2026-01-25
16043,11584,2.77,2026-01-25
16044,17700,44.56,2026-01-25
16045,3079,0.17,2026-01-25
16046,25558,0.44,2026-01-25
16047,17784,1.31,2026-01-25
16048,12453,4.71,2026-01-25
16049,20304,186.65,2026-01-25
16050,1042,0.31,2026-01-25
16051,20076,0.64,2026-01-25
16052,25612,0.46,2026-01-25
16053,26407,10.67,2026-01-25
16054,22059,0.92,2026-01-25
16055,15082,89.44,2026-01-25
16056,3184,0.41,2026-01-25
16057,17807,3.97,2026-01-25
16058,7128,2.79,2026-01-25
16059,2047,8.50,2026-01-25
16060,25886,0.34,2026-01-25
16061,17048,2.14,2026-01-25
16062,6691,0.34,2026-01-25
16063,361,1.37,2026-01-25
16064,14920,128.27,2026-01-25
16065,23020,0.31,2026-01-25
16066,421,3.74,2026-01-25
16067,11055,0.68,2026-01-25
16068,14571,1.41,2026-01-25
16069,10023,4.82,2026-01-25
16070,5203,6.42,2026-01-25
16071,329,5.77,2026-01-25
16072,26409,5.00,2026-01-25
16073,1682,0.21,2026-01-25
16074,7635,0.10,2026-01-25
16075,11490,0.68,2026-01-25
16076,5080,0.29,2026-01-25
16077,3575,87.28,2026-01-25
16078,25383,120.78,2026-01-25
16079,50,0.59,2026-01-25
16080,6193,4.69,2026-01-25
16081,13916,0.19,2026-01-25
16082,27033,0.47,2026-01-25
16083,20841,12.84,2026-01-25
16084,17511,52.00,2026-01-25
16085,21952,0.33,2026-01-25
16086,8280,4.79,2026-01-25
16087,22138,7.86,2026-01-25
16088,4170,10.42,2026-01-25
16089,1906,0.40,2026-01-25
16090,4408,1.44,2026-01-25
16091,13100,7.21,2026-01-25
16092,4829,1.67,2026-01-25
16093,12781,0.25,2026-01-25
16094,8555,2.16,2026-01-25
16095,21770,0.76,2026-01-25
16096,5744,3.82,2026-01-25
16097,1425,4.59,2026-01-25
16098,15354,1.85,2026-01-25
16099,7598,3.37,2026-01-25
16100,17380,11.45,2026-01-25
16101,20744,13.90,2026-01-25
16102,17687,218.50,2026-01-25
16103,1253,0.86,2026-01-25
16104,21154,3.89,2026-01-25
16105,21988,0.98,2026-01-25
16106,3870,2.12,2026-01-25
16107,1539,75.59,2026-01-25
16108,20275,0.61,2026-01-25
16109,21701,2.45,2026-01-25
16110,4060,0.61,2026-01-25
16111,4712,0.79,2026-01-25
16112,3996,0.22,2026-01-25
16113,22216,0.58,2026-01-25
16114,7229,17.75,2026-01-25
16115,14087,165.12,2026-01-25
16116,4862,0.28,2026-01-25
16117,20381,1.19,2026-01-25
16118,8967,0.60,2026-01-25
16119,12317,74.99,2026-01-25
16120,12804,9.62,2026-01-25
16121,17417,0.76,2026-01-25
16122,13999,14.48,2026-01-25
16123,1976,0.32,2026-01-25
16124,24172,0.47,2026-01-25
16125,6569,0.36,2026-01-25
16126,24471,2.32,2026-01-25
16127,10309,193.28,2026-01-25
16128,15573,0.37,2026-01-25
16129,1127,0.80,2026-01-25
16130,17609,4.60,2026-01-25
16131,5524,1.38,2026-01-25
16132,16393,0.78,2026-01-25
16133,1837,4.25,2026-01-25
16134,3572,0.45,2026-01-25
16135,14943,2.00,2026-01-25
16136,7803,2.14,2026-01-25
16137,23350,8.40,2026-01-25
16138,16202,0.36,2026-01-25
16139,20722,2.26,2026-01-25
16140,3636,0.33,2026-01-25
16141,11340,0.16,2026-01-25
16142,3049,0.36,2026-01-25
16143,13185,0.21,2026-01-25
16144,7779,0.34,2026-01-25
16145,25730,0.60,2026-01-25
16146,2713,0.29,2026-01-25
16147,13639,87.23,2026-01-25
16148,22676,2.46,2026-01-25
16149,24677,152.50,2026-01-25
16150,10727,3.99,2026-01-25
16151,8610,25.92,2026-01-25
16152,21436,0.56,2026-01-25
16153,5255,3.73,2026-01-25
16154,9353,0.54,2026-01-25
16155,9485,4.85,2026-01-25
16156,26191,0.24,2026-01-25
16157,11877,0.44,2026-01-25
16158,24016,1.41,2026-01-25
16159,23496,3.17,2026-01-25
16160,3405,52.35,2026-01-25
16161,10481,0.85,2026-01-25
16162,8630,1.46,2026-01-25
16163,10487,324.99,2026-01-25
16164,19604,1.64,2026-01-25
16165,17860,6.34,2026-01-25
16166,738,0.47,2026-01-25
16167,13241,5.70,2026-01-25
16168,9697,2.74,2026-01-25
16169,20249,19.97,2026-01-25
16170,24115,0.10,2026-01-25
16171,15758,0.21,2026-01-25
16172,26851,4.00,2026-01-25
16173,24921,2.17,2026-01-25
16174,7909,12.61,2026-01-25
16175,4365,177.00,2026-01-25
16176,4894,85.98,2026-01-25
16177,6512,0.23,2026-01-25
16178,17774,0.34,2026-01-25
16179,1045,0.24,2026-01-25
16180,14783,0.35,2026-01-25
16181,24876,0.37,2026-01-25
16182,19124,0.89,2026-01-25
16183,14256,172.65,2026-01-25
16184,8750,0.45,2026-01-25
16185,14041,0.13,2026-01-25
16186,1022,0.37,2026-01-25
16187,7715,3.60,2026-01-25
16188,25644,0.42,2026-01-25
16189,13974,1.32,2026-01-25
16190,18309,5.72,2026-01-25
16191,22344,9.69,2026-01-25
16192,15407,103.49,2026-01-25
16193,24644,0.43,2026-01-25
16194,52,3.27,2026-01-25
16195,10209,0.37,2026-01-25
16196,7731,1.55,2026-01-25
16197,19435,0.19,2026-01-25
16198,13216,0.27,2026-01-25
16199,4152,0.23,2026-01-25
16200,17618,0.59,2026-01-25
16201,26924,0.17,2026-01-25
16202,14454,0.76,2026-01-25
16203,22711,2.29,2026-01-25
16204,11284,0.83,2026-01-25
16205,26140,0.56,2026-01-25
16206,3312,12.02,2026-01-25
16207,17273,0.80,2026-01-25
16208,24500,5.99,2026-01-25
16209,7651,36.66,2026-01-25
16210,9038,17.98,2026-01-25
16211,23248,17.18,2026-01-25
16212,14620,10.55,2026-01-25
16213,3235,12.02,2026-01-25
16214,16969,0.25,2026-01-25
16215,6348,0.66,2026-01-25
16216,23082,3.10,2026-01-25
16217,20320,7.16,2026-01-25
16218,10614,0.17,2026-01-25
16219,13836,0.66,2026-01-25
16220,12722,160.42,2026-01-25
16221,25407,0.23,2026-01-25
16222,2706,0.55,2026-01-25
16223,5993,2.24,2026-01-25
16224,16054,2.84,2026-01-25
16225,13275,0.31,2026-01-25
16226,25168,0.52,2026-01-25
16227,8677,1.19,2026-01-25
16228,1081,4.73,2026-01-25
16229,19981,4.20,2026-01-25
16230,17121,246.81,2026-01-25
16231,18507,1.09,2026-01-25
16232,10014,1.44,2026-01-25
16233,7019,9.64,2026-01-25
16234,17165,1.14,2026-01-25
16235,11625,113.89,2026-01-25
16236,253,0.64,2026-01-25
16237,4407,4.50,2026-01-25
16238,5349,4.80,2026-01-25
16239,17838,32.49,2026-01-25
16240,17321,8.76,2026-01-25
16241,186,3.22,2026-01-25
16242,19520,0.74,2026-01-25
16243,12346,2.17,2026-01-25
16244,11676,2.74,2026-01-25
16245,7879,12.21,2026-01-25
16246,2855,0.60,2026-01-25
16247,18665,2.45,2026-01-25
16248,16546,0.31,2026-01-25
16249,6464,0.49,2026-01-25
16250,17222,4.56,2026-01-25
16251,15174,42.23,2026-01-25
16252,22,0.41,2026-01-25
16253,22537,0.18,2026-01-25
16254,23786,0.31,2026-01-25
16255,12659,4.37,2026-01-25
16256,23321,0.42,2026-01-25
16257,23087,0.20,2026-01-25
16258,9821,0.17,2026-01-25
16259,22620,0.55,2026-01-25
16260,9633,6.70,2026-01-25
16261,26052,2.76,2026-01-25
16262,18929,1.88,2026-01-25
16263,4549,0.13,2026-01-25
16264,7893,0.23,2026-01-25
16265,19876,0.69,2026-01-25
16266,7956,7.56,2026-01-25
16267,18417,0.85,2026-01-25
16268,4652,1.05,2026-01-25
16269,92,0.31,2026-01-25
16270,17325,2.31,2026-01-25
16271,720,0.26,2026-01-25
16272,24554,0.86,2026-01-25
16273,8077,0.24,2026-01-25
16274,3841,0.49,2026-01-25
16275,9585,0.26,2026-01-25
16276,16766,0.63,2026-01-25
16277,1731,0.27,2026-01-25
16278,8763,0.40,2026-01-25
16279,14969,0.41,2026-01-25
16280,19696,6.74,2026-01-25
16281,12607,0.72,2026-01-25
16282,6145,0.26,2026-01-25
16283,13180,1.17,2026-01-25
16284,4571,0.31,2026-01-25
16285,18970,1.50,2026-01-25
16286,11030,0.45,2026-01-25
16287,25967,3.63,2026-01-25
16288,7950,0.46,2026-01-25
16289,2163,1.93,2026-01-25
16290,20293,0.30,2026-01-25
16291,9678,2.72,2026-01-25
16292,1375,4.82,2026-01-25
16293,7368,0.35,2026-01-25
16294,26042,0.70,2026-01-25
16295,12888,0.71,2026-01-25
16296,21626,4.23,2026-01-25
16297,25094,0.39,2026-01-25
16298,7405,6.96,2026-01-25
16299,25029,0.56,2026-01-25
16300,18675,0.21,2026-01-25
16301,24274,0.30,2026-01-25
16302,5960,4.84,2026-01-25
16303,18790,0.11,2026-01-25
16304,26949,0.26,2026-01-25
16305,1387,14.26,2026-01-25
16306,26883,0.26,2026-01-25
16307,26650,0.14,2026-01-25
16308,5416,100.00,2026-01-25
16309,26312,0.54,2026-01-25
16310,16371,6.09,2026-01-25
16311,2692,29.08,2026-01-25
16312,2546,0.53,2026-01-25
16313,3750,2.73,2026-01-25
16314,1934,13.26,2026-01-25
16315,22136,9.98,2026-01-25
16316,4743,5.59,2026-01-25
16317,26882,64.30,2026-01-25
16318,4651,47.33,2026-01-25
16319,15356,37.63,2026-01-25
16320,22716,0.62,2026-01-25
16321,16740,2.88,2026-01-25
16322,2364,0.73,2026-01-25
16323,1922,4.97,2026-01-25
16324,14696,27.24,2026-01-25
16325,7544,0.21,2026-01-25
16326,3791,0.40,2026-01-25
16327,1304,1.95,2026-01-25
16328,22281,11.66,2026-01-25
16329,25176,0.36,2026-01-25
16330,99,1.96,2026-01-25
16331,3007,0.18,2026-01-25
16332,19645,0.21,2026-01-25
16333,6102,0.14,2026-01-25
16334,16960,0.31,2026-01-25
16335,24893,0.34,2026-01-25
16336,2135,0.08,2026-01-25
16337,5617,0.42,2026-01-25
16338,3196,0.81,2026-01-25
16339,18766,0.25,2026-01-25
16340,5320,0.51,2026-01-25
16341,25158,0.61,2026-01-25
16342,14487,0.49,2026-01-25
16343,12025,1.00,2026-01-25
16344,7296,1.06,2026-01-25
16345,26989,0.84,2026-01-25
16346,21103,1.16,2026-01-25
16347,26806,6.58,2026-01-25
16348,25907,23.75,2026-01-25
16349,21708,0.40,2026-01-25
16350,22734,0.95,2026-01-25
16351,13104,0.21,2026-01-25
16352,20450,0.72,2026-01-25
16353,26753,0.39,2026-01-25
16354,14842,7.34,2026-01-25
16355,16060,0.32,2026-01-25
16356,8564,5.06,2026-01-25
16357,18167,0.53,2026-01-25
16358,26041,0.21,2026-01-25
16359,6565,9.01,2026-01-25
16360,21740,63.66,2026-01-25
16361,6679,0.52,2026-01-25
16362,1026,1.52,2026-01-25
16363,8524,0.46,2026-01-25
16364,1402,0.46,2026-01-25
16365,19729,0.10,2026-01-25
16366,189,0.22,2026-01-25
16367,15176,27.60,2026-01-25
16368,4117,7.55,2026-01-25
16369,24761,20.96,2026-01-25
16370,19602,0.19,2026-01-25
16371,11296,0.35,2026-01-25
16372,18779,60.30,2026-01-25
16373,2190,0.48,2026-01-25
16374,12674,56.11,2026-01-25
16375,21315,0.16,2026-01-25
16376,125,0.15,2026-01-25
16377,24854,185.12,2026-01-25
16378,17855,0.47,2026-01-25
16379,15008,0.31,2026-01-25
16380,12473,7.35,2026-01-25
16381,7081,5.69,2026-01-25
16382,20230,0.35,2026-01-25
16383,24746,2.15,2026-01-25
16384,6788,96.20,2026-01-25
16385,19077,0.38,2026-01-25
16386,17512,0.78,2026-01-25
16387,19283,0.90,2026-01-25
16388,11646,0.62,2026-01-25
16389,25659,0.32,2026-01-25
16390,6288,1.99,2026-01-25
16391,5839,0.55,2026-01-25
16392,7954,1.21,2026-01-25
16393,26397,0.58,2026-01-25
16394,13374,4.87,2026-01-25
16395,14453,0.46,2026-01-25
16396,25627,2.46,2026-01-25
16397,24652,0.21,2026-01-25
16398,14882,0.31,2026-01-25
16399,12614,1.57,2026-01-25
16400,1322,9.69,2026-01-25
16401,4126,1.53,2026-01-25
16402,10802,1.86,2026-01-25
16403,4089,0.70,2026-01-25
16404,5857,8.36,2026-01-25
16405,21035,0.13,2026-01-25
16406,20153,0.80,2026-01-25
16407,20786,211.55,2026-01-25
16408,25563,5.65,2026-01-25
16409,20605,12.62,2026-01-25
16410,7864,0.34,2026-01-25
16411,804,0.13,2026-01-25
16412,20638,0.29,2026-01-25
16413,16583,0.42,2026-01-25
16414,15611,0.18,2026-01-25
16415,23159,1.69,2026-01-25
16416,25916,20.58,2026-01-25
16417,11255,274.99,2026-01-25
16418,25874,1.98,2026-01-25
16419,13297,1.79,2026-01-25
16420,18410,0.40,2026-01-25
16421,25736,1.29,2026-01-25
16422,1485,0.29,2026-01-25
16423,6399,2.99,2026-01-25
16424,16534,1.23,2026-01-25
16425,26574,2.51,2026-01-25
16426,8303,50.01,2026-01-25
16427,11801,3.19,2026-01-25
16428,19282,15.16,2026-01-25
16429,9075,250.00,2026-01-25
16430,4210,3.14,2026-01-25
16431,7824,25.53,2026-01-25
16432,8712,1.18,2026-01-25
16433,22784,5.03,2026-01-25
16434,23147,0.42,2026-01-25
16435,18760,0.39,2026-01-25
16436,12440,84.00,2026-01-25
16437,530,3.90,2026-01-25
16438,12383,1.87,2026-01-25
16439,1650,0.23,2026-01-25
16440,18391,0.64,2026-01-25
16441,17032,1.97,2026-01-25
16442,8874,7.95,2026-01-25
16443,21482,0.28,2026-01-25
16444,2316,3.90,2026-01-25
16445,15717,0.13,2026-01-25
16446,15425,0.31,2026-01-25
16447,8639,0.40,2026-01-25
16448,5745,2.59,2026-01-25
16449,70,0.37,2026-01-25
16450,587,1.36,2026-01-25
16451,20563,24.07,2026-01-25
16452,1342,9.79,2026-01-25
16453,5843,0.52,2026-01-25
16454,12707,4.58,2026-01-25
16455,4554,77.35,2026-01-25
16456,1603,14.47,2026-01-25
16457,15809,6.53,2026-01-25
16458,23342,5.38,2026-01-25
16459,7703,0.23,2026-01-25
16460,171,0.57,2026-01-25
16461,1913,0.30,2026-01-25
16462,8838,0.91,2026-01-25
16463,2593,11.42,2026-01-25
16464,21545,0.24,2026-01-25
16465,24737,0.40,2026-01-25
16466,26998,3.53,2026-01-25
16467,16785,13.43,2026-01-25
16468,19951,58.02,2026-01-25
16469,17119,52.06,2026-01-25
16470,2568,4.62,2026-01-25
16471,24934,2.70,2026-01-25
16472,25398,0.34,2026-01-25
16473,7196,0.64,2026-01-25
16474,2934,0.33,2026-01-25
16475,5147,0.70,2026-01-25
16476,17576,0.49,2026-01-25
16477,344,5.25,2026-01-25
16478,7008,0.48,2026-01-25
16479,14062,0.74,2026-01-25
16480,24648,1.98,2026-01-25
16481,18669,2.00,2026-01-25
16482,23842,0.32,2026-01-25
16483,6924,0.76,2026-01-25
16484,4583,0.24,2026-01-25
16485,10997,0.43,2026-01-25
16486,7682,0.16,2026-01-25
16487,14316,0.32,2026-01-25
16488,19483,1.54,2026-01-25
16489,27062,12.00,2026-01-25
16490,5578,0.30,2026-01-25
16491,17318,0.14,2026-01-25
16492,3180,1.28,2026-01-25
16493,20475,4.44,2026-01-25
16494,3057,10.31,2026-01-25
16495,1258,7.85,2026-01-25
16496,26728,21.27,2026-01-25
16497,661,0.74,2026-01-25
16498,9429,1.22,2026-01-25
16499,1149,0.52,2026-01-25
16500,22373,4.75,2026-01-25
16501,18941,0.91,2026-01-25
16502,10003,1.51,2026-01-25
16503,6921,0.23,2026-01-25
16504,16983,0.62,2026-01-25
16505,8746,0.16,2026-01-25
16506,1361,0.57,2026-01-25
16507,23527,79.50,2026-01-25
16508,19734,37.82,2026-01-25
16509,24489,24.09,2026-01-25
16510,5399,70.56,2026-01-25
16511,13006,0.43,2026-01-25
16512,5984,2.32,2026-01-25
16513,16154,5.49,2026-01-25
16514,23291,0.16,2026-01-25
16515,15673,0.38,2026-01-25
16516,10084,1.47,2026-01-25
16517,156,2.08,2026-01-25
16518,26981,0.31,2026-01-25
16519,9605,2.24,2026-01-25
16520,5209,11.99,2026-01-25
16521,14982,0.31,2026-01-25
16522,21300,2.05,2026-01-25
16523,22168,0.48,2026-01-25
16524,12577,45.25,2026-01-25
16525,9074,2.69,2026-01-25
16526,3306,0.45,2026-01-25
16527,18007,4.69,2026-01-25
16528,16639,0.40,2026-01-25
16529,14903,0.24,2026-01-25
16530,229,1.51,2026-01-25
16531,23616,5.21,2026-01-25
16532,4390,0.51,2026-01-25
16533,8514,2.98,2026-01-25
16534,15361,17.84,2026-01-25
16535,24751,34.98,2026-01-25
16536,5805,24.49,2026-01-25
16537,25065,0.22,2026-01-25
16538,21662,0.69,2026-01-25
16539,13280,0.13,2026-01-25
16540,25984,0.36,2026-01-25
16541,26045,0.18,2026-01-25
16542,4951,2.11,2026-01-25
16543,15589,1.32,2026-01-25
16544,22286,2.63,2026-01-25
16545,3200,1.39,2026-01-25
16546,12573,13.54,2026-01-25
16547,5807,91.56,2026-01-25
16548,22378,7.57,2026-01-25
16549,23009,5.29,2026-01-25
16550,5540,0.40,2026-01-25
16551,2197,5.83,2026-01-25
16552,19170,18.41,2026-01-25
16553,6478,161.65,2026-01-25
16554,8219,0.76,2026-01-25
16555,774,1.76,2026-01-25
16556,14767,39.45,2026-01-25
16557,16847,30.00,2026-01-25
16558,25778,120.91,2026-01-25
16559,22221,0.33,2026-01-25
16560,10306,5.73,2026-01-25
16561,7347,0.13,2026-01-25
16562,19506,0.47,2026-01-25
16563,15763,0.49,2026-01-25
16564,12863,0.41,2026-01-25
16565,16131,0.69,2026-01-25
16566,15760,0.22,2026-01-25
16567,13743,24.99,2026-01-25
16568,6834,0.62,2026-01-25
16569,10831,0.87,2026-01-25
16570,10899,0.63,2026-01-25
16571,1781,2.49,2026-01-25
16572,7158,0.30,2026-01-25
16573,12186,17.67,2026-01-25
16574,10469,5.42,2026-01-25
16575,26576,0.25,2026-01-25
16576,27073,0.11,2026-01-25
16577,10914,0.66,2026-01-25
16578,19737,8.47,2026-01-25
16579,14351,5.06,2026-01-25
16580,13645,13.64,2026-01-25
16581,18935,110.99,2026-01-25
16582,17025,4.41,2026-01-25
16583,21197,21.41,2026-01-25
16584,14212,0.24,2026-01-25
16585,25876,1.92,2026-01-25
16586,7575,0.35,2026-01-25
16587,6300,4.87,2026-01-25
16588,22335,0.24,2026-01-25
16589,18653,1.76,2026-01-25
16590,9396,0.28,2026-01-25
16591,9361,0.65,2026-01-25
16592,22815,5.92,2026-01-25
16593,24212,13.55,2026-01-25
16594,21055,21.55,2026-01-25
16595,21548,8.51,2026-01-25
16596,26222,0.24,2026-01-25
16597,13797,0.75,2026-01-25
16598,12655,0.31,2026-01-25
16599,21616,0.80,2026-01-25
16600,21649,5.03,2026-01-25
16601,9789,28.56,2026-01-25
16602,15994,2.64,2026-01-25
16603,21138,1.77,2026-01-25
16604,1563,266.59,2026-01-25
16605,8603,72.93,2026-01-25
16606,1052,1.87,2026-01-25
16607,11229,89.97,2026-01-25
16608,5972,12.93,2026-01-25
16609,24443,4.68,2026-01-25
16610,6991,0.23,2026-01-25
16611,893,0.43,2026-01-25
16612,15404,0.20,2026-01-25
16613,23916,0.39,2026-01-25
16614,10319,0.56,2026-01-25
16615,20296,0.27,2026-01-25
16616,13308,0.28,2026-01-25
16617,22590,0.35,2026-01-25
16618,11334,0.72,2026-01-25
16619,7829,7.31,2026-01-25
16620,10648,0.27,2026-01-25
16621,7564,1.38,2026-01-25
16622,16578,0.32,2026-01-25
16623,10897,1.00,2026-01-25
16624,17679,2.26,2026-01-25
16625,4219,152.00,2026-01-25
16626,8717,300.00,2026-01-25
16627,178,1.84,2026-01-25
16628,9196,10.82,2026-01-25
16629,3354,0.38,2026-01-25
16630,15990,3.51,2026-01-25
16631,6271,0.21,2026-01-25
16632,9819,0.44,2026-01-25
16633,20373,1.69,2026-01-25
16634,23927,5.37,2026-01-25
16635,22406,252.02,2026-01-25
16636,19909,12.64,2026-01-25
16637,7528,8.02,2026-01-25
16638,2232,0.61,2026-01-25
16639,6247,1.93,2026-01-25
16640,14226,0.35,2026-01-25
16641,12816,0.66,2026-01-25
16642,1270,4.22,2026-01-25
16643,16034,0.64,2026-01-25
16644,1656,0.21,2026-01-25
16645,18666,0.65,2026-01-25
16646,12156,0.22,2026-01-25
16647,13337,0.39,2026-01-25
16648,20059,1.68,2026-01-25
16649,1536,3.25,2026-01-25
16650,22930,1.85,2026-01-25
16651,26639,366.35,2026-01-25
16652,11530,1.36,2026-01-25
16653,9049,5.21,2026-01-25
16654,4797,0.16,2026-01-25
16655,23129,0.22,2026-01-25
16656,21204,7.39,2026-01-25
16657,15944,8.73,2026-01-25
16658,887,0.54,2026-01-25
16659,17484,0.62,2026-01-25
16660,17394,7.23,2026-01-25
16661,16612,21.78,2026-01-25
16662,26664,0.19,2026-01-25
16663,538,0.31,2026-01-25
16664,13188,0.22,2026-01-25
16665,1512,0.41,2026-01-25
16666,9213,0.46,2026-01-25
16667,25404,0.33,2026-01-25
16668,10016,62.67,2026-01-25
16669,8501,293.25,2026-01-25
16670,19324,2.49,2026-01-25
16671,13697,2.86,2026-01-25
16672,17382,1.39,2026-01-25
16673,24660,2.10,2026-01-25
16674,13525,19.41,2026-01-25
16675,5760,0.99,2026-01-25
16676,25633,5.86,2026-01-25
16677,4863,0.51,2026-01-25
16678,2236,0.78,2026-01-25
16679,8928,0.15,2026-01-25
16680,14951,0.56,2026-01-25
16681,4224,1.61,2026-01-25
16682,3672,0.21,2026-01-25
16683,862,0.08,2026-01-25
16684,5360,0.31,2026-01-25
16685,8958,0.77,2026-01-25
16686,21223,121.34,2026-01-25
16687,1867,0.33,2026-01-25
16688,22097,2.57,2026-01-25
16689,3717,3.26,2026-01-25
16690,3659,9.65,2026-01-25
16691,24949,0.46,2026-01-25
16692,14884,5.48,2026-01-25
16693,20916,7.81,2026-01-25
16694,10399,3.38,2026-01-25
16695,24221,9.31,2026-01-25
16696,23946,6.19,2026-01-25
16697,263,6.68,2026-01-25
16698,22431,15.81,2026-01-25
16699,8478,6.00,2026-01-25
16700,2397,4.32,2026-01-25
16701,26028,2.16,2026-01-25
16702,14064,18.88,2026-01-25
16703,1590,62.67,2026-01-25
16704,4744,0.36,2026-01-25
16705,13107,2.05,2026-01-25
16706,16867,0.43,2026-01-25
16707,7604,0.45,2026-01-25
16708,13474,40.00,2026-01-25
16709,6269,49.41,2026-01-25
16710,5306,0.45,2026-01-25
16711,25338,0.83,2026-01-25
16712,20730,0.48,2026-01-25
16713,5720,1.16,2026-01-25
16714,19214,0.27,2026-01-25
16715,24415,0.67,2026-01-25
16716,14893,14.91,2026-01-25
16717,20923,112.49,2026-01-25
16718,2395,1.23,2026-01-25
16719,24868,0.89,2026-01-25
16720,3784,0.57,2026-01-25
16721,13619,1.15,2026-01-25
16722,23024,5.79,2026-01-25
16723,7400,19.22,2026-01-25
16724,17619,811.26,2026-01-25
16725,8957,0.15,2026-01-25
16726,13750,0.31,2026-01-25
16727,15004,1.04,2026-01-25
16728,5597,1.05,2026-01-25
16729,9500,224.99,2026-01-25
16730,24004,0.81,2026-01-25
16731,2491,6.68,2026-01-25
16732,8308,0.12,2026-01-25
16733,15193,0.34,2026-01-25
16734,22498,0.38,2026-01-25
16735,18598,0.14,2026-01-25
16736,2367,0.32,2026-01-25
16737,15062,2.46,2026-01-25
16738,16238,10.51,2026-01-25
16739,20462,0.76,2026-01-25
16740,15304,2.77,2026-01-25
16741,5514,0.68,2026-01-25
16742,3988,7.23,2026-01-25
16743,8190,62.20,2026-01-25
16744,1059,0.37,2026-01-25
16745,17597,1.66,2026-01-25
16746,11425,49.82,2026-01-25
16747,11344,0.27,2026-01-25
16748,24566,0.65,2026-01-25
16749,16188,0.82,2026-01-25
16750,2806,3.89,2026-01-25
16751,26815,0.15,2026-01-25
16752,23371,0.29,2026-01-25
16753,26942,145.49,2026-01-25
16754,13942,0.91,2026-01-25
16755,9081,4.99,2026-01-25
16756,7637,275.00,2026-01-25
16757,12911,0.29,2026-01-25
16758,24093,1.06,2026-01-25
16759,21835,0.27,2026-01-25
16760,9837,1.08,2026-01-25
16761,12275,4.00,2026-01-25
16762,308,7.16,2026-01-25
16763,12613,0.27,2026-01-25
16764,10513,5.96,2026-01-25
16765,12832,0.33,2026-01-25
16766,2609,1.82,2026-01-25
16767,368,0.26,2026-01-25
16768,8080,3.00,2026-01-25
16769,8896,0.52,2026-01-25
16770,12024,63.35,2026-01-25
16771,11154,102.03,2026-01-25
16772,23785,13.08,2026-01-25
16773,5065,4.68,2026-01-25
16774,26637,3.42,2026-01-25
16775,12437,116.49,2026-01-25
16776,15123,0.43,2026-01-25
16777,24520,1.22,2026-01-25
16778,24464,0.62,2026-01-25
16779,7546,0.33,2026-01-25
16780,22273,0.20,2026-01-25
16781,2906,0.57,2026-01-25
16782,17732,0.22,2026-01-25
16783,7329,0.54,2026-01-25
16784,15841,0.75,2026-01-25
16785,12705,1.47,2026-01-25
16786,8910,31.56,2026-01-25
16787,9374,9.12,2026-01-25
16788,4155,3.83,2026-01-25
16789,17926,0.45,2026-01-25
16790,9164,2.51,2026-01-25
16791,6916,49.95,2026-01-25
16792,1663,48.55,2026-01-25
16793,2432,3.03,2026-01-25
16794,600,1.22,2026-01-25
16795,21143,3.12,2026-01-25
16796,25645,0.71,2026-01-25
16797,3667,6.23,2026-01-25
16798,7440,67.33,2026-01-25
16799,23056,0.43,2026-01-25
16800,1713,5.50,2026-01-25
16801,18496,1.13,2026-01-25
16802,15561,2.24,2026-01-25
16803,18319,1.45,2026-01-25
16804,7233,3.00,2026-01-25
16805,2094,50.74,2026-01-25
16806,3748,2.03,2026-01-25
16807,19966,2.07,2026-01-25
16808,24220,11.79,2026-01-25
16809,13564,30.60,2026-01-25
16810,22839,0.25,2026-01-25
16811,5719,1.50,2026-01-25
16812,9763,0.28,2026-01-25
16813,18512,0.25,2026-01-25
16814,16725,0.32,2026-01-25
16815,1671,0.28,2026-01-25
16816,19358,2.53,2026-01-25
16817,18014,1.16,2026-01-25
16818,314,103.98,2026-01-25
16819,10957,0.18,2026-01-25
16820,1503,0.42,2026-01-25
16821,17888,0.17,2026-01-25
16822,19708,0.46,2026-01-25
16823,6061,0.12,2026-01-25
16824,23346,0.28,2026-01-25
16825,7504,137.83,2026-01-25
16826,5328,30.70,2026-01-25
16827,25893,4.01,2026-01-25
16828,25305,9.84,2026-01-25
16829,3934,2.56,2026-01-25
16830,21280,3.54,2026-01-25
16831,11148,23.36,2026-01-25
16832,4832,15.82,2026-01-25
16833,15805,16.20,2026-01-25
16834,18474,0.19,2026-01-25
16835,8205,0.55,2026-01-25
16836,11451,0.55,2026-01-25
16837,2744,0.66,2026-01-25
16838,26395,0.15,2026-01-25
16839,21794,0.31,2026-01-25
16840,24960,100.39,2026-01-25
16841,7934,3.37,2026-01-25
16842,8780,20.03,2026-01-25
16843,8590,62.53,2026-01-25
16844,4036,0.38,2026-01-25
16845,11449,1.10,2026-01-25
16846,10270,0.53,2026-01-25
16847,8151,0.37,2026-01-25
16848,24879,7.31,2026-01-25
16849,25565,5.16,2026-01-25
16850,6844,0.38,2026-01-25
16851,25275,1.58,2026-01-25
16852,18275,0.14,2026-01-25
16853,7773,0.64,2026-01-25
16854,6951,13.06,2026-01-25
16855,14559,0.91,2026-01-25
16856,13988,0.10,2026-01-25
16857,16127,0.22,2026-01-25
16858,10743,0.93,2026-01-25
16859,10028,4.85,2026-01-25
16860,7132,0.77,2026-01-25
16861,518,3.70,2026-01-25
16862,3004,10.97,2026-01-25
16863,966,0.38,2026-01-25
16864,26337,1.64,2026-01-25
16865,11393,4.42,2026-01-25
16866,18388,20.30,2026-01-25
16867,6004,303.97,2026-01-25
16868,9019,0.78,2026-01-25
16869,5311,3.34,2026-01-25
16870,20192,0.27,2026-01-25
16871,14376,0.58,2026-01-25
16872,25301,0.33,2026-01-25
16873,8055,0.12,2026-01-25
16874,7416,1.78,2026-01-25
16875,10324,1.97,2026-01-25
16876,25683,0.84,2026-01-25
16877,13573,0.43,2026-01-25
16878,15312,0.40,2026-01-25
16879,9783,1.68,2026-01-25
16880,15654,19.44,2026-01-25
16881,3283,7.81,2026-01-25
16882,13232,2.20,2026-01-25
16883,25459,6.55,2026-01-25
16884,26682,0.25,2026-01-25
16885,26254,1.99,2026-01-25
16886,20852,0.60,2026-01-25
16887,13197,0.52,2026-01-25
16888,25621,68.87,2026-01-25
16889,2852,0.20,2026-01-25
16890,18088,0.39,2026-01-25
16891,25296,0.29,2026-01-25
16892,7845,0.11,2026-01-25
16893,12938,0.41,2026-01-25
16894,7931,1.69,2026-01-25
16895,2563,314.47,2026-01-25
16896,13796,4.89,2026-01-25
16897,26281,6.65,2026-01-25
16898,10631,20.57,2026-01-25
16899,25471,4.70,2026-01-25
16900,20427,10.85,2026-01-25
16901,168,0.25,2026-01-25
16902,22434,2.39,2026-01-25
16903,11373,21.41,2026-01-25
16904,59,0.30,2026-01-25
16905,6806,0.73,2026-01-25
16906,24477,3.07,2026-01-25
16907,9368,0.26,2026-01-25
16908,2969,0.49,2026-01-25
16909,5033,1.38,2026-01-25
16910,13253,12.38,2026-01-25
16911,20725,3.49,2026-01-25
16912,1085,6.31,2026-01-25
16913,2297,2.55,2026-01-25
16914,12306,6.93,2026-01-25
16915,1709,0.30,2026-01-25
16916,5302,0.99,2026-01-25
16917,3979,0.78,2026-01-25
16918,5733,0.71,2026-01-25
16919,74,5.81,2026-01-25
16920,20465,6.97,2026-01-25
16921,15554,1.56,2026-01-25
16922,20259,3.93,2026-01-25
16923,21458,0.55,2026-01-25
16924,9852,0.68,2026-01-25
16925,16069,30.27,2026-01-25
16926,3453,0.68,2026-01-25
16927,26624,0.20,2026-01-25
16928,21201,4.32,2026-01-25
16929,2238,0.20,2026-01-25
16930,13415,0.07,2026-01-25
16931,13462,0.29,2026-01-25
16932,19630,0.65,2026-01-25
16933,4080,0.22,2026-01-25
16934,5189,0.26,2026-01-25
16935,15225,10.00,2026-01-25
16936,8527,5.87,2026-01-25
16937,26399,4.83,2026-01-25
16938,13099,0.34,2026-01-25
16939,22893,0.71,2026-01-25
16940,826,0.33,2026-01-25
16941,26114,1.49,2026-01-25
16942,12604,1.11,2026-01-25
16943,18191,3.91,2026-01-25
16944,2542,0.89,2026-01-25
16945,18046,0.95,2026-01-25
16946,23198,2.06,2026-01-25
16947,7991,0.19,2026-01-25
16948,21949,1.85,2026-01-25
16949,3857,1.24,2026-01-25
16950,11234,0.55,2026-01-25
16951,11618,3.54,2026-01-25
16952,1331,1.28,2026-01-25
16953,18227,1.41,2026-01-25
16954,13052,1.03,2026-01-25
16955,10208,11.27,2026-01-25
16956,7533,2.00,2026-01-25
16957,19568,10.12,2026-01-25
16958,23419,0.31,2026-01-25
16959,11144,0.77,2026-01-25
16960,14326,0.34,2026-01-25
16961,14109,0.75,2026-01-25
16962,11921,0.40,2026-01-25
16963,20307,0.11,2026-01-25
16964,4666,0.14,2026-01-25
16965,2195,0.23,2026-01-25
16966,26218,60.94,2026-01-25
16967,6132,139.83,2026-01-25
16968,7369,1.30,2026-01-25
16969,678,1.69,2026-01-25
16970,24241,0.25,2026-01-25
16971,12953,3.07,2026-01-25
16972,22420,0.95,2026-01-25
16973,19993,172.75,2026-01-25
16974,5940,0.12,2026-01-25
16975,6163,0.29,2026-01-25
16976,25881,0.09,2026-01-25
16977,24739,0.23,2026-01-25
16978,23610,2.68,2026-01-25
16979,3940,17.33,2026-01-25
16980,4116,0.44,2026-01-25
16981,25100,0.31,2026-01-25
16982,26479,0.13,2026-01-25
16983,17053,0.75,2026-01-25
16984,6109,1.05,2026-01-25
16985,9348,0.63,2026-01-25
16986,908,0.70,2026-01-25
16987,26757,1.20,2026-01-25
16988,4955,3.70,2026-01-25
16989,26694,0.12,2026-01-25
16990,22642,0.88,2026-01-25
16991,7068,0.07,2026-01-25
16992,25688,0.20,2026-01-25
16993,8956,0.13,2026-01-25
16994,3435,0.32,2026-01-25
16995,3273,8.51,2026-01-25
16996,1232,0.30,2026-01-25
16997,26358,1.96,2026-01-25
16998,12551,1.33,2026-01-25
16999,25826,2.46,2026-01-25
17000,13033,4.23,2026-01-25
17001,12861,0.24,2026-01-25
17002,4379,0.50,2026-01-25
17003,13630,41.89,2026-01-25
17004,986,11.27,2026-01-25
17005,23400,8.72,2026-01-25
17006,23829,0.22,2026-01-25
17007,8444,0.58,2026-01-25
17008,16129,1.25,2026-01-25
17009,13305,2.96,2026-01-25
17010,26252,15.34,2026-01-25
17011,18318,0.21,2026-01-25
17012,10255,0.34,2026-01-25
17013,13276,15.29,2026-01-25
17014,1715,37.75,2026-01-25
17015,16424,0.33,2026-01-25
17016,19525,0.94,2026-01-25
17017,19202,0.72,2026-01-25
17018,6506,4.21,2026-01-25
17019,21332,0.65,2026-01-25
17020,7433,0.18,2026-01-25
17021,14471,0.38,2026-01-25
17022,18810,3.68,2026-01-25
17023,23048,0.35,2026-01-25
17024,18028,1.47,2026-01-25
17025,9202,191.32,2026-01-25
17026,11228,0.68,2026-01-25
17027,16356,1.89,2026-01-25
17028,22474,0.39,2026-01-25
17029,27000,1.35,2026-01-25
17030,16049,0.54,2026-01-25
17031,11231,0.32,2026-01-25
17032,17730,75.98,2026-01-25
17033,8966,0.69,2026-01-25
17034,12443,1.25,2026-01-25
17035,18106,10.33,2026-01-25
17036,13453,0.30,2026-01-25
17037,25104,2.19,2026-01-25
17038,16185,16.09,2026-01-25
17039,25682,18.23,2026-01-25
17040,20241,55.62,2026-01-25
17041,26175,98.22,2026-01-25
17042,4313,0.89,2026-01-25
17043,10701,6.55,2026-01-25
17044,17309,6.78,2026-01-25
17045,3181,0.28,2026-01-25
17046,25295,0.65,2026-01-25
17047,2168,10.39,2026-01-25
17048,8150,8.31,2026-01-25
17049,11301,0.27,2026-01-25
17050,1028,0.46,2026-01-25
17051,7020,0.39,2026-01-25
17052,10729,0.71,2026-01-25
17053,10697,146.23,2026-01-25
17054,25052,9.74,2026-01-25
17055,1276,0.64,2026-01-25
17056,25756,0.94,2026-01-25
17057,4084,0.29,2026-01-25
17058,15998,0.38,2026-01-25
17059,11278,200.60,2026-01-25
17060,6668,2.02,2026-01-25
17061,16689,0.67,2026-01-25
17062,11026,0.26,2026-01-25
17063,17230,0.43,2026-01-25
17064,19963,0.26,2026-01-25
17065,22668,1.78,2026-01-25
17066,25602,10.89,2026-01-25
17067,7695,0.99,2026-01-25
17068,15417,1.26,2026-01-25
17069,4033,2.95,2026-01-25
17070,21843,2.50,2026-01-25
17071,9849,8.94,2026-01-25
17072,12533,0.26,2026-01-25
17073,10713,0.52,2026-01-25
17074,1935,0.47,2026-01-25
17075,8664,0.22,2026-01-25
17076,2245,1.04,2026-01-25
17077,17264,0.44,2026-01-25
17078,6185,23.21,2026-01-25
17079,286,0.36,2026-01-25
17080,21579,0.85,2026-01-25
17081,15712,9.75,2026-01-25
17082,19935,8.46,2026-01-25
17083,20323,0.59,2026-01-25
17084,21709,2.46,2026-01-25
17085,3048,0.15,2026-01-25
17086,22805,0.53,2026-01-25
17087,3829,0.51,2026-01-25
17088,145,0.60,2026-01-25
17089,13548,0.42,2026-01-25
17090,3687,3.74,2026-01-25
17091,10483,1.08,2026-01-25
17092,10898,14.41,2026-01-25
17093,16026,895.32,2026-01-25
17094,14027,0.09,2026-01-25
17095,1158,0.20,2026-01-25
17096,15094,11.04,2026-01-25
17097,16808,0.39,2026-01-25
17098,1544,0.75,2026-01-25
17099,25971,11.57,2026-01-25
17100,17056,12.99,2026-01-25
17101,2268,9.44,2026-01-25
17102,9948,1.97,2026-01-25
17103,15152,11.87,2026-01-25
17104,5479,0.22,2026-01-25
17105,16063,0.64,2026-01-25
17106,1797,0.21,2026-01-25
17107,22496,0.09,2026-01-25
17108,26473,9.30,2026-01-25
17109,26503,27.00,2026-01-25
17110,10372,0.53,2026-01-25
17111,16002,0.48,2026-01-25
17112,26598,0.45,2026-01-25
17113,11359,0.24,2026-01-25
17114,21685,0.49,2026-01-25
17115,19956,1.14,2026-01-25
17116,23360,2.79,2026-01-25
17117,3978,16.87,2026-01-25
17118,12789,0.52,2026-01-25
17119,5766,6.64,2026-01-25
17120,17334,22.87,2026-01-25
17121,23039,0.13,2026-01-25
17122,16375,0.49,2026-01-25
17123,17639,0.24,2026-01-25
17124,17584,0.48,2026-01-25
17125,17812,0.66,2026-01-25
17126,12166,64.50,2026-01-25
17127,1156,1.13,2026-01-25
17128,15460,1.12,2026-01-25
17129,21581,5.33,2026-01-25
17130,18572,93.49,2026-01-25
17131,6034,0.32,2026-01-25
17132,17516,1.36,2026-01-25
17133,20950,0.30,2026-01-25
17134,7013,3.41,2026-01-25
17135,25941,3.34,2026-01-25
17136,12341,0.64,2026-01-25
17137,3604,0.25,2026-01-25
17138,26491,0.19,2026-01-25
17139,14106,0.06,2026-01-25
17140,23939,1.31,2026-01-25
17141,4298,4.81,2026-01-25
17142,16530,0.19,2026-01-25
17143,3602,0.38,2026-01-25
17144,7681,0.12,2026-01-25
17145,21435,0.36,2026-01-25
17146,22084,0.92,2026-01-25
17147,26273,10.91,2026-01-25
17148,17465,0.19,2026-01-25
17149,8672,0.44,2026-01-25
17150,12101,0.11,2026-01-25
17151,23079,0.28,2026-01-25
17152,16311,134.66,2026-01-25
17153,7343,37.14,2026-01-25
17154,22612,17.30,2026-01-25
17155,4055,0.21,2026-01-25
17156,16187,1.52,2026-01-25
17157,18080,0.66,2026-01-25
17158,18363,4.42,2026-01-25
17159,1655,1.15,2026-01-25
17160,9181,0.55,2026-01-25
17161,21106,0.21,2026-01-25
17162,14593,0.49,2026-01-25
17163,19465,1.52,2026-01-25
17164,21423,5.08,2026-01-25
17165,3902,0.45,2026-01-25
17166,23038,1.69,2026-01-25
17167,2027,0.66,2026-01-25
17168,17582,6.61,2026-01-25
17169,2476,0.30,2026-01-25
17170,2575,1.69,2026-01-25
17171,5716,1.53,2026-01-25
17172,18850,0.82,2026-01-25
17173,14342,0.25,2026-01-25
17174,23283,1.87,2026-01-25
17175,7174,0.11,2026-01-25
17176,8028,0.30,2026-01-25
17177,1804,0.42,2026-01-25
17178,15149,1.58,2026-01-25
17179,10720,0.51,2026-01-25
17180,7154,0.47,2026-01-25
17181,21698,0.23,2026-01-25
17182,24141,2.03,2026-01-25
17183,13568,149.76,2026-01-25
17184,21769,4.98,2026-01-25
17185,25028,2.92,2026-01-25
17186,10893,159.30,2026-01-25
17187,20969,27.85,2026-01-25
17188,4930,0.39,2026-01-25
17189,1048,0.21,2026-01-25
17190,17346,0.58,2026-01-25
17191,13977,0.32,2026-01-25
17192,25996,0.98,2026-01-25
17193,2229,409.43,2026-01-25
17194,8606,0.63,2026-01-25
17195,1791,0.44,2026-01-25
17196,27031,6.25,2026-01-25
17197,2688,9.73,2026-01-25
17198,274,1.01,2026-01-25
17199,6205,2.66,2026-01-25
17200,18955,24.91,2026-01-25
17201,11149,15.63,2026-01-25
17202,23240,0.37,2026-01-25
17203,1929,2.48,2026-01-25
17204,12380,0.24,2026-01-25
17205,4674,1.49,2026-01-25
17206,3315,0.71,2026-01-25
17207,17456,0.97,2026-01-25
17208,4646,18.45,2026-01-25
17209,419,479.99,2026-01-25
17210,2381,0.49,2026-01-25
17211,12755,0.77,2026-01-25
17212,8122,0.78,2026-01-25
17213,22302,8.42,2026-01-25
17214,24664,170.39,2026-01-25
17215,16443,45.23,2026-01-25
17216,8582,0.65,2026-01-25
17217,10859,0.84,2026-01-25
17218,25424,0.13,2026-01-25
17219,16419,0.35,2026-01-25
17220,6274,51.39,2026-01-25
17221,26236,0.30,2026-01-25
17222,1878,0.17,2026-01-25
17223,21953,40.97,2026-01-25
17224,9109,0.43,2026-01-25
17225,11861,85.00,2026-01-25
17226,11675,0.97,2026-01-25
17227,10880,2.99,2026-01-25
17228,2946,0.63,2026-01-25
17229,14120,2.66,2026-01-25
17230,15568,1.97,2026-01-25
17231,19387,1.22,2026-01-25
17232,1209,2.49,2026-01-25
17233,5778,0.80,2026-01-25
17234,9622,2.59,2026-01-25
17235,4558,3.36,2026-01-25
17236,12545,8.96,2026-01-25
17237,19561,1.99,2026-01-25
17238,20859,1.22,2026-01-25
17239,5799,0.32,2026-01-25
17240,15274,0.48,2026-01-25
17241,3591,138.15,2026-01-25
17242,5137,0.44,2026-01-25
17243,7218,0.32,2026-01-25
17244,9788,0.37,2026-01-25
17245,15845,0.36,2026-01-25
17246,8404,0.25,2026-01-25
17247,26689,0.10,2026-01-25
17248,8828,52.28,2026-01-25
17249,16866,2.50,2026-01-25
17250,26527,0.96,2026-01-25
17251,16473,5.59,2026-01-25
17252,22243,5.68,2026-01-25
17253,19108,0.06,2026-01-25
17254,869,0.18,2026-01-25
17255,5563,0.20,2026-01-25
17256,10467,0.43,2026-01-25
17257,9053,0.51,2026-01-25
17258,21941,2.06,2026-01-25
17259,1401,1.33,2026-01-25
17260,21695,4.95,2026-01-25
17261,10395,0.13,2026-01-25
17262,24699,0.49,2026-01-25
17263,26010,0.25,2026-01-25
17264,18858,0.22,2026-01-25
17265,10874,162.50,2026-01-25
17266,2334,0.15,2026-01-25
17267,820,0.28,2026-01-25
17268,19777,9.00,2026-01-25
17269,21917,6.53,2026-01-25
17270,7084,21.09,2026-01-25
17271,21747,0.17,2026-01-25
17272,22070,0.37,2026-01-25
17273,15710,0.39,2026-01-25
17274,19325,2.97,2026-01-25
17275,22851,336.70,2026-01-25
17276,19655,0.63,2026-01-25
17277,1367,0.75,2026-01-25
17278,15224,0.11,2026-01-25
17279,26801,0.33,2026-01-25
17280,999,1.11,2026-01-25
17281,6597,1.30,2026-01-25
17282,9511,0.48,2026-01-25
17283,7172,0.23,2026-01-25
17284,6587,7.16,2026-01-25
17285,9045,14.97,2026-01-25
17286,24066,4.73,2026-01-25
17287,3966,0.20,2026-01-25
17288,19486,0.71,2026-01-25
17289,14992,239.98,2026-01-25
17290,18842,0.06,2026-01-25
17291,12236,0.17,2026-01-25
17292,19410,800.00,2026-01-25
17293,10122,0.20,2026-01-25
17294,201,0.38,2026-01-25
17295,8542,1.55,2026-01-25
17296,17132,0.74,2026-01-25
17297,24082,0.27,2026-01-25
17298,2679,0.56,2026-01-25
17299,6850,3.52,2026-01-25
17300,2461,3.11,2026-01-25
17301,6238,0.69,2026-01-25
17302,4228,1.72,2026-01-25
17303,1014,124.74,2026-01-25
17304,1737,12.68,2026-01-25
17305,15586,2.43,2026-01-25
17306,16480,2.99,2026-01-25
17307,26444,1.22,2026-01-25
17308,2835,6.55,2026-01-25
17309,17787,0.86,2026-01-25
17310,6926,4.34,2026-01-25
17311,23500,33.62,2026-01-25
17312,11755,2.69,2026-01-25
17313,2643,1.32,2026-01-25
17314,20105,8.56,2026-01-25
17315,17751,360.00,2026-01-25
17316,9913,5.38,2026-01-25
17317,18605,0.21,2026-01-25
17318,26315,0.33,2026-01-25
17319,795,0.18,2026-01-25
17320,3909,1.35,2026-01-25
17321,6511,1.74,2026-01-25
17322,24636,339.50,2026-01-25
17323,9769,0.29,2026-01-25
17324,7974,0.62,2026-01-25
17325,3264,26.57,2026-01-25
17326,12391,41.32,2026-01-25
17327,24627,0.88,2026-01-25
17328,14484,4.91,2026-01-25
17329,2695,0.26,2026-01-25
17330,4264,3.33,2026-01-25
17331,23231,0.33,2026-01-25
17332,25208,3.68,2026-01-25
17333,7087,46.24,2026-01-25
17334,17315,35.16,2026-01-25
17335,579,0.39,2026-01-25
17336,6286,3.75,2026-01-25
17337,14824,4.35,2026-01-25
17338,8834,11.75,2026-01-25
17339,5205,13.32,2026-01-25
17340,3073,4.59,2026-01-25
17341,12656,42.20,2026-01-25
17342,6629,0.32,2026-01-25
17343,1904,2.79,2026-01-25
17344,7481,194.99,2026-01-25
17345,19659,0.30,2026-01-25
17346,17854,1.75,2026-01-25
17347,8039,2.01,2026-01-25
17348,22955,3.88,2026-01-25
17349,15093,0.40,2026-01-25
17350,20772,0.08,2026-01-25
17351,1593,0.21,2026-01-25
17352,5079,0.52,2026-01-25
17353,15625,0.22,2026-01-25
17354,8797,1.30,2026-01-25
17355,19842,2.11,2026-01-25
17356,14395,3.52,2026-01-25
17357,20670,28.19,2026-01-25
17358,152,118.43,2026-01-25
17359,9814,0.20,2026-01-25
17360,24982,0.45,2026-01-25
17361,19897,6.43,2026-01-25
17362,355,23.26,2026-01-25
17363,6384,150.00,2026-01-25
17364,19237,160.82,2026-01-25
17365,18110,3.11,2026-01-25
17366,6195,7.55,2026-01-25
17367,23396,3.71,2026-01-25
17368,14732,6.01,2026-01-25
17369,16138,0.13,2026-01-25
17370,25814,0.29,2026-01-25
17371,60,1.89,2026-01-25
17372,9577,4.96,2026-01-25
17373,9651,7.73,2026-01-25
17374,4020,1.28,2026-01-25
17375,11405,0.27,2026-01-25
17376,7230,2.80,2026-01-25
17377,12498,0.06,2026-01-25
17378,16072,0.15,2026-01-25
17379,11189,0.17,2026-01-25
17380,9344,1.00,2026-01-25
17381,15762,0.22,2026-01-25
17382,2748,0.53,2026-01-25
17383,25175,2.13,2026-01-25
17384,7589,0.20,2026-01-25
17385,19673,0.31,2026-01-25
17386,4434,26.54,2026-01-25
17387,21678,17.64,2026-01-25
17388,10855,0.41,2026-01-25
17389,12593,0.92,2026-01-25
17390,6657,0.17,2026-01-25
17391,23711,0.08,2026-01-25
17392,7605,1.95,2026-01-25
17393,11404,1.30,2026-01-25
17394,26800,0.46,2026-01-25
17395,26186,0.76,2026-01-25
17396,13618,0.16,2026-01-25
17397,13973,0.37,2026-01-25
17398,18233,0.33,2026-01-25
17399,15666,0.12,2026-01-25
17400,8074,0.39,2026-01-25
17401,8788,1.69,2026-01-25
17402,26425,0.48,2026-01-25
17403,22936,5.95,2026-01-25
17404,2632,2.97,2026-01-25
17405,3231,2.42,2026-01-25
17406,26657,0.39,2026-01-25
17407,28,3.53,2026-01-25
17408,7412,13.63,2026-01-25
17409,17724,7.38,2026-01-25
17410,21394,220.00,2026-01-25
17411,3380,6.60,2026-01-25
17412,19976,21.00,2026-01-25
17413,16100,0.81,2026-01-25
17414,21492,0.61,2026-01-25
17415,14168,25.40,2026-01-25
17416,4184,39.29,2026-01-25
17417,23303,55.96,2026-01-25
17418,10575,0.52,2026-01-25
17419,7141,1.60,2026-01-25
17420,20567,8.51,2026-01-25
17421,2824,7.29,2026-01-25
17422,8942,2.43,2026-01-25
17423,6533,21.41,2026-01-25
17424,1516,0.52,2026-01-25
17425,22129,2.17,2026-01-25
17426,4694,0.15,2026-01-25
17427,10960,0.65,2026-01-25
17428,22019,2.29,2026-01-25
17429,16798,75.14,2026-01-25
17430,25765,54.27,2026-01-25
17431,4495,50.96,2026-01-25
17432,19595,0.26,2026-01-25
17433,8764,0.16,2026-01-25
17434,13239,28.28,2026-01-25
17435,16364,3.37,2026-01-25
17436,2962,10.86,2026-01-25
17437,2912,0.72,2026-01-25
17438,10519,3.12,2026-01-25
17439,19423,0.26,2026-01-25
17440,5714,0.80,2026-01-25
17441,22914,0.15,2026-01-25
17442,14432,0.20,2026-01-25
17443,8411,5.01,2026-01-25
17444,1370,5.24,2026-01-25
17445,13843,0.28,2026-01-25
17446,26532,0.44,2026-01-25
17447,26265,0.47,2026-01-25
17448,3011,0.84,2026-01-25
17449,7885,0.26,2026-01-25
17450,1326,0.58,2026-01-25
17451,16229,100.00,2026-01-25
17452,15624,49.15,2026-01-25
17453,14725,0.21,2026-01-25
17454,17367,0.11,2026-01-25
17455,4823,0.32,2026-01-25
17456,19230,1.98,2026-01-25
17457,15831,0.17,2026-01-25
17458,22114,0.37,2026-01-25
17459,3844,36.42,2026-01-25
17460,23354,0.58,2026-01-25
17461,22340,1.09,2026-01-25
17462,3555,0.27,2026-01-25
17463,8405,0.76,2026-01-25
17464,19706,189.98,2026-01-25
17465,8332,164.98,2026-01-25
17466,12096,0.28,2026-01-25
17467,24354,0.91,2026-01-25
17468,4413,0.30,2026-01-25
17469,9005,0.13,2026-01-25
17470,18618,56.67,2026-01-25
17471,23922,0.15,2026-01-25
17472,2536,0.27,2026-01-25
17473,26726,18.60,2026-01-25
17474,23562,99.58,2026-01-25
17475,3601,7.05,2026-01-25
17476,19728,2.75,2026-01-25
17477,25421,0.51,2026-01-25
17478,13703,4.63,2026-01-25
17479,26,0.42,2026-01-25
17480,12448,2.05,2026-01-25
17481,16619,0.28,2026-01-25
17482,14383,1.43,2026-01-25
17483,3112,0.31,2026-01-25
17484,9063,0.65,2026-01-25
17485,7177,0.17,2026-01-25
17486,1847,0.42,2026-01-25
17487,22737,0.72,2026-01-25
17488,12883,1.59,2026-01-25
17489,10723,1.46,2026-01-25
17490,27074,5.21,2026-01-25
17491,1999,1.51,2026-01-25
17492,10536,53.21,2026-01-25
17493,14482,171.25,2026-01-25
17494,22200,0.52,2026-01-25
17495,7732,38.25,2026-01-25
17496,24693,0.50,2026-01-25
17497,18737,2.85,2026-01-25
17498,8987,0.16,2026-01-25
17499,5283,1.07,2026-01-25
17500,1135,2.93,2026-01-25
17501,7289,3.07,2026-01-25
17502,11002,2.17,2026-01-25
17503,11191,12.84,2026-01-25
17504,19910,0.69,2026-01-25
17505,18486,0.40,2026-01-25
17506,11851,32.14,2026-01-25
17507,17438,2.13,2026-01-25
17508,17568,4.75,2026-01-25
17509,5538,4.83,2026-01-25
17510,19429,225.15,2026-01-25
17511,24175,28.43,2026-01-25
17512,14391,0.16,2026-01-25
17513,7378,0.09,2026-01-25
17514,23856,5.00,2026-01-25
17515,8131,1.79,2026-01-25
17516,11698,138.54,2026-01-25
17517,16703,0.25,2026-01-25
17518,4225,0.54,2026-01-25
17519,472,100.50,2026-01-25
17520,17173,0.60,2026-01-25
17521,4345,3.68,2026-01-25
17522,17274,122.99,2026-01-25
17523,23220,0.13,2026-01-25
17524,5001,0.34,2026-01-25
17525,5539,13.20,2026-01-25
17526,13381,45.74,2026-01-25
17527,24029,0.34,2026-01-25
17528,24752,1.08,2026-01-25
17529,15505,45.43,2026-01-25
17530,5994,2.46,2026-01-25
17531,5606,1.05,2026-01-25
17532,24927,10.11,2026-01-25
17533,23563,0.38,2026-01-25
17534,4641,2.24,2026-01-25
17535,15685,0.46,2026-01-25
17536,21927,1.15,2026-01-25
17537,11608,60.50,2026-01-25
17538,10845,0.18,2026-01-25
17539,15237,4.88,2026-01-25
17540,17172,0.39,2026-01-25
17541,23116,0.88,2026-01-25
17542,14135,134.95,2026-01-25
17543,9210,0.68,2026-01-25
17544,4780,1.34,2026-01-25
17545,15703,67.12,2026-01-25
17546,12282,0.61,2026-01-25
17547,4647,6.29,2026-01-25
17548,17638,52.10,2026-01-25
17549,25635,883.00,2026-01-25
17550,3109,16.01,2026-01-25
17551,11277,3.67,2026-01-25
17552,10728,10.42,2026-01-25
17553,21361,0.24,2026-01-25
17554,429,2.25,2026-01-25
17555,17898,577.50,2026-01-25
17556,19798,0.44,2026-01-25
17557,3532,0.22,2026-01-25
17558,16530,0.19,2026-01-25
17559,3602,0.38,2026-01-25
17560,7681,0.12,2026-01-25
17561,21435,0.36,2026-01-25
17562,22084,0.92,2026-01-25
17563,26273,10.91,2026-01-25
17564,17465,0.19,2026-01-25
17565,8672,0.44,2026-01-25
17566,12101,0.11,2026-01-25
17567,23079,0.28,2026-01-25
17568,16311,134.66,2026-01-25
17569,7343,37.14,2026-01-25
17570,22612,17.30,2026-01-25
17571,4055,0.21,2026-01-25
17572,16187,1.52,2026-01-25
17573,18080,0.66,2026-01-25
17574,18363,4.42,2026-01-25
17575,1655,1.15,2026-01-25
17576,9181,0.55,2026-01-25
17577,21106,0.21,2026-01-25
17578,14593,0.49,2026-01-25
17579,19465,1.52,2026-01-25
17580,21423,5.08,2026-01-25
17581,3902,0.45,2026-01-25
17582,23038,1.69,2026-01-25
17583,2027,0.66,2026-01-25
17584,17582,6.61,2026-01-25
17585,2476,0.30,2026-01-25
17586,2575,1.69,2026-01-25
17587,5716,1.53,2026-01-25
17588,18850,0.82,2026-01-25
17589,14342,0.25,2026-01-25
17590,23283,1.87,2026-01-25
17591,7174,0.11,2026-01-25
17592,8028,0.30,2026-01-25
17593,1804,0.42,2026-01-25
17594,15149,1.58,2026-01-25
17595,10720,0.51,2026-01-25
17596,7154,0.47,2026-01-25
17597,21698,0.23,2026-01-25
17598,24141,2.03,2026-01-25
17599,13568,149.76,2026-01-25
17600,21769,4.98,2026-01-25
17601,25028,2.92,2026-01-25
17602,10893,159.30,2026-01-25
17603,20969,27.85,2026-01-25
17604,4930,0.39,2026-01-25
17605,1048,0.21,2026-01-25
17606,17346,0.58,2026-01-25
17607,13977,0.32,2026-01-25
17608,25996,0.98,2026-01-25
17609,2229,409.43,2026-01-25
17610,8606,0.63,2026-01-25
17611,1791,0.44,2026-01-25
17612,27031,6.25,2026-01-25
17613,2688,9.73,2026-01-25
17614,274,1.01,2026-01-25
17615,6205,2.66,2026-01-25
17616,18955,24.91,2026-01-25
17617,11149,15.63,2026-01-25
17618,23240,0.37,2026-01-25
17619,1929,2.48,2026-01-25
17620,12380,0.24,2026-01-25
17621,4674,1.49,2026-01-25
17622,3315,0.71,2026-01-25
17623,17456,0.97,2026-01-25
17624,4646,18.45,2026-01-25
17625,419,479.99,2026-01-25
17626,2381,0.49,2026-01-25
17627,12755,0.77,2026-01-25
17628,8122,0.78,2026-01-25
17629,22302,8.42,2026-01-25
17630,24664,170.39,2026-01-25
17631,16443,45.23,2026-01-25
17632,8582,0.65,2026-01-25
17633,10859,0.84,2026-01-25
17634,25424,0.13,2026-01-25
17635,16419,0.35,2026-01-25
17636,6274,51.39,2026-01-25
17637,26236,0.30,2026-01-25
17638,1878,0.17,2026-01-25
17639,21953,40.97,2026-01-25
17640,9109,0.43,2026-01-25
17641,11861,85.00,2026-01-25
17642,11675,0.97,2026-01-25
17643,10880,2.99,2026-01-25
17644,2946,0.63,2026-01-25
17645,14120,2.66,2026-01-25
17646,15568,1.97,2026-01-25
17647,19387,1.22,2026-01-25
17648,1209,2.49,2026-01-25
17649,5778,0.80,2026-01-25
17650,9622,2.59,2026-01-25
17651,4558,3.36,2026-01-25
17652,12545,8.96,2026-01-25
17653,19561,1.99,2026-01-25
17654,20859,1.22,2026-01-25
17655,5799,0.32,2026-01-25
17656,15274,0.48,2026-01-25
17657,3591,138.15,2026-01-25
17658,5137,0.44,2026-01-25
17659,7218,0.32,2026-01-25
17660,9788,0.37,2026-01-25
17661,15845,0.36,2026-01-25
17662,8404,0.25,2026-01-25
17663,26689,0.10,2026-01-25
17664,8828,52.28,2026-01-25
17665,16866,2.50,2026-01-25
17666,26527,0.96,2026-01-25
17667,16473,5.59,2026-01-25
17668,22243,5.68,2026-01-25
17669,19108,0.06,2026-01-25
17670,869,0.18,2026-01-25
17671,5563,0.20,2026-01-25
17672,10467,0.43,2026-01-25
17673,9053,0.51,2026-01-25
17674,21941,2.06,2026-01-25
17675,1401,1.33,2026-01-25
17676,21695,4.95,2026-01-25
17677,10395,0.13,2026-01-25
17678,24699,0.49,2026-01-25
17679,26010,0.25,2026-01-25
17680,18858,0.22,2026-01-25
17681,10874,162.50,2026-01-25
17682,2334,0.15,2026-01-25
17683,820,0.28,2026-01-25
17684,19777,9.00,2026-01-25
17685,21917,6.53,2026-01-25
17686,7084,21.09,2026-01-25
17687,21747,0.17,2026-01-25
17688,22070,0.37,2026-01-25
17689,15710,0.39,2026-01-25
17690,19325,2.97,2026-01-25
17691,22851,336.70,2026-01-25
17692,19655,0.63,2026-01-25
17693,1367,0.75,2026-01-25
17694,15224,0.11,2026-01-25
17695,26801,0.33,2026-01-25
17696,999,1.11,2026-01-25
17697,6597,1.30,2026-01-25
17698,9511,0.48,2026-01-25
17699,7172,0.23,2026-01-25
17700,6587,7.16,2026-01-25
17701,9045,14.97,2026-01-25
17702,24066,4.73,2026-01-25
17703,3966,0.20,2026-01-25
17704,19486,0.71,2026-01-25
17705,14992,239.98,2026-01-25
17706,18842,0.06,2026-01-25
17707,12236,0.17,2026-01-25
17708,19410,800.00,2026-01-25
17709,10122,0.20,2026-01-25
17710,201,0.38,2026-01-25
17711,8542,1.55,2026-01-25
17712,17132,0.74,2026-01-25
17713,24082,0.27,2026-01-25
17714,2679,0.56,2026-01-25
17715,6850,3.52,2026-01-25
17716,2461,3.11,2026-01-25
17717,6238,0.69,2026-01-25
17718,4228,1.72,2026-01-25
17719,1014,124.74,2026-01-25
17720,1737,12.68,2026-01-25
17721,15586,2.43,2026-01-25
17722,16480,2.99,2026-01-25
17723,26444,1.22,2026-01-25
17724,2835,6.55,2026-01-25
17725,17787,0.86,2026-01-25
17726,6926,4.34,2026-01-25
17727,23500,33.62,2026-01-25
17728,11755,2.69,2026-01-25
17729,2643,1.32,2026-01-25
17730,20105,8.56,2026-01-25
17731,17751,360.00,2026-01-25
17732,9913,5.38,2026-01-25
17733,18605,0.21,2026-01-25
17734,26315,0.33,2026-01-25
17735,795,0.18,2026-01-25
17736,3909,1.35,2026-01-25
17737,6511,1.74,2026-01-25
17738,24636,339.50,2026-01-25
17739,9769,0.29,2026-01-25
17740,7974,0.62,2026-01-25
17741,3264,26.57,2026-01-25
17742,12391,41.32,2026-01-25
17743,24627,0.88,2026-01-25
17744,14484,4.91,2026-01-25
17745,2695,0.26,2026-01-25
17746,4264,3.33,2026-01-25
17747,23231,0.33,2026-01-25
17748,25208,3.68,2026-01-25
17749,7087,46.24,2026-01-25
17750,17315,35.16,2026-01-25
17751,579,0.39,2026-01-25
17752,6286,3.75,2026-01-25
17753,14824,4.35,2026-01-25
17754,8834,11.75,2026-01-25
17755,5205,13.32,2026-01-25
17756,3073,4.59,2026-01-25
17757,12656,42.20,2026-01-25
17758,6629,0.32,2026-01-25
17759,1904,2.79,2026-01-25
17760,7481,194.99,2026-01-25
17761,19659,0.30,2026-01-25
17762,17854,1.75,2026-01-25
17763,8039,2.01,2026-01-25
17764,22955,3.88,2026-01-25
17765,15093,0.40,2026-01-25
17766,20772,0.08,2026-01-25
17767,1593,0.21,2026-01-25
17768,5079,0.52,2026-01-25
17769,15625,0.22,2026-01-25
17770,8797,1.30,2026-01-25
17771,19842,2.11,2026-01-25
17772,14395,3.52,2026-01-25
17773,20670,28.19,2026-01-25
17774,152,118.43,2026-01-25
17775,9814,0.20,2026-01-25
17776,24982,0.45,2026-01-25
17777,19897,6.43,2026-01-25
17778,355,23.26,2026-01-25
17779,6384,150.00,2026-01-25
17780,19237,160.82,2026-01-25
17781,18110,3.11,2026-01-25
17782,6195,7.55,2026-01-25
17783,23396,3.71,2026-01-25
17784,14732,6.01,2026-01-25
17785,16138,0.13,2026-01-25
17786,25814,0.29,2026-01-25
17787,60,1.89,2026-01-25
17788,9577,4.96,2026-01-25
17789,9651,7.73,2026-01-25
17790,4020,1.28,2026-01-25
17791,11405,0.27,2026-01-25
17792,7230,2.80,2026-01-25
17793,12498,0.06,2026-01-25
17794,16072,0.15,2026-01-25
17795,11189,0.17,2026-01-25
17796,9344,1.00,2026-01-25
17797,15762,0.22,2026-01-25
17798,2748,0.53,2026-01-25
17799,25175,2.13,2026-01-25
17800,7589,0.20,2026-01-25
17801,19673,0.31,2026-01-25
17802,4434,26.54,2026-01-25
17803,21678,17.64,2026-01-25
17804,10855,0.41,2026-01-25
17805,12593,0.92,2026-01-25
17806,6657,0.17,2026-01-25
17807,23711,0.08,2026-01-25
17808,7605,1.95,2026-01-25
17809,11404,1.30,2026-01-25
17810,26800,0.46,2026-01-25
17811,26186,0.76,2026-01-25
17812,13618,0.16,2026-01-25
17813,13973,0.37,2026-01-25
17814,18233,0.33,2026-01-25
17815,15666,0.12,2026-01-25
17816,8074,0.39,2026-01-25
17817,8788,1.69,2026-01-25
17818,26425,0.48,2026-01-25
17819,22936,5.95,2026-01-25
17820,2632,2.97,2026-01-25
17821,3231,2.42,2026-01-25
17822,26657,0.39,2026-01-25
17823,28,3.53,2026-01-25
17824,7412,13.63,2026-01-25
17825,17724,7.38,2026-01-25
17826,21394,220.00,2026-01-25
17827,3380,6.60,2026-01-25
17828,19976,21.00,2026-01-25
17829,16100,0.81,2026-01-25
17830,21492,0.61,2026-01-25
17831,14168,25.40,2026-01-25
17832,4184,39.29,2026-01-25
17833,23303,55.96,2026-01-25
17834,10575,0.52,2026-01-25
17835,7141,1.60,2026-01-25
17836,20567,8.51,2026-01-25
17837,2824,7.29,2026-01-25
17838,8942,2.43,2026-01-25
17839,6533,21.41,2026-01-25
17840,1516,0.52,2026-01-25
17841,22129,2.17,2026-01-25
17842,4694,0.15,2026-01-25
17843,10960,0.65,2026-01-25
17844,22019,2.29,2026-01-25
17845,16798,75.14,2026-01-25
17846,25765,54.27,2026-01-25
17847,4495,50.96,2026-01-25
17848,19595,0.26,2026-01-25
17849,8764,0.16,2026-01-25
17850,13239,28.28,2026-01-25
17851,16364,3.37,2026-01-25
17852,2962,10.86,2026-01-25
17853,2912,0.72,2026-01-25
17854,10519,3.12,2026-01-25
17855,19423,0.26,2026-01-25
17856,5714,0.80,2026-01-25
17857,22914,0.15,2026-01-25
17858,14432,0.20,2026-01-25
17859,8411,5.01,2026-01-25
17860,1370,5.24,2026-01-25
17861,13843,0.28,2026-01-25
17862,26532,0.44,2026-01-25
17863,26265,0.47,2026-01-25
17864,3011,0.84,2026-01-25
17865,7885,0.26,2026-01-25
17866,1326,0.58,2026-01-25
17867,16229,100.00,2026-01-25
17868,15624,49.15,2026-01-25
17869,14725,0.21,2026-01-25
17870,17367,0.11,2026-01-25
17871,4823,0.32,2026-01-25
17872,19230,1.98,2026-01-25
17873,15831,0.17,2026-01-25
17874,22114,0.37,2026-01-25
17875,3844,36.42,2026-01-25
17876,23354,0.58,2026-01-25
17877,22340,1.09,2026-01-25
17878,3555,0.27,2026-01-25
17879,8405,0.76,2026-01-25
17880,19706,189.98,2026-01-25
17881,8332,164.98,2026-01-25
17882,12096,0.28,2026-01-25
17883,24354,0.91,2026-01-25
17884,4413,0.30,2026-01-25
17885,9005,0.13,2026-01-25
17886,18618,56.67,2026-01-25
17887,23922,0.15,2026-01-25
17888,2536,0.27,2026-01-25
17889,26726,18.60,2026-01-25
17890,23562,99.58,2026-01-25
17891,3601,7.05,2026-01-25
17892,19728,2.75,2026-01-25
17893,25421,0.51,2026-01-25
17894,13703,4.63,2026-01-25
17895,26,0.42,2026-01-25
17896,12448,2.05,2026-01-25
17897,16619,0.28,2026-01-25
17898,14383,1.43,2026-01-25
17899,3112,0.31,2026-01-25
17900,9063,0.65,2026-01-25
17901,7177,0.17,2026-01-25
17902,1847,0.42,2026-01-25
17903,22737,0.72,2026-01-25
17904,12883,1.59,2026-01-25
17905,10723,1.46,2026-01-25
17906,27074,5.21,2026-01-25
17907,1999,1.51,2026-01-25
17908,10536,53.21,2026-01-25
17909,14482,171.25,2026-01-25
17910,22200,0.52,2026-01-25
17911,7732,38.25,2026-01-25
17912,24693,0.50,2026-01-25
17913,18737,2.85,2026-01-25
17914,8987,0.16,2026-01-25
17915,5283,1.07,2026-01-25
17916,1135,2.93,2026-01-25
17917,7289,3.07,2026-01-25
17918,11002,2.17,2026-01-25
17919,11191,12.84,2026-01-25
17920,19910,0.69,2026-01-25
17921,18486,0.40,2026-01-25
17922,11851,32.14,2026-01-25
17923,17438,2.13,2026-01-25
17924,17568,4.75,2026-01-25
17925,5538,4.83,2026-01-25
17926,19429,225.15,2026-01-25
17927,24175,28.43,2026-01-25
17928,14391,0.16,2026-01-25
17929,7378,0.09,2026-01-25
17930,23856,5.00,2026-01-25
17931,8131,1.79,2026-01-25
17932,11698,138.54,2026-01-25
17933,16703,0.25,2026-01-25
17934,4225,0.54,2026-01-25
17935,472,100.50,2026-01-25
17936,17173,0.60,2026-01-25
17937,4345,3.68,2026-01-25
17938,17274,122.99,2026-01-25
17939,23220,0.13,2026-01-25
17940,5001,0.34,2026-01-25
17941,5539,13.20,2026-01-25
17942,13381,45.74,2026-01-25
17943,24029,0.34,2026-01-25
17944,24752,1.08,2026-01-25
17945,15505,45.43,2026-01-25
17946,5994,2.46,2026-01-25
17947,5606,1.05,2026-01-25
17948,24927,10.11,2026-01-25
17949,23563,0.38,2026-01-25
17950,4641,2.24,2026-01-25
17951,15685,0.46,2026-01-25
17952,21927,1.15,2026-01-25
17953,11608,60.50,2026-01-25
17954,10845,0.18,2026-01-25
17955,15237,4.88,2026-01-25
17956,17172,0.39,2026-01-25
17957,23116,0.88,2026-01-25
17958,14135,134.95,2026-01-25
17959,9210,0.68,2026-01-25
17960,4780,1.34,2026-01-25
17961,15703,67.12,2026-01-25
17962,12282,0.61,2026-01-25
17963,4647,6.29,2026-01-25
17964,17638,52.10,2026-01-25
17965,25635,883.00,2026-01-25
17966,3109,16.01,2026-01-25
17967,11277,3.67,2026-01-25
17968,10728,10.42,2026-01-25
17969,21361,0.24,2026-01-25
17970,429,2.25,2026-01-25
17971,17898,577.50,2026-01-25
17972,19798,0.44,2026-01-25
17973,3532,0.22,2026-01-25
17974,16530,0.19,2026-01-25
17975,3602,0.38,2026-01-25
17976,7681,0.12,2026-01-25
17977,21435,0.36,2026-01-25
17978,22084,0.92,2026-01-25
17979,26273,10.91,2026-01-25
17980,17465,0.19,2026-01-25
17981,8672,0.44,2026-01-25
17982,12101,0.11,2026-01-25
17983,23079,0.28,2026-01-25
17984,16311,134.66,2026-01-25
17985,7343,37.14,2026-01-25
17986,22612,17.30,2026-01-25
17987,4055,0.21,2026-01-25
17988,16187,1.52,2026-01-25
17989,18080,0.66,2026-01-25
17990,18363,4.42,2026-01-25
17991,1655,1.15,2026-01-25
17992,9181,0.55,2026-01-25
17993,21106,0.21,2026-01-25
17994,14593,0.49,2026-01-25
17995,19465,1.52,2026-01-25
17996,21423,5.08,2026-01-25
17997,3902,0.45,2026-01-25
17998,23038,1.69,2026-01-25
17999,2027,0.66,2026-01-25
18000,17582,6.61,2026-01-25
18001,2476,0.30,2026-01-25
18002,2575,1.69,2026-01-25
18003,5716,1.53,2026-01-25
18004,18850,0.82,2026-01-25
18005,14342,0.25,2026-01-25
18006,23283,1.87,2026-01-25
18007,7174,0.11,2026-01-25
18008,8028,0.30,2026-01-25
18009,1804,0.42,2026-01-25
18010,15149,1.58,2026-01-25
18011,10720,0.51,2026-01-25
18012,7154,0.47,2026-01-25
18013,21698,0.23,2026-01-25
18014,24141,2.03,2026-01-25
18015,13568,149.76,2026-01-25
18016,21769,4.98,2026-01-25
18017,25028,2.92,2026-01-25
18018,10893,159.30,2026-01-25
18019,20969,27.85,2026-01-25
18020,4930,0.39,2026-01-25
18021,1048,0.21,2026-01-25
18022,17346,0.58,2026-01-25
18023,13977,0.32,2026-01-25
18024,25996,0.98,2026-01-25
18025,2229,409.43,2026-01-25
18026,8606,0.63,2026-01-25
18027,1791,0.44,2026-01-25
18028,27031,6.25,2026-01-25
18029,2688,9.73,2026-01-25
18030,274,1.01,2026-01-25
18031,6205,2.66,2026-01-25
18032,18955,24.91,2026-01-25
18033,11149,15.63,2026-01-25
18034,23240,0.37,2026-01-25
18035,1929,2.48,2026-01-25
18036,12380,0.24,2026-01-25
18037,4674,1.49,2026-01-25
18038,3315,0.71,2026-01-25
18039,17456,0.97,2026-01-25
18040,4646,18.45,2026-01-25
18041,419,479.99,2026-01-25
18042,2381,0.49,2026-01-25
18043,12755,0.77,2026-01-25
18044,8122,0.78,2026-01-25
18045,22302,8.42,2026-01-25
18046,24664,170.39,2026-01-25
18047,16443,45.23,2026-01-25
18048,8582,0.65,2026-01-25
18049,10859,0.84,2026-01-25
18050,25424,0.13,2026-01-25
18051,16419,0.35,2026-01-25
18052,6274,51.39,2026-01-25
18053,26236,0.30,2026-01-25
18054,1878,0.17,2026-01-25
18055,21953,40.97,2026-01-25
18056,9109,0.43,2026-01-25
18057,11861,85.00,2026-01-25
18058,11675,0.97,2026-01-25
18059,10880,2.99,2026-01-25
18060,2946,0.63,2026-01-25
18061,14120,2.66,2026-01-25
18062,15568,1.97,2026-01-25
18063,19387,1.22,2026-01-25
18064,1209,2.49,2026-01-25
18065,5778,0.80,2026-01-25
18066,9622,2.59,2026-01-25
18067,4558,3.36,2026-01-25
18068,12545,8.96,2026-01-25
18069,19561,1.99,2026-01-25
18070,20859,1.22,2026-01-25
18071,5799,0.32,2026-01-25
18072,15274,0.48,2026-01-25
18073,3591,138.15,2026-01-25
18074,5137,0.44,2026-01-25
18075,7218,0.32,2026-01-25
18076,9788,0.37,2026-01-25
18077,15845,0.36,2026-01-25
18078,8404,0.25,2026-01-25
18079,26689,0.10,2026-01-25
18080,8828,52.28,2026-01-25
18081,16866,2.50,2026-01-25
18082,26527,0.96,2026-01-25
18083,16473,5.59,2026-01-25
18084,22243,5.68,2026-01-25
18085,19108,0.06,2026-01-25
18086,869,0.18,2026-01-25
18087,5563,0.20,2026-01-25
18088,10467,0.43,2026-01-25
18089,9053,0.51,2026-01-25
18090,21941,2.06,2026-01-25
18091,1401,1.33,2026-01-25
18092,21695,4.95,2026-01-25
18093,10395,0.13,2026-01-25
18094,24699,0.49,2026-01-25
18095,26010,0.25,2026-01-25
18096,18858,0.22,2026-01-25
18097,10874,162.50,2026-01-25
18098,2334,0.15,2026-01-25
18099,820,0.28,2026-01-25
18100,19777,9.00,2026-01-25
18101,21917,6.53,2026-01-25
18102,7084,21.09,2026-01-25
18103,21747,0.17,2026-01-25
18104,22070,0.37,2026-01-25
18105,15710,0.39,2026-01-25
18106,19325,2.97,2026-01-25
18107,22851,336.70,2026-01-25
18108,19655,0.63,2026-01-25
18109,1367,0.75,2026-01-25
18110,15224,0.11,2026-01-25
18111,26801,0.33,2026-01-25
18112,999,1.11,2026-01-25
18113,6597,1.30,2026-01-25
18114,9511,0.48,2026-01-25
18115,7172,0.23,2026-01-25
18116,6587,7.16,2026-01-25
18117,9045,14.97,2026-01-25
18118,24066,4.73,2026-01-25
18119,3966,0.20,2026-01-25
18120,19486,0.71,2026-01-25
18121,14992,239.98,2026-01-25
18122,18842,0.06,2026-01-25
18123,12236,0.17,2026-01-25
18124,19410,800.00,2026-01-25
18125,10122,0.20,2026-01-25
18126,201,0.38,2026-01-25
18127,8542,1.55,2026-01-25
18128,17132,0.74,2026-01-25
18129,24082,0.27,2026-01-25
18130,2679,0.56,2026-01-25
18131,6850,3.52,2026-01-25
18132,2461,3.11,2026-01-25
18133,6238,0.69,2026-01-25
18134,4228,1.72,2026-01-25
18135,1014,124.74,2026-01-25
18136,1737,12.68,2026-01-25
18137,15586,2.43,2026-01-25
18138,16480,2.99,2026-01-25
18139,26444,1.22,2026-01-25
18140,2835,6.55,2026-01-25
18141,17787,0.86,2026-01-25
18142,6926,4.34,2026-01-25
18143,23500,33.62,2026-01-25
18144,11755,2.69,2026-01-25
18145,2643,1.32,2026-01-25
18146,20105,8.56,2026-01-25
18147,17751,360.00,2026-01-25
18148,9913,5.38,2026-01-25
18149,18605,0.21,2026-01-25
18150,26315,0.33,2026-01-25
18151,795,0.18,2026-01-25
18152,3909,1.35,2026-01-25
18153,6511,1.74,2026-01-25
18154,24636,339.50,2026-01-25
18155,9769,0.29,2026-01-25
18156,7974,0.62,2026-01-25
18157,3264,26.57,2026-01-25
18158,12391,41.32,2026-01-25
18159,24627,0.88,2026-01-25
18160,14484,4.91,2026-01-25
18161,2695,0.26,2026-01-25
18162,4264,3.33,2026-01-25
18163,23231,0.33,2026-01-25
18164,25208,3.68,2026-01-25
18165,7087,46.24,2026-01-25
18166,17315,35.16,2026-01-25
18167,579,0.39,2026-01-25
18168,6286,3.75,2026-01-25
18169,14824,4.35,2026-01-25
18170,8834,11.75,2026-01-25
18171,5205,13.32,2026-01-25
18172,3073,4.59,2026-01-25
18173,12656,42.20,2026-01-25
18174,6629,0.32,2026-01-25
18175,1904,2.79,2026-01-25
18176,7481,194.99,2026-01-25
18177,19659,0.30,2026-01-25
18178,17854,1.75,2026-01-25
18179,8039,2.01,2026-01-25
18180,22955,3.88,2026-01-25
18181,15093,0.40,2026-01-25
18182,20772,0.08,2026-01-25
18183,1593,0.21,2026-01-25
18184,5079,0.52,2026-01-25
18185,15625,0.22,2026-01-25
18186,8797,1.30,2026-01-25
18187,19842,2.11,2026-01-25
18188,14395,3.52,2026-01-25
18189,20670,28.19,2026-01-25
18190,152,118.43,2026-01-25
18191,9814,0.20,2026-01-25
18192,24982,0.45,2026-01-25
18193,19897,6.43,2026-01-25
18194,355,23.26,2026-01-25
18195,6384,150.00,2026-01-25
18196,19237,160.82,2026-01-25
18197,18110,3.11,2026-01-25
18198,6195,7.55,2026-01-25
18199,23396,3.71,2026-01-25
18200,14732,6.01,2026-01-25
18201,16138,0.13,2026-01-25
18202,25814,0.29,2026-01-25
18203,60,1.89,2026-01-25
18204,9577,4.96,2026-01-25
18205,9651,7.73,2026-01-25
18206,4020,1.28,2026-01-25
18207,11405,0.27,2026-01-25
18208,7230,2.80,2026-01-25
18209,12498,0.06,2026-01-25
18210,16072,0.15,2026-01-25
18211,11189,0.17,2026-01-25
18212,9344,1.00,2026-01-25
18213,15762,0.22,2026-01-25
18214,2748,0.53,2026-01-25
18215,25175,2.13,2026-01-25
18216,7589,0.20,2026-01-25
18217,19673,0.31,2026-01-25
18218,4434,26.54,2026-01-25
18219,21678,17.64,2026-01-25
18220,10855,0.41,2026-01-25
18221,12593,0.92,2026-01-25
18222,6657,0.17,2026-01-25
18223,23711,0.08,2026-01-25
18224,7605,1.95,2026-01-25
18225,11404,1.30,2026-01-25
18226,26800,0.46,2026-01-25
18227,26186,0.76,2026-01-25
18228,13618,0.16,2026-01-25
18229,13973,0.37,2026-01-25
18230,18233,0.33,2026-01-25
18231,15666,0.12,2026-01-25
18232,8074,0.39,2026-01-25
18233,8788,1.69,2026-01-25
18234,26425,0.48,2026-01-25
18235,22936,5.95,2026-01-25
18236,2632,2.97,2026-01-25
18237,3231,2.42,2026-01-25
18238,26657,0.39,2026-01-25
18239,28,3.53,2026-01-25
18240,7412,13.63,2026-01-25
18241,17724,7.38,2026-01-25
18242,21394,220.00,2026-01-25
18243,3380,6.60,2026-01-25
18244,19976,21.00,2026-01-25
18245,16100,0.81,2026-01-25
18246,21492,0.61,2026-01-25
18247,14168,25.40,2026-01-25
18248,4184,39.29,2026-01-25
18249,23303,55.96,2026-01-25
18250,10575,0.52,2026-01-25
18251,7141,1.60,2026-01-25
18252,20567,8.51,2026-01-25
18253,2824,7.29,2026-01-25
18254,8942,2.43,2026-01-25
18255,6533,21.41,2026-01-25
18256,1516,0.52,2026-01-25
18257,22129,2.17,2026-01-25
18258,4694,0.15,2026-01-25
18259,10960,0.65,2026-01-25
18260,22019,2.29,2026-01-25
18261,16798,75.14,2026-01-25
18262,25765,54.27,2026-01-25
18263,4495,50.96,2026-01-25
18264,19595,0.26,2026-01-25
18265,8764,0.16,2026-01-25
18266,13239,28.28,2026-01-25
18267,16364,3.37,2026-01-25
18268,2962,10.86,2026-01-25
18269,2912,0.72,2026-01-25
18270,10519,3.12,2026-01-25
18271,19423,0.26,2026-01-25
18272,5714,0.80,2026-01-25
18273,22914,0.15,2026-01-25
18274,14432,0.20,2026-01-25
18275,8411,5.01,2026-01-25
18276,1370,5.24,2026-01-25
18277,13843,0.28,2026-01-25
18278,26532,0.44,2026-01-25
18279,26265,0.47,2026-01-25
18280,3011,0.84,2026-01-25
18281,7885,0.26,2026-01-25
18282,1326,0.58,2026-01-25
18283,16229,100.00,2026-01-25
18284,15624,49.15,2026-01-25
18285,14725,0.21,2026-01-25
18286,17367,0.11,2026-01-25
18287,4823,0.32,2026-01-25
18288,19230,1.98,2026-01-25
18289,15831,0.17,2026-01-25
18290,22114,0.37,2026-01-25
18291,3844,36.42,2026-01-25
18292,23354,0.58,2026-01-25
18293,22340,1.09,2026-01-25
18294,3555,0.27,2026-01-25
18295,8405,0.76,2026-01-25
18296,19706,189.98,2026-01-25
18297,8332,164.98,2026-01-25
18298,12096,0.28,2026-01-25
18299,24354,0.91,2026-01-25
18300,4413,0.30,2026-01-25
18301,9005,0.13,2026-01-25
18302,18618,56.67,2026-01-25
18303,23922,0.15,2026-01-25
18304,2536,0.27,2026-01-25
18305,26726,18.60,2026-01-25
18306,23562,99.58,2026-01-25
18307,3601,7.05,2026-01-25
18308,19728,2.75,2026-01-25
18309,25421,0.51,2026-01-25
18310,13703,4.63,2026-01-25
18311,26,0.42,2026-01-25
18312,12448,2.05,2026-01-25
18313,16619,0.28,2026-01-25
18314,14383,1.43,2026-01-25
18315,3112,0.31,2026-01-25
18316,9063,0.65,2026-01-25
18317,7177,0.17,2026-01-25
18318,1847,0.42,2026-01-25
18319,22737,0.72,2026-01-25
18320,12883,1.59,2026-01-25
18321,10723,1.46,2026-01-25
18322,27074,5.21,2026-01-25
18323,1999,1.51,2026-01-25
18324,10536,53.21,2026-01-25
18325,14482,171.25,2026-01-25
18326,22200,0.52,2026-01-25
18327,7732,38.25,2026-01-25
18328,24693,0.50,2026-01-25
18329,18737,2.85,2026-01-25
18330,8987,0.16,2026-01-25
18331,5283,1.07,2026-01-25
18332,1135,2.93,2026-01-25
18333,7289,3.07,2026-01-25
18334,11002,2.17,2026-01-25
18335,11191,12.84,2026-01-25
18336,19910,0.69,2026-01-25
18337,18486,0.40,2026-01-25
18338,11851,32.14,2026-01-25
18339,17438,2.13,2026-01-25
18340,17568,4.75,2026-01-25
18341,5538,4.83,2026-01-25
18342,19429,225.15,2026-01-25
18343,24175,28.43,2026-01-25
18344,14391,0.16,2026-01-25
18345,7378,0.09,2026-01-25
18346,23856,5.00,2026-01-25
18347,8131,1.79,2026-01-25
18348,11698,138.54,2026-01-25
18349,16703,0.25,2026-01-25
18350,4225,0.54,2026-01-25
18351,472,100.50,2026-01-25
18352,17173,0.60,2026-01-25
18353,4345,3.68,2026-01-25
18354,17274,122.99,2026-01-25
18355,23220,0.13,2026-01-25
18356,5001,0.34,2026-01-25
18357,5539,13.20,2026-01-25
18358,13381,45.74,2026-01-25
18359,24029,0.34,2026-01-25
18360,24752,1.08,2026-01-25
18361,15505,45.43,2026-01-25
18362,5994,2.46,2026-01-25
18363,5606,1.05,2026-01-25
18364,24927,10.11,2026-01-25
18365,23563,0.38,2026-01-25
18366,4641,2.24,2026-01-25
18367,15685,0.46,2026-01-25
18368,21927,1.15,2026-01-25
18369,11608,60.50,2026-01-25
18370,10845,0.18,2026-01-25
18371,15237,4.88,2026-01-25
18372,17172,0.39,2026-01-25
18373,23116,0.88,2026-01-25
18374,14135,134.95,2026-01-25
18375,9210,0.68,2026-01-25
18376,4780,1.34,2026-01-25
18377,15703,67.12,2026-01-25
18378,12282,0.61,2026-01-25
18379,4647,6.29,2026-01-25
18380,17638,52.10,2026-01-25
18381,25635,883.00,2026-01-25
18382,3109,16.01,2026-01-25
18383,11277,3.67,2026-01-25
18384,10728,10.42,2026-01-25
18385,21361,0.24,2026-01-25
18386,429,2.25,2026-01-25
18387,17898,577.50,2026-01-25
18388,19798,0.44,2026-01-25
18389,3532,0.22,2026-01-25
18390,20422,3.09,2026-01-25
18391,4565,1.04,2026-01-25
18392,18420,0.23,2026-01-25
18393,25347,1.99,2026-01-25
18394,12658,0.14,2026-01-25
18395,16632,0.37,2026-01-25
18396,16460,0.23,2026-01-25
18397,24401,0.85,2026-01-25
18398,9187,149.32,2026-01-25
18399,20975,49.31,2026-01-25
18400,3437,0.41,2026-01-25
18401,25589,0.98,2026-01-25
18402,20816,0.15,2026-01-25
18403,25994,0.41,2026-01-25
18404,21657,7.62,2026-01-25
18405,21939,59.06,2026-01-25
18406,13077,1.01,2026-01-25
18407,3720,0.42,2026-01-25
18408,17381,3.37,2026-01-25
18409,954,22.50,2026-01-25
18410,16731,1.95,2026-01-25
18411,12591,2.17,2026-01-25
18412,16095,327.78,2026-01-25
18413,22811,0.28,2026-01-25
18414,5374,0.15,2026-01-25
18415,7849,0.60,2026-01-25
18416,13768,0.37,2026-01-25
18417,15614,0.35,2026-01-25
18418,1206,1.41,2026-01-25
18419,16384,8.18,2026-01-25
18420,24617,0.18,2026-01-25
18421,4860,0.58,2026-01-25
18422,11416,0.13,2026-01-25
18423,23464,0.23,2026-01-25
18424,17203,132.00,2026-01-25
18425,25553,0.39,2026-01-25
18426,18221,0.17,2026-01-25
18427,17690,0.48,2026-01-25
18428,23408,0.18,2026-01-25
18429,16998,0.47,2026-01-25
18430,22150,4.49,2026-01-25
18431,15774,18.84,2026-01-25
18432,5404,0.26,2026-01-25
18433,17239,0.32,2026-01-25
18434,16261,7.86,2026-01-25
18435,1912,0.75,2026-01-25
18436,14946,5.85,2026-01-25
18437,23982,5.17,2026-01-25
18438,7435,4.30,2026-01-25
18439,327,0.38,2026-01-25
18440,15092,0.33,2026-01-25
18441,12476,153.76,2026-01-25
18442,24818,0.79,2026-01-25
18443,26881,3.24,2026-01-25
18444,9236,1.74,2026-01-25
18445,11217,1.48,2026-01-25
18446,18751,3.71,2026-01-25
18447,3570,62.39,2026-01-25
18448,6327,99.99,2026-01-25
18449,25743,0.61,2026-01-25
18450,13885,3.72,2026-01-25
18451,22671,6502.49,2026-01-25
18452,18756,104.71,2026-01-25
18453,11674,1.19,2026-01-25
18454,15438,0.33,2026-01-25
18455,20845,0.13,2026-01-25
18456,14115,0.22,2026-01-25
18457,3612,19.71,2026-01-25
18458,4087,10.19,2026-01-25
18459,20501,2.34,2026-01-25
18460,15707,0.41,2026-01-25
18461,2661,2.77,2026-01-25
18462,1987,7.35,2026-01-25
18463,25165,34.50,2026-01-25
18464,8469,0.78,2026-01-25
18465,15475,2.22,2026-01-25
18466,2310,0.21,2026-01-25
18467,25562,0.63,2026-01-25
18468,10778,133.46,2026-01-25
18469,2723,89.44,2026-01-25
18470,25253,150.00,2026-01-25
18471,5763,237.60,2026-01-25
18472,4715,1.65,2026-01-25
18473,7212,4.13,2026-01-25
18474,5724,0.76,2026-01-25
18475,3232,39.86,2026-01-25
18476,5492,0.36,2026-01-25
18477,8688,0.52,2026-01-25
18478,24777,32.25,2026-01-25
18479,26325,0.60,2026-01-25
18480,19585,0.30,2026-01-25
18481,3830,249.99,2026-01-25
18482,18330,3.03,2026-01-25
18483,2550,0.36,2026-01-25
18484,3164,3.75,2026-01-25
18485,7831,0.95,2026-01-25
18486,23505,2.84,2026-01-25
18487,10704,0.38,2026-01-25
18488,4293,5.01,2026-01-25
18489,14206,15.19,2026-01-25
18490,10328,5.33,2026-01-25
18491,1961,397.50,2026-01-25
18492,19792,64.99,2026-01-25
18493,15214,2.29,2026-01-25
18494,2604,3.07,2026-01-25
18495,14343,0.08,2026-01-25
18496,8072,0.22,2026-01-25
18497,20369,4.21,2026-01-25
18498,5970,18.84,2026-01-25
18499,13785,1.46,2026-01-25
18500,8594,0.53,2026-01-25
18501,11753,0.07,2026-01-25
18502,20874,0.23,2026-01-25
18503,16110,0.07,2026-01-25
18504,26787,0.29,2026-01-25
18505,21828,55.71,2026-01-25
18506,5241,0.73,2026-01-25
18507,25337,36.24,2026-01-25
18508,24442,0.57,2026-01-25
18509,16681,0.68,2026-01-25
18510,26539,2100.00,2026-01-25
18511,15035,0.23,2026-01-25
18512,2454,0.46,2026-01-25
18513,5459,4.55,2026-01-25
18514,8261,0.22,2026-01-25
18515,4258,0.49,2026-01-25
18516,11048,375.64,2026-01-25
18517,1281,0.28,2026-01-25
18518,24708,5.00,2026-01-25
18519,25926,13.30,2026-01-25
18520,14983,11.76,2026-01-25
18521,11487,0.20,2026-01-25
18522,13335,0.30,2026-01-25
18523,15055,0.73,2026-01-25
18524,25866,0.50,2026-01-25
18525,14631,0.23,2026-01-25
18526,24391,0.08,2026-01-25
18527,6410,1.52,2026-01-25
18528,25890,2.86,2026-01-25
18529,1108,0.11,2026-01-25
18530,5735,0.24,2026-01-25
18531,12746,0.21,2026-01-25
18532,12083,0.42,2026-01-25
18533,8864,1.02,2026-01-25
18534,21165,0.62,2026-01-25
18535,13417,10.13,2026-01-25
18536,3846,228.42,2026-01-25
18537,18160,0.27,2026-01-25
18538,4148,1.40,2026-01-25
18539,24184,0.24,2026-01-25
18540,3716,0.14,2026-01-25
18541,6258,25.54,2026-01-25
18542,15061,2.46,2026-01-25
18543,11662,0.31,2026-01-25
18544,15268,0.07,2026-01-25
18545,11243,0.18,2026-01-25
18546,17286,34.79,2026-01-25
18547,21618,0.25,2026-01-25
18548,20100,1.43,2026-01-25
18549,1226,6.84,2026-01-25
18550,4048,9.51,2026-01-25
18551,23896,0.31,2026-01-25
18552,5448,0.66,2026-01-25
18553,16236,1.22,2026-01-25
18554,11768,10.54,2026-01-25
18555,22687,65.75,2026-01-25
18556,5042,199.50,2026-01-25
18557,19141,2.69,2026-01-25
18558,7148,12.82,2026-01-25
18559,1790,4.58,2026-01-25
18560,9424,30.00,2026-01-25
18561,20124,12.49,2026-01-25
18562,12924,55.64,2026-01-25
18563,5963,0.28,2026-01-25
18564,6125,0.42,2026-01-25
18565,11763,188.90,2026-01-25
18566,20753,5.27,2026-01-25
18567,8132,2.01,2026-01-25
18568,4650,1.00,2026-01-25
18569,10715,0.32,2026-01-25
18570,16405,0.93,2026-01-25
18571,3801,257.26,2026-01-25
18572,20956,269.99,2026-01-25
18573,20368,0.26,2026-01-25
18574,15060,0.37,2026-01-25
18575,26457,7.46,2026-01-25
18576,10062,15.48,2026-01-25
18577,26931,0.42,2026-01-25
18578,10933,1.67,2026-01-25
18579,427,28.93,2026-01-25
18580,9646,18.71,2026-01-25
18581,17035,5.06,2026-01-25
18582,22334,3.85,2026-01-25
18583,2379,2.27,2026-01-25
18584,4618,15.53,2026-01-25
18585,14483,0.18,2026-01-25
18586,16320,0.28,2026-01-25
18587,10220,2.11,2026-01-25
18588,16802,0.70,2026-01-25
18589,19110,0.42,2026-01-25
18590,2995,0.17,2026-01-25
18591,3765,0.19,2026-01-25
18592,18202,0.48,2026-01-25
18593,22000,0.43,2026-01-25
18594,5951,0.16,2026-01-25
18595,8643,295.28,2026-01-25
18596,4295,0.42,2026-01-25
18597,2837,36.52,2026-01-25
18598,22004,0.23,2026-01-25
18599,10231,0.62,2026-01-25
18600,7265,191.67,2026-01-25
18601,18803,0.28,2026-01-25
18602,26779,2.97,2026-01-25
18603,12192,130.62,2026-01-25
18604,8336,359.99,2026-01-25
18605,6902,4.87,2026-01-25
18606,23536,218.34,2026-01-25
18607,2782,0.17,2026-01-25
18608,16109,0.35,2026-01-25
18609,18635,0.15,2026-01-25
18610,13368,0.70,2026-01-25
18611,22996,0.29,2026-01-25
18612,10567,0.53,2026-01-25
18613,7236,0.44,2026-01-25
18614,24206,0.32,2026-01-25
18615,3296,1.50,2026-01-25
18616,24053,18.50,2026-01-25
18617,12910,30.96,2026-01-25
18618,6307,47.03,2026-01-25
18619,7372,0.67,2026-01-25
18620,7784,0.76,2026-01-25
18621,5641,0.40,2026-01-25
18622,10461,3.80,2026-01-25
18623,17040,0.20,2026-01-25
18624,21430,0.47,2026-01-25
18625,13127,2.03,2026-01-25
18626,2529,106.63,2026-01-25
18627,17786,0.15,2026-01-25
18628,26827,0.33,2026-01-25
18629,20103,0.11,2026-01-25
18630,11654,0.25,2026-01-25
18631,14173,0.12,2026-01-25
18632,27085,0.25,2026-01-25
18633,17114,48.85,2026-01-25
18634,26569,899.99,2026-01-25
18635,23117,0.32,2026-01-25
18636,7037,1.40,2026-01-25
18637,18366,3.49,2026-01-25
18638,19879,500.00,2026-01-25
18639,7140,926.49,2026-01-25
18640,2935,19.63,2026-01-25
18641,26105,10.78,2026-01-25
18642,25156,34.00,2026-01-25
18643,10924,1.13,2026-01-25
18644,14390,2.34,2026-01-25
18645,11115,1.90,2026-01-25
18646,17016,0.81,2026-01-25
18647,11498,5.57,2026-01-25
18648,1598,0.25,2026-01-25
18649,21817,0.67,2026-01-25
18650,20004,50.00,2026-01-25
18651,8703,4.21,2026-01-25
18652,15394,0.11,2026-01-25
18653,11429,0.26,2026-01-25
18654,4194,0.81,2026-01-25
18655,23601,0.47,2026-01-25
18656,7760,1.97,2026-01-25
18657,20472,3.00,2026-01-25
18658,11693,3.53,2026-01-25
18659,17911,4.56,2026-01-25
18660,16501,0.42,2026-01-25
18661,5202,0.28,2026-01-25
18662,6808,50.80,2026-01-25
18663,22910,0.22,2026-01-25
18664,26417,1.42,2026-01-25
18665,11117,4.21,2026-01-25
18666,8419,14.72,2026-01-25
18667,22527,7.74,2026-01-25
18668,1801,5.74,2026-01-25
18669,22690,48.66,2026-01-25
18670,22802,0.26,2026-01-25
18671,4643,0.77,2026-01-25
18672,19628,3.70,2026-01-25
18673,14227,1.49,2026-01-25
18674,12966,1.72,2026-01-25
18675,16463,66.00,2026-01-25
18676,204,0.30,2026-01-25
18677,3924,0.46,2026-01-25
18678,24167,40.69,2026-01-25
18679,20825,7.02,2026-01-25
18680,16114,45.16,2026-01-25
18681,12235,67.32,2026-01-25
18682,5887,0.22,2026-01-25
18683,19382,0.55,2026-01-25
18684,12914,0.20,2026-01-25
18685,14713,0.22,2026-01-25
18686,22729,282.48,2026-01-25
18687,21099,65.21,2026-01-25
18688,4368,0.21,2026-01-25
18689,26462,0.45,2026-01-25
18690,20579,17.88,2026-01-25
18691,5480,6.56,2026-01-25
18692,22794,1.69,2026-01-25
18693,2791,0.98,2026-01-25
18694,16218,0.14,2026-01-25
18695,5507,0.43,2026-01-25
18696,23315,0.23,2026-01-25
18697,10530,0.30,2026-01-25
18698,2929,69.65,2026-01-25
18699,17012,0.63,2026-01-25
18700,9197,0.27,2026-01-25
18701,8583,0.27,2026-01-25
18702,7587,0.67,2026-01-25
18703,14845,7.16,2026-01-25
18704,19576,5.24,2026-01-25
18705,6472,4.50,2026-01-25
18706,17429,0.07,2026-01-25
18707,25017,0.20,2026-01-25
18708,2082,18.05,2026-01-25
18709,3059,0.60,2026-01-25
18710,8825,0.72,2026-01-25
18711,11980,0.35,2026-01-25
18712,8820,0.43,2026-01-25
18713,5796,0.39,2026-01-25
18714,1870,2.10,2026-01-25
18715,19865,0.26,2026-01-25
18716,8496,1.41,2026-01-25
18717,9640,0.06,2026-01-25
18718,15675,0.18,2026-01-25
18719,10132,0.10,2026-01-25
18720,20497,0.29,2026-01-25
18721,9200,1.74,2026-01-25
18722,24295,0.12,2026-01-25
18723,15790,0.34,2026-01-25
18724,8693,0.43,2026-01-25
18725,2045,1.36,2026-01-25
18726,5353,0.45,2026-01-25
18727,16434,0.68,2026-01-25
18728,25112,470.00,2026-01-25
18729,8008,198.84,2026-01-25
18730,7027,500.00,2026-01-25
18731,16943,79.30,2026-01-25
18732,12502,219.51,2026-01-25
18733,15333,0.12,2026-01-25
18734,6419,0.36,2026-01-25
18735,8351,427.37,2026-01-25
18736,9301,48.75,2026-01-25
18737,13,183.63,2026-01-25
18738,5828,0.21,2026-01-25
18739,22361,0.12,2026-01-25
18740,1580,0.22,2026-01-25
18741,25171,0.91,2026-01-25
18742,12650,0.41,2026-01-25
18743,5051,0.54,2026-01-25
18744,13517,120.95,2026-01-25
18745,16851,0.32,2026-01-25
18746,3842,1.13,2026-01-25
18747,17218,21.41,2026-01-25
18748,16884,0.71,2026-01-25
18749,20343,11.02,2026-01-25
18750,26907,1.99,2026-01-25
18751,11865,18.99,2026-01-25
18752,2890,0.42,2026-01-25
18753,10561,0.73,2026-01-25
18754,5895,7.43,2026-01-25
18755,20651,1.05,2026-01-25
18756,13240,0.45,2026-01-25
18757,12313,4.82,2026-01-25
18758,2715,4.59,2026-01-25
18759,2997,0.96,2026-01-25
18760,12037,0.14,2026-01-25
18761,3685,0.60,2026-01-25
18762,22461,2100.98,2026-01-25
18763,24244,0.54,2026-01-25
18764,21401,0.33,2026-01-25
18765,10533,155.42,2026-01-25
18766,6306,9.34,2026-01-25
18767,23331,0.53,2026-01-25
18768,14553,7.57,2026-01-25
18769,25303,0.49,2026-01-25
18770,26235,0.17,2026-01-25
18771,26762,0.61,2026-01-25
18772,16533,99.00,2026-01-25
18773,10964,0.15,2026-01-25
18774,8057,0.39,2026-01-25
18775,4253,4.74,2026-01-25
18776,12854,5.50,2026-01-25
18777,2763,0.59,2026-01-25
18778,3099,2.13,2026-01-25
18779,1817,0.95,2026-01-25
18780,22124,2.71,2026-01-25
18781,4204,0.75,2026-01-25
18782,10072,1.17,2026-01-25
18783,10494,0.59,2026-01-25
18784,10755,0.35,2026-01-25
18785,10440,175.50,2026-01-25
18786,24726,0.24,2026-01-25
18787,418,1.99,2026-01-25
18788,1314,117.50,2026-01-25
18789,13038,136.86,2026-01-25
18790,2093,69.98,2026-01-25
18791,2760,27.71,2026-01-25
18792,19371,0.63,2026-01-25
18793,26388,0.22,2026-01-25
18794,219,171.09,2026-01-25
18795,15636,0.36,2026-01-25
18796,24218,0.99,2026-01-25
18797,12013,3.10,2026-01-25
18798,2681,36.01,2026-01-25
18799,4638,0.32,2026-01-25
18800,16737,0.99,2026-01-25
18801,24543,7.11,2026-01-25
18802,12908,32.57,2026-01-25
18803,2097,0.08,2026-01-25
18804,23269,0.21,2026-01-25
18805,3507,0.14,2026-01-25
18806,22237,0.22,2026-01-25
18807,6270,0.17,2026-01-25
18808,2473,0.08,2026-01-25
18809,6210,3.78,2026-01-25
18810,10042,0.53,2026-01-25
18811,21192,0.14,2026-01-25
18812,25978,0.24,2026-01-25
18813,10227,1562.48,2026-01-25
18814,3077,0.82,2026-01-25
18815,24845,0.33,2026-01-25
18816,8305,33.95,2026-01-25
18817,10186,93.40,2026-01-25
18818,13901,5.62,2026-01-25
18819,4820,4.57,2026-01-25
18820,9381,0.58,2026-01-25
18821,24741,0.19,2026-01-25
18822,13524,0.11,2026-01-25
18823,21356,0.22,2026-01-25
18824,6820,0.60,2026-01-25
18825,26946,1.29,2026-01-25
18826,18659,32.98,2026-01-25
18827,993,25.18,2026-01-25
18828,19207,0.25,2026-01-25
18829,11847,0.48,2026-01-25
18830,818,0.35,2026-01-25
18831,20342,0.50,2026-01-25
18832,14447,0.77,2026-01-25
18833,5070,0.46,2026-01-25
18834,13157,35.98,2026-01-25
18835,19427,5.47,2026-01-25
18836,17555,2.89,2026-01-25
18837,24612,0.99,2026-01-25
18838,1434,0.53,2026-01-25
18839,14091,5.25,2026-01-25
18840,20839,0.20,2026-01-25
18841,24765,0.57,2026-01-25
18842,25298,0.16,2026-01-25
18843,3411,0.39,2026-01-25
18844,8557,0.31,2026-01-25
18845,8863,10.41,2026-01-25
18846,19763,1.73,2026-01-25
18847,13908,33.32,2026-01-25
18848,15441,0.36,2026-01-25
18849,8331,1.24,2026-01-25
18850,1008,319.99,2026-01-25
18851,21089,0.69,2026-01-25
18852,23673,4.44,2026-01-25
18853,8421,19.87,2026-01-25
18854,22349,0.20,2026-01-25
18855,9158,1.06,2026-01-25
18856,15466,250.88,2026-01-25
18857,24409,0.25,2026-01-25
18858,17134,1.03,2026-01-25
18859,24456,34.96,2026-01-25
18860,5142,429.99,2026-01-25
18861,2629,0.50,2026-01-25
18862,26893,8.49,2026-01-25
18863,23663,291.25,2026-01-25
18864,25956,0.33,2026-01-25
18865,6598,0.18,2026-01-25
18866,12403,16.04,2026-01-25
18867,16303,75.50,2026-01-25
18868,19851,0.42,2026-01-25
18869,17874,0.20,2026-01-25
18870,18317,90.82,2026-01-25
18871,7407,2.86,2026-01-25
18872,25889,1.90,2026-01-25
18873,7786,0.38,2026-01-25
18874,22765,65.00,2026-01-25
18875,17648,0.20,2026-01-25
18876,14727,0.41,2026-01-25
18877,22964,1.40,2026-01-25
18878,10968,48.19,2026-01-25
18879,4878,0.29,2026-01-25
18880,510,0.19,2026-01-25
18881,16279,0.18,2026-01-25
18882,19176,0.33,2026-01-25
18883,13282,337.50,2026-01-25
18884,23204,0.11,2026-01-25
18885,68,0.30,2026-01-25
18886,7031,4.35,2026-01-25
18887,8648,14.96,2026-01-25
18888,6488,0.77,2026-01-25
18889,25346,155.70,2026-01-25
18890,14496,0.46,2026-01-25
18891,22970,2.70,2026-01-25
18892,16497,0.24,2026-01-25
18893,23449,0.68,2026-01-25
18894,14750,10.80,2026-01-25
18895,21222,0.43,2026-01-25
18896,9426,6.49,2026-01-25
18897,4042,129.99,2026-01-25
18898,23068,0.26,2026-01-25
18899,25794,1.49,2026-01-25
18900,4206,0.19,2026-01-25
18901,19016,0.25,2026-01-25
18902,7075,18.15,2026-01-25
18903,3388,2.17,2026-01-25
18904,7636,13.94,2026-01-25
18905,12129,0.88,2026-01-25
18906,7684,0.24,2026-01-25
18907,23124,0.32,2026-01-25
18908,20771,1.03,2026-01-25
18909,373,26.26,2026-01-25
18910,328,1.11,2026-01-25
18911,2619,5.05,2026-01-25
18912,1346,0.46,2026-01-25
18913,3680,10.50,2026-01-25
18914,23023,11.68,2026-01-25
18915,4102,0.35,2026-01-25
18916,25488,0.96,2026-01-25
18917,26067,0.34,2026-01-25
18918,20080,1.20,2026-01-25
18919,21428,0.29,2026-01-25
18920,5247,2.32,2026-01-25
18921,9020,4.83,2026-01-25
18922,1596,1.22,2026-01-25
18923,10578,0.24,2026-01-25
18924,14967,2.29,2026-01-25
18925,23167,0.11,2026-01-25
18926,12205,0.27,2026-01-25
18927,11362,109.99,2026-01-25
18928,26387,0.09,2026-01-25
18929,6456,0.27,2026-01-25
18930,5700,0.18,2026-01-25
18931,17110,0.30,2026-01-25
18932,10696,0.26,2026-01-25
18933,24211,0.57,2026-01-25
18934,5084,0.81,2026-01-25
18935,557,2.17,2026-01-25
18936,8222,37.16,2026-01-25
18937,8071,4.10,2026-01-25
18938,21010,3.26,2026-01-25
18939,937,208.50,2026-01-25
18940,23205,0.71,2026-01-25
18941,24,49.99,2026-01-25
18942,7307,0.15,2026-01-25
18943,9050,0.29,2026-01-25
18944,5452,84.61,2026-01-25
18945,830,0.99,2026-01-25
18946,11420,0.31,2026-01-25
18947,10644,52.25,2026-01-25
18948,15751,1700.00,2026-01-25
18949,415,27.97,2026-01-25
18950,21515,0.19,2026-01-25
18951,26205,0.10,2026-01-25
18952,27015,46.00,2026-01-25
18953,6682,77.03,2026-01-25
18954,23733,3.44,2026-01-25
18955,19011,0.75,2026-01-25
18956,7901,0.18,2026-01-25
18957,10222,0.34,2026-01-25
18958,8573,0.16,2026-01-25
18959,16271,0.28,2026-01-25
18960,1599,35.82,2026-01-25
18961,7287,16.47,2026-01-25
18962,1695,6.00,2026-01-25
18963,23108,35.51,2026-01-25
18964,20175,2.64,2026-01-25
18965,4248,4.42,2026-01-25
18966,9246,0.38,2026-01-25
18967,10182,0.69,2026-01-25
18968,10428,108.05,2026-01-25
18969,5981,0.16,2026-01-25
18970,10143,0.32,2026-01-25
18971,10168,1.66,2026-01-25
18972,6096,1.61,2026-01-25
18973,14638,0.33,2026-01-25
18974,8086,0.97,2026-01-25
18975,11254,0.25,2026-01-25
18976,7012,0.98,2026-01-25
18977,22191,0.33,2026-01-25
18978,17297,2.43,2026-01-25
18979,18841,3.48,2026-01-25
18980,24373,34.99,2026-01-25
18981,198,0.33,2026-01-25
18982,20511,7.95,2026-01-25
18983,10810,4.48,2026-01-25
18984,2365,0.12,2026-01-25
18985,13248,0.29,2026-01-25
18986,301,0.68,2026-01-25
18987,25755,0.33,2026-01-25
18988,3214,0.62,2026-01-25
18989,13102,0.30,2026-01-25
18990,14570,0.22,2026-01-25
18991,6217,0.35,2026-01-25
18992,23118,1.80,2026-01-25
18993,14911,1.16,2026-01-25
18994,15538,0.47,2026-01-25
18995,16047,214.20,2026-01-25
18996,21269,7.05,2026-01-25
18997,14763,22.47,2026-01-25
18998,11553,0.13,2026-01-25
18999,22484,0.20,2026-01-25
19000,16733,31.10,2026-01-25
19001,26168,0.34,2026-01-25
19002,24758,0.26,2026-01-25
19003,1897,27.36,2026-01-25
19004,21020,0.33,2026-01-25
19005,25632,0.12,2026-01-25
19006,19641,2.64,2026-01-25
19007,6181,79.86,2026-01-25
19008,23172,0.16,2026-01-25
19009,22414,0.29,2026-01-25
19010,26093,0.30,2026-01-25
19011,7045,0.57,2026-01-25
19012,12874,0.66,2026-01-25
19013,4384,1.05,2026-01-25
19014,498,3.36,2026-01-25
19015,20882,0.46,2026-01-25
19016,26955,8.89,2026-01-25
19017,8457,5.01,2026-01-25
19018,21409,0.19,2026-01-25
19019,6311,0.39,2026-01-25
19020,12834,1.34,2026-01-25
19021,17741,0.94,2026-01-25
19022,1889,0.11,2026-01-25
19023,5785,0.39,2026-01-25
19024,10566,105.04,2026-01-25
19025,20717,5.58,2026-01-25
19026,12657,281.25,2026-01-25
19027,19937,0.27,2026-01-25
19028,4661,0.72,2026-01-25
19029,24700,0.21,2026-01-25
19030,21094,0.57,2026-01-25
19031,6071,0.14,2026-01-25
19032,5487,0.25,2026-01-25
19033,2960,0.55,2026-01-25
19034,8208,0.20,2026-01-25
19035,19848,0.70,2026-01-25
19036,252,0.53,2026-01-25
19037,14621,0.21,2026-01-25
19038,5723,0.40,2026-01-25
19039,17912,0.25,2026-01-25
19040,12925,39.89,2026-01-25
19041,15555,0.14,2026-01-25
19042,15382,0.38,2026-01-25
19043,9431,1.41,2026-01-25
19044,16529,18.40,2026-01-25
19045,1689,0.20,2026-01-25
19046,1937,0.28,2026-01-25
19047,2538,450.31,2026-01-25
19048,8344,0.36,2026-01-25
19049,21928,0.94,2026-01-25
19050,8569,0.64,2026-01-25
19051,2186,1.39,2026-01-25
19052,14118,1.49,2026-01-25
19053,14311,0.55,2026-01-25
19054,12771,6.57,2026-01-25
19055,13767,0.23,2026-01-25
19056,7946,0.35,2026-01-25
19057,15528,0.35,2026-01-25
19058,19025,0.69,2026-01-25
19059,7778,0.93,2026-01-25
19060,18038,1.02,2026-01-25
19061,16192,68.92,2026-01-25
19062,9749,37.20,2026-01-25
19063,20733,0.59,2026-01-25
19064,18489,1.51,2026-01-25
19065,4387,0.30,2026-01-25
19066,10301,1.35,2026-01-25
19067,14219,0.64,2026-01-25
19068,1702,0.37,2026-01-25
19069,10598,2.28,2026-01-25
19070,6441,0.76,2026-01-25
19071,7800,44.36,2026-01-25
19072,1456,0.30,2026-01-25
19073,9449,2.31,2026-01-25
19074,12904,1.89,2026-01-25
19075,3898,0.46,2026-01-25
19076,17859,9.95,2026-01-25
19077,9692,26.27,2026-01-25
19078,14970,499.99,2026-01-25
19079,102,0.48,2026-01-25
19080,17641,0.15,2026-01-25
19081,1535,700.00,2026-01-25
19082,8848,654.48,2026-01-25
19083,16560,2.50,2026-01-25
19084,335,36.73,2026-01-25
19085,22987,136.16,2026-01-25
19086,17300,0.17,2026-01-25
19087,16587,0.36,2026-01-25
19088,1020,41.20,2026-01-25
19089,13684,179.96,2026-01-25
19090,13410,6.46,2026-01-25
19091,3737,0.25,2026-01-25
19092,22683,0.73,2026-01-25
19093,8053,0.06,2026-01-25
19094,12462,0.46,2026-01-25
19095,22198,1.20,2026-01-25
19096,2017,0.14,2026-01-25
19097,6485,0.10,2026-01-25
19098,9347,0.37,2026-01-25
19099,26533,0.17,2026-01-25
19100,23479,3.76,2026-01-25
19101,177,28.99,2026-01-25
19102,3479,0.23,2026-01-25
19103,17065,0.49,2026-01-25
19104,3825,0.34,2026-01-25
19105,16258,1.18,2026-01-25
19106,7480,0.16,2026-01-25
19107,21038,0.43,2026-01-25
19108,2438,1.68,2026-01-25
19109,21793,16.08,2026-01-25
19110,9159,0.40,2026-01-25
19111,22698,0.17,2026-01-25
19112,11118,0.64,2026-01-25
19113,22611,0.29,2026-01-25
19114,10794,0.40,2026-01-25
19115,16180,1.29,2026-01-25
19116,9533,7.89,2026-01-25
19117,9859,74.67,2026-01-25
19118,16246,0.30,2026-01-25
19119,1250,1.02,2026-01-25
19120,26158,0.09,2026-01-25
19121,20881,0.19,2026-01-25
19122,15855,7.50,2026-01-25
19123,19994,2.07,2026-01-25
19124,545,37.22,2026-01-25
19125,25139,0.14,2026-01-25
19126,14933,0.30,2026-01-25
19127,445,23.31,2026-01-25
19128,5712,0.15,2026-01-25
19129,7536,0.52,2026-01-25
19130,10353,0.42,2026-01-25
19131,5300,0.13,2026-01-25
19132,2612,15.39,2026-01-25
19133,15981,46.66,2026-01-25
19134,21592,0.35,2026-01-25
19135,21145,2.00,2026-01-25
19136,21085,8.37,2026-01-25
19137,3423,279.99,2026-01-25
19138,998,0.25,2026-01-25
19139,2184,0.42,2026-01-25
19140,9355,0.17,2026-01-25
19141,22985,0.45,2026-01-25
19142,7448,0.14,2026-01-25
19143,21417,0.46,2026-01-25
19144,24954,0.58,2026-01-25
19145,26345,0.19,2026-01-25
19146,15739,111.17,2026-01-25
19147,2720,0.15,2026-01-25
19148,4972,0.24,2026-01-25
19149,3994,37.99,2026-01-25
19150,7301,0.73,2026-01-25
19151,22007,8.32,2026-01-25
19152,7478,2.24,2026-01-25
19153,24273,0.24,2026-01-25
19154,24400,12.73,2026-01-25
19155,24867,1.76,2026-01-25
19156,19002,5.97,2026-01-25
19157,12001,499.99,2026-01-25
19158,11306,0.20,2026-01-25
19159,24215,0.48,2026-01-25
19160,3557,0.55,2026-01-25
19161,4214,1.51,2026-01-25
19162,18113,1.63,2026-01-25
19163,17708,3.17,2026-01-25
19164,14834,0.11,2026-01-25
19165,15182,0.27,2026-01-25
19166,14462,4.15,2026-01-25
19167,2344,3.52,2026-01-25
19168,22492,19.59,2026-01-25
19169,2787,30.38,2026-01-25
19170,6871,99.99,2026-01-25
19171,19791,1.61,2026-01-25
19172,754,2.70,2026-01-25
19173,9811,1.44,2026-01-25
19174,21451,2.94,2026-01-25
19175,18857,0.38,2026-01-25
19176,2116,0.70,2026-01-25
19177,24246,0.14,2026-01-25
19178,9066,0.24,2026-01-25
19179,22791,0.12,2026-01-25
19180,25049,0.25,2026-01-25
19181,20641,3.72,2026-01-25
19182,13825,6.17,2026-01-25
19183,3441,1.42,2026-01-25
19184,20344,0.80,2026-01-25
19185,8566,0.29,2026-01-25
19186,16803,4.85,2026-01-25
19187,19149,0.44,2026-01-25
19188,8509,0.23,2026-01-25
19189,21686,0.26,2026-01-25
19190,17313,0.09,2026-01-25
19191,16440,45.65,2026-01-25
19192,17907,1.10,2026-01-25
19193,3305,0.42,2026-01-25
19194,27083,0.42,2026-01-25
19195,27087,0.34,2026-01-25
19196,18720,0.85,2026-01-25
19197,17875,15.00,2026-01-25
19198,6814,0.26,2026-01-25
19199,7163,0.30,2026-01-25
19200,17294,0.31,2026-01-25
19201,6937,0.63,2026-01-25
19202,21122,22.99,2026-01-25
19203,5059,0.22,2026-01-25
19204,14766,1.21,2026-01-25
19205,6582,0.70,2026-01-25
19206,14399,4.99,2026-01-25
19207,24166,29.39,2026-01-25
19208,4173,2.06,2026-01-25
19209,11539,3.73,2026-01-25
19210,5613,35.41,2026-01-25
19211,8642,2.45,2026-01-25
19212,17958,12.07,2026-01-25
19213,8953,0.89,2026-01-25
19214,4552,0.33,2026-01-25
19215,20970,0.15,2026-01-25
19216,7468,0.37,2026-01-25
19217,22215,0.75,2026-01-25
19218,18078,0.27,2026-01-25
19219,22255,0.43,2026-01-25
19220,19567,3.60,2026-01-25
19221,19238,0.31,2026-01-25
19222,2170,3.55,2026-01-25
19223,17080,0.15,2026-01-25
19224,7408,0.28,2026-01-25
19225,24102,0.88,2026-01-25
19226,12857,10.00,2026-01-25
19227,851,0.75,2026-01-25
19228,3813,0.32,2026-01-25
19229,6016,0.35,2026-01-25
19230,20276,0.16,2026-01-25
19231,17710,0.34,2026-01-25
19232,15289,0.17,2026-01-25
19233,22131,0.18,2026-01-25
19234,23560,0.43,2026-01-25
19235,2561,2.14,2026-01-25
19236,2828,0.33,2026-01-25
19237,4938,0.23,2026-01-25
19238,388,0.56,2026-01-25
19239,6907,0.52,2026-01-25
19240,7656,1.20,2026-01-25
19241,7242,0.39,2026-01-25
19242,4057,0.90,2026-01-25
19243,14424,2.68,2026-01-25
19244,24007,24.90,2026-01-25
19245,22707,183.32,2026-01-25
19246,16466,0.48,2026-01-25
19247,15370,1.61,2026-01-25
19248,23709,544.00,2026-01-25
19249,26246,10.02,2026-01-25
19250,1285,7.24,2026-01-25
19251,20162,0.13,2026-01-25
19252,18846,0.23,2026-01-25
19253,23531,7.79,2026-01-25
19254,19474,0.34,2026-01-25
19255,15015,1.26,2026-01-25
19256,15241,0.40,2026-01-25
19257,25207,0.11,2026-01-25
19258,3837,0.18,2026-01-25
19259,21664,0.17,2026-01-25
19260,2274,0.13,2026-01-25
19261,24632,10.22,2026-01-25
19262,3083,3.20,2026-01-25
19263,21467,0.42,2026-01-25
19264,12917,0.74,2026-01-25
19265,13747,5.79,2026-01-25
19266,20474,6.89,2026-01-25
19267,13174,6.78,2026-01-25
19268,21158,107.36,2026-01-25
19269,2751,0.60,2026-01-25
19270,22310,2.10,2026-01-25
19271,3522,0.12,2026-01-25
19272,15379,0.30,2026-01-25
19273,19269,148.80,2026-01-25
19274,11470,0.09,2026-01-25
19275,11891,0.34,2026-01-25
19276,11469,0.61,2026-01-25
19277,7112,0.31,2026-01-25
19278,25505,0.83,2026-01-25
19279,7860,0.62,2026-01-25
19280,1726,1.36,2026-01-25
19281,23538,0.10,2026-01-25
19282,2037,0.20,2026-01-25
19283,13787,0.41,2026-01-25
19284,2376,0.17,2026-01-25
19285,6402,0.15,2026-01-25
19286,20284,0.46,2026-01-25
19287,9072,0.22,2026-01-25
19288,8215,1.75,2026-01-25
19289,23693,2.72,2026-01-25
19290,17045,31.21,2026-01-25
19291,8180,84.01,2026-01-25
19292,20122,0.21,2026-01-25
19293,24036,0.62,2026-01-25
19294,8464,0.92,2026-01-25
19295,6581,6.71,2026-01-25
19296,22751,5.22,2026-01-25
19297,2907,14.52,2026-01-25
19298,24044,15.77,2026-01-25
19299,21455,5.41,2026-01-25
19300,22648,1.65,2026-01-25
19301,16706,1.89,2026-01-25
19302,404,0.22,2026-01-25
19303,4942,0.10,2026-01-25
19304,13735,40.17,2026-01-25
19305,20244,105.30,2026-01-25
19306,9556,0.64,2026-01-25
19307,25012,0.99,2026-01-25
19308,3304,0.54,2026-01-25
19309,24337,1.74,2026-01-25
19310,16090,0.22,2026-01-25
19311,10472,1.32,2026-01-25
19312,24781,0.38,2026-01-25
19313,10962,2.55,2026-01-25
19314,23865,4.03,2026-01-25
19315,23885,3.56,2026-01-25
19316,26677,2.34,2026-01-25
19317,5640,3.72,2026-01-25
19318,4693,27.83,2026-01-25
19319,24324,0.52,2026-01-25
19320,7668,0.23,2026-01-25
19321,5458,2.20,2026-01-25
19322,23014,1.01,2026-01-25
19323,21127,0.50,2026-01-25
19324,25569,2.98,2026-01-25
19325,25767,1.93,2026-01-25
19326,12441,1.17,2026-01-25
19327,26995,0.76,2026-01-25
19328,26451,3.56,2026-01-25
19329,12639,487.45,2026-01-25
19330,25159,0.32,2026-01-25
19331,12499,0.40,2026-01-25
19332,6675,0.39,2026-01-25
19333,5319,1.97,2026-01-25
19334,18149,0.12,2026-01-25
19335,16574,0.34,2026-01-25
19336,18351,0.23,2026-01-25
19337,7689,0.87,2026-01-25
19338,17754,6.94,2026-01-25
19339,19221,0.51,2026-01-25
19340,22890,2.65,2026-01-25
19341,9162,0.36,2026-01-25
19342,3318,0.10,2026-01-25
19343,13128,0.28,2026-01-25
19344,2512,0.11,2026-01-25
19345,19007,0.17,2026-01-25
19346,13138,0.29,2026-01-25
19347,8528,1.00,2026-01-25
19348,8905,71.99,2026-01-25
19349,21298,0.16,2026-01-25
19350,9307,0.88,2026-01-25
19351,22943,1.73,2026-01-25
19352,26767,9.49,2026-01-25
19353,2861,9.74,2026-01-25
19354,8969,27.50,2026-01-25
19355,26194,0.11,2026-01-25
19356,12959,0.22,2026-01-25
19357,20222,3.29,2026-01-25
19358,25151,0.22,2026-01-25
19359,7424,0.61,2026-01-25
19360,15132,0.47,2026-01-25
19361,2786,0.83,2026-01-25
19362,18287,0.43,2026-01-25
19363,20966,1.86,2026-01-25
19364,1379,0.21,2026-01-25
19365,13853,0.47,2026-01-25
19366,9131,0.18,2026-01-25
19367,1720,0.40,2026-01-25
19368,9125,1.05,2026-01-25
19369,9199,0.32,2026-01-25
19370,17,0.41,2026-01-25
19371,8124,2.47,2026-01-25
19372,14745,0.30,2026-01-25
19373,10511,0.16,2026-01-25
19374,25766,1.49,2026-01-25
19375,10609,2.15,2026-01-25
19376,3208,0.82,2026-01-25
19377,19180,1.68,2026-01-25
19378,8749,0.13,2026-01-25
19379,1320,0.37,2026-01-25
19380,2452,0.88,2026-01-25
19381,4990,1.99,2026-01-25
19382,8413,0.13,2026-01-25
19383,18103,0.28,2026-01-25
19384,6039,3.51,2026-01-25
19385,19590,6.29,2026-01-25
19386,11111,0.57,2026-01-25
19387,14473,4.28,2026-01-25
19388,2361,0.71,2026-01-25
19389,14883,2.70,2026-01-25
19390,17970,37.63,2026-01-25
19391,7602,0.19,2026-01-25
19392,26636,0.42,2026-01-25
19393,11354,120.00,2026-01-25
19394,6885,0.24,2026-01-25
19395,8855,0.50,2026-01-25
19396,20016,55.49,2026-01-25
19397,15420,1.69,2026-01-25
19398,5412,0.96,2026-01-25
19399,7418,1.33,2026-01-25
19400,461,0.33,2026-01-25
19401,12903,0.35,2026-01-25
19402,11474,8.68,2026-01-25
19403,5681,3.64,2026-01-25
19404,5317,15.96,2026-01-25
19405,16367,0.42,2026-01-25
19406,11595,1.05,2026-01-25
19407,16130,0.22,2026-01-25
19408,6082,0.47,2026-01-25
19409,5684,0.91,2026-01-25
19410,8601,6.37,2026-01-25
19411,847,0.21,2026-01-25
19412,7595,0.52,2026-01-25
19413,25873,37.77,2026-01-25
19414,8105,10.10,2026-01-25
19415,14612,0.46,2026-01-25
19416,20457,3.34,2026-01-25
19417,6161,0.85,2026-01-25
19418,10798,4.70,2026-01-25
19419,23518,0.67,2026-01-25
19420,7781,0.43,2026-01-25
19421,8762,3.25,2026-01-25
19422,26744,4.55,2026-01-25
19423,17608,0.29,2026-01-25
19424,14458,0.33,2026-01-25
19425,16727,0.08,2026-01-25
19426,15299,0.21,2026-01-25
19427,26234,13.12,2026-01-25
19428,753,0.29,2026-01-25
19429,24038,0.61,2026-01-25
19430,630,38.02,2026-01-25
19431,21983,4.49,2026-01-25
19432,9208,37.12,2026-01-25
19433,5762,0.14,2026-01-25
19434,295,0.30,2026-01-25
19435,15048,0.17,2026-01-25
19436,7285,0.26,2026-01-25
19437,7661,18.91,2026-01-25
19438,20088,0.17,2026-01-25
19439,14704,0.44,2026-01-25
19440,18443,3.96,2026-01-25
19441,18023,50.00,2026-01-25
19442,8810,20.02,2026-01-25
19443,26572,0.36,2026-01-25
19444,15126,0.21,2026-01-25
19445,19089,75.46,2026-01-25
19446,4433,11.86,2026-01-25
19447,25313,0.27,2026-01-25
19448,8045,1.57,2026-01-25
19449,26588,789.99,2026-01-25
19450,21121,2.25,2026-01-25
19451,12680,0.41,2026-01-25
19452,3772,2.32,2026-01-25
19453,21656,3.14,2026-01-25
19454,479,1.46,2026-01-25
19455,7516,0.65,2026-01-25
19456,12538,0.23,2026-01-25
19457,22701,0.45,2026-01-25
19458,8602,0.21,2026-01-25
19459,9890,0.49,2026-01-25
19460,13296,18.41,2026-01-25
19461,23637,0.59,2026-01-25
19462,18503,3.15,2026-01-25
19463,26118,0.10,2026-01-25
19464,7388,0.18,2026-01-25
19465,4442,4.71,2026-01-25
19466,11382,10.01,2026-01-25
19467,4401,0.34,2026-01-25
19468,1017,0.36,2026-01-25
19469,3462,0.16,2026-01-25
19470,22807,0.20,2026-01-25
19471,2421,0.73,2026-01-25
19472,24988,0.41,2026-01-25
19473,19817,0.31,2026-01-25
19474,17866,0.24,2026-01-25
19475,25027,0.96,2026-01-25
19476,11883,7.46,2026-01-25
19477,18054,50.01,2026-01-25
19478,10759,55.23,2026-01-25
19479,12860,4.82,2026-01-25
19480,18701,0.09,2026-01-25
19481,5815,0.27,2026-01-25
19482,9167,0.22,2026-01-25
19483,19896,1.08,2026-01-25
19484,15091,0.48,2026-01-25
19485,17200,0.22,2026-01-25
19486,11239,0.91,2026-01-25
19487,16011,1.68,2026-01-25
19488,6239,0.18,2026-01-25
19489,10689,0.09,2026-01-25
19490,20012,4.61,2026-01-25
19491,16968,0.40,2026-01-25
19492,11092,0.40,2026-01-25
19493,22886,0.65,2026-01-25
19494,9619,4.04,2026-01-25
19495,20766,0.30,2026-01-25
19496,20587,1.97,2026-01-25
19497,537,0.16,2026-01-25
19498,11358,0.39,2026-01-25
19499,1197,0.33,2026-01-25
19500,3569,5.65,2026-01-25
19501,8358,0.34,2026-01-25
19502,7675,0.58,2026-01-25
19503,2481,1.03,2026-01-25
19504,25733,0.25,2026-01-25
19505,1855,3.88,2026-01-25
19506,24844,18.89,2026-01-25
19507,3218,0.38,2026-01-25
19508,1776,0.77,2026-01-25
19509,26436,0.92,2026-01-25
19510,15665,0.25,2026-01-25
19511,19249,0.67,2026-01-25
19512,2687,1.53,2026-01-25
19513,17873,1.43,2026-01-25
19514,9806,0.56,2026-01-25
19515,13424,0.13,2026-01-25
19516,5344,0.24,2026-01-25
19517,5219,0.11,2026-01-25
19518,6997,0.25,2026-01-25
19519,3424,0.36,2026-01-25
19520,15210,5.15,2026-01-25
19521,3439,2.41,2026-01-25
19522,9268,4.21,2026-01-25
19523,9844,798.60,2026-01-25
19524,22231,50.66,2026-01-25
19525,15723,0.86,2026-01-25
19526,293,132.96,2026-01-25
19527,5427,0.92,2026-01-25
19528,20663,4.99,2026-01-25
19529,3756,0.48,2026-01-25
19530,3341,0.16,2026-01-25
19531,15217,0.31,2026-01-25
19532,14971,1.67,2026-01-25
19533,6323,0.61,2026-01-25
19534,19331,0.92,2026-01-25
19535,175,0.15,2026-01-25
19536,19492,0.36,2026-01-25
19537,10517,0.51,2026-01-25
19538,663,1.10,2026-01-25
19539,16778,0.21,2026-01-25
19540,14494,0.39,2026-01-25
19541,24107,1.27,2026-01-25
19542,11283,0.98,2026-01-25
19543,9501,3.55,2026-01-25
19544,9693,0.21,2026-01-25
19545,598,0.28,2026-01-25
19546,19724,1.72,2026-01-25
19547,5541,1.04,2026-01-25
19548,16674,0.88,2026-01-25
19549,22589,2.29,2026-01-25
19550,19233,0.89,2026-01-25
19551,3058,20.17,2026-01-25
19552,7466,2.87,2026-01-25
19553,19357,0.61,2026-01-25
19554,653,3.92,2026-01-25
19555,24861,38.99,2026-01-25
19556,4288,124.05,2026-01-25
19557,6276,0.57,2026-01-25
19558,11577,0.94,2026-01-25
19559,10557,0.53,2026-01-25
19560,7592,2.41,2026-01-25
19561,24157,0.39,2026-01-25
19562,8229,0.22,2026-01-25
19563,22188,0.19,2026-01-25
19564,5221,0.52,2026-01-25
19565,6773,33.72,2026-01-25
19566,2214,0.27,2026-01-25
19567,18362,0.30,2026-01-25
19568,18781,0.43,2026-01-25
19569,527,94.20,2026-01-25
19570,12572,0.44,2026-01-25
19571,6810,2.28,2026-01-25
19572,16503,0.16,2026-01-25
19573,18938,0.36,2026-01-25
19574,16210,0.17,2026-01-25
19575,25373,0.31,2026-01-25
19576,20789,62.18,2026-01-25
19577,12817,2.47,2026-01-25
19578,17311,0.23,2026-01-25
19579,949,0.59,2026-01-25
19580,19420,0.09,2026-01-25
19581,9912,0.27,2026-01-25
19582,21124,1.90,2026-01-25
19583,15146,0.41,2026-01-25
19584,21303,20.54,2026-01-25
19585,2928,0.21,2026-01-25
19586,8882,0.41,2026-01-25
19587,18600,0.28,2026-01-25
19588,11994,1.50,2026-01-25
19589,6165,1.55,2026-01-25
19590,11804,11.95,2026-01-25
19591,17547,0.30,2026-01-25
19592,26412,0.51,2026-01-25
19593,14555,1.27,2026-01-25
19594,5242,1.25,2026-01-25
19595,12362,0.56,2026-01-25
19596,3633,0.23,2026-01-25
19597,902,0.66,2026-01-25
19598,15273,1.24,2026-01-25
19599,19070,0.09,2026-01-25
19600,19985,0.47,2026-01-25
19601,19723,0.69,2026-01-25
19602,6372,46.28,2026-01-25
19603,9192,0.63,2026-01-25
19604,8090,1.09,2026-01-25
19605,3441,1.42,2026-01-25
19606,20344,0.80,2026-01-25
19607,8566,0.29,2026-01-25
19608,16803,4.85,2026-01-25
19609,19149,0.44,2026-01-25
19610,8509,0.23,2026-01-25
19611,21686,0.26,2026-01-25
19612,17313,0.09,2026-01-25
19613,16440,45.65,2026-01-25
19614,17907,1.10,2026-01-25
19615,3305,0.42,2026-01-25
19616,27083,0.42,2026-01-25
19617,27087,0.34,2026-01-25
19618,18720,0.85,2026-01-25
19619,17875,15.00,2026-01-25
19620,6814,0.26,2026-01-25
19621,7163,0.30,2026-01-25
19622,17294,0.31,2026-01-25
19623,6937,0.63,2026-01-25
19624,21122,22.99,2026-01-25
19625,5059,0.22,2026-01-25
19626,14766,1.21,2026-01-25
19627,6582,0.70,2026-01-25
19628,14399,4.99,2026-01-25
19629,24166,29.39,2026-01-25
19630,4173,2.06,2026-01-25
19631,11539,3.73,2026-01-25
19632,5613,35.41,2026-01-25
19633,8642,2.45,2026-01-25
19634,17958,12.07,2026-01-25
19635,8953,0.89,2026-01-25
19636,4552,0.33,2026-01-25
19637,20970,0.15,2026-01-25
19638,7468,0.37,2026-01-25
19639,22215,0.75,2026-01-25
19640,18078,0.27,2026-01-25
19641,22255,0.43,2026-01-25
19642,19567,3.60,2026-01-25
19643,19238,0.31,2026-01-25
19644,2170,3.55,2026-01-25
19645,17080,0.15,2026-01-25
19646,7408,0.28,2026-01-25
19647,24102,0.88,2026-01-25
19648,12857,10.00,2026-01-25
19649,851,0.75,2026-01-25
19650,3813,0.32,2026-01-25
19651,6016,0.35,2026-01-25
19652,20276,0.16,2026-01-25
19653,17710,0.34,2026-01-25
19654,15289,0.17,2026-01-25
19655,22131,0.18,2026-01-25
19656,23560,0.43,2026-01-25
19657,2561,2.14,2026-01-25
19658,2828,0.33,2026-01-25
19659,4938,0.23,2026-01-25
19660,388,0.56,2026-01-25
19661,6907,0.52,2026-01-25
19662,7656,1.20,2026-01-25
19663,7242,0.39,2026-01-25
19664,4057,0.90,2026-01-25
19665,14424,2.68,2026-01-25
19666,24007,24.90,2026-01-25
19667,22707,183.32,2026-01-25
19668,16466,0.48,2026-01-25
19669,15370,1.61,2026-01-25
19670,23709,544.00,2026-01-25
19671,26246,10.02,2026-01-25
19672,1285,7.24,2026-01-25
19673,20162,0.13,2026-01-25
19674,18846,0.23,2026-01-25
19675,23531,7.79,2026-01-25
19676,19474,0.34,2026-01-25
19677,15015,1.26,2026-01-25
19678,15241,0.40,2026-01-25
19679,25207,0.11,2026-01-25
19680,3837,0.18,2026-01-25
19681,21664,0.17,2026-01-25
19682,2274,0.13,2026-01-25
19683,24632,10.22,2026-01-25
19684,3083,3.20,2026-01-25
19685,21467,0.42,2026-01-25
19686,12917,0.74,2026-01-25
19687,13747,5.79,2026-01-25
19688,20474,6.89,2026-01-25
19689,13174,6.78,2026-01-25
19690,21158,107.36,2026-01-25
19691,2751,0.60,2026-01-25
19692,22310,2.10,2026-01-25
19693,3522,0.12,2026-01-25
19694,15379,0.30,2026-01-25
19695,19269,148.80,2026-01-25
19696,11470,0.09,2026-01-25
19697,11891,0.34,2026-01-25
19698,11469,0.61,2026-01-25
19699,7112,0.31,2026-01-25
19700,25505,0.83,2026-01-25
19701,7860,0.62,2026-01-25
19702,1726,1.36,2026-01-25
19703,23538,0.10,2026-01-25
19704,2037,0.20,2026-01-25
19705,13787,0.41,2026-01-25
19706,2376,0.17,2026-01-25
19707,6402,0.15,2026-01-25
19708,20284,0.46,2026-01-25
19709,9072,0.22,2026-01-25
19710,8215,1.75,2026-01-25
19711,23693,2.72,2026-01-25
19712,17045,31.21,2026-01-25
19713,8180,84.01,2026-01-25
19714,20122,0.21,2026-01-25
19715,24036,0.62,2026-01-25
19716,8464,0.92,2026-01-25
19717,6581,6.71,2026-01-25
19718,22751,5.22,2026-01-25
19719,2907,14.52,2026-01-25
19720,24044,15.77,2026-01-25
19721,21455,5.41,2026-01-25
19722,22648,1.65,2026-01-25
19723,16706,1.89,2026-01-25
19724,404,0.22,2026-01-25
19725,4942,0.10,2026-01-25
19726,13735,40.17,2026-01-25
19727,20244,105.30,2026-01-25
19728,9556,0.64,2026-01-25
19729,25012,0.99,2026-01-25
19730,3304,0.54,2026-01-25
19731,24337,1.74,2026-01-25
19732,16090,0.22,2026-01-25
19733,10472,1.32,2026-01-25
19734,24781,0.38,2026-01-25
19735,10962,2.55,2026-01-25
19736,23865,4.03,2026-01-25
19737,23885,3.56,2026-01-25
19738,26677,2.34,2026-01-25
19739,5640,3.72,2026-01-25
19740,4693,27.83,2026-01-25
19741,24324,0.52,2026-01-25
19742,7668,0.23,2026-01-25
19743,5458,2.20,2026-01-25
19744,23014,1.01,2026-01-25
19745,21127,0.50,2026-01-25
19746,25569,2.98,2026-01-25
19747,25767,1.93,2026-01-25
19748,12441,1.17,2026-01-25
19749,26995,0.76,2026-01-25
19750,26451,3.56,2026-01-25
19751,12639,487.45,2026-01-25
19752,25159,0.32,2026-01-25
19753,12499,0.40,2026-01-25
19754,6675,0.39,2026-01-25
19755,5319,1.97,2026-01-25
19756,18149,0.12,2026-01-25
19757,16574,0.34,2026-01-25
19758,18351,0.23,2026-01-25
19759,7689,0.87,2026-01-25
19760,17754,6.94,2026-01-25
19761,19221,0.51,2026-01-25
19762,22890,2.65,2026-01-25
19763,9162,0.36,2026-01-25
19764,3318,0.10,2026-01-25
19765,13128,0.28,2026-01-25
19766,2512,0.11,2026-01-25
19767,19007,0.17,2026-01-25
19768,13138,0.29,2026-01-25
19769,8528,1.00,2026-01-25
19770,8905,71.99,2026-01-25
19771,21298,0.16,2026-01-25
19772,9307,0.88,2026-01-25
19773,22943,1.73,2026-01-25
19774,26767,9.49,2026-01-25
19775,2861,9.74,2026-01-25
19776,8969,27.50,2026-01-25
19777,26194,0.11,2026-01-25
19778,12959,0.22,2026-01-25
19779,20222,3.29,2026-01-25
19780,25151,0.22,2026-01-25
19781,7424,0.61,2026-01-25
19782,15132,0.47,2026-01-25
19783,2786,0.83,2026-01-25
19784,18287,0.43,2026-01-25
19785,20966,1.86,2026-01-25
19786,1379,0.21,2026-01-25
19787,13853,0.47,2026-01-25
19788,9131,0.18,2026-01-25
19789,1720,0.40,2026-01-25
19790,9125,1.05,2026-01-25
19791,9199,0.32,2026-01-25
19792,17,0.41,2026-01-25
19793,8124,2.47,2026-01-25
19794,14745,0.30,2026-01-25
19795,10511,0.16,2026-01-25
19796,25766,1.49,2026-01-25
19797,10609,2.15,2026-01-25
19798,3208,0.82,2026-01-25
19799,19180,1.68,2026-01-25
19800,8749,0.13,2026-01-25
19801,1320,0.37,2026-01-25
19802,2452,0.88,2026-01-25
19803,4990,1.99,2026-01-25
19804,8413,0.13,2026-01-25
19805,18103,0.28,2026-01-25
19806,6039,3.51,2026-01-25
19807,19590,6.29,2026-01-25
19808,11111,0.57,2026-01-25
19809,14473,4.28,2026-01-25
19810,2361,0.71,2026-01-25
19811,14883,2.70,2026-01-25
19812,17970,37.63,2026-01-25
19813,7602,0.19,2026-01-25
19814,26636,0.42,2026-01-25
19815,11354,120.00,2026-01-25
19816,6885,0.24,2026-01-25
19817,8855,0.50,2026-01-25
19818,20016,55.49,2026-01-25
19819,15420,1.69,2026-01-25
19820,5412,0.96,2026-01-25
19821,7418,1.33,2026-01-25
19822,461,0.33,2026-01-25
19823,12903,0.35,2026-01-25
19824,11474,8.68,2026-01-25
19825,5681,3.64,2026-01-25
19826,5317,15.96,2026-01-25
19827,16367,0.42,2026-01-25
19828,11595,1.05,2026-01-25
19829,16130,0.22,2026-01-25
19830,6082,0.47,2026-01-25
19831,5684,0.91,2026-01-25
19832,8601,6.37,2026-01-25
19833,847,0.21,2026-01-25
19834,7595,0.52,2026-01-25
19835,25873,37.77,2026-01-25
19836,8105,10.10,2026-01-25
19837,14612,0.46,2026-01-25
19838,20457,3.34,2026-01-25
19839,6161,0.85,2026-01-25
19840,10798,4.70,2026-01-25
19841,23518,0.67,2026-01-25
19842,7781,0.43,2026-01-25
19843,8762,3.25,2026-01-25
19844,26744,4.55,2026-01-25
19845,17608,0.29,2026-01-25
19846,14458,0.33,2026-01-25
19847,16727,0.08,2026-01-25
19848,15299,0.21,2026-01-25
19849,26234,13.12,2026-01-25
19850,753,0.29,2026-01-25
19851,24038,0.61,2026-01-25
19852,630,38.02,2026-01-25
19853,21983,4.49,2026-01-25
19854,9208,37.12,2026-01-25
19855,5762,0.14,2026-01-25
19856,295,0.30,2026-01-25
19857,15048,0.17,2026-01-25
19858,7285,0.26,2026-01-25
19859,7661,18.91,2026-01-25
19860,20088,0.17,2026-01-25
19861,14704,0.44,2026-01-25
19862,18443,3.96,2026-01-25
19863,18023,50.00,2026-01-25
19864,8810,20.02,2026-01-25
19865,26572,0.36,2026-01-25
19866,15126,0.21,2026-01-25
19867,19089,75.46,2026-01-25
19868,4433,11.86,2026-01-25
19869,25313,0.27,2026-01-25
19870,8045,1.57,2026-01-25
19871,26588,789.99,2026-01-25
19872,21121,2.25,2026-01-25
19873,12680,0.41,2026-01-25
19874,3772,2.32,2026-01-25
19875,21656,3.14,2026-01-25
19876,479,1.46,2026-01-25
19877,7516,0.65,2026-01-25
19878,12538,0.23,2026-01-25
19879,22701,0.45,2026-01-25
19880,8602,0.21,2026-01-25
19881,9890,0.49,2026-01-25
19882,13296,18.41,2026-01-25
19883,23637,0.59,2026-01-25
19884,18503,3.15,2026-01-25
19885,26118,0.10,2026-01-25
19886,7388,0.18,2026-01-25
19887,4442,4.71,2026-01-25
19888,11382,10.01,2026-01-25
19889,4401,0.34,2026-01-25
19890,1017,0.36,2026-01-25
19891,3462,0.16,2026-01-25
19892,22807,0.20,2026-01-25
19893,2421,0.73,2026-01-25
19894,24988,0.41,2026-01-25
19895,19817,0.31,2026-01-25
19896,17866,0.24,2026-01-25
19897,25027,0.96,2026-01-25
19898,11883,7.46,2026-01-25
19899,18054,50.01,2026-01-25
19900,10759,55.23,2026-01-25
19901,12860,4.82,2026-01-25
19902,18701,0.09,2026-01-25
19903,5815,0.27,2026-01-25
19904,9167,0.22,2026-01-25
19905,19896,1.08,2026-01-25
19906,15091,0.48,2026-01-25
19907,17200,0.22,2026-01-25
19908,11239,0.91,2026-01-25
19909,16011,1.68,2026-01-25
19910,6239,0.18,2026-01-25
19911,10689,0.09,2026-01-25
19912,20012,4.61,2026-01-25
19913,16968,0.40,2026-01-25
19914,11092,0.40,2026-01-25
19915,22886,0.65,2026-01-25
19916,9619,4.04,2026-01-25
19917,20766,0.30,2026-01-25
19918,20587,1.97,2026-01-25
19919,537,0.16,2026-01-25
19920,11358,0.39,2026-01-25
19921,1197,0.33,2026-01-25
19922,3569,5.65,2026-01-25
19923,8358,0.34,2026-01-25
19924,7675,0.58,2026-01-25
19925,2481,1.03,2026-01-25
19926,25733,0.25,2026-01-25
19927,1855,3.88,2026-01-25
19928,24844,18.89,2026-01-25
19929,3218,0.38,2026-01-25
19930,1776,0.77,2026-01-25
19931,26436,0.92,2026-01-25
19932,15665,0.25,2026-01-25
19933,19249,0.67,2026-01-25
19934,2687,1.53,2026-01-25
19935,17873,1.43,2026-01-25
19936,9806,0.56,2026-01-25
19937,13424,0.13,2026-01-25
19938,5344,0.24,2026-01-25
19939,5219,0.11,2026-01-25
19940,6997,0.25,2026-01-25
19941,3424,0.36,2026-01-25
19942,15210,5.15,2026-01-25
19943,3439,2.41,2026-01-25
19944,9268,4.21,2026-01-25
19945,9844,798.60,2026-01-25
19946,22231,50.66,2026-01-25
19947,15723,0.86,2026-01-25
19948,293,132.96,2026-01-25
19949,5427,0.92,2026-01-25
19950,20663,4.99,2026-01-25
19951,3756,0.48,2026-01-25
19952,3341,0.16,2026-01-25
19953,15217,0.31,2026-01-25
19954,14971,1.67,2026-01-25
19955,6323,0.61,2026-01-25
19956,19331,0.92,2026-01-25
19957,175,0.15,2026-01-25
19958,19492,0.36,2026-01-25
19959,10517,0.51,2026-01-25
19960,663,1.10,2026-01-25
19961,16778,0.21,2026-01-25
19962,14494,0.39,2026-01-25
19963,24107,1.27,2026-01-25
19964,11283,0.98,2026-01-25
19965,9501,3.55,2026-01-25
19966,9693,0.21,2026-01-25
19967,598,0.28,2026-01-25
19968,19724,1.72,2026-01-25
19969,5541,1.04,2026-01-25
19970,16674,0.88,2026-01-25
19971,22589,2.29,2026-01-25
19972,19233,0.89,2026-01-25
19973,3058,20.17,2026-01-25
19974,7466,2.87,2026-01-25
19975,19357,0.61,2026-01-25
19976,653,3.92,2026-01-25
19977,24861,38.99,2026-01-25
19978,4288,124.05,2026-01-25
19979,6276,0.57,2026-01-25
19980,11577,0.94,2026-01-25
19981,10557,0.53,2026-01-25
19982,7592,2.41,2026-01-25
19983,24157,0.39,2026-01-25
19984,8229,0.22,2026-01-25
19985,22188,0.19,2026-01-25
19986,5221,0.52,2026-01-25
19987,6773,33.72,2026-01-25
19988,2214,0.27,2026-01-25
19989,18362,0.30,2026-01-25
19990,18781,0.43,2026-01-25
19991,527,94.20,2026-01-25
19992,12572,0.44,2026-01-25
19993,6810,2.28,2026-01-25
19994,16503,0.16,2026-01-25
19995,18938,0.36,2026-01-25
19996,16210,0.17,2026-01-25
19997,25373,0.31,2026-01-25
19998,20789,62.18,2026-01-25
19999,12817,2.47,2026-01-25
20000,17311,0.23,2026-01-25
20001,949,0.59,2026-01-25
20002,19420,0.09,2026-01-25
20003,9912,0.27,2026-01-25
20004,21124,1.90,2026-01-25
20005,15146,0.41,2026-01-25
20006,21303,20.54,2026-01-25
20007,2928,0.21,2026-01-25
20008,8882,0.41,2026-01-25
20009,18600,0.28,2026-01-25
20010,11994,1.50,2026-01-25
20011,6165,1.55,2026-01-25
20012,11804,11.95,2026-01-25
20013,17547,0.30,2026-01-25
20014,26412,0.51,2026-01-25
20015,14555,1.27,2026-01-25
20016,5242,1.25,2026-01-25
20017,12362,0.56,2026-01-25
20018,3633,0.23,2026-01-25
20019,902,0.66,2026-01-25
20020,15273,1.24,2026-01-25
20021,19070,0.09,2026-01-25
20022,19985,0.47,2026-01-25
20023,19723,0.69,2026-01-25
20024,6372,46.28,2026-01-25
20025,9192,0.63,2026-01-25
20026,8090,1.09,2026-01-25
20027,15916,0.41,2026-01-25
20028,3914,1.47,2026-01-25
20029,5164,199.99,2026-01-25
20030,7835,0.23,2026-01-25
20031,21353,0.34,2026-01-25
20032,12579,0.05,2026-01-25
20033,26685,0.17,2026-01-25
20034,6892,74.40,2026-01-25
20035,5387,0.31,2026-01-25
20036,12889,0.55,2026-01-25
20037,25470,6.86,2026-01-25
20038,11912,40.37,2026-01-25
20039,3285,0.21,2026-01-25
20040,21396,0.81,2026-01-25
20041,15519,0.59,2026-01-25
20042,9655,0.41,2026-01-25
20043,6463,0.12,2026-01-25
20044,5653,0.26,2026-01-25
20045,17505,0.54,2026-01-25
20046,10038,0.21,2026-01-25
20047,22497,0.29,2026-01-25
20048,471,0.60,2026-01-25
20049,8227,1.98,2026-01-25
20050,924,16.00,2026-01-25
20051,23320,0.30,2026-01-25
20052,18768,0.59,2026-01-25
20053,871,2.19,2026-01-25
20054,15588,0.19,2026-01-25
20055,17637,0.10,2026-01-25
20056,15031,0.16,2026-01-25
20057,25380,0.26,2026-01-25
20058,6767,4.13,2026-01-25
20059,15421,27.33,2026-01-25
20060,13755,0.09,2026-01-25
20061,25522,0.23,2026-01-25
20062,20047,2.11,2026-01-25
20063,24490,0.17,2026-01-25
20064,25667,0.40,2026-01-25
20065,8060,0.79,2026-01-25
20066,13686,8.44,2026-01-25
20067,12085,0.33,2026-01-25
20068,307,0.15,2026-01-25
20069,1672,13.73,2026-01-25
20070,22866,57.86,2026-01-25
20071,1190,1.83,2026-01-25
20072,14046,11.47,2026-01-25
20073,1910,0.08,2026-01-25
20074,26284,0.20,2026-01-25
20075,11394,0.32,2026-01-25
20076,15277,0.15,2026-01-25
20077,14277,0.22,2026-01-25
20078,16949,0.10,2026-01-25
20079,9812,4.04,2026-01-25
20080,4907,3.76,2026-01-25
20081,19425,0.22,2026-01-25
20082,4180,0.48,2026-01-25
20083,9755,0.25,2026-01-25
20084,1223,0.37,2026-01-25
20085,16470,0.70,2026-01-25
20086,22280,1.91,2026-01-25
20087,24557,1.07,2026-01-25
20088,16858,7.15,2026-01-25
20089,817,0.23,2026-01-25
20090,11075,0.37,2026-01-25
20091,257,17.52,2026-01-25
20092,26839,0.35,2026-01-25
20093,20867,0.21,2026-01-25
20094,20021,21.57,2026-01-25
20095,9275,1.88,2026-01-25
20096,6906,0.23,2026-01-25
20097,9540,20.54,2026-01-25
20098,23332,26.65,2026-01-25
20099,12146,0.26,2026-01-25
20100,11456,0.60,2026-01-25
20101,12290,1.08,2026-01-25
20102,377,3.25,2026-01-25
20103,25435,0.10,2026-01-25
20104,26714,0.29,2026-01-25
20105,14771,196.07,2026-01-25
20106,5117,1.28,2026-01-25
20107,5371,15.99,2026-01-25
20108,12490,0.33,2026-01-25
20109,5974,0.68,2026-01-25
20110,18138,0.16,2026-01-25
20111,25752,0.36,2026-01-25
20112,12429,49.76,2026-01-25
20113,20890,7.39,2026-01-25
20114,21822,22.57,2026-01-25
20115,19184,0.09,2026-01-25
20116,17416,0.18,2026-01-25
20117,22177,0.13,2026-01-25
20118,23298,0.28,2026-01-25
20119,26081,0.30,2026-01-25
20120,4728,0.64,2026-01-25
20121,14179,0.42,2026-01-25
20122,4974,0.72,2026-01-25
20123,17171,42.41,2026-01-25
20124,26741,0.63,2026-01-25
20125,26086,0.22,2026-01-25
20126,4564,0.09,2026-01-25
20127,11286,0.17,2026-01-25
20128,24133,0.46,2026-01-25
20129,8949,0.96,2026-01-25
20130,14006,0.42,2026-01-25
20131,15630,59.02,2026-01-25
20132,25833,75.98,2026-01-25
20133,10008,0.25,2026-01-25
20134,20877,1.13,2026-01-25
20135,868,549.99,2026-01-25
20136,16292,2.10,2026-01-25
20137,22055,1.80,2026-01-25
20138,21816,7.79,2026-01-25
20139,18734,0.26,2026-01-25
20140,12926,1.25,2026-01-25
20141,26563,1.98,2026-01-25
20142,17301,3.26,2026-01-25
20143,19396,0.79,2026-01-25
20144,142,1.59,2026-01-25
20145,16277,0.10,2026-01-25
20146,14974,0.30,2026-01-25
20147,2674,4.00,2026-01-25
20148,16815,10.94,2026-01-25
20149,20797,0.21,2026-01-25
20150,1356,0.31,2026-01-25
20151,25809,116.85,2026-01-25
20152,1479,0.34,2026-01-25
20153,6523,0.44,2026-01-25
20154,24529,0.25,2026-01-25
20155,19826,0.17,2026-01-25
20156,26580,0.27,2026-01-25
20157,3955,0.15,2026-01-25
20158,6665,0.29,2026-01-25
20159,9466,0.54,2026-01-25
20160,7322,57.92,2026-01-25
20161,18699,21.40,2026-01-25
20162,650,309.86,2026-01-25
20163,23010,20.85,2026-01-25
20164,15144,0.65,2026-01-25
20165,2363,1.91,2026-01-25
20166,3430,0.34,2026-01-25
20167,10057,1.00,2026-01-25
20168,697,22.51,2026-01-25
20169,8824,0.39,2026-01-25
20170,5658,0.14,2026-01-25
20171,18358,1.13,2026-01-25
20172,16928,1.26,2026-01-25
20173,18876,0.19,2026-01-25
20174,26776,1.37,2026-01-25
20175,8761,0.44,2026-01-25
20176,16124,0.16,2026-01-25
20177,7805,5.25,2026-01-25
20178,5864,23.97,2026-01-25
20179,21233,0.11,2026-01-25
20180,15782,0.21,2026-01-25
20181,19196,0.25,2026-01-25
20182,16993,0.11,2026-01-25
20183,13491,0.45,2026-01-25
20184,25243,4.81,2026-01-25
20185,11740,4.10,2026-01-25
20186,10126,9.19,2026-01-25
20187,22942,10.64,2026-01-25
20188,23909,47.38,2026-01-25
20189,10655,51.74,2026-01-25
20190,17296,0.25,2026-01-25
20191,9012,0.73,2026-01-25
20192,20934,0.17,2026-01-25
20193,9108,0.33,2026-01-25
20194,26269,78.00,2026-01-25
20195,6962,0.25,2026-01-25
20196,810,0.37,2026-01-25
20197,5395,44.99,2026-01-25
20198,7102,0.11,2026-01-25
20199,22170,0.17,2026-01-25
20200,23818,5.23,2026-01-25
20201,14945,7.89,2026-01-25
20202,25343,0.06,2026-01-25
20203,21387,0.25,2026-01-25
20204,13161,0.19,2026-01-25
20205,39,0.10,2026-01-25
20206,22556,2.58,2026-01-25
20207,20010,3.72,2026-01-25
20208,11168,1.29,2026-01-25
20209,15293,0.32,2026-01-25
20210,20964,0.11,2026-01-25
20211,23499,11.63,2026-01-25
20212,22134,0.23,2026-01-25
20213,23721,0.39,2026-01-25
20214,4145,1.20,2026-01-25
20215,18329,0.25,2026-01-25
20216,11937,0.14,2026-01-25
20217,24328,62.94,2026-01-25
20218,9863,0.14,2026-01-25
20219,367,0.29,2026-01-25
20220,1460,2.02,2026-01-25
20221,8167,10.98,2026-01-25
20222,17097,5.08,2026-01-25
20223,4811,0.33,2026-01-25
20224,2662,0.74,2026-01-25
20225,26735,9.54,2026-01-25
20226,4086,33.99,2026-01-25
20227,22788,54.35,2026-01-25
20228,5856,0.16,2026-01-25
20229,11056,0.21,2026-01-25
20230,16174,0.16,2026-01-25
20231,11711,0.30,2026-01-25
20232,14652,18.06,2026-01-25
20233,11860,35.46,2026-01-25
20234,4634,0.46,2026-01-25
20235,4169,1.16,2026-01-25
20236,2428,18.58,2026-01-25
20237,17949,0.70,2026-01-25
20238,95,0.32,2026-01-25
20239,4165,0.08,2026-01-25
20240,16291,0.16,2026-01-25
20241,1092,0.22,2026-01-25
20242,15732,0.17,2026-01-25
20243,7052,0.41,2026-01-25
20244,23359,13.89,2026-01-25
20245,11988,0.10,2026-01-25
20246,12625,0.27,2026-01-25
20247,298,138.16,2026-01-25
20248,1941,0.88,2026-01-25
20249,1278,3.41,2026-01-25
20250,14366,0.12,2026-01-25
20251,24229,0.22,2026-01-25
20252,2854,0.21,2026-01-25
20253,10570,0.61,2026-01-25
20254,3787,0.12,2026-01-25
20255,23364,0.31,2026-01-25
20256,23893,22.90,2026-01-25
20257,24939,36.40,2026-01-25
20258,17021,0.25,2026-01-25
20259,10408,2.24,2026-01-25
20260,17458,149.79,2026-01-25
20261,23830,0.32,2026-01-25
20262,4688,0.48,2026-01-25
20263,22640,0.21,2026-01-25
20264,24344,0.09,2026-01-25
20265,24570,33.83,2026-01-25
20266,1823,10.38,2026-01-25
20267,15623,35.00,2026-01-25
20268,26416,25.44,2026-01-25
20269,20716,0.27,2026-01-25
20270,24953,4.63,2026-01-25
20271,7396,0.12,2026-01-25
20272,13634,0.24,2026-01-25
20273,15907,5.59,2026-01-25
20274,22435,38.91,2026-01-25
20275,13587,0.08,2026-01-25
20276,20683,0.17,2026-01-25
20277,18122,8.33,2026-01-25
20278,11710,50.00,2026-01-25
20279,4629,0.63,2026-01-25
20280,10058,0.63,2026-01-25
20281,734,53.66,2026-01-25
20282,20600,0.16,2026-01-25
20283,11987,0.36,2026-01-25
20284,8636,1.12,2026-01-25
20285,3192,0.30,2026-01-25
20286,23152,0.21,2026-01-25
20287,2033,0.31,2026-01-25
20288,12879,0.52,2026-01-25
20289,17760,1.25,2026-01-25
20290,26573,0.13,2026-01-25
20291,26583,0.22,2026-01-25
20292,26272,0.14,2026-01-25
20293,1744,0.40,2026-01-25
20294,18118,0.76,2026-01-25
20295,4047,0.22,2026-01-25
20296,2637,1.15,2026-01-25
20297,15192,2.23,2026-01-25
20298,26615,4.12,2026-01-25
20299,10119,0.56,2026-01-25
20300,17753,1.63,2026-01-25
20301,26912,0.23,2026-01-25
20302,21276,0.48,2026-01-25
20303,674,3.55,2026-01-25
20304,6901,0.11,2026-01-25
20305,16749,0.24,2026-01-25
20306,25721,0.55,2026-01-25
20307,13764,3.49,2026-01-25
20308,2698,34.38,2026-01-25
20309,21879,17.55,2026-01-25
20310,10242,29.97,2026-01-25
20311,11001,0.08,2026-01-25
20312,19572,0.17,2026-01-25
20313,7178,28.74,2026-01-25
20314,9474,2.19,2026-01-25
20315,18164,19.99,2026-01-25
20316,20954,4.71,2026-01-25
20317,12121,29.95,2026-01-25
20318,21825,8.74,2026-01-25
20319,19769,51.10,2026-01-25
20320,26502,0.26,2026-01-25
20321,23155,0.09,2026-01-25
20322,7246,0.57,2026-01-25
20323,12504,0.27,2026-01-25
20324,6922,0.13,2026-01-25
20325,12947,0.25,2026-01-25
20326,19862,0.49,2026-01-25
20327,9119,0.17,2026-01-25
20328,1035,0.41,2026-01-25
20329,17815,0.22,2026-01-25
20330,3295,0.11,2026-01-25
20331,20074,0.15,2026-01-25
20332,3074,2.12,2026-01-25
20333,7791,0.32,2026-01-25
20334,20851,0.15,2026-01-25
20335,25860,0.46,2026-01-25
20336,23972,0.23,2026-01-25
20337,14928,1.39,2026-01-25
20338,12568,7.96,2026-01-25
20339,25161,0.13,2026-01-25
20340,2893,0.18,2026-01-25
20341,1438,0.85,2026-01-25
20342,9207,10.00,2026-01-25
20343,2109,6.60,2026-01-25
20344,3849,0.08,2026-01-25
20345,8510,0.16,2026-01-25
20346,23550,0.07,2026-01-25
20347,16477,0.51,2026-01-25
20348,25242,6.75,2026-01-25
20349,19742,0.53,2026-01-25
20350,13083,0.41,2026-01-25
20351,5556,0.24,2026-01-25
20352,3301,0.25,2026-01-25
20353,5268,17.63,2026-01-25
20354,26383,87.00,2026-01-25
20355,11163,2.36,2026-01-25
20356,11323,26.11,2026-01-25
20357,15447,203.11,2026-01-25
20358,5571,17.98,2026-01-25
20359,1010,100.00,2026-01-25
20360,9318,0.14,2026-01-25
20361,11415,0.52,2026-01-25
20362,23545,0.49,2026-01-25
20363,22169,0.20,2026-01-25
20364,21483,14.37,2026-01-25
20365,26367,0.43,2026-01-25
20366,10572,0.29,2026-01-25
20367,21520,7.34,2026-01-25
20368,19127,3.64,2026-01-25
20369,11522,7.74,2026-01-25
20370,1307,6.85,2026-01-25
20371,2857,0.90,2026-01-25
20372,112,0.62,2026-01-25
20373,1093,0.16,2026-01-25
20374,12008,0.33,2026-01-25
20375,395,0.25,2026-01-25
20376,8445,1.01,2026-01-25
20377,20003,2.71,2026-01-25
20378,12247,109.17,2026-01-25
20379,16967,0.62,2026-01-25
20380,19832,0.74,2026-01-25
20381,24546,0.19,2026-01-25
20382,20854,0.36,2026-01-25
20383,10025,19.98,2026-01-25
20384,6186,3.64,2026-01-25
20385,780,0.17,2026-01-25
20386,4857,0.25,2026-01-25
20387,2646,0.57,2026-01-25
20388,1748,0.39,2026-01-25
20389,25371,5.16,2026-01-25
20390,732,13.48,2026-01-25
20391,2213,3.79,2026-01-25
20392,3767,0.53,2026-01-25
20393,1461,0.18,2026-01-25
20394,20207,0.45,2026-01-25
20395,26210,0.26,2026-01-25
20396,14323,0.48,2026-01-25
20397,17001,0.24,2026-01-25
20398,1047,0.44,2026-01-25
20399,17536,0.16,2026-01-25
20400,9810,0.06,2026-01-25
20401,18894,0.96,2026-01-25
20402,18397,8.96,2026-01-25
20403,26737,43.86,2026-01-25
20404,3154,6.39,2026-01-25
20405,11215,5.80,2026-01-25
20406,9061,36.33,2026-01-25
20407,14873,4.92,2026-01-25
20408,8011,0.40,2026-01-25
20409,11371,0.20,2026-01-25
20410,3808,0.28,2026-01-25
20411,7345,30.00,2026-01-25
20412,16065,0.17,2026-01-25
20413,707,0.49,2026-01-25
20414,3360,53.72,2026-01-25
20415,13120,9.90,2026-01-25
20416,9735,0.23,2026-01-25
20417,10296,0.54,2026-01-25
20418,12685,0.23,2026-01-25
20419,20977,0.49,2026-01-25
20420,19790,1.32,2026-01-25
20421,6984,1.44,2026-01-25
20422,2090,7.39,2026-01-25
20423,18390,0.30,2026-01-25
20424,10455,5.19,2026-01-25
20425,16796,0.10,2026-01-25
20426,8095,0.33,2026-01-25
20427,17192,30.05,2026-01-25
20428,16668,2.41,2026-01-25
20429,3133,20.88,2026-01-25
20430,19620,14.05,2026-01-25
20431,24350,1.50,2026-01-25
20432,15916,0.41,2026-01-25
20433,3914,1.47,2026-01-25
20434,5164,199.99,2026-01-25
20435,7835,0.23,2026-01-25
20436,21353,0.34,2026-01-25
20437,12579,0.05,2026-01-25
20438,26685,0.17,2026-01-25
20439,6892,74.40,2026-01-25
20440,5387,0.31,2026-01-25
20441,12889,0.55,2026-01-25
20442,25470,6.86,2026-01-25
20443,11912,40.37,2026-01-25
20444,3285,0.21,2026-01-25
20445,21396,0.81,2026-01-25
20446,15519,0.59,2026-01-25
20447,9655,0.41,2026-01-25
20448,6463,0.12,2026-01-25
20449,5653,0.26,2026-01-25
20450,17505,0.54,2026-01-25
20451,10038,0.21,2026-01-25
20452,22497,0.29,2026-01-25
20453,471,0.60,2026-01-25
20454,8227,1.98,2026-01-25
20455,924,16.00,2026-01-25
20456,23320,0.30,2026-01-25
20457,18768,0.59,2026-01-25
20458,871,2.19,2026-01-25
20459,15588,0.19,2026-01-25
20460,17637,0.10,2026-01-25
20461,15031,0.16,2026-01-25
20462,25380,0.26,2026-01-25
20463,6767,4.13,2026-01-25
20464,15421,27.33,2026-01-25
20465,13755,0.09,2026-01-25
20466,25522,0.23,2026-01-25
20467,20047,2.11,2026-01-25
20468,24490,0.17,2026-01-25
20469,25667,0.40,2026-01-25
20470,8060,0.79,2026-01-25
20471,13686,8.44,2026-01-25
20472,12085,0.33,2026-01-25
20473,307,0.15,2026-01-25
20474,1672,13.73,2026-01-25
20475,22866,57.86,2026-01-25
20476,1190,1.83,2026-01-25
20477,14046,11.47,2026-01-25
20478,1910,0.08,2026-01-25
20479,26284,0.20,2026-01-25
20480,11394,0.32,2026-01-25
20481,15277,0.15,2026-01-25
20482,14277,0.22,2026-01-25
20483,16949,0.10,2026-01-25
20484,9812,4.04,2026-01-25
20485,4907,3.76,2026-01-25
20486,19425,0.22,2026-01-25
20487,4180,0.48,2026-01-25
20488,9755,0.25,2026-01-25
20489,1223,0.37,2026-01-25
20490,16470,0.70,2026-01-25
20491,22280,1.91,2026-01-25
20492,24557,1.07,2026-01-25
20493,16858,7.15,2026-01-25
20494,817,0.23,2026-01-25
20495,11075,0.37,2026-01-25
20496,257,17.52,2026-01-25
20497,26839,0.35,2026-01-25
20498,20867,0.21,2026-01-25
20499,20021,21.57,2026-01-25
20500,9275,1.88,2026-01-25
20501,6906,0.23,2026-01-25
20502,9540,20.54,2026-01-25
20503,23332,26.65,2026-01-25
20504,12146,0.26,2026-01-25
20505,11456,0.60,2026-01-25
20506,12290,1.08,2026-01-25
20507,377,3.25,2026-01-25
20508,25435,0.10,2026-01-25
20509,26714,0.29,2026-01-25
20510,14771,196.07,2026-01-25
20511,5117,1.28,2026-01-25
20512,5371,15.99,2026-01-25
20513,12490,0.33,2026-01-25
20514,5974,0.68,2026-01-25
20515,18138,0.16,2026-01-25
20516,25752,0.36,2026-01-25
20517,12429,49.76,2026-01-25
20518,20890,7.39,2026-01-25
20519,21822,22.57,2026-01-25
20520,19184,0.09,2026-01-25
20521,17416,0.18,2026-01-25
20522,22177,0.13,2026-01-25
20523,23298,0.28,2026-01-25
20524,26081,0.30,2026-01-25
20525,4728,0.64,2026-01-25
20526,14179,0.42,2026-01-25
20527,4974,0.72,2026-01-25
20528,17171,42.41,2026-01-25
20529,26741,0.63,2026-01-25
20530,26086,0.22,2026-01-25
20531,4564,0.09,2026-01-25
20532,11286,0.17,2026-01-25
20533,24133,0.46,2026-01-25
20534,8949,0.96,2026-01-25
20535,14006,0.42,2026-01-25
20536,15630,59.02,2026-01-25
20537,25833,75.98,2026-01-25
20538,10008,0.25,2026-01-25
20539,20877,1.13,2026-01-25
20540,868,549.99,2026-01-25
20541,16292,2.10,2026-01-25
20542,22055,1.80,2026-01-25
20543,21816,7.79,2026-01-25
20544,18734,0.26,2026-01-25
20545,12926,1.25,2026-01-25
20546,26563,1.98,2026-01-25
20547,17301,3.26,2026-01-25
20548,19396,0.79,2026-01-25
20549,142,1.59,2026-01-25
20550,16277,0.10,2026-01-25
20551,14974,0.30,2026-01-25
20552,2674,4.00,2026-01-25
20553,16815,10.94,2026-01-25
20554,20797,0.21,2026-01-25
20555,1356,0.31,2026-01-25
20556,25809,116.85,2026-01-25
20557,1479,0.34,2026-01-25
20558,6523,0.44,2026-01-25
20559,24529,0.25,2026-01-25
20560,19826,0.17,2026-01-25
20561,26580,0.27,2026-01-25
20562,3955,0.15,2026-01-25
20563,6665,0.29,2026-01-25
20564,9466,0.54,2026-01-25
20565,7322,57.92,2026-01-25
20566,18699,21.40,2026-01-25
20567,650,309.86,2026-01-25
20568,23010,20.85,2026-01-25
20569,15144,0.65,2026-01-25
20570,2363,1.91,2026-01-25
20571,3430,0.34,2026-01-25
20572,10057,1.00,2026-01-25
20573,697,22.51,2026-01-25
20574,8824,0.39,2026-01-25
20575,5658,0.14,2026-01-25
20576,18358,1.13,2026-01-25
20577,16928,1.26,2026-01-25
20578,18876,0.19,2026-01-25
20579,26776,1.37,2026-01-25
20580,8761,0.44,2026-01-25
20581,16124,0.16,2026-01-25
20582,7805,5.25,2026-01-25
20583,5864,23.97,2026-01-25
20584,21233,0.11,2026-01-25
20585,15782,0.21,2026-01-25
20586,19196,0.25,2026-01-25
20587,16993,0.11,2026-01-25
20588,13491,0.45,2026-01-25
20589,25243,4.81,2026-01-25
20590,11740,4.10,2026-01-25
20591,10126,9.19,2026-01-25
20592,22942,10.64,2026-01-25
20593,23909,47.38,2026-01-25
20594,10655,51.74,2026-01-25
20595,17296,0.25,2026-01-25
20596,9012,0.73,2026-01-25
20597,20934,0.17,2026-01-25
20598,9108,0.33,2026-01-25
20599,26269,78.00,2026-01-25
20600,6962,0.25,2026-01-25
20601,810,0.37,2026-01-25
20602,5395,44.99,2026-01-25
20603,7102,0.11,2026-01-25
20604,22170,0.17,2026-01-25
20605,23818,5.23,2026-01-25
20606,14945,7.89,2026-01-25
20607,25343,0.06,2026-01-25
20608,21387,0.25,2026-01-25
20609,13161,0.19,2026-01-25
20610,39,0.10,2026-01-25
20611,22556,2.58,2026-01-25
20612,20010,3.72,2026-01-25
20613,11168,1.29,2026-01-25
20614,15293,0.32,2026-01-25
20615,20964,0.11,2026-01-25
20616,23499,11.63,2026-01-25
20617,22134,0.23,2026-01-25
20618,23721,0.39,2026-01-25
20619,4145,1.20,2026-01-25
20620,18329,0.25,2026-01-25
20621,11937,0.14,2026-01-25
20622,24328,62.94,2026-01-25
20623,9863,0.14,2026-01-25
20624,367,0.29,2026-01-25
20625,1460,2.02,2026-01-25
20626,8167,10.98,2026-01-25
20627,17097,5.08,2026-01-25
20628,4811,0.33,2026-01-25
20629,2662,0.74,2026-01-25
20630,26735,9.54,2026-01-25
20631,4086,33.99,2026-01-25
20632,22788,54.35,2026-01-25
20633,5856,0.16,2026-01-25
20634,11056,0.21,2026-01-25
20635,16174,0.16,2026-01-25
20636,11711,0.30,2026-01-25
20637,14652,18.06,2026-01-25
20638,11860,35.46,2026-01-25
20639,4634,0.46,2026-01-25
20640,4169,1.16,2026-01-25
20641,2428,18.58,2026-01-25
20642,17949,0.70,2026-01-25
20643,95,0.32,2026-01-25
20644,4165,0.08,2026-01-25
20645,16291,0.16,2026-01-25
20646,1092,0.22,2026-01-25
20647,15732,0.17,2026-01-25
20648,7052,0.41,2026-01-25
20649,23359,13.89,2026-01-25
20650,11988,0.10,2026-01-25
20651,12625,0.27,2026-01-25
20652,298,138.16,2026-01-25
20653,1941,0.88,2026-01-25
20654,1278,3.41,2026-01-25
20655,14366,0.12,2026-01-25
20656,24229,0.22,2026-01-25
20657,2854,0.21,2026-01-25
20658,10570,0.61,2026-01-25
20659,3787,0.12,2026-01-25
20660,23364,0.31,2026-01-25
20661,23893,22.90,2026-01-25
20662,24939,36.40,2026-01-25
20663,17021,0.25,2026-01-25
20664,10408,2.24,2026-01-25
20665,17458,149.79,2026-01-25
20666,23830,0.32,2026-01-25
20667,4688,0.48,2026-01-25
20668,22640,0.21,2026-01-25
20669,24344,0.09,2026-01-25
20670,24570,33.83,2026-01-25
20671,1823,10.38,2026-01-25
20672,15623,35.00,2026-01-25
20673,26416,25.44,2026-01-25
20674,20716,0.27,2026-01-25
20675,24953,4.63,2026-01-25
20676,7396,0.12,2026-01-25
20677,13634,0.24,2026-01-25
20678,15907,5.59,2026-01-25
20679,22435,38.91,2026-01-25
20680,13587,0.08,2026-01-25
20681,20683,0.17,2026-01-25
20682,18122,8.33,2026-01-25
20683,11710,50.00,2026-01-25
20684,4629,0.63,2026-01-25
20685,10058,0.63,2026-01-25
20686,734,53.66,2026-01-25
20687,20600,0.16,2026-01-25
20688,11987,0.36,2026-01-25
20689,8636,1.12,2026-01-25
20690,3192,0.30,2026-01-25
20691,23152,0.21,2026-01-25
20692,2033,0.31,2026-01-25
20693,12879,0.52,2026-01-25
20694,17760,1.25,2026-01-25
20695,26573,0.13,2026-01-25
20696,26583,0.22,2026-01-25
20697,26272,0.14,2026-01-25
20698,1744,0.40,2026-01-25
20699,18118,0.76,2026-01-25
20700,4047,0.22,2026-01-25
20701,2637,1.15,2026-01-25
20702,15192,2.23,2026-01-25
20703,26615,4.12,2026-01-25
20704,10119,0.56,2026-01-25
20705,17753,1.63,2026-01-25
20706,26912,0.23,2026-01-25
20707,21276,0.48,2026-01-25
20708,674,3.55,2026-01-25
20709,6901,0.11,2026-01-25
20710,16749,0.24,2026-01-25
20711,25721,0.55,2026-01-25
20712,13764,3.49,2026-01-25
20713,2698,34.38,2026-01-25
20714,21879,17.55,2026-01-25
20715,10242,29.97,2026-01-25
20716,11001,0.08,2026-01-25
20717,19572,0.17,2026-01-25
20718,7178,28.74,2026-01-25
20719,9474,2.19,2026-01-25
20720,18164,19.99,2026-01-25
20721,20954,4.71,2026-01-25
20722,12121,29.95,2026-01-25
20723,21825,8.74,2026-01-25
20724,19769,51.10,2026-01-25
20725,26502,0.26,2026-01-25
20726,23155,0.09,2026-01-25
20727,7246,0.57,2026-01-25
20728,12504,0.27,2026-01-25
20729,6922,0.13,2026-01-25
20730,12947,0.25,2026-01-25
20731,19862,0.49,2026-01-25
20732,9119,0.17,2026-01-25
20733,1035,0.41,2026-01-25
20734,17815,0.22,2026-01-25
20735,3295,0.11,2026-01-25
20736,20074,0.15,2026-01-25
20737,3074,2.12,2026-01-25
20738,7791,0.32,2026-01-25
20739,20851,0.15,2026-01-25
20740,25860,0.46,2026-01-25
20741,23972,0.23,2026-01-25
20742,14928,1.39,2026-01-25
20743,12568,7.96,2026-01-25
20744,25161,0.13,2026-01-25
20745,2893,0.18,2026-01-25
20746,1438,0.85,2026-01-25
20747,9207,10.00,2026-01-25
20748,2109,6.60,2026-01-25
20749,3849,0.08,2026-01-25
20750,8510,0.16,2026-01-25
20751,23550,0.07,2026-01-25
20752,16477,0.51,2026-01-25
20753,25242,6.75,2026-01-25
20754,19742,0.53,2026-01-25
20755,13083,0.41,2026-01-25
20756,5556,0.24,2026-01-25
20757,3301,0.25,2026-01-25
20758,5268,17.63,2026-01-25
20759,26383,87.00,2026-01-25
20760,11163,2.36,2026-01-25
20761,11323,26.11,2026-01-25
20762,15447,203.11,2026-01-25
20763,5571,17.98,2026-01-25
20764,1010,100.00,2026-01-25
20765,9318,0.14,2026-01-25
20766,11415,0.52,2026-01-25
20767,23545,0.49,2026-01-25
20768,22169,0.20,2026-01-25
20769,21483,14.37,2026-01-25
20770,26367,0.43,2026-01-25
20771,10572,0.29,2026-01-25
20772,21520,7.34,2026-01-25
20773,19127,3.64,2026-01-25
20774,11522,7.74,2026-01-25
20775,1307,6.85,2026-01-25
20776,2857,0.90,2026-01-25
20777,112,0.62,2026-01-25
20778,1093,0.16,2026-01-25
20779,12008,0.33,2026-01-25
20780,395,0.25,2026-01-25
20781,8445,1.01,2026-01-25
20782,20003,2.71,2026-01-25
20783,12247,109.17,2026-01-25
20784,16967,0.62,2026-01-25
20785,19832,0.74,2026-01-25
20786,24546,0.19,2026-01-25
20787,20854,0.36,2026-01-25
20788,10025,19.98,2026-01-25
20789,6186,3.64,2026-01-25
20790,780,0.17,2026-01-25
20791,4857,0.25,2026-01-25
20792,2646,0.57,2026-01-25
20793,1748,0.39,2026-01-25
20794,25371,5.16,2026-01-25
20795,732,13.48,2026-01-25
20796,2213,3.79,2026-01-25
20797,3767,0.53,2026-01-25
20798,1461,0.18,2026-01-25
20799,20207,0.45,2026-01-25
20800,26210,0.26,2026-01-25
20801,14323,0.48,2026-01-25
20802,17001,0.24,2026-01-25
20803,1047,0.44,2026-01-25
20804,17536,0.16,2026-01-25
20805,9810,0.06,2026-01-25
20806,18894,0.96,2026-01-25
20807,18397,8.96,2026-01-25
20808,26737,43.86,2026-01-25
20809,3154,6.39,2026-01-25
20810,11215,5.80,2026-01-25
20811,9061,36.33,2026-01-25
20812,14873,4.92,2026-01-25
20813,8011,0.40,2026-01-25
20814,11371,0.20,2026-01-25
20815,3808,0.28,2026-01-25
20816,7345,30.00,2026-01-25
20817,16065,0.17,2026-01-25
20818,707,0.49,2026-01-25
20819,3360,53.72,2026-01-25
20820,13120,9.90,2026-01-25
20821,9735,0.23,2026-01-25
20822,10296,0.54,2026-01-25
20823,12685,0.23,2026-01-25
20824,20977,0.49,2026-01-25
20825,19790,1.32,2026-01-25
20826,6984,1.44,2026-01-25
20827,2090,7.39,2026-01-25
20828,18390,0.30,2026-01-25
20829,10455,5.19,2026-01-25
20830,16796,0.10,2026-01-25
20831,8095,0.33,2026-01-25
20832,17192,30.05,2026-01-25
20833,16668,2.41,2026-01-25
20834,3133,20.88,2026-01-25
20835,19620,14.05,2026-01-25
20836,24350,1.50,2026-01-25
20837,15916,0.41,2026-01-25
20838,3914,1.47,2026-01-25
20839,5164,199.99,2026-01-25
20840,7835,0.23,2026-01-25
20841,21353,0.34,2026-01-25
20842,12579,0.05,2026-01-25
20843,26685,0.17,2026-01-25
20844,6892,74.40,2026-01-25
20845,5387,0.31,2026-01-25
20846,12889,0.55,2026-01-25
20847,25470,6.86,2026-01-25
20848,11912,40.37,2026-01-25
20849,3285,0.21,2026-01-25
20850,21396,0.81,2026-01-25
20851,15519,0.59,2026-01-25
20852,9655,0.41,2026-01-25
20853,6463,0.12,2026-01-25
20854,5653,0.26,2026-01-25
20855,17505,0.54,2026-01-25
20856,10038,0.21,2026-01-25
20857,22497,0.29,2026-01-25
20858,471,0.60,2026-01-25
20859,8227,1.98,2026-01-25
20860,924,16.00,2026-01-25
20861,23320,0.30,2026-01-25
20862,18768,0.59,2026-01-25
20863,871,2.19,2026-01-25
20864,15588,0.19,2026-01-25
20865,17637,0.10,2026-01-25
20866,15031,0.16,2026-01-25
20867,25380,0.26,2026-01-25
20868,6767,4.13,2026-01-25
20869,15421,27.33,2026-01-25
20870,13755,0.09,2026-01-25
20871,25522,0.23,2026-01-25
20872,20047,2.11,2026-01-25
20873,24490,0.17,2026-01-25
20874,25667,0.40,2026-01-25
20875,8060,0.79,2026-01-25
20876,13686,8.44,2026-01-25
20877,12085,0.33,2026-01-25
20878,307,0.15,2026-01-25
20879,1672,13.73,2026-01-25
20880,22866,57.86,2026-01-25
20881,1190,1.83,2026-01-25
20882,14046,11.47,2026-01-25
20883,1910,0.08,2026-01-25
20884,26284,0.20,2026-01-25
20885,11394,0.32,2026-01-25
20886,15277,0.15,2026-01-25
20887,14277,0.22,2026-01-25
20888,16949,0.10,2026-01-25
20889,9812,4.04,2026-01-25
20890,4907,3.76,2026-01-25
20891,19425,0.22,2026-01-25
20892,4180,0.48,2026-01-25
20893,9755,0.25,2026-01-25
20894,1223,0.37,2026-01-25
20895,16470,0.70,2026-01-25
20896,22280,1.91,2026-01-25
20897,24557,1.07,2026-01-25
20898,16858,7.15,2026-01-25
20899,817,0.23,2026-01-25
20900,11075,0.37,2026-01-25
20901,257,17.52,2026-01-25
20902,26839,0.35,2026-01-25
20903,20867,0.21,2026-01-25
20904,20021,21.57,2026-01-25
20905,9275,1.88,2026-01-25
20906,6906,0.23,2026-01-25
20907,9540,20.54,2026-01-25
20908,23332,26.65,2026-01-25
20909,12146,0.26,2026-01-25
20910,11456,0.60,2026-01-25
20911,12290,1.08,2026-01-25
20912,377,3.25,2026-01-25
20913,25435,0.10,2026-01-25
20914,26714,0.29,2026-01-25
20915,14771,196.07,2026-01-25
20916,5117,1.28,2026-01-25
20917,5371,15.99,2026-01-25
20918,12490,0.33,2026-01-25
20919,5974,0.68,2026-01-25
20920,18138,0.16,2026-01-25
20921,25752,0.36,2026-01-25
20922,12429,49.76,2026-01-25
20923,20890,7.39,2026-01-25
20924,21822,22.57,2026-01-25
20925,19184,0.09,2026-01-25
20926,17416,0.18,2026-01-25
20927,22177,0.13,2026-01-25
20928,23298,0.28,2026-01-25
20929,26081,0.30,2026-01-25
20930,4728,0.64,2026-01-25
20931,14179,0.42,2026-01-25
20932,4974,0.72,2026-01-25
20933,17171,42.41,2026-01-25
20934,26741,0.63,2026-01-25
20935,26086,0.22,2026-01-25
20936,4564,0.09,2026-01-25
20937,11286,0.17,2026-01-25
20938,24133,0.46,2026-01-25
20939,8949,0.96,2026-01-25
20940,14006,0.42,2026-01-25
20941,15630,59.02,2026-01-25
20942,25833,75.98,2026-01-25
20943,10008,0.25,2026-01-25
20944,20877,1.13,2026-01-25
20945,868,549.99,2026-01-25
20946,16292,2.10,2026-01-25
20947,22055,1.80,2026-01-25
20948,21816,7.79,2026-01-25
20949,18734,0.26,2026-01-25
20950,12926,1.25,2026-01-25
20951,26563,1.98,2026-01-25
20952,17301,3.26,2026-01-25
20953,19396,0.79,2026-01-25
20954,142,1.59,2026-01-25
20955,16277,0.10,2026-01-25
20956,14974,0.30,2026-01-25
20957,2674,4.00,2026-01-25
20958,16815,10.94,2026-01-25
20959,20797,0.21,2026-01-25
20960,1356,0.31,2026-01-25
20961,25809,116.85,2026-01-25
20962,1479,0.34,2026-01-25
20963,6523,0.44,2026-01-25
20964,24529,0.25,2026-01-25
20965,19826,0.17,2026-01-25
20966,26580,0.27,2026-01-25
20967,3955,0.15,2026-01-25
20968,6665,0.29,2026-01-25
20969,9466,0.54,2026-01-25
20970,7322,57.92,2026-01-25
20971,18699,21.40,2026-01-25
20972,650,309.86,2026-01-25
20973,23010,20.85,2026-01-25
20974,15144,0.65,2026-01-25
20975,2363,1.91,2026-01-25
20976,3430,0.34,2026-01-25
20977,10057,1.00,2026-01-25
20978,697,22.51,2026-01-25
20979,8824,0.39,2026-01-25
20980,5658,0.14,2026-01-25
20981,18358,1.13,2026-01-25
20982,16928,1.26,2026-01-25
20983,18876,0.19,2026-01-25
20984,26776,1.37,2026-01-25
20985,8761,0.44,2026-01-25
20986,16124,0.16,2026-01-25
20987,7805,5.25,2026-01-25
20988,5864,23.97,2026-01-25
20989,21233,0.11,2026-01-25
20990,15782,0.21,2026-01-25
20991,19196,0.25,2026-01-25
20992,16993,0.11,2026-01-25
20993,13491,0.45,2026-01-25
20994,25243,4.81,2026-01-25
20995,11740,4.10,2026-01-25
20996,10126,9.19,2026-01-25
20997,22942,10.64,2026-01-25
20998,23909,47.38,2026-01-25
20999,10655,51.74,2026-01-25
21000,17296,0.25,2026-01-25
21001,9012,0.73,2026-01-25
21002,20934,0.17,2026-01-25
21003,9108,0.33,2026-01-25
21004,26269,78.00,2026-01-25
21005,6962,0.25,2026-01-25
21006,810,0.37,2026-01-25
21007,5395,44.99,2026-01-25
21008,7102,0.11,2026-01-25
21009,22170,0.17,2026-01-25
21010,23818,5.23,2026-01-25
21011,14945,7.89,2026-01-25
21012,25343,0.06,2026-01-25
21013,21387,0.25,2026-01-25
21014,13161,0.19,2026-01-25
21015,39,0.10,2026-01-25
21016,22556,2.58,2026-01-25
21017,20010,3.72,2026-01-25
21018,11168,1.29,2026-01-25
21019,15293,0.32,2026-01-25
21020,20964,0.11,2026-01-25
21021,23499,11.63,2026-01-25
21022,22134,0.23,2026-01-25
21023,23721,0.39,2026-01-25
21024,4145,1.20,2026-01-25
21025,18329,0.25,2026-01-25
21026,11937,0.14,2026-01-25
21027,24328,62.94,2026-01-25
21028,9863,0.14,2026-01-25
21029,367,0.29,2026-01-25
21030,1460,2.02,2026-01-25
21031,8167,10.98,2026-01-25
21032,17097,5.08,2026-01-25
21033,4811,0.33,2026-01-25
21034,2662,0.74,2026-01-25
21035,26735,9.54,2026-01-25
21036,4086,33.99,2026-01-25
21037,22788,54.35,2026-01-25
21038,5856,0.16,2026-01-25
21039,11056,0.21,2026-01-25
21040,16174,0.16,2026-01-25
21041,11711,0.30,2026-01-25
21042,14652,18.06,2026-01-25
21043,11860,35.46,2026-01-25
21044,4634,0.46,2026-01-25
21045,4169,1.16,2026-01-25
21046,2428,18.58,2026-01-25
21047,17949,0.70,2026-01-25
21048,95,0.32,2026-01-25
21049,4165,0.08,2026-01-25
21050,16291,0.16,2026-01-25
21051,1092,0.22,2026-01-25
21052,15732,0.17,2026-01-25
21053,7052,0.41,2026-01-25
21054,23359,13.89,2026-01-25
21055,11988,0.10,2026-01-25
21056,12625,0.27,2026-01-25
21057,298,138.16,2026-01-25
21058,1941,0.88,2026-01-25
21059,1278,3.41,2026-01-25
21060,14366,0.12,2026-01-25
21061,24229,0.22,2026-01-25
21062,2854,0.21,2026-01-25
21063,10570,0.61,2026-01-25
21064,3787,0.12,2026-01-25
21065,23364,0.31,2026-01-25
21066,23893,22.90,2026-01-25
21067,24939,36.40,2026-01-25
21068,17021,0.25,2026-01-25
21069,10408,2.24,2026-01-25
21070,17458,149.79,2026-01-25
21071,23830,0.32,2026-01-25
21072,4688,0.48,2026-01-25
21073,22640,0.21,2026-01-25
21074,24344,0.09,2026-01-25
21075,24570,33.83,2026-01-25
21076,1823,10.38,2026-01-25
21077,15623,35.00,2026-01-25
21078,26416,25.44,2026-01-25
21079,20716,0.27,2026-01-25
21080,24953,4.63,2026-01-25
21081,7396,0.12,2026-01-25
21082,13634,0.24,2026-01-25
21083,15907,5.59,2026-01-25
21084,22435,38.91,2026-01-25
21085,13587,0.08,2026-01-25
21086,20683,0.17,2026-01-25
21087,18122,8.33,2026-01-25
21088,11710,50.00,2026-01-25
21089,4629,0.63,2026-01-25
21090,10058,0.63,2026-01-25
21091,734,53.66,2026-01-25
21092,20600,0.16,2026-01-25
21093,11987,0.36,2026-01-25
21094,8636,1.12,2026-01-25
21095,3192,0.30,2026-01-25
21096,23152,0.21,2026-01-25
21097,2033,0.31,2026-01-25
21098,12879,0.52,2026-01-25
21099,17760,1.25,2026-01-25
21100,26573,0.13,2026-01-25
21101,26583,0.22,2026-01-25
21102,26272,0.14,2026-01-25
21103,1744,0.40,2026-01-25
21104,18118,0.76,2026-01-25
21105,4047,0.22,2026-01-25
21106,2637,1.15,2026-01-25
21107,15192,2.23,2026-01-25
21108,26615,4.12,2026-01-25
21109,10119,0.56,2026-01-25
21110,17753,1.63,2026-01-25
21111,26912,0.23,2026-01-25
21112,21276,0.48,2026-01-25
21113,674,3.55,2026-01-25
21114,6901,0.11,2026-01-25
21115,16749,0.24,2026-01-25
21116,25721,0.55,2026-01-25
21117,13764,3.49,2026-01-25
21118,2698,34.38,2026-01-25
21119,21879,17.55,2026-01-25
21120,10242,29.97,2026-01-25
21121,11001,0.08,2026-01-25
21122,19572,0.17,2026-01-25
21123,7178,28.74,2026-01-25
21124,9474,2.19,2026-01-25
21125,18164,19.99,2026-01-25
21126,20954,4.71,2026-01-25
21127,12121,29.95,2026-01-25
21128,21825,8.74,2026-01-25
21129,19769,51.10,2026-01-25
21130,26502,0.26,2026-01-25
21131,23155,0.09,2026-01-25
21132,7246,0.57,2026-01-25
21133,12504,0.27,2026-01-25
21134,6922,0.13,2026-01-25
21135,12947,0.25,2026-01-25
21136,19862,0.49,2026-01-25
21137,9119,0.17,2026-01-25
21138,1035,0.41,2026-01-25
21139,17815,0.22,2026-01-25
21140,3295,0.11,2026-01-25
21141,20074,0.15,2026-01-25
21142,3074,2.12,2026-01-25
21143,7791,0.32,2026-01-25
21144,20851,0.15,2026-01-25
21145,25860,0.46,2026-01-25
21146,23972,0.23,2026-01-25
21147,14928,1.39,2026-01-25
21148,12568,7.96,2026-01-25
21149,25161,0.13,2026-01-25
21150,2893,0.18,2026-01-25
21151,1438,0.85,2026-01-25
21152,9207,10.00,2026-01-25
21153,2109,6.60,2026-01-25
21154,3849,0.08,2026-01-25
21155,8510,0.16,2026-01-25
21156,23550,0.07,2026-01-25
21157,16477,0.51,2026-01-25
21158,25242,6.75,2026-01-25
21159,19742,0.53,2026-01-25
21160,13083,0.41,2026-01-25
21161,5556,0.24,2026-01-25
21162,3301,0.25,2026-01-25
21163,5268,17.63,2026-01-25
21164,26383,87.00,2026-01-25
21165,11163,2.36,2026-01-25
21166,11323,26.11,2026-01-25
21167,15447,203.11,2026-01-25
21168,5571,17.98,2026-01-25
21169,1010,100.00,2026-01-25
21170,9318,0.14,2026-01-25
21171,11415,0.52,2026-01-25
21172,23545,0.49,2026-01-25
21173,22169,0.20,2026-01-25
21174,21483,14.37,2026-01-25
21175,26367,0.43,2026-01-25
21176,10572,0.29,2026-01-25
21177,21520,7.34,2026-01-25
21178,19127,3.64,2026-01-25
21179,11522,7.74,2026-01-25
21180,1307,6.85,2026-01-25
21181,2857,0.90,2026-01-25
21182,112,0.62,2026-01-25
21183,1093,0.16,2026-01-25
21184,12008,0.33,2026-01-25
21185,395,0.25,2026-01-25
21186,8445,1.01,2026-01-25
21187,20003,2.71,2026-01-25
21188,12247,109.17,2026-01-25
21189,16967,0.62,2026-01-25
21190,19832,0.74,2026-01-25
21191,24546,0.19,2026-01-25
21192,20854,0.36,2026-01-25
21193,10025,19.98,2026-01-25
21194,6186,3.64,2026-01-25
21195,780,0.17,2026-01-25
21196,4857,0.25,2026-01-25
21197,2646,0.57,2026-01-25
21198,1748,0.39,2026-01-25
21199,25371,5.16,2026-01-25
21200,732,13.48,2026-01-25
21201,2213,3.79,2026-01-25
21202,3767,0.53,2026-01-25
21203,1461,0.18,2026-01-25
21204,20207,0.45,2026-01-25
21205,26210,0.26,2026-01-25
21206,14323,0.48,2026-01-25
21207,17001,0.24,2026-01-25
21208,1047,0.44,2026-01-25
21209,17536,0.16,2026-01-25
21210,9810,0.06,2026-01-25
21211,18894,0.96,2026-01-25
21212,18397,8.96,2026-01-25
21213,26737,43.86,2026-01-25
21214,3154,6.39,2026-01-25
21215,11215,5.80,2026-01-25
21216,9061,36.33,2026-01-25
21217,14873,4.92,2026-01-25
21218,8011,0.40,2026-01-25
21219,11371,0.20,2026-01-25
21220,3808,0.28,2026-01-25
21221,7345,30.00,2026-01-25
21222,16065,0.17,2026-01-25
21223,707,0.49,2026-01-25
21224,3360,53.72,2026-01-25
21225,13120,9.90,2026-01-25
21226,9735,0.23,2026-01-25
21227,10296,0.54,2026-01-25
21228,12685,0.23,2026-01-25
21229,20977,0.49,2026-01-25
21230,19790,1.32,2026-01-25
21231,6984,1.44,2026-01-25
21232,2090,7.39,2026-01-25
21233,18390,0.30,2026-01-25
21234,10455,5.19,2026-01-25
21235,16796,0.10,2026-01-25
21236,8095,0.33,2026-01-25
21237,17192,30.05,2026-01-25
21238,16668,2.41,2026-01-25
21239,3133,20.88,2026-01-25
21240,19620,14.05,2026-01-25
21241,24350,1.50,2026-01-25
21242,8394,13.46,2026-01-25
21243,5637,142.98,2026-01-25
21244,3502,11.42,2026-01-25
21245,4529,32.69,2026-01-25
21246,5698,28.07,2026-01-25
21247,22528,59.98,2026-01-25
21248,3864,62.37,2026-01-25
21249,7531,0.08,2026-01-25
21250,9487,0.24,2026-01-25
21251,20170,51.18,2026-01-25
21252,4649,74.38,2026-01-25
21253,20527,1.00,2026-01-25
21254,16331,0.66,2026-01-25
21255,22741,18.38,2026-01-25
21256,20410,1.62,2026-01-25
21257,2356,5.00,2026-01-25
21258,12366,5.45,2026-01-25
21259,26997,0.55,2026-01-25
21260,5419,1.61,2026-01-25
21261,12006,0.07,2026-01-25
21262,7828,0.18,2026-01-25
21263,2506,0.11,2026-01-25
21264,26090,0.32,2026-01-25
21265,11700,0.14,2026-01-25
21266,14150,0.06,2026-01-25
21267,6148,42.88,2026-01-25
21268,17482,0.28,2026-01-25
21269,4967,0.62,2026-01-25
21270,6950,3.74,2026-01-25
21271,24524,2.63,2026-01-25
21272,4840,19.34,2026-01-25
21273,2137,1.52,2026-01-25
21274,25759,9.31,2026-01-25
21275,8257,8.01,2026-01-25
21276,4425,22.64,2026-01-25
21277,11789,62.95,2026-01-25
21278,20402,0.18,2026-01-25
21279,9006,0.08,2026-01-25
21280,15269,4.60,2026-01-25
21281,8455,39.98,2026-01-25
21282,12376,9.02,2026-01-25
21283,24622,11.12,2026-01-25
21284,6394,13.12,2026-01-25
21285,20206,0.38,2026-01-25
21286,10535,3.56,2026-01-25
21287,24744,36.81,2026-01-25
21288,7005,0.25,2026-01-25
21289,23606,1.58,2026-01-25
21290,11240,6.07,2026-01-25
21291,14172,20.32,2026-01-25
21292,11863,0.22,2026-01-25
21293,285,0.33,2026-01-25
21294,24991,17.26,2026-01-25
21295,23276,0.10,2026-01-25
21296,11993,0.19,2026-01-25
21297,23782,14.17,2026-01-25
21298,26435,0.18,2026-01-25
21299,6977,0.06,2026-01-25
21300,241,0.77,2026-01-25
21301,4770,0.30,2026-01-25
21302,22427,1.68,2026-01-25
21303,4237,12.33,2026-01-25
21304,11084,0.60,2026-01-25
21305,11670,9.84,2026-01-25
21306,4698,5.14,2026-01-25
21307,24509,16.93,2026-01-25
21308,5431,450.33,2026-01-25
21309,2694,0.53,2026-01-25
21310,3447,0.32,2026-01-25
21311,3862,285.92,2026-01-25
21312,5802,5.13,2026-01-25
21313,3714,10.72,2026-01-25
21314,26960,43.99,2026-01-25
21315,14751,0.28,2026-01-25
21316,7640,0.09,2026-01-25
21317,9107,0.16,2026-01-25
21318,21763,0.38,2026-01-25
21319,14123,1.94,2026-01-25
21320,17707,8.93,2026-01-25
21321,3349,0.14,2026-01-25
21322,6545,0.06,2026-01-25
21323,8816,1.35,2026-01-25
21324,6483,0.73,2026-01-25
21325,18494,2.09,2026-01-25
21326,15238,8.45,2026-01-25
21327,8540,27.30,2026-01-25
21328,5546,9.09,2026-01-25
21329,26687,1223.13,2026-01-25
21330,20428,25.57,2026-01-25
21331,3692,25.54,2026-01-25
21332,20108,16.20,2026-01-25
21333,20237,0.07,2026-01-25
21334,13924,0.20,2026-01-25
21335,6277,38.32,2026-01-25
21336,3033,565.91,2026-01-25
21337,17299,12.64,2026-01-25
21338,5555,4.44,2026-01-25
21339,10582,11.29,2026-01-25
21340,24201,2.19,2026-01-25
21341,478,0.26,2026-01-25
21342,20677,4.40,2026-01-25
21343,11328,1.59,2026-01-25
21344,26909,0.38,2026-01-25
21345,11650,8.94,2026-01-25
21346,18643,0.20,2026-01-25
21347,4730,0.49,2026-01-25
21348,9751,0.10,2026-01-25
21349,14278,0.18,2026-01-25
21350,26319,8.01,2026-01-25
21351,23195,3.62,2026-01-25
21352,12114,6.45,2026-01-25
21353,13278,2.16,2026-01-25
21354,17280,10.10,2026-01-25
21355,8345,0.06,2026-01-25
21356,637,0.12,2026-01-25
21357,14190,20.58,2026-01-25
21358,22825,54.60,2026-01-25
21359,289,12.00,2026-01-25
21360,26415,0.22,2026-01-25
21361,597,0.13,2026-01-25
21362,2114,0.15,2026-01-25
21363,12764,0.27,2026-01-25
21364,3240,0.07,2026-01-25
21365,24070,0.34,2026-01-25
21366,9525,25.57,2026-01-25
21367,16452,2.10,2026-01-25
21368,23228,2.72,2026-01-25
21369,2705,21.75,2026-01-25
21370,20311,166.19,2026-01-25
21371,11177,11.32,2026-01-25
21372,23967,5.18,2026-01-25
21373,6465,2.01,2026-01-25
21374,16863,3.82,2026-01-25
21375,4441,2.29,2026-01-25
21376,23603,0.21,2026-01-25
21377,19845,0.52,2026-01-25
21378,24503,0.22,2026-01-25
21379,12470,0.09,2026-01-25
21380,19969,6.23,2026-01-25
21381,22989,124.72,2026-01-25
21382,12546,21.79,2026-01-25
21383,25283,0.54,2026-01-25
21384,8904,20.38,2026-01-25
21385,11320,0.45,2026-01-25
21386,25805,1.28,2026-01-25
21387,25822,0.28,2026-01-25
21388,14640,0.21,2026-01-25
21389,22552,26.35,2026-01-25
21390,14063,50.98,2026-01-25
21391,8858,66.77,2026-01-25
21392,6412,75.18,2026-01-25
21393,23862,6.68,2026-01-25
21394,10934,0.17,2026-01-25
21395,6985,0.45,2026-01-25
21396,14932,8.06,2026-01-25
21397,18980,10.74,2026-01-25
21398,18918,9.13,2026-01-25
21399,8463,2.17,2026-01-25
21400,115,10.68,2026-01-25
21401,11526,0.13,2026-01-25
21402,9903,0.24,2026-01-25
21403,23311,11.52,2026-01-25
21404,19426,0.14,2026-01-25
21405,10344,0.40,2026-01-25
21406,15898,5.97,2026-01-25
21407,10699,16.67,2026-01-25
21408,6299,1.70,2026-01-25
21409,20749,1.05,2026-01-25
21410,23434,0.26,2026-01-25
21411,2160,0.07,2026-01-25
21412,19727,8.10,2026-01-25
21413,10250,25.01,2026-01-25
21414,8654,33.40,2026-01-25
21415,19369,0.42,2026-01-25
21416,18869,8.73,2026-01-25
21417,8295,134.32,2026-01-25
21418,7830,0.18,2026-01-25
21419,8599,0.08,2026-01-25
21420,2594,31.35,2026-01-25
21421,20177,0.78,2026-01-25
21422,22074,0.16,2026-01-25
21423,11731,0.32,2026-01-25
21424,17953,0.17,2026-01-25
21425,26620,57.83,2026-01-25
21426,10520,13.77,2026-01-25
21427,24718,1.67,2026-01-25
21428,17526,8.05,2026-01-25
21429,13395,30.01,2026-01-25
21430,6021,19.01,2026-01-25
21431,5031,0.28,2026-01-25
21432,26342,0.55,2026-01-25
21433,3456,0.95,2026-01-25
21434,10113,0.37,2026-01-25
21435,10952,24.68,2026-01-25
21436,132,10.41,2026-01-25
21437,10574,0.13,2026-01-25
21438,2368,0.23,2026-01-25
21439,4403,34.12,2026-01-25
21440,15365,164.24,2026-01-25
21441,17451,7.56,2026-01-25
21442,17634,1.82,2026-01-25
21443,10352,9.99,2026-01-25
21444,9609,0.15,2026-01-25
21445,11982,0.10,2026-01-25
21446,21377,89.84,2026-01-25
21447,22571,0.31,2026-01-25
21448,8267,0.10,2026-01-25
21449,26511,0.09,2026-01-25
21450,10994,0.17,2026-01-25
21451,21162,7.24,2026-01-25
21452,14678,60.00,2026-01-25
21453,20357,9.54,2026-01-25
21454,8844,2.48,2026-01-25
21455,4484,4.54,2026-01-25
21456,13727,11.08,2026-01-25
21457,149,1.17,2026-01-25
21458,11594,15.50,2026-01-25
21459,21700,3.72,2026-01-25
21460,12483,3.22,2026-01-25
21461,5624,6.18,2026-01-25
21462,11709,0.29,2026-01-25
21463,2056,1.71,2026-01-25
21464,25299,3.68,2026-01-25
21465,20876,0.55,2026-01-25
21466,3990,2.63,2026-01-25
21467,14594,2669.22,2026-01-25
21468,2711,7.25,2026-01-25
21469,17101,33.03,2026-01-25
21470,14037,20.98,2026-01-25
21471,12075,0.17,2026-01-25
21472,440,0.31,2026-01-25
21473,14813,30.57,2026-01-25
21474,19132,4.88,2026-01-25
21475,15491,72.81,2026-01-25
21476,10305,0.40,2026-01-25
21477,21147,4.51,2026-01-25
21478,9747,13.65,2026-01-25
21479,18205,0.33,2026-01-25
21480,20143,0.19,2026-01-25
21481,2958,0.45,2026-01-25
21482,9214,0.11,2026-01-25
21483,3735,0.22,2026-01-25
21484,22254,0.11,2026-01-25
21485,7644,11.10,2026-01-25
21486,24116,33.29,2026-01-25
21487,10694,35.40,2026-01-25
21488,11407,12.59,2026-01-25
21489,23951,0.14,2026-01-25
21490,18353,0.30,2026-01-25
21491,16201,14.14,2026-01-25
21492,3096,81.06,2026-01-25
21493,15906,0.20,2026-01-25
21494,22017,0.65,2026-01-25
21495,25267,233.51,2026-01-25
21496,15509,5.82,2026-01-25
21497,7722,28.33,2026-01-25
21498,8499,15.47,2026-01-25
21499,13230,10.22,2026-01-25
21500,5198,1.32,2026-01-25
21501,19004,0.34,2026-01-25
21502,4418,4.13,2026-01-25
21503,452,1.75,2026-01-25
21504,5634,29.50,2026-01-25
21505,22471,2.20,2026-01-25
21506,15497,9.17,2026-01-25
21507,834,86.08,2026-01-25
21508,3961,0.43,2026-01-25
21509,9983,0.14,2026-01-25
21510,14379,0.19,2026-01-25
21511,10341,0.39,2026-01-25
21512,18574,4.16,2026-01-25
21513,23418,9.54,2026-01-25
21514,223,0.29,2026-01-25
21515,22838,0.16,2026-01-25
21516,12528,0.43,2026-01-25
21517,1189,0.10,2026-01-25
21518,6425,0.12,2026-01-25
21519,17083,0.06,2026-01-25
21520,10851,22.30,2026-01-25
21521,9386,55.94,2026-01-25
21522,22513,0.71,2026-01-25
21523,1294,0.09,2026-01-25
21524,19169,39.77,2026-01-25
21525,12028,22.12,2026-01-25
21526,17989,2.25,2026-01-25
21527,2345,0.71,2026-01-25
21528,13416,79.83,2026-01-25
21529,14819,20.68,2026-01-25
21530,26825,1.56,2026-01-25
21531,19944,0.70,2026-01-25
21532,7291,185.91,2026-01-25
21533,16301,7.95,2026-01-25
21534,13252,14.07,2026-01-25
21535,4399,6.26,2026-01-25
21536,4507,29.98,2026-01-25
21537,7933,14.75,2026-01-25
21538,1016,3.64,2026-01-25
21539,24809,6.27,2026-01-25
21540,24132,13.74,2026-01-25
21541,398,152.85,2026-01-25
21542,24145,0.84,2026-01-25
21543,19921,0.26,2026-01-25
21544,24825,0.06,2026-01-25
21545,6694,0.22,2026-01-25
21546,14177,0.88,2026-01-25
21547,18022,0.86,2026-01-25
21548,23737,0.11,2026-01-25
21549,25005,0.42,2026-01-25
21550,15179,0.16,2026-01-25
21551,19288,0.10,2026-01-25
21552,25495,0.61,2026-01-25
21553,25615,0.24,2026-01-25
21554,9572,7.55,2026-01-25
21555,6203,43.15,2026-01-25
21556,20376,0.22,2026-01-25
21557,24887,0.54,2026-01-25
21558,5758,16.56,2026-01-25
21559,9057,135.59,2026-01-25
21560,7756,6.44,2026-01-25
21561,2199,1.54,2026-01-25
21562,7819,0.65,2026-01-25
21563,22307,6.51,2026-01-25
21564,5826,10.79,2026-01-25
21565,4944,69.63,2026-01-25
21566,25091,123.18,2026-01-25
21567,3387,2.71,2026-01-25
21568,12523,0.16,2026-01-25
21569,3065,0.09,2026-01-25
21570,12596,0.16,2026-01-25
21571,19001,3.04,2026-01-25
21572,8104,0.07,2026-01-25
21573,339,0.16,2026-01-25
21574,19647,36.06,2026-01-25
21575,12450,0.17,2026-01-25
21576,7673,0.81,2026-01-25
21577,11549,0.30,2026-01-25
21578,12168,0.14,2026-01-25
21579,1816,24.27,2026-01-25
21580,25735,0.31,2026-01-25
21581,16469,0.22,2026-01-25
21582,21827,0.20,2026-01-25
21583,23558,2.21,2026-01-25
21584,10045,2.09,2026-01-25
21585,3821,120.08,2026-01-25
21586,15416,43.15,2026-01-25
21587,6067,20.98,2026-01-25
21588,26148,1.45,2026-01-25
21589,1903,0.08,2026-01-25
21590,22356,0.15,2026-01-25
21591,22390,1.33,2026-01-25
21592,25391,1.64,2026-01-25
21593,8187,0.11,2026-01-25
21594,9549,0.35,2026-01-25
21595,17616,0.40,2026-01-25
21596,8829,0.11,2026-01-25
21597,9862,3.02,2026-01-25
21598,9774,7.77,2026-01-25
21599,785,26.74,2026-01-25
21600,6619,0.45,2026-01-25
21601,18762,0.08,2026-01-25
21602,26723,2.57,2026-01-25
21603,26019,20.50,2026-01-25
21604,14747,0.16,2026-01-25
21605,13291,0.33,2026-01-25
21606,8394,13.46,2026-01-25
21607,5637,142.98,2026-01-25
21608,3502,11.42,2026-01-25
21609,4529,32.69,2026-01-25
21610,5698,28.07,2026-01-25
21611,22528,59.98,2026-01-25
21612,3864,62.37,2026-01-25
21613,7531,0.08,2026-01-25
21614,9487,0.24,2026-01-25
21615,20170,51.18,2026-01-25
21616,4649,74.38,2026-01-25
21617,20527,1.00,2026-01-25
21618,16331,0.66,2026-01-25
21619,22741,18.38,2026-01-25
21620,20410,1.62,2026-01-25
21621,2356,5.00,2026-01-25
21622,12366,5.45,2026-01-25
21623,26997,0.55,2026-01-25
21624,5419,1.61,2026-01-25
21625,12006,0.07,2026-01-25
21626,7828,0.18,2026-01-25
21627,2506,0.11,2026-01-25
21628,26090,0.32,2026-01-25
21629,11700,0.14,2026-01-25
21630,14150,0.06,2026-01-25
21631,6148,42.88,2026-01-25
21632,17482,0.28,2026-01-25
21633,4967,0.62,2026-01-25
21634,6950,3.74,2026-01-25
21635,24524,2.63,2026-01-25
21636,4840,19.34,2026-01-25
21637,2137,1.52,2026-01-25
21638,25759,9.31,2026-01-25
21639,8257,8.01,2026-01-25
21640,4425,22.64,2026-01-25
21641,11789,62.95,2026-01-25
21642,20402,0.18,2026-01-25
21643,9006,0.08,2026-01-25
21644,15269,4.60,2026-01-25
21645,8455,39.98,2026-01-25
21646,12376,9.02,2026-01-25
21647,24622,11.12,2026-01-25
21648,6394,13.12,2026-01-25
21649,20206,0.38,2026-01-25
21650,10535,3.56,2026-01-25
21651,24744,36.81,2026-01-25
21652,7005,0.25,2026-01-25
21653,23606,1.58,2026-01-25
21654,11240,6.07,2026-01-25
21655,14172,20.32,2026-01-25
21656,11863,0.22,2026-01-25
21657,285,0.33,2026-01-25
21658,24991,17.26,2026-01-25
21659,23276,0.10,2026-01-25
21660,11993,0.19,2026-01-25
21661,23782,14.17,2026-01-25
21662,26435,0.18,2026-01-25
21663,6977,0.06,2026-01-25
21664,241,0.77,2026-01-25
21665,4770,0.30,2026-01-25
21666,22427,1.68,2026-01-25
21667,4237,12.33,2026-01-25
21668,11084,0.60,2026-01-25
21669,11670,9.84,2026-01-25
21670,4698,5.14,2026-01-25
21671,24509,16.93,2026-01-25
21672,5431,450.33,2026-01-25
21673,2694,0.53,2026-01-25
21674,3447,0.32,2026-01-25
21675,3862,285.92,2026-01-25
21676,5802,5.13,2026-01-25
21677,3714,10.72,2026-01-25
21678,26960,43.99,2026-01-25
21679,14751,0.28,2026-01-25
21680,7640,0.09,2026-01-25
21681,9107,0.16,2026-01-25
21682,21763,0.38,2026-01-25
21683,14123,1.94,2026-01-25
21684,17707,8.93,2026-01-25
21685,3349,0.14,2026-01-25
21686,6545,0.06,2026-01-25
21687,8816,1.35,2026-01-25
21688,6483,0.73,2026-01-25
21689,18494,2.09,2026-01-25
21690,15238,8.45,2026-01-25
21691,8540,27.30,2026-01-25
21692,5546,9.09,2026-01-25
21693,26687,1223.13,2026-01-25
21694,20428,25.57,2026-01-25
21695,3692,25.54,2026-01-25
21696,20108,16.20,2026-01-25
21697,20237,0.07,2026-01-25
21698,13924,0.20,2026-01-25
21699,6277,38.32,2026-01-25
21700,3033,565.91,2026-01-25
21701,17299,12.64,2026-01-25
21702,5555,4.44,2026-01-25
21703,10582,11.29,2026-01-25
21704,24201,2.19,2026-01-25
21705,478,0.26,2026-01-25
21706,20677,4.40,2026-01-25
21707,11328,1.59,2026-01-25
21708,26909,0.38,2026-01-25
21709,11650,8.94,2026-01-25
21710,18643,0.20,2026-01-25
21711,4730,0.49,2026-01-25
21712,9751,0.10,2026-01-25
21713,14278,0.18,2026-01-25
21714,26319,8.01,2026-01-25
21715,23195,3.62,2026-01-25
21716,12114,6.45,2026-01-25
21717,13278,2.16,2026-01-25
21718,17280,10.10,2026-01-25
21719,8345,0.06,2026-01-25
21720,637,0.12,2026-01-25
21721,14190,20.58,2026-01-25
21722,22825,54.60,2026-01-25
21723,289,12.00,2026-01-25
21724,26415,0.22,2026-01-25
21725,597,0.13,2026-01-25
21726,2114,0.15,2026-01-25
21727,12764,0.27,2026-01-25
21728,3240,0.07,2026-01-25
21729,24070,0.34,2026-01-25
21730,9525,25.57,2026-01-25
21731,16452,2.10,2026-01-25
21732,23228,2.72,2026-01-25
21733,2705,21.75,2026-01-25
21734,20311,166.19,2026-01-25
21735,11177,11.32,2026-01-25
21736,23967,5.18,2026-01-25
21737,6465,2.01,2026-01-25
21738,16863,3.82,2026-01-25
21739,4441,2.29,2026-01-25
21740,23603,0.21,2026-01-25
21741,19845,0.52,2026-01-25
21742,24503,0.22,2026-01-25
21743,12470,0.09,2026-01-25
21744,19969,6.23,2026-01-25
21745,22989,124.72,2026-01-25
21746,12546,21.79,2026-01-25
21747,25283,0.54,2026-01-25
21748,8904,20.38,2026-01-25
21749,11320,0.45,2026-01-25
21750,25805,1.28,2026-01-25
21751,25822,0.28,2026-01-25
21752,14640,0.21,2026-01-25
21753,22552,26.35,2026-01-25
21754,14063,50.98,2026-01-25
21755,8858,66.77,2026-01-25
21756,6412,75.18,2026-01-25
21757,23862,6.68,2026-01-25
21758,10934,0.17,2026-01-25
21759,6985,0.45,2026-01-25
21760,14932,8.06,2026-01-25
21761,18980,10.74,2026-01-25
21762,18918,9.13,2026-01-25
21763,8463,2.17,2026-01-25
21764,115,10.68,2026-01-25
21765,11526,0.13,2026-01-25
21766,9903,0.24,2026-01-25
21767,23311,11.52,2026-01-25
21768,19426,0.14,2026-01-25
21769,10344,0.40,2026-01-25
21770,15898,5.97,2026-01-25
21771,10699,16.67,2026-01-25
21772,6299,1.70,2026-01-25
21773,20749,1.05,2026-01-25
21774,23434,0.26,2026-01-25
21775,2160,0.07,2026-01-25
21776,19727,8.10,2026-01-25
21777,10250,25.01,2026-01-25
21778,8654,33.40,2026-01-25
21779,19369,0.42,2026-01-25
21780,18869,8.73,2026-01-25
21781,8295,134.32,2026-01-25
21782,7830,0.18,2026-01-25
21783,8599,0.08,2026-01-25
21784,2594,31.35,2026-01-25
21785,20177,0.78,2026-01-25
21786,22074,0.16,2026-01-25
21787,11731,0.32,2026-01-25
21788,17953,0.17,2026-01-25
21789,26620,57.83,2026-01-25
21790,10520,13.77,2026-01-25
21791,24718,1.67,2026-01-25
21792,17526,8.05,2026-01-25
21793,13395,30.01,2026-01-25
21794,6021,19.01,2026-01-25
21795,5031,0.28,2026-01-25
21796,26342,0.55,2026-01-25
21797,3456,0.95,2026-01-25
21798,10113,0.37,2026-01-25
21799,10952,24.68,2026-01-25
21800,132,10.41,2026-01-25
21801,10574,0.13,2026-01-25
21802,2368,0.23,2026-01-25
21803,4403,34.12,2026-01-25
21804,15365,164.24,2026-01-25
21805,17451,7.56,2026-01-25
21806,17634,1.82,2026-01-25
21807,10352,9.99,2026-01-25
21808,9609,0.15,2026-01-25
21809,11982,0.10,2026-01-25
21810,21377,89.84,2026-01-25
21811,22571,0.31,2026-01-25
21812,8267,0.10,2026-01-25
21813,26511,0.09,2026-01-25
21814,10994,0.17,2026-01-25
21815,21162,7.24,2026-01-25
21816,14678,60.00,2026-01-25
21817,20357,9.54,2026-01-25
21818,8844,2.48,2026-01-25
21819,4484,4.54,2026-01-25
21820,13727,11.08,2026-01-25
21821,149,1.17,2026-01-25
21822,11594,15.50,2026-01-25
21823,21700,3.72,2026-01-25
21824,12483,3.22,2026-01-25
21825,5624,6.18,2026-01-25
21826,11709,0.29,2026-01-25
21827,2056,1.71,2026-01-25
21828,25299,3.68,2026-01-25
21829,20876,0.55,2026-01-25
21830,3990,2.63,2026-01-25
21831,14594,2669.22,2026-01-25
21832,2711,7.25,2026-01-25
21833,17101,33.03,2026-01-25
21834,14037,20.98,2026-01-25
21835,12075,0.17,2026-01-25
21836,440,0.31,2026-01-25
21837,14813,30.57,2026-01-25
21838,19132,4.88,2026-01-25
21839,15491,72.81,2026-01-25
21840,10305,0.40,2026-01-25
21841,21147,4.51,2026-01-25
21842,9747,13.65,2026-01-25
21843,18205,0.33,2026-01-25
21844,20143,0.19,2026-01-25
21845,2958,0.45,2026-01-25
21846,9214,0.11,2026-01-25
21847,3735,0.22,2026-01-25
21848,22254,0.11,2026-01-25
21849,7644,11.10,2026-01-25
21850,24116,33.29,2026-01-25
21851,10694,35.40,2026-01-25
21852,11407,12.59,2026-01-25
21853,23951,0.14,2026-01-25
21854,18353,0.30,2026-01-25
21855,16201,14.14,2026-01-25
21856,3096,81.06,2026-01-25
21857,15906,0.20,2026-01-25
21858,22017,0.65,2026-01-25
21859,25267,233.51,2026-01-25
21860,15509,5.82,2026-01-25
21861,7722,28.33,2026-01-25
21862,8499,15.47,2026-01-25
21863,13230,10.22,2026-01-25
21864,5198,1.32,2026-01-25
21865,19004,0.34,2026-01-25
21866,4418,4.13,2026-01-25
21867,452,1.75,2026-01-25
21868,5634,29.50,2026-01-25
21869,22471,2.20,2026-01-25
21870,15497,9.17,2026-01-25
21871,834,86.08,2026-01-25
21872,3961,0.43,2026-01-25
21873,9983,0.14,2026-01-25
21874,14379,0.19,2026-01-25
21875,10341,0.39,2026-01-25
21876,18574,4.16,2026-01-25
21877,23418,9.54,2026-01-25
21878,223,0.29,2026-01-25
21879,22838,0.16,2026-01-25
21880,12528,0.43,2026-01-25
21881,1189,0.10,2026-01-25
21882,6425,0.12,2026-01-25
21883,17083,0.06,2026-01-25
21884,10851,22.30,2026-01-25
21885,9386,55.94,2026-01-25
21886,22513,0.71,2026-01-25
21887,1294,0.09,2026-01-25
21888,19169,39.77,2026-01-25
21889,12028,22.12,2026-01-25
21890,17989,2.25,2026-01-25
21891,2345,0.71,2026-01-25
21892,13416,79.83,2026-01-25
21893,14819,20.68,2026-01-25
21894,26825,1.56,2026-01-25
21895,19944,0.70,2026-01-25
21896,7291,185.91,2026-01-25
21897,16301,7.95,2026-01-25
21898,13252,14.07,2026-01-25
21899,4399,6.26,2026-01-25
21900,4507,29.98,2026-01-25
21901,7933,14.75,2026-01-25
21902,1016,3.64,2026-01-25
21903,24809,6.27,2026-01-25
21904,24132,13.74,2026-01-25
21905,398,152.85,2026-01-25
21906,24145,0.84,2026-01-25
21907,19921,0.26,2026-01-25
21908,24825,0.06,2026-01-25
21909,6694,0.22,2026-01-25
21910,14177,0.88,2026-01-25
21911,18022,0.86,2026-01-25
21912,23737,0.11,2026-01-25
21913,25005,0.42,2026-01-25
21914,15179,0.16,2026-01-25
21915,19288,0.10,2026-01-25
21916,25495,0.61,2026-01-25
21917,25615,0.24,2026-01-25
21918,9572,7.55,2026-01-25
21919,6203,43.15,2026-01-25
21920,20376,0.22,2026-01-25
21921,24887,0.54,2026-01-25
21922,5758,16.56,2026-01-25
21923,9057,135.59,2026-01-25
21924,7756,6.44,2026-01-25
21925,2199,1.54,2026-01-25
21926,7819,0.65,2026-01-25
21927,22307,6.51,2026-01-25
21928,5826,10.79,2026-01-25
21929,4944,69.63,2026-01-25
21930,25091,123.18,2026-01-25
21931,3387,2.71,2026-01-25
21932,12523,0.16,2026-01-25
21933,3065,0.09,2026-01-25
21934,12596,0.16,2026-01-25
21935,19001,3.04,2026-01-25
21936,8104,0.07,2026-01-25
21937,339,0.16,2026-01-25
21938,19647,36.06,2026-01-25
21939,12450,0.17,2026-01-25
21940,7673,0.81,2026-01-25
21941,11549,0.30,2026-01-25
21942,12168,0.14,2026-01-25
21943,1816,24.27,2026-01-25
21944,25735,0.31,2026-01-25
21945,16469,0.22,2026-01-25
21946,21827,0.20,2026-01-25
21947,23558,2.21,2026-01-25
21948,10045,2.09,2026-01-25
21949,3821,120.08,2026-01-25
21950,15416,43.15,2026-01-25
21951,6067,20.98,2026-01-25
21952,26148,1.45,2026-01-25
21953,1903,0.08,2026-01-25
21954,22356,0.15,2026-01-25
21955,22390,1.33,2026-01-25
21956,25391,1.64,2026-01-25
21957,8187,0.11,2026-01-25
21958,9549,0.35,2026-01-25
21959,17616,0.40,2026-01-25
21960,8829,0.11,2026-01-25
21961,9862,3.02,2026-01-25
21962,9774,7.77,2026-01-25
21963,785,26.74,2026-01-25
21964,6619,0.45,2026-01-25
21965,18762,0.08,2026-01-25
21966,26723,2.57,2026-01-25
21967,26019,20.50,2026-01-25
21968,14747,0.16,2026-01-25
21969,13291,0.33,2026-01-25
21970,399,0.33,2026-01-25
21971,15582,0.11,2026-01-25
21972,12915,2.48,2026-01-25
21973,23801,0.37,2026-01-25
21974,15326,1.23,2026-01-25
21975,13600,0.20,2026-01-25
21976,2402,0.27,2026-01-25
21977,14853,0.31,2026-01-25
21978,8155,0.15,2026-01-25
21979,18805,3.62,2026-01-25
21980,3639,0.44,2026-01-25
21981,2511,0.12,2026-01-25
21982,22082,0.31,2026-01-25
21983,18707,0.06,2026-01-25
21984,22403,15.32,2026-01-25
21985,2218,1.81,2026-01-25
21986,5030,700.00,2026-01-25
21987,14814,294.25,2026-01-25
21988,23971,0.59,2026-01-25
21989,460,0.25,2026-01-25
21990,18502,4.09,2026-01-25
21991,12514,16.02,2026-01-25
21992,9282,3.47,2026-01-25
21993,24571,0.40,2026-01-25
21994,24474,0.17,2026-01-25
21995,17684,0.14,2026-01-25
21996,25003,0.40,2026-01-25
21997,14100,0.24,2026-01-25
21998,18449,0.13,2026-01-25
21999,20539,3.36,2026-01-25
22000,8809,0.76,2026-01-25
22001,26490,0.25,2026-01-25
22002,11844,0.07,2026-01-25
22003,4776,2.56,2026-01-25
22004,16265,2.21,2026-01-25
22005,5662,4.16,2026-01-25
22006,4752,15.85,2026-01-25
22007,9405,1.45,2026-01-25
22008,11410,0.20,2026-01-25
22009,5050,359.99,2026-01-25
22010,11516,299.95,2026-01-25
22011,5295,0.24,2026-01-25
22012,12077,1.37,2026-01-25
22013,15936,0.21,2026-01-25
22014,17997,0.36,2026-01-25
22015,3935,0.18,2026-01-25
22016,1080,0.60,2026-01-25
22017,26961,0.12,2026-01-25
22018,17809,0.45,2026-01-25
22019,6252,0.23,2026-01-25
22020,12455,0.08,2026-01-25
22021,1160,4.87,2026-01-25
22022,8279,6.20,2026-01-25
22023,12445,51.19,2026-01-25
22024,24965,2.55,2026-01-25
22025,22665,9.46,2026-01-25
22026,4322,241.99,2026-01-25
22027,20534,3.83,2026-01-25
22028,16206,28.55,2026-01-25
22029,24420,0.81,2026-01-25
22030,10748,5.78,2026-01-25
22031,19807,0.32,2026-01-25
22032,25592,0.13,2026-01-25
22033,15592,0.13,2026-01-25
22034,23189,0.61,2026-01-25
22035,21018,0.38,2026-01-25
22036,17282,0.19,2026-01-25
22037,17569,5.52,2026-01-25
22038,21831,0.08,2026-01-25
22039,4775,0.23,2026-01-25
22040,20944,0.16,2026-01-25
22041,19028,0.70,2026-01-25
22042,11353,8.69,2026-01-25
22043,18698,299.99,2026-01-25
22044,10622,222.63,2026-01-25
22045,11872,3.44,2026-01-25
22046,22293,1.80,2026-01-25
22047,4767,6.21,2026-01-25
22048,22083,0.22,2026-01-25
22049,18757,0.72,2026-01-25
22050,6793,0.19,2026-01-25
22051,5561,0.08,2026-01-25
22052,17521,0.12,2026-01-25
22053,27066,0.49,2026-01-25
22054,16448,0.13,2026-01-25
22055,13986,0.37,2026-01-25
22056,24052,2.84,2026-01-25
22057,23573,0.34,2026-01-25
22058,12965,0.21,2026-01-25
22059,19279,13.01,2026-01-25
22060,12541,17.06,2026-01-25
22061,9274,47.65,2026-01-25
22062,24161,0.14,2026-01-25
22063,16708,0.42,2026-01-25
22064,4203,10.13,2026-01-25
22065,6124,0.15,2026-01-25
22066,23246,0.30,2026-01-25
22067,8799,0.20,2026-01-25
22068,15041,0.08,2026-01-25
22069,1472,1.25,2026-01-25
22070,18462,0.17,2026-01-25
22071,20961,0.47,2026-01-25
22072,1660,3.58,2026-01-25
22073,12335,5.80,2026-01-25
22074,11316,23.53,2026-01-25
22075,26553,81.73,2026-01-25
22076,6237,9.25,2026-01-25
22077,12475,0.58,2026-01-25
22078,4188,0.13,2026-01-25
22079,15686,42.01,2026-01-25
22080,2018,0.30,2026-01-25
22081,10558,0.11,2026-01-25
22082,3931,0.21,2026-01-25
22083,6262,0.65,2026-01-25
22084,21591,0.18,2026-01-25
22085,12089,0.38,2026-01-25
22086,14867,9.17,2026-01-25
22087,26743,0.89,2026-01-25
22088,509,0.21,2026-01-25
22089,13437,9.23,2026-01-25
22090,14502,4.91,2026-01-25
22091,8362,5.47,2026-01-25
22092,3369,0.12,2026-01-25
22093,25639,0.33,2026-01-25
22094,9567,16.10,2026-01-25
22095,5932,0.17,2026-01-25
22096,5309,0.34,2026-01-25
22097,21301,2.78,2026-01-25
22098,11357,5.34,2026-01-25
22099,1084,1.48,2026-01-25
22100,22614,1.84,2026-01-25
22101,4810,0.17,2026-01-25
22102,3332,0.41,2026-01-25
22103,26364,0.12,2026-01-25
22104,592,0.45,2026-01-25
22105,13561,26.85,2026-01-25
22106,4827,4.49,2026-01-25
22107,5017,7.12,2026-01-25
22108,19504,9.45,2026-01-25
22109,1868,0.39,2026-01-25
22110,963,0.14,2026-01-25
22111,25545,4.14,2026-01-25
22112,13073,13.76,2026-01-25
22113,24079,1.39,2026-01-25
22114,13641,0.21,2026-01-25
22115,23268,0.54,2026-01-25
22116,15069,14.00,2026-01-25
22117,18898,0.31,2026-01-25
22118,9963,0.12,2026-01-25
22119,12732,15.74,2026-01-25
22120,23221,0.36,2026-01-25
22121,23577,0.14,2026-01-25
22122,14610,11.25,2026-01-25
22123,17081,0.32,2026-01-25
22124,5664,0.64,2026-01-25
22125,5373,7.08,2026-01-25
22126,19060,21.35,2026-01-25
22127,4745,5.11,2026-01-25
22128,22470,3.54,2026-01-25
22129,6405,0.84,2026-01-25
22130,18347,0.16,2026-01-25
22131,8811,0.38,2026-01-25
22132,2910,6.52,2026-01-25
22133,24326,2.21,2026-01-25
22134,26204,0.54,2026-01-25
22135,26232,0.21,2026-01-25
22136,4450,19.08,2026-01-25
22137,1140,1.52,2026-01-25
22138,19548,2.12,2026-01-25
22139,14909,10.99,2026-01-25
22140,20024,5.09,2026-01-25
22141,10402,0.74,2026-01-25
22142,24393,0.23,2026-01-25
22143,20686,6.17,2026-01-25
22144,16342,1.84,2026-01-25
22145,7801,1.26,2026-01-25
22146,26394,6.55,2026-01-25
22147,16950,6.76,2026-01-25
22148,7676,7.37,2026-01-25
22149,5055,22.87,2026-01-25
22150,26739,0.51,2026-01-25
22151,2217,0.23,2026-01-25
22152,12831,3.97,2026-01-25
22153,19144,0.36,2026-01-25
22154,8339,1.20,2026-01-25
22155,23138,139.33,2026-01-25
22156,4914,2.40,2026-01-25
22157,1507,4.54,2026-01-25
22158,17986,34.99,2026-01-25
22159,5891,1.34,2026-01-25
22160,5266,0.28,2026-01-25
22161,15731,1.05,2026-01-25
22162,6449,3.91,2026-01-25
22163,19755,0.99,2026-01-25
22164,18013,0.50,2026-01-25
22165,11090,1.79,2026-01-25
22166,11432,6.78,2026-01-25
22167,11047,6.08,2026-01-25
22168,15474,0.22,2026-01-25
22169,25990,0.44,2026-01-25
22170,3670,6.77,2026-01-25
22171,14887,0.37,2026-01-25
22172,1742,0.16,2026-01-25
22173,13917,139.64,2026-01-25
22174,4613,0.56,2026-01-25
22175,1552,2.71,2026-01-25
22176,288,5.33,2026-01-25
22177,23964,1.57,2026-01-25
22178,16745,6.98,2026-01-25
22179,5176,0.41,2026-01-25
22180,21175,0.21,2026-01-25
22181,10705,1.81,2026-01-25
22182,22473,6.31,2026-01-25
22183,2,0.60,2026-01-25
22184,14703,0.58,2026-01-25
22185,11058,2.90,2026-01-25
22186,676,0.20,2026-01-25
22187,22909,0.93,2026-01-25
22188,16771,0.18,2026-01-25
22189,17631,0.56,2026-01-25
22190,19605,9.36,2026-01-25
22191,25977,3.28,2026-01-25
22192,21854,6.71,2026-01-25
22193,15321,3.77,2026-01-25
22194,19264,1.67,2026-01-25
22195,16932,0.29,2026-01-25
22196,26071,11.55,2026-01-25
22197,7608,0.40,2026-01-25
22198,20447,0.13,2026-01-25
22199,23112,3.55,2026-01-25
22200,6987,0.17,2026-01-25
22201,6942,0.54,2026-01-25
22202,23282,1.24,2026-01-25
22203,25539,0.10,2026-01-25
22204,24567,0.43,2026-01-25
22205,6408,1.32,2026-01-25
22206,239,5.11,2026-01-25
22207,1107,4.80,2026-01-25
22208,13951,10.51,2026-01-25
22209,11632,5.24,2026-01-25
22210,7059,0.28,2026-01-25
22211,3375,0.97,2026-01-25
22212,4247,0.37,2026-01-25
22213,13503,0.19,2026-01-25
22214,10316,1.19,2026-01-25
22215,11253,0.43,2026-01-25
22216,11611,0.15,2026-01-25
22217,18733,5.02,2026-01-25
22218,10439,5.94,2026-01-25
22219,10556,2.17,2026-01-25
22220,7049,0.44,2026-01-25
22221,8981,1.16,2026-01-25
22222,47,7.50,2026-01-25
22223,7513,0.10,2026-01-25
22224,6012,0.43,2026-01-25
22225,21838,2.19,2026-01-25
22226,10988,0.24,2026-01-25
22227,9873,1.79,2026-01-25
22228,24937,59.14,2026-01-25
22229,16849,4.32,2026-01-25
22230,7168,0.22,2026-01-25
22231,1219,0.69,2026-01-25
22232,11653,2.42,2026-01-25
22233,23991,1.23,2026-01-25
22234,9578,18.22,2026-01-25
22235,5484,3.09,2026-01-25
22236,8732,3.81,2026-01-25
22237,21571,2.41,2026-01-25
22238,12038,13.79,2026-01-25
22239,8138,0.20,2026-01-25
22240,19228,0.09,2026-01-25
22241,20924,3.71,2026-01-25
22242,21675,0.46,2026-01-25
22243,8294,0.15,2026-01-25
22244,22524,4.17,2026-01-25
22245,11409,0.66,2026-01-25
22246,21427,5.16,2026-01-25
22247,16586,1.58,2026-01-25
22248,8109,0.12,2026-01-25
22249,26350,0.38,2026-01-25
22250,20165,1.93,2026-01-25
22251,23046,0.39,2026-01-25
22252,16997,0.67,2026-01-25
22253,18260,10.53,2026-01-25
22254,23316,0.26,2026-01-25
22255,17814,0.72,2026-01-25
22256,1573,0.44,2026-01-25
22257,17351,12.10,2026-01-25
22258,4068,8.76,2026-01-25
22259,8420,11.47,2026-01-25
22260,12212,0.40,2026-01-25
22261,15445,1.87,2026-01-25
22262,20240,3.42,2026-01-25
22263,8202,0.64,2026-01-25
22264,4373,0.20,2026-01-25
22265,9188,5.93,2026-01-25
22266,4137,0.62,2026-01-25
22267,4447,0.94,2026-01-25
22268,1877,1.44,2026-01-25
22269,10947,0.12,2026-01-25
22270,7058,0.36,2026-01-25
22271,4937,3.50,2026-01-25
22272,9388,5.61,2026-01-25
22273,26223,3.51,2026-01-25
22274,21718,2.05,2026-01-25
22275,13976,0.16,2026-01-25
22276,19788,0.41,2026-01-25
22277,26156,0.39,2026-01-25
22278,3517,0.23,2026-01-25
22279,3175,90.21,2026-01-25
22280,26675,0.54,2026-01-25
22281,576,0.15,2026-01-25
22282,9126,37.07,2026-01-25
22283,26910,0.31,2026-01-25
22284,24047,0.73,2026-01-25
22285,21042,10.64,2026-01-25
22286,13994,5.18,2026-01-25
22287,11580,21.63,2026-01-25
22288,5046,16.31,2026-01-25
22289,23409,10.04,2026-01-25
22290,7669,0.20,2026-01-25
22291,17179,0.63,2026-01-25
22292,21187,0.38,2026-01-25
22293,23901,0.20,2026-01-25
22294,20757,12.19,2026-01-25
22295,20235,10.33,2026-01-25
22296,14364,4.08,2026-01-25
22297,23286,14.26,2026-01-25
22298,9481,4.17,2026-01-25
22299,14780,36.57,2026-01-25
22300,16936,2.35,2026-01-25
22301,17985,86.90,2026-01-25
22302,14262,2.92,2026-01-25
22303,337,0.52,2026-01-25
22304,11605,0.18,2026-01-25
22305,174,9.59,2026-01-25
22306,6180,13.15,2026-01-25
22307,20729,1.78,2026-01-25
22308,5668,2.20,2026-01-25
22309,25164,104.70,2026-01-25
22310,26607,6.64,2026-01-25
22311,2577,3.81,2026-01-25
22312,24902,0.29,2026-01-25
22313,2583,0.95,2026-01-25
22314,26227,14.43,2026-01-25
22315,18043,5.39,2026-01-25
22316,2900,7.53,2026-01-25
22317,17794,2.13,2026-01-25
22318,22318,78.60,2026-01-25
22319,5087,5.83,2026-01-25
22320,24381,0.16,2026-01-25
22321,16676,0.36,2026-01-25
22322,22037,10.56,2026-01-25
22323,10462,3.11,2026-01-25
22324,7553,90.95,2026-01-25
22325,16873,0.56,2026-01-25
22326,17127,16.80,2026-01-25
22327,25245,2.00,2026-01-25
22328,13116,6.10,2026-01-25
22329,4178,0.40,2026-01-25
22330,8246,0.17,2026-01-25
22331,7507,19.10,2026-01-25
22332,18603,5.91,2026-01-25
22333,23955,6.27,2026-01-25
22334,24769,16.37,2026-01-25
22335,18558,23.24,2026-01-25
22336,4593,3.64,2026-01-25
22337,16839,1.63,2026-01-25
22338,15527,67.91,2026-01-25
22339,22822,0.37,2026-01-25
22340,23544,0.57,2026-01-25
22341,17948,73.20,2026-01-25
22342,2240,5.11,2026-01-25
22343,8397,24.95,2026-01-25
22344,15715,21.31,2026-01-25
22345,8366,358.89,2026-01-25
22346,18584,0.20,2026-01-25
22347,22148,0.33,2026-01-25
22348,15581,2.46,2026-01-25
22349,22714,27.80,2026-01-25
22350,4302,2.13,2026-01-25
22351,25772,22.17,2026-01-25
22352,20523,4.03,2026-01-25
22353,3777,4.71,2026-01-25
22354,20184,329.60,2026-01-25
22355,10589,6.73,2026-01-25
22356,731,1.33,2026-01-25
22357,6835,18.45,2026-01-25
22358,23960,2.51,2026-01-25
22359,17272,101.25,2026-01-25
22360,24745,3.86,2026-01-25
22361,14438,13.12,2026-01-25
22362,10757,5.08,2026-01-25
22363,20829,0.42,2026-01-25
22364,10573,0.14,2026-01-25
22365,8939,11.78,2026-01-25
22366,4422,27.28,2026-01-25
22367,14098,4.60,2026-01-25
22368,24103,5.97,2026-01-25
22369,20661,2.80,2026-01-25
22370,11159,35.98,2026-01-25
22371,6594,10.60,2026-01-25
22372,14013,0.36,2026-01-25
22373,16149,0.16,2026-01-25
22374,11302,27.53,2026-01-25
22375,11268,7.20,2026-01-25
22376,6803,3.67,2026-01-25
22377,12841,7.00,2026-01-25
22378,20456,222.32,2026-01-25
22379,17487,5.74,2026-01-25
22380,19479,0.26,2026-01-25
22381,6386,0.53,2026-01-25
22382,765,0.51,2026-01-25
22383,7512,10.24,2026-01-25
22384,15399,15.32,2026-01-25
22385,4040,32.29,2026-01-25
22386,20959,61.60,2026-01-25
22387,21615,0.36,2026-01-25
22388,14628,0.22,2026-01-25
22389,14671,0.71,2026-01-25
22390,9765,14.27,2026-01-25
22391,17253,53.85,2026-01-25
22392,17750,78.56,2026-01-25
22393,666,10.25,2026-01-25
22394,20084,5.49,2026-01-25
22395,14941,454.52,2026-01-25
22396,13244,8.91,2026-01-25
22397,6638,100.21,2026-01-25
22398,7631,14.02,2026-01-25
22399,7646,287.34,2026-01-25
22400,12243,0.92,2026-01-25
22401,11954,422.68,2026-01-25
22402,19722,14.46,2026-01-25
22403,21398,11.22,2026-01-25
22404,10840,2.88,2026-01-25
22405,24911,0.53,2026-01-25
22406,11747,0.27,2026-01-25
22407,26138,3.83,2026-01-25
22408,6741,42.46,2026-01-25
22409,10465,20.46,2026-01-25
22410,14695,9.76,2026-01-25
22411,16775,0.83,2026-01-25
22412,16857,1.74,2026-01-25
22413,18561,4.48,2026-01-25
22414,22501,17.88,2026-01-25
22415,7490,42.89,2026-01-25
22416,4218,12.76,2026-01-25
22417,2658,104.72,2026-01-25
22418,14040,0.35,2026-01-25
22419,26770,0.11,2026-01-25
22420,19240,17.34,2026-01-25
22421,21936,41.60,2026-01-25
22422,9768,18.64,2026-01-25
22423,25664,84.00,2026-01-25
22424,7774,239.15,2026-01-25
22425,2125,47.54,2026-01-25
22426,9379,0.14,2026-01-25
22427,3168,0.39,2026-01-25
22428,12467,1.92,2026-01-25
22429,18750,64.46,2026-01-25
22430,7391,549.57,2026-01-25
22431,1633,60.84,2026-01-25
22432,4468,240.87,2026-01-25
22433,646,4.68,2026-01-25
22434,8710,5.28,2026-01-25
22435,23501,20.73,2026-01-25
22436,9971,72.84,2026-01-25
22437,23707,7.56,2026-01-25
22438,26591,54.12,2026-01-25
22439,26661,1.65,2026-01-25
22440,9667,0.92,2026-01-25
22441,8260,122.21,2026-01-25
22442,11455,239.99,2026-01-25
22443,4867,6.57,2026-01-25
22444,16453,198.81,2026-01-25
22445,23824,1.15,2026-01-25
22446,18744,0.49,2026-01-25
22447,4737,87.41,2026-01-25
22448,19043,19.00,2026-01-25
22449,13092,4.60,2026-01-25
22450,11214,43.08,2026-01-25
22451,25318,22.51,2026-01-25
22452,20755,76.66,2026-01-25
22453,23903,89.96,2026-01-25
22454,967,104.85,2026-01-25
22455,13740,171.63,2026-01-25
22456,8982,13.80,2026-01-25
22457,18431,127.13,2026-01-25
22458,10848,38.94,2026-01-25
22459,591,20.28,2026-01-25
22460,22981,90.93,2026-01-25
22461,1024,8.07,2026-01-25
22462,24663,4.56,2026-01-25
22463,10712,24.60,2026-01-25
22464,23433,16.21,2026-01-25
22465,12250,94.19,2026-01-25
22466,10239,9.27,2026-01-25
22467,21890,99.15,2026-01-25
22468,1185,7.23,2026-01-25
22469,23517,10.66,2026-01-25
22470,26165,56.48,2026-01-25
22471,12778,3.57,2026-01-25
22472,21248,280.77,2026-01-25
22473,10843,102.86,2026-01-25
22474,21307,46.36,2026-01-25
22475,8944,153.77,2026-01-25
22476,2514,3.66,2026-01-25
22477,13209,6.84,2026-01-25
22478,16162,18.92,2026-01-25
22479,21331,87.16,2026-01-25
22480,25465,44.84,2026-01-25
22481,24919,1.42,2026-01-25
22482,15081,46.99,2026-01-25
22483,19225,287.57,2026-01-25
22484,210,32.99,2026-01-25
22485,22347,42.40,2026-01-25
22486,14897,88.18,2026-01-25
22487,11493,302.99,2026-01-25
22488,13490,9.41,2026-01-25
22489,6236,8.49,2026-01-25
22490,4723,11.98,2026-01-25
22491,25163,137.23,2026-01-25
22492,4960,207.35,2026-01-25
22493,5874,7.16,2026-01-25
22494,111,18.54,2026-01-25
22495,2811,136.37,2026-01-25
22496,18063,102.40,2026-01-25
22497,25930,50.23,2026-01-25
22498,12830,0.53,2026-01-25
22499,608,23.29,2026-01-25
22500,20568,100.62,2026-01-25
22501,883,23.18,2026-01-25
22502,5743,10.80,2026-01-25
22503,16623,1.44,2026-01-25
22504,5582,6.13,2026-01-25
22505,22443,40.36,2026-01-25
22506,2592,64.81,2026-01-25
22507,16713,118.91,2026-01-25
22508,10317,46.87,2026-01-25
22509,19114,195.36,2026-01-25
22510,2210,27.55,2026-01-25
22511,24799,12.32,2026-01-25
22512,5106,326.55,2026-01-25
22513,13501,218.52,2026-01-25
22514,13069,55.65,2026-01-25
22515,14540,22.04,2026-01-25
22516,8014,5.75,2026-01-25
22517,9666,9.45,2026-01-25
22518,5827,81.00,2026-01-25
22519,8168,8.31,2026-01-25
22520,456,63.54,2026-01-25
22521,4192,4.37,2026-01-25
22522,23636,8.60,2026-01-25
22523,9988,42.75,2026-01-25
22524,4304,33.59,2026-01-25
22525,18537,4.57,2026-01-25
22526,7090,56.76,2026-01-25
22527,23091,14.24,2026-01-25
22528,26424,5.11,2026-01-25
22529,18864,14.50,2026-01-25
22530,10178,5.13,2026-01-25
22531,18519,130.92,2026-01-25
22532,762,45.69,2026-01-25
22533,6910,6.43,2026-01-25
22534,4795,10.17,2026-01-25
22535,9232,13.96,2026-01-25
22536,9813,55.78,2026-01-25
22537,14,14.85,2026-01-25
22538,23806,17.16,2026-01-25
22539,7629,10.31,2026-01-25
22540,26597,46.17,2026-01-25
22541,15064,14.28,2026-01-25
22542,19397,27.47,2026-01-25
22543,4932,8.84,2026-01-25
22544,1350,94.46,2026-01-25
22545,2136,10.20,2026-01-25
22546,14993,6.09,2026-01-25
22547,21860,2.99,2026-01-25
22548,20630,16.73,2026-01-25
22549,14513,311.81,2026-01-25
22550,2562,5.94,2026-01-25
22551,11435,3.24,2026-01-25
22552,11300,88.24,2026-01-25
22553,21841,31.67,2026-01-25
22554,20909,8.32,2026-01-25
22555,24589,110.73,2026-01-25
22556,1623,42.20,2026-01-25
22557,24852,2.97,2026-01-25
22558,12373,8.76,2026-01-25
22559,251,9.17,2026-01-25
22560,18458,47.02,2026-01-25
22561,3329,22.40,2026-01-25
22562,2911,145.98,2026-01-25
22563,24065,6.37,2026-01-25
22564,4311,11.22,2026-01-25
22565,18629,17.37,2026-01-25
22566,7943,73.53,2026-01-25
22567,19636,124.24,2026-01-25
22568,2625,183.10,2026-01-25
22569,18305,376.42,2026-01-25
22570,13284,27.83,2026-01-25
22571,18672,57.38,2026-01-25
22572,13628,64.73,2026-01-25
22573,8895,15.74,2026-01-25
22574,11336,27.16,2026-01-25
22575,3101,81.05,2026-01-25
22576,11909,9.28,2026-01-25
22577,4027,18.13,2026-01-25
22578,12522,5.04,2026-01-25
22579,184,113.96,2026-01-25
22580,25584,4.58,2026-01-25
22581,8,14.14,2026-01-25
22582,14049,116.54,2026-01-25
22583,15410,19.65,2026-01-25
22584,385,10.70,2026-01-25
22585,4328,9.57,2026-01-25
22586,14552,11.30,2026-01-25
22587,18225,9.80,2026-01-25
22588,2596,4.21,2026-01-25
22589,2206,10.23,2026-01-25
22590,15369,5.29,2026-01-25
22591,2151,7.42,2026-01-25
22592,22110,7.92,2026-01-25
22593,3025,4.42,2026-01-25
22594,17107,15.65,2026-01-25
22595,18198,31.98,2026-01-25
22596,16828,11.40,2026-01-25
22597,12081,6.28,2026-01-25
22598,5337,1.88,2026-01-25
22599,25581,3.05,2026-01-25
22600,5978,3.73,2026-01-25
22601,7415,0.04,2026-01-25
22602,12822,0.13,2026-01-25
22603,6713,1.42,2026-01-25
22604,76,0.11,2026-01-25
22605,26693,0.21,2026-01-25
22606,17340,0.39,2026-01-25
22607,10554,0.13,2026-01-25
22608,11556,1.92,2026-01-25
22609,5292,0.16,2026-01-25
22610,25542,0.06,2026-01-25
22611,11902,2.41,2026-01-25
22612,12716,1.36,2026-01-25
22613,25603,0.09,2026-01-25
22614,13766,0.14,2026-01-25
22615,5677,1.06,2026-01-25
22616,13408,0.19,2026-01-25
22617,13132,0.07,2026-01-25
22618,5018,0.09,2026-01-25
22619,20927,0.16,2026-01-25
22620,20264,1.33,2026-01-25
22621,25673,0.21,2026-01-25
22622,21360,0.25,2026-01-25
22623,2303,1.65,2026-01-25
22624,20403,0.75,2026-01-25
22625,24864,1.43,2026-01-25
22626,19340,1.09,2026-01-25
22627,25403,0.16,2026-01-25
22628,23278,0.05,2026-01-25
22629,131,0.06,2026-01-25
22630,6480,0.15,2026-01-25
22631,23933,0.27,2026-01-25
22632,8822,0.20,2026-01-25
22633,72,0.06,2026-01-25
22634,5939,0.15,2026-01-25
22635,14752,0.07,2026-01-25
22636,1233,0.13,2026-01-25
22637,891,5.80,2026-01-25
22638,6177,2.95,2026-01-25
22639,17605,4.20,2026-01-25
22640,7051,0.16,2026-01-25
22641,19537,0.12,2026-01-25
22642,5581,2.08,2026-01-25
22643,6104,4.03,2026-01-25
22644,6019,1.41,2026-01-25
22645,3397,4.47,2026-01-25
22646,24795,1.57,2026-01-25
22647,26699,0.71,2026-01-25
22648,25933,1.80,2026-01-25
22649,3710,1.81,2026-01-25
22650,5630,1.28,2026-01-25
22651,12230,0.19,2026-01-25
22652,23047,0.05,2026-01-25
22653,24806,2.13,2026-01-25
22654,15913,0.79,2026-01-25
22655,8230,0.06,2026-01-25
22656,17211,0.17,2026-01-25
22657,21540,0.06,2026-01-25
22658,10118,0.15,2026-01-25
22659,23759,11.45,2026-01-25
22660,15129,1.61,2026-01-25
22661,5949,0.29,2026-01-25
22662,12754,0.13,2026-01-25
22663,2072,0.11,2026-01-25
22664,6549,0.21,2026-01-25
22665,14143,1.16,2026-01-25
22666,16643,1.43,2026-01-25
22667,7432,0.07,2026-01-25
22668,25365,0.20,2026-01-25
22669,10585,3.19,2026-01-25
22670,21476,0.18,2026-01-25
22671,15971,0.09,2026-01-25
22672,9177,0.10,2026-01-25
22673,24288,0.07,2026-01-25
22674,23938,4.07,2026-01-25
22675,20301,1.77,2026-01-25
22676,23446,0.10,2026-01-25
22677,11137,0.24,2026-01-25
22678,14377,1.52,2026-01-25
22679,17377,0.24,2026-01-25
22680,16804,0.20,2026-01-25
22681,26766,0.74,2026-01-25
22682,304,0.08,2026-01-25
22683,8650,0.17,2026-01-25
22684,4199,0.16,2026-01-25
22685,24091,0.09,2026-01-25
22686,8047,1.24,2026-01-25
22687,6448,1.22,2026-01-25
22688,13310,0.28,2026-01-25
22689,22353,0.22,2026-01-25
22690,25858,0.08,2026-01-25
22691,15068,0.14,2026-01-25
22692,11852,2.11,2026-01-25
22693,6883,0.12,2026-01-25
22694,13794,0.24,2026-01-25
22695,9691,0.11,2026-01-25
22696,10079,0.16,2026-01-25
22697,4223,3.21,2026-01-25
22698,24933,0.94,2026-01-25
22699,10584,2.76,2026-01-25
22700,19828,1.70,2026-01-25
22701,17647,0.64,2026-01-25
22702,13421,3.07,2026-01-25
22703,17653,0.17,2026-01-25
22704,13008,0.09,2026-01-25
22705,9052,1.60,2026-01-25
22706,9772,0.15,2026-01-25
22707,15608,0.09,2026-01-25
22708,24900,3.56,2026-01-25
22709,15525,0.25,2026-01-25
22710,20655,0.27,2026-01-25
22711,16897,7.24,2026-01-25
22712,25708,1.90,2026-01-25
22713,6139,0.19,2026-01-25
22714,7810,0.10,2026-01-25
22715,17071,0.78,2026-01-25
22716,9739,2.89,2026-01-25
22717,10115,1.26,2026-01-25
22718,6352,1.07,2026-01-25
22719,8697,1.17,2026-01-25
22720,18361,1.80,2026-01-25
22721,21407,5.73,2026-01-25
22722,26547,0.06,2026-01-25
22723,751,0.17,2026-01-25
22724,18135,0.17,2026-01-25
22725,21595,0.13,2026-01-25
22726,17260,1.82,2026-01-25
22727,23345,0.15,2026-01-25
22728,394,0.08,2026-01-25
22729,12515,3.26,2026-01-25
22730,7169,0.99,2026-01-25
22731,2712,8.17,2026-01-25
22732,18924,2.85,2026-01-25
22733,8199,0.17,2026-01-25
22734,22740,0.49,2026-01-25
22735,3891,6.48,2026-01-25
22736,6087,0.58,2026-01-25
22737,26510,1.69,2026-01-25
22738,12905,0.63,2026-01-25
22739,9907,1.09,2026-01-25
22740,15585,1.65,2026-01-25
22741,6130,0.30,2026-01-25
22742,22399,0.20,2026-01-25
22743,6825,2.08,2026-01-25
22744,24333,2.51,2026-01-25
22745,21640,0.06,2026-01-25
22746,3786,0.30,2026-01-25
22747,5850,0.88,2026-01-25
22748,4627,0.48,2026-01-25
22749,14949,0.23,2026-01-25
22750,13313,0.04,2026-01-25
22751,25596,0.14,2026-01-25
22752,20030,1.95,2026-01-25
22753,14090,2.64,2026-01-25
22754,16592,0.28,2026-01-25
22755,10993,0.15,2026-01-25
22756,19332,0.14,2026-01-25
22757,10217,0.07,2026-01-25
22758,23714,2.01,2026-01-25
22759,14207,0.06,2026-01-25
22760,7494,0.14,2026-01-25
22761,9515,4.68,2026-01-25
22762,23919,0.05,2026-01-25
22763,1137,0.15,2026-01-25
22764,13803,3.88,2026-01-25
22765,25999,3.49,2026-01-25
22766,622,1.83,2026-01-25
22767,21080,4.62,2026-01-25
22768,24440,3.06,2026-01-25
22769,15769,3.75,2026-01-25
22770,9499,1.66,2026-01-25
22771,9829,1.82,2026-01-25
22772,6862,1.28,2026-01-25
22773,8662,2.44,2026-01-25
22774,6084,0.89,2026-01-25
22775,10088,1.03,2026-01-25
22776,15140,1.67,2026-01-25
22777,24405,1.83,2026-01-25
22778,19776,6.68,2026-01-25
22779,13762,2.49,2026-01-25
22780,2845,0.87,2026-01-25
22781,2016,1.48,2026-01-25
22782,19384,11.09,2026-01-25
22783,9065,1.28,2026-01-25
22784,24012,4.11,2026-01-25
22785,17483,1.52,2026-01-25
22786,17695,1.44,2026-01-25
22787,11715,1.13,2026-01-25
22788,23016,1.80,2026-01-25
22789,14386,1.55,2026-01-25
22790,633,0.90,2026-01-25
22791,25946,1.17,2026-01-25
22792,2165,4.71,2026-01-25
22793,16878,2.64,2026-01-25
22794,15267,1.28,2026-01-25
22795,25676,1.83,2026-01-25
22796,21368,2.11,2026-01-25
22797,12064,1.89,2026-01-25
22798,22601,1.71,2026-01-25
22799,22333,1.63,2026-01-25
22800,17188,1.73,2026-01-25
22801,9191,1.86,2026-01-25
22802,13511,3.53,2026-01-25
22803,10459,1.88,2026-01-25
22804,26560,1.37,2026-01-25
22805,4006,1.10,2026-01-25
22806,13834,1.58,2026-01-25
22807,17870,1.28,2026-01-25
22808,26886,2.20,2026-01-25
22809,11945,5.14,2026-01-25
22810,25325,4.16,2026-01-25
22811,10856,2.67,2026-01-25
22812,14406,1.57,2026-01-25
22813,19631,0.92,2026-01-25
22814,23787,1.33,2026-01-25
22815,18493,1.58,2026-01-25
22816,13881,1.44,2026-01-25
22817,22144,2.45,2026-01-25
22818,6546,1.91,2026-01-25
22819,15858,2.34,2026-01-25
22820,1774,1.11,2026-01-25
22821,9958,1.00,2026-01-25
22822,9223,2.13,2026-01-25
22823,22469,133.42,2026-01-25
22824,10251,1.06,2026-01-25
22825,2419,1.91,2026-01-25
22826,26339,3.37,2026-01-25
22827,8952,5.39,2026-01-25
22828,26094,1.47,2026-01-25
22829,16204,3.33,2026-01-25
22830,13580,0.96,2026-01-25
22831,11869,1.24,2026-01-25
22832,24945,1.28,2026-01-25
22833,1334,3.55,2026-01-25
22834,22081,4.33,2026-01-25
22835,9918,9.33,2026-01-25
22836,21773,1.04,2026-01-25
22837,10389,4.51,2026-01-25
22838,20219,4.90,2026-01-25
22839,816,1.12,2026-01-25
22840,4481,8.66,2026-01-25
22841,4456,6.77,2026-01-25
22842,25099,0.62,2026-01-25
22843,21984,0.55,2026-01-25
22844,14549,0.94,2026-01-25
22845,16742,0.58,2026-01-25
22846,21424,0.68,2026-01-25
22847,18425,1.38,2026-01-25
22848,14761,0.77,2026-01-25
22849,9551,0.83,2026-01-25
22850,26526,0.83,2026-01-25
22851,2035,3.37,2026-01-25
22852,9143,1.87,2026-01-25
22853,15486,2.60,2026-01-25
22854,490,1.24,2026-01-25
22855,9597,1.71,2026-01-25
22856,12725,4.58,2026-01-25
22857,25719,5.64,2026-01-25
22858,24668,0.11,2026-01-25
22859,14876,0.27,2026-01-25
22860,2068,0.24,2026-01-25
22861,24626,0.12,2026-01-25
22862,11734,0.20,2026-01-25
22863,15959,0.18,2026-01-25
22864,19464,0.06,2026-01-25
22865,24152,0.13,2026-01-25
22866,20331,0.13,2026-01-25
22867,2437,0.35,2026-01-25
22868,11010,0.60,2026-01-25
22869,671,0.17,2026-01-25
22870,18999,0.07,2026-01-25
22871,15775,0.83,2026-01-25
22872,19719,0.89,2026-01-25
22873,9795,0.07,2026-01-25
22874,4191,0.19,2026-01-25
22875,15455,0.05,2026-01-25
22876,23617,0.21,2026-01-25
22877,1392,0.14,2026-01-25
22878,14568,0.05,2026-01-25
22879,7189,0.07,2026-01-25
22880,23381,0.14,2026-01-25
22881,11321,0.15,2026-01-25
22882,9659,0.22,2026-01-25
22883,7023,0.09,2026-01-25
22884,15992,0.17,2026-01-25
22885,23441,0.26,2026-01-25
22886,15105,0.17,2026-01-25
22887,17918,0.23,2026-01-25
22888,25260,0.20,2026-01-25
22889,11105,0.16,2026-01-25
22890,19069,0.06,2026-01-25
22891,14657,0.65,2026-01-25
22892,13011,1.86,2026-01-25
22893,13349,0.28,2026-01-25
22894,1303,0.32,2026-01-25
22895,22790,0.80,2026-01-25
22896,14218,2.30,2026-01-25
22897,10441,0.08,2026-01-25
22898,19819,0.21,2026-01-25
22899,10504,0.20,2026-01-25
22900,5599,0.10,2026-01-25
22901,8722,0.30,2026-01-25
22902,24118,0.23,2026-01-25
22903,13715,0.09,2026-01-25
22904,21570,0.15,2026-01-25
22905,20347,0.30,2026-01-25
22906,23633,0.15,2026-01-25
22907,8793,0.15,2026-01-25
22908,5505,0.21,2026-01-25
22909,2896,0.26,2026-01-25
22910,625,0.13,2026-01-25
22911,1002,0.14,2026-01-25
22912,21670,0.18,2026-01-25
22913,2502,0.19,2026-01-25
22914,2780,0.09,2026-01-25
22915,11064,0.07,2026-01-25
22916,15201,0.20,2026-01-25
22917,15787,0.34,2026-01-25
22918,16336,0.29,2026-01-25
22919,21689,0.09,2026-01-25
22920,20908,0.18,2026-01-25
22921,2931,0.25,2026-01-25
22922,1747,0.17,2026-01-25
22923,20570,0.34,2026-01-25
22924,1212,0.14,2026-01-25
22925,26802,0.20,2026-01-25
22926,24427,0.25,2026-01-25
22927,12805,0.06,2026-01-25
22928,10698,0.25,2026-01-25
22929,4893,0.17,2026-01-25
22930,11032,0.06,2026-01-25
22931,7079,0.84,2026-01-25
22932,5078,0.07,2026-01-25
22933,1561,0.17,2026-01-25
22934,12543,0.39,2026-01-25
22935,19648,0.22,2026-01-25
22936,18128,0.07,2026-01-25
22937,3331,0.14,2026-01-25
22938,1292,0.08,2026-01-25
22939,12343,0.21,2026-01-25
22940,5015,0.13,2026-01-25
22941,26925,0.19,2026-01-25
22942,4310,0.22,2026-01-25
22943,15526,0.09,2026-01-25
22944,17199,0.10,2026-01-25
22945,8977,0.18,2026-01-25
22946,15861,0.31,2026-01-25
22947,12428,0.30,2026-01-25
22948,10929,0.20,2026-01-25
22949,17964,0.09,2026-01-25
22950,8541,0.72,2026-01-25
22951,17541,1.45,2026-01-25
22952,1198,0.09,2026-01-25
22953,30,0.22,2026-01-25
22954,17387,0.17,2026-01-25
22955,686,0.19,2026-01-25
22956,8839,0.25,2026-01-25
22957,26651,0.13,2026-01-25
22958,2564,0.20,2026-01-25
22959,4181,0.11,2026-01-25
22960,19185,0.14,2026-01-25
22961,13247,0.29,2026-01-25
22962,7752,0.14,2026-01-25
22963,23597,0.05,2026-01-25
22964,24366,0.18,2026-01-25
22965,15481,0.12,2026-01-25
22966,11472,0.11,2026-01-25
22967,12811,0.20,2026-01-25
22968,26308,0.26,2026-01-25
22969,22538,0.10,2026-01-25
22970,6852,0.33,2026-01-25
22971,5410,0.27,2026-01-25
22972,8668,1.34,2026-01-25
22973,25862,1.05,2026-01-25
22974,9612,0.14,2026-01-25
22975,11998,0.07,2026-01-25
22976,5804,0.23,2026-01-25
22977,9256,0.22,2026-01-25
22978,7988,0.06,2026-01-25
22979,8149,0.19,2026-01-25
22980,17799,0.16,2026-01-25
22981,6460,0.24,2026-01-25
22982,9831,0.18,2026-01-25
22983,8283,0.09,2026-01-25
22984,6895,0.19,2026-01-25
22985,2834,0.28,2026-01-25
22986,15484,0.26,2026-01-25
22987,21839,0.13,2026-01-25
22988,17155,0.20,2026-01-25
22989,3122,0.05,2026-01-25
22990,11230,0.06,2026-01-25
22991,22368,0.17,2026-01-25
22992,20785,0.06,2026-01-25
22993,21355,0.18,2026-01-25
22994,16696,0.16,2026-01-25
22995,26752,0.08,2026-01-25
22996,14450,0.16,2026-01-25
22997,20372,0.19,2026-01-25
22998,8614,0.16,2026-01-25
22999,24789,0.05,2026-01-25
23000,8298,0.17,2026-01-25
23001,22195,0.11,2026-01-25
23002,16896,0.14,2026-01-25
23003,20926,0.05,2026-01-25
23004,20294,0.19,2026-01-25
23005,378,0.11,2026-01-25
23006,19183,0.25,2026-01-25
23007,5286,0.21,2026-01-25
23008,20574,0.07,2026-01-25
23009,17629,0.16,2026-01-25
23010,14162,0.16,2026-01-25
23011,541,0.20,2026-01-25
23012,23035,0.14,2026-01-25
23013,26333,0.16,2026-01-25
23014,21267,0.10,2026-01-25
23015,1199,0.18,2026-01-25
23016,4286,0.62,2026-01-25
23017,22621,1.31,2026-01-25
23018,6966,0.67,2026-01-25
23019,24426,1.29,2026-01-25
23020,21226,0.17,2026-01-25
23021,25538,0.23,2026-01-25
23022,14699,0.09,2026-01-25
23023,7892,0.21,2026-01-25
23024,17981,0.31,2026-01-25
23025,10382,0.35,2026-01-25
23026,23783,0.39,2026-01-25
23027,6732,0.23,2026-01-25
23028,23451,0.09,2026-01-25
23029,18927,0.21,2026-01-25
23030,22493,0.09,2026-01-25
23031,25494,0.17,2026-01-25
23032,6223,0.07,2026-01-25
23033,12509,0.22,2026-01-25
23034,3282,0.26,2026-01-25
23035,14211,0.30,2026-01-25
23036,25825,0.81,2026-01-25
23037,15403,0.14,2026-01-25
23038,10785,0.26,2026-01-25
23039,16113,0.39,2026-01-25
23040,26134,0.31,2026-01-25
23041,2986,0.25,2026-01-25
23042,6579,0.06,2026-01-25
23043,8739,0.17,2026-01-25
23044,8467,0.07,2026-01-25
23045,13682,0.18,2026-01-25
23046,18415,0.23,2026-01-25
23047,24507,0.05,2026-01-25
23048,13689,0.13,2026-01-25
23049,7193,0.06,2026-01-25
23050,10496,0.14,2026-01-25
23051,20666,0.07,2026-01-25
23052,3374,0.24,2026-01-25
23053,12122,0.18,2026-01-25
23054,1487,0.08,2026-01-25
23055,18985,0.23,2026-01-25
23056,21371,0.22,2026-01-25
23057,16373,0.07,2026-01-25
23058,19639,0.20,2026-01-25
23059,4254,0.78,2026-01-25
23060,7852,1.78,2026-01-25
23061,1129,0.24,2026-01-25
23062,9291,0.07,2026-01-25
23063,7036,0.09,2026-01-25
23064,4814,0.20,2026-01-25
23065,13811,0.17,2026-01-25
23066,21051,0.10,2026-01-25
23067,22120,0.18,2026-01-25
23068,13704,0.24,2026-01-25
23069,15645,0.06,2026-01-25
23070,17491,0.20,2026-01-25
23071,16842,0.08,2026-01-25
23072,8503,0.21,2026-01-25
23073,13905,0.64,2026-01-25
23074,11906,0.08,2026-01-25
23075,22119,0.16,2026-01-25
23076,16790,0.15,2026-01-25
23077,6812,0.14,2026-01-25
23078,25131,0.24,2026-01-25
23079,15543,0.16,2026-01-25
23080,8472,0.21,2026-01-25
23081,26730,0.06,2026-01-25
23082,19411,0.16,2026-01-25
23083,18376,0.08,2026-01-25
23084,19451,0.06,2026-01-25
23085,18854,0.20,2026-01-25
23086,4588,0.31,2026-01-25
23087,3207,0.12,2026-01-25
23088,19522,0.12,2026-01-25
23089,6081,0.29,2026-01-25
23090,23864,0.22,2026-01-25
23091,10881,0.12,2026-01-25
23092,22077,0.16,2026-01-25
23093,1509,0.06,2026-01-25
23094,21785,0.18,2026-01-25
23095,13170,0.06,2026-01-25
23096,4731,0.40,2026-01-25
23097,4685,0.15,2026-01-25
23098,3740,0.05,2026-01-25
23099,18523,0.17,2026-01-25
23100,923,0.05,2026-01-25
23101,2292,0.13,2026-01-25
23102,14760,0.14,2026-01-25
23103,17308,0.06,2026-01-25
23104,17064,0.15,2026-01-25
23105,4303,0.07,2026-01-25
23106,19578,0.06,2026-01-25
23107,23798,0.22,2026-01-25
23108,25378,0.06,2026-01-25
23109,7928,0.17,2026-01-25
23110,5647,0.09,2026-01-25
23111,6724,0.23,2026-01-25
23112,5566,0.19,2026-01-25
23113,17508,0.08,2026-01-25
23114,4672,0.06,2026-01-25
23115,25481,0.17,2026-01-25
23116,26338,0.13,2026-01-25
23117,6152,0.06,2026-01-25
23118,19373,0.11,2026-01-25
23119,24264,0.09,2026-01-25
23120,24377,0.08,2026-01-25
23121,22011,0.13,2026-01-25
23122,710,2.25,2026-01-25
23123,7687,2.98,2026-01-25
23124,14025,8.08,2026-01-25
23125,12069,4.94,2026-01-25
23126,8447,56.96,2026-01-25
23127,1065,2.51,2026-01-25
23128,21982,26.11,2026-01-25
23129,19905,4.59,2026-01-25
23130,16315,3.47,2026-01-25
23131,16704,13.07,2026-01-25
23132,11920,3.62,2026-01-25
23133,12632,14.65,2026-01-25
23134,26021,7.91,2026-01-25
23135,20915,198.78,2026-01-25
23136,24653,4.73,2026-01-25
23137,25056,2.85,2026-01-25
23138,3590,1.94,2026-01-25
23139,20880,7.54,2026-01-25
23140,20820,3.87,2026-01-25
23141,348,13.80,2026-01-25
23142,4555,1.44,2026-01-25
23143,17531,1.40,2026-01-25
23144,16337,32.14,2026-01-25
23145,4701,73.37,2026-01-25
23146,17186,9.24,2026-01-25
23147,6671,4.16,2026-01-25
23148,7461,9.03,2026-01-25
23149,14539,3.09,2026-01-25
23150,20120,2.17,2026-01-25
23151,24416,0.22,2026-01-25
23152,15957,2.46,2026-01-25
23153,17250,2.63,2026-01-25
23154,25839,21.72,2026-01-25
23155,21601,30.23,2026-01-25
23156,22869,0.87,2026-01-25
23157,3970,0.93,2026-01-25
23158,19774,9.35,2026-01-25
23159,5965,18.46,2026-01-25
23160,3541,6.69,2026-01-25
23161,24944,8.15,2026-01-25
23162,7429,7.91,2026-01-25
23163,22304,10.76,2026-01-25
23164,7579,4.69,2026-01-25
23165,16579,6.68,2026-01-25
23166,15411,5.56,2026-01-25
23167,12305,7.65,2026-01-25
23168,4703,3.59,2026-01-25
23169,10216,4.26,2026-01-25
23170,20879,5.66,2026-01-25
23171,19885,20.19,2026-01-25
23172,7187,5.27,2026-01-25
23173,18706,7.57,2026-01-25
23174,16615,2.27,2026-01-25
23175,4517,2.66,2026-01-25
23176,3440,0.08,2026-01-25
23177,20026,0.21,2026-01-25
23178,23502,0.18,2026-01-25
23179,8333,0.08,2026-01-25
23180,3782,0.22,2026-01-25
23181,4660,0.27,2026-01-25
23182,641,0.09,2026-01-25
23183,3415,0.18,2026-01-25
23184,20633,0.17,2026-01-25
23185,19929,0.06,2026-01-25
23186,7777,0.13,2026-01-25
23187,25789,0.09,2026-01-25
23188,26601,1.11,2026-01-25
23189,7502,2.74,2026-01-25
23190,16611,0.05,2026-01-25
23191,8207,0.14,2026-01-25
23192,330,0.19,2026-01-25
23193,8059,0.15,2026-01-25
23194,14346,0.15,2026-01-25
23195,21782,0.18,2026-01-25
23196,10080,0.19,2026-01-25
23197,24447,0.16,2026-01-25
23198,21970,0.18,2026-01-25
23199,5840,0.08,2026-01-25
23200,24997,0.10,2026-01-25
23201,8258,0.25,2026-01-25
23202,22669,0.21,2026-01-25
23203,6787,0.14,2026-01-25
23204,21357,0.17,2026-01-25
23205,20486,0.08,2026-01-25
23206,22793,0.09,2026-01-25
23207,24235,0.13,2026-01-25
23208,19320,0.23,2026-01-25
23209,14674,0.22,2026-01-25
23210,20589,0.25,2026-01-25
23211,24303,0.29,2026-01-25
23212,7692,0.95,2026-01-25
23213,310,3.61,2026-01-25
23214,15117,0.13,2026-01-25
23215,22248,0.29,2026-01-25
23216,5068,0.07,2026-01-25
23217,4405,0.12,2026-01-25
23218,9088,0.13,2026-01-25
23219,4525,0.10,2026-01-25
23220,16121,0.75,2026-01-25
23221,11660,0.15,2026-01-25
23222,4620,0.05,2026-01-25
23223,9385,0.07,2026-01-25
23224,25605,0.16,2026-01-25
23225,24963,0.30,2026-01-25
23226,9133,0.20,2026-01-25
23227,18418,0.09,2026-01-25
23228,3823,0.29,2026-01-25
23229,9220,0.19,2026-01-25
23230,24883,0.07,2026-01-25
23231,9972,0.19,2026-01-25
23232,8214,0.23,2026-01-25
23233,24803,0.18,2026-01-25
23234,2988,0.08,2026-01-25
23235,25377,0.11,2026-01-25
23236,18923,0.24,2026-01-25
23237,25458,0.17,2026-01-25
23238,15220,0.09,2026-01-25
23239,733,0.13,2026-01-25
23240,21932,0.10,2026-01-25
23241,6929,0.22,2026-01-25
23242,1662,0.21,2026-01-25
23243,20274,0.11,2026-01-25
23244,19573,0.21,2026-01-25
23245,9730,0.09,2026-01-25
23246,20904,0.19,2026-01-25
23247,11203,0.10,2026-01-25
23248,15672,0.20,2026-01-25
23249,22308,0.48,2026-01-25
23250,27038,0.31,2026-01-25
23251,16698,0.22,2026-01-25
23252,19456,0.10,2026-01-25
23253,22568,0.21,2026-01-25
23254,5386,0.10,2026-01-25
23255,25831,0.33,2026-01-25
23256,21413,0.24,2026-01-25
23257,22757,0.21,2026-01-25
23258,7823,0.25,2026-01-25
23259,19805,0.73,2026-01-25
23260,11124,1.39,2026-01-25
23261,20665,0.08,2026-01-25
23262,5272,0.23,2026-01-25
23263,15332,0.09,2026-01-25
23264,13354,0.20,2026-01-25
23265,26401,0.17,2026-01-25
23266,1062,0.24,2026-01-25
23267,18764,0.06,2026-01-25
23268,1605,0.14,2026-01-25
23269,25057,0.10,2026-01-25
23270,10687,0.14,2026-01-25
23271,6804,0.21,2026-01-25
23272,2384,0.11,2026-01-25
23273,25462,0.83,2026-01-25
23274,10945,0.23,2026-01-25
23275,6477,0.11,2026-01-25
23276,19261,0.22,2026-01-25
23277,24372,0.07,2026-01-25
23278,17455,0.20,2026-01-25
23279,6196,0.10,2026-01-25
23280,4351,2.47,2026-01-25
23281,875,2.47,2026-01-25
23282,11515,1.19,2026-01-25
23283,18009,0.10,2026-01-25
23284,13896,0.21,2026-01-25
23285,24124,0.26,2026-01-25
23286,5251,0.14,2026-01-25
23287,13387,0.65,2026-01-25
23288,23935,0.72,2026-01-25
23289,13442,0.16,2026-01-25
23290,18246,0.07,2026-01-25
23291,8481,0.10,2026-01-25
23292,3,0.15,2026-01-25
23293,16659,0.25,2026-01-25
23294,16783,0.36,2026-01-25
23295,15977,0.14,2026-01-25
23296,12899,0.06,2026-01-25
23297,21056,0.10,2026-01-25
23298,2121,0.15,2026-01-25
23299,21161,0.22,2026-01-25
23300,1612,0.09,2026-01-25
23301,23399,0.18,2026-01-25
23302,11766,0.19,2026-01-25
23303,7067,0.14,2026-01-25
23304,12731,0.10,2026-01-25
23305,22733,0.13,2026-01-25
23306,13941,0.14,2026-01-25
23307,20770,0.07,2026-01-25
23308,14566,0.15,2026-01-25
23309,14710,0.20,2026-01-25
23310,10304,0.09,2026-01-25
23311,1410,0.17,2026-01-25
23312,13213,0.23,2026-01-25
23313,1090,0.82,2026-01-25
23314,18931,1.32,2026-01-25
23315,13742,0.09,2026-01-25
23316,21450,0.19,2026-01-25
23317,7780,0.12,2026-01-25
23318,22899,0.19,2026-01-25
23319,17329,0.06,2026-01-25
23320,20204,0.19,2026-01-25
23321,8409,0.23,2026-01-25
23322,2209,0.17,2026-01-25
23323,12328,1.05,2026-01-25
23324,24905,0.18,2026-01-25
23325,11795,0.18,2026-01-25
23326,7386,0.17,2026-01-25
23327,16675,0.06,2026-01-25
23328,1139,0.41,2026-01-25
23329,15819,0.31,2026-01-25
23330,17288,0.05,2026-01-25
23331,17244,0.13,2026-01-25
23332,12940,0.12,2026-01-25
23333,18148,0.09,2026-01-25
23334,4520,0.20,2026-01-25
23335,14757,0.08,2026-01-25
23336,14442,0.18,2026-01-25
23337,17995,0.24,2026-01-25
23338,10447,0.10,2026-01-25
23339,5304,0.12,2026-01-25
23340,767,0.52,2026-01-25
23341,11445,1.54,2026-01-25
23342,20034,0.13,2026-01-25
23343,5174,0.22,2026-01-25
23344,9340,0.19,2026-01-25
23345,451,0.19,2026-01-25
23346,20426,0.47,2026-01-25
23347,16224,0.19,2026-01-25
23348,21767,0.16,2026-01-25
23349,16458,0.06,2026-01-25
23350,16717,0.17,2026-01-25
23351,24999,0.15,2026-01-25
23352,24271,0.23,2026-01-25
23353,14959,0.16,2026-01-25
23354,6873,1.35,2026-01-25
23355,11261,0.27,2026-01-25
23356,5284,0.32,2026-01-25
23357,3506,0.78,2026-01-25
23358,22830,1.55,2026-01-25
23359,13325,0.06,2026-01-25
23360,22564,0.13,2026-01-25
23361,21028,0.14,2026-01-25
23362,10954,0.16,2026-01-25
23363,1066,0.14,2026-01-25
23364,11525,0.21,2026-01-25
23365,26279,0.68,2026-01-25
23366,321,0.14,2026-01-25
23367,13373,0.07,2026-01-25
23368,7245,0.06,2026-01-25
23369,23758,0.14,2026-01-25
23370,536,0.12,2026-01-25
23371,24531,0.22,2026-01-25
23372,6214,0.26,2026-01-25
23373,26903,0.26,2026-01-25
23374,16545,0.10,2026-01-25
23375,10315,0.21,2026-01-25
23376,6356,0.23,2026-01-25
23377,5898,0.12,2026-01-25
23378,3683,0.19,2026-01-25
23379,11550,0.25,2026-01-25
23380,8705,0.87,2026-01-25
23381,21519,1.75,2026-01-25
23382,17495,0.15,2026-01-25
23383,17944,0.22,2026-01-25
23384,24735,0.22,2026-01-25
23385,17507,0.28,2026-01-25
23386,26524,0.07,2026-01-25
23387,4319,0.19,2026-01-25
23388,9504,0.08,2026-01-25
23389,352,0.17,2026-01-25
23390,1068,0.43,2026-01-25
23391,19629,0.50,2026-01-25
23392,872,0.81,2026-01-25
23393,26137,0.21,2026-01-25
23394,17969,0.12,2026-01-25
23395,19236,0.31,2026-01-25
23396,22727,0.15,2026-01-25
23397,5224,0.15,2026-01-25
23398,11894,0.24,2026-01-25
23399,21851,0.23,2026-01-25
23400,13124,0.25,2026-01-25
23401,10747,0.71,2026-01-25
23402,12999,1.44,2026-01-25
23403,19601,0.18,2026-01-25
23404,4324,0.09,2026-01-25
23405,13222,0.15,2026-01-25
23406,17285,0.05,2026-01-25
23407,16355,0.25,2026-01-25
23408,5277,0.21,2026-01-25
23409,23746,0.05,2026-01-25
23410,17352,0.14,2026-01-25
23411,10171,0.10,2026-01-25
23412,8407,0.18,2026-01-25
23413,14772,0.08,2026-01-25
23414,24764,0.04,2026-01-25
23415,6151,0.09,2026-01-25
23416,9113,0.19,2026-01-25
23417,10158,0.13,2026-01-25
23418,13488,0.06,2026-01-25
23419,3771,0.14,2026-01-25
23420,20375,0.05,2026-01-25
23421,25782,0.06,2026-01-25
23422,23088,0.13,2026-01-25
23423,23974,0.06,2026-01-25
23424,25249,0.19,2026-01-25
23425,18713,0.04,2026-01-25
23426,25321,0.11,2026-01-25
23427,24454,0.06,2026-01-25
23428,24800,0.12,2026-01-25
23429,1872,0.21,2026-01-25
23430,4044,0.09,2026-01-25
23431,21497,0.20,2026-01-25
23432,19875,0.09,2026-01-25
23433,11630,0.04,2026-01-25
23434,25469,0.13,2026-01-25
23435,9889,0.06,2026-01-25
23436,24027,0.14,2026-01-25
23437,7404,0.12,2026-01-25
23438,9726,0.07,2026-01-25
23439,18424,0.16,2026-01-25
23440,16240,0.07,2026-01-25
23441,22210,0.22,2026-01-25
23442,334,0.11,2026-01-25
23443,12459,0.16,2026-01-25
23444,13129,0.08,2026-01-25
23445,1208,0.20,2026-01-25
23446,8704,0.09,2026-01-25
23447,26796,0.27,2026-01-25
23448,4506,0.07,2026-01-25
23449,16332,0.11,2026-01-25
23450,12316,0.16,2026-01-25
23451,7406,0.06,2026-01-25
23452,17411,0.20,2026-01-25
23453,23480,0.09,2026-01-25
23454,18878,0.05,2026-01-25
23455,12810,0.16,2026-01-25
23456,6032,0.07,2026-01-25
23457,12195,0.06,2026-01-25
23458,8317,0.17,2026-01-25
23459,4533,0.06,2026-01-25
23460,9777,0.13,2026-01-25
23461,19651,0.06,2026-01-25
23462,7549,0.14,2026-01-25
23463,10142,0.14,2026-01-25
23464,25240,0.05,2026-01-25
23465,15618,0.13,2026-01-25
23466,15796,0.06,2026-01-25
23467,20815,0.15,2026-01-25
23468,18313,0.21,2026-01-25
23469,19159,0.07,2026-01-25
23470,17175,0.16,2026-01-25
23471,15801,10.22,2026-01-25
23472,7411,8.98,2026-01-25
23473,1463,2.09,2026-01-25
23474,16091,4.11,2026-01-25
23475,6576,16.00,2026-01-25
23476,18261,5.90,2026-01-25
23477,13507,59.57,2026-01-25
23478,6527,10.95,2026-01-25
23479,23000,60.48,2026-01-25
23480,6354,7.82,2026-01-25
23481,15735,51.66,2026-01-25
23482,11139,4.36,2026-01-25
23483,1187,20.30,2026-01-25
23484,17604,6.52,2026-01-25
23485,10537,53.57,2026-01-25
23486,7535,1.48,2026-01-25
23487,618,10.29,2026-01-25
23488,17049,187.10,2026-01-25
23489,3629,3.46,2026-01-25
23490,11826,69.01,2026-01-25
23491,2937,2.01,2026-01-25
23492,9104,4.26,2026-01-25
23493,1638,3.69,2026-01-25
23494,12684,36.47,2026-01-25
23495,7157,2.61,2026-01-25
23496,20246,21.30,2026-01-25
23497,11485,3.87,2026-01-25
23498,25035,2.70,2026-01-25
23499,4067,1.61,2026-01-25
23500,25290,21.77,2026-01-25
23501,26183,7.47,2026-01-25
23502,15216,13.91,2026-01-25
23503,5650,6.02,2026-01-25
23504,17437,12.05,2026-01-25
23505,14669,15.10,2026-01-25
23506,21719,4.60,2026-01-25
23507,25270,9.81,2026-01-25
23508,10407,2.72,2026-01-25
23509,22778,2.47,2026-01-25
23510,23055,1.13,2026-01-25
23511,2000,1.84,2026-01-25
23512,25687,0.64,2026-01-25
23513,26703,0.64,2026-01-25
23514,25464,2.23,2026-01-25
23515,21792,0.85,2026-01-25
23516,10796,0.36,2026-01-25
23517,9824,2.82,2026-01-25
23518,8440,2.39,2026-01-25
23519,23700,0.37,2026-01-25
23520,13972,21.17,2026-01-25
23521,7616,24.78,2026-01-25
23522,18556,346.57,2026-01-25
23523,1216,6.73,2026-01-25
23524,24498,39.03,2026-01-25
23525,24307,7.80,2026-01-25
23526,134,75.24,2026-01-25
23527,3627,6.18,2026-01-25
23528,6251,7.26,2026-01-25
23529,23045,11.16,2026-01-25
23530,16057,6.73,2026-01-25
23531,5401,5.33,2026-01-25
23532,20444,5.26,2026-01-25
23533,13861,4.90,2026-01-25
23534,22645,9.54,2026-01-25
23535,7706,6.02,2026-01-25
23536,16351,5.58,2026-01-25
23537,13392,5.15,2026-01-25
23538,4750,7.54,2026-01-25
23539,25026,8.55,2026-01-25
23540,22023,5.59,2026-01-25
23541,12418,4.44,2026-01-25
23542,10235,3.85,2026-01-25
23543,3353,10.95,2026-01-25
23544,19344,5.15,2026-01-25
23545,8239,103.48,2026-01-25
23546,9217,2.32,2026-01-25
23547,16810,2.62,2026-01-25
23548,1843,4.09,2026-01-25
23549,9939,2.34,2026-01-25
23550,25418,2.73,2026-01-25
23551,26798,2.36,2026-01-25
23552,25574,9.23,2026-01-25
23553,13997,9.41,2026-01-25
23554,10669,10.45,2026-01-25
23555,2077,0.11,2026-01-25
23556,25177,0.04,2026-01-25
23557,13711,0.24,2026-01-25
23558,4603,0.19,2026-01-25
23559,151,0.14,2026-01-25
23560,22858,0.12,2026-01-25
23561,17468,0.13,2026-01-25
23562,20252,0.13,2026-01-25
23563,24541,0.07,2026-01-25
23564,19276,0.20,2026-01-25
23565,2307,0.04,2026-01-25
23566,10790,0.12,2026-01-25
23567,7894,6.74,2026-01-25
23568,13958,0.13,2026-01-25
23569,25643,0.12,2026-01-25
23570,1290,0.12,2026-01-25
23571,15501,0.06,2026-01-25
23572,16882,0.11,2026-01-25
23573,14872,0.14,2026-01-25
23574,15331,0.82,2026-01-25
23575,10215,0.08,2026-01-25
23576,18735,0.07,2026-01-25
23577,10398,1.89,2026-01-25
23578,14289,1.39,2026-01-25
23579,1351,0.13,2026-01-25
23580,17532,0.14,2026-01-25
23581,8744,5.71,2026-01-25
23582,4235,0.12,2026-01-25
23583,22209,0.12,2026-01-25
23584,8377,0.12,2026-01-25
23585,20358,0.06,2026-01-25
23586,10073,0.12,2026-01-25
23587,25855,0.03,2026-01-25
23588,18220,0.06,2026-01-25
23589,1769,0.16,2026-01-25
23590,12315,1.51,2026-01-25
23591,19354,0.90,2026-01-25
23592,23539,7.90,2026-01-25
23593,12190,1.96,2026-01-25
23594,23064,0.08,2026-01-25
23595,20056,0.13,2026-01-25
23596,26018,0.23,2026-01-25
23597,20329,0.26,2026-01-25
23598,3595,0.05,2026-01-25
23599,17714,0.09,2026-01-25
23600,22456,0.12,2026-01-25
23601,24458,0.13,2026-01-25
23602,5661,1.30,2026-01-25
23603,24453,0.23,2026-01-25
23604,18213,0.38,2026-01-25
23605,11776,1.89,2026-01-25
23606,26003,0.29,2026-01-25
23607,16376,0.17,2026-01-25
23608,14579,0.21,2026-01-25
23609,7186,0.28,2026-01-25
23610,10226,0.04,2026-01-25
23611,15280,0.07,2026-01-25
23612,9608,0.08,2026-01-25
23613,25906,0.18,2026-01-25
23614,20896,0.10,2026-01-25
23615,4511,0.10,2026-01-25
23616,9843,0.29,2026-01-25
23617,17552,0.31,2026-01-25
23618,11380,0.15,2026-01-25
23619,22971,0.09,2026-01-25
23620,25537,0.26,2026-01-25
23621,17546,0.30,2026-01-25
23622,21996,0.08,2026-01-25
23623,17688,0.11,2026-01-25
23624,7948,0.06,2026-01-25
23625,24270,0.10,2026-01-25
23626,15339,0.10,2026-01-25
23627,1865,0.10,2026-01-25
23628,17660,7.23,2026-01-25
23629,7159,0.08,2026-01-25
23630,13141,0.12,2026-01-25
23631,21466,0.09,2026-01-25
23632,17843,0.14,2026-01-25
23633,8774,0.08,2026-01-25
23634,24757,0.12,2026-01-25
23635,15044,0.12,2026-01-25
23636,2492,0.06,2026-01-25
23637,26123,0.13,2026-01-25
23638,10189,0.16,2026-01-25
23639,20987,0.12,2026-01-25
23640,17596,0.17,2026-01-25
23641,13969,10.11,2026-01-25
23642,20695,7.61,2026-01-25
23643,21456,0.24,2026-01-25
23644,18169,0.17,2026-01-25
23645,19491,0.14,2026-01-25
23646,12644,0.07,2026-01-25
23647,16864,0.11,2026-01-25
23648,19890,0.05,2026-01-25
23649,9027,0.80,2026-01-25
23650,6192,0.14,2026-01-25
23651,10036,0.25,2026-01-25
23652,17728,0.24,2026-01-25
23653,19594,0.22,2026-01-25
23654,14886,0.20,2026-01-25
23655,18917,0.07,2026-01-25
23656,18893,0.76,2026-01-25
23657,22799,0.39,2026-01-25
23658,24203,0.26,2026-01-25
23659,15454,0.08,2026-01-25
23660,7797,0.11,2026-01-25
23661,5964,0.21,2026-01-25
23662,5132,0.20,2026-01-25
23663,16821,0.12,2026-01-25
23664,14712,0.06,2026-01-25
23665,4377,0.15,2026-01-25
23666,10053,0.07,2026-01-25
23667,9969,1.96,2026-01-25
23668,8424,9.34,2026-01-25
23669,7537,0.09,2026-01-25
23670,1984,0.09,2026-01-25
23671,9997,0.10,2026-01-25
23672,2302,0.14,2026-01-25
23673,5659,0.16,2026-01-25
23674,1240,0.11,2026-01-25
23675,17765,0.77,2026-01-25
23676,7235,0.21,2026-01-25
23677,15551,0.17,2026-01-25
23678,17224,0.13,2026-01-25
23679,11247,0.06,2026-01-25
23680,18488,0.12,2026-01-25
23681,20684,0.09,2026-01-25
23682,2234,3.44,2026-01-25
23683,21750,12.87,2026-01-25
23684,18473,0.11,2026-01-25
23685,23503,0.17,2026-01-25
23686,5966,0.08,2026-01-25
23687,2104,0.18,2026-01-25
23688,5231,0.07,2026-01-25
23689,6178,0.15,2026-01-25
23690,8580,0.12,2026-01-25
23691,18262,0.08,2026-01-25
23692,23194,0.12,2026-01-25
23693,24316,0.09,2026-01-25
23694,7349,0.19,2026-01-25
23695,5775,0.19,2026-01-25
23696,18058,0.71,2026-01-25
23697,22859,0.08,2026-01-25
23698,25306,0.05,2026-01-25
23699,1960,0.11,2026-01-25
23700,5991,0.04,2026-01-25
23701,24024,0.28,2026-01-25
23702,9703,0.31,2026-01-25
23703,19895,0.16,2026-01-25
23704,4886,0.18,2026-01-25
23705,19187,0.09,2026-01-25
23706,20218,0.18,2026-01-25
23707,6329,0.11,2026-01-25
23708,12602,0.06,2026-01-25
23709,15078,0.12,2026-01-25
23710,12288,0.15,2026-01-25
23711,540,0.11,2026-01-25
23712,21807,0.06,2026-01-25
23713,18868,0.78,2026-01-25
23714,22089,4.31,2026-01-25
23715,18240,1.86,2026-01-25
23716,1399,0.05,2026-01-25
23717,7486,0.09,2026-01-25
23718,19120,20.79,2026-01-25
23719,2228,0.33,2026-01-25
23720,2162,0.35,2026-01-25
23721,14095,0.10,2026-01-25
23722,234,0.07,2026-01-25
23723,23325,0.13,2026-01-25
23724,16924,0.06,2026-01-25
23725,6729,0.10,2026-01-25
23726,9690,0.13,2026-01-25
23727,25368,0.30,2026-01-25
23728,3793,0.31,2026-01-25
23729,21152,0.21,2026-01-25
23730,8491,0.11,2026-01-25
23731,14645,0.68,2026-01-25
23732,25700,1.75,2026-01-25
23733,22357,0.12,2026-01-25
23734,14184,0.18,2026-01-25
23735,1545,0.05,2026-01-25
23736,4032,0.14,2026-01-25
23737,10159,0.13,2026-01-25
23738,25397,0.15,2026-01-25
23739,21352,0.11,2026-01-25
23740,24098,0.19,2026-01-25
23741,1116,0.06,2026-01-25
23742,3949,0.12,2026-01-25
23743,19450,0.46,2026-01-25
23744,10730,0.40,2026-01-25
23745,7228,6.99,2026-01-25
23746,21543,0.20,2026-01-25
23747,11930,0.16,2026-01-25
23748,26700,0.10,2026-01-25
23749,2949,0.12,2026-01-25
23750,137,1.06,2026-01-25
23751,12255,0.21,2026-01-25
23752,22934,0.21,2026-01-25
23753,2509,0.21,2026-01-25
23754,26214,0.27,2026-01-25
23755,5411,0.77,2026-01-25
23756,980,0.07,2026-01-25
23757,17287,0.13,2026-01-25
23758,19339,0.14,2026-01-25
23759,14191,0.19,2026-01-25
23760,20454,0.18,2026-01-25
23761,18019,0.21,2026-01-25
23762,6080,0.15,2026-01-25
23763,13746,0.15,2026-01-25
23764,14264,0.15,2026-01-25
23765,5081,0.15,2026-01-25
23766,15647,0.65,2026-01-25
23767,8961,0.20,2026-01-25
23768,11035,0.26,2026-01-25
23769,15248,1.28,2026-01-25
23770,17709,0.15,2026-01-25
23771,12876,0.22,2026-01-25
23772,1241,0.12,2026-01-25
23773,2029,0.21,2026-01-25
23774,25193,0.06,2026-01-25
23775,16249,0.11,2026-01-25
23776,7499,0.12,2026-01-25
23777,5697,0.07,2026-01-25
23778,19753,0.34,2026-01-25
23779,15794,1.88,2026-01-25
23780,25150,0.15,2026-01-25
23781,5801,0.06,2026-01-25
23782,4050,0.18,2026-01-25
23783,23930,0.17,2026-01-25
23784,24907,0.09,2026-01-25
23785,6382,0.21,2026-01-25
23786,3399,0.05,2026-01-25
23787,19877,0.11,2026-01-25
23788,1741,0.06,2026-01-25
23789,7573,0.12,2026-01-25
23790,2603,0.06,2026-01-25
23791,17621,0.10,2026-01-25
23792,10018,0.06,2026-01-25
23793,26296,0.12,2026-01-25
23794,7839,0.12,2026-01-25
23795,7136,0.05,2026-01-25
23796,20519,0.13,2026-01-25
23797,11610,0.06,2026-01-25
23798,5105,0.10,2026-01-25
23799,14255,0.15,2026-01-25
23800,9358,0.08,2026-01-25
23801,3206,0.09,2026-01-25
23802,15145,0.14,2026-01-25
23803,23767,0.18,2026-01-25
23804,303,0.11,2026-01-25
23805,7194,0.12,2026-01-25
23806,15254,0.06,2026-01-25
23807,22857,0.07,2026-01-25
23808,18157,0.06,2026-01-25
23809,26215,0.11,2026-01-25
23810,14232,0.07,2026-01-25
23811,18374,0.13,2026-01-25
23812,13329,0.05,2026-01-25
23813,14488,0.11,2026-01-25
23814,26930,0.08,2026-01-25
23815,20309,0.05,2026-01-25
23816,16801,0.12,2026-01-25
23817,4449,0.17,2026-01-25
23818,27029,0.06,2026-01-25
23819,17039,0.11,2026-01-25
23820,9792,0.15,2026-01-25
23821,22978,0.07,2026-01-25
23822,3210,0.11,2026-01-25
23823,22058,0.07,2026-01-25
23824,13696,0.06,2026-01-25
23825,19130,0.09,2026-01-25
23826,2145,0.15,2026-01-25
23827,25949,0.04,2026-01-25
23828,18181,0.07,2026-01-25
23829,5992,0.21,2026-01-25
23830,26813,0.15,2026-01-25
23831,15461,0.08,2026-01-25
23832,4709,0.11,2026-01-25
23833,20008,0.05,2026-01-25
23834,25497,0.08,2026-01-25
23835,10327,0.12,2026-01-25
23836,14613,0.11,2026-01-25
23837,4531,0.06,2026-01-25
23838,12442,0.06,2026-01-25
23839,13553,0.09,2026-01-25
23840,20452,0.08,2026-01-25
23841,22278,0.09,2026-01-25
23842,24943,0.10,2026-01-25
23843,16409,0.10,2026-01-25
23844,11108,0.06,2026-01-25
23845,26075,0.16,2026-01-25
23846,1442,0.06,2026-01-25
23847,22449,0.14,2026-01-25
23848,11688,15.14,2026-01-25
23849,23201,0.05,2026-01-25
23850,10029,0.11,2026-01-25
23851,9461,0.11,2026-01-25
23852,12645,0.07,2026-01-25
23853,12375,96.97,2026-01-25
23854,24365,2.61,2026-01-25
23855,51,14.82,2026-01-25
23856,22597,5.64,2026-01-25
23857,10826,4.76,2026-01-25
23858,17882,12.01,2026-01-25
23859,14103,19.27,2026-01-25
23860,1896,2.92,2026-01-25
23861,161,19.72,2026-01-25
23862,13097,19.10,2026-01-25
23863,10032,105.80,2026-01-25
23864,1407,2.12,2026-01-25
23865,2839,174.63,2026-01-25
23866,8692,2.99,2026-01-25
23867,18310,18.66,2026-01-25
23868,21567,142.14,2026-01-25
23869,23945,21.33,2026-01-25
23870,10871,2.04,2026-01-25
23871,16074,13.84,2026-01-25
23872,10922,31.05,2026-01-25
23873,25901,4.30,2026-01-25
23874,15385,49.98,2026-01-25
23875,19119,304.82,2026-01-25
23876,4749,24.02,2026-01-25
23877,18484,3.48,2026-01-25
23878,24349,31.51,2026-01-25
23879,23255,399.06,2026-01-25
23880,4093,3.35,2026-01-25
23881,6677,294.87,2026-01-25
23882,10565,54.49,2026-01-25
23883,4742,9.58,2026-01-25
23884,23037,2.02,2026-01-25
23885,9684,2.47,2026-01-25
23886,19919,16.73,2026-01-25
23887,14808,1.95,2026-01-25
23888,26710,330.04,2026-01-25
23889,9834,5.08,2026-01-25
23890,4925,4.62,2026-01-25
23891,2291,31.56,2026-01-25
23892,18426,6.96,2026-01-25
23893,9215,29.03,2026-01-25
23894,26184,35.64,2026-01-25
23895,8731,343.53,2026-01-25
23896,21054,6.60,2026-01-25
23897,6231,50.26,2026-01-25
23898,8792,277.12,2026-01-25
23899,13045,9.79,2026-01-25
23900,5871,57.95,2026-01-25
23901,2533,664.13,2026-01-25
23902,12793,7.92,2026-01-25
23903,3556,1789.97,2026-01-25
23904,14617,71.31,2026-01-25
23905,13662,5.97,2026-01-25
23906,4870,17.12,2026-01-25
23907,18928,5.02,2026-01-25
23908,5366,4.57,2026-01-25
23909,7041,5.12,2026-01-25
23910,14744,4.63,2026-01-25
23911,14287,3.03,2026-01-25
23912,6600,9.89,2026-01-25
23913,20981,7.08,2026-01-25
23914,21283,6.51,2026-01-25
23915,21954,4.33,2026-01-25
23916,17961,1.92,2026-01-25
23917,25697,7.07,2026-01-25
23918,7869,3.27,2026-01-25
23919,11854,2.49,2026-01-25
23920,14663,2.61,2026-01-25
23921,6626,3.55,2026-01-25
23922,21060,23.58,2026-01-25
23923,16902,12.18,2026-01-25
23924,17627,13.89,2026-01-25
23925,8196,4.13,2026-01-25
23926,24540,2.69,2026-01-25
23927,19248,1.00,2026-01-25
23928,9494,6.83,2026-01-25
23929,21009,25.93,2026-01-25
23930,21416,3.96,2026-01-25
23931,17473,0.62,2026-01-25
23932,4856,8.98,2026-01-25
23933,21489,1.08,2026-01-25
23934,19017,6.54,2026-01-25
23935,4541,0.86,2026-01-25
23936,4417,4.90,2026-01-25
23937,1344,0.27,2026-01-25
23938,1859,0.21,2026-01-25
23939,3422,0.26,2026-01-25
23940,20214,5.54,2026-01-25
23941,294,0.35,2026-01-25
23942,14719,0.25,2026-01-25
23943,18497,3.14,2026-01-25
23944,1455,0.26,2026-01-25
23945,24462,5.29,2026-01-25
23946,17112,0.30,2026-01-25
23947,11596,0.78,2026-01-25
23948,24083,0.24,2026-01-25
23949,19820,0.21,2026-01-25
23950,16442,0.26,2026-01-25
23951,5218,0.33,2026-01-25
23952,16228,4.32,2026-01-25
23953,7074,2.09,2026-01-25
23954,22050,2.86,2026-01-25
23955,16562,0.23,2026-01-25
23956,13922,0.66,2026-01-25
23957,1106,1.17,2026-01-25
23958,23684,0.68,2026-01-25
23959,26608,0.62,2026-01-25
23960,6572,0.24,2026-01-25
23961,18266,47.72,2026-01-25
23962,4054,152.62,2026-01-25
23963,3952,13.85,2026-01-25
23964,15976,10.76,2026-01-25
23965,16234,0.64,2026-01-25
23966,7471,0.40,2026-01-25
23967,9899,2.53,2026-01-25
23968,1101,0.39,2026-01-25
23969,4487,4.28,2026-01-25
23970,25661,35.03,2026-01-25
23971,5577,35.74,2026-01-25
23972,12469,1.90,2026-01-25
23973,6010,0.39,2026-01-25
23974,13846,72.66,2026-01-25
23975,4537,14.50,2026-01-25
23976,16439,6.77,2026-01-25
23977,16008,1.26,2026-01-25
23978,20740,2.71,2026-01-25
23979,17622,4.08,2026-01-25
23980,17111,13.39,2026-01-25
23981,14141,15.66,2026-01-25
23982,12283,10.02,2026-01-25
23983,19111,3.55,2026-01-25
23984,5287,3.30,2026-01-25
23985,22735,0.99,2026-01-25
23986,17104,37.14,2026-01-25
23987,19900,0.35,2026-01-25
23988,8572,1.33,2026-01-25
23989,15995,0.30,2026-01-25
23990,4671,2.71,2026-01-25
23991,3189,0.25,2026-01-25
23992,23513,1.01,2026-01-25
23993,5443,0.43,2026-01-25
23994,10879,2.23,2026-01-25
23995,25948,0.34,2026-01-25
23996,5893,1.41,2026-01-25
23997,22159,1.47,2026-01-25
23998,9785,0.37,2026-01-25
23999,25042,0.27,2026-01-25
24000,11011,1.03,2026-01-25
24001,14892,1.33,2026-01-25
24002,20914,0.36,2026-01-25
24003,6291,0.29,2026-01-25
24004,19940,0.77,2026-01-25
24005,13447,0.58,2026-01-25
24006,6578,1.98,2026-01-25
24007,783,0.33,2026-01-25
24008,6811,2.02,2026-01-25
24009,19670,0.55,2026-01-25
24010,20485,3.56,2026-01-25
24011,12433,1.05,2026-01-25
24012,21098,0.24,2026-01-25
24013,18654,2.91,2026-01-25
24014,2812,0.59,2026-01-25
24015,544,1.18,2026-01-25
24016,13148,0.31,2026-01-25
24017,24886,0.97,2026-01-25
24018,26559,0.25,2026-01-25
24019,21547,1.22,2026-01-25
24020,5023,0.36,2026-01-25
24021,6661,3.61,2026-01-25
24022,870,0.95,2026-01-25
24023,21155,0.27,2026-01-25
24024,6558,1.23,2026-01-25
24025,19627,0.93,2026-01-25
24026,14737,0.29,2026-01-25
24027,24850,1.67,2026-01-25
24028,19642,0.45,2026-01-25
24029,14268,1.71,2026-01-25
24030,25025,0.39,2026-01-25
24031,454,0.26,2026-01-25
24032,10155,1.46,2026-01-25
24033,10114,3.04,2026-01-25
24034,24873,0.31,2026-01-25
24035,7930,2.41,2026-01-25
24036,7342,19.35,2026-01-25
24037,23654,23.23,2026-01-25
24038,20498,29.58,2026-01-25
24039,746,25.81,2026-01-25
24040,2271,14.60,2026-01-25
24041,7385,30.56,2026-01-25
24042,12749,17.46,2026-01-25
24043,4301,106.20,2026-01-25
24044,21178,374.99,2026-01-25
24045,18742,129.00,2026-01-25
24046,14921,32.51,2026-01-25
24047,16486,0.31,2026-01-25
24048,23132,0.33,2026-01-25
24049,673,0.10,2026-01-25
24050,21864,0.17,2026-01-25
24051,19598,0.09,2026-01-25
24052,4935,0.24,2026-01-25
24053,1873,0.33,2026-01-25
24054,6362,0.19,2026-01-25
24055,6417,0.28,2026-01-25
24056,4830,0.07,2026-01-25
24057,16555,0.83,2026-01-25
24058,20370,0.23,2026-01-25
24059,5378,0.10,2026-01-25
24060,12395,0.17,2026-01-25
24061,23753,0.04,2026-01-25
24062,14224,0.06,2026-01-25
24063,1853,0.20,2026-01-25
24064,10642,0.24,2026-01-25
24065,18331,0.09,2026-01-25
24066,26812,0.19,2026-01-25
24067,21975,0.13,2026-01-25
24068,11395,0.24,2026-01-25
24069,5196,0.18,2026-01-25
24070,20018,0.14,2026-01-25
24071,12194,0.13,2026-01-25
24072,12896,0.49,2026-01-25
24073,13245,0.07,2026-01-25
24074,10092,0.10,2026-01-25
24075,20006,0.22,2026-01-25
24076,4992,0.05,2026-01-25
24077,19974,0.14,2026-01-25
24078,11564,0.21,2026-01-25
24079,16358,0.13,2026-01-25
24080,2315,0.10,2026-01-25
24081,19926,0.26,2026-01-25
24082,2756,0.11,2026-01-25
24083,24156,0.20,2026-01-25
24084,19409,0.24,2026-01-25
24085,19682,0.11,2026-01-25
24086,10354,0.09,2026-01-25
24087,4615,0.16,2026-01-25
24088,21881,0.73,2026-01-25
24089,7691,0.60,2026-01-25
24090,24297,0.16,2026-01-25
24091,4011,0.07,2026-01-25
24092,1072,0.06,2026-01-25
24093,25748,0.20,2026-01-25
24094,2829,1.53,2026-01-25
24095,24827,0.73,2026-01-25
24096,1297,0.22,2026-01-25
24097,8505,0.10,2026-01-25
24098,7627,0.21,2026-01-25
24099,5622,0.49,2026-01-25
24100,9701,0.40,2026-01-25
24101,12183,0.11,2026-01-25
24102,11825,0.15,2026-01-25
24103,7815,0.39,2026-01-25
24104,12003,0.21,2026-01-25
24105,7489,0.15,2026-01-25
24106,18020,0.18,2026-01-25
24107,4261,0.06,2026-01-25
24108,505,0.20,2026-01-25
24109,4096,0.09,2026-01-25
24110,23099,0.20,2026-01-25
24111,4154,0.51,2026-01-25
24112,8999,0.19,2026-01-25
24113,18272,0.07,2026-01-25
24114,5091,0.16,2026-01-25
24115,6397,0.09,2026-01-25
24116,11262,0.03,2026-01-25
24117,13890,0.17,2026-01-25
24118,23308,0.25,2026-01-25
24119,24383,0.09,2026-01-25
24120,4804,0.68,2026-01-25
24121,17548,2.20,2026-01-25
24122,1579,0.62,2026-01-25
24123,2722,0.27,2026-01-25
24124,11518,0.16,2026-01-25
24125,24936,0.21,2026-01-25
24126,25663,0.14,2026-01-25
24127,6439,0.19,2026-01-25
24128,23628,0.11,2026-01-25
24129,13531,0.73,2026-01-25
24130,25007,0.08,2026-01-25
24131,12065,0.18,2026-01-25
24132,21390,2.41,2026-01-25
24133,16795,0.18,2026-01-25
24134,26712,0.06,2026-01-25
24135,19902,0.06,2026-01-25
24136,6842,0.16,2026-01-25
24137,18249,0.22,2026-01-25
24138,25686,0.08,2026-01-25
24139,11175,0.24,2026-01-25
24140,20383,0.17,2026-01-25
24141,22062,0.29,2026-01-25
24142,6698,0.15,2026-01-25
24143,22870,0.09,2026-01-25
24144,2785,0.23,2026-01-25
24145,16024,0.41,2026-01-25
24146,11842,0.15,2026-01-25
24147,10516,0.22,2026-01-25
24148,5532,0.07,2026-01-25
24149,8083,0.16,2026-01-25
24150,5146,0.40,2026-01-25
24151,4241,0.29,2026-01-25
24152,15376,0.27,2026-01-25
24153,12109,0.19,2026-01-25
24154,8248,0.08,2026-01-25
24155,17227,0.37,2026-01-25
24156,26640,0.14,2026-01-25
24157,1282,0.24,2026-01-25
24158,207,0.14,2026-01-25
24159,15597,0.06,2026-01-25
24160,21329,0.22,2026-01-25
24161,17500,0.17,2026-01-25
24162,18964,0.51,2026-01-25
24163,10109,0.44,2026-01-25
24164,230,0.17,2026-01-25
24165,21221,0.21,2026-01-25
24166,18804,0.15,2026-01-25
24167,267,0.24,2026-01-25
24168,5240,0.16,2026-01-25
24169,16150,0.25,2026-01-25
24170,25888,0.42,2026-01-25
24171,22725,0.18,2026-01-25
24172,15049,0.05,2026-01-25
24173,10173,0.06,2026-01-25
24174,5688,0.23,2026-01-25
24175,17024,0.24,2026-01-25
24176,26497,0.04,2026-01-25
24177,21699,0.20,2026-01-25
24178,24584,0.07,2026-01-25
24179,16433,0.26,2026-01-25
24180,22172,0.17,2026-01-25
24181,15701,0.19,2026-01-25
24182,22096,0.10,2026-01-25
24183,226,1.74,2026-01-25
24184,21268,0.09,2026-01-25
24185,1176,0.20,2026-01-25
24186,26303,0.08,2026-01-25
24187,6267,0.23,2026-01-25
24188,18463,0.76,2026-01-25
24189,7260,0.72,2026-01-25
24190,2456,0.34,2026-01-25
24191,4735,0.12,2026-01-25
24192,16467,1.75,2026-01-25
24193,3998,0.19,2026-01-25
24194,6295,0.08,2026-01-25
24195,7748,0.22,2026-01-25
24196,20409,0.06,2026-01-25
24197,23256,0.16,2026-01-25
24198,8036,0.09,2026-01-25
24199,11850,0.09,2026-01-25
24200,19262,0.23,2026-01-25
24201,20017,0.12,2026-01-25
24202,15208,0.22,2026-01-25
24203,21243,0.11,2026-01-25
24204,26545,0.19,2026-01-25
24205,23474,1.77,2026-01-25
24206,14724,0.28,2026-01-25
24207,11971,0.14,2026-01-25
24208,22883,0.24,2026-01-25
24209,26463,0.11,2026-01-25
24210,1054,0.20,2026-01-25
24211,14353,0.10,2026-01-25
24212,4364,0.26,2026-01-25
24213,24616,0.20,2026-01-25
24214,9870,0.06,2026-01-25
24215,3699,0.27,2026-01-25
24216,8297,0.11,2026-01-25
24217,12298,0.27,2026-01-25
24218,18008,0.13,2026-01-25
24219,19258,0.30,2026-01-25
24220,20471,0.22,2026-01-25
24221,18736,0.11,2026-01-25
24222,13644,0.23,2026-01-25
24223,3275,0.06,2026-01-25
24224,13441,0.19,2026-01-25
24225,153,0.05,2026-01-25
24226,2100,0.10,2026-01-25
24227,19335,0.23,2026-01-25
24228,2800,0.15,2026-01-25
24229,6634,0.19,2026-01-25
24230,18599,0.05,2026-01-25
24231,10468,0.19,2026-01-25
24232,2917,0.22,2026-01-25
24233,14236,0.12,2026-01-25
24234,14200,0.14,2026-01-25
24235,1411,0.20,2026-01-25
24236,26470,0.14,2026-01-25
24237,18582,0.22,2026-01-25
24238,9975,0.65,2026-01-25
24239,2817,1.55,2026-01-25
24240,6123,0.14,2026-01-25
24241,2865,0.12,2026-01-25
24242,26649,0.17,2026-01-25
24243,8808,0.07,2026-01-25
24244,5282,0.18,2026-01-25
24245,14997,0.20,2026-01-25
24246,19356,0.23,2026-01-25
24247,22585,0.21,2026-01-25
24248,16310,1.98,2026-01-25
24249,16412,0.52,2026-01-25
24250,13344,0.20,2026-01-25
24251,5585,0.30,2026-01-25
24252,2953,0.17,2026-01-25
24253,9042,0.06,2026-01-25
24254,968,0.23,2026-01-25
24255,7506,0.19,2026-01-25
24256,25928,0.11,2026-01-25
24257,1123,9.63,2026-01-25
24258,24043,0.21,2026-01-25
24259,8373,0.10,2026-01-25
24260,16887,0.11,2026-01-25
24261,9317,0.21,2026-01-25
24262,4076,0.19,2026-01-25
24263,3528,0.09,2026-01-25
24264,8675,0.32,2026-01-25
24265,2510,0.22,2026-01-25
24266,13215,0.11,2026-01-25
24267,1182,0.21,2026-01-25
24268,5171,0.22,2026-01-25
24269,16254,0.10,2026-01-25
24270,10261,0.12,2026-01-25
24271,23313,0.23,2026-01-25
24272,10071,0.35,2026-01-25
24273,8005,0.26,2026-01-25
24274,16383,0.17,2026-01-25
24275,12005,0.06,2026-01-25
24276,4519,0.19,2026-01-25
24277,7106,0.28,2026-01-25
24278,3014,0.21,2026-01-25
24279,21442,0.08,2026-01-25
24280,13831,0.15,2026-01-25
24281,3378,0.26,2026-01-25
24282,2490,0.20,2026-01-25
24283,4111,0.13,2026-01-25
24284,13758,0.19,2026-01-25
24285,10336,0.11,2026-01-25
24286,23600,0.20,2026-01-25
24287,11082,0.29,2026-01-25
24288,5849,0.11,2026-01-25
24289,7165,0.18,2026-01-25
24290,22412,0.08,2026-01-25
24291,12461,0.24,2026-01-25
24292,7017,0.14,2026-01-25
24293,10806,0.28,2026-01-25
24294,4512,0.18,2026-01-25
24295,10246,0.09,2026-01-25
24296,25709,0.06,2026-01-25
24297,19472,0.20,2026-01-25
24298,21973,0.10,2026-01-25
24299,18702,0.19,2026-01-25
24300,1050,0.19,2026-01-25
24301,13208,0.26,2026-01-25
24302,1381,0.19,2026-01-25
24303,18382,0.16,2026-01-25
24304,3238,0.20,2026-01-25
24305,23861,0.06,2026-01-25
24306,4854,0.15,2026-01-25
24307,14149,0.08,2026-01-25
24308,5034,0.04,2026-01-25
24309,20213,0.15,2026-01-25
24310,5465,0.15,2026-01-25
24311,19932,0.08,2026-01-25
24312,15617,0.17,2026-01-25
24313,21943,0.05,2026-01-25
24314,14600,0.06,2026-01-25
24315,22426,0.15,2026-01-25
24316,3290,0.20,2026-01-25
24317,16278,0.09,2026-01-25
24318,23139,0.20,2026-01-25
24319,13314,0.04,2026-01-25
24320,17278,1.01,2026-01-25
24321,16368,0.24,2026-01-25
24322,3452,0.12,2026-01-25
24323,6496,0.11,2026-01-25
24324,5512,0.19,2026-01-25
24325,19355,0.24,2026-01-25
24326,24569,0.09,2026-01-25
24327,26406,0.19,2026-01-25
24328,19610,0.07,2026-01-25
24329,10146,0.18,2026-01-25
24330,16820,0.11,2026-01-25
24331,1760,0.18,2026-01-25
24332,13152,0.08,2026-01-25
24333,8870,0.08,2026-01-25
24334,6209,0.22,2026-01-25
24335,8508,0.19,2026-01-25
24336,26335,0.05,2026-01-25
24337,8632,0.06,2026-01-25
24338,15518,0.15,2026-01-25
24339,18219,5.37,2026-01-25
24340,26854,37.20,2026-01-25
24341,984,0.21,2026-01-25
24342,24853,0.25,2026-01-25
24343,5486,0.90,2026-01-25
24344,15038,0.24,2026-01-25
24345,23066,0.09,2026-01-25
24346,26285,0.22,2026-01-25
24347,8034,0.23,2026-01-25
24348,11943,0.03,2026-01-25
24349,11180,0.16,2026-01-25
24350,20436,0.20,2026-01-25
24351,494,0.12,2026-01-25
24352,8265,0.20,2026-01-25
24353,21067,0.29,2026-01-25
24354,8376,0.20,2026-01-25
24355,22292,0.06,2026-01-25
24356,19244,0.15,2026-01-25
24357,17109,0.21,2026-01-25
24358,16314,0.26,2026-01-25
24359,21707,0.11,2026-01-25
24360,16512,0.23,2026-01-25
24361,23619,0.14,2026-01-25
24362,474,0.09,2026-01-25
24363,1588,0.25,2026-01-25
24364,15872,0.23,2026-01-25
24365,17528,0.10,2026-01-25
24366,11540,0.07,2026-01-25
24367,17800,0.32,2026-01-25
24368,26991,0.08,2026-01-25
24369,3497,0.19,2026-01-25
24370,14578,0.07,2026-01-25
24371,1770,0.21,2026-01-25
24372,12134,0.21,2026-01-25
24373,3887,0.06,2026-01-25
24374,19342,0.21,2026-01-25
24375,19079,0.14,2026-01-25
24376,8613,0.07,2026-01-25
24377,18663,0.19,2026-01-25
24378,10828,0.27,2026-01-25
24379,15574,0.10,2026-01-25
24380,12637,0.25,2026-01-25
24381,3263,0.12,2026-01-25
24382,11808,0.21,2026-01-25
24383,23218,0.12,2026-01-25
24384,12068,0.10,2026-01-25
24385,23235,0.24,2026-01-25
24386,13933,0.05,2026-01-25
24387,14028,0.18,2026-01-25
24388,10260,0.20,2026-01-25
24389,7782,0.05,2026-01-25
24390,9766,0.19,2026-01-25
24391,13113,0.09,2026-01-25
24392,15257,0.04,2026-01-25
24393,2046,0.23,2026-01-25
24394,3152,0.57,2026-01-25
24395,9025,0.19,2026-01-25
24396,13361,0.08,2026-01-25
24397,9416,0.13,2026-01-25
24398,23543,0.06,2026-01-25
24399,26127,0.24,2026-01-25
24400,17050,0.14,2026-01-25
24401,18429,0.15,2026-01-25
24402,15233,0.06,2026-01-25
24403,23230,0.13,2026-01-25
24404,19165,0.25,2026-01-25
24405,805,0.20,2026-01-25
24406,10608,0.04,2026-01-25
24407,1796,0.16,2026-01-25
24408,1639,0.06,2026-01-25
24409,3769,0.42,2026-01-25
24410,23704,0.22,2026-01-25
24411,7741,0.21,2026-01-25
24412,18677,0.30,2026-01-25
24413,3684,0.08,2026-01-25
24414,13187,0.20,2026-01-25
24415,9352,0.36,2026-01-25
24416,10935,0.26,2026-01-25
24417,13425,0.24,2026-01-25
24418,26113,0.12,2026-01-25
24419,18797,0.10,2026-01-25
24420,6970,0.21,2026-01-25
24421,17945,0.11,2026-01-25
24422,11127,0.18,2026-01-25
24423,8141,0.30,2026-01-25
24424,1763,0.16,2026-01-25
24425,18292,0.80,2026-01-25
24426,1143,0.11,2026-01-25
24427,7963,0.23,2026-01-25
24428,19967,0.18,2026-01-25
24429,1703,0.26,2026-01-25
24430,17556,0.16,2026-01-25
24431,23920,0.19,2026-01-25
24432,11142,0.39,2026-01-25
24433,16445,0.15,2026-01-25
24434,8367,0.14,2026-01-25
24435,21328,0.06,2026-01-25
24436,14222,0.10,2026-01-25
24437,25115,0.26,2026-01-25
24438,11025,0.10,2026-01-25
24439,18949,0.21,2026-01-25
24440,19716,0.08,2026-01-25
24441,26385,0.29,2026-01-25
24442,12424,0.37,2026-01-25
24443,5674,0.22,2026-01-25
24444,25214,0.12,2026-01-25
24445,1609,0.28,2026-01-25
24446,16059,0.19,2026-01-25
24447,10939,0.06,2026-01-25
24448,25229,0.21,2026-01-25
24449,15985,0.08,2026-01-25
24450,8885,0.08,2026-01-25
24451,24363,0.20,2026-01-25
24452,26098,0.07,2026-01-25
24453,24227,0.25,2026-01-25
24454,9044,0.18,2026-01-25
24455,12887,0.09,2026-01-25
24456,18832,0.08,2026-01-25
24457,3610,0.22,2026-01-25
24458,24338,1.39,2026-01-25
24459,9357,0.73,2026-01-25
24460,17202,0.23,2026-01-25
24461,6782,0.08,2026-01-25
24462,14576,0.11,2026-01-25
24463,8433,0.19,2026-01-25
24464,14557,0.10,2026-01-25
24465,20531,0.22,2026-01-25
24466,20588,0.09,2026-01-25
24467,17775,0.19,2026-01-25
24468,5594,0.20,2026-01-25
24469,2737,0.09,2026-01-25
24470,24358,0.52,2026-01-25
24471,16044,0.18,2026-01-25
24472,11959,0.05,2026-01-25
24473,11656,0.15,2026-01-25
24474,16544,0.26,2026-01-25
24475,13648,0.05,2026-01-25
24476,18380,0.09,2026-01-25
24477,5612,0.16,2026-01-25
24478,19090,0.27,2026-01-25
24479,7515,0.05,2026-01-25
24480,25550,0.21,2026-01-25
24481,3093,0.05,2026-01-25
24482,12337,0.22,2026-01-25
24483,16554,0.04,2026-01-25
24484,15656,0.05,2026-01-25
24485,10683,0.20,2026-01-25
24486,25925,0.04,2026-01-25
24487,1543,0.16,2026-01-25
24488,21978,0.13,2026-01-25
24489,25798,0.27,2026-01-25
24490,26163,0.20,2026-01-25
24491,11078,0.07,2026-01-25
24492,3695,0.07,2026-01-25
24493,1679,0.16,2026-01-25
24494,11014,0.33,2026-01-25
24495,18069,0.11,2026-01-25
24496,21406,0.04,2026-01-25
24497,12583,0.16,2026-01-25
24498,953,0.18,2026-01-25
24499,14477,0.06,2026-01-25
24500,26020,0.04,2026-01-25
24501,3098,0.22,2026-01-25
24502,5294,0.22,2026-01-25
24503,23272,0.07,2026-01-25
24504,7341,0.18,2026-01-25
24505,6524,0.04,2026-01-25
24506,16505,0.18,2026-01-25
24507,7851,0.06,2026-01-25
24508,7295,0.07,2026-01-25
24509,948,0.23,2026-01-25
24510,906,1.36,2026-01-25
24511,25382,62.27,2026-01-25
24512,23792,25.66,2026-01-25
24513,6728,1.98,2026-01-25
24514,18151,1.23,2026-01-25
24515,4046,1.50,2026-01-25
24516,3574,1.78,2026-01-25
24517,26332,5.14,2026-01-25
24518,21594,87.44,2026-01-25
24519,15844,2.66,2026-01-25
24520,20328,10.95,2026-01-25
24521,17570,1.50,2026-01-25
24522,19462,1.51,2026-01-25
24523,5687,1.87,2026-01-25
24524,387,5.08,2026-01-25
24525,18990,3.31,2026-01-25
24526,13086,2.37,2026-01-25
24527,9209,1.60,2026-01-25
24528,13710,3.95,2026-01-25
24529,7003,1.13,2026-01-25
24530,1422,6.58,2026-01-25
24531,18334,730.84,2026-01-25
24532,14743,3.37,2026-01-25
24533,7511,3.62,2026-01-25
24534,9848,1.64,2026-01-25
24535,10116,5.06,2026-01-25
24536,8412,23.48,2026-01-25
24537,16212,6.62,2026-01-25
24538,25374,1.44,2026-01-25
24539,3420,3.55,2026-01-25
24540,11489,28.08,2026-01-25
24541,7647,57.93,2026-01-25
24542,11441,188.60,2026-01-25
24543,17191,297.76,2026-01-25
24544,24078,6.18,2026-01-25
24545,14973,3.18,2026-01-25
24546,11465,4.71,2026-01-25
24547,501,6.21,2026-01-25
24548,21604,3.65,2026-01-25
24549,19511,5.10,2026-01-25
24550,14486,86.29,2026-01-25
24551,16711,52.38,2026-01-25
24552,3621,36.07,2026-01-25
24553,14965,37.08,2026-01-25
24554,4416,55.31,2026-01-25
24555,8041,12.25,2026-01-25
24556,1262,6.27,2026-01-25
24557,26108,8.01,2026-01-25
24558,6379,6.14,2026-01-25
24559,2615,3.26,2026-01-25
24560,6872,9.24,2026-01-25
24561,874,4.24,2026-01-25
24562,23131,0.71,2026-01-25
24563,17164,3.68,2026-01-25
24564,26174,3.91,2026-01-25
24565,25114,6.35,2026-01-25
24566,21522,5.36,2026-01-25
24567,3653,7.03,2026-01-25
24568,7077,17.13,2026-01-25
24569,5269,62.00,2026-01-25
24570,1058,18.16,2026-01-25
24571,4756,14.34,2026-01-25
24572,26309,2.16,2026-01-25
24573,24947,2.54,2026-01-25
24574,5983,3.56,2026-01-25
24575,5809,2.12,2026-01-25
24576,6164,3.97,2026-01-25
24577,4954,3.40,2026-01-25
24578,20618,3.76,2026-01-25
24579,19551,4.94,2026-01-25
24580,13027,3.91,2026-01-25
24581,15893,7.80,2026-01-25
24582,24606,10.80,2026-01-25
24583,20929,7.78,2026-01-25
24584,2133,8.52,2026-01-25
24585,25269,2.41,2026-01-25
24586,11798,2.50,2026-01-25
24587,16520,2.62,2026-01-25
24588,16800,4.53,2026-01-25
24589,4806,0.09,2026-01-25
24590,24731,1.11,2026-01-25
24591,7862,0.97,2026-01-25
24592,12801,3.47,2026-01-25
24593,21262,4.94,2026-01-25
24594,15674,0.37,2026-01-25
24595,19928,0.31,2026-01-25
24596,4746,8.86,2026-01-25
24597,11645,4.67,2026-01-25
24598,11417,0.83,2026-01-25
24599,2508,65.10,2026-01-25
24600,15840,45.41,2026-01-25
24601,3003,58.54,2026-01-25
24602,11067,81.70,2026-01-25
24603,8947,51.88,2026-01-25
24604,3836,59.40,2026-01-25
24605,15783,29.40,2026-01-25
24606,15242,1.77,2026-01-25
24607,688,1.73,2026-01-25
24608,7543,1.61,2026-01-25
24609,10416,2.43,2026-01-25
24610,21990,0.08,2026-01-25
24611,8588,0.20,2026-01-25
24612,13523,0.07,2026-01-25
24613,20271,0.14,2026-01-25
24614,23795,0.17,2026-01-25
24615,1329,0.07,2026-01-25
24616,5518,0.17,2026-01-25
24617,3088,0.14,2026-01-25
24618,13270,0.16,2026-01-25
24619,19982,0.07,2026-01-25
24620,19267,0.09,2026-01-25
24621,13326,0.19,2026-01-25
24622,20221,0.21,2026-01-25
24623,2198,0.11,2026-01-25
24624,21892,0.32,2026-01-25
24625,21863,0.22,2026-01-25
24626,17126,0.08,2026-01-25
24627,5497,0.16,2026-01-25
24628,15185,0.28,2026-01-25
24629,599,0.18,2026-01-25
24630,4526,0.13,2026-01-25
24631,1884,0.23,2026-01-25
24632,20578,0.07,2026-01-25
24633,290,0.15,2026-01-25
24634,22900,0.70,2026-01-25
24635,16683,0.90,2026-01-25
24636,8020,0.05,2026-01-25
24637,21289,0.18,2026-01-25
24638,2617,0.56,2026-01-25
24639,16431,5.19,2026-01-25
24640,5562,8.91,2026-01-25
24641,24441,0.09,2026-01-25
24642,24973,0.24,2026-01-25
24643,4976,0.14,2026-01-25
24644,10822,0.23,2026-01-25
24645,14341,0.24,2026-01-25
24646,13494,0.30,2026-01-25
24647,10471,1.30,2026-01-25
24648,12201,0.07,2026-01-25
24649,7446,0.13,2026-01-25
24650,10432,0.09,2026-01-25
24651,8213,0.19,2026-01-25
24652,791,0.17,2026-01-25
24653,20958,0.09,2026-01-25
24654,9326,0.18,2026-01-25
24655,20719,0.28,2026-01-25
24656,20747,0.68,2026-01-25
24657,2003,0.86,2026-01-25
24658,20552,2.04,2026-01-25
24659,7134,0.09,2026-01-25
24660,13996,0.20,2026-01-25
24661,6101,0.27,2026-01-25
24662,6052,0.16,2026-01-25
24663,24591,0.06,2026-01-25
24664,8154,0.14,2026-01-25
24665,5639,0.10,2026-01-25
24666,15619,0.12,2026-01-25
24667,3491,0.13,2026-01-25
24668,24010,0.07,2026-01-25
24669,23676,0.29,2026-01-25
24670,24681,0.12,2026-01-25
24671,26261,0.16,2026-01-25
24672,22555,0.05,2026-01-25
24673,12931,0.24,2026-01-25
24674,19147,0.26,2026-01-25
24675,26820,0.07,2026-01-25
24676,23898,0.15,2026-01-25
24677,5004,0.06,2026-01-25
24678,13714,0.13,2026-01-25
24679,25070,0.64,2026-01-25
24680,8460,0.27,2026-01-25
24681,9941,0.36,2026-01-25
24682,8778,0.13,2026-01-25
24683,2311,0.07,2026-01-25
24684,9098,0.05,2026-01-25
24685,14746,0.11,2026-01-25
24686,1800,0.17,2026-01-25
24687,17291,0.16,2026-01-25
24688,20675,1.12,2026-01-25
24689,24165,0.15,2026-01-25
24690,20289,0.06,2026-01-25
24691,772,0.20,2026-01-25
24692,19146,0.12,2026-01-25
24693,21190,1.63,2026-01-25
24694,7759,0.08,2026-01-25
24695,19971,0.15,2026-01-25
24696,10421,0.09,2026-01-25
24697,20396,0.15,2026-01-25
24698,15323,0.27,2026-01-25
24699,2427,0.15,2026-01-25
24700,8287,0.10,2026-01-25
24701,9077,0.13,2026-01-25
24702,2813,0.19,2026-01-25
24703,22455,0.11,2026-01-25
24704,19227,0.14,2026-01-25
24705,26171,0.20,2026-01-25
24706,25648,0.06,2026-01-25
24707,11061,0.15,2026-01-25
24708,5125,0.24,2026-01-25
24709,4157,0.41,2026-01-25
24710,4659,0.70,2026-01-25
24711,6046,0.12,2026-01-25
24712,22837,0.06,2026-01-25
24713,7612,0.07,2026-01-25
24714,8120,0.15,2026-01-25
24715,1246,0.13,2026-01-25
24716,26002,0.06,2026-01-25
24717,12177,0.09,2026-01-25
24718,12063,0.13,2026-01-25
24719,5058,0.18,2026-01-25
24720,12701,0.15,2026-01-25
24721,5695,0.06,2026-01-25
24722,5057,0.15,2026-01-25
24723,2126,0.57,2026-01-25
24724,18959,0.98,2026-01-25
24725,18033,0.05,2026-01-25
24726,13402,0.13,2026-01-25
24727,146,0.15,2026-01-25
24728,19035,0.13,2026-01-25
24729,919,1.31,2026-01-25
24730,5844,6.50,2026-01-25
24731,17055,0.19,2026-01-25
24732,15259,0.08,2026-01-25
24733,7532,0.23,2026-01-25
24734,25468,0.24,2026-01-25
24735,15987,0.08,2026-01-25
24736,12606,0.13,2026-01-25
24737,5279,0.06,2026-01-25
24738,15542,0.12,2026-01-25
24739,18277,0.06,2026-01-25
24740,20697,0.16,2026-01-25
24741,18724,0.10,2026-01-25
24742,14869,0.19,2026-01-25
24743,2984,0.22,2026-01-25
24744,10081,0.18,2026-01-25
24745,19675,0.12,2026-01-25
24746,18222,0.15,2026-01-25
24747,15770,0.17,2026-01-25
24748,17284,0.10,2026-01-25
24749,19260,0.28,2026-01-25
24750,10977,0.42,2026-01-25
24751,16627,0.06,2026-01-25
24752,25172,0.13,2026-01-25
24753,24968,0.12,2026-01-25
24754,17375,0.20,2026-01-25
24755,1100,0.15,2026-01-25
24756,13871,0.05,2026-01-25
24757,16046,0.14,2026-01-25
24758,13900,0.14,2026-01-25
24759,23490,0.14,2026-01-25
24760,6105,0.08,2026-01-25
24761,24588,0.18,2026-01-25
24762,17251,0.14,2026-01-25
24763,26814,0.11,2026-01-25
24764,6633,0.06,2026-01-25
24765,17519,0.08,2026-01-25
24766,2254,0.18,2026-01-25
24767,23599,0.65,2026-01-25
24768,3939,0.09,2026-01-25
24769,942,0.20,2026-01-25
24770,7834,0.20,2026-01-25
24771,3644,0.07,2026-01-25
24772,4560,0.15,2026-01-25
24773,25110,0.17,2026-01-25
24774,25011,0.11,2026-01-25
24775,6090,0.06,2026-01-25
24776,18083,0.06,2026-01-25
24777,11986,0.15,2026-01-25
24778,25280,0.15,2026-01-25
24779,493,0.15,2026-01-25
24780,12105,0.94,2026-01-25
24781,24436,0.89,2026-01-25
24782,5009,2.05,2026-01-25
24783,217,0.18,2026-01-25
24784,9736,0.12,2026-01-25
24785,24885,0.11,2026-01-25
24786,26440,0.06,2026-01-25
24787,5200,0.15,2026-01-25
24788,17804,0.12,2026-01-25
24789,19268,0.09,2026-01-25
24790,3116,0.15,2026-01-25
24791,8535,0.04,2026-01-25
24792,11219,0.10,2026-01-25
24793,15320,0.07,2026-01-25
24794,19825,0.15,2026-01-25
24795,19977,0.12,2026-01-25
24796,9297,0.11,2026-01-25
24797,2041,0.66,2026-01-25
24798,463,0.78,2026-01-25
24799,854,0.10,2026-01-25
24800,6861,0.17,2026-01-25
24801,3129,0.23,2026-01-25
24802,4721,0.09,2026-01-25
24803,9327,0.39,2026-01-25
24804,5619,0.26,2026-01-25
24805,27082,0.18,2026-01-25
24806,12864,0.08,2026-01-25
24807,13691,0.07,2026-01-25
24808,19622,0.20,2026-01-25
24809,11324,0.18,2026-01-25
24810,19577,0.09,2026-01-25
24811,20892,0.14,2026-01-25
24812,21731,0.12,2026-01-25
24813,9137,0.78,2026-01-25
24814,19584,0.10,2026-01-25
24815,4292,0.22,2026-01-25
24816,10387,0.05,2026-01-25
24817,12062,0.13,2026-01-25
24818,26520,0.11,2026-01-25
24819,22176,0.07,2026-01-25
24820,19378,0.10,2026-01-25
24821,3665,0.15,2026-01-25
24822,21326,0.18,2026-01-25
24823,6827,0.10,2026-01-25
24824,18974,0.19,2026-01-25
24825,26809,0.08,2026-01-25
24826,8348,0.48,2026-01-25
24827,8620,0.24,2026-01-25
24828,23569,1.96,2026-01-25
24829,3100,4.51,2026-01-25
24830,695,0.09,2026-01-25
24831,18837,0.25,2026-01-25
24832,23324,0.17,2026-01-25
24833,26356,0.09,2026-01-25
24834,12349,0.10,2026-01-25
24835,4842,0.16,2026-01-25
24836,12946,0.13,2026-01-25
24837,15508,0.08,2026-01-25
24838,2020,0.79,2026-01-25
24839,2667,0.11,2026-01-25
24840,20382,0.07,2026-01-25
24841,12589,0.09,2026-01-25
24842,5889,0.10,2026-01-25
24843,10996,0.14,2026-01-25
24844,5002,0.05,2026-01-25
24845,18308,0.40,2026-01-25
24846,24419,0.43,2026-01-25
24847,822,0.06,2026-01-25
24848,43,0.11,2026-01-25
24849,4233,0.13,2026-01-25
24850,2202,0.09,2026-01-25
24851,18369,0.07,2026-01-25
24852,12795,0.16,2026-01-25
24853,7431,0.04,2026-01-25
24854,11028,0.11,2026-01-25
24855,428,0.08,2026-01-25
24856,3516,0.15,2026-01-25
24857,12361,0.21,2026-01-25
24858,5948,0.07,2026-01-25
24859,1089,0.07,2026-01-25
24860,22043,0.11,2026-01-25
24861,5897,0.06,2026-01-25
24862,8282,0.17,2026-01-25
24863,25653,0.06,2026-01-25
24864,6655,0.17,2026-01-25
24865,5548,0.14,2026-01-25
24866,16402,0.07,2026-01-25
24867,9103,0.12,2026-01-25
24868,26122,0.07,2026-01-25
24869,9803,0.15,2026-01-25
24870,27084,0.09,2026-01-25
24871,1591,0.12,2026-01-25
24872,10348,0.21,2026-01-25
24873,11221,0.16,2026-01-25
24874,20087,0.07,2026-01-25
24875,5071,0.19,2026-01-25
24876,15065,0.14,2026-01-25
24877,1940,0.17,2026-01-25
24878,16927,0.08,2026-01-25
24879,13156,0.15,2026-01-25
24880,11680,0.07,2026-01-25
24881,9516,0.12,2026-01-25
24882,2537,0.36,2026-01-25
24883,3042,0.12,2026-01-25
24884,16974,0.23,2026-01-25
24885,3486,1.48,2026-01-25
24886,8841,23.87,2026-01-25
24887,10860,244.72,2026-01-25
24888,5471,1.96,2026-01-25
24889,9625,10.62,2026-01-25
24890,9478,12.68,2026-01-25
24891,8244,3.92,2026-01-25
24892,14165,1.32,2026-01-25
24893,5821,1.65,2026-01-25
24894,20479,1.22,2026-01-25
24895,22313,10.81,2026-01-25
24896,109,1.78,2026-01-25
24897,10350,1.56,2026-01-25
24898,14322,5.69,2026-01-25
24899,6347,48.88,2026-01-25
24900,10912,1.37,2026-01-25
24901,17229,1.51,2026-01-25
24902,2375,9.42,2026-01-25
24903,165,1.07,2026-01-25
24904,20140,9.20,2026-01-25
24905,18608,2.37,2026-01-25
24906,6770,5.40,2026-01-25
24907,9171,58.19,2026-01-25
24908,24987,4.87,2026-01-25
24909,10098,11.24,2026-01-25
24910,23807,2.66,2026-01-25
24911,13528,4.98,2026-01-25
24912,4022,2.38,2026-01-25
24913,15389,2.96,2026-01-25
24914,19752,10.86,2026-01-25
24915,2957,9.97,2026-01-25
24916,3637,14.73,2026-01-25
24917,17248,15.39,2026-01-25
24918,26023,2.35,2026-01-25
24919,18422,21.82,2026-01-25
24920,5686,13.60,2026-01-25
24921,25859,13.01,2026-01-25
24922,7276,1.64,2026-01-25
24923,16081,11.12,2026-01-25
24924,3724,10.44,2026-01-25
24925,14742,1.58,2026-01-25
24926,19840,5.14,2026-01-25
24927,7116,2.00,2026-01-25
24928,1813,1.78,2026-01-25
24929,2736,2.21,2026-01-25
24930,14675,10.73,2026-01-25
24931,16784,1.65,2026-01-25
24932,14996,9.64,2026-01-25
24933,25799,45.76,2026-01-25
24934,3247,56.06,2026-01-25
24935,11140,54.74,2026-01-25
24936,4052,44.04,2026-01-25
24937,21619,3.71,2026-01-25
24938,7958,7.30,2026-01-25
24939,15027,4.27,2026-01-25
24940,1777,8.90,2026-01-25
24941,16724,50.11,2026-01-25
24942,5052,76.08,2026-01-25
24943,20502,6.07,2026-01-25
24944,12249,1.92,2026-01-25
24945,13367,5.35,2026-01-25
24946,1845,1.51,2026-01-25
24947,20617,1.46,2026-01-25
24948,7724,3.28,2026-01-25
24949,1949,3.69,2026-01-25
24950,8591,10.43,2026-01-25
24951,19161,4.25,2026-01-25
24952,13106,0.86,2026-01-25
24953,21174,0.88,2026-01-25
24954,8134,0.30,2026-01-25
24955,1467,2.76,2026-01-25
24956,11036,2.64,2026-01-25
24957,26725,3.89,2026-01-25
24958,20234,4.33,2026-01-25
24959,24174,1.89,2026-01-25
24960,18994,1.01,2026-01-25
24961,22213,0.82,2026-01-25
24962,2882,1.61,2026-01-25
24963,4095,2.40,2026-01-25
24964,7618,3.37,2026-01-25
24965,15720,16.49,2026-01-25
24966,684,1.85,2026-01-25
24967,4003,1.83,2026-01-25
24968,26068,0.63,2026-01-25
24969,4360,0.63,2026-01-25
24970,13907,0.62,2026-01-25
24971,23954,0.72,2026-01-25
24972,6228,0.62,2026-01-25
24973,867,0.32,2026-01-25
24974,11147,0.61,2026-01-25
24975,4695,0.29,2026-01-25
24976,7443,0.86,2026-01-25
24977,12971,0.32,2026-01-25
24978,8529,0.08,2026-01-25
24979,9836,0.09,2026-01-25
24980,9244,0.20,2026-01-25
24981,9082,0.12,2026-01-25
24982,24374,0.38,2026-01-25
24983,10055,0.09,2026-01-25
24984,9875,0.24,2026-01-25
24985,886,0.08,2026-01-25
24986,1341,0.15,2026-01-25
24987,12780,0.10,2026-01-25
24988,5408,0.06,2026-01-25
24989,8372,0.14,2026-01-25
24990,26057,0.09,2026-01-25
24991,17011,0.16,2026-01-25
24992,708,0.06,2026-01-25
24993,13899,0.11,2026-01-25
24994,25827,0.16,2026-01-25
24995,4812,0.11,2026-01-25
24996,24929,0.21,2026-01-25
24997,10836,0.15,2026-01-25
24998,3540,0.14,2026-01-25
24999,14380,0.26,2026-01-25
25000,22771,0.37,2026-01-25
25001,3151,0.20,2026-01-25
25002,3055,0.15,2026-01-25
25003,14198,0.17,2026-01-25
25004,18575,0.06,2026-01-25
25005,17589,0.17,2026-01-25
25006,22695,0.19,2026-01-25
25007,6786,0.67,2026-01-25
25008,24942,1.32,2026-01-25
25009,4352,0.17,2026-01-25
25010,20862,0.07,2026-01-25
25011,4757,0.18,2026-01-25
25012,26321,0.07,2026-01-25
25013,14053,0.10,2026-01-25
25014,21093,0.20,2026-01-25
25015,5407,0.15,2026-01-25
25016,26283,0.17,2026-01-25
25017,25983,0.11,2026-01-25
25018,6769,0.25,2026-01-25
25019,14036,0.13,2026-01-25
25020,7932,0.21,2026-01-25
25021,18248,0.63,2026-01-25
25022,6468,1.51,2026-01-25
25023,3640,0.39,2026-01-25
25024,17544,0.24,2026-01-25
25025,721,0.13,2026-01-25
25026,11132,0.11,2026-01-25
25027,17003,0.09,2026-01-25
25028,12059,0.84,2026-01-25
25029,15641,0.15,2026-01-25
25030,14879,0.09,2026-01-25
25031,19860,0.18,2026-01-25
25032,3040,0.06,2026-01-25
25033,6898,0.20,2026-01-25
25034,21088,0.14,2026-01-25
25035,5739,0.15,2026-01-25
25036,2867,0.09,2026-01-25
25037,23344,0.13,2026-01-25
25038,23336,0.07,2026-01-25
25039,13795,0.10,2026-01-25
25040,23959,0.31,2026-01-25
25041,11174,0.14,2026-01-25
25042,10039,0.18,2026-01-25
25043,7985,0.24,2026-01-25
25044,5385,0.36,2026-01-25
25045,21897,0.78,2026-01-25
25046,3609,1.03,2026-01-25
25047,2903,0.20,2026-01-25
25048,13810,0.09,2026-01-25
25049,9514,0.20,2026-01-25
25050,19813,0.07,2026-01-25
25051,2471,0.07,2026-01-25
25052,6779,0.22,2026-01-25
25053,10380,0.21,2026-01-25
25054,8033,0.18,2026-01-25
25055,12297,0.28,2026-01-25
25056,14830,0.30,2026-01-25
25057,21111,2.44,2026-01-25
25058,23510,0.16,2026-01-25
25059,14164,0.09,2026-01-25
25060,6670,0.16,2026-01-25
25061,3959,0.19,2026-01-25
25062,24130,0.74,2026-01-25
25063,22224,1.61,2026-01-25
25064,193,0.23,2026-01-25
25065,8490,0.20,2026-01-25
25066,23097,0.36,2026-01-25
25067,12856,0.34,2026-01-25
25068,9128,1.17,2026-01-25
25069,16557,1.61,2026-01-25
25070,26873,0.10,2026-01-25
25071,5900,0.20,2026-01-25
25072,10493,0.21,2026-01-25
25073,16441,0.10,2026-01-25
25074,15833,0.20,2026-01-25
25075,12133,0.17,2026-01-25
25076,11772,0.17,2026-01-25
25077,6740,0.09,2026-01-25
25078,20963,0.10,2026-01-25
25079,3461,0.20,2026-01-25
25080,18722,0.16,2026-01-25
25081,13221,0.57,2026-01-25
25082,24563,0.13,2026-01-25
25083,23641,0.27,2026-01-25
25084,534,0.29,2026-01-25
25085,12937,0.26,2026-01-25
25086,18997,0.15,2026-01-25
25087,16663,0.08,2026-01-25
25088,11374,0.09,2026-01-25
25089,20194,0.17,2026-01-25
25090,3954,0.21,2026-01-25
25091,22704,0.10,2026-01-25
25092,22882,0.28,2026-01-25
25093,573,0.32,2026-01-25
25094,20065,0.10,2026-01-25
25095,13968,0.22,2026-01-25
25096,8387,0.33,2026-01-25
25097,8089,0.33,2026-01-25
25098,4315,0.28,2026-01-25
25099,23073,0.23,2026-01-25
25100,6206,0.09,2026-01-25
25101,21878,0.33,2026-01-25
25102,9051,0.16,2026-01-25
25103,7072,0.33,2026-01-25
25104,5342,1.40,2026-01-25
25105,5285,5.28,2026-01-25
25106,4498,0.18,2026-01-25
25107,22519,0.08,2026-01-25
25108,4598,0.14,2026-01-25
25109,13839,0.17,2026-01-25
25110,15468,0.11,2026-01-25
25111,10326,0.16,2026-01-25
25112,20346,0.33,2026-01-25
25113,23790,0.63,2026-01-25
25114,10774,0.93,2026-01-25
25115,3157,0.04,2026-01-25
25116,13527,0.12,2026-01-25
25117,7226,0.07,2026-01-25
25118,3921,0.14,2026-01-25
25119,14176,0.51,2026-01-25
25120,13957,0.23,2026-01-25
25121,3962,0.19,2026-01-25
25122,3038,0.70,2026-01-25
25123,8680,1.25,2026-01-25
25124,21375,0.17,2026-01-25
25125,24138,0.17,2026-01-25
25126,3494,0.27,2026-01-25
25127,2086,0.24,2026-01-25
25128,20070,0.67,2026-01-25
25129,3713,0.06,2026-01-25
25130,11941,0.14,2026-01-25
25131,1621,0.16,2026-01-25
25132,18809,0.09,2026-01-25
25133,17004,0.18,2026-01-25
25134,258,0.12,2026-01-25
25135,12482,0.18,2026-01-25
25136,17905,0.17,2026-01-25
25137,15467,0.13,2026-01-25
25138,7744,0.14,2026-01-25
25139,22301,0.30,2026-01-25
25140,11411,0.29,2026-01-25
25141,20949,0.76,2026-01-25
25142,9685,0.09,2026-01-25
25143,8840,0.15,2026-01-25
25144,16459,0.18,2026-01-25
25145,11612,0.12,2026-01-25
25146,7701,0.33,2026-01-25
25147,9376,0.40,2026-01-25
25148,13319,0.94,2026-01-25
25149,24283,1.27,2026-01-25
25150,15622,0.23,2026-01-25
25151,19676,0.25,2026-01-25
25152,8868,0.81,2026-01-25
25153,2440,1.45,2026-01-25
25154,8730,0.07,2026-01-25
25155,12067,0.21,2026-01-25
25156,2648,0.12,2026-01-25
25157,3485,0.12,2026-01-25
25158,2280,0.15,2026-01-25
25159,22452,0.20,2026-01-25
25160,4577,0.11,2026-01-25
25161,15052,0.17,2026-01-25
25162,6562,0.19,2026-01-25
25163,7173,0.19,2026-01-25
25164,19440,0.10,2026-01-25
25165,2117,0.15,2026-01-25
25166,20174,0.12,2026-01-25
25167,248,0.33,2026-01-25
25168,2859,0.27,2026-01-25
25169,18147,0.24,2026-01-25
25170,24390,0.06,2026-01-25
25171,6035,0.12,2026-01-25
25172,11161,0.23,2026-01-25
25173,4697,0.10,2026-01-25
25174,6821,1.16,2026-01-25
25175,20962,1.61,2026-01-25
25176,22367,0.09,2026-01-25
25177,23463,0.19,2026-01-25
25178,24269,0.04,2026-01-25
25179,3393,0.14,2026-01-25
25180,182,1.12,2026-01-25
25181,8446,0.20,2026-01-25
25182,21439,0.15,2026-01-25
25183,23236,0.21,2026-01-25
25184,7625,0.48,2026-01-25
25185,8276,0.06,2026-01-25
25186,15473,0.14,2026-01-25
25187,24514,0.16,2026-01-25
25188,15832,0.08,2026-01-25
25189,14472,0.11,2026-01-25
25190,22681,0.20,2026-01-25
25191,21549,0.08,2026-01-25
25192,9563,0.14,2026-01-25
25193,17722,0.23,2026-01-25
25194,7451,0.17,2026-01-25
25195,23384,0.14,2026-01-25
25196,12014,0.07,2026-01-25
25197,10916,0.22,2026-01-25
25198,17398,0.27,2026-01-25
25199,4551,0.13,2026-01-25
25200,2332,0.09,2026-01-25
25201,19065,0.19,2026-01-25
25202,12171,0.08,2026-01-25
25203,4758,0.14,2026-01-25
25204,12800,0.07,2026-01-25
25205,19555,0.22,2026-01-25
25206,9383,0.39,2026-01-25
25207,26906,0.05,2026-01-25
25208,15480,0.13,2026-01-25
25209,2371,0.18,2026-01-25
25210,2581,0.15,2026-01-25
25211,23740,0.62,2026-01-25
25212,14009,0.69,2026-01-25
25213,22126,0.28,2026-01-25
25214,26784,0.20,2026-01-25
25215,1499,0.27,2026-01-25
25216,9916,0.07,2026-01-25
25217,23657,0.04,2026-01-25
25218,21915,0.15,2026-01-25
25219,4002,0.21,2026-01-25
25220,11408,0.08,2026-01-25
25221,2340,0.39,2026-01-25
25222,26865,0.17,2026-01-25
25223,11164,0.07,2026-01-25
25224,7838,0.24,2026-01-25
25225,3554,0.09,2026-01-25
25226,13088,0.22,2026-01-25
25227,18375,0.18,2026-01-25
25228,17902,0.09,2026-01-25
25229,1373,0.26,2026-01-25
25230,1932,0.09,2026-01-25
25231,11799,0.16,2026-01-25
25232,21824,0.08,2026-01-25
25233,19874,0.24,2026-01-25
25234,20788,0.12,2026-01-25
25235,20045,0.21,2026-01-25
25236,23027,0.41,2026-01-25
25237,10626,1.06,2026-01-25
25238,4532,0.38,2026-01-25
25239,9906,0.17,2026-01-25
25240,20986,0.05,2026-01-25
25241,5990,0.11,2026-01-25
25242,21531,0.04,2026-01-25
25243,25179,0.13,2026-01-25
25244,24259,0.07,2026-01-25
25245,22770,0.07,2026-01-25
25246,26411,0.16,2026-01-25
25247,143,0.06,2026-01-25
25248,25058,0.13,2026-01-25
25249,6285,0.07,2026-01-25
25250,3951,0.25,2026-01-25
25251,23514,0.48,2026-01-25
25252,19349,0.16,2026-01-25
25253,22706,0.09,2026-01-25
25254,6201,0.20,2026-01-25
25255,14032,0.07,2026-01-25
25256,10664,0.16,2026-01-25
25257,4617,0.05,2026-01-25
25258,16500,0.15,2026-01-25
25259,23366,0.08,2026-01-25
25260,14554,0.13,2026-01-25
25261,26842,0.17,2026-01-25
25262,25927,0.06,2026-01-25
25263,57,3.27,2026-01-25
25264,7881,42.04,2026-01-25
25265,11575,2.87,2026-01-25
25266,20149,17.92,2026-01-25
25267,10172,1.71,2026-01-25
25268,26111,1.72,2026-01-25
25269,755,2.81,2026-01-25
25270,8075,67.55,2026-01-25
25271,23072,4.46,2026-01-25
25272,23424,4.75,2026-01-25
25273,10445,16.46,2026-01-25
25274,5502,8.79,2026-01-25
25275,12610,149.83,2026-01-25
25276,20664,1.67,2026-01-25
25277,16819,4.41,2026-01-25
25278,18175,23.08,2026-01-25
25279,3698,2.69,2026-01-25
25280,15504,56.46,2026-01-25
25281,10070,7.77,2026-01-25
25282,14953,1.58,2026-01-25
25283,24424,2.02,2026-01-25
25284,22658,3.06,2026-01-25
25285,11817,1.30,2026-01-25
25286,17217,1.77,2026-01-25
25287,1452,6.75,2026-01-25
25288,25624,1.44,2026-01-25
25289,1338,9.50,2026-01-25
25290,24125,1.32,2026-01-25
25291,11659,4.82,2026-01-25
25292,2099,1.72,2026-01-25
25293,13076,6.41,2026-01-25
25294,11464,5.51,2026-01-25
25295,21225,10.67,2026-01-25
25296,2755,10.80,2026-01-25
25297,1736,12.68,2026-01-25
25298,20791,7.49,2026-01-25
25299,18062,7.72,2026-01-25
25300,8649,7.15,2026-01-25
25301,8069,12.71,2026-01-25
25302,2505,3.97,2026-01-25
25303,26195,3.25,2026-01-25
25304,18860,3.97,2026-01-25
25305,1768,4.95,2026-01-25
25306,6099,3.38,2026-01-25
25307,1173,8.36,2026-01-25
25308,22636,4.48,2026-01-25
25309,25,4.97,2026-01-25
25310,6346,3.76,2026-01-25
25311,9071,9.06,2026-01-25
25312,1688,5.88,2026-01-25
25313,7788,10.60,2026-01-25
25314,25638,2.20,2026-01-25
25315,24533,3.78,2026-01-25
25316,22603,5.58,2026-01-25
25317,2401,4.26,2026-01-25
25318,7237,3.16,2026-01-25
25319,11398,3.08,2026-01-25
25320,20225,1.57,2026-01-25
25321,22008,1.56,2026-01-25
25322,13961,6.20,2026-01-25
25323,26097,2.17,2026-01-25
25324,4590,4.73,2026-01-25
25325,23640,1.39,2026-01-25
25326,9289,1.91,2026-01-25
25327,8270,1.57,2026-01-25
25328,7120,2.76,2026-01-25
25329,18704,1.52,2026-01-25
25330,9600,2.08,2026-01-25
25331,7204,3.25,2026-01-25
25332,23200,95.23,2026-01-25
25333,3294,6.40,2026-01-25
25334,13440,5.63,2026-01-25
25335,16976,9.93,2026-01-25
25336,5638,7.56,2026-01-25
25337,21935,8.97,2026-01-25
25338,20551,9.45,2026-01-25
25339,1395,14.57,2026-01-25
25340,9809,15.22,2026-01-25
25341,5347,6.46,2026-01-25
25342,14457,60.43,2026-01-25
25343,8443,4.77,2026-01-25
25344,16686,4.10,2026-01-25
25345,21690,3.84,2026-01-25
25346,4866,2.20,2026-01-25
25347,5777,3.32,2026-01-25
25348,23150,3.16,2026-01-25
25349,8570,3.66,2026-01-25
25350,9270,0.22,2026-01-25
25351,2640,0.28,2026-01-25
25352,25547,0.37,2026-01-25
25353,3086,0.18,2026-01-25
25354,15236,0.65,2026-01-25
25355,8881,0.56,2026-01-25
25356,5986,6.42,2026-01-25
25357,15234,0.65,2026-01-25
25358,9319,0.10,2026-01-25
25359,7151,0.23,2026-01-25
25360,19516,0.09,2026-01-25
25361,14465,0.22,2026-01-25
25362,20057,0.36,2026-01-25
25363,17671,0.16,2026-01-25
25364,26933,0.41,2026-01-25
25365,21344,0.17,2026-01-25
25366,11545,2.59,2026-01-25
25367,21295,2.29,2026-01-25
25368,3221,15.44,2026-01-25
25369,17628,0.26,2026-01-25
25370,20545,0.26,2026-01-25
25371,9152,0.13,2026-01-25
25372,16818,0.26,2026-01-25
25373,3029,0.18,2026-01-25
25374,15074,0.08,2026-01-25
25375,12736,0.19,2026-01-25
25376,20367,0.39,2026-01-25
25377,20325,0.47,2026-01-25
25378,11181,0.19,2026-01-25
25379,18530,1.14,2026-01-25
25380,4876,0.90,2026-01-25
25381,24568,7.95,2026-01-25
25382,13452,0.28,2026-01-25
25383,26736,0.12,2026-01-25
25384,18800,0.37,2026-01-25
25385,19403,0.17,2026-01-25
25386,17385,0.23,2026-01-25
25387,9973,0.13,2026-01-25
25388,10512,0.37,2026-01-25
25389,25376,0.54,2026-01-25
25390,448,0.22,2026-01-25
25391,1372,0.28,2026-01-25
25392,17379,0.29,2026-01-25
25393,3198,0.27,2026-01-25
25394,24015,0.07,2026-01-25
25395,7374,0.20,2026-01-25
25396,9288,0.20,2026-01-25
25397,24878,0.15,2026-01-25
25398,1254,0.28,2026-01-25
25399,9002,0.31,2026-01-25
25400,7955,0.76,2026-01-25
25401,636,0.69,2026-01-25
25402,2710,0.37,2026-01-25
25403,15359,0.56,2026-01-25
25404,6491,3.96,2026-01-25
25405,20886,5.13,2026-01-25
25406,25341,0.23,2026-01-25
25407,23997,0.08,2026-01-25
25408,9762,0.08,2026-01-25
25409,22071,0.18,2026-01-25
25410,2566,0.21,2026-01-25
25411,24069,0.13,2026-01-25
25412,10480,0.43,2026-01-25
25413,19158,0.55,2026-01-25
25414,18271,0.31,2026-01-25
25415,7314,0.10,2026-01-25
25416,14530,0.26,2026-01-25
25417,1126,0.12,2026-01-25
25418,25002,0.11,2026-01-25
25419,8846,0.24,2026-01-25
25420,21419,0.10,2026-01-25
25421,21115,0.21,2026-01-25
25422,850,0.70,2026-01-25
25423,17835,0.08,2026-01-25
25424,10492,0.20,2026-01-25
25425,10013,0.27,2026-01-25
25426,20990,0.09,2026-01-25
25427,18777,0.31,2026-01-25
25428,5576,0.41,2026-01-25
25429,18670,0.14,2026-01-25
25430,20251,0.25,2026-01-25
25431,18251,0.19,2026-01-25
25432,1339,0.10,2026-01-25
25433,22267,0.23,2026-01-25
25434,13979,0.22,2026-01-25
25435,4934,0.68,2026-01-25
25436,11749,1.62,2026-01-25
25437,22448,2.68,2026-01-25
25438,21111,2.44,2026-01-25
25439,23510,0.16,2026-01-25
25440,14164,0.09,2026-01-25
25441,6670,0.16,2026-01-25
25442,3959,0.19,2026-01-25
25443,24130,0.74,2026-01-25
25444,22224,1.61,2026-01-25
25445,193,0.23,2026-01-25
25446,8490,0.20,2026-01-25
25447,23097,0.36,2026-01-25
25448,12856,0.34,2026-01-25
25449,9128,1.17,2026-01-25
25450,16557,1.61,2026-01-25
25451,26873,0.10,2026-01-25
25452,5900,0.20,2026-01-25
25453,10493,0.21,2026-01-25
25454,16441,0.10,2026-01-25
25455,15833,0.20,2026-01-25
25456,12133,0.17,2026-01-25
25457,11772,0.17,2026-01-25
25458,6740,0.09,2026-01-25
25459,20963,0.10,2026-01-25
25460,3461,0.20,2026-01-25
25461,18722,0.16,2026-01-25
25462,13221,0.57,2026-01-25
25463,24563,0.13,2026-01-25
25464,23641,0.27,2026-01-25
25465,534,0.29,2026-01-25
25466,12937,0.26,2026-01-25
25467,18997,0.15,2026-01-25
25468,16663,0.08,2026-01-25
25469,11374,0.09,2026-01-25
25470,20194,0.17,2026-01-25
25471,3954,0.21,2026-01-25
25472,22704,0.10,2026-01-25
25473,22882,0.28,2026-01-25
25474,573,0.32,2026-01-25
25475,20065,0.10,2026-01-25
25476,13968,0.22,2026-01-25
25477,8387,0.33,2026-01-25
25478,8089,0.33,2026-01-25
25479,4315,0.28,2026-01-25
25480,23073,0.23,2026-01-25
25481,6206,0.09,2026-01-25
25482,21878,0.33,2026-01-25
25483,9051,0.16,2026-01-25
25484,7072,0.33,2026-01-25
25485,5342,1.40,2026-01-25
25486,5285,5.28,2026-01-25
25487,4498,0.18,2026-01-25
25488,22519,0.08,2026-01-25
25489,4598,0.14,2026-01-25
25490,13839,0.17,2026-01-25
25491,15468,0.11,2026-01-25
25492,10326,0.16,2026-01-25
25493,20346,0.33,2026-01-25
25494,23790,0.63,2026-01-25
25495,10774,0.93,2026-01-25
25496,3157,0.04,2026-01-25
25497,13527,0.12,2026-01-25
25498,7226,0.07,2026-01-25
25499,3921,0.14,2026-01-25
25500,14176,0.51,2026-01-25
25501,13957,0.23,2026-01-25
25502,3962,0.19,2026-01-25
25503,3038,0.70,2026-01-25
25504,8680,1.25,2026-01-25
25505,21375,0.17,2026-01-25
25506,24138,0.17,2026-01-25
25507,3494,0.27,2026-01-25
25508,2086,0.24,2026-01-25
25509,20070,0.67,2026-01-25
25510,3713,0.06,2026-01-25
25511,11941,0.14,2026-01-25
25512,1621,0.16,2026-01-25
25513,18809,0.09,2026-01-25
25514,17004,0.18,2026-01-25
25515,258,0.12,2026-01-25
25516,12482,0.18,2026-01-25
25517,17905,0.17,2026-01-25
25518,15467,0.13,2026-01-25
25519,7744,0.14,2026-01-25
25520,22301,0.30,2026-01-25
25521,11411,0.29,2026-01-25
25522,20949,0.76,2026-01-25
25523,9685,0.09,2026-01-25
25524,8840,0.15,2026-01-25
25525,16459,0.18,2026-01-25
25526,11612,0.12,2026-01-25
25527,7701,0.33,2026-01-25
25528,9376,0.40,2026-01-25
25529,13319,0.94,2026-01-25
25530,24283,1.27,2026-01-25
25531,15622,0.23,2026-01-25
25532,19676,0.25,2026-01-25
25533,8868,0.81,2026-01-25
25534,2440,1.45,2026-01-25
25535,8730,0.07,2026-01-25
25536,12067,0.21,2026-01-25
25537,2648,0.12,2026-01-25
25538,3485,0.12,2026-01-25
25539,2280,0.15,2026-01-25
25540,22452,0.20,2026-01-25
25541,4577,0.11,2026-01-25
25542,15052,0.17,2026-01-25
25543,6562,0.19,2026-01-25
25544,7173,0.19,2026-01-25
25545,19440,0.10,2026-01-25
25546,2117,0.15,2026-01-25
25547,20174,0.12,2026-01-25
25548,248,0.33,2026-01-25
25549,2859,0.27,2026-01-25
25550,18147,0.24,2026-01-25
25551,24390,0.06,2026-01-25
25552,6035,0.12,2026-01-25
25553,11161,0.23,2026-01-25
25554,4697,0.10,2026-01-25
25555,6821,1.16,2026-01-25
25556,20962,1.61,2026-01-25
25557,22367,0.09,2026-01-25
25558,23463,0.19,2026-01-25
25559,24269,0.04,2026-01-25
25560,3393,0.14,2026-01-25
25561,182,1.12,2026-01-25
25562,8446,0.20,2026-01-25
25563,21439,0.15,2026-01-25
25564,23236,0.21,2026-01-25
25565,7625,0.48,2026-01-25
25566,8276,0.06,2026-01-25
25567,15473,0.14,2026-01-25
25568,24514,0.16,2026-01-25
25569,15832,0.08,2026-01-25
25570,14472,0.11,2026-01-25
25571,22681,0.20,2026-01-25
25572,21549,0.08,2026-01-25
25573,9563,0.14,2026-01-25
25574,17722,0.23,2026-01-25
25575,7451,0.17,2026-01-25
25576,23384,0.14,2026-01-25
25577,12014,0.07,2026-01-25
25578,10916,0.22,2026-01-25
25579,17398,0.27,2026-01-25
25580,4551,0.13,2026-01-25
25581,2332,0.09,2026-01-25
25582,19065,0.19,2026-01-25
25583,12171,0.08,2026-01-25
25584,4758,0.14,2026-01-25
25585,12800,0.07,2026-01-25
25586,19555,0.22,2026-01-25
25587,9383,0.39,2026-01-25
25588,26906,0.05,2026-01-25
25589,15480,0.13,2026-01-25
25590,2371,0.18,2026-01-25
25591,2581,0.15,2026-01-25
25592,23740,0.62,2026-01-25
25593,14009,0.69,2026-01-25
25594,22126,0.28,2026-01-25
25595,26784,0.20,2026-01-25
25596,1499,0.27,2026-01-25
25597,9916,0.07,2026-01-25
25598,23657,0.04,2026-01-25
25599,21915,0.15,2026-01-25
25600,4002,0.21,2026-01-25
25601,11408,0.08,2026-01-25
25602,2340,0.39,2026-01-25
25603,26865,0.17,2026-01-25
25604,11164,0.07,2026-01-25
25605,7838,0.24,2026-01-25
25606,3554,0.09,2026-01-25
25607,13088,0.22,2026-01-25
25608,18375,0.18,2026-01-25
25609,17902,0.09,2026-01-25
25610,1373,0.26,2026-01-25
25611,1932,0.09,2026-01-25
25612,11799,0.16,2026-01-25
25613,21824,0.08,2026-01-25
25614,19874,0.24,2026-01-25
25615,20788,0.12,2026-01-25
25616,20045,0.21,2026-01-25
25617,23027,0.41,2026-01-25
25618,10626,1.06,2026-01-25
25619,4532,0.38,2026-01-25
25620,9906,0.17,2026-01-25
25621,20986,0.05,2026-01-25
25622,5990,0.11,2026-01-25
25623,21531,0.04,2026-01-25
25624,25179,0.13,2026-01-25
25625,24259,0.07,2026-01-25
25626,22770,0.07,2026-01-25
25627,26411,0.16,2026-01-25
25628,143,0.06,2026-01-25
25629,25058,0.13,2026-01-25
25630,6285,0.07,2026-01-25
25631,3951,0.25,2026-01-25
25632,23514,0.48,2026-01-25
25633,19349,0.16,2026-01-25
25634,22706,0.09,2026-01-25
25635,6201,0.20,2026-01-25
25636,14032,0.07,2026-01-25
25637,10664,0.16,2026-01-25
25638,4617,0.05,2026-01-25
25639,16500,0.15,2026-01-25
25640,23366,0.08,2026-01-25
25641,14554,0.13,2026-01-25
25642,26842,0.17,2026-01-25
25643,25927,0.06,2026-01-25
25644,57,3.27,2026-01-25
25645,7881,42.04,2026-01-25
25646,11575,2.87,2026-01-25
25647,20149,17.92,2026-01-25
25648,10172,1.71,2026-01-25
25649,26111,1.72,2026-01-25
25650,755,2.81,2026-01-25
25651,8075,67.55,2026-01-25
25652,23072,4.46,2026-01-25
25653,23424,4.75,2026-01-25
25654,10445,16.46,2026-01-25
25655,5502,8.79,2026-01-25
25656,12610,149.83,2026-01-25
25657,20664,1.67,2026-01-25
25658,16819,4.41,2026-01-25
25659,18175,23.08,2026-01-25
25660,3698,2.69,2026-01-25
25661,15504,56.46,2026-01-25
25662,10070,7.77,2026-01-25
25663,14953,1.58,2026-01-25
25664,24424,2.02,2026-01-25
25665,22658,3.06,2026-01-25
25666,11817,1.30,2026-01-25
25667,17217,1.77,2026-01-25
25668,1452,6.75,2026-01-25
25669,25624,1.44,2026-01-25
25670,1338,9.50,2026-01-25
25671,24125,1.32,2026-01-25
25672,11659,4.82,2026-01-25
25673,2099,1.72,2026-01-25
25674,13076,6.41,2026-01-25
25675,11464,5.51,2026-01-25
25676,21225,10.67,2026-01-25
25677,2755,10.80,2026-01-25
25678,1736,12.68,2026-01-25
25679,20791,7.49,2026-01-25
25680,18062,7.72,2026-01-25
25681,8649,7.15,2026-01-25
25682,8069,12.71,2026-01-25
25683,2505,3.97,2026-01-25
25684,26195,3.25,2026-01-25
25685,18860,3.97,2026-01-25
25686,1768,4.95,2026-01-25
25687,6099,3.38,2026-01-25
25688,1173,8.36,2026-01-25
25689,22636,4.48,2026-01-25
25690,25,4.97,2026-01-25
25691,6346,3.76,2026-01-25
25692,9071,9.06,2026-01-25
25693,1688,5.88,2026-01-25
25694,7788,10.60,2026-01-25
25695,25638,2.20,2026-01-25
25696,24533,3.78,2026-01-25
25697,22603,5.58,2026-01-25
25698,2401,4.26,2026-01-25
25699,7237,3.16,2026-01-25
25700,11398,3.08,2026-01-25
25701,20225,1.57,2026-01-25
25702,22008,1.56,2026-01-25
25703,13961,6.20,2026-01-25
25704,26097,2.17,2026-01-25
25705,4590,4.73,2026-01-25
25706,23640,1.39,2026-01-25
25707,9289,1.91,2026-01-25
25708,8270,1.57,2026-01-25
25709,7120,2.76,2026-01-25
25710,18704,1.52,2026-01-25
25711,9600,2.08,2026-01-25
25712,7204,3.25,2026-01-25
25713,23200,95.23,2026-01-25
25714,3294,6.40,2026-01-25
25715,13440,5.63,2026-01-25
25716,16976,9.93,2026-01-25
25717,5638,7.56,2026-01-25
25718,21935,8.97,2026-01-25
25719,20551,9.45,2026-01-25
25720,1395,14.57,2026-01-25
25721,9809,15.22,2026-01-25
25722,5347,6.46,2026-01-25
25723,14457,60.43,2026-01-25
25724,8443,4.77,2026-01-25
25725,16686,4.10,2026-01-25
25726,21690,3.84,2026-01-25
25727,4866,2.20,2026-01-25
25728,5777,3.32,2026-01-25
25729,23150,3.16,2026-01-25
25730,8570,3.66,2026-01-25
25731,9270,0.22,2026-01-25
25732,2640,0.28,2026-01-25
25733,25547,0.37,2026-01-25
25734,3086,0.18,2026-01-25
25735,15236,0.65,2026-01-25
25736,8881,0.56,2026-01-25
25737,5986,6.42,2026-01-25
25738,15234,0.65,2026-01-25
25739,9319,0.10,2026-01-25
25740,7151,0.23,2026-01-25
25741,19516,0.09,2026-01-25
25742,14465,0.22,2026-01-25
25743,20057,0.36,2026-01-25
25744,17671,0.16,2026-01-25
25745,26933,0.41,2026-01-25
25746,21344,0.17,2026-01-25
25747,11545,2.59,2026-01-25
25748,21295,2.29,2026-01-25
25749,3221,15.44,2026-01-25
25750,17628,0.26,2026-01-25
25751,20545,0.26,2026-01-25
25752,9152,0.13,2026-01-25
25753,16818,0.26,2026-01-25
25754,3029,0.18,2026-01-25
25755,15074,0.08,2026-01-25
25756,12736,0.19,2026-01-25
25757,20367,0.39,2026-01-25
25758,20325,0.47,2026-01-25
25759,11181,0.19,2026-01-25
25760,18530,1.14,2026-01-25
25761,4876,0.90,2026-01-25
25762,24568,7.95,2026-01-25
25763,13452,0.28,2026-01-25
25764,26736,0.12,2026-01-25
25765,18800,0.37,2026-01-25
25766,19403,0.17,2026-01-25
25767,17385,0.23,2026-01-25
25768,9973,0.13,2026-01-25
25769,10512,0.37,2026-01-25
25770,25376,0.54,2026-01-25
25771,448,0.22,2026-01-25
25772,1372,0.28,2026-01-25
25773,17379,0.29,2026-01-25
25774,3198,0.27,2026-01-25
25775,24015,0.07,2026-01-25
25776,7374,0.20,2026-01-25
25777,9288,0.20,2026-01-25
25778,24878,0.15,2026-01-25
25779,1254,0.28,2026-01-25
25780,9002,0.31,2026-01-25
25781,7955,0.76,2026-01-25
25782,636,0.69,2026-01-25
25783,2710,0.37,2026-01-25
25784,15359,0.56,2026-01-25
25785,6491,3.96,2026-01-25
25786,20886,5.13,2026-01-25
25787,25341,0.23,2026-01-25
25788,23997,0.08,2026-01-25
25789,9762,0.08,2026-01-25
25790,22071,0.18,2026-01-25
25791,2566,0.21,2026-01-25
25792,24069,0.13,2026-01-25
25793,10480,0.43,2026-01-25
25794,19158,0.55,2026-01-25
25795,18271,0.31,2026-01-25
25796,7314,0.10,2026-01-25
25797,14530,0.26,2026-01-25
25798,1126,0.12,2026-01-25
25799,25002,0.11,2026-01-25
25800,8846,0.24,2026-01-25
25801,21419,0.10,2026-01-25
25802,21115,0.21,2026-01-25
25803,850,0.70,2026-01-25
25804,17835,0.08,2026-01-25
25805,10492,0.20,2026-01-25
25806,10013,0.27,2026-01-25
25807,20990,0.09,2026-01-25
25808,18777,0.31,2026-01-25
25809,5576,0.41,2026-01-25
25810,18670,0.14,2026-01-25
25811,20251,0.25,2026-01-25
25812,18251,0.19,2026-01-25
25813,1339,0.10,2026-01-25
25814,22267,0.23,2026-01-25
25815,13979,0.22,2026-01-25
25816,4934,0.68,2026-01-25
25817,11749,1.62,2026-01-25
25818,22448,2.68,2026-01-25
25819,26393,15.77,2026-01-25
25820,22147,12.09,2026-01-25
25821,3357,660.64,2026-01-25
25822,18952,1.76,2026-01-25
25823,8374,2.07,2026-01-25
25824,3281,3.65,2026-01-25
25825,6189,1.37,2026-01-25
25826,8236,2.75,2026-01-25
25827,4257,1.11,2026-01-25
25828,10229,3.78,2026-01-25
25829,7768,2.99,2026-01-25
25830,26027,1.43,2026-01-25
25831,10318,2.43,2026-01-25
25832,10776,8.69,2026-01-25
25833,23551,5.48,2026-01-25
25834,16016,11.55,2026-01-25
25835,2095,5.28,2026-01-25
25836,4491,23.54,2026-01-25
25837,18901,7.28,2026-01-25
25838,27016,5.46,2026-01-25
25839,15984,3.86,2026-01-25
25840,3969,3.04,2026-01-25
25841,11581,3.66,2026-01-25
25842,18813,2.87,2026-01-25
25843,22588,5.03,2026-01-25
25844,12537,4.10,2026-01-25
25845,20834,3.55,2026-01-25
25846,26718,3.91,2026-01-25
25847,6065,14.22,2026-01-25
25848,2979,5.17,2026-01-25
25849,25268,2.08,2026-01-25
25850,22509,2.16,2026-01-25
25851,13579,2.12,2026-01-25
25852,24978,1.83,2026-01-25
25853,17100,1.79,2026-01-25
25854,5780,1.57,2026-01-25
25855,24334,17.54,2026-01-25
25856,13670,1.85,2026-01-25
25857,16978,25.37,2026-01-25
25858,11403,34.76,2026-01-25
25859,16,1.94,2026-01-25
25860,22166,3.17,2026-01-25
25861,7850,1.58,2026-01-25
25862,14765,12.40,2026-01-25
25863,13651,1.41,2026-01-25
25864,24657,4.09,2026-01-25
25865,25570,7.85,2026-01-25
25866,13864,3.54,2026-01-25
25867,16945,5.47,2026-01-25
25868,25867,65.42,2026-01-25
25869,16935,74.12,2026-01-25
25870,16744,8.04,2026-01-25
25871,21624,6.65,2026-01-25
25872,4872,7.82,2026-01-25
25873,13852,4.20,2026-01-25
25874,21758,8.41,2026-01-25
25875,13166,2.81,2026-01-25
25876,25032,7.83,2026-01-25
25877,25940,1.70,2026-01-25
25878,2378,1.50,2026-01-25
25879,11961,8.83,2026-01-25
25880,21030,1.65,2026-01-25
25881,3764,15.86,2026-01-25
25882,9021,20.20,2026-01-25
25883,4980,0.15,2026-01-25
25884,19318,0.08,2026-01-25
25885,15773,0.16,2026-01-25
25886,20754,0.10,2026-01-25
25887,14221,0.17,2026-01-25
25888,548,0.05,2026-01-25
25889,7114,0.18,2026-01-25
25890,19109,0.14,2026-01-25
25891,10771,0.17,2026-01-25
25892,15591,0.07,2026-01-25
25893,12981,0.09,2026-01-25
25894,19575,0.17,2026-01-25
25895,386,0.70,2026-01-25
25896,23961,1.04,2026-01-25
25897,2704,0.06,2026-01-25
25898,10127,0.14,2026-01-25
25899,3504,0.30,2026-01-25
25900,7767,0.13,2026-01-25
25901,17180,0.06,2026-01-25
25902,15036,0.16,2026-01-25
25903,10499,0.10,2026-01-25
25904,7578,0.23,2026-01-25
25905,13637,0.12,2026-01-25
25906,4281,0.05,2026-01-25
25907,11649,0.28,2026-01-25
25908,11134,0.09,2026-01-25
25909,865,0.59,2026-01-25
25910,17332,0.46,2026-01-25
25911,23904,0.11,2026-01-25
25912,6092,0.24,2026-01-25
25913,6009,0.16,2026-01-25
25914,3916,0.35,2026-01-25
25915,2871,0.13,2026-01-25
25916,10206,0.24,2026-01-25
25917,26534,0.39,2026-01-25
25918,3460,0.17,2026-01-25
25919,15264,0.07,2026-01-25
25920,17668,0.21,2026-01-25
25921,8645,0.32,2026-01-25
25922,18459,0.24,2026-01-25
25923,26774,0.30,2026-01-25
25924,23429,0.13,2026-01-25
25925,4516,0.85,2026-01-25
25926,18989,0.19,2026-01-25
25927,20581,0.07,2026-01-25
25928,17462,0.17,2026-01-25
25929,4524,0.12,2026-01-25
25930,14723,0.33,2026-01-25
25931,22743,0.16,2026-01-25
25932,5529,0.14,2026-01-25
25933,6841,0.06,2026-01-25
25934,23402,0.24,2026-01-25
25935,9351,0.10,2026-01-25
25936,11188,0.07,2026-01-25
25937,24720,0.19,2026-01-25
25938,6365,0.07,2026-01-25
25939,14655,0.19,2026-01-25
25940,3543,0.15,2026-01-25
25941,18732,0.36,2026-01-25
25942,18826,0.92,2026-01-25
25943,13734,1.55,2026-01-25
25944,19182,0.77,2026-01-25
25945,8272,0.49,2026-01-25
25946,24910,0.30,2026-01-25
25947,24284,0.18,2026-01-25
25948,24081,0.07,2026-01-25
25949,19046,0.10,2026-01-25
25950,5848,0.17,2026-01-25
25951,2805,0.19,2026-01-25
25952,22625,0.07,2026-01-25
25953,16734,0.26,2026-01-25
25954,14266,0.14,2026-01-25
25955,20408,0.15,2026-01-25
25956,14735,0.08,2026-01-25
25957,108,0.07,2026-01-25
25958,7747,0.15,2026-01-25
25959,21092,0.15,2026-01-25
25960,25328,0.30,2026-01-25
25961,8152,0.06,2026-01-25
25962,9320,0.12,2026-01-25
25963,17339,0.24,2026-01-25
25964,5689,0.12,2026-01-25
25965,8576,0.13,2026-01-25
25966,13959,0.24,2026-01-25
25967,26327,0.12,2026-01-25
25968,7997,0.03,2026-01-25
25969,14461,0.06,2026-01-25
25970,20119,0.17,2026-01-25
25971,3538,0.42,2026-01-25
25972,5754,0.26,2026-01-25
25973,6941,0.22,2026-01-25
25974,22393,0.17,2026-01-25
25975,9759,0.13,2026-01-25
25976,24495,0.04,2026-01-25
25977,13512,0.13,2026-01-25
25978,13078,0.05,2026-01-25
25979,9225,0.12,2026-01-25
25980,181,0.06,2026-01-25
25981,15565,0.16,2026-01-25
25982,4654,0.11,2026-01-25
25983,25330,0.09,2026-01-25
25984,3498,0.24,2026-01-25
25985,6266,0.12,2026-01-25
25986,16869,0.29,2026-01-25
25987,5793,0.59,2026-01-25
25988,22613,1.31,2026-01-25
25989,256,1.11,2026-01-25
25990,22090,0.08,2026-01-25
25991,13343,0.23,2026-01-25
25992,160,0.58,2026-01-25
25993,2955,0.13,2026-01-25
25994,13865,0.15,2026-01-25
25995,21501,0.21,2026-01-25
25996,19721,0.08,2026-01-25
25997,18694,0.18,2026-01-25
25998,1388,0.14,2026-01-25
25999,9571,0.23,2026-01-25
26000,522,0.76,2026-01-25
26001,8101,1.13,2026-01-25
26002,24352,0.25,2026-01-25
26003,21800,0.11,2026-01-25
26004,7853,0.40,2026-01-25
26005,14666,0.14,2026-01-25
26006,10765,0.17,2026-01-25
26007,1200,0.43,2026-01-25
26008,14470,0.64,2026-01-25
26009,17937,1.06,2026-01-25
26010,20363,0.12,2026-01-25
26011,922,0.04,2026-01-25
26012,7346,0.17,2026-01-25
26013,8623,0.26,2026-01-25
26014,19619,0.06,2026-01-25
26015,16774,0.26,2026-01-25
26016,26344,0.07,2026-01-25
26017,13406,0.29,2026-01-25
26018,15748,0.07,2026-01-25
26019,1030,0.18,2026-01-25
26020,8876,0.23,2026-01-25
26021,11259,0.10,2026-01-25
26022,14130,0.21,2026-01-25
26023,15298,0.25,2026-01-25
26024,15954,0.05,2026-01-25
26025,11833,0.25,2026-01-25
26026,859,0.10,2026-01-25
26027,16396,0.37,2026-01-25
26028,13110,0.14,2026-01-25
26029,652,0.36,2026-01-25
26030,14245,0.23,2026-01-25
26031,6759,0.11,2026-01-25
26032,6005,0.28,2026-01-25
26033,25167,0.12,2026-01-25
26034,3172,0.16,2026-01-25
26035,309,0.07,2026-01-25
26036,3186,0.18,2026-01-25
26037,10522,0.12,2026-01-25
26038,10120,0.09,2026-01-25
26039,15716,0.16,2026-01-25
26040,25840,0.24,2026-01-25
26041,6534,0.11,2026-01-25
26042,19961,0.16,2026-01-25
26043,23963,0.06,2026-01-25
26044,6828,0.17,2026-01-25
26045,2092,0.29,2026-01-25
26046,20351,0.74,2026-01-25
26047,6995,0.05,2026-01-25
26048,7201,0.16,2026-01-25
26049,14133,0.07,2026-01-25
26050,20505,0.18,2026-01-25
26051,26304,0.09,2026-01-25
26052,13420,0.26,2026-01-25
26053,17156,0.13,2026-01-25
26054,16166,0.04,2026-01-25
26055,21542,0.13,2026-01-25
26056,7623,0.24,2026-01-25
26057,16269,0.17,2026-01-25
26058,13970,0.29,2026-01-25
26059,21490,0.24,2026-01-25
26060,8079,0.25,2026-01-25
26061,22113,0.07,2026-01-25
26062,26868,0.13,2026-01-25
26063,20736,0.12,2026-01-25
26064,24774,0.11,2026-01-25
26065,22073,0.15,2026-01-25
26066,27041,0.07,2026-01-25
26067,18727,0.16,2026-01-25
26068,25478,0.05,2026-01-25
26069,21819,0.61,2026-01-25
26070,8914,0.16,2026-01-25
26071,18678,0.04,2026-01-25
26072,16814,0.16,2026-01-25
26073,9421,0.08,2026-01-25
26074,9185,0.22,2026-01-25
26075,14938,0.29,2026-01-25
26076,17108,0.32,2026-01-25
26077,16920,0.09,2026-01-25
26078,12985,0.07,2026-01-25
26079,19748,0.14,2026-01-25
26080,22481,0.62,2026-01-25
26081,22984,0.04,2026-01-25
26082,5901,0.14,2026-01-25
26083,11571,0.05,2026-01-25
26084,20690,0.26,2026-01-25
26085,6211,0.16,2026-01-25
26086,13638,0.05,2026-01-25
26087,19490,0.04,2026-01-25
26088,12927,0.12,2026-01-25
26089,17764,0.25,2026-01-25
26090,26647,0.17,2026-01-25
26091,13915,0.07,2026-01-25
26092,180,0.27,2026-01-25
26093,16478,0.26,2026-01-25
26094,10906,0.07,2026-01-25
26095,24413,0.15,2026-01-25
26096,12493,0.11,2026-01-25
26097,15187,0.18,2026-01-25
26098,23102,0.07,2026-01-25
26099,15151,0.16,2026-01-25
26100,15393,0.07,2026-01-25
26101,16062,0.24,2026-01-25
26102,4904,0.30,2026-01-25
26103,9136,0.78,2026-01-25
26104,24760,0.10,2026-01-25
26105,11720,0.04,2026-01-25
26106,25544,0.14,2026-01-25
26107,1007,0.07,2026-01-25
26108,13283,0.12,2026-01-25
26109,11466,0.04,2026-01-25
26110,21213,0.12,2026-01-25
26111,7095,0.05,2026-01-25
26112,20494,0.12,2026-01-25
26113,26230,0.26,2026-01-25
26114,15007,0.11,2026-01-25
26115,16181,0.23,2026-01-25
26116,13860,0.07,2026-01-25
26117,1780,0.17,2026-01-25
26118,5250,0.68,2026-01-25
26119,555,0.10,2026-01-25
26120,19626,0.23,2026-01-25
26121,12748,0.14,2026-01-25
26122,5271,0.20,2026-01-25
26123,22766,0.53,2026-01-25
26124,20554,0.74,2026-01-25
26125,4896,0.05,2026-01-25
26126,6687,0.11,2026-01-25
26127,11949,0.30,2026-01-25
26128,2822,0.10,2026-01-25
26129,6341,0.31,2026-01-25
26130,19112,0.14,2026-01-25
26131,21496,0.59,2026-01-25
26132,11568,1.13,2026-01-25
26133,21437,0.05,2026-01-25
26134,21385,0.16,2026-01-25
26135,26109,7.53,2026-01-25
26136,2731,3.46,2026-01-25
26137,10295,1.80,2026-01-25
26138,1421,0.16,2026-01-25
26139,1360,0.10,2026-01-25
26140,18508,0.15,2026-01-25
26141,25472,0.07,2026-01-25
26142,20112,0.17,2026-01-25
26143,23137,0.16,2026-01-25
26144,24860,0.11,2026-01-25
26145,21653,0.16,2026-01-25
26146,14619,0.06,2026-01-25
26147,561,0.18,2026-01-25
26148,26192,0.09,2026-01-25
26149,16141,0.16,2026-01-25
26150,10365,0.26,2026-01-25
26151,22903,0.26,2026-01-25
26152,22284,0.07,2026-01-25
26153,14707,0.15,2026-01-25
26154,21109,0.24,2026-01-25
26155,23157,0.19,2026-01-25
26156,24785,0.06,2026-01-25
26157,13017,0.15,2026-01-25
26158,659,0.05,2026-01-25
26159,27043,0.12,2026-01-25
26160,14812,0.14,2026-01-25
26161,4748,0.08,2026-01-25
26162,26701,0.08,2026-01-25
26163,2654,0.19,2026-01-25
26164,11052,0.20,2026-01-25
26165,19931,0.30,2026-01-25
26166,23688,0.09,2026-01-25
26167,20506,0.23,2026-01-25
26168,22128,0.13,2026-01-25
26169,9545,0.08,2026-01-25
26170,13870,0.05,2026-01-25
26171,5590,0.15,2026-01-25
26172,21810,0.19,2026-01-25
26173,14527,0.04,2026-01-25
26174,15121,0.14,2026-01-25
26175,6567,0.05,2026-01-25
26176,25395,0.13,2026-01-25
26177,22442,0.05,2026-01-25
26178,6315,0.12,2026-01-25
26179,22617,0.04,2026-01-25
26180,4496,0.07,2026-01-25
26181,2111,0.24,2026-01-25
26182,21852,0.07,2026-01-25
26183,22436,0.20,2026-01-25
26184,12321,0.07,2026-01-25
26185,1529,0.14,2026-01-25
26186,11981,0.04,2026-01-25
26187,5325,0.14,2026-01-25
26188,19179,0.17,2026-01-25
26189,23810,0.08,2026-01-25
26190,9240,0.08,2026-01-25
26191,3562,0.17,2026-01-25
26192,26289,0.06,2026-01-25
26193,2089,0.20,2026-01-25
26194,881,1.78,2026-01-25
26195,16959,1.59,2026-01-25
26196,15652,4.88,2026-01-25
26197,21724,7.27,2026-01-25
26198,25579,1.77,2026-01-25
26199,11160,1.94,2026-01-25
26200,10430,2.93,2026-01-25
26201,3443,19.68,2026-01-25
26202,10857,1.76,2026-01-25
26203,16767,2.86,2026-01-25
26204,13790,1.31,2026-01-25
26205,20599,7.35,2026-01-25
26206,796,1.55,2026-01-25
26207,12477,2.13,2026-01-25
26208,12124,16.47,2026-01-25
26209,4059,13.96,2026-01-25
26210,9265,355.03,2026-01-25
26211,14778,5.72,2026-01-25
26212,1560,2.99,2026-01-25
26213,11572,5.46,2026-01-25
26214,17022,4.83,2026-01-25
26215,7089,1.28,2026-01-25
26216,1423,3.55,2026-01-25
26217,9456,11.96,2026-01-25
26218,26288,4.38,2026-01-25
26219,12913,2.27,2026-01-25
26220,615,5.74,2026-01-25
26221,16736,16.09,2026-01-25
26222,6952,7.66,2026-01-25
26223,26322,8.10,2026-01-25
26224,10265,6.18,2026-01-25
26225,17422,6.60,2026-01-25
26226,447,34.79,2026-01-25
26227,22015,3.67,2026-01-25
26228,3650,4.47,2026-01-25
26229,9815,5.22,2026-01-25
26230,19287,3.84,2026-01-25
26231,20521,17.85,2026-01-25
26232,5473,3.77,2026-01-25
26233,13566,4.09,2026-01-25
26234,7793,5.28,2026-01-25
26235,8516,19.60,2026-01-25
26236,16518,5.58,2026-01-25
26237,25059,2.32,2026-01-25
26238,12880,1.85,2026-01-25
26239,1728,1.57,2026-01-25
26240,19672,3.42,2026-01-25
26241,10290,4.68,2026-01-25
26242,15102,2.79,2026-01-25
26243,21791,1.72,2026-01-25
26244,23234,5.57,2026-01-25
26245,1874,1.13,2026-01-25
26246,7221,2.51,2026-01-25
26247,11224,1.03,2026-01-25
26248,23395,2.34,2026-01-25
26249,12721,2.56,2026-01-25
26250,21776,4.03,2026-01-25
26251,6764,3.82,2026-01-25
26252,7016,14.59,2026-01-25
26253,9683,22.26,2026-01-25
26254,12809,26.27,2026-01-25
26255,3824,8.27,2026-01-25
26256,3258,9.22,2026-01-25
26257,22374,9.43,2026-01-25
26258,15533,7.23,2026-01-25
26259,24798,99.69,2026-01-25
26260,19540,9.51,2026-01-25
26261,20809,14.64,2026-01-25
26262,15368,8.77,2026-01-25
26263,20517,1.59,2026-01-25
26264,24311,3.07,2026-01-25
26265,164,3.50,2026-01-25
26266,7964,2.50,2026-01-25
26267,16781,1.72,2026-01-25
26268,21076,18.83,2026-01-25
26269,19341,2.60,2026-01-25
26270,24302,28.37,2026-01-25
26271,18516,4.26,2026-01-25
26272,2541,3.42,2026-01-25
26273,5370,0.58,2026-01-25
26274,24690,21.11,2026-01-25
26275,26012,0.99,2026-01-25
26276,24926,1.90,2026-01-25
26277,17626,0.40,2026-01-25
26278,22272,0.28,2026-01-25
26279,19658,0.38,2026-01-25
26280,25106,0.54,2026-01-25
26281,21504,0.74,2026-01-25
26282,11037,2.07,2026-01-25
26283,16237,1.43,2026-01-25
26284,17167,3.06,2026-01-25
26285,16862,1.93,2026-01-25
26286,12826,0.77,2026-01-25
26287,25135,0.85,2026-01-25
26288,17151,2.31,2026-01-25
26289,17327,33.29,2026-01-25
26290,21104,41.56,2026-01-25
26291,16293,60.80,2026-01-25
26292,5314,0.87,2026-01-25
26293,10151,3.66,2026-01-25
26294,10581,2.10,2026-01-25
26295,19669,1.36,2026-01-25
26296,1117,4.80,2026-01-25
26297,11651,5.08,2026-01-25
26298,12877,27.41,2026-01-25
26299,20411,36.27,2026-01-25
26300,23033,1.09,2026-01-25
26301,22355,20.65,2026-01-25
26302,6256,0.21,2026-01-25
26303,192,0.33,2026-01-25
26304,21684,0.75,2026-01-25
26305,1701,0.82,2026-01-25
26306,6094,0.78,2026-01-25
26307,16257,0.55,2026-01-25
26308,23837,1.34,2026-01-25
26309,4489,1.08,2026-01-25
26310,15180,0.22,2026-01-25
26311,25434,0.50,2026-01-25
26312,25452,0.40,2026-01-25
26313,24673,0.89,2026-01-25
26314,22688,0.58,2026-01-25
26315,1819,0.30,2026-01-25
26316,14844,4.31,2026-01-25
26317,23232,0.23,2026-01-25
26318,26159,0.26,2026-01-25
26319,17642,0.25,2026-01-25
26320,11245,0.24,2026-01-25
26321,6943,0.19,2026-01-25
26322,14137,0.24,2026-01-25
26323,20516,0.27,2026-01-25
26324,1773,0.74,2026-01-25
26325,19343,0.09,2026-01-25
26326,13001,0.30,2026-01-25
26327,26341,0.06,2026-01-25
26328,4341,0.29,2026-01-25
26329,1441,0.11,2026-01-25
26330,17361,0.25,2026-01-25
26331,4440,0.09,2026-01-25
26332,19674,0.27,2026-01-25
26333,1965,0.09,2026-01-25
26334,26811,0.21,2026-01-25
26335,18075,0.07,2026-01-25
26336,10247,0.30,2026-01-25
26337,6375,0.19,2026-01-25
26338,13103,0.06,2026-01-25
26339,22441,0.05,2026-01-25
26340,20378,0.23,2026-01-25
26341,24301,0.20,2026-01-25
26342,484,0.09,2026-01-25
26343,25804,0.08,2026-01-25
26344,19870,0.25,2026-01-25
26345,7330,0.06,2026-01-25
26346,20310,0.23,2026-01-25
26347,25096,0.26,2026-01-25
26348,15212,0.05,2026-01-25
26349,21554,1.46,2026-01-25
26350,12608,1.88,2026-01-25
26351,26880,0.25,2026-01-25
26352,25998,0.06,2026-01-25
26353,15347,0.25,2026-01-25
26354,15541,0.27,2026-01-25
26355,2370,0.41,2026-01-25
26356,25410,0.53,2026-01-25
26357,2036,4.49,2026-01-25
26358,7288,8.53,2026-01-25
26359,25914,7.83,2026-01-25
26360,14762,0.36,2026-01-25
26361,17936,0.39,2026-01-25
26362,723,0.68,2026-01-25
26363,2680,1.25,2026-01-25
26364,22696,0.28,2026-01-25
26365,12501,0.06,2026-01-25
26366,22230,0.30,2026-01-25
26367,15934,0.13,2026-01-25
26368,15564,0.25,2026-01-25
26369,737,0.33,2026-01-25
26370,8721,0.06,2026-01-25
26371,11333,0.24,2026-01-25
26372,14231,0.06,2026-01-25
26373,3919,0.24,2026-01-25
26374,5352,0.06,2026-01-25
26375,12251,0.28,2026-01-25
26376,25747,0.28,2026-01-25
26377,365,0.09,2026-01-25
26378,10112,0.24,2026-01-25
26379,25124,0.05,2026-01-25
26380,26782,0.28,2026-01-25
26381,2084,0.11,2026-01-25
26382,14092,0.25,2026-01-25
26383,15099,0.06,2026-01-25
26384,17463,0.08,2026-01-25
26385,12634,0.22,2026-01-25
26386,5402,0.08,2026-01-25
26387,7783,0.28,2026-01-25
26388,5676,0.34,2026-01-25
26389,14756,0.21,2026-01-25
26390,12624,0.67,2026-01-25
26391,20398,1.35,2026-01-25
26392,26017,0.28,2026-01-25
26393,4340,0.07,2026-01-25
26394,2359,0.09,2026-01-25
26395,19005,0.26,2026-01-25
26396,8729,0.33,2026-01-25
26397,4462,0.09,2026-01-25
26398,17720,0.29,2026-01-25
26399,2556,0.08,2026-01-25
26400,950,0.24,2026-01-25
26401,10656,0.17,2026-01-25
26402,25771,0.33,2026-01-25
26403,23423,0.18,2026-01-25
26404,3034,0.72,2026-01-25
26405,25016,1.28,2026-01-25
26406,20077,0.26,2026-01-25
26407,2877,0.10,2026-01-25
26408,25915,0.22,2026-01-25
26409,25006,0.06,2026-01-25
26410,7713,0.20,2026-01-25
26411,3313,0.05,2026-01-25
26412,21745,0.07,2026-01-25
26413,2323,0.25,2026-01-25
26414,15114,0.34,2026-01-25
26415,16829,0.28,2026-01-25
26416,16854,0.15,2026-01-25
26417,25364,0.74,2026-01-25
26418,6757,1.95,2026-01-25
26419,25449,1.38,2026-01-25
26420,5750,0.27,2026-01-25
26421,11974,0.05,2026-01-25
26422,947,0.07,2026-01-25
26423,11326,0.25,2026-01-25
26424,26646,0.28,2026-01-25
26425,26096,0.10,2026-01-25
26426,19211,0.70,2026-01-25
26427,19107,1.03,2026-01-25
26428,2484,2.45,2026-01-25
26429,13288,0.05,2026-01-25
26430,4217,0.21,2026-01-25
26431,25552,0.27,2026-01-25
26432,10470,0.05,2026-01-25
26433,19797,0.32,2026-01-25
26434,14429,0.06,2026-01-25
26435,6537,0.27,2026-01-25
26436,11641,0.31,2026-01-25
26437,16624,0.79,2026-01-25
26438,18539,1.42,2026-01-25
26439,11841,0.25,2026-01-25
26440,7266,0.13,2026-01-25
26441,3478,0.04,2026-01-25
26442,15988,0.21,2026-01-25
26443,24450,0.22,2026-01-25
26444,25491,0.05,2026-01-25
26445,1727,0.23,2026-01-25
26446,6528,0.05,2026-01-25
26447,6499,0.08,2026-01-25
26448,7035,0.27,2026-01-25
26449,26031,0.06,2026-01-25
26450,20033,0.24,2026-01-25
26451,8342,0.08,2026-01-25
26452,3812,0.30,2026-01-25
26453,17683,0.33,2026-01-25
26454,22916,0.08,2026-01-25
26455,7738,0.26,2026-01-25
26456,6437,0.06,2026-01-25
26457,94,0.25,2026-01-25
26458,1155,0.45,2026-01-25
26459,4378,0.22,2026-01-25
26460,2875,0.10,2026-01-25
26461,24822,0.23,2026-01-25
26462,890,0.09,2026-01-25
26463,7927,0.04,2026-01-25
26464,11970,0.26,2026-01-25
26465,6427,0.08,2026-01-25
26466,5239,0.24,2026-01-25
26467,8204,0.10,2026-01-25
26468,15124,0.29,2026-01-25
26469,23713,0.26,2026-01-25
26470,24728,0.14,2026-01-25
26471,2717,0.33,2026-01-25
26472,9737,0.35,2026-01-25
26473,2076,0.29,2026-01-25
26474,2981,0.10,2026-01-25
26475,7047,0.23,2026-01-25
26476,6599,0.10,2026-01-25
26477,1919,0.31,2026-01-25
26478,3162,0.10,2026-01-25
26479,15011,0.26,2026-01-25
26480,10625,0.10,2026-01-25
26481,21760,0.09,2026-01-25
26482,400,0.26,2026-01-25
26483,4817,0.26,2026-01-25
26484,9296,0.36,2026-01-25
26485,17337,0.23,2026-01-25
26486,15966,0.07,2026-01-25
26487,20980,0.22,2026-01-25
26488,5545,0.04,2026-01-25
26489,26179,0.28,2026-01-25
26490,25279,0.08,2026-01-25
26491,11757,0.23,2026-01-25
26492,6278,0.06,2026-01-25
26493,10230,0.28,2026-01-25
26494,17187,0.27,2026-01-25
26495,232,0.88,2026-01-25
26496,3869,1.43,2026-01-25
26497,12260,0.43,2026-01-25
26498,635,0.26,2026-01-25
26499,10638,0.79,2026-01-25
26500,11929,1.21,2026-01-25
26501,22906,0.88,2026-01-25
26502,8259,5.81,2026-01-25
26503,19800,7.36,2026-01-25
26504,9695,0.73,2026-01-25
26505,13035,1.48,2026-01-25
26506,21551,0.60,2026-01-25
26507,23683,0.25,2026-01-25
26508,8908,0.08,2026-01-25
26509,16341,0.78,2026-01-25
26510,9604,0.71,2026-01-25
26511,945,3.72,2026-01-25
26512,23542,2.67,2026-01-25
26513,24994,0.48,2026-01-25
26514,6453,0.06,2026-01-25
26515,2611,0.24,2026-01-25
26516,24368,0.14,2026-01-25
26517,13616,0.06,2026-01-25
26518,1923,0.23,2026-01-25
26519,23096,0.07,2026-01-25
26520,21948,0.69,2026-01-25
26521,23592,1.32,2026-01-25
26522,9503,0.09,2026-01-25
26523,2343,0.24,2026-01-25
26524,24062,0.77,2026-01-25
26525,11073,0.22,2026-01-25
26526,11199,0.05,2026-01-25
26527,2878,0.08,2026-01-25
26528,16954,0.20,2026-01-25
26529,9689,0.25,2026-01-25
26530,1249,0.10,2026-01-25
26531,11911,0.80,2026-01-25
26532,17303,0.07,2026-01-25
26533,543,0.26,2026-01-25
26534,3723,0.09,2026-01-25
26535,12411,0.19,2026-01-25
26536,3905,0.32,2026-01-25
26537,346,0.27,2026-01-25
26538,7971,0.28,2026-01-25
26539,3700,0.23,2026-01-25
26540,15837,0.06,2026-01-25
26541,5109,0.26,2026-01-25
26542,3811,0.03,2026-01-25
26543,12051,0.27,2026-01-25
26544,21809,0.24,2026-01-25
26545,17887,0.12,2026-01-25
26546,18593,0.11,2026-01-25
26547,16327,0.26,2026-01-25
26548,19794,0.08,2026-01-25
26549,5835,0.25,2026-01-25
26550,2821,0.24,2026-01-25
26551,2799,0.09,2026-01-25
26552,24525,0.07,2026-01-25
26553,15227,0.27,2026-01-25
26554,12797,0.07,2026-01-25
26555,19784,0.26,2026-01-25
26556,1753,0.33,2026-01-25
26557,7395,0.29,2026-01-25
26558,12560,0.28,2026-01-25
26559,15088,0.34,2026-01-25
26560,19123,0.25,2026-01-25
26561,18315,0.05,2026-01-25
26562,23736,0.28,2026-01-25
26563,13259,0.22,2026-01-25
26564,12777,0.29,2026-01-25
26565,22850,0.05,2026-01-25
26566,13953,0.05,2026-01-25
26567,23701,0.22,2026-01-25
26568,682,0.05,2026-01-25
26569,26876,0.24,2026-01-25
26570,10781,0.37,2026-01-25
26571,4014,0.37,2026-01-25
26572,18772,0.25,2026-01-25
26573,23579,0.10,2026-01-25
26574,8442,0.25,2026-01-25
26575,17093,0.06,2026-01-25
26576,15838,0.31,2026-01-25
26577,19148,0.25,2026-01-25
26578,20190,0.07,2026-01-25
26579,18381,0.27,2026-01-25
26580,14382,0.04,2026-01-25
26581,8085,0.40,2026-01-25
26582,15905,0.12,2026-01-25
26583,18168,15.50,2026-01-25
26584,23101,5.37,2026-01-25
26585,9359,6.03,2026-01-25
26586,1408,1.85,2026-01-25
26587,17323,1.62,2026-01-25
26588,21606,2.52,2026-01-25
26589,12724,2.80,2026-01-25
26590,16542,2.47,2026-01-25
26591,22314,2.04,2026-01-25
26592,18252,3.62,2026-01-25
26593,20330,2.29,2026-01-25
26594,7581,4.49,2026-01-25
26595,11794,2.38,2026-01-25
26596,24254,30.89,2026-01-25
26597,26229,1.54,2026-01-25
26598,1640,3.19,2026-01-25
26599,347,5.97,2026-01-25
26600,876,2.09,2026-01-25
26601,20592,14.48,2026-01-25
26602,12932,3.19,2026-01-25
26603,21062,9.86,2026-01-25
26604,16022,5.00,2026-01-25
26605,1746,2.28,2026-01-25
26606,26049,36.29,2026-01-25
26607,21836,3.63,2026-01-25
26608,8769,8.46,2026-01-25
26609,16608,2.71,2026-01-25
26610,19291,1.63,2026-01-25
26611,148,2.80,2026-01-25
26612,1494,4.72,2026-01-25
26613,26276,1.52,2026-01-25
26614,22014,2.64,2026-01-25
26615,17082,5.07,2026-01-25
26616,10002,10.63,2026-01-25
26617,18564,1.80,2026-01-25
26618,15381,6.16,2026-01-25
26619,25201,1.66,2026-01-25
26620,4490,5.55,2026-01-25
26621,16077,1.79,2026-01-25
26622,21514,5.61,2026-01-25
26623,16664,3.11,2026-01-25
26624,319,2.72,2026-01-25
26625,13274,4.25,2026-01-25
26626,6182,20.54,2026-01-25
26627,17965,5.00,2026-01-25
26628,101,3.26,2026-01-25
26629,16080,3.35,2026-01-25
26630,19401,4.24,2026-01-25
26631,23764,55.60,2026-01-25
26632,22905,34.80,2026-01-25
26633,1336,22.80,2026-01-25
26634,4455,41.31,2026-01-25
26635,16787,13.64,2026-01-25
26636,2921,45.61,2026-01-25
26637,11439,31.25,2026-01-25
26638,6452,15.49,2026-01-25
26639,9729,13.53,2026-01-25
26640,19654,174.73,2026-01-25
26641,6526,46.97,2026-01-25
26642,26634,28.48,2026-01-25
26643,11365,5.90,2026-01-25
26644,18258,19.20,2026-01-25
26645,7984,5.85,2026-01-25
26646,11951,43.91,2026-01-25
26647,13533,11.15,2026-01-25
26648,6054,7.70,2026-01-25
26649,23936,7.42,2026-01-25
26650,10238,13.92,2026-01-25
26651,18960,12.84,2026-01-25
26652,15718,30.26,2026-01-25
26653,1525,3.61,2026-01-25
26654,25908,2.84,2026-01-25
26655,9329,2.21,2026-01-25
26656,8106,16.66,2026-01-25
26657,11601,9.79,2026-01-25
26658,23957,1.86,2026-01-25
26659,11156,6.33,2026-01-25
26660,7911,5.28,2026-01-25
26661,7445,3.60,2026-01-25
26662,16067,4.28,2026-01-25
26663,14843,75.42,2026-01-25
26664,12421,82.34,2026-01-25
26665,26645,203.04,2026-01-25
26666,12009,116.63,2026-01-25
26667,15529,0.40,2026-01-25
26668,25203,0.38,2026-01-25
26669,208,0.39,2026-01-25
26670,11122,0.58,2026-01-25
26671,10654,0.62,2026-01-25
26672,21449,8.15,2026-01-25
26673,16000,0.07,2026-01-25
26674,14020,0.12,2026-01-25
26675,18570,0.06,2026-01-25
26676,6314,0.14,2026-01-25
26677,6795,0.21,2026-01-25
26678,21046,0.05,2026-01-25
26679,26038,0.09,2026-01-25
26680,24236,0.12,2026-01-25
26681,14562,0.16,2026-01-25
26682,2754,0.12,2026-01-25
26683,8534,0.15,2026-01-25
26684,15314,0.19,2026-01-25
26685,13250,0.16,2026-01-25
26686,4144,0.06,2026-01-25
26687,4300,0.06,2026-01-25
26688,2270,0.16,2026-01-25
26689,24308,0.17,2026-01-25
26690,306,0.08,2026-01-25
26691,2216,0.14,2026-01-25
26692,3622,0.08,2026-01-25
26693,10287,0.54,2026-01-25
26694,6157,0.18,2026-01-25
26695,23805,0.19,2026-01-25
26696,11193,0.04,2026-01-25
26697,21829,0.17,2026-01-25
26698,12704,0.10,2026-01-25
26699,21524,0.16,2026-01-25
26700,15970,0.05,2026-01-25
26701,16922,0.16,2026-01-25
26702,15250,0.08,2026-01-25
26703,3455,0.15,2026-01-25
26704,13080,0.17,2026-01-25
26705,19487,0.08,2026-01-25
26706,24457,0.08,2026-01-25
26707,9155,0.15,2026-01-25
26708,1186,0.12,2026-01-25
26709,382,0.23,2026-01-25
26710,6544,0.06,2026-01-25
26711,21081,0.13,2026-01-25
26712,19189,0.07,2026-01-25
26713,11223,0.13,2026-01-25
26714,6920,0.11,2026-01-25
26715,20210,0.18,2026-01-25
26716,17247,0.11,2026-01-25
26717,24866,0.07,2026-01-25
26718,17170,0.15,2026-01-25
26719,18352,0.06,2026-01-25
26720,10438,0.17,2026-01-25
26721,26879,0.08,2026-01-25
26722,2767,0.07,2026-01-25
26723,19162,0.14,2026-01-25
26724,12174,0.90,2026-01-25
26725,4696,0.17,2026-01-25
26726,20769,0.05,2026-01-25
26727,8522,0.06,2026-01-25
26728,8118,0.15,2026-01-25
26729,931,0.10,2026-01-25
26730,15549,0.19,2026-01-25
26731,4222,0.06,2026-01-25
26732,5090,0.15,2026-01-25
26733,21481,0.19,2026-01-25
26734,4751,0.09,2026-01-25
26735,20285,0.11,2026-01-25
26736,13194,0.21,2026-01-25
26737,2499,0.06,2026-01-25
26738,21502,0.17,2026-01-25
26739,10858,0.06,2026-01-25
26740,24824,0.16,2026-01-25
26741,17225,0.11,2026-01-25
26742,21,0.06,2026-01-25
26743,9392,0.06,2026-01-25
26744,8813,0.15,2026-01-25
26745,12300,0.04,2026-01-25
26746,12747,0.11,2026-01-25
26747,8851,0.14,2026-01-25
26748,12529,0.05,2026-01-25
26749,728,0.06,2026-01-25
26750,7723,0.19,2026-01-25
26751,2061,0.19,2026-01-25
26752,9272,0.08,2026-01-25
26753,3212,0.16,2026-01-25
26754,25851,0.07,2026-01-25
26755,26733,0.07,2026-01-25
26756,1451,0.14,2026-01-25
26757,20543,0.17,2026-01-25
26758,9418,0.10,2026-01-25
26759,6259,0.07,2026-01-25
26760,15779,0.24,2026-01-25
26761,12554,0.74,2026-01-25
26762,10268,0.16,2026-01-25
26763,5842,0.06,2026-01-25
26764,11814,0.12,2026-01-25
26765,19058,0.07,2026-01-25
26766,15606,0.09,2026-01-25
26767,10726,0.18,2026-01-25
26768,9295,0.26,2026-01-25
26769,5975,0.29,2026-01-25
26770,12678,0.06,2026-01-25
26771,26867,0.15,2026-01-25
26772,9621,0.09,2026-01-25
26773,23703,0.19,2026-01-25
26774,23706,0.31,2026-01-25
26775,1078,0.13,2026-01-25
26776,14510,0.12,2026-01-25
26777,4586,0.08,2026-01-25
26778,13182,0.14,2026-01-25
26779,4273,0.08,2026-01-25
26780,22808,0.20,2026-01-25
26781,11889,0.09,2026-01-25
26782,22762,0.22,2026-01-25
26783,5234,0.11,2026-01-25
26784,12669,0.09,2026-01-25
26785,12119,0.17,2026-01-25
26786,13520,0.07,2026-01-25
26787,3392,0.22,2026-01-25
26788,3545,0.15,2026-01-25
26789,6075,0.05,2026-01-25
26790,10075,0.17,2026-01-25
26791,24071,0.17,2026-01-25
26792,17183,0.14,2026-01-25
26793,16436,0.15,2026-01-25
26794,22856,0.11,2026-01-25
26795,18127,0.12,2026-01-25
26796,19020,0.09,2026-01-25
26797,17034,0.19,2026-01-25
26798,3566,0.17,2026-01-25
26799,10041,0.08,2026-01-25
26800,16333,0.14,2026-01-25
26801,14369,0.08,2026-01-25
26802,22868,0.20,2026-01-25
26803,11778,0.13,2026-01-25
26804,5212,0.13,2026-01-25
26805,24986,0.06,2026-01-25
26806,23823,0.09,2026-01-25
26807,14858,0.21,2026-01-25
26808,18372,0.05,2026-01-25
26809,21048,0.14,2026-01-25
26810,17434,0.64,2026-01-25
26811,25853,0.05,2026-01-25
26812,23428,0.14,2026-01-25
26813,17374,0.06,2026-01-25
26814,7884,0.19,2026-01-25
26815,18327,0.15,2026-01-25
26816,13162,0.04,2026-01-25
26817,20898,0.76,2026-01-25
26818,2993,0.08,2026-01-25
26819,4678,0.16,2026-01-25
26820,14529,0.06,2026-01-25
26821,17525,0.08,2026-01-25
26822,124,0.25,2026-01-25
26823,13695,0.15,2026-01-25
26824,23984,0.10,2026-01-25
26825,4307,0.19,2026-01-25
26826,6669,0.20,2026-01-25
26827,23233,0.09,2026-01-25
26828,20831,0.16,2026-01-25
26829,4245,0.13,2026-01-25
26830,3527,0.21,2026-01-25
26831,22092,0.15,2026-01-25
26832,25508,0.07,2026-01-25
26833,21369,0.15,2026-01-25
26834,17577,0.16,2026-01-25
26835,18301,0.06,2026-01-25
26836,8498,0.13,2026-01-25
26837,25848,0.12,2026-01-25
26838,6972,0.17,2026-01-25
26839,1347,0.06,2026-01-25
26840,15950,0.11,2026-01-25
26841,24364,0.05,2026-01-25
26842,24196,0.62,2026-01-25
26843,24748,0.20,2026-01-25
26844,20765,0.09,2026-01-25
26845,11304,0.12,2026-01-25
26846,4802,0.06,2026-01-25
26847,8360,0.07,2026-01-25
26848,20258,0.15,2026-01-25
26849,21874,0.07,2026-01-25
26850,11252,0.20,2026-01-25
26851,7441,0.07,2026-01-25
26852,3146,0.19,2026-01-25
26853,22488,0.15,2026-01-25
26854,12990,0.06,2026-01-25
26855,23498,0.06,2026-01-25
26856,4171,0.17,2026-01-25
26857,21278,0.20,2026-01-25
26858,17542,0.08,2026-01-25
26859,15392,0.08,2026-01-25
26860,16019,0.16,2026-01-25
26861,20027,0.59,2026-01-25
26862,19715,0.08,2026-01-25
26863,24895,0.13,2026-01-25
26864,24715,0.15,2026-01-25
26865,9294,0.22,2026-01-25
26866,25479,0.15,2026-01-25
26867,18430,0.08,2026-01-25
26868,11960,0.06,2026-01-25
26869,1883,0.15,2026-01-25
26870,24957,0.07,2026-01-25
26871,10477,0.15,2026-01-25
26872,18787,0.13,2026-01-25
26873,24598,0.06,2026-01-25
26874,24877,0.03,2026-01-25
26875,19447,0.12,2026-01-25
26876,3803,0.17,2026-01-25
26877,17397,0.07,2026-01-25
26878,2226,0.05,2026-01-25
26879,26164,0.10,2026-01-25
26880,14635,0.07,2026-01-25
26881,4691,0.11,2026-01-25
26882,18685,0.09,2026-01-25
26883,26374,0.16,2026-01-25
26884,3854,0.05,2026-01-25
26885,15077,0.16,2026-01-25
26886,14469,0.06,2026-01-25
26887,23244,0.09,2026-01-25
26888,4221,0.13,2026-01-25
26889,3167,0.16,2026-01-25
26890,14367,0.19,2026-01-25
26891,20752,0.12,2026-01-25
26892,6711,0.26,2026-01-25
26893,15513,0.13,2026-01-25
26894,24642,0.12,2026-01-25
26895,1464,0.08,2026-01-25
26896,19757,0.16,2026-01-25
26897,6736,0.07,2026-01-25
26898,22141,0.21,2026-01-25
26899,16591,0.36,2026-01-25
26900,17267,0.06,2026-01-25
26901,873,0.17,2026-01-25
26902,1013,0.12,2026-01-25
26903,6243,0.04,2026-01-25
26904,13002,0.06,2026-01-25
26905,20659,0.16,2026-01-25
26906,20049,0.08,2026-01-25
26907,15360,0.17,2026-01-25
26908,5217,0.59,2026-01-25
26909,2726,0.09,2026-01-25
26910,24090,0.15,2026-01-25
26911,24005,0.10,2026-01-25
26912,14417,0.18,2026-01-25
26913,24730,0.54,2026-01-25
26914,17496,0.12,2026-01-25
26915,13595,0.08,2026-01-25
26916,22003,0.10,2026-01-25
26917,21891,0.18,2026-01-25
26918,12087,0.06,2026-01-25
26919,2974,0.14,2026-01-25
26920,9991,0.15,2026-01-25
26921,19192,0.06,2026-01-25
26922,12763,0.05,2026-01-25
26923,21373,0.18,2026-01-25
26924,16217,0.06,2026-01-25
26925,18230,0.08,2026-01-25
26926,13164,0.63,2026-01-25
26927,3775,0.06,2026-01-25
26928,14685,0.10,2026-01-25
26929,16753,0.15,2026-01-25
26930,6121,0.11,2026-01-25
26931,24472,0.15,2026-01-25
26932,18027,0.05,2026-01-25
26933,25473,0.17,2026-01-25
26934,2043,0.06,2026-01-25
26935,8587,0.17,2026-01-25
26936,2205,0.04,2026-01-25
26937,20183,0.16,2026-01-25
26938,7601,0.06,2026-01-25
26939,16226,0.05,2026-01-25
26940,11733,0.16,2026-01-25
26941,23553,0.06,2026-01-25
26942,24675,0.20,2026-01-25
26943,24327,0.11,2026-01-25
26944,18047,0.20,2026-01-25
26945,8523,0.05,2026-01-25
26946,16569,0.17,2026-01-25
26947,26590,0.53,2026-01-25
26948,18005,0.09,2026-01-25
26949,15458,0.12,2026-01-25
26950,5420,0.08,2026-01-25
26951,10882,0.19,2026-01-25
26952,4438,0.07,2026-01-25
26953,15162,0.11,2026-01-25
26954,17268,0.13,2026-01-25
26955,24820,0.09,2026-01-25
26956,5646,0.16,2026-01-25
26957,14531,0.09,2026-01-25
26958,22772,0.19,2026-01-25
26959,22009,0.12,2026-01-25
26960,26432,0.11,2026-01-25
26961,14596,0.08,2026-01-25
26962,7117,0.19,2026-01-25
26963,19934,0.09,2026-01-25
26964,4848,0.11,2026-01-25
26965,20602,0.16,2026-01-25
26966,17347,0.05,2026-01-25
26967,3981,0.19,2026-01-25
26968,10521,0.09,2026-01-25
26969,19668,0.17,2026-01-25
26970,8568,0.50,2026-01-25
26971,9189,0.05,2026-01-25
26972,130,0.17,2026-01-25
26973,8773,0.11,2026-01-25
26974,25064,0.19,2026-01-25
26975,15244,0.07,2026-01-25
26976,8416,0.23,2026-01-25
26977,18470,0.30,2026-01-25
26978,10653,0.15,2026-01-25
26979,13720,0.25,2026-01-25
26980,26625,0.12,2026-01-25
26981,16007,0.11,2026-01-25
26982,7571,0.07,2026-01-25
26983,20848,0.21,2026-01-25
26984,13814,0.10,2026-01-25
26985,13050,0.18,2026-01-25
26986,9851,0.09,2026-01-25
26987,20700,0.04,2026-01-25
26988,23682,0.17,2026-01-25
26989,25634,0.16,2026-01-25
26990,23766,0.04,2026-01-25
26991,15896,2.06,2026-01-25
26992,1087,0.56,2026-01-25
26993,431,0.13,2026-01-25
26994,4640,0.07,2026-01-25
26995,3128,0.13,2026-01-25
26996,6385,0.23,2026-01-25
26997,18816,0.26,2026-01-25
26998,20526,0.12,2026-01-25
26999,20988,0.11,2026-01-25
27000,16614,0.18,2026-01-25
27001,3429,0.15,2026-01-25
27002,3037,0.11,2026-01-25
27003,10926,0.17,2026-01-25
27004,3983,0.24,2026-01-25
27005,8795,0.08,2026-01-25
27006,12585,0.22,2026-01-25
27007,3856,0.18,2026-01-25
27008,18232,0.06,2026-01-25
27009,14330,0.07,2026-01-25
27010,23461,0.20,2026-01-25
27011,1841,0.08,2026-01-25
27012,10452,0.21,2026-01-25
27013,1447,0.13,2026-01-25
27014,13546,0.22,2026-01-25
27015,25126,0.07,2026-01-25
27016,7714,0.15,2026-01-25
27017,19293,0.08,2026-01-25
27018,12649,0.21,2026-01-25
27019,5820,0.12,2026-01-25
27020,25972,0.06,2026-01-25
27021,13895,1.05,2026-01-25
27022,8390,0.21,2026-01-25
27023,12296,0.37,2026-01-25
27024,17676,0.25,2026-01-25
27025,8343,0.39,2026-01-25
27026,25912,0.23,2026-01-25
27027,15887,0.20,2026-01-25
27028,22902,0.07,2026-01-25
27029,27005,0.14,2026-01-25
27030,12677,0.07,2026-01-25
27031,3362,0.11,2026-01-25
27032,23535,0.16,2026-01-25
27033,25749,0.07,2026-01-25
27034,2627,0.07,2026-01-25
27035,26790,0.48,2026-01-25
27036,17967,0.23,2026-01-25
27037,14522,0.21,2026-01-25
27038,10700,0.09,2026-01-25
27039,9299,0.21,2026-01-25
27040,24099,0.11,2026-01-25
27041,27089,0.11,2026-01-25
27042,13117,0.18,2026-01-25
27043,21916,0.09,2026-01-25
27044,13396,0.18,2026-01-25
27045,2874,0.09,2026-01-25
27046,26458,0.17,2026-01-25
27047,4454,0.06,2026-01-25
27048,20029,0.19,2026-01-25
27049,15580,0.17,2026-01-25
27050,9443,0.05,2026-01-25
27051,1302,0.10,2026-01-25
27052,9420,1.21,2026-01-25
27053,13307,0.14,2026-01-25
27054,7667,0.03,2026-01-25
27055,16831,4.75,2026-01-25
27056,21862,0.25,2026-01-25
27057,10910,0.10,2026-01-25
27058,4778,6.67,2026-01-25
27059,9893,3.53,2026-01-25
27060,23383,10.49,2026-01-25
27061,14774,3.69,2026-01-25
27062,1994,10.55,2026-01-25
27063,18304,21.60,2026-01-25
27064,1177,4.71,2026-01-25
27065,20448,4.79,2026-01-25
27066,4260,11.17,2026-01-25
27067,14394,31.01,2026-01-25
27068,25704,8.31,2026-01-25
27069,9593,14.95,2026-01-25
27070,20702,22.90,2026-01-25
27071,17376,29.03,2026-01-25
27072,8361,30.21,2026-01-25
27073,10876,13.16,2026-01-25
27074,1649,3.74,2026-01-25
27075,16347,4.74,2026-01-25
27076,22834,4.55,2026-01-25
27077,4238,3.34,2026-01-25
27078,3654,5.63,2026-01-25
27079,21781,7.53,2026-01-25
27080,8728,4.03,2026-01-25
27081,14624,10.12,2026-01-25
27082,25685,1.14,2026-01-25
27083,4143,7.70,2026-01-25
27084,2301,1.00,2026-01-25
27085,10257,4.18,2026-01-25
27086,10719,2.75,2026-01-25
27087,7802,1.29,2026-01-25
27088,9712,1.44,2026-01-25
27089,9121,1.03,2026-01-25
27090,7294,0.99,2026-01-25
27091,4125,1.27,2026-01-25
27092,19839,1.14,2026-01-25
27093,10835,5.60,2026-01-25
27094,24144,2.37,2026-01-25
27095,15933,2.09,2026-01-25
27096,5108,5.63,2026-01-25
27097,8363,1.60,2026-01-25
27098,27036,3.63,2026-01-25
27099,20201,5.07,2026-01-25
27100,25909,1.33,2026-01-25
27101,18326,5.27,2026-01-25
27102,827,18.75,2026-01-25
27103,16895,53.50,2026-01-25
27104,2826,8.54,2026-01-25
27105,15932,4.23,2026-01-25
27106,9798,16.00,2026-01-25
27107,1328,7.02,2026-01-25
27108,10264,3.72,2026-01-25
27109,5603,6.22,2026-01-25
27110,26256,23.05,2026-01-25
27111,1445,6.87,2026-01-25
27112,5343,9.78,2026-01-25
27113,2965,5.54,2026-01-25
27114,815,5.27,2026-01-25
27115,1957,6.98,2026-01-25
27116,16413,3.74,2026-01-25
27117,12599,8.55,2026-01-25
27118,25282,4.83,2026-01-25
27119,1142,2.59,2026-01-25
27120,16126,0.23,2026-01-25
27121,7769,4.61,2026-01-25
27122,6340,4.53,2026-01-25
27123,12648,2.63,2026-01-25
27124,24375,0.25,2026-01-25
27125,7776,0.95,2026-01-25
27126,5166,2.09,2026-01-25
27127,23247,2.08,2026-01-25
27128,16662,0.65,2026-01-25
27129,3352,4.34,2026-01-25
27130,8629,0.24,2026-01-25
27131,23660,2.00,2026-01-25
27132,22723,4.71,2026-01-25
27133,7076,0.10,2026-01-25
27134,14492,0.04,2026-01-25
27135,9127,0.10,2026-01-25
27136,18108,0.17,2026-01-25
27137,21170,0.06,2026-01-25
27138,22602,0.07,2026-01-25
27139,23537,0.20,2026-01-25
27140,23712,0.12,2026-01-25
27141,23966,0.10,2026-01-25
27142,13034,0.07,2026-01-25
27143,18215,0.55,2026-01-25
27144,8783,0.18,2026-01-25
27145,21821,0.10,2026-01-25
27146,7914,0.22,2026-01-25
27147,8687,0.13,2026-01-25
27148,7542,0.20,2026-01-25
27149,20858,0.11,2026-01-25
27150,616,0.07,2026-01-25
27151,4597,0.16,2026-01-25
27152,15744,0.07,2026-01-25
27153,9800,0.14,2026-01-25
27154,905,0.74,2026-01-25
27155,10490,0.06,2026-01-25
27156,2570,0.17,2026-01-25
27157,5955,0.16,2026-01-25
27158,1754,0.08,2026-01-25
27159,2747,0.08,2026-01-25
27160,15096,0.10,2026-01-25
27161,18288,0.07,2026-01-25
27162,27075,0.14,2026-01-25
27163,15969,0.06,2026-01-25
27164,8330,0.11,2026-01-25
27165,12388,0.11,2026-01-25
27166,12420,0.16,2026-01-25
27167,21229,0.05,2026-01-25
27168,14925,0.12,2026-01-25
27169,18163,0.09,2026-01-25
27170,17717,0.12,2026-01-25
27171,16558,0.15,2026-01-25
27172,14161,0.06,2026-01-25
27173,10289,0.14,2026-01-25
27174,19231,0.05,2026-01-25
27175,23820,0.14,2026-01-25
27176,23126,0.10,2026-01-25
27177,26603,0.05,2026-01-25
27178,22057,0.14,2026-01-25
27179,15128,0.07,2026-01-25
27180,26302,0.12,2026-01-25
27181,23897,0.12,2026-01-25
27182,18101,0.07,2026-01-25
27183,6704,0.86,2026-01-25
27184,26465,0.15,2026-01-25
27185,1938,0.08,2026-01-25
27186,6934,0.08,2026-01-25
27187,21845,0.13,2026-01-25
27188,13438,0.18,2026-01-25
27189,16747,0.10,2026-01-25
27190,7591,0.19,2026-01-25
27191,4950,0.29,2026-01-25
27192,7220,0.13,2026-01-25
27193,2924,0.09,2026-01-25
27194,13621,0.14,2026-01-25
27195,11428,0.06,2026-01-25
27196,24528,0.12,2026-01-25
27197,5968,0.06,2026-01-25
27198,16499,0.07,2026-01-25
27199,2448,0.16,2026-01-25
27200,12160,0.11,2026-01-25
27201,16985,0.06,2026-01-25
27202,11555,0.07,2026-01-25
27203,4662,0.13,2026-01-25
27204,6378,0.17,2026-01-25
27205,23196,0.11,2026-01-25
27206,10709,0.77,2026-01-25
27207,1584,0.68,2026-01-25
27208,15965,0.13,2026-01-25
27209,15789,0.16,2026-01-25
27210,20583,0.06,2026-01-25
27211,5464,0.12,2026-01-25
27212,13534,0.16,2026-01-25
27213,21577,0.07,2026-01-25
27214,11807,0.08,2026-01-25
27215,14292,0.17,2026-01-25
27216,20805,0.55,2026-01-25
27217,8909,0.12,2026-01-25
27218,5083,0.08,2026-01-25
27219,18333,0.16,2026-01-25
27220,9791,0.08,2026-01-25
27221,10501,0.07,2026-01-25
27222,75,0.16,2026-01-25
27223,3115,0.16,2026-01-25
27224,22587,0.06,2026-01-25
27225,7469,0.14,2026-01-25
27226,25232,0.15,2026-01-25
27227,12792,0.09,2026-01-25
27228,6785,0.16,2026-01-25
27229,7678,0.08,2026-01-25
27230,9472,0.16,2026-01-25
27231,6833,0.08,2026-01-25
27232,808,0.14,2026-01-25
27233,8018,0.12,2026-01-25
27234,6017,0.07,2026-01-25
27235,17615,0.09,2026-01-25
27236,11444,0.16,2026-01-25
27237,10646,0.12,2026-01-25
27238,12516,0.07,2026-01-25
27239,3839,0.15,2026-01-25
27240,18926,0.13,2026-01-25
27241,24310,3.06,2026-01-25
27242,20418,0.08,2026-01-25
27243,26185,0.16,2026-01-25
27244,4110,0.13,2026-01-25
27245,15548,0.08,2026-01-25
27246,24696,0.20,2026-01-25
27247,22631,0.06,2026-01-25
27248,24469,0.18,2026-01-25
27249,22961,0.21,2026-01-25
27250,19117,0.85,2026-01-25
27251,6027,0.33,2026-01-25
27252,16233,0.14,2026-01-25
27253,20000,0.14,2026-01-25
27254,19361,0.26,2026-01-25
27255,22546,0.15,2026-01-25
27256,18568,0.07,2026-01-25
27257,15795,0.06,2026-01-25
27258,23163,0.15,2026-01-25
27259,22945,0.14,2026-01-25
27260,3963,0.07,2026-01-25
27261,9101,0.15,2026-01-25
27262,15576,0.16,2026-01-25
27263,7088,0.09,2026-01-25
27264,904,0.18,2026-01-25
27265,22940,0.19,2026-01-25
27266,4656,0.11,2026-01-25
27267,16148,0.18,2026-01-25
27268,8453,0.20,2026-01-25
27269,6086,0.05,2026-01-25
27270,12385,0.09,2026-01-25
27271,24171,0.16,2026-01-25
27272,3682,0.07,2026-01-25
27273,20955,0.14,2026-01-25
27274,21910,0.07,2026-01-25
27275,24243,0.07,2026-01-25
27276,16474,0.17,2026-01-25
27277,24345,0.12,2026-01-25
27278,23729,0.15,2026-01-25
27279,18153,0.15,2026-01-25
27280,12460,0.06,2026-01-25
27281,6309,0.15,2026-01-25
27282,5811,0.10,2026-01-25
27283,1147,0.15,2026-01-25
27284,18657,0.21,2026-01-25
27285,20838,0.15,2026-01-25
27286,16306,0.09,2026-01-25
27287,16235,0.16,2026-01-25
27288,21452,0.10,2026-01-25
27289,19099,0.87,2026-01-25
27290,15364,0.26,2026-01-25
27291,12053,0.20,2026-01-25
27292,13332,0.05,2026-01-25
27293,7034,0.14,2026-01-25
27294,26217,0.09,2026-01-25
27295,12873,0.17,2026-01-25
27296,19883,0.04,2026-01-25
27297,8274,0.12,2026-01-25
27298,17069,0.12,2026-01-25
27299,11730,0.04,2026-01-25
27300,19782,0.10,2026-01-25
27301,11538,0.04,2026-01-25
27302,12182,0.06,2026-01-25
27303,7607,0.13,2026-01-25
27304,20577,0.63,2026-01-25
27305,19168,0.05,2026-01-25
27306,9828,0.14,2026-01-25
27307,17452,0.80,2026-01-25
27308,835,0.07,2026-01-25
27309,21508,0.12,2026-01-25
27310,18647,0.06,2026-01-25
27311,11459,0.16,2026-01-25
27312,18371,0.10,2026-01-25
27313,14835,0.10,2026-01-25
27314,3174,0.18,2026-01-25
27315,14325,0.10,2026-01-25
27316,20777,0.18,2026-01-25
27317,21654,0.07,2026-01-25
27318,6007,0.17,2026-01-25
27319,5706,0.20,2026-01-25
27320,23581,0.16,2026-01-25
27321,6245,0.10,2026-01-25
27322,11712,0.12,2026-01-25
27323,24347,0.05,2026-01-25
27324,5012,0.11,2026-01-25
27325,11927,0.17,2026-01-25
27326,300,0.08,2026-01-25
27327,9160,0.15,2026-01-25
27328,9457,0.15,2026-01-25
27329,11873,0.20,2026-01-25
27330,3982,0.13,2026-01-25
27331,19964,0.07,2026-01-25
27332,19290,0.08,2026-01-25
27333,6805,0.15,2026-01-25
27334,22685,0.25,2026-01-25
27335,6794,0.11,2026-01-25
27336,21082,0.11,2026-01-25
27337,22892,0.18,2026-01-25
27338,6571,0.16,2026-01-25
27339,5501,0.08,2026-01-25
27340,10050,0.17,2026-01-25
27341,3726,0.14,2026-01-25
27342,21790,0.15,2026-01-25
27343,4151,0.10,2026-01-25
27344,24245,0.19,2026-01-25
27345,1964,0.10,2026-01-25
27346,24353,0.75,2026-01-25
27347,21415,0.07,2026-01-25
27348,13146,0.15,2026-01-25
27349,22543,0.12,2026-01-25
27350,1532,0.10,2026-01-25
27351,11332,0.03,2026-01-25
27352,7908,0.09,2026-01-25
27353,24802,0.17,2026-01-25
27354,10334,0.05,2026-01-25
27355,11388,0.13,2026-01-25
27356,20741,0.06,2026-01-25
27357,26653,0.13,2026-01-25
27358,4612,0.05,2026-01-25
27359,2856,0.07,2026-01-25
27360,26781,0.14,2026-01-25
27361,10974,0.09,2026-01-25
27362,25696,0.13,2026-01-25
27363,15014,0.09,2026-01-25
27364,3072,0.12,2026-01-25
27365,10509,0.17,2026-01-25
27366,7421,0.20,2026-01-25
27367,9204,0.12,2026-01-25
27368,14524,0.05,2026-01-25
27369,14792,0.07,2026-01-25
27370,7795,0.11,2026-01-25
27371,26432,0.11,2026-01-25
27372,14596,0.08,2026-01-25
27373,7117,0.19,2026-01-25
27374,19934,0.09,2026-01-25
27375,4848,0.11,2026-01-25
27376,20602,0.16,2026-01-25
27377,17347,0.05,2026-01-25
27378,3981,0.19,2026-01-25
27379,10521,0.09,2026-01-25
27380,19668,0.17,2026-01-25
27381,8568,0.50,2026-01-25
27382,9189,0.05,2026-01-25
27383,130,0.17,2026-01-25
27384,8773,0.11,2026-01-25
27385,25064,0.19,2026-01-25
27386,15244,0.07,2026-01-25
27387,8416,0.23,2026-01-25
27388,18470,0.30,2026-01-25
27389,10653,0.15,2026-01-25
27390,13720,0.25,2026-01-25
27391,26625,0.12,2026-01-25
27392,16007,0.11,2026-01-25
27393,7571,0.07,2026-01-25
27394,20848,0.21,2026-01-25
27395,13814,0.10,2026-01-25
27396,13050,0.18,2026-01-25
27397,9851,0.09,2026-01-25
27398,20700,0.04,2026-01-25
27399,23682,0.17,2026-01-25
27400,25634,0.16,2026-01-25
27401,23766,0.04,2026-01-25
27402,15896,2.06,2026-01-25
27403,1087,0.56,2026-01-25
27404,431,0.13,2026-01-25
27405,4640,0.07,2026-01-25
27406,3128,0.13,2026-01-25
27407,6385,0.23,2026-01-25
27408,18816,0.26,2026-01-25
27409,20526,0.12,2026-01-25
27410,20988,0.11,2026-01-25
27411,16614,0.18,2026-01-25
27412,3429,0.15,2026-01-25
27413,3037,0.11,2026-01-25
27414,10926,0.17,2026-01-25
27415,3983,0.24,2026-01-25
27416,8795,0.08,2026-01-25
27417,12585,0.22,2026-01-25
27418,3856,0.18,2026-01-25
27419,18232,0.06,2026-01-25
27420,14330,0.07,2026-01-25
27421,23461,0.20,2026-01-25
27422,1841,0.08,2026-01-25
27423,10452,0.21,2026-01-25
27424,1447,0.13,2026-01-25
27425,13546,0.22,2026-01-25
27426,25126,0.07,2026-01-25
27427,7714,0.15,2026-01-25
27428,19293,0.08,2026-01-25
27429,12649,0.21,2026-01-25
27430,5820,0.12,2026-01-25
27431,25972,0.06,2026-01-25
27432,13895,1.05,2026-01-25
27433,8390,0.21,2026-01-25
27434,12296,0.37,2026-01-25
27435,17676,0.25,2026-01-25
27436,8343,0.39,2026-01-25
27437,25912,0.23,2026-01-25
27438,15887,0.20,2026-01-25
27439,22902,0.07,2026-01-25
27440,27005,0.14,2026-01-25
27441,12677,0.07,2026-01-25
27442,3362,0.11,2026-01-25
27443,23535,0.16,2026-01-25
27444,25749,0.07,2026-01-25
27445,2627,0.07,2026-01-25
27446,26790,0.48,2026-01-25
27447,17967,0.23,2026-01-25
27448,14522,0.21,2026-01-25
27449,10700,0.09,2026-01-25
27450,9299,0.21,2026-01-25
27451,24099,0.11,2026-01-25
27452,27089,0.11,2026-01-25
27453,13117,0.18,2026-01-25
27454,21916,0.09,2026-01-25
27455,13396,0.18,2026-01-25
27456,2874,0.09,2026-01-25
27457,26458,0.17,2026-01-25
27458,4454,0.06,2026-01-25
27459,20029,0.19,2026-01-25
27460,15580,0.17,2026-01-25
27461,9443,0.05,2026-01-25
27462,1302,0.10,2026-01-25
27463,9420,1.21,2026-01-25
27464,13307,0.14,2026-01-25
27465,7667,0.03,2026-01-25
27466,16831,4.75,2026-01-25
27467,21862,0.25,2026-01-25
27468,10910,0.10,2026-01-25
27469,4778,6.67,2026-01-25
27470,9893,3.53,2026-01-25
27471,23383,10.49,2026-01-25
27472,14774,3.69,2026-01-25
27473,1994,10.55,2026-01-25
27474,18304,21.60,2026-01-25
27475,1177,4.71,2026-01-25
27476,20448,4.79,2026-01-25
27477,4260,11.17,2026-01-25
27478,14394,31.01,2026-01-25
27479,25704,8.31,2026-01-25
27480,9593,14.95,2026-01-25
27481,20702,22.90,2026-01-25
27482,17376,29.03,2026-01-25
27483,8361,30.21,2026-01-25
27484,10876,13.16,2026-01-25
27485,1649,3.74,2026-01-25
27486,16347,4.74,2026-01-25
27487,22834,4.55,2026-01-25
27488,4238,3.34,2026-01-25
27489,3654,5.63,2026-01-25
27490,21781,7.53,2026-01-25
27491,8728,4.03,2026-01-25
27492,14624,10.12,2026-01-25
27493,25685,1.14,2026-01-25
27494,4143,7.70,2026-01-25
27495,2301,1.00,2026-01-25
27496,10257,4.18,2026-01-25
27497,10719,2.75,2026-01-25
27498,7802,1.29,2026-01-25
27499,9712,1.44,2026-01-25
27500,9121,1.03,2026-01-25
27501,7294,0.99,2026-01-25
27502,4125,1.27,2026-01-25
27503,19839,1.14,2026-01-25
27504,10835,5.60,2026-01-25
27505,24144,2.37,2026-01-25
27506,15933,2.09,2026-01-25
27507,5108,5.63,2026-01-25
27508,8363,1.60,2026-01-25
27509,27036,3.63,2026-01-25
27510,20201,5.07,2026-01-25
27511,25909,1.33,2026-01-25
27512,18326,5.27,2026-01-25
27513,827,18.75,2026-01-25
27514,16895,53.50,2026-01-25
27515,2826,8.54,2026-01-25
27516,15932,4.23,2026-01-25
27517,9798,16.00,2026-01-25
27518,1328,7.02,2026-01-25
27519,10264,3.72,2026-01-25
27520,5603,6.22,2026-01-25
27521,26256,23.05,2026-01-25
27522,1445,6.87,2026-01-25
27523,5343,9.78,2026-01-25
27524,2965,5.54,2026-01-25
27525,815,5.27,2026-01-25
27526,1957,6.98,2026-01-25
27527,16413,3.74,2026-01-25
27528,12599,8.55,2026-01-25
27529,25282,4.83,2026-01-25
27530,1142,2.59,2026-01-25
27531,16126,0.23,2026-01-25
27532,7769,4.61,2026-01-25
27533,6340,4.53,2026-01-25
27534,12648,2.63,2026-01-25
27535,24375,0.25,2026-01-25
27536,7776,0.95,2026-01-25
27537,5166,2.09,2026-01-25
27538,23247,2.08,2026-01-25
27539,16662,0.65,2026-01-25
27540,3352,4.34,2026-01-25
27541,8629,0.24,2026-01-25
27542,23660,2.00,2026-01-25
27543,22723,4.71,2026-01-25
27544,7076,0.10,2026-01-25
27545,14492,0.04,2026-01-25
27546,9127,0.10,2026-01-25
27547,18108,0.17,2026-01-25
27548,21170,0.06,2026-01-25
27549,22602,0.07,2026-01-25
27550,23537,0.20,2026-01-25
27551,23712,0.12,2026-01-25
27552,23966,0.10,2026-01-25
27553,13034,0.07,2026-01-25
27554,18215,0.55,2026-01-25
27555,8783,0.18,2026-01-25
27556,21821,0.10,2026-01-25
27557,7914,0.22,2026-01-25
27558,8687,0.13,2026-01-25
27559,7542,0.20,2026-01-25
27560,20858,0.11,2026-01-25
27561,616,0.07,2026-01-25
27562,4597,0.16,2026-01-25
27563,15744,0.07,2026-01-25
27564,9800,0.14,2026-01-25
27565,905,0.74,2026-01-25
27566,10490,0.06,2026-01-25
27567,2570,0.17,2026-01-25
27568,5955,0.16,2026-01-25
27569,1754,0.08,2026-01-25
27570,2747,0.08,2026-01-25
27571,15096,0.10,2026-01-25
27572,18288,0.07,2026-01-25
27573,27075,0.14,2026-01-25
27574,15969,0.06,2026-01-25
27575,8330,0.11,2026-01-25
27576,12388,0.11,2026-01-25
27577,12420,0.16,2026-01-25
27578,21229,0.05,2026-01-25
27579,14925,0.12,2026-01-25
27580,18163,0.09,2026-01-25
27581,17717,0.12,2026-01-25
27582,16558,0.15,2026-01-25
27583,14161,0.06,2026-01-25
27584,10289,0.14,2026-01-25
27585,19231,0.05,2026-01-25
27586,23820,0.14,2026-01-25
27587,23126,0.10,2026-01-25
27588,26603,0.05,2026-01-25
27589,22057,0.14,2026-01-25
27590,15128,0.07,2026-01-25
27591,26302,0.12,2026-01-25
27592,23897,0.12,2026-01-25
27593,18101,0.07,2026-01-25
27594,6704,0.86,2026-01-25
27595,26465,0.15,2026-01-25
27596,1938,0.08,2026-01-25
27597,6934,0.08,2026-01-25
27598,21845,0.13,2026-01-25
27599,13438,0.18,2026-01-25
27600,16747,0.10,2026-01-25
27601,7591,0.19,2026-01-25
27602,4950,0.29,2026-01-25
27603,7220,0.13,2026-01-25
27604,2924,0.09,2026-01-25
27605,13621,0.14,2026-01-25
27606,11428,0.06,2026-01-25
27607,24528,0.12,2026-01-25
27608,5968,0.06,2026-01-25
27609,16499,0.07,2026-01-25
27610,2448,0.16,2026-01-25
27611,12160,0.11,2026-01-25
27612,16985,0.06,2026-01-25
27613,11555,0.07,2026-01-25
27614,4662,0.13,2026-01-25
27615,6378,0.17,2026-01-25
27616,23196,0.11,2026-01-25
27617,10709,0.77,2026-01-25
27618,1584,0.68,2026-01-25
27619,15965,0.13,2026-01-25
27620,15789,0.16,2026-01-25
27621,20583,0.06,2026-01-25
27622,5464,0.12,2026-01-25
27623,13534,0.16,2026-01-25
27624,21577,0.07,2026-01-25
27625,11807,0.08,2026-01-25
27626,14292,0.17,2026-01-25
27627,20805,0.55,2026-01-25
27628,8909,0.12,2026-01-25
27629,5083,0.08,2026-01-25
27630,18333,0.16,2026-01-25
27631,9791,0.08,2026-01-25
27632,10501,0.07,2026-01-25
27633,75,0.16,2026-01-25
27634,3115,0.16,2026-01-25
27635,22587,0.06,2026-01-25
27636,7469,0.14,2026-01-25
27637,25232,0.15,2026-01-25
27638,12792,0.09,2026-01-25
27639,6785,0.16,2026-01-25
27640,7678,0.08,2026-01-25
27641,9472,0.16,2026-01-25
27642,6833,0.08,2026-01-25
27643,808,0.14,2026-01-25
27644,8018,0.12,2026-01-25
27645,6017,0.07,2026-01-25
27646,17615,0.09,2026-01-25
27647,11444,0.16,2026-01-25
27648,10646,0.12,2026-01-25
27649,12516,0.07,2026-01-25
27650,3839,0.15,2026-01-25
27651,18926,0.13,2026-01-25
27652,24310,3.06,2026-01-25
27653,20418,0.08,2026-01-25
27654,26185,0.16,2026-01-25
27655,4110,0.13,2026-01-25
27656,15548,0.08,2026-01-25
27657,24696,0.20,2026-01-25
27658,22631,0.06,2026-01-25
27659,24469,0.18,2026-01-25
27660,22961,0.21,2026-01-25
27661,19117,0.85,2026-01-25
27662,6027,0.33,2026-01-25
27663,16233,0.14,2026-01-25
27664,20000,0.14,2026-01-25
27665,19361,0.26,2026-01-25
27666,22546,0.15,2026-01-25
27667,18568,0.07,2026-01-25
27668,15795,0.06,2026-01-25
27669,23163,0.15,2026-01-25
27670,22945,0.14,2026-01-25
27671,3963,0.07,2026-01-25
27672,9101,0.15,2026-01-25
27673,15576,0.16,2026-01-25
27674,7088,0.09,2026-01-25
27675,904,0.18,2026-01-25
27676,22940,0.19,2026-01-25
27677,4656,0.11,2026-01-25
27678,16148,0.18,2026-01-25
27679,8453,0.20,2026-01-25
27680,6086,0.05,2026-01-25
27681,12385,0.09,2026-01-25
27682,24171,0.16,2026-01-25
27683,3682,0.07,2026-01-25
27684,20955,0.14,2026-01-25
27685,21910,0.07,2026-01-25
27686,24243,0.07,2026-01-25
27687,16474,0.17,2026-01-25
27688,24345,0.12,2026-01-25
27689,23729,0.15,2026-01-25
27690,18153,0.15,2026-01-25
27691,12460,0.06,2026-01-25
27692,6309,0.15,2026-01-25
27693,5811,0.10,2026-01-25
27694,1147,0.15,2026-01-25
27695,18657,0.21,2026-01-25
27696,20838,0.15,2026-01-25
27697,16306,0.09,2026-01-25
27698,16235,0.16,2026-01-25
27699,21452,0.10,2026-01-25
27700,19099,0.87,2026-01-25
27701,15364,0.26,2026-01-25
27702,12053,0.20,2026-01-25
27703,13332,0.05,2026-01-25
27704,7034,0.14,2026-01-25
27705,26217,0.09,2026-01-25
27706,12873,0.17,2026-01-25
27707,19883,0.04,2026-01-25
27708,8274,0.12,2026-01-25
27709,17069,0.12,2026-01-25
27710,11730,0.04,2026-01-25
27711,19782,0.10,2026-01-25
27712,11538,0.04,2026-01-25
27713,12182,0.06,2026-01-25
27714,7607,0.13,2026-01-25
27715,20577,0.63,2026-01-25
27716,19168,0.05,2026-01-25
27717,9828,0.14,2026-01-25
27718,17452,0.80,2026-01-25
27719,835,0.07,2026-01-25
27720,21508,0.12,2026-01-25
27721,18647,0.06,2026-01-25
27722,11459,0.16,2026-01-25
27723,18371,0.10,2026-01-25
27724,14835,0.10,2026-01-25
27725,3174,0.18,2026-01-25
27726,14325,0.10,2026-01-25
27727,20777,0.18,2026-01-25
27728,21654,0.07,2026-01-25
27729,6007,0.17,2026-01-25
27730,5706,0.20,2026-01-25
27731,23581,0.16,2026-01-25
27732,6245,0.10,2026-01-25
27733,11712,0.12,2026-01-25
27734,24347,0.05,2026-01-25
27735,5012,0.11,2026-01-25
27736,11927,0.17,2026-01-25
27737,300,0.08,2026-01-25
27738,9160,0.15,2026-01-25
27739,9457,0.15,2026-01-25
27740,11873,0.20,2026-01-25
27741,3982,0.13,2026-01-25
27742,19964,0.07,2026-01-25
27743,19290,0.08,2026-01-25
27744,6805,0.15,2026-01-25
27745,22685,0.25,2026-01-25
27746,6794,0.11,2026-01-25
27747,21082,0.11,2026-01-25
27748,22892,0.18,2026-01-25
27749,6571,0.16,2026-01-25
27750,5501,0.08,2026-01-25
27751,10050,0.17,2026-01-25
27752,3726,0.14,2026-01-25
27753,21790,0.15,2026-01-25
27754,4151,0.10,2026-01-25
27755,24245,0.19,2026-01-25
27756,1964,0.10,2026-01-25
27757,24353,0.75,2026-01-25
27758,21415,0.07,2026-01-25
27759,13146,0.15,2026-01-25
27760,22543,0.12,2026-01-25
27761,1532,0.10,2026-01-25
27762,11332,0.03,2026-01-25
27763,7908,0.09,2026-01-25
27764,24802,0.17,2026-01-25
27765,10334,0.05,2026-01-25
27766,11388,0.13,2026-01-25
27767,20741,0.06,2026-01-25
27768,26653,0.13,2026-01-25
27769,4612,0.05,2026-01-25
27770,2856,0.07,2026-01-25
27771,26781,0.14,2026-01-25
27772,10974,0.09,2026-01-25
27773,25696,0.13,2026-01-25
27774,15014,0.09,2026-01-25
27775,3072,0.12,2026-01-25
27776,10509,0.17,2026-01-25
27777,7421,0.20,2026-01-25
27778,9204,0.12,2026-01-25
27779,14524,0.05,2026-01-25
27780,14792,0.07,2026-01-25
27781,7795,0.11,2026-01-25
27782,7,0.06,2026-01-25
27783,10890,0.12,2026-01-25
27784,16230,0.21,2026-01-25
27785,23570,0.09,2026-01-25
27786,15101,0.10,2026-01-25
27787,1939,0.05,2026-01-25
27788,23809,0.17,2026-01-25
27789,20832,0.06,2026-01-25
27790,11369,0.13,2026-01-25
27791,26009,0.11,2026-01-25
27792,9915,0.08,2026-01-25
27793,19454,0.22,2026-01-25
27794,5000,0.18,2026-01-25
27795,2141,0.05,2026-01-25
27796,362,0.15,2026-01-25
27797,11904,0.29,2026-01-25
27798,17581,0.27,2026-01-25
27799,17504,0.11,2026-01-25
27800,7967,0.08,2026-01-25
27801,8100,0.15,2026-01-25
27802,2250,0.18,2026-01-25
27803,20817,0.04,2026-01-25
27804,14711,0.11,2026-01-25
27805,15927,0.06,2026-01-25
27806,14590,0.13,2026-01-25
27807,19064,0.10,2026-01-25
27808,19499,0.11,2026-01-25
27809,9154,0.07,2026-01-25
27810,1704,0.18,2026-01-25
27811,26558,0.12,2026-01-25
27812,15207,1.09,2026-01-25
27813,10875,0.05,2026-01-25
27814,23026,0.10,2026-01-25
27815,13726,0.08,2026-01-25
27816,26549,0.18,2026-01-25
27817,10937,0.08,2026-01-25
27818,25937,0.21,2026-01-25
27819,26323,0.07,2026-01-25
27820,26964,0.19,2026-01-25
27821,1170,0.37,2026-01-25
27822,25962,0.23,2026-01-25
27823,15056,0.23,2026-01-25
27824,14217,0.14,2026-01-25
27825,17258,0.25,2026-01-25
27826,2147,0.13,2026-01-25
27827,8674,0.21,2026-01-25
27828,15799,0.12,2026-01-25
27829,1102,0.13,2026-01-25
27830,6431,0.09,2026-01-25
27831,16836,0.17,2026-01-25
27832,18107,0.08,2026-01-25
27833,18597,0.06,2026-01-25
27834,13341,0.12,2026-01-25
27835,11513,0.14,2026-01-25
27836,6026,0.08,2026-01-25
27837,8551,0.20,2026-01-25
27838,23136,0.05,2026-01-25
27839,17971,0.05,2026-01-25
27840,5657,0.18,2026-01-25
27841,23881,0.81,2026-01-25
27842,11250,0.08,2026-01-25
27843,17925,0.20,2026-01-25
27844,19527,0.05,2026-01-25
27845,3114,0.21,2026-01-25
27846,4739,0.06,2026-01-25
27847,22792,0.22,2026-01-25
27848,13872,0.10,2026-01-25
27849,4062,0.17,2026-01-25
27850,4995,0.07,2026-01-25
27851,9435,0.23,2026-01-25
27852,22782,0.17,2026-01-25
27853,24946,0.07,2026-01-25
27854,21969,0.20,2026-01-25
27855,14456,0.11,2026-01-25
27856,9699,0.13,2026-01-25
27857,24422,0.09,2026-01-25
27858,16604,0.10,2026-01-25
27859,23421,0.13,2026-01-25
27860,12996,0.22,2026-01-25
27861,5377,0.10,2026-01-25
27862,25568,0.15,2026-01-25
27863,1335,0.06,2026-01-25
27864,15010,0.13,2026-01-25
27865,21886,0.19,2026-01-25
27866,21250,0.14,2026-01-25
27867,13098,0.10,2026-01-25
27868,19471,0.07,2026-01-25
27869,7099,0.17,2026-01-25
27870,19608,0.79,2026-01-25
27871,2102,0.12,2026-01-25
27872,26300,0.24,2026-01-25
27873,20928,0.23,2026-01-25
27874,7334,0.11,2026-01-25
27875,20085,0.10,2026-01-25
27876,16981,0.16,2026-01-25
27877,10971,0.08,2026-01-25
27878,18912,0.15,2026-01-25
27879,2873,0.06,2026-01-25
27880,2220,0.10,2026-01-25
27881,1998,0.08,2026-01-25
27882,12839,0.22,2026-01-25
27883,8849,0.12,2026-01-25
27884,12848,0.18,2026-01-25
27885,20893,0.06,2026-01-25
27886,2409,0.21,2026-01-25
27887,15709,0.17,2026-01-25
27888,7457,0.08,2026-01-25
27889,18587,0.23,2026-01-25
27890,23833,0.10,2026-01-25
27891,3120,0.63,2026-01-25
27892,9630,0.07,2026-01-25
27893,8894,0.21,2026-01-25
27894,1041,0.20,2026-01-25
27895,4412,0.11,2026-01-25
27896,10404,0.77,2026-01-25
27897,15559,0.10,2026-01-25
27898,26359,0.21,2026-01-25
27899,14857,0.05,2026-01-25
27900,11969,0.18,2026-01-25
27901,23625,0.23,2026-01-25
27902,8489,0.09,2026-01-25
27903,23494,0.09,2026-01-25
27904,11979,0.21,2026-01-25
27905,11723,0.08,2026-01-25
27906,18785,0.22,2026-01-25
27907,16446,0.66,2026-01-25
27908,9506,0.07,2026-01-25
27909,13656,0.19,2026-01-25
27910,9040,0.17,2026-01-25
27911,9645,0.10,2026-01-25
27912,9425,0.11,2026-01-25
27913,15755,0.04,2026-01-25
27914,22798,0.07,2026-01-25
27915,10560,0.21,2026-01-25
27916,6751,0.71,2026-01-25
27917,16679,4.53,2026-01-25
27918,13334,0.17,2026-01-25
27919,18364,0.13,2026-01-25
27920,22544,0.10,2026-01-25
27921,4687,0.21,2026-01-25
27922,16300,0.21,2026-01-25
27923,17092,0.10,2026-01-25
27924,3364,0.10,2026-01-25
27925,6707,0.27,2026-01-25
27926,5369,0.22,2026-01-25
27927,5288,0.12,2026-01-25
27928,16472,0.16,2026-01-25
27929,4262,0.29,2026-01-25
27930,15610,0.09,2026-01-25
27931,1978,0.20,2026-01-25
27932,18538,0.11,2026-01-25
27933,819,0.05,2026-01-25
27934,25266,0.11,2026-01-25
27935,17987,0.11,2026-01-25
27936,17703,0.16,2026-01-25
27937,15849,0.10,2026-01-25
27938,18873,0.11,2026-01-25
27939,5553,0.08,2026-01-25
27940,26015,0.06,2026-01-25
27941,20091,0.19,2026-01-25
27942,10619,0.78,2026-01-25
27943,5756,0.10,2026-01-25
27944,3652,0.19,2026-01-25
27945,3056,0.11,2026-01-25
27946,26404,0.24,2026-01-25
27947,8076,0.23,2026-01-25
27948,17494,0.11,2026-01-25
27949,1450,0.10,2026-01-25
27950,7428,0.17,2026-01-25
27951,20266,0.07,2026-01-25
27952,17921,0.10,2026-01-25
27953,736,1.12,2026-01-25
27954,19198,0.23,2026-01-25
27955,5099,0.06,2026-01-25
27956,2009,0.19,2026-01-25
27957,11598,0.05,2026-01-25
27958,18234,0.19,2026-01-25
27959,19092,0.17,2026-01-25
27960,12320,0.08,2026-01-25
27961,14541,0.05,2026-01-25
27962,26750,0.19,2026-01-25
27963,24185,0.17,2026-01-25
27964,21575,0.11,2026-01-25
27965,5136,1.47,2026-01-25
27966,14856,0.20,2026-01-25
27967,14280,0.09,2026-01-25
27968,16602,0.83,2026-01-25
27969,14129,0.86,2026-01-25
27970,19473,0.15,2026-01-25
27971,10970,0.06,2026-01-25
27972,21153,0.06,2026-01-25
27973,20504,0.14,2026-01-25
27974,7032,0.05,2026-01-25
27975,11120,0.18,2026-01-25
27976,12945,0.16,2026-01-25
27977,20082,0.07,2026-01-25
27978,8380,0.75,2026-01-25
27979,8006,0.10,2026-01-25
27980,2130,0.21,2026-01-25
27981,6807,3.77,2026-01-25
27982,20978,0.08,2026-01-25
27983,629,0.19,2026-01-25
27984,9292,0.25,2026-01-25
27985,21673,0.13,2026-01-25
27986,16671,0.22,2026-01-25
27987,24977,0.17,2026-01-25
27988,15083,0.07,2026-01-25
27989,24226,0.19,2026-01-25
27990,7730,0.14,2026-01-25
27991,7905,0.05,2026-01-25
27992,16823,0.12,2026-01-25
27993,6138,0.08,2026-01-25
27994,15711,0.15,2026-01-25
27995,5925,0.11,2026-01-25
27996,2015,0.20,2026-01-25
27997,24034,0.10,2026-01-25
27998,20561,0.06,2026-01-25
27999,67,0.09,2026-01-25
28000,6583,0.67,2026-01-25
28001,7897,0.12,2026-01-25
28002,7280,0.26,2026-01-25
28003,4284,0.08,2026-01-25
28004,17459,0.17,2026-01-25
28005,19056,0.21,2026-01-25
28006,25609,0.17,2026-01-25
28007,17236,0.07,2026-01-25
28008,10884,0.14,2026-01-25
28009,7488,0.05,2026-01-25
28010,14282,0.16,2026-01-25
28011,8357,0.28,2026-01-25
28012,26208,0.11,2026-01-25
28013,3297,0.13,2026-01-25
28014,24187,0.17,2026-01-25
28015,4114,0.10,2026-01-25
28016,21087,0.23,2026-01-25
28017,11552,0.11,2026-01-25
28018,26834,0.13,2026-01-25
28019,4793,0.19,2026-01-25
28020,27030,0.12,2026-01-25
28021,14034,0.21,2026-01-25
28022,12745,0.07,2026-01-25
28023,26575,1.84,2026-01-25
28024,18359,0.99,2026-01-25
28025,9427,0.14,2026-01-25
28026,26244,0.24,2026-01-25
28027,13493,0.08,2026-01-25
28028,22889,0.20,2026-01-25
28029,22053,0.11,2026-01-25
28030,7460,0.13,2026-01-25
28031,25861,0.11,2026-01-25
28032,15997,0.10,2026-01-25
28033,6505,0.24,2026-01-25
28034,147,0.11,2026-01-25
28035,14647,0.15,2026-01-25
28036,26628,0.10,2026-01-25
28037,9820,0.20,2026-01-25
28038,19541,0.11,2026-01-25
28039,5516,0.14,2026-01-25
28040,1252,0.20,2026-01-25
28041,25716,0.34,2026-01-25
28042,21683,0.13,2026-01-25
28043,22407,2.64,2026-01-25
28044,25363,0.06,2026-01-25
28045,23996,0.21,2026-01-25
28046,16010,1.18,2026-01-25
28047,13331,23.48,2026-01-25
28048,15695,15.60,2026-01-25
28049,22024,18.28,2026-01-25
28050,4216,2.83,2026-01-25
28051,17029,4.59,2026-01-25
28052,17506,0.73,2026-01-25
28053,687,5.13,2026-01-25
28054,23950,4.52,2026-01-25
28055,2167,1.76,2026-01-25
28056,16071,13.55,2026-01-25
28057,9031,8.53,2026-01-25
28058,3997,2.94,2026-01-25
28059,1862,1.01,2026-01-25
28060,17331,30.44,2026-01-25
28061,11007,4.05,2026-01-25
28062,12536,1.76,2026-01-25
28063,21536,6.74,2026-01-25
28064,4066,0.11,2026-01-25
28065,11835,0.08,2026-01-25
28066,3044,5.78,2026-01-25
28067,14894,0.24,2026-01-25
28068,20054,0.33,2026-01-25
28069,9773,3.54,2026-01-25
28070,15181,11.58,2026-01-25
28071,31,1.88,2026-01-25
28072,10925,2.89,2026-01-25
28073,25642,1.14,2026-01-25
28074,7164,9.26,2026-01-25
28075,20912,80.96,2026-01-25
28076,13863,1.21,2026-01-25
28077,4246,1.03,2026-01-25
28078,10621,0.87,2026-01-25
28079,19758,1.00,2026-01-25
28080,14901,4.22,2026-01-25
28081,2848,2.86,2026-01-25
28082,26818,4.09,2026-01-25
28083,14314,9.25,2026-01-25
28084,213,0.77,2026-01-25
28085,8997,3.55,2026-01-25
28086,7109,7.27,2026-01-25
28087,13119,3.88,2026-01-25
28088,1114,3.94,2026-01-25
28089,13026,0.31,2026-01-25
28090,4367,0.51,2026-01-25
28091,26795,0.36,2026-01-25
28092,9741,5.02,2026-01-25
28093,8170,36.06,2026-01-25
28094,26889,549.98,2026-01-25
28095,24248,0.19,2026-01-25
28096,25870,0.27,2026-01-25
28097,19245,0.24,2026-01-25
28098,1061,0.19,2026-01-25
28099,17073,0.81,2026-01-25
28100,16205,0.27,2026-01-25
28101,25922,0.17,2026-01-25
28102,18753,0.18,2026-01-25
28103,19051,0.10,2026-01-25
28104,2794,0.16,2026-01-25
28105,19398,0.29,2026-01-25
28106,8667,0.18,2026-01-25
28107,26460,0.10,2026-01-25
28108,7906,1.20,2026-01-25
28109,2410,0.95,2026-01-25
28110,14368,0.25,2026-01-25
28111,18948,0.12,2026-01-25
28112,26901,0.42,2026-01-25
28113,19809,0.17,2026-01-25
28114,1620,0.16,2026-01-25
28115,21612,0.27,2026-01-25
28116,12898,1.29,2026-01-25
28117,392,0.20,2026-01-25
28118,13627,0.84,2026-01-25
28119,26291,0.09,2026-01-25
28120,16115,0.21,2026-01-25
28121,20576,0.09,2026-01-25
28122,19220,0.09,2026-01-25
28123,4605,0.18,2026-01-25
28124,26169,0.67,2026-01-25
28125,5027,0.22,2026-01-25
28126,6510,1.44,2026-01-25
28127,7420,0.11,2026-01-25
28128,2798,0.18,2026-01-25
28129,19512,0.10,2026-01-25
28130,19812,0.09,2026-01-25
28131,17748,0.19,2026-01-25
28132,26996,0.09,2026-01-25
28133,1,0.21,2026-01-25
28134,19360,0.61,2026-01-25
28135,11313,0.17,2026-01-25
28136,4753,0.14,2026-01-25
28137,9201,0.09,2026-01-25
28138,7183,0.13,2026-01-25
28139,370,0.17,2026-01-25
28140,6070,0.18,2026-01-25
28141,13786,0.11,2026-01-25
28142,9710,0.19,2026-01-25
28143,1901,0.07,2026-01-25
28144,26426,0.27,2026-01-25
28145,24042,0.16,2026-01-25
28146,583,0.14,2026-01-25
28147,19171,1.31,2026-01-25
28148,23761,0.23,2026-01-25
28149,18312,0.18,2026-01-25
28150,21754,6.71,2026-01-25
28151,179,0.18,2026-01-25
28152,7501,0.06,2026-01-25
28153,20550,0.15,2026-01-25
28154,7842,1.57,2026-01-25
28155,6076,0.09,2026-01-25
28156,22351,0.20,2026-01-25
28157,12213,0.26,2026-01-25
28158,8312,1.85,2026-01-25
28159,372,0.10,2026-01-25
28160,11903,0.20,2026-01-25
28161,16191,0.32,2026-01-25
28162,136,0.98,2026-01-25
28163,26688,0.19,2026-01-25
28164,25450,0.07,2026-01-25
28165,23958,0.08,2026-01-25
28166,26037,0.24,2026-01-25
28167,21203,0.23,2026-01-25
28168,13721,0.10,2026-01-25
28169,3728,0.22,2026-01-25
28170,22249,0.11,2026-01-25
28171,17922,0.93,2026-01-25
28172,517,0.07,2026-01-25
28173,23882,0.15,2026-01-25
28174,22219,0.19,2026-01-25
28175,7925,0.09,2026-01-25
28176,12416,0.21,2026-01-25
28177,22072,0.10,2026-01-25
28178,7319,0.53,2026-01-25
28179,17442,0.18,2026-01-25
28180,20774,0.17,2026-01-25
28181,16572,0.08,2026-01-25
28182,25132,0.20,2026-01-25
28183,19206,0.09,2026-01-25
28184,24176,0.14,2026-01-25
28185,24523,0.09,2026-01-25
28186,3607,1.15,2026-01-25
28187,20467,0.08,2026-01-25
28188,19688,0.15,2026-01-25
28189,19044,0.19,2026-01-25
28190,22764,0.10,2026-01-25
28191,22630,0.10,2026-01-25
28192,7272,0.23,2026-01-25
28193,18356,0.21,2026-01-25
28194,24325,0.10,2026-01-25
28195,17404,0.10,2026-01-25
28196,12266,0.24,2026-01-25
28197,25884,0.24,2026-01-25
28198,6279,0.15,2026-01-25
28199,20233,0.11,2026-01-25
28200,12870,0.20,2026-01-25
28201,9010,1.07,2026-01-25
28202,6475,0.13,2026-01-25
28203,13981,0.16,2026-01-25
28204,1643,0.10,2026-01-25
28205,12259,0.10,2026-01-25
28206,1376,0.21,2026-01-25
28207,17842,0.13,2026-01-25
28208,17924,0.23,2026-01-25
28209,14536,0.72,2026-01-25
28210,13371,0.16,2026-01-25
28211,16870,0.24,2026-01-25
28212,446,0.13,2026-01-25
28213,11392,1.15,2026-01-25
28214,22205,3.41,2026-01-25
28215,7124,0.96,2026-01-25
28216,23734,0.12,2026-01-25
28217,10951,0.20,2026-01-25
28218,21023,0.13,2026-01-25
28219,12561,0.13,2026-01-25
28220,25796,0.22,2026-01-25
28221,497,0.07,2026-01-25
28222,22999,0.17,2026-01-25
28223,24460,0.17,2026-01-25
28224,20866,0.08,2026-01-25
28225,5190,0.10,2026-01-25
28226,8892,0.17,2026-01-25
28227,8156,0.09,2026-01-25
28228,8217,0.15,2026-01-25
28229,5621,0.85,2026-01-25
28230,15880,0.08,2026-01-25
28231,8401,0.21,2026-01-25
28232,24768,0.14,2026-01-25
28233,17820,0.24,2026-01-25
28234,16432,0.16,2026-01-25
28235,16763,0.09,2026-01-25
28236,596,0.08,2026-01-25
28237,12157,0.21,2026-01-25
28238,19122,0.08,2026-01-25
28239,7256,0.19,2026-01-25
28240,5934,0.22,2026-01-25
28241,16872,0.11,2026-01-25
28242,628,0.18,2026-01-25
28243,26044,0.09,2026-01-25
28244,6705,0.21,2026-01-25
28245,22425,0.60,2026-01-25
28246,15889,0.15,2026-01-25
28247,3170,1.32,2026-01-25
28248,11099,0.06,2026-01-25
28249,11391,0.17,2026-01-25
28250,24891,0.11,2026-01-25
28251,22233,0.23,2026-01-25
28252,16184,0.08,2026-01-25
28253,2169,0.25,2026-01-25
28254,19210,0.08,2026-01-25
28255,21253,0.18,2026-01-25
28256,11258,0.28,2026-01-25
28257,11368,0.15,2026-01-25
28258,20710,0.09,2026-01-25
28259,26614,0.25,2026-01-25
28260,20111,0.19,2026-01-25
28261,2277,0.09,2026-01-25
28262,929,0.09,2026-01-25
28263,8656,0.20,2026-01-25
28264,26808,1.17,2026-01-25
28265,3611,0.07,2026-01-25
28266,25322,0.19,2026-01-25
28267,21716,0.09,2026-01-25
28268,1136,0.24,2026-01-25
28269,21561,0.18,2026-01-25
28270,331,0.10,2026-01-25
28271,19818,0.18,2026-01-25
28272,8589,0.11,2026-01-25
28273,7545,0.21,2026-01-25
28274,11939,0.08,2026-01-25
28275,24709,0.17,2026-01-25
28276,381,0.09,2026-01-25
28277,8158,0.08,2026-01-25
28278,14421,1.10,2026-01-25
28279,27023,0.10,2026-01-25
28280,19137,0.19,2026-01-25
28281,3762,0.55,2026-01-25
28282,19041,0.23,2026-01-25
28283,24108,1.12,2026-01-25
28284,15869,0.10,2026-01-25
28285,1839,0.16,2026-01-25
28286,11289,0.93,2026-01-25
28287,12766,0.18,2026-01-25
28288,13518,0.10,2026-01-25
28289,15159,0.99,2026-01-25
28290,11447,0.08,2026-01-25
28291,20031,0.18,2026-01-25
28292,17490,0.93,2026-01-25
28293,25754,0.12,2026-01-25
28294,11081,0.21,2026-01-25
28295,23624,0.09,2026-01-25
28296,14146,0.12,2026-01-25
28297,12104,1.12,2026-01-25
28298,9482,0.09,2026-01-25
28299,5845,0.58,2026-01-25
28300,6467,1.21,2026-01-25
28301,14753,0.27,2026-01-25
28302,10920,0.10,2026-01-25
28303,11636,1.04,2026-01-25
28304,20751,0.68,2026-01-25
28305,6557,0.21,2026-01-25
28306,4505,0.30,2026-01-25
28307,3901,0.73,2026-01-25
28308,5183,0.25,2026-01-25
28309,21550,1.83,2026-01-25
28310,11440,0.09,2026-01-25
28311,7712,0.17,2026-01-25
28312,10298,0.15,2026-01-25
28313,15362,0.08,2026-01-25
28314,5593,0.09,2026-01-25
28315,25047,0.18,2026-01-25
28316,24898,0.15,2026-01-25
28317,5947,0.08,2026-01-25
28318,412,0.09,2026-01-25
28319,24697,1.14,2026-01-25
28320,23388,0.20,2026-01-25
28321,8658,0.12,2026-01-25
28322,16890,1.07,2026-01-25
28323,10751,0.25,2026-01-25
28324,9799,0.99,2026-01-25
28325,3013,0.15,2026-01-25
28326,11406,0.74,2026-01-25
28327,6406,0.24,2026-01-25
28328,2521,0.28,2026-01-25
28329,4065,0.67,2026-01-25
28330,17364,0.09,2026-01-25
28331,23489,0.17,2026-01-25
28332,15276,0.88,2026-01-25
28333,15512,0.12,2026-01-25
28334,3697,1.24,2026-01-25
28335,14833,0.16,2026-01-25
28336,7216,0.08,2026-01-25
28337,1229,0.92,2026-01-25
28338,8709,0.21,2026-01-25
28339,24035,0.97,2026-01-25
28340,15013,0.11,2026-01-25
28341,9058,0.20,2026-01-25
28342,14489,0.21,2026-01-25
28343,3799,0.08,2026-01-25
28344,26525,0.20,2026-01-25
28345,20557,0.58,2026-01-25
28346,10529,0.90,2026-01-25
28347,22750,0.08,2026-01-25
28348,23994,0.61,2026-01-25
28349,12570,1.45,2026-01-25
28350,7655,0.30,2026-01-25
28351,17464,0.09,2026-01-25
28352,17551,0.19,2026-01-25
28353,14007,0.09,2026-01-25
28354,9091,0.16,2026-01-25
28355,2973,0.15,2026-01-25
28356,5103,0.08,2026-01-25
28357,7387,0.19,2026-01-25
28358,16493,0.07,2026-01-25
28359,10156,0.20,2026-01-25
28360,14131,0.73,2026-01-25
28361,20837,0.58,2026-01-25
28362,244,0.18,2026-01-25
28363,14915,1.55,2026-01-25
28364,5424,0.13,2026-01-25
28365,9493,0.12,2026-01-25
28366,6040,1.53,2026-01-25
28367,6618,0.91,2026-01-25
28368,3008,0.31,2026-01-25
28369,8044,0.15,2026-01-25
28370,11054,0.29,2026-01-25
28371,23271,1.06,2026-01-25
28372,17960,0.26,2026-01-25
28373,1943,0.14,2026-01-25
28374,7078,1.65,2026-01-25
28375,9650,0.39,2026-01-25
28376,6822,1.59,2026-01-25
28377,23169,0.57,2026-01-25
28378,26016,0.09,2026-01-25
28379,1693,0.56,2026-01-25
28380,20674,0.10,2026-01-25
28381,4272,0.16,2026-01-25
28382,7437,0.59,2026-01-25
28383,2246,0.10,2026-01-25
28384,11775,0.60,2026-01-25
28385,6246,9.74,2026-01-25
28386,19095,43.17,2026-01-25
28387,11070,2.41,2026-01-25
28388,11890,0.83,2026-01-25
28389,25864,0.12,2026-01-25
28390,6168,0.55,2026-01-25
28391,9382,0.63,2026-01-25
28392,8426,0.12,2026-01-25
28393,14030,0.86,2026-01-25
28394,9569,0.19,2026-01-25
28395,8431,0.09,2026-01-25
28396,25899,0.62,2026-01-25
28397,11529,0.16,2026-01-25
28398,5089,0.62,2026-01-25
28399,8082,0.11,2026-01-25
28400,20415,0.82,2026-01-25
28401,21775,63.34,2026-01-25
28402,11000,0.55,2026-01-25
28403,10870,0.12,2026-01-25
28404,19544,0.59,2026-01-25
28405,4482,0.08,2026-01-25
28406,9016,38.80,2026-01-25
28407,16241,42.63,2026-01-25
28408,19094,32.70,2026-01-25
28409,15682,1.05,2026-01-25
28410,1831,0.88,2026-01-25
28411,17779,0.29,2026-01-25
28412,20355,0.14,2026-01-25
28413,18759,0.21,2026-01-25
28414,749,6.13,2026-01-25
28415,12311,0.10,2026-01-25
28416,539,0.68,2026-01-25
28417,4497,0.16,2026-01-25
28418,14335,0.94,2026-01-25
28419,5902,36.23,2026-01-25
28420,21518,54.34,2026-01-25
28421,3032,12.58,2026-01-25
28422,23416,4.59,2026-01-25
28423,21461,6.40,2026-01-25
28424,20644,7.39,2026-01-25
28425,18749,5.62,2026-01-25
28426,22582,4.96,2026-01-25
28427,14516,7.21,2026-01-25
28428,25406,7.44,2026-01-25
28429,8777,21.66,2026-01-25
28430,11424,11.65,2026-01-25
28431,13464,26.97,2026-01-25
28432,15097,11.49,2026-01-25
28433,15295,7.77,2026-01-25
28434,25077,4.85,2026-01-25
28435,11803,34.07,2026-01-25
28436,14463,23.90,2026-01-25
28437,17538,7.94,2026-01-25
28438,12415,30.63,2026-01-25
28439,2580,16.13,2026-01-25
28440,15947,4.51,2026-01-25
28441,26100,2.21,2026-01-25
28442,12113,5.60,2026-01-25
28443,23575,3.39,2026-01-25
28444,17606,3.08,2026-01-25
28445,9206,74.69,2026-01-25
28446,8976,265.79,2026-01-25
28447,23860,85.32,2026-01-25
28448,16428,48.98,2026-01-25
28449,25636,2.52,2026-01-25
28450,16015,65.17,2026-01-25
28451,183,13.84,2026-01-25
28452,11892,11.01,2026-01-25
28453,16094,18.06,2026-01-25
28454,12961,3.30,2026-01-25
28455,14051,0.82,2026-01-25
28456,15523,0.69,2026-01-25
28457,5526,0.73,2026-01-25
28458,17803,0.76,2026-01-25
28459,24449,31.49,2026-01-25
28460,8486,0.79,2026-01-25
28461,24435,58.28,2026-01-25
28462,10908,5.24,2026-01-25
28463,6758,25.68,2026-01-25
28464,17543,0.49,2026-01-25
28465,26074,0.62,2026-01-25
28466,5713,6.83,2026-01-25
28467,4658,0.69,2026-01-25
28468,5618,14.33,2026-01-25
28469,16667,0.05,2026-01-25
28470,18596,0.15,2026-01-25
28471,22143,0.14,2026-01-25
28472,12281,0.07,2026-01-25
28473,16596,0.66,2026-01-25
28474,14793,0.13,2026-01-25
28475,9911,0.05,2026-01-25
28476,25477,0.15,2026-01-25
28477,9410,0.07,2026-01-25
28478,23398,0.05,2026-01-25
28479,17694,0.14,2026-01-25
28480,8609,0.12,2026-01-25
28481,4713,0.07,2026-01-25
28482,4492,0.05,2026-01-25
28483,9738,0.13,2026-01-25
28484,18717,0.15,2026-01-25
28485,1534,0.06,2026-01-25
28486,11637,0.06,2026-01-25
28487,15684,0.10,2026-01-25
28488,23357,0.12,2026-01-25
28489,2462,0.06,2026-01-25
28490,11585,0.16,2026-01-25
28491,85,0.06,2026-01-25
28492,23146,0.05,2026-01-25
28493,25310,0.11,2026-01-25
28494,9380,0.08,2026-01-25
28495,15451,0.08,2026-01-25
28496,23337,0.14,2026-01-25
28497,5446,0.09,2026-01-25
28498,24217,0.09,2026-01-25
28499,16657,0.15,2026-01-25
28500,14259,0.27,2026-01-25
28501,363,0.13,2026-01-25
28502,2815,0.15,2026-01-25
28503,6261,0.11,2026-01-25
28504,5732,0.06,2026-01-25
28505,9423,0.21,2026-01-25
28506,2208,0.05,2026-01-25
28507,17895,0.10,2026-01-25
28508,3028,0.15,2026-01-25
28509,13358,0.04,2026-01-25
28510,19216,0.14,2026-01-25
28511,9568,0.13,2026-01-25
28512,6515,0.08,2026-01-25
28513,22738,0.16,2026-01-25
28514,3239,0.15,2026-01-25
28515,24266,0.05,2026-01-25
28516,9682,0.07,2026-01-25
28517,613,0.15,2026-01-25
28518,12176,0.11,2026-01-25
28519,4965,0.14,2026-01-25
28520,8436,0.58,2026-01-25
28521,19218,0.12,2026-01-25
28522,22112,0.17,2026-01-25
28523,23394,0.23,2026-01-25
28524,4317,0.21,2026-01-25
28525,19190,0.07,2026-01-25
28526,21622,0.14,2026-01-25
28527,10033,0.07,2026-01-25
28528,22032,0.10,2026-01-25
28529,1490,0.19,2026-01-25
28530,15297,0.18,2026-01-25
28531,22540,0.13,2026-01-25
28532,24026,0.05,2026-01-25
28533,20714,0.11,2026-01-25
28534,5773,0.17,2026-01-25
28535,17885,0.12,2026-01-25
28536,25108,0.10,2026-01-25
28537,20013,0.16,2026-01-25
28538,14526,0.22,2026-01-25
28539,16197,0.08,2026-01-25
28540,8461,0.14,2026-01-25
28541,13919,0.69,2026-01-25
28542,20803,0.13,2026-01-25
28543,11932,0.15,2026-01-25
28544,2922,0.17,2026-01-25
28545,10259,0.12,2026-01-25
28546,15336,0.04,2026-01-25
28547,2600,0.10,2026-01-25
28548,12023,0.14,2026-01-25
28549,23369,0.06,2026-01-25
28550,2670,0.06,2026-01-25
28551,1905,0.18,2026-01-25
28552,10731,0.11,2026-01-25
28553,21068,0.06,2026-01-25
28554,26197,0.04,2026-01-25
28555,12200,0.18,2026-01-25
28556,10195,0.72,2026-01-25
28557,14058,0.11,2026-01-25
28558,6015,0.09,2026-01-25
28559,3291,0.11,2026-01-25
28560,20721,0.13,2026-01-25
28561,17661,0.10,2026-01-25
28562,14086,0.16,2026-01-25
28563,25734,0.66,2026-01-25
28564,325,0.10,2026-01-25
28565,6018,0.12,2026-01-25
28566,9944,0.09,2026-01-25
28567,15272,0.12,2026-01-25
28568,24685,0.16,2026-01-25
28569,13179,0.05,2026-01-25
28570,22102,0.06,2026-01-25
28571,150,0.13,2026-01-25
28572,1674,0.16,2026-01-25
28573,9957,0.05,2026-01-25
28574,20239,0.10,2026-01-25
28575,23109,0.25,2026-01-25
28576,3183,0.20,2026-01-25
28577,4774,0.10,2026-01-25
28578,5985,1.79,2026-01-25
28579,6174,0.06,2026-01-25
28580,5148,0.13,2026-01-25
28581,2166,0.09,2026-01-25
28582,20455,0.15,2026-01-25
28583,4464,0.10,2026-01-25
28584,20614,0.21,2026-01-25
28585,5648,0.10,2026-01-25
28586,15963,0.16,2026-01-25
28587,5379,0.13,2026-01-25
28588,24604,0.06,2026-01-25
28589,26928,0.10,2026-01-25
28590,9804,0.13,2026-01-25
28591,13005,0.08,2026-01-25
28592,20933,0.12,2026-01-25
28593,22118,0.18,2026-01-25
28594,20814,0.17,2026-01-25
28595,6608,0.10,2026-01-25
28596,3022,0.05,2026-01-25
28597,3649,0.59,2026-01-25
28598,11281,0.09,2026-01-25
28599,155,0.15,2026-01-25
28600,13636,0.64,2026-01-25
28601,23211,0.04,2026-01-25
28602,17910,0.12,2026-01-25
28603,14189,0.10,2026-01-25
28604,528,0.20,2026-01-25
28605,645,0.20,2026-01-25
28606,1523,0.21,2026-01-25
28607,351,0.26,2026-01-25
28608,14534,0.27,2026-01-25
28609,3132,0.09,2026-01-25
28610,3204,0.07,2026-01-25
28611,18767,0.63,2026-01-25
28612,17951,0.13,2026-01-25
28613,9930,0.06,2026-01-25
28614,7887,0.17,2026-01-25
28615,7024,0.07,2026-01-25
28616,5971,0.05,2026-01-25
28617,22913,0.14,2026-01-25
28618,6989,0.04,2026-01-25
28619,24580,0.11,2026-01-25
28620,899,0.11,2026-01-25
28621,18613,0.13,2026-01-25
28622,16411,0.12,2026-01-25
28623,16979,0.14,2026-01-25
28624,20395,0.08,2026-01-25
28625,18739,0.12,2026-01-25
28626,14308,0.11,2026-01-25
28627,5982,0.14,2026-01-25
28628,9924,0.19,2026-01-25
28629,17240,0.06,2026-01-25
28630,2468,0.21,2026-01-25
28631,24170,0.08,2026-01-25
28632,22526,0.12,2026-01-25
28633,5140,0.09,2026-01-25
28634,4963,0.07,2026-01-25
28635,1287,0.10,2026-01-25
28636,2054,0.65,2026-01-25
28637,3706,0.06,2026-01-25
28638,14309,0.13,2026-01-25
28639,1562,0.12,2026-01-25
28640,12886,0.08,2026-01-25
28641,63,0.13,2026-01-25
28642,6761,0.06,2026-01-25
28643,11063,0.16,2026-01-25
28644,5544,0.14,2026-01-25
28645,13178,0.08,2026-01-25
28646,25791,0.16,2026-01-25
28647,5340,0.08,2026-01-25
28648,22536,0.16,2026-01-25
28649,23460,0.04,2026-01-25
28650,11802,0.13,2026-01-25
28651,12140,0.14,2026-01-25
28652,12643,0.05,2026-01-25
28653,24275,0.70,2026-01-25
28654,21480,0.17,2026-01-25
28655,10001,0.07,2026-01-25
28656,19415,0.67,2026-01-25
28657,21257,0.07,2026-01-25
28658,12163,0.10,2026-01-25
28659,21555,0.06,2026-01-25
28660,3930,0.10,2026-01-25
28661,26669,0.06,2026-01-25
28662,26874,0.09,2026-01-25
28663,12555,0.14,2026-01-25
28664,9151,0.09,2026-01-25
28665,25225,0.19,2026-01-25
28666,5527,0.05,2026-01-25
28667,2513,0.06,2026-01-25
28668,15556,0.09,2026-01-25
28669,22402,0.19,2026-01-25
28670,2569,0.06,2026-01-25
28671,10046,0.57,2026-01-25
28672,11533,0.10,2026-01-25
28673,7983,0.15,2026-01-25
28674,22162,0.06,2026-01-25
28675,1416,0.11,2026-01-25
28676,5718,0.13,2026-01-25
28677,12150,0.06,2026-01-25
28678,26941,0.14,2026-01-25
28679,12304,0.06,2026-01-25
28680,2098,0.10,2026-01-25
28681,19914,0.37,2026-01-25
28682,7912,0.05,2026-01-25
28683,3586,0.11,2026-01-25
28684,5357,0.09,2026-01-25
28685,13985,0.16,2026-01-25
28686,11848,0.09,2026-01-25
28687,12635,0.16,2026-01-25
28688,12045,0.12,2026-01-25
28689,1430,0.07,2026-01-25
28690,21282,0.10,2026-01-25
28691,5161,0.11,2026-01-25
28692,26039,0.11,2026-01-25
28693,3444,0.05,2026-01-25
28694,1188,0.10,2026-01-25
28695,20098,0.17,2026-01-25
28696,17645,0.19,2026-01-25
28697,22963,0.13,2026-01-25
28698,16963,0.11,2026-01-25
28699,19714,0.17,2026-01-25
28700,11756,0.25,2026-01-25
28701,25051,0.19,2026-01-25
28702,3082,1.08,2026-01-25
28703,5513,0.18,2026-01-25
28704,6693,0.14,2026-01-25
28705,25010,0.20,2026-01-25
28706,13880,0.15,2026-01-25
28707,8911,0.05,2026-01-25
28708,3628,0.09,2026-01-25
28709,3031,0.06,2026-01-25
28710,12710,0.13,2026-01-25
28711,3384,0.04,2026-01-25
28712,19284,0.15,2026-01-25
28713,8500,0.06,2026-01-25
28714,8831,0.11,2026-01-25
28715,17763,0.10,2026-01-25
28716,2789,0.07,2026-01-25
28717,9761,0.09,2026-01-25
28718,18405,0.07,2026-01-25
28719,2602,0.09,2026-01-25
28720,18914,0.09,2026-01-25
28721,13879,0.15,2026-01-25
28722,16618,0.14,2026-01-25
28723,7127,0.58,2026-01-25
28724,25097,0.14,2026-01-25
28725,20211,0.18,2026-01-25
28726,3785,0.66,2026-01-25
28727,9372,0.17,2026-01-25
28728,9258,0.04,2026-01-25
28729,23044,4.73,2026-01-25
28730,10675,0.61,2026-01-25
28731,20354,0.08,2026-01-25
28732,20453,0.20,2026-01-25
28733,2055,0.07,2026-01-25
28734,4913,0.16,2026-01-25
28735,26619,0.14,2026-01-25
28736,14099,0.11,2026-01-25
28737,14233,0.11,2026-01-25
28738,12364,0.18,2026-01-25
28739,26151,0.09,2026-01-25
28740,4132,0.04,2026-01-25
28741,9994,0.13,2026-01-25
28742,12336,0.07,2026-01-25
28743,22181,0.10,2026-01-25
28744,9254,0.16,2026-01-25
28745,12036,0.15,2026-01-25
28746,25737,0.07,2026-01-25
28747,5139,0.09,2026-01-25
28748,26447,0.13,2026-01-25
28749,11248,0.08,2026-01-25
28750,17210,0.16,2026-01-25
28751,25239,0.08,2026-01-25
28752,16730,0.11,2026-01-25
28753,24923,0.06,2026-01-25
28754,9996,0.13,2026-01-25
28755,2154,0.20,2026-01-25
28756,15820,0.16,2026-01-25
28757,4912,0.18,2026-01-25
28758,17153,0.10,2026-01-25
28759,18242,0.73,2026-01-25
28760,9111,0.55,2026-01-25
28761,14291,0.05,2026-01-25
28762,7787,0.12,2026-01-25
28763,3118,0.17,2026-01-25
28764,2087,0.12,2026-01-25
28765,25098,0.07,2026-01-25
28766,12679,0.14,2026-01-25
28767,11477,2.12,2026-01-25
28768,10266,1.58,2026-01-25
28769,14519,0.06,2026-01-25
28770,2933,0.12,2026-01-25
28771,10383,0.14,2026-01-25
28772,5829,0.09,2026-01-25
28773,14535,0.49,2026-01-25
28774,11389,0.21,2026-01-25
28775,296,0.08,2026-01-25
28776,25309,0.16,2026-01-25
28777,675,0.15,2026-01-25
28778,19720,0.09,2026-01-25
28779,4892,0.16,2026-01-25
28780,3045,0.22,2026-01-25
28781,13357,0.14,2026-01-25
28782,14272,0.16,2026-01-25
28783,6317,0.06,2026-01-25
28784,17743,0.13,2026-01-25
28785,6435,0.09,2026-01-25
28786,10375,0.06,2026-01-25
28787,19553,0.14,2026-01-25
28788,13046,0.06,2026-01-25
28789,26139,0.25,2026-01-25
28790,16097,0.11,2026-01-25
28791,17221,0.13,2026-01-25
28792,17594,0.07,2026-01-25
28793,21016,0.07,2026-01-25
28794,13545,0.13,2026-01-25
28795,3325,0.06,2026-01-25
28796,3489,0.11,2026-01-25
28797,8575,0.14,2026-01-25
28798,15851,0.22,2026-01-25
28799,7171,0.08,2026-01-25
28800,12652,0.12,2026-01-25
28801,25517,0.26,2026-01-25
28802,26354,0.17,2026-01-25
28803,14785,0.73,2026-01-25
28804,12636,0.25,2026-01-25
28805,20940,0.42,2026-01-25
28806,13932,0.19,2026-01-25
28807,26414,0.20,2026-01-25
28808,20996,0.07,2026-01-25
28809,23438,0.23,2026-01-25
28810,17889,0.13,2026-01-25
28811,20708,0.12,2026-01-25
28812,8300,0.17,2026-01-25
28813,10652,3.19,2026-01-25
28814,24918,3.32,2026-01-25
28815,21330,5.64,2026-01-25
28816,23765,14.01,2026-01-25
28817,25061,4.91,2026-01-25
28818,20279,7.20,2026-01-25
28819,23488,15.51,2026-01-25
28820,5457,6.93,2026-01-25
28821,19263,5.66,2026-01-25
28822,22842,5.86,2026-01-25
28823,1272,29.17,2026-01-25
28824,15380,28.32,2026-01-25
28825,19333,5.77,2026-01-25
28826,26610,12.09,2026-01-25
28827,17993,6.18,2026-01-25
28828,9023,8.97,2026-01-25
28829,15400,72.45,2026-01-25
28830,4168,6.19,2026-01-25
28831,11346,12.60,2026-01-25
28832,25955,3.10,2026-01-25
28833,4242,4.07,2026-01-25
28834,578,10.05,2026-01-25
28835,26443,15.48,2026-01-25
28836,13819,25.73,2026-01-25
28837,13376,9.47,2026-01-25
28838,15288,26.10,2026-01-25
28839,14692,3.43,2026-01-25
28840,936,5.96,2026-01-25
28841,1001,9.67,2026-01-25
28842,10737,9.76,2026-01-25
28843,26786,11.59,2026-01-25
28844,23343,7.93,2026-01-25
28845,6775,3.89,2026-01-25
28846,19468,8.12,2026-01-25
28847,7843,1.57,2026-01-25
28848,5179,1.54,2026-01-25
28849,24194,5.14,2026-01-25
28850,21037,1.79,2026-01-25
28851,17702,1.56,2026-01-25
28852,1051,1.76,2026-01-25
28853,516,2.69,2026-01-25
28854,5013,1.58,2026-01-25
28855,21871,2.24,2026-01-25
28856,12738,2.63,2026-01-25
28857,12952,2.88,2026-01-25
28858,12744,1.85,2026-01-25
28859,24258,3.19,2026-01-25
28860,25567,1.22,2026-01-25
28861,12404,6.71,2026-01-25
28862,21027,2.58,2026-01-25
28863,4547,8.79,2026-01-25
28864,22560,1.32,2026-01-25
28865,5475,1.19,2026-01-25
28866,7584,2.47,2026-01-25
28867,20935,1.45,2026-01-25
28868,26631,3.80,2026-01-25
28869,20706,2.28,2026-01-25
28870,21444,2.93,2026-01-25
28871,26761,2.38,2026-01-25
28872,4156,1.15,2026-01-25
28873,20604,1.61,2026-01-25
28874,26974,3.94,2026-01-25
28875,19453,23.99,2026-01-25
28876,8941,16.52,2026-01-25
28877,5784,13.78,2026-01-25
28878,15409,11.28,2026-01-25
28879,6361,19.07,2026-01-25
28880,11184,5.79,2026-01-25
28881,5463,30.31,2026-01-25
28882,13859,22.12,2026-01-25
28883,22777,39.41,2026-01-25
28884,17952,7.24,2026-01-25
28885,22804,11.44,2026-01-25
28886,4580,7.31,2026-01-25
28887,27047,7.16,2026-01-25
28888,4359,6.82,2026-01-25
28889,14182,6.80,2026-01-25
28890,5060,11.11,2026-01-25
28891,2597,4.09,2026-01-25
28892,13804,4.90,2026-01-25
28893,24530,2.36,2026-01-25
28894,9823,6.35,2026-01-25
28895,3678,2.73,2026-01-25
28896,15089,3.20,2026-01-25
28897,8845,0.08,2026-01-25
28898,16807,0.04,2026-01-25
28899,21922,0.48,2026-01-25
28900,8137,0.09,2026-01-25
28901,20932,0.12,2026-01-25
28902,10355,0.13,2026-01-25
28903,22123,0.09,2026-01-25
28904,12088,0.13,2026-01-25
28905,21732,0.15,2026-01-25
28906,8382,0.17,2026-01-25
28907,17793,0.13,2026-01-25
28908,4051,0.14,2026-01-25
28909,8903,0.11,2026-01-25
28910,3160,0.34,2026-01-25
28911,5726,0.15,2026-01-25
28912,10359,0.13,2026-01-25
28913,10595,0.05,2026-01-25
28914,20993,0.07,2026-01-25
28915,16220,0.12,2026-01-25
28916,6199,0.05,2026-01-25
28917,21365,0.14,2026-01-25
28918,11588,0.05,2026-01-25
28919,9620,0.11,2026-01-25
28920,26363,0.08,2026-01-25
28921,2088,0.17,2026-01-25
28922,11635,0.08,2026-01-25
28923,572,0.08,2026-01-25
28924,10486,0.54,2026-01-25
28925,13508,0.49,2026-01-25
28926,9068,0.25,2026-01-25
28927,7620,0.12,2026-01-25
28928,20423,0.08,2026-01-25
28929,19662,0.16,2026-01-25
28930,20794,0.16,2026-01-25
28931,18715,0.20,2026-01-25
28932,25834,0.05,2026-01-25
28933,4159,0.10,2026-01-25
28934,280,0.24,2026-01-25
28935,3490,0.13,2026-01-25
28936,18844,0.17,2026-01-25
28937,9448,0.28,2026-01-25
28938,23970,0.16,2026-01-25
28939,9940,0.12,2026-01-25
28940,22214,0.06,2026-01-25
28941,5768,0.10,2026-01-25
28942,2443,0.16,2026-01-25
28943,8347,0.13,2026-01-25
28944,11442,0.15,2026-01-25
28945,20286,0.10,2026-01-25
28946,11265,0.74,2026-01-25
28947,8771,0.08,2026-01-25
28948,21904,0.11,2026-01-25
28949,5631,0.08,2026-01-25
28950,7882,0.11,2026-01-25
28951,15786,0.11,2026-01-25
28952,16991,0.15,2026-01-25
28953,18031,0.11,2026-01-25
28954,14423,0.07,2026-01-25
28955,81,0.05,2026-01-25
28956,5499,0.07,2026-01-25
28957,13894,0.13,2026-01-25
28958,15485,0.09,2026-01-25
28959,6555,0.08,2026-01-25
28960,15005,0.19,2026-01-25
28961,8988,0.12,2026-01-25
28962,3896,0.08,2026-01-25
28963,2249,0.20,2026-01-25
28964,21761,0.55,2026-01-25
28965,380,0.09,2026-01-25
28966,10279,0.15,2026-01-25
28967,2188,0.05,2026-01-25
28968,11950,0.09,2026-01-25
28969,120,0.07,2026-01-25
28970,5569,0.14,2026-01-25
28971,20131,0.05,2026-01-25
28972,20434,0.11,2026-01-25
28973,20982,0.08,2026-01-25
28974,83,0.15,2026-01-25
28975,10339,0.07,2026-01-25
28976,8533,0.14,2026-01-25
28977,20660,0.05,2026-01-25
28978,8068,0.11,2026-01-25
28979,23061,0.12,2026-01-25
28980,1828,0.30,2026-01-25
28981,18996,0.09,2026-01-25
28982,14875,0.07,2026-01-25
28983,14733,6.30,2026-01-25
28984,6219,0.08,2026-01-25
28985,17160,0.14,2026-01-25
28986,4769,1.93,2026-01-25
28987,23993,0.12,2026-01-25
28988,20022,0.11,2026-01-25
28989,7271,1.83,2026-01-25
28990,21240,0.05,2026-01-25
28991,366,0.12,2026-01-25
28992,25219,1.75,2026-01-25
28993,25917,0.06,2026-01-25
28994,12511,0.16,2026-01-25
28995,7381,0.05,2026-01-25
28996,12871,0.09,2026-01-25
28997,8200,0.08,2026-01-25
28998,5063,0.13,2026-01-25
28999,6116,0.06,2026-01-25
29000,5810,0.13,2026-01-25
29001,9467,0.09,2026-01-25
29002,971,0.20,2026-01-25
29003,14937,0.05,2026-01-25
29004,11667,0.11,2026-01-25
29005,23310,0.14,2026-01-25
29006,3225,0.09,2026-01-25
29007,13739,0.13,2026-01-25
29008,19500,0.12,2026-01-25
29009,21198,0.12,2026-01-25
29010,2889,0.13,2026-01-25
29011,16835,0.17,2026-01-25
29012,23549,0.12,2026-01-25
29013,12885,3.38,2026-01-25
29014,18341,2.71,2026-01-25
29015,12723,0.09,2026-01-25
29016,15301,0.18,2026-01-25
29017,15766,0.18,2026-01-25
29018,4070,0.11,2026-01-25
29019,5364,0.06,2026-01-25
29020,21366,0.12,2026-01-25
29021,1881,0.13,2026-01-25
29022,21866,0.13,2026-01-25
29023,26672,0.06,2026-01-25
29024,26000,0.16,2026-01-25
29025,3848,0.06,2026-01-25
29026,9257,0.14,2026-01-25
29027,23288,0.45,2026-01-25
29028,24843,0.11,2026-01-25
29029,23681,0.07,2026-01-25
29030,6900,0.12,2026-01-25
29031,25390,0.10,2026-01-25
29032,7517,0.06,2026-01-25
29033,4794,0.10,2026-01-25
29034,11437,0.47,2026-01-25
29035,12079,0.15,2026-01-25
29036,13428,0.20,2026-01-25
29037,3937,0.15,2026-01-25
29038,26783,0.09,2026-01-25
29039,4722,5.97,2026-01-25
29040,4344,2.10,2026-01-25
29041,15778,2.52,2026-01-25
29042,9024,2.41,2026-01-25
29043,4072,2.02,2026-01-25
29044,2180,1.83,2026-01-25
29045,15587,0.22,2026-01-25
29046,26857,0.12,2026-01-25
29047,11633,0.17,2026-01-25
29048,26727,0.09,2026-01-25
29049,9559,0.20,2026-01-25
29050,3161,0.20,2026-01-25
29051,7269,0.08,2026-01-25
29052,8161,0.03,2026-01-25
29053,17871,0.06,2026-01-25
29054,5852,0.10,2026-01-25
29055,25838,0.11,2026-01-25
29056,6137,0.09,2026-01-25
29057,17778,3.70,2026-01-25
29058,12293,0.11,2026-01-25
29059,26830,0.14,2026-01-25
29060,2996,0.13,2026-01-25
29061,12718,0.22,2026-01-25
29062,18943,0.23,2026-01-25
29063,3618,0.70,2026-01-25
29064,23894,0.58,2026-01-25
29065,14500,0.11,2026-01-25
29066,8371,0.05,2026-01-25
29067,15436,0.16,2026-01-25
29068,26077,0.12,2026-01-25
29069,8212,0.43,2026-01-25
29070,2724,0.11,2026-01-25
29071,24547,0.13,2026-01-25
29072,23029,0.09,2026-01-25
29073,6550,0.23,2026-01-25
29074,21965,0.67,2026-01-25
29075,7380,0.77,2026-01-25
29076,25284,0.25,2026-01-25
29077,25394,0.18,2026-01-25
29078,21212,0.09,2026-01-25
29079,8031,0.15,2026-01-25
29080,7254,0.06,2026-01-25
29081,22316,4.93,2026-01-25
29082,7113,23.26,2026-01-25
29083,26958,8.12,2026-01-25
29084,24075,1.92,2026-01-25
29085,14803,1.55,2026-01-25
29086,19212,4.87,2026-01-25
29087,22504,3.06,2026-01-25
29088,21215,7.87,2026-01-25
29089,1634,4.97,2026-01-25
29090,1892,2.16,2026-01-25
29091,20215,12.70,2026-01-25
29092,5816,2.26,2026-01-25
29093,25510,3.42,2026-01-25
29094,12761,2.15,2026-01-25
29095,25044,1.44,2026-01-25
29096,18833,5.49,2026-01-25
29097,22579,2.06,2026-01-25
29098,18789,2.28,2026-01-25
29099,1004,3.21,2026-01-25
29100,13679,4.22,2026-01-25
29101,20925,2.06,2026-01-25
29102,18968,4.73,2026-01-25
29103,5138,2.69,2026-01-25
29104,10269,3.90,2026-01-25
29105,2501,2.52,2026-01-25
29106,18890,1.99,2026-01-25
29107,7066,1.66,2026-01-25
29108,16832,2.55,2026-01-25
29109,6029,33.16,2026-01-25
29110,2775,5.31,2026-01-25
29111,12041,2.37,2026-01-25
29112,21895,3.84,2026-01-25
29113,21645,10.00,2026-01-25
29114,19255,7.28,2026-01-25
29115,10579,7.59,2026-01-25
29116,23281,2.97,2026-01-25
29117,21736,2.40,2026-01-25
29118,11235,2.23,2026-01-25
29119,4815,1.70,2026-01-25
29120,23567,1.59,2026-01-25
29121,1457,2.65,2026-01-25
29122,2790,2.66,2026-01-25
29123,19718,2.64,2026-01-25
29124,8233,5.97,2026-01-25
29125,5670,2.49,2026-01-25
29126,12091,1.65,2026-01-25
29127,11777,7.11,2026-01-25
29128,23170,5.89,2026-01-25
29129,15175,4.35,2026-01-25
29130,5910,2.00,2026-01-25
29131,18190,3.59,2026-01-25
29132,11282,4.14,2026-01-25
29133,7524,2.87,2026-01-25
29134,23090,1.62,2026-01-25
29135,24385,1.63,2026-01-25
29136,2400,5.87,2026-01-25
29137,11558,1.92,2026-01-25
29138,25885,1.94,2026-01-25
29139,11271,1.71,2026-01-25
29140,1559,2.00,2026-01-25
29141,10658,1.95,2026-01-25
29142,18773,1.60,2026-01-25
29143,20014,4.83,2026-01-25
29144,11548,1.93,2026-01-25
29145,20228,6.03,2026-01-25
29146,6651,3.01,2026-01-25
29147,17206,19.31,2026-01-25
29148,19760,4.61,2026-01-25
29149,17632,5.98,2026-01-25
29150,16956,1.59,2026-01-25
29151,9331,3.27,2026-01-25
29152,23469,8.33,2026-01-25
29153,14085,1.86,2026-01-25
29154,17238,2.82,2026-01-25
29155,477,2.93,2026-01-25
29156,4979,4.09,2026-01-25
29157,1027,4.24,2026-01-25
29158,13309,2.64,2026-01-25
29159,13480,4.22,2026-01-25
29160,12530,1.65,2026-01-25
29161,17090,4.81,2026-01-25
29162,18966,3.09,2026-01-25
29163,24386,1.89,2026-01-25
29164,656,8.34,2026-01-25
29165,24611,14.89,2026-01-25
29166,1098,1.72,2026-01-25
29167,8804,2.14,2026-01-25
29168,9314,1.56,2026-01-25
29169,8393,2.21,2026-01-25
29170,7110,7.04,2026-01-25
29171,9147,8.01,2026-01-25
29172,4569,2.99,2026-01-25
29173,2101,3.73,2026-01-25
29174,12000,1.76,2026-01-25
29175,20705,6.14,2026-01-25
29176,12950,2.60,2026-01-25
29177,10775,19.85,2026-01-25
29178,21156,23.24,2026-01-25
29179,12393,2.28,2026-01-25
29180,19081,1.78,2026-01-25
29181,25447,11.68,2026-01-25
29182,19476,2.42,2026-01-25
29183,20135,10.30,2026-01-25
29184,19988,1.14,2026-01-25
29185,22515,1.35,2026-01-25
29186,14303,487.52,2026-01-25
29187,20565,4.74,2026-01-25
29188,5093,0.77,2026-01-25
29189,25419,0.74,2026-01-25
29190,17665,1.63,2026-01-25
29191,7660,0.68,2026-01-25
29192,22135,0.76,2026-01-25
29193,2074,0.61,2026-01-25
29194,22400,0.61,2026-01-25
29195,17343,11.52,2026-01-25
29196,3067,10.62,2026-01-25
29197,8506,2.50,2026-01-25
29198,26772,3.35,2026-01-25
29199,17999,22.74,2026-01-25
29200,7734,5.17,2026-01-25
29201,22967,0.71,2026-01-25
29202,326,1.58,2026-01-25
29203,10805,1.50,2026-01-25
29204,6717,1.53,2026-01-25
29205,17371,112.03,2026-01-25
29206,20433,14.41,2026-01-25
29207,2690,5.83,2026-01-25
29208,11387,4.96,2026-01-25
29209,3995,2.01,2026-01-25
29210,25965,1.66,2026-01-25
29211,2269,5.53,2026-01-25
29212,26087,3.83,2026-01-25
29213,5359,1.49,2026-01-25
29214,1681,0.85,2026-01-25
29215,24948,0.93,2026-01-25
29216,4179,203.20,2026-01-25
29217,1921,25.99,2026-01-25
29218,24829,15.06,2026-01-25
29219,2557,5.20,2026-01-25
29220,13607,7.28,2026-01-25
29221,8996,10.92,2026-01-25
29222,11266,2.69,2026-01-25
29223,14431,0.20,2026-01-25
29224,10615,1.76,2026-01-25
29225,7464,0.27,2026-01-25
29226,1632,12.53,2026-01-25
29227,16939,2.40,2026-01-25
29228,6155,0.91,2026-01-25
29229,15479,0.29,2026-01-25
29230,3656,0.43,2026-01-25
29231,14134,4.72,2026-01-25
29232,21901,8.97,2026-01-25
29233,14183,1.11,2026-01-25
29234,15426,0.63,2026-01-25
29235,14389,0.73,2026-01-25
29236,23814,2.35,2026-01-25
29237,16401,0.55,2026-01-25
29238,11661,0.37,2026-01-25
29239,20374,507.33,2026-01-25
29240,16509,6.00,2026-01-25
29241,2650,0.08,2026-01-25
29242,7119,0.18,2026-01-25
29243,18906,0.06,2026-01-25
29244,21752,0.10,2026-01-25
29245,16076,0.18,2026-01-25
29246,1942,0.11,2026-01-25
29247,12582,0.12,2026-01-25
29248,23895,0.06,2026-01-25
29249,24473,0.15,2026-01-25
29250,15668,0.05,2026-01-25
29251,26638,0.06,2026-01-25
29252,5510,0.11,2026-01-25
29253,25087,0.08,2026-01-25
29254,23576,0.11,2026-01-25
29255,11397,0.11,2026-01-25
29256,15579,0.05,2026-01-25
29257,21126,0.13,2026-01-25
29258,3108,0.07,2026-01-25
29259,11060,0.18,2026-01-25
29260,18668,0.09,2026-01-25
29261,24059,0.08,2026-01-25
29262,10446,0.14,2026-01-25
29263,13741,0.58,2026-01-25
29264,8019,0.15,2026-01-25
29265,9881,0.07,2026-01-25
29266,18534,0.16,2026-01-25
29267,5675,0.08,2026-01-25
29268,7945,0.12,2026-01-25
29269,18552,0.06,2026-01-25
29270,6173,0.08,2026-01-25
29271,5800,0.11,2026-01-25
29272,11697,0.10,2026-01-25
29273,1251,0.18,2026-01-25
29274,12120,0.11,2026-01-25
29275,19733,0.04,2026-01-25
29276,15112,0.05,2026-01-25
29277,11113,0.16,2026-01-25
29278,24794,0.09,2026-01-25
29279,5913,0.19,2026-01-25
29280,6000,0.09,2026-01-25
29281,11997,0.18,2026-01-25
29282,23741,0.11,2026-01-25
29283,22297,0.06,2026-01-25
29284,11022,0.14,2026-01-25
29285,9661,0.04,2026-01-25
29286,4970,0.58,2026-01-25
29287,1082,0.65,2026-01-25
29288,7375,0.09,2026-01-25
29289,6338,0.15,2026-01-25
29290,10811,0.09,2026-01-25
29291,15596,0.15,2026-01-25
29292,680,0.13,2026-01-25
29293,13353,0.04,2026-01-25
29294,23937,0.18,2026-01-25
29295,1628,0.08,2026-01-25
29296,4271,0.12,2026-01-25
29297,26599,0.16,2026-01-25
29298,25578,0.10,2026-01-25
29299,2526,0.06,2026-01-25
29300,25936,0.15,2026-01-25
29301,26807,0.10,2026-01-25
29302,16407,0.09,2026-01-25
29303,26396,0.15,2026-01-25
29304,19806,0.72,2026-01-25
29305,12850,0.10,2026-01-25
29306,4121,0.06,2026-01-25
29307,20500,0.05,2026-01-25
29308,16709,0.12,2026-01-25
29309,10252,0.11,2026-01-25
29310,19667,0.05,2026-01-25
29311,3268,0.54,2026-01-25
29312,1015,0.29,2026-01-25
29313,18224,0.17,2026-01-25
29314,1291,0.34,2026-01-25
29315,14653,0.19,2026-01-25
29316,13935,0.23,2026-01-25
29317,15781,0.42,2026-01-25
29318,26692,0.05,2026-01-25
29319,22396,0.13,2026-01-25
29320,25020,0.10,2026-01-25
29321,21688,0.21,2026-01-25
29322,22460,0.07,2026-01-25
29323,16536,0.16,2026-01-25
29324,849,0.12,2026-01-25
29325,6727,0.16,2026-01-25
29326,18950,0.09,2026-01-25
29327,24293,0.12,2026-01-25
29328,21876,0.13,2026-01-25
29329,4595,0.09,2026-01-25
29330,5908,0.06,2026-01-25
29331,25054,0.14,2026-01-25
29332,23559,0.17,2026-01-25
29333,11017,0.09,2026-01-25
29334,6878,0.61,2026-01-25
29335,89,0.49,2026-01-25
29336,13153,0.21,2026-01-25
29337,24256,0.14,2026-01-25
29338,8400,0.24,2026-01-25
29339,24257,0.12,2026-01-25
29340,8847,0.04,2026-01-25
29341,2467,0.10,2026-01-25
29342,7248,0.05,2026-01-25
29343,2357,0.09,2026-01-25
29344,1218,0.06,2026-01-25
29345,26785,0.12,2026-01-25
29346,13212,0.05,2026-01-25
29347,7002,0.07,2026-01-25
29348,6284,0.11,2026-01-25
29349,5040,0.15,2026-01-25
29350,14602,0.09,2026-01-25
29351,5185,0.07,2026-01-25
29352,6980,0.11,2026-01-25
29353,25227,0.55,2026-01-25
29354,13364,0.20,2026-01-25
29355,12295,0.08,2026-01-25
29356,17306,0.14,2026-01-25
29357,4633,0.20,2026-01-25
29358,5771,0.15,2026-01-25
29359,1141,0.08,2026-01-25
29360,11958,0.09,2026-01-25
29361,10710,0.16,2026-01-25
29362,1568,0.14,2026-01-25
29363,7258,0.06,2026-01-25
29364,6013,0.18,2026-01-25
29365,16638,0.09,2026-01-25
29366,13263,0.25,2026-01-25
29367,18021,0.12,2026-01-25
29368,16710,0.05,2026-01-25
29369,17144,0.12,2026-01-25
29370,2644,0.13,2026-01-25
29371,3853,0.07,2026-01-25
29372,19606,0.14,2026-01-25
29373,6424,0.07,2026-01-25
29374,13203,0.12,2026-01-25
29375,13020,0.09,2026-01-25
29376,3396,0.13,2026-01-25
29377,1427,0.07,2026-01-25
29378,14583,0.14,2026-01-25
29379,3599,0.09,2026-01-25
29380,17146,0.06,2026-01-25
29381,23450,0.11,2026-01-25
29382,4523,0.15,2026-01-25
29383,5999,0.07,2026-01-25
29384,7903,0.08,2026-01-25
29385,14823,0.13,2026-01-25
29386,24040,0.07,2026-01-25
29387,7487,0.14,2026-01-25
29388,23692,0.13,2026-01-25
29389,21977,0.22,2026-01-25
29390,18012,0.15,2026-01-25
29391,12829,0.17,2026-01-25
29392,3845,0.09,2026-01-25
29393,13777,0.14,2026-01-25
29394,22563,0.59,2026-01-25
29395,10074,0.12,2026-01-25
29396,13784,0.05,2026-01-25
29397,5725,0.06,2026-01-25
29398,6234,0.11,2026-01-25
29399,22876,0.23,2026-01-25
29400,14957,0.17,2026-01-25
29401,5418,0.17,2026-01-25
29402,22810,0.09,2026-01-25
29403,7924,0.05,2026-01-25
29404,10550,0.11,2026-01-25
29405,8245,0.12,2026-01-25
29406,453,0.07,2026-01-25
29407,23052,0.11,2026-01-25
29408,16259,0.07,2026-01-25
29409,21883,0.14,2026-01-25
29410,23880,0.08,2026-01-25
29411,8559,0.10,2026-01-25
29412,18867,0.08,2026-01-25
29413,22483,0.14,2026-01-25
29414,17692,0.05,2026-01-25
29415,14466,0.06,2026-01-25
29416,11732,0.13,2026-01-25
29417,17362,0.05,2026-01-25
29418,11859,0.14,2026-01-25
29419,426,0.09,2026-01-25
29420,26079,0.13,2026-01-25
29421,2296,0.08,2026-01-25
29422,25246,0.14,2026-01-25
29423,19713,0.06,2026-01-25
29424,3559,0.20,2026-01-25
29425,18991,0.24,2026-01-25
29426,1133,0.07,2026-01-25
29427,9157,0.10,2026-01-25
29428,2730,0.20,2026-01-25
29429,26274,0.58,2026-01-25
29430,2778,0.05,2026-01-25
29431,17563,0.16,2026-01-25
29432,10444,0.14,2026-01-25
29433,2091,0.08,2026-01-25
29434,23133,0.10,2026-01-25
29435,26334,0.19,2026-01-25
29436,23962,0.19,2026-01-25
29437,21587,0.13,2026-01-25
29438,6840,4.49,2026-01-25
29439,23980,0.13,2026-01-25
29440,11272,0.08,2026-01-25
29441,8640,0.13,2026-01-25
29442,7083,0.08,2026-01-25
29443,20758,0.07,2026-01-25
29444,6663,0.17,2026-01-25
29445,16387,0.66,2026-01-25
29446,5693,0.09,2026-01-25
29447,14158,0.17,2026-01-25
29448,7725,0.06,2026-01-25
29449,7907,0.11,2026-01-25
29450,11414,0.63,2026-01-25
29451,11857,0.08,2026-01-25
29452,17783,0.15,2026-01-25
29453,21546,0.17,2026-01-25
29454,19353,0.17,2026-01-25
29455,14968,0.15,2026-01-25
29456,4800,0.05,2026-01-25
29457,21066,0.18,2026-01-25
29458,23081,0.08,2026-01-25
29459,6336,0.13,2026-01-25
29460,23907,0.06,2026-01-25
29461,19750,0.21,2026-01-25
29462,21721,0.12,2026-01-25
29463,17701,0.08,2026-01-25
29464,15387,0.20,2026-01-25
29465,2466,1.12,2026-01-25
29466,14616,0.19,2026-01-25
29467,15940,0.10,2026-01-25
29468,21012,0.09,2026-01-25
29469,22801,0.15,2026-01-25
29470,8070,0.62,2026-01-25
29471,23413,0.13,2026-01-25
29472,18884,0.22,2026-01-25
29473,11473,0.58,2026-01-25
29474,20911,0.15,2026-01-25
29475,2808,0.09,2026-01-25
29476,21992,0.11,2026-01-25
29477,5838,0.19,2026-01-25
29478,20773,0.08,2026-01-25
29479,18117,0.12,2026-01-25
29480,19242,0.29,2026-01-25
29481,11750,0.24,2026-01-25
29482,18905,0.09,2026-01-25
29483,5020,0.17,2026-01-25
29484,218,0.09,2026-01-25
29485,17954,0.20,2026-01-25
29486,4081,0.21,2026-01-25
29487,18208,0.11,2026-01-25
29488,2392,0.09,2026-01-25
29489,16751,0.07,2026-01-25
29490,1915,0.07,2026-01-25
29491,18387,0.12,2026-01-25
29492,26673,0.06,2026-01-25
29493,24476,0.10,2026-01-25
29494,19591,0.17,2026-01-25
29495,2942,0.07,2026-01-25
29496,11183,0.12,2026-01-25
29497,17913,0.17,2026-01-25
29498,24869,0.18,2026-01-25
29499,13019,0.11,2026-01-25
29500,20603,0.20,2026-01-25
29501,10077,0.10,2026-01-25
29502,2549,0.20,2026-01-25
29503,1483,0.07,2026-01-25
29504,1970,0.17,2026-01-25
29505,2322,0.09,2026-01-25
29506,4094,0.40,2026-01-25
29507,12034,0.10,2026-01-25
29508,12702,0.21,2026-01-25
29509,9239,0.17,2026-01-25
29510,407,0.08,2026-01-25
29511,24361,0.11,2026-01-25
29512,19334,0.46,2026-01-25
29513,26014,0.21,2026-01-25
29514,3999,0.12,2026-01-25
29515,9170,0.22,2026-01-25
29516,9120,0.07,2026-01-25
29517,26311,0.07,2026-01-25
29518,20586,0.20,2026-01-25
29519,1902,0.09,2026-01-25
29520,7740,0.22,2026-01-25
29521,16145,0.18,2026-01-25
29522,5113,0.07,2026-01-25
29523,1366,0.16,2026-01-25
29524,9043,0.09,2026-01-25
29525,21052,0.19,2026-01-25
29526,15275,0.10,2026-01-25
29527,21960,11.56,2026-01-25
29528,13063,1.34,2026-01-25
29529,19552,0.41,2026-01-25
29530,2999,0.11,2026-01-25
29531,20283,0.22,2026-01-25
29532,7121,0.30,2026-01-25
29533,1794,0.12,2026-01-25
29534,2011,1.02,2026-01-25
29535,5227,0.36,2026-01-25
29536,1992,0.26,2026-01-25
29537,11377,0.06,2026-01-25
29538,17027,0.18,2026-01-25
29539,12427,0.08,2026-01-25
29540,9990,0.47,2026-01-25
29541,6257,0.37,2026-01-25
29542,467,16.30,2026-01-25
29543,4939,5.90,2026-01-25
29544,3366,9.09,2026-01-25
29545,18518,23.09,2026-01-25
29546,12244,33.44,2026-01-25
29547,7308,17.37,2026-01-25
29548,3942,8.99,2026-01-25
29549,25588,4.83,2026-01-25
29550,12074,4.40,2026-01-25
29551,12466,9.42,2026-01-25
29552,16048,4.84,2026-01-25
29553,24110,5.01,2026-01-25
29554,11764,5.86,2026-01-25
29555,6479,4.71,2026-01-25
29556,24797,12.74,2026-01-25
29557,19434,56.64,2026-01-25
29558,12774,20.73,2026-01-25
29559,23670,4.26,2026-01-25
29560,1824,14.16,2026-01-25
29561,18784,8.52,2026-01-25
29562,26544,10.91,2026-01-25
29563,782,16.89,2026-01-25
29564,18311,14.27,2026-01-25
29565,21869,3.25,2026-01-25
29566,4085,1.84,2026-01-25
29567,19138,1.91,2026-01-25
29568,12923,2.19,2026-01-25
29569,18896,1.66,2026-01-25
29570,19618,1.51,2026-01-25
29571,3968,1.55,2026-01-25
29572,26546,1.45,2026-01-25
29573,833,2.65,2026-01-25
29574,18527,2.00,2026-01-25
29575,13954,34.64,2026-01-25
29576,349,2.74,2026-01-25
29577,25829,2.64,2026-01-25
29578,4017,2.48,2026-01-25
29579,9069,1.19,2026-01-25
29580,19224,0.95,2026-01-25
29581,10990,3.66,2026-01-25
29582,12240,2.13,2026-01-25
29583,23036,22.44,2026-01-25
29584,13598,31.53,2026-01-25
29585,775,34.31,2026-01-25
29586,4602,14.74,2026-01-25
29587,20921,37.26,2026-01-25
29588,24320,59.35,2026-01-25
29589,14850,20.46,2026-01-25
29590,23002,14.64,2026-01-25
29591,9139,36.30,2026-01-25
29592,1477,9.76,2026-01-25
29593,3469,7.00,2026-01-25
29594,4013,10.75,2026-01-25
29595,3514,9.27,2026-01-25
29596,14210,7.14,2026-01-25
29597,844,7.98,2026-01-25
29598,20226,12.01,2026-01-25
29599,1882,4.59,2026-01-25
29600,22812,1.66,2026-01-25
29601,26707,3.05,2026-01-25
29602,22993,2.75,2026-01-25
29603,7514,1.21,2026-01-25
29604,20689,2.69,2026-01-25
29605,9709,1.51,2026-01-25
29606,14474,0.96,2026-01-25
29607,18895,1.72,2026-01-25
29608,12444,0.57,2026-01-25
29609,19381,0.88,2026-01-25
29610,27018,15.82,2026-01-25
29611,10911,7.22,2026-01-25
29612,6884,2.74,2026-01-25
29613,14324,3.06,2026-01-25
29614,6964,3.74,2026-01-25
29615,17950,0.32,2026-01-25
29616,20093,0.65,2026-01-25
29617,5415,0.25,2026-01-25
29618,15415,0.36,2026-01-25
29619,7577,2.17,2026-01-25
29620,18134,1.62,2026-01-25
29621,7333,14.40,2026-01-25
29622,14270,0.15,2026-01-25
29623,14244,0.07,2026-01-25
29624,14271,0.12,2026-01-25
29625,3564,0.10,2026-01-25
29626,2590,0.06,2026-01-25
29627,4528,0.14,2026-01-25
29628,17848,0.06,2026-01-25
29629,9776,0.12,2026-01-25
29630,16893,0.15,2026-01-25
29631,22875,0.06,2026-01-25
29632,22756,0.06,2026-01-25
29633,18848,0.14,2026-01-25
29634,19607,0.13,2026-01-25
29635,25224,0.05,2026-01-25
29636,626,0.15,2026-01-25
29637,13882,0.05,2026-01-25
29638,19515,0.07,2026-01-25
29639,24019,0.16,2026-01-25
29640,20649,0.10,2026-01-25
29641,25181,0.15,2026-01-25
29642,13251,0.18,2026-01-25
29643,7467,0.26,2026-01-25
29644,21648,0.10,2026-01-25
29645,14081,0.05,2026-01-25
29646,19571,0.11,2026-01-25
29647,14905,0.12,2026-01-25
29648,11338,0.06,2026-01-25
29649,25828,0.14,2026-01-25
29650,8628,0.08,2026-01-25
29651,14021,0.18,2026-01-25
29652,21454,0.50,2026-01-25
29653,25898,0.20,2026-01-25
29654,23817,0.10,2026-01-25
29655,15330,0.11,2026-01-25
29656,10686,0.23,2026-01-25
29657,9581,0.17,2026-01-25
29658,23900,0.08,2026-01-25
29659,25304,0.12,2026-01-25
29660,17798,0.19,2026-01-25
29661,19275,0.10,2026-01-25
29662,17537,0.14,2026-01-25
29663,7567,0.14,2026-01-25
29664,8790,0.10,2026-01-25
29665,266,0.09,2026-01-25
29666,24903,0.19,2026-01-25
29667,12211,0.20,2026-01-25
29668,2793,0.09,2026-01-25
29669,15177,2.14,2026-01-25
29670,526,0.19,2026-01-25
29671,18882,0.09,2026-01-25
29672,19375,0.09,2026-01-25
29673,25422,0.18,2026-01-25
29674,19621,0.09,2026-01-25
29675,17998,0.03,2026-01-25
29676,20985,0.51,2026-01-25
29677,1995,0.13,2026-01-25
29678,19513,0.07,2026-01-25
29679,12312,0.17,2026-01-25
29680,11583,0.07,2026-01-25
29681,14412,0.06,2026-01-25
29682,11774,0.13,2026-01-25
29683,14633,0.17,2026-01-25
29684,9526,0.11,2026-01-25
29685,11743,0.06,2026-01-25
29686,25129,0.11,2026-01-25
29687,1880,0.14,2026-01-25
29688,433,0.06,2026-01-25
29689,4263,0.09,2026-01-25
29690,10356,0.11,2026-01-25
29691,8381,0.16,2026-01-25
29692,14286,0.09,2026-01-25
29693,7206,0.11,2026-01-25
29694,6200,0.18,2026-01-25
29695,15047,0.19,2026-01-25
29696,18853,0.08,2026-01-25
29697,16502,0.57,2026-01-25
29698,12170,0.11,2026-01-25
29699,13200,0.14,2026-01-25
29700,9760,0.13,2026-01-25
29701,25878,0.10,2026-01-25
29702,9437,0.06,2026-01-25
29703,8596,0.13,2026-01-25
29704,8554,0.06,2026-01-25
29705,21074,0.09,2026-01-25
29706,730,0.08,2026-01-25
29707,14132,0.12,2026-01-25
29708,21989,0.14,2026-01-25
29709,16521,0.07,2026-01-25
29710,26348,0.05,2026-01-25
29711,6681,0.09,2026-01-25
29712,18621,0.10,2026-01-25
29713,5936,0.12,2026-01-25
29714,1321,0.04,2026-01-25
29715,25795,0.11,2026-01-25
29716,10707,0.09,2026-01-25
29717,24683,0.21,2026-01-25
29718,14864,0.23,2026-01-25
29719,19173,0.12,2026-01-25
29720,26450,0.20,2026-01-25
29721,16104,0.11,2026-01-25
29722,11495,0.22,2026-01-25
29723,25950,0.26,2026-01-25
29724,20529,0.08,2026-01-25
29725,19093,0.19,2026-01-25
29726,17182,0.19,2026-01-25
29727,1948,0.11,2026-01-25
29728,22140,0.18,2026-01-25
29729,220,0.38,2026-01-25
29730,3371,0.14,2026-01-25
29731,1210,0.10,2026-01-25
29732,20257,0.21,2026-01-25
29733,23557,0.05,2026-01-25
29734,17729,0.24,2026-01-25
29735,13793,0.04,2026-01-25
29736,14714,0.08,2026-01-25
29737,19746,0.13,2026-01-25
29738,1838,0.07,2026-01-25
29739,23609,0.15,2026-01-25
29740,1630,0.58,2026-01-25
29741,22982,0.21,2026-01-25
29742,18204,0.13,2026-01-25
29743,14694,0.73,2026-01-25
29744,24539,0.22,2026-01-25
29745,8923,0.20,2026-01-25
29746,11288,0.06,2026-01-25
29747,9937,0.14,2026-01-25
29748,16214,0.09,2026-01-25
29749,1271,0.11,2026-01-25
29750,10394,0.12,2026-01-25
29751,9198,0.06,2026-01-25
29752,17716,0.54,2026-01-25
29753,17125,0.05,2026-01-25
29754,1337,0.12,2026-01-25
29755,11721,0.12,2026-01-25
29756,18455,0.06,2026-01-25
29757,18500,0.08,2026-01-25
29758,5786,0.15,2026-01-25
29759,22490,0.13,2026-01-25
29760,11348,0.06,2026-01-25
29761,3015,0.09,2026-01-25
29762,21288,0.15,2026-01-25
29763,6628,0.06,2026-01-25
29764,270,0.14,2026-01-25
29765,7352,0.13,2026-01-25
29766,24510,0.04,2026-01-25
29767,9714,0.59,2026-01-25
29768,27069,0.15,2026-01-25
29769,17149,0.10,2026-01-25
29770,946,0.08,2026-01-25
29771,13333,0.15,2026-01-25
29772,1508,0.18,2026-01-25
29773,25454,0.11,2026-01-25
29774,24109,0.09,2026-01-25
29775,11999,0.16,2026-01-25
29776,3927,0.19,2026-01-25
29777,22315,0.22,2026-01-25
29778,26293,0.18,2026-01-25
29779,19611,0.08,2026-01-25
29780,20572,0.08,2026-01-25
29781,13558,0.22,2026-01-25
29782,26259,0.20,2026-01-25
29783,20318,0.09,2026-01-25
29784,24989,0.14,2026-01-25
29785,18689,0.06,2026-01-25
29786,20850,0.06,2026-01-25
29787,9734,0.14,2026-01-25
29788,21625,0.12,2026-01-25
29789,25601,0.07,2026-01-25
29790,15219,0.06,2026-01-25
29791,13394,0.24,2026-01-25
29792,1039,0.20,2026-01-25
29793,3510,0.08,2026-01-25
29794,13322,0.11,2026-01-25
29795,7754,0.13,2026-01-25
29796,20875,0.11,2026-01-25
29797,9459,0.07,2026-01-25
29798,17105,0.13,2026-01-25
29799,13649,0.16,2026-01-25
29800,3960,0.52,2026-01-25
29801,21176,0.63,2026-01-25
29802,21142,0.40,2026-01-25
29803,8145,0.16,2026-01-25
29804,5223,0.08,2026-01-25
29805,26307,0.07,2026-01-25
29806,3052,0.14,2026-01-25
29807,7144,0.16,2026-01-25
29808,14418,0.09,2026-01-25
29809,1306,0.06,2026-01-25
29810,23374,0.22,2026-01-25
29811,15322,0.13,2026-01-25
29812,2764,0.22,2026-01-25
29813,25739,0.15,2026-01-25
29814,2982,0.03,2026-01-25
29815,21000,0.19,2026-01-25
29816,4283,0.05,2026-01-25
29817,12151,0.06,2026-01-25
29818,25436,0.09,2026-01-25
29819,21630,0.08,2026-01-25
29820,6610,0.14,2026-01-25
29821,14548,0.23,2026-01-25
29822,1191,0.07,2026-01-25
29823,20559,0.94,2026-01-25
29824,21125,0.12,2026-01-25
29825,20104,0.07,2026-01-25
29826,21259,0.14,2026-01-25
29827,681,0.04,2026-01-25
29828,10105,0.04,2026-01-25
29829,3075,0.20,2026-01-25
29830,13258,0.16,2026-01-25
29831,19557,0.11,2026-01-25
29832,24998,0.17,2026-01-25
29833,1835,0.09,2026-01-25
29834,25850,1.23,2026-01-25
29835,21574,0.07,2026-01-25
29836,21830,0.13,2026-01-25
29837,26035,0.11,2026-01-25
29838,24814,0.06,2026-01-25
29839,2113,0.09,2026-01-25
29840,12035,0.17,2026-01-25
29841,5866,0.13,2026-01-25
29842,18679,0.08,2026-01-25
29843,26847,0.12,2026-01-25
29844,1706,0.08,2026-01-25
29845,8130,0.09,2026-01-25
29846,22647,0.16,2026-01-25
29847,10672,0.10,2026-01-25
29848,7286,0.11,2026-01-25
29849,14565,0.05,2026-01-25
29850,16465,0.18,2026-01-25
29851,26613,0.21,2026-01-25
29852,2200,0.09,2026-01-25
29853,11190,0.11,2026-01-25
29854,16263,0.27,2026-01-25
29855,26054,0.11,2026-01-25
29856,14896,0.23,2026-01-25
29857,25392,0.03,2026-01-25
29858,20889,0.13,2026-01-25
29859,14008,0.03,2026-01-25
29860,17762,0.15,2026-01-25
29861,9262,0.14,2026-01-25
29862,11104,0.07,2026-01-25
29863,19402,0.09,2026-01-25
29864,10915,0.14,2026-01-25
29865,1256,0.19,2026-01-25
29866,19285,0.13,2026-01-25
29867,24014,0.18,2026-01-25
29868,5792,0.24,2026-01-25
29869,20127,1.40,2026-01-25
29870,17084,0.10,2026-01-25
29871,7899,0.16,2026-01-25
29872,1936,0.09,2026-01-25
29873,18658,0.14,2026-01-25
29874,25960,0.14,2026-01-25
29875,11735,0.06,2026-01-25
29876,3449,0.67,2026-01-25
29877,19732,0.23,2026-01-25
29878,7606,0.17,2026-01-25
29879,24431,0.11,2026-01-25
29880,13824,0.29,2026-01-25
29881,7926,0.14,2026-01-25
29882,21261,0.08,2026-01-25
29883,20089,0.07,2026-01-25
29884,10474,0.18,2026-01-25
29885,4841,0.17,2026-01-25
29886,9097,0.08,2026-01-25
29887,6542,0.19,2026-01-25
29888,14839,0.09,2026-01-25
29889,269,2.14,2026-01-25
29890,797,0.19,2026-01-25
29891,14396,0.08,2026-01-25
29892,3493,0.14,2026-01-25
29893,3751,0.25,2026-01-25
29894,21110,0.07,2026-01-25
29895,17864,0.12,2026-01-25
29896,17116,0.23,2026-01-25
29897,23341,0.07,2026-01-25
29898,4106,0.17,2026-01-25
29899,16018,0.04,2026-01-25
29900,866,0.05,2026-01-25
29901,3567,0.16,2026-01-25
29902,24190,0.12,2026-01-25
29903,12285,0.21,2026-01-25
29904,6504,0.22,2026-01-25
29905,18855,0.05,2026-01-25
29906,25620,0.23,2026-01-25
29907,13808,0.07,2026-01-25
29908,912,0.10,2026-01-25
29909,7859,0.27,2026-01-25
29910,21137,0.24,2026-01-25
29911,8430,0.16,2026-01-25
29912,2943,0.39,2026-01-25
29913,4012,0.06,2026-01-25
29914,662,0.20,2026-01-25
29915,26336,0.36,2026-01-25
29916,19313,0.15,2026-01-25
29917,22635,0.10,2026-01-25
29918,7586,0.29,2026-01-25
29919,1099,0.04,2026-01-25
29920,15032,0.17,2026-01-25
29921,22992,0.22,2026-01-25
29922,1611,0.10,2026-01-25
29923,26554,0.04,2026-01-25
29924,13640,0.18,2026-01-25
29925,25513,0.20,2026-01-25
29926,8767,0.08,2026-01-25
29927,9740,0.23,2026-01-25
29928,17357,0.05,2026-01-25
29929,14105,0.33,2026-01-25
29930,4714,11.82,2026-01-25
29931,16170,0.42,2026-01-25
29932,23187,0.81,2026-01-25
29933,19972,0.20,2026-01-25
29934,12254,0.11,2026-01-25
29935,259,1.53,2026-01-25
29936,18880,8.31,2026-01-25
29937,6880,4.55,2026-01-25
29938,9095,5.37,2026-01-25
29939,17845,2.79,2026-01-25
29940,10549,2.23,2026-01-25
29941,8468,8.63,2026-01-25
29942,15478,5.33,2026-01-25
29943,10274,5.57,2026-01-25
29944,10207,2.64,2026-01-25
29945,15040,2.20,2026-01-25
29946,24018,2.80,2026-01-25
29947,25274,2.82,2026-01-25
29948,3102,4.09,2026-01-25
29949,4901,16.55,2026-01-25
29950,9428,2.25,2026-01-25
29951,11948,3.80,2026-01-25
29952,1057,3.68,2026-01-25
29953,2040,5.40,2026-01-25
29954,24376,18.28,2026-01-25
29955,21896,32.47,2026-01-25
29956,22891,57.11,2026-01-25
29957,17067,1.29,2026-01-25
29958,11072,3.40,2026-01-25
29959,5095,1.28,2026-01-25
29960,23265,2.74,2026-01-25
29961,23472,1.57,2026-01-25
29962,23639,1.55,2026-01-25
29963,20796,1.69,2026-01-25
29964,19744,2.01,2026-01-25
29965,22713,1.58,2026-01-25
29966,15816,8.46,2026-01-25
29967,10502,3.48,2026-01-25
29968,16905,7.88,2026-01-25
29969,17550,2.70,2026-01-25
29970,6762,2.83,2026-01-25
29971,18731,0.82,2026-01-25
29972,571,4.60,2026-01-25
29973,7593,1.09,2026-01-25
29974,10052,2.07,2026-01-25
29975,4380,3.14,2026-01-25
29976,10145,1.11,2026-01-25
29977,24786,3.40,2026-01-25
29978,17886,19.72,2026-01-25
29979,15583,20.06,2026-01-25
29980,9995,290.19,2026-01-25
29981,6744,10.90,2026-01-25
29982,18302,13.89,2026-01-25
29983,6730,14.10,2026-01-25
29984,6113,37.44,2026-01-25
29985,26146,22.67,2026-01-25
29986,10436,24.76,2026-01-25
29987,23773,50.98,2026-01-25
29988,5923,93.76,2026-01-25
29989,19995,8.35,2026-01-25
29990,4702,6.73,2026-01-25
29991,2394,9.86,2026-01-25
29992,10946,3.75,2026-01-25
29993,20263,2.60,2026-01-25
29994,25741,7.77,2026-01-25
29995,13386,0.88,2026-01-25
29996,5157,0.79,2026-01-25
29997,7057,19.08,2026-01-25
29998,16378,0.32,2026-01-25
29999,5988,0.66,2026-01-25
30000,25961,3.09,2026-01-25
30001,14075,2.33,2026-01-25
30002,13144,0.35,2026-01-25
30003,13186,2.65,2026-01-25
30004,10839,3.34,2026-01-25
30005,8121,4.94,2026-01-25
30006,19710,6.95,2026-01-25
30007,2259,0.40,2026-01-25
30008,5989,0.27,2026-01-25
30009,24756,0.48,2026-01-25
30010,19273,9.05,2026-01-25
30011,21596,0.58,2026-01-25
30012,24576,0.92,2026-01-25
30013,14104,0.61,2026-01-25
30014,8385,0.55,2026-01-25
30015,9397,0.54,2026-01-25
30016,16825,8.20,2026-01-25
30017,1989,0.05,2026-01-25
30018,25775,0.11,2026-01-25
30019,11251,0.08,2026-01-25
30020,3709,0.16,2026-01-25
30021,23380,0.08,2026-01-25
30022,9860,0.16,2026-01-25
30023,22895,0.17,2026-01-25
30024,16799,0.08,2026-01-25
30025,21875,0.07,2026-01-25
30026,420,0.16,2026-01-25
30027,17656,0.14,2026-01-25
30028,8789,0.12,2026-01-25
30029,16601,0.05,2026-01-25
30030,10825,0.13,2026-01-25
30031,20339,0.15,2026-01-25
30032,21218,0.11,2026-01-25
30033,24962,0.13,2026-01-25
30034,15664,0.21,2026-01-25
30035,14504,0.12,2026-01-25
30036,18256,0.05,2026-01-25
30037,22282,0.06,2026-01-25
30038,20044,0.12,2026-01-25
30039,21164,0.66,2026-01-25
30040,11503,0.09,2026-01-25
30041,1716,0.04,2026-01-25
30042,1592,0.08,2026-01-25
30043,9489,0.13,2026-01-25
30044,27076,0.55,2026-01-25
30045,13754,0.05,2026-01-25
30046,22742,0.15,2026-01-25
30047,3336,0.06,2026-01-25
30048,26536,0.16,2026-01-25
30049,8980,0.12,2026-01-25
30050,26751,0.23,2026-01-25
30051,1418,0.15,2026-01-25
30052,716,0.17,2026-01-25
30053,14816,0.29,2026-01-25
30054,2686,0.17,2026-01-25
30055,11068,0.12,2026-01-25
30056,20483,0.18,2026-01-25
30057,16273,0.26,2026-01-25
30058,12185,0.21,2026-01-25
30059,25067,0.04,2026-01-25
30060,13822,0.08,2026-01-25
30061,19299,0.13,2026-01-25
30062,12571,0.06,2026-01-25
30063,12222,0.12,2026-01-25
30064,14715,0.08,2026-01-25
30065,11207,0.18,2026-01-25
30066,23732,0.09,2026-01-25
30067,20406,0.11,2026-01-25
30068,26962,0.05,2026-01-25
30069,15262,0.18,2026-01-25
30070,19992,0.07,2026-01-25
30071,24985,0.14,2026-01-25
30072,14112,0.06,2026-01-25
30073,17781,0.15,2026-01-25
30074,10605,0.05,2026-01-25
30075,3686,0.07,2026-01-25
30076,25712,0.11,2026-01-25
30077,12011,0.11,2026-01-25
30078,10824,0.12,2026-01-25
30079,21412,0.05,2026-01-25
30080,12172,0.16,2026-01-25
30081,757,0.06,2026-01-25
30082,14880,0.12,2026-01-25
30083,988,0.06,2026-01-25
30084,24561,0.14,2026-01-25
30085,8803,0.79,2026-01-25
30086,24309,0.58,2026-01-25
30087,3690,5.97,2026-01-25
30088,25315,3.58,2026-01-25
30089,3918,0.12,2026-01-25
30090,18299,0.16,2026-01-25
30091,5257,0.04,2026-01-25
30092,13404,0.11,2026-01-25
30093,20941,0.11,2026-01-25
30094,25031,0.08,2026-01-25
30095,20121,0.05,2026-01-25
30096,3237,0.10,2026-01-25
30097,23981,0.07,2026-01-25
30098,14978,0.15,2026-01-25
30099,23989,0.11,2026-01-25
30100,22539,0.06,2026-01-25
30101,6413,0.10,2026-01-25
30102,15133,0.17,2026-01-25
30103,9519,0.20,2026-01-25
30104,12909,0.10,2026-01-25
30105,9954,0.16,2026-01-25
30106,12743,0.15,2026-01-25
30107,11317,0.11,2026-01-25
30108,25334,0.12,2026-01-25
30109,13991,0.22,2026-01-25
30110,19661,0.27,2026-01-25
30111,21227,0.04,2026-01-25
30112,7393,0.11,2026-01-25
30113,11908,0.06,2026-01-25
30114,18525,0.12,2026-01-25
30115,25484,0.15,2026-01-25
30116,2189,0.08,2026-01-25
30117,11779,0.09,2026-01-25
30118,16425,0.19,2026-01-25
30119,2164,0.06,2026-01-25
30120,8102,0.19,2026-01-25
30121,5589,0.06,2026-01-25
30122,24192,0.10,2026-01-25
30123,18683,0.22,2026-01-25
30124,17938,0.19,2026-01-25
30125,13177,0.47,2026-01-25
30126,11303,0.13,2026-01-25
30127,21696,0.11,2026-01-25
30128,21422,0.86,2026-01-25
30129,4964,2.54,2026-01-25
30130,5517,0.61,2026-01-25
30131,10343,0.65,2026-01-25
30132,14024,0.08,2026-01-25
30133,3404,0.15,2026-01-25
30134,6897,0.25,2026-01-25
30135,10022,0.13,2026-01-25
30136,16122,6.58,2026-01-25
30137,26831,32.20,2026-01-25
30138,9917,25.47,2026-01-25
30139,10770,38.95,2026-01-25
30140,23363,24.62,2026-01-25
30141,11285,23.37,2026-01-25
30142,5119,20.00,2026-01-25
30143,4101,30.36,2026-01-25
30144,3289,7.15,2026-01-25
30145,5470,8.16,2026-01-25
30146,5906,14.26,2026-01-25
30147,25218,9.46,2026-01-25
30148,23698,9.88,2026-01-25
30149,21441,42.83,2026-01-25
30150,11046,16.04,2026-01-25
30151,3350,2.56,2026-01-25
30152,20446,1.40,2026-01-25
30153,6750,3.24,2026-01-25
30154,4518,2.06,2026-01-25
30155,14012,13.78,2026-01-25
30156,21370,6.61,2026-01-25
30157,211,2.58,2026-01-25
30158,25416,4.01,2026-01-25
30159,7705,4.16,2026-01-25
30160,4024,4.45,2026-01-25
30161,4140,18.33,2026-01-25
30162,12717,14.96,2026-01-25
30163,14855,45.94,2026-01-25
30164,2752,21.31,2026-01-25
30165,2574,33.56,2026-01-25
30166,1927,17.78,2026-01-25
30167,2459,30.27,2026-01-25
30168,15346,17.46,2026-01-25
30169,9310,41.77,2026-01-25
30170,5,25.35,2026-01-25
30171,9401,1.03,2026-01-25
30172,15853,0.05,2026-01-25
30173,17145,0.12,2026-01-25
30174,1907,0.13,2026-01-25
30175,11582,0.10,2026-01-25
30176,941,0.10,2026-01-25
30177,8794,0.14,2026-01-25
30178,32,0.09,2026-01-25
30179,7123,0.21,2026-01-25
30180,17797,0.18,2026-01-25
30181,15243,0.10,2026-01-25
30182,17773,0.14,2026-01-25
30183,14809,0.06,2026-01-25
30184,18590,0.06,2026-01-25
30185,14656,0.12,2026-01-25
30186,7001,0.15,2026-01-25
30187,9872,0.09,2026-01-25
30188,4789,0.04,2026-01-25
30189,10931,0.13,2026-01-25
30190,21804,0.06,2026-01-25
30191,2013,0.13,2026-01-25
30192,26453,0.07,2026-01-25
30193,11086,0.13,2026-01-25
30194,9583,0.17,2026-01-25
30195,2455,0.09,2026-01-25
30196,23422,0.77,2026-01-25
30197,17476,0.13,2026-01-25
30198,25493,0.07,2026-01-25
30199,11222,0.15,2026-01-25
30200,8701,0.03,2026-01-25
30201,15342,0.06,2026-01-25
30202,21705,0.17,2026-01-25
30203,19574,0.12,2026-01-25
30204,26024,0.05,2026-01-25
30205,26347,0.16,2026-01-25
30206,10853,0.07,2026-01-25
30207,6396,0.09,2026-01-25
30208,25963,0.19,2026-01-25
30209,21445,0.05,2026-01-25
30210,14625,0.15,2026-01-25
30211,10953,0.16,2026-01-25
30212,5182,0.09,2026-01-25
30213,4772,0.14,2026-01-25
30214,17454,0.04,2026-01-25
30215,17575,0.16,2026-01-25
30216,2655,0.04,2026-01-25
30217,11138,0.14,2026-01-25
30218,26382,0.05,2026-01-25
30219,12287,0.09,2026-01-25
30220,19884,0.20,2026-01-25
30221,23368,0.12,2026-01-25
30222,18091,0.13,2026-01-25
30223,22175,0.92,2026-01-25
30224,8029,2.24,2026-01-25
30225,11339,0.17,2026-01-25
30226,10191,0.09,2026-01-25
30227,25401,0.06,2026-01-25
30228,6371,0.12,2026-01-25
30229,25846,1.45,2026-01-25
30230,22193,0.13,2026-01-25
30231,12352,0.08,2026-01-25
30232,25660,0.14,2026-01-25
30233,1669,0.07,2026-01-25
30234,23779,0.06,2026-01-25
30235,26420,0.13,2026-01-25
30236,701,0.11,2026-01-25
30237,17384,0.16,2026-01-25
30238,836,0.14,2026-01-25
30239,12729,0.07,2026-01-25
30240,1685,0.16,2026-01-25
30241,19010,0.13,2026-01-25
30242,801,0.14,2026-01-25
30243,7232,0.09,2026-01-25
30244,5574,0.16,2026-01-25
30245,4019,0.08,2026-01-25
30246,8307,0.80,2026-01-25
30247,26472,0.04,2026-01-25
30248,10518,0.14,2026-01-25
30249,25183,0.10,2026-01-25
30250,8356,0.18,2026-01-25
30251,7056,0.12,2026-01-25
30252,6498,0.17,2026-01-25
30253,19414,0.04,2026-01-25
30254,6983,0.13,2026-01-25
30255,1647,0.15,2026-01-25
30256,27,0.06,2026-01-25
30257,2008,0.07,2026-01-25
30258,7219,0.13,2026-01-25
30259,9543,0.06,2026-01-25
30260,10762,0.15,2026-01-25
30261,19201,0.14,2026-01-25
30262,8226,0.06,2026-01-25
30263,22290,0.18,2026-01-25
30264,19739,0.20,2026-01-25
30265,24085,0.88,2026-01-25
30266,21180,0.06,2026-01-25
30267,7739,0.15,2026-01-25
30268,3807,0.10,2026-01-25
30269,25836,0.06,2026-01-25
30270,20637,0.10,2026-01-25
30271,7018,0.12,2026-01-25
30272,20711,0.05,2026-01-25
30273,20594,0.17,2026-01-25
30274,7758,0.15,2026-01-25
30275,16329,0.07,2026-01-25
30276,1505,0.27,2026-01-25
30277,15434,0.15,2026-01-25
30278,23161,0.19,2026-01-25
30279,8091,0.11,2026-01-25
30280,8462,0.19,2026-01-25
30281,13658,0.42,2026-01-25
30282,23728,0.13,2026-01-25
30283,14547,0.07,2026-01-25
30284,18165,0.08,2026-01-25
30285,25033,0.16,2026-01-25
30286,5086,0.07,2026-01-25
30287,8935,0.21,2026-01-25
30288,20333,0.14,2026-01-25
30289,9413,0.07,2026-01-25
30290,10136,0.09,2026-01-25
30291,19380,0.30,2026-01-25
30292,17881,0.13,2026-01-25
30293,13923,0.15,2026-01-25
30294,6454,0.10,2026-01-25
30295,22142,0.17,2026-01-25
30296,4761,0.83,2026-01-25
30297,21633,0.09,2026-01-25
30298,15309,0.14,2026-01-25
30299,13828,0.26,2026-01-25
30300,5054,0.08,2026-01-25
30301,22904,0.07,2026-01-25
30302,24508,0.14,2026-01-25
30303,8013,0.16,2026-01-25
30304,1296,0.10,2026-01-25
30305,18404,0.20,2026-01-25
30306,25317,0.11,2026-01-25
30307,6535,0.14,2026-01-25
30308,3202,0.07,2026-01-25
30309,8088,0.13,2026-01-25
30310,29,0.04,2026-01-25
30311,18977,0.13,2026-01-25
30312,20640,0.09,2026-01-25
30313,6706,0.13,2026-01-25
30314,13370,0.12,2026-01-25
30315,15650,0.06,2026-01-25
30316,20819,0.26,2026-01-25
30317,6202,0.06,2026-01-25
30318,23475,0.31,2026-01-25
30319,18414,0.06,2026-01-25
30320,9902,0.13,2026-01-25
30321,17485,0.50,2026-01-25
30322,657,0.19,2026-01-25
30323,20742,0.08,2026-01-25
30324,13761,0.87,2026-01-25
30325,15318,0.16,2026-01-25
30326,9205,0.07,2026-01-25
30327,357,0.14,2026-01-25
30328,18001,0.04,2026-01-25
30329,9694,0.06,2026-01-25
30330,5564,0.16,2026-01-25
30331,21374,0.10,2026-01-25
30332,14927,0.11,2026-01-25
30333,23158,0.13,2026-01-25
30334,9059,0.04,2026-01-25
30335,2879,0.08,2026-01-25
30336,20989,0.14,2026-01-25
30337,5819,0.55,2026-01-25
30338,3561,0.15,2026-01-25
30339,16822,0.05,2026-01-25
30340,22545,0.15,2026-01-25
30341,21131,0.13,2026-01-25
30342,9404,0.10,2026-01-25
30343,21903,0.15,2026-01-25
30344,22451,0.04,2026-01-25
30345,135,0.12,2026-01-25
30346,16655,0.07,2026-01-25
30347,3957,0.16,2026-01-25
30348,6940,0.07,2026-01-25
30349,12324,0.11,2026-01-25
30350,17630,0.15,2026-01-25
30351,15931,0.12,2026-01-25
30352,10017,0.04,2026-01-25
30353,3677,0.12,2026-01-25
30354,2342,0.15,2026-01-25
30355,19012,0.24,2026-01-25
30356,23484,0.13,2026-01-25
30357,17123,0.04,2026-01-25
30358,16816,0.09,2026-01-25
30359,24766,0.15,2026-01-25
30360,1205,0.14,2026-01-25
30361,24522,0.09,2026-01-25
30362,23555,0.13,2026-01-25
30363,16169,0.20,2026-01-25
30364,7131,0.16,2026-01-25
30365,3501,0.07,2026-01-25
30366,5110,0.16,2026-01-25
30367,25222,0.11,2026-01-25
30368,18057,0.56,2026-01-25
30369,12100,0.08,2026-01-25
30370,26612,0.13,2026-01-25
30371,7213,0.11,2026-01-25
30372,24205,0.14,2026-01-25
30373,5233,0.13,2026-01-25
30374,13668,0.05,2026-01-25
30375,21041,0.04,2026-01-25
30376,9304,0.14,2026-01-25
30377,4557,0.76,2026-01-25
30378,2273,0.17,2026-01-25
30379,25195,0.22,2026-01-25
30380,2349,0.05,2026-01-25
30381,7146,0.16,2026-01-25
30382,5823,0.17,2026-01-25
30383,15,0.26,2026-01-25
30384,21305,0.30,2026-01-25
30385,13792,0.65,2026-01-25
30386,15396,0.24,2026-01-25
30387,5708,0.19,2026-01-25
30388,18210,0.05,2026-01-25
30389,11535,0.12,2026-01-25
30390,23356,0.14,2026-01-25
30391,19906,0.07,2026-01-25
30392,15070,0.11,2026-01-25
30393,7566,0.16,2026-01-25
30394,19650,0.20,2026-01-25
30395,9523,0.15,2026-01-25
30396,25414,0.05,2026-01-25
30397,18531,0.11,2026-01-25
30398,7030,0.10,2026-01-25
30399,978,0.05,2026-01-25
30400,12310,0.09,2026-01-25
30401,10498,0.13,2026-01-25
30402,20397,0.05,2026-01-25
30403,15659,0.13,2026-01-25
30404,6642,0.09,2026-01-25
30405,13712,0.12,2026-01-25
30406,2010,0.13,2026-01-25
30407,11129,0.05,2026-01-25
30408,6198,0.13,2026-01-25
30409,21397,0.09,2026-01-25
30410,10657,0.05,2026-01-25
30411,22404,0.13,2026-01-25
30412,18393,1.24,2026-01-25
30413,19030,0.09,2026-01-25
30414,24101,0.19,2026-01-25
30415,23999,0.10,2026-01-25
30416,2926,0.32,2026-01-25
30417,11098,0.14,2026-01-25
30418,4889,0.06,2026-01-25
30419,4902,0.04,2026-01-25
30420,14035,0.12,2026-01-25
30421,24468,0.12,2026-01-25
30422,10204,0.28,2026-01-25
30423,11629,0.29,2026-01-25
30424,20580,0.06,2026-01-25
30425,10386,0.14,2026-01-25
30426,23043,0.27,2026-01-25
30427,22865,0.13,2026-01-25
30428,19649,0.06,2026-01-25
30429,12319,0.10,2026-01-25
30430,4343,0.17,2026-01-25
30431,1930,0.12,2026-01-25
30432,17433,0.10,2026-01-25
30433,5956,0.14,2026-01-25
30434,10403,0.05,2026-01-25
30435,27026,0.27,2026-01-25
30436,8353,0.06,2026-01-25
30437,20628,0.36,2026-01-25
30438,4510,63.90,2026-01-25
30439,19699,3.50,2026-01-25
30440,16628,4.44,2026-01-25
30441,15197,2.59,2026-01-25
30442,17657,4.40,2026-01-25
30443,26080,72.71,2026-01-25
30444,6063,5.32,2026-01-25
30445,750,2.20,2026-01-25
30446,21538,8.70,2026-01-25
30447,17259,9.09,2026-01-25
30448,21744,7.68,2026-01-25
30449,19328,2.15,2026-01-25
30450,5220,4.48,2026-01-25
30451,2830,1.61,2026-01-25
30452,13775,3.96,2026-01-25
30453,206,3.15,2026-01-25
30454,9850,1.59,2026-01-25
30455,6316,2.62,2026-01-25
30456,6636,1.19,2026-01-25
30457,10170,0.94,2026-01-25
30458,12934,1.55,2026-01-25
30459,24707,4.30,2026-01-25
30460,4986,0.73,2026-01-25
30461,14891,2.16,2026-01-25
30462,14306,20.80,2026-01-25
30463,8791,14.49,2026-01-25
30464,22535,33.09,2026-01-25
30465,11169,31.81,2026-01-25
30466,9446,12.00,2026-01-25
30467,3246,15.94,2026-01-25
30468,12422,9.09,2026-01-25
30469,20790,8.66,2026-01-25
30470,9967,8.83,2026-01-25
30471,26173,3.09,2026-01-25
30472,18984,60.95,2026-01-25
30473,20808,63.28,2026-01-25
30474,1990,1.57,2026-01-25
30475,17816,2.70,2026-01-25
30476,23093,2.36,2026-01-25
30477,13838,4.94,2026-01-25
30478,3549,3.05,2026-01-25
30479,20051,1.36,2026-01-25
30480,1316,2.28,2026-01-25
30481,5324,5.76,2026-01-25
30482,2318,0.93,2026-01-25
30483,14416,1.25,2026-01-25
30484,7975,2.99,2026-01-25
30485,25428,7.96,2026-01-25
30486,4371,0.77,2026-01-25
30487,16938,0.94,2026-01-25
30488,8726,0.72,2026-01-25
30489,24461,0.47,2026-01-25
30490,24941,0.68,2026-01-25
30491,21647,570.98,2026-01-25
30492,4803,0.06,2026-01-25
30493,1153,0.19,2026-01-25
30494,752,0.17,2026-01-25
30495,9901,0.06,2026-01-25
30496,1755,0.25,2026-01-25
30497,24637,0.05,2026-01-25
30498,1371,0.65,2026-01-25
30499,9234,0.10,2026-01-25
30500,23411,0.05,2026-01-25
30501,14174,0.15,2026-01-25
30502,25770,0.06,2026-01-25
30503,22503,0.22,2026-01-25
30504,5333,0.08,2026-01-25
30505,3515,0.06,2026-01-25
30506,10913,0.15,2026-01-25
30507,612,0.22,2026-01-25
30508,3477,0.08,2026-01-25
30509,10420,0.07,2026-01-25
30510,22372,0.08,2026-01-25
30511,2243,0.08,2026-01-25
30512,12137,0.20,2026-01-25
30513,7755,0.13,2026-01-25
30514,20356,0.04,2026-01-25
30515,1444,0.10,2026-01-25
30516,4946,0.04,2026-01-25
30517,13667,0.07,2026-01-25
30518,11094,0.16,2026-01-25
30519,22607,0.18,2026-01-25
30520,22637,0.06,2026-01-25
30521,56,0.16,2026-01-25
30522,5922,0.09,2026-01-25
30523,24722,0.10,2026-01-25
30524,892,0.22,2026-01-25
30525,15405,0.04,2026-01-25
30526,3802,0.20,2026-01-25
30527,22534,0.14,2026-01-25
30528,9150,0.19,2026-01-25
30529,345,0.06,2026-01-25
30530,23294,0.12,2026-01-25
30531,23839,0.06,2026-01-25
30532,4850,0.24,2026-01-25
30533,9033,0.15,2026-01-25
30534,4079,0.05,2026-01-25
30535,10489,0.05,2026-01-25
30536,8747,0.10,2026-01-25
30537,617,0.04,2026-01-25
30538,21913,0.11,2026-01-25
30539,26268,0.04,2026-01-25
30540,7010,0.06,2026-01-25
30541,24356,0.11,2026-01-25
30542,2525,0.07,2026-01-25
30543,20549,0.04,2026-01-25
30544,13780,0.09,2026-01-25
30545,13303,0.07,2026-01-25
30546,299,0.11,2026-01-25
30547,24630,0.06,2026-01-25
30548,22928,0.15,2026-01-25
30549,13054,0.09,2026-01-25
30550,25872,0.05,2026-01-25
30551,16548,0.08,2026-01-25
30552,11810,0.23,2026-01-25
30553,13048,0.17,2026-01-25
30554,27070,0.12,2026-01-25
30555,17791,0.16,2026-01-25
30556,1629,0.06,2026-01-25
30557,13646,0.22,2026-01-25
30558,14300,0.07,2026-01-25
30559,13249,0.18,2026-01-25
30560,9535,0.07,2026-01-25
30561,16014,2.17,2026-01-25
30562,24666,0.64,2026-01-25
30563,3401,0.22,2026-01-25
30564,2608,0.12,2026-01-25
30565,7414,0.04,2026-01-25
30566,13155,0.19,2026-01-25
30567,21674,0.20,2026-01-25
30568,17139,0.05,2026-01-25
30569,26084,0.08,2026-01-25
30570,5704,0.16,2026-01-25
30571,3868,0.75,2026-01-25
30572,15422,0.17,2026-01-25
30573,275,0.08,2026-01-25
30574,15202,0.07,2026-01-25
30575,11476,0.12,2026-01-25
30576,18295,0.07,2026-01-25
30577,11934,0.24,2026-01-25
30578,18392,0.12,2026-01-25
30579,22616,0.06,2026-01-25
30580,14491,0.11,2026-01-25
30581,6889,0.07,2026-01-25
30582,20361,0.65,2026-01-25
30583,1284,0.06,2026-01-25
30584,6570,0.24,2026-01-25
30585,6208,0.04,2026-01-25
30586,12503,0.10,2026-01-25
30587,13542,0.08,2026-01-25
30588,848,0.10,2026-01-25
30589,8296,0.25,2026-01-25
30590,23844,0.05,2026-01-25
30591,3382,0.09,2026-01-25
30592,10125,0.06,2026-01-25
30593,17931,0.06,2026-01-25
30594,25420,0.12,2026-01-25
30595,9243,0.05,2026-01-25
30596,16647,0.27,2026-01-25
30597,17802,0.09,2026-01-25
30598,8112,0.19,2026-01-25
30599,7426,3.29,2026-01-25
30600,23906,0.13,2026-01-25
30601,11242,0.11,2026-01-25
30602,3127,0.08,2026-01-25
30603,19031,0.22,2026-01-25
30604,7167,0.21,2026-01-25
30605,19700,0.07,2026-01-25
30606,11107,0.09,2026-01-25
30607,21228,0.05,2026-01-25
30608,12939,0.09,2026-01-25
30609,17336,0.04,2026-01-25
30610,21893,0.04,2026-01-25
30611,21411,0.09,2026-01-25
30612,14089,0.05,2026-01-25
30613,6589,0.09,2026-01-25
30614,26596,0.11,2026-01-25
30615,18617,0.20,2026-01-25
30616,17077,0.08,2026-01-25
30617,6639,0.04,2026-01-25
30618,26902,0.04,2026-01-25
30619,2065,0.21,2026-01-25
30620,15862,0.59,2026-01-25
30621,610,0.19,2026-01-25
30622,19000,0.05,2026-01-25
30623,19327,0.19,2026-01-25
30624,20137,0.09,2026-01-25
30625,21859,0.20,2026-01-25
30626,5755,0.09,2026-01-25
30627,18976,0.12,2026-01-25
30628,23691,0.21,2026-01-25
30629,8081,0.13,2026-01-25
30630,21663,0.07,2026-01-25
30631,22130,0.10,2026-01-25
30632,3434,0.23,2026-01-25
30633,22933,0.07,2026-01-25
30634,24407,0.24,2026-01-25
30635,21277,3.09,2026-01-25
30636,928,0.20,2026-01-25
30637,7600,0.09,2026-01-25
30638,7993,0.08,2026-01-25
30639,20212,0.25,2026-01-25
30640,3852,0.06,2026-01-25
30641,17745,0.20,2026-01-25
30642,19270,0.10,2026-01-25
30643,1118,0.25,2026-01-25
30644,8683,0.07,2026-01-25
30645,11004,0.19,2026-01-25
30646,2425,0.04,2026-01-25
30647,24964,0.11,2026-01-25
30648,15603,0.06,2026-01-25
30649,979,0.21,2026-01-25
30650,11589,0.16,2026-01-25
30651,2739,0.07,2026-01-25
30652,18887,0.26,2026-01-25
30653,21681,0.08,2026-01-25
30654,25460,1.13,2026-01-25
30655,6302,0.16,2026-01-25
30656,11311,0.08,2026-01-25
30657,18662,0.27,2026-01-25
30658,13719,0.08,2026-01-25
30659,2019,0.11,2026-01-25
30660,6627,0.06,2026-01-25
30661,3220,0.11,2026-01-25
30662,4226,0.03,2026-01-25
30663,22694,0.70,2026-01-25
30664,4139,0.19,2026-01-25
30665,191,0.13,2026-01-25
30666,3217,0.20,2026-01-25
30667,10545,0.07,2026-01-25
30668,4682,0.06,2026-01-25
30669,17410,0.10,2026-01-25
30670,23992,0.19,2026-01-25
30671,17678,0.06,2026-01-25
30672,11759,0.07,2026-01-25
30673,21959,0.28,2026-01-25
30674,8051,0.16,2026-01-25
30675,1710,0.23,2026-01-25
30676,24842,0.09,2026-01-25
30677,2028,0.04,2026-01-25
30678,25372,0.08,2026-01-25
30679,26565,0.06,2026-01-25
30680,11517,0.07,2026-01-25
30681,24039,0.18,2026-01-25
30682,432,0.05,2026-01-25
30683,26448,0.21,2026-01-25
30684,10949,0.11,2026-01-25
30685,15681,0.07,2026-01-25
30686,11916,0.09,2026-01-25
30687,2155,0.12,2026-01-25
30688,4269,0.07,2026-01-25
30689,11112,0.11,2026-01-25
30690,14981,0.07,2026-01-25
30691,21650,0.16,2026-01-25
30692,16039,0.57,2026-01-25
30693,551,0.08,2026-01-25
30694,6756,0.18,2026-01-25
30695,3943,0.06,2026-01-25
30696,11728,0.08,2026-01-25
30697,14825,0.08,2026-01-25
30698,24931,0.05,2026-01-25
30699,19535,0.06,2026-01-25
30700,8144,0.19,2026-01-25
30701,13496,0.06,2026-01-25
30702,4875,0.20,2026-01-25
30703,12859,0.04,2026-01-25
30704,21053,0.12,2026-01-25
30705,12715,0.05,2026-01-25
30706,26182,0.11,2026-01-25
30707,15344,0.08,2026-01-25
30708,20109,0.04,2026-01-25
30709,25591,0.05,2026-01-25
30710,26306,0.09,2026-01-25
30711,10409,0.19,2026-01-25
30712,24412,0.07,2026-01-25
30713,20193,0.10,2026-01-25
30714,21765,0.18,2026-01-25
30715,17289,0.06,2026-01-25
30716,2677,0.10,2026-01-25
30717,13348,0.81,2026-01-25
30718,6999,0.04,2026-01-25
30719,3272,0.08,2026-01-25
30720,17076,0.05,2026-01-25
30721,13763,0.18,2026-01-25
30722,3529,0.06,2026-01-25
30723,26537,0.13,2026-01-25
30724,10150,0.07,2026-01-25
30725,19503,0.19,2026-01-25
30726,19104,0.11,2026-01-25
30727,16506,0.05,2026-01-25
30728,26648,0.09,2026-01-25
30729,16111,0.22,2026-01-25
30730,15139,0.04,2026-01-25
30731,1595,0.07,2026-01-25
30732,17009,0.04,2026-01-25
30733,15282,0.07,2026-01-25
30734,21091,0.12,2026-01-25
30735,17366,0.05,2026-01-25
30736,8494,0.04,2026-01-25
30737,10986,0.10,2026-01-25
30738,18661,0.77,2026-01-25
30739,20973,0.22,2026-01-25
30740,13070,0.05,2026-01-25
30741,26449,0.22,2026-01-25
30742,20807,0.08,2026-01-25
30743,22862,0.60,2026-01-25
30744,1622,0.21,2026-01-25
30745,7203,0.05,2026-01-25
30746,22634,0.17,2026-01-25
30747,17557,0.08,2026-01-25
30748,16966,0.10,2026-01-25
30749,22332,0.20,2026-01-25
30750,24635,0.05,2026-01-25
30751,5626,0.21,2026-01-25
30752,20870,0.11,2026-01-25
30753,1575,0.14,2026-01-25
30754,13375,0.17,2026-01-25
30755,10165,0.05,2026-01-25
30756,13150,0.23,2026-01-25
30757,25278,0.10,2026-01-25
30758,9518,0.10,2026-01-25
30759,23899,0.20,2026-01-25
30760,25457,0.77,2026-01-25
30761,3500,0.10,2026-01-25
30762,20826,0.29,2026-01-25
30763,15600,0.14,2026-01-25
30764,19057,0.42,2026-01-25
30765,17481,0.11,2026-01-25
30766,19678,0.05,2026-01-25
30767,15842,0.19,2026-01-25
30768,21015,0.09,2026-01-25
30769,8937,0.66,2026-01-25
30770,5036,0.11,2026-01-25
30771,23678,0.05,2026-01-25
30772,13023,0.08,2026-01-25
30773,4411,0.09,2026-01-25
30774,1840,0.16,2026-01-25
30775,4869,0.07,2026-01-25
30776,13967,0.06,2026-01-25
30777,26541,0.13,2026-01-25
30778,25549,0.07,2026-01-25
30779,11600,0.10,2026-01-25
30780,23292,0.19,2026-01-25
30781,1553,0.06,2026-01-25
30782,18915,0.12,2026-01-25
30783,2458,0.05,2026-01-25
30784,1810,0.19,2026-01-25
30785,22491,0.07,2026-01-25
30786,12994,0.09,2026-01-25
30787,406,0.06,2026-01-25
30788,22325,0.15,2026-01-25
30789,5237,0.08,2026-01-25
30790,17356,0.13,2026-01-25
30791,15232,0.26,2026-01-25
30792,25200,0.69,2026-01-25
30793,17908,0.71,2026-01-25
30794,323,0.21,2026-01-25
30795,18798,0.10,2026-01-25
30796,24280,0.40,2026-01-25
30797,21746,0.19,2026-01-25
30798,6664,0.05,2026-01-25
30799,17143,0.57,2026-01-25
30800,3474,0.21,2026-01-25
30801,25761,0.04,2026-01-25
30802,22331,0.05,2026-01-25
30803,13626,0.22,2026-01-25
30804,14877,0.07,2026-01-25
30805,24143,0.19,2026-01-25
30806,15563,0.18,2026-01-25
30807,21727,0.05,2026-01-25
30808,14016,0.09,2026-01-25
30809,2770,0.18,2026-01-25
30810,22388,0.18,2026-01-25
30811,19656,0.13,2026-01-25
30812,2414,0.05,2026-01-25
30813,17008,0.17,2026-01-25
30814,2909,0.21,2026-01-25
30815,12048,0.05,2026-01-25
30816,3078,0.05,2026-01-25
30817,1637,0.17,2026-01-25
30818,13818,0.19,2026-01-25
30819,1145,0.07,2026-01-25
30820,22382,0.08,2026-01-25
30821,4198,0.18,2026-01-25
30822,21408,0.60,2026-01-25
30823,26929,0.22,2026-01-25
30824,9080,0.09,2026-01-25
30825,23934,0.05,2026-01-25
30826,17900,0.21,2026-01-25
30827,26305,0.16,2026-01-25
30828,25311,0.07,2026-01-25
30829,20414,0.13,2026-01-25
30830,26216,0.23,2026-01-25
30831,16719,0.06,2026-01-25
30832,17314,0.17,2026-01-25
30833,19533,0.40,2026-01-25
30834,21582,0.42,2026-01-25
30835,8759,0.06,2026-01-25
30836,20431,0.21,2026-01-25
30837,12392,4.38,2026-01-25
30838,24655,0.39,2026-01-25
30839,22464,0.07,2026-01-25
30840,23739,0.10,2026-01-25
30841,19640,0.06,2026-01-25
30842,21749,0.21,2026-01-25
30843,22651,0.16,2026-01-25
30844,9708,0.08,2026-01-25
30845,15287,0.07,2026-01-25
30846,8707,0.17,2026-01-25
30847,22806,2.70,2026-01-25
30848,11110,4.22,2026-01-25
30849,23521,2.48,2026-01-25
30850,12567,2.62,2026-01-25
30851,15023,5.01,2026-01-25
30852,13547,1.60,2026-01-25
30853,12280,14.33,2026-01-25
30854,1541,4.65,2026-01-25
30855,7367,5.30,2026-01-25
30856,265,1.82,2026-01-25
30857,6800,1.78,2026-01-25
30858,10746,1.42,2026-01-25
30859,10303,23.92,2026-01-25
30860,6446,8.09,2026-01-25
30861,16880,5.02,2026-01-25
30862,16962,2.03,2026-01-25
30863,22080,4.67,2026-01-25
30864,8713,5.18,2026-01-25
30865,26531,6.36,2026-01-25
30866,22774,2.55,2026-01-25
30867,12226,4.28,2026-01-25
30868,27035,8.32,2026-01-25
30869,18690,3.78,2026-01-25
30870,19586,3.50,2026-01-25
30871,25880,0.95,2026-01-25
30872,549,0.87,2026-01-25
30873,13482,1.47,2026-01-25
30874,11502,1.72,2026-01-25
30875,22736,19.45,2026-01-25
30876,5683,5.54,2026-01-25
30877,841,1.29,2026-01-25
30878,5795,2.22,2026-01-25
30879,7790,4.14,2026-01-25
30880,21535,1.05,2026-01-25
30881,23015,1.71,2026-01-25
30882,11563,1.42,2026-01-25
30883,23752,1.04,2026-01-25
30884,22885,1.47,2026-01-25
30885,23623,1.14,2026-01-25
30886,3471,1.55,2026-01-25
30887,6877,1.04,2026-01-25
30888,9631,1.01,2026-01-25
30889,25385,1.38,2026-01-25
30890,10973,2.66,2026-01-25
30891,26203,0.71,2026-01-25
30892,7541,19.65,2026-01-25
30893,25045,95.71,2026-01-25
30894,42,256.95,2026-01-25
30895,2961,151.83,2026-01-25
30896,10294,38.56,2026-01-25
30897,19455,11.78,2026-01-25
30898,11280,27.90,2026-01-25
30899,23025,8.98,2026-01-25
30900,14433,7.83,2026-01-25
30901,15724,18.63,2026-01-25
30902,9261,29.17,2026-01-25
30903,7590,52.70,2026-01-25
30904,648,8.80,2026-01-25
30905,10293,3.72,2026-01-25
30906,24048,9.05,2026-01-25
30907,17659,10.02,2026-01-25
30908,14057,9.36,2026-01-25
30909,23565,5.32,2026-01-25
30910,17254,5.76,2026-01-25
30911,20159,5.09,2026-01-25
30912,13345,2.67,2026-01-25
30913,23070,4.77,2026-01-25
30914,15706,0.57,2026-01-25
30915,21136,0.57,2026-01-25
30916,8389,0.87,2026-01-25
30917,17983,5.22,2026-01-25
30918,2719,0.82,2026-01-25
30919,14902,4.82,2026-01-25
30920,13301,0.54,2026-01-25
30921,4677,3.68,2026-01-25
30922,24239,5.79,2026-01-25
30923,15231,3.99,2026-01-25
30924,20278,0.07,2026-01-25
30925,2599,0.03,2026-01-25
30926,10357,0.05,2026-01-25
30927,25125,0.11,2026-01-25
30928,6049,0.04,2026-01-25
30929,5130,0.08,2026-01-25
30930,4129,2.62,2026-01-25
30931,397,0.06,2026-01-25
30932,9716,0.12,2026-01-25
30933,15532,0.06,2026-01-25
30934,24810,0.12,2026-01-25
30935,16385,0.26,2026-01-25
30936,16764,0.15,2026-01-25
30937,10225,0.29,2026-01-25
30938,8166,0.24,2026-01-25
30939,1400,0.03,2026-01-25
30940,24483,0.07,2026-01-25
30941,26680,0.23,2026-01-25
30942,23995,0.28,2026-01-25
30943,24263,0.61,2026-01-25
30944,23621,2.80,2026-01-25
30945,1969,0.15,2026-01-25
30946,12447,0.09,2026-01-25
30947,13497,1.17,2026-01-25
30948,4883,0.14,2026-01-25
30949,19898,0.26,2026-01-25
30950,12506,2.15,2026-01-25
30951,9116,0.18,2026-01-25
30952,10507,0.34,2026-01-25
30953,20364,0.66,2026-01-25
30954,27025,0.56,2026-01-25
30955,22739,0.44,2026-01-25
30956,718,0.22,2026-01-25
30957,4608,0.10,2026-01-25
30958,4724,0.15,2026-01-25
30959,16211,0.07,2026-01-25
30960,12173,0.05,2026-01-25
30961,11351,0.12,2026-01-25
30962,3280,0.06,2026-01-25
30963,12344,1.91,2026-01-25
30964,15500,0.14,2026-01-25
30965,9648,0.07,2026-01-25
30966,12242,0.11,2026-01-25
30967,48,0.08,2026-01-25
30968,22467,1.39,2026-01-25
30969,16944,1.09,2026-01-25
30970,18501,0.12,2026-01-25
30971,3300,0.05,2026-01-25
30972,18017,0.56,2026-01-25
30973,20157,0.14,2026-01-25
30974,26972,0.06,2026-01-25
30975,16973,0.13,2026-01-25
30976,8423,0.06,2026-01-25
30977,25740,0.70,2026-01-25
30978,3512,0.20,2026-01-25
30979,25902,0.23,2026-01-25
30980,26352,1.98,2026-01-25
30981,20885,0.18,2026-01-25
30982,24359,0.11,2026-01-25
30983,2148,0.08,2026-01-25
30984,17747,0.05,2026-01-25
30985,16504,0.08,2026-01-25
30986,9932,0.10,2026-01-25
30987,5389,0.10,2026-01-25
30988,24512,0.10,2026-01-25
30989,3526,0.11,2026-01-25
30990,19954,0.08,2026-01-25
30991,18808,0.05,2026-01-25
30992,12228,0.19,2026-01-25
30993,26162,0.07,2026-01-25
30994,6143,0.12,2026-01-25
30995,23836,1.67,2026-01-25
30996,5067,0.21,2026-01-25
30997,14178,0.14,2026-01-25
30998,22960,0.22,2026-01-25
30999,21629,0.25,2026-01-25
31000,24214,0.33,2026-01-25
31001,5491,0.28,2026-01-25
31002,3091,0.13,2026-01-25
31003,2227,0.10,2026-01-25
31004,18522,0.14,2026-01-25
31005,9269,0.07,2026-01-25
31006,23822,0.06,2026-01-25
31007,1433,0.10,2026-01-25
31008,18718,0.13,2026-01-25
31009,24882,0.06,2026-01-25
31010,11562,0.57,2026-01-25
31011,7690,0.25,2026-01-25
31012,20394,0.44,2026-01-25
31013,7709,0.71,2026-01-25
31014,21275,0.03,2026-01-25
31015,11427,0.06,2026-01-25
31016,11829,0.08,2026-01-25
31017,20541,0.13,2026-01-25
31018,8647,0.10,2026-01-25
31019,13040,0.12,2026-01-25
31020,8975,4.04,2026-01-25
31021,14796,0.05,2026-01-25
31022,6057,0.12,2026-01-25
31023,23392,0.10,2026-01-25
31024,26918,0.03,2026-01-25
31025,3087,0.10,2026-01-25
31026,20393,0.05,2026-01-25
31027,12138,0.81,2026-01-25
31028,21026,0.09,2026-01-25
31029,10141,0.05,2026-01-25
31030,24857,0.66,2026-01-25
31031,21562,0.05,2026-01-25
31032,15793,0.13,2026-01-25
31033,20488,0.12,2026-01-25
31034,16852,0.12,2026-01-25
31035,12820,0.08,2026-01-25
31036,25705,0.04,2026-01-25
31037,17448,0.04,2026-01-25
31038,2415,0.09,2026-01-25
31039,11276,0.08,2026-01-25
31040,4049,0.06,2026-01-25
31041,20897,0.11,2026-01-25
31042,12988,0.03,2026-01-25
31043,3568,0.08,2026-01-25
31044,14005,0.07,2026-01-25
31045,1981,0.14,2026-01-25
31046,8943,0.09,2026-01-25
31047,8290,0.15,2026-01-25
31048,3705,0.13,2026-01-25
31049,24286,1.27,2026-01-25
31050,6635,0.20,2026-01-25
31051,16722,0.12,2026-01-25
31052,2626,3.81,2026-01-25
31053,23886,0.95,2026-01-25
31054,7875,0.18,2026-01-25
31055,25919,0.12,2026-01-25
31056,1152,0.09,2026-01-25
31057,14260,0.14,2026-01-25
31058,25723,0.12,2026-01-25
31059,24023,0.05,2026-01-25
31060,2204,0.09,2026-01-25
31061,1851,0.07,2026-01-25
31062,11978,0.06,2026-01-25
31063,2916,0.10,2026-01-25
31064,8451,0.18,2026-01-25
31065,19115,0.16,2026-01-25
31066,577,1.17,2026-01-25
31067,10194,0.15,2026-01-25
31068,297,0.05,2026-01-25
31069,1617,0.09,2026-01-25
31070,11966,0.19,2026-01-25
31071,13347,0.17,2026-01-25
31072,521,0.10,2026-01-25
31073,11066,0.11,2026-01-25
31074,1515,0.06,2026-01-25
31075,22376,0.11,2026-01-25
31076,23784,0.04,2026-01-25
31077,24521,0.12,2026-01-25
31078,6719,0.05,2026-01-25
31079,13068,0.03,2026-01-25
31080,15131,0.09,2026-01-25
31081,10349,0.48,2026-01-25
31082,14729,0.74,2026-01-25
31083,17982,0.05,2026-01-25
31084,10376,0.10,2026-01-25
31085,20118,0.09,2026-01-25
31086,16942,0.16,2026-01-25
31087,18939,0.04,2026-01-25
31088,24813,0.12,2026-01-25
31089,19405,0.14,2026-01-25
31090,11421,0.21,2026-01-25
31091,8302,0.08,2026-01-25
31092,3090,0.06,2026-01-25
31093,22094,0.16,2026-01-25
31094,22697,0.07,2026-01-25
31095,3606,0.14,2026-01-25
31096,4338,0.05,2026-01-25
31097,14485,0.17,2026-01-25
31098,23330,0.06,2026-01-25
31099,15499,0.04,2026-01-25
31100,15785,0.09,2026-01-25
31101,9255,0.07,2026-01-25
31102,20728,0.19,2026-01-25
31103,23582,0.15,2026-01-25
31104,21337,0.09,2026-01-25
31105,7133,0.26,2026-01-25
31106,9926,0.10,2026-01-25
31107,9375,0.18,2026-01-25
31108,4676,0.15,2026-01-25
31109,15329,0.07,2026-01-25
31110,594,0.12,2026-01-25
31111,6969,0.15,2026-01-25
31112,7238,0.05,2026-01-25
31113,16190,0.06,2026-01-25
31114,11040,0.11,2026-01-25
31115,17796,0.02,2026-01-25
31116,20682,0.09,2026-01-25
31117,18730,0.16,2026-01-25
31118,6066,0.08,2026-01-25
31119,6409,0.12,2026-01-25
31120,4900,0.07,2026-01-25
31121,21919,0.05,2026-01-25
31122,19054,0.12,2026-01-25
31123,1589,0.08,2026-01-25
31124,1570,0.10,2026-01-25
31125,23655,0.11,2026-01-25
31126,22031,0.06,2026-01-25
31127,16688,0.15,2026-01-25
31128,1178,0.06,2026-01-25
31129,8586,0.67,2026-01-25
31130,14829,0.69,2026-01-25
31131,10943,0.42,2026-01-25
31132,25503,0.09,2026-01-25
31133,12815,0.02,2026-01-25
31134,1684,0.16,2026-01-25
31135,23710,0.06,2026-01-25
31136,13776,0.17,2026-01-25
31137,21751,0.08,2026-01-25
31138,19844,0.18,2026-01-25
31139,3317,0.08,2026-01-25
31140,8322,0.07,2026-01-25
31141,7485,0.13,2026-01-25
31142,5525,0.09,2026-01-25
31143,1708,0.08,2026-01-25
31144,19878,0.05,2026-01-25
31145,18485,0.13,2026-01-25
31146,1577,0.07,2026-01-25
31147,17133,0.12,2026-01-25
31148,17588,0.11,2026-01-25
31149,18741,0.03,2026-01-25
31150,23482,0.26,2026-01-25
31151,9557,0.36,2026-01-25
31152,19062,0.33,2026-01-25
31153,9469,0.11,2026-01-25
31154,6171,0.03,2026-01-25
31155,9965,0.50,2026-01-25
31156,26983,0.54,2026-01-25
31157,19600,0.51,2026-01-25
31158,7978,0.48,2026-01-25
31159,13604,0.90,2026-01-25
31160,16404,0.83,2026-01-25
31161,23222,0.53,2026-01-25
31162,11717,0.61,2026-01-25
31163,19166,0.75,2026-01-25
31164,13674,0.53,2026-01-25
31165,22654,0.56,2026-01-25
31166,25819,0.51,2026-01-25
31167,24319,239.17,2026-01-25
31168,14498,20.96,2026-01-25
31169,10852,93.09,2026-01-25
31170,3537,158.38,2026-01-25
31171,19801,40.57,2026-01-25
31172,11586,142.38,2026-01-25
31173,12601,18.48,2026-01-25
31174,23181,175.38,2026-01-25
31175,22354,14.30,2026-01-25
31176,26150,178.71,2026-01-25
31177,16159,35.31,2026-01-25
31178,16286,198.76,2026-01-25
31179,3229,41.16,2026-01-25
31180,1385,305.81,2026-01-25
31181,26905,34.36,2026-01-25
31182,22194,24.50,2026-01-25
31183,21120,15.73,2026-01-25
31184,13555,157.31,2026-01-25
31185,11186,862.66,2026-01-25
31186,6220,29.02,2026-01-25
31187,16317,52.24,2026-01-25
31188,14427,88.38,2026-01-25
31189,16189,65.32,2026-01-25
31190,5439,115.09,2026-01-25
31191,3553,65.18,2026-01-25
31192,16511,32.34,2026-01-25
31193,250,13.34,2026-01-25
31194,1207,21.55,2026-01-25
31195,25651,5.10,2026-01-25
31196,9707,20.68,2026-01-25
31197,24750,5.99,2026-01-25
31198,13165,5.89,2026-01-25
31199,20482,7.55,2026-01-25
31200,9477,16.17,2026-01-25
31201,8585,27.11,2026-01-25
31202,4041,28.62,2026-01-25
31203,8165,40.74,2026-01-25
31204,26965,0.16,2026-01-25
31205,5655,0.05,2026-01-25
31206,23975,0.16,2026-01-25
31207,23674,0.09,2026-01-25
31208,14841,0.08,2026-01-25
31209,2585,0.26,2026-01-25
31210,7527,0.15,2026-01-25
31211,26841,0.06,2026-01-25
31212,4707,0.06,2026-01-25
31213,14560,0.12,2026-01-25
31214,10682,0.13,2026-01-25
31215,898,0.06,2026-01-25
31216,7240,0.10,2026-01-25
31217,24180,0.15,2026-01-25
31218,10464,0.08,2026-01-25
31219,16637,0.20,2026-01-25
31220,8127,0.07,2026-01-25
31221,10580,0.14,2026-01-25
31222,22174,0.13,2026-01-25
31223,20243,0.05,2026-01-25
31224,5958,0.57,2026-01-25
31225,3468,0.10,2026-01-25
31226,8543,0.04,2026-01-25
31227,24796,0.04,2026-01-25
31228,20291,0.14,2026-01-25
31229,9263,0.07,2026-01-25
31230,24357,0.12,2026-01-25
31231,22346,0.26,2026-01-25
31232,6112,0.06,2026-01-25
31233,18656,0.09,2026-01-25
31234,10451,0.15,2026-01-25
31235,8023,0.13,2026-01-25
31236,3194,0.09,2026-01-25
31237,13082,0.13,2026-01-25
31238,13562,0.34,2026-01-25
31239,9102,0.09,2026-01-25
31240,3260,0.06,2026-01-25
31241,22189,0.19,2026-01-25
31242,16171,0.07,2026-01-25
31243,18541,0.32,2026-01-25
31244,3855,0.12,2026-01-25
31245,26469,0.13,2026-01-25
31246,4822,0.07,2026-01-25
31247,14810,0.13,2026-01-25
31248,2496,0.06,2026-01-25
31249,7456,0.86,2026-01-25
31250,18823,0.15,2026-01-25
31251,19445,0.09,2026-01-25
31252,10919,0.08,2026-01-25
31253,24384,0.20,2026-01-25
31254,23776,0.09,2026-01-25
31255,24575,0.35,2026-01-25
31256,5522,0.14,2026-01-25
31257,1468,0.05,2026-01-25
31258,9590,0.10,2026-01-25
31259,19747,0.05,2026-01-25
31260,4115,0.67,2026-01-25
31261,5150,0.71,2026-01-25
31262,26719,0.32,2026-01-25
31263,25812,0.08,2026-01-25
31264,3216,0.14,2026-01-25
31265,18120,0.06,2026-01-25
31266,21487,0.05,2026-01-25
31267,11310,0.27,2026-01-25
31268,17590,0.15,2026-01-25
31269,13015,0.09,2026-01-25
31270,1315,0.07,2026-01-25
31271,10302,0.12,2026-01-25
31272,21342,0.28,2026-01-25
31273,6100,0.09,2026-01-25
31274,19286,0.05,2026-01-25
31275,507,0.12,2026-01-25
31276,15663,0.10,2026-01-25
31277,24695,0.04,2026-01-25
31278,10708,0.12,2026-01-25
31279,16678,0.04,2026-01-25
31280,26405,0.10,2026-01-25
31281,23749,0.30,2026-01-25
31282,9687,0.53,2026-01-25
31283,6577,0.07,2026-01-25
31284,18068,0.58,2026-01-25
31285,17715,0.14,2026-01-25
31286,13257,0.07,2026-01-25
31287,21367,0.09,2026-01-25
31288,607,0.15,2026-01-25
31289,10267,0.07,2026-01-25
31290,14319,0.29,2026-01-25
31291,24054,0.16,2026-01-25
31292,9801,0.08,2026-01-25
31293,16892,0.27,2026-01-25
31294,1540,0.06,2026-01-25
31295,22370,0.08,2026-01-25
31296,21669,0.18,2026-01-25
31297,13856,0.14,2026-01-25
31298,9259,0.06,2026-01-25
31299,16543,0.71,2026-01-25
31300,16146,0.09,2026-01-25
31301,22087,0.13,2026-01-25
31302,287,0.63,2026-01-25
31303,10284,0.07,2026-01-25
31304,22829,0.13,2026-01-25
31305,24261,0.07,2026-01-25
31306,23467,0.30,2026-01-25
31307,807,1.20,2026-01-25
31308,15328,0.07,2026-01-25
31309,15705,0.15,2026-01-25
31310,13756,0.09,2026-01-25
31311,19923,0.12,2026-01-25
31312,20451,0.07,2026-01-25
31313,20400,0.13,2026-01-25
31314,788,0.22,2026-01-25
31315,24513,0.06,2026-01-25
31316,19067,0.04,2026-01-25
31317,15413,0.14,2026-01-25
31318,8652,0.07,2026-01-25
31319,6493,0.14,2026-01-25
31320,4142,0.11,2026-01-25
31321,12769,0.27,2026-01-25
31322,8579,0.13,2026-01-25
31323,18440,0.06,2026-01-25
31324,842,0.11,2026-01-25
31325,24821,0.14,2026-01-25
31326,25769,0.08,2026-01-25
31327,23458,0.18,2026-01-25
31328,7891,0.12,2026-01-25
31329,15972,0.31,2026-01-25
31330,7855,0.15,2026-01-25
31331,13964,0.10,2026-01-25
31332,20784,0.97,2026-01-25
31333,10021,0.10,2026-01-25
31334,1920,0.06,2026-01-25
31335,26920,0.13,2026-01-25
31336,21157,0.05,2026-01-25
31337,7363,0.06,2026-01-25
31338,13499,0.10,2026-01-25
31339,10137,0.05,2026-01-25
31340,16701,0.34,2026-01-25
31341,23077,0.08,2026-01-25
31342,7727,0.16,2026-01-25
31343,5045,0.69,2026-01-25
31344,15199,0.07,2026-01-25
31345,14520,0.19,2026-01-25
31346,2128,0.05,2026-01-25
31347,18532,0.14,2026-01-25
31348,5469,0.13,2026-01-25
31349,1677,0.08,2026-01-25
31350,1038,0.60,2026-01-25
31351,14187,0.15,2026-01-25
31352,2831,0.09,2026-01-25
31353,20619,0.05,2026-01-25
31354,16752,0.10,2026-01-25
31355,19315,0.34,2026-01-25
31356,2177,0.07,2026-01-25
31357,14643,0.12,2026-01-25
31358,6905,0.06,2026-01-25
31359,8837,0.15,2026-01-25
31360,7763,0.06,2026-01-25
31361,23275,0.13,2026-01-25
31362,26846,0.29,2026-01-25
31363,22881,0.11,2026-01-25
31364,7570,0.08,2026-01-25
31365,2329,0.04,2026-01-25
31366,15903,0.24,2026-01-25
31367,19348,0.12,2026-01-25
31368,15791,0.07,2026-01-25
31369,23206,0.25,2026-01-25
31370,2762,0.04,2026-01-25
31371,2727,0.05,2026-01-25
31372,8866,0.14,2026-01-25
31373,9923,0.06,2026-01-25
31374,7241,0.12,2026-01-25
31375,5943,0.06,2026-01-25
31376,1945,0.31,2026-01-25
31377,12897,0.06,2026-01-25
31378,17539,0.12,2026-01-25
31379,1809,0.64,2026-01-25
31380,4479,0.15,2026-01-25
31381,26840,0.55,2026-01-25
31382,5305,0.13,2026-01-25
31383,7949,0.08,2026-01-25
31384,25726,0.14,2026-01-25
31385,14741,0.23,2026-01-25
31386,15221,1.85,2026-01-25
31387,25511,0.05,2026-01-25
31388,22853,0.13,2026-01-25
31389,26126,0.03,2026-01-25
31390,12276,0.29,2026-01-25
31391,23241,0.09,2026-01-25
31392,5154,0.06,2026-01-25
31393,7482,0.09,2026-01-25
31394,10193,0.11,2026-01-25
31395,24396,0.05,2026-01-25
31396,23085,0.12,2026-01-25
31397,10346,0.07,2026-01-25
31398,17822,0.11,2026-01-25
31399,7063,0.30,2026-01-25
31400,17479,0.04,2026-01-25
31401,11762,0.06,2026-01-25
31402,22321,0.09,2026-01-25
31403,23687,0.10,2026-01-25
31404,6062,0.27,2026-01-25
31405,13752,0.33,2026-01-25
31406,1115,0.07,2026-01-25
31407,25695,0.03,2026-01-25
31408,18011,0.10,2026-01-25
31409,25444,0.26,2026-01-25
31410,21796,0.04,2026-01-25
31411,21517,0.70,2026-01-25
31412,22819,0.14,2026-01-25
31413,10111,0.07,2026-01-25
31414,2385,0.14,2026-01-25
31415,6025,0.09,2026-01-25
31416,5860,0.67,2026-01-25
31417,12714,0.16,2026-01-25
31418,19530,0.05,2026-01-25
31419,22800,0.38,2026-01-25
31420,10718,0.16,2026-01-25
31421,5920,0.56,2026-01-25
31422,10140,0.22,2026-01-25
31423,424,0.14,2026-01-25
31424,5124,0.07,2026-01-25
31425,15315,0.14,2026-01-25
31426,14261,0.09,2026-01-25
31427,26500,0.13,2026-01-25
31428,13820,0.19,2026-01-25
31429,4467,0.63,2026-01-25
31430,6538,0.13,2026-01-25
31431,5144,0.09,2026-01-25
31432,21304,0.14,2026-01-25
31433,15677,0.08,2026-01-25
31434,391,0.14,2026-01-25
31435,13049,0.08,2026-01-25
31436,7239,0.04,2026-01-25
31437,21323,0.14,2026-01-25
31438,2049,0.05,2026-01-25
31439,16692,0.33,2026-01-25
31440,2543,0.20,2026-01-25
31441,2403,0.05,2026-01-25
31442,16444,0.31,2026-01-25
31443,12558,0.10,2026-01-25
31444,13783,0.08,2026-01-25
31445,1827,0.16,2026-01-25
31446,21400,0.10,2026-01-25
31447,7866,0.06,2026-01-25
31448,21850,0.13,2026-01-25
31449,15308,0.05,2026-01-25
31450,2453,0.04,2026-01-25
31451,5245,0.28,2026-01-25
31452,11895,0.12,2026-01-25
31453,23658,0.06,2026-01-25
31454,4105,0.05,2026-01-25
31455,20918,0.13,2026-01-25
31456,6913,0.05,2026-01-25
31457,13072,0.10,2026-01-25
31458,12188,0.09,2026-01-25
31459,4174,0.27,2026-01-25
31460,8337,0.09,2026-01-25
31461,25655,0.13,2026-01-25
31462,22229,0.08,2026-01-25
31463,10431,0.17,2026-01-25
31464,10941,0.12,2026-01-25
31465,18483,0.06,2026-01-25
31466,1587,0.37,2026-01-25
31467,5228,0.05,2026-01-25
31468,22048,0.06,2026-01-25
31469,13929,0.11,2026-01-25
31470,6613,0.05,2026-01-25
31471,7050,0.12,2026-01-25
31472,8887,0.05,2026-01-25
31473,11822,0.27,2026-01-25
31474,7643,0.27,2026-01-25
31475,25300,0.06,2026-01-25
31476,16353,0.25,2026-01-25
31477,13378,0.07,2026-01-25
31478,24583,0.14,2026-01-25
31479,4339,0.70,2026-01-25
31480,5977,0.11,2026-01-25
31481,21880,0.08,2026-01-25
31482,24129,0.05,2026-01-25
31483,23078,0.16,2026-01-25
31484,10980,0.06,2026-01-25
31485,25355,0.16,2026-01-25
31486,16535,0.13,2026-01-25
31487,1761,0.08,2026-01-25
31488,17094,0.07,2026-01-25
31489,2588,0.15,2026-01-25
31490,5667,0.16,2026-01-25
31491,26398,0.07,2026-01-25
31492,18016,0.22,2026-01-25
31493,13339,0.11,2026-01-25
31494,15246,0.06,2026-01-25
31495,14043,0.10,2026-01-25
31496,22391,0.14,2026-01-25
31497,20191,0.32,2026-01-25
31498,3871,0.47,2026-01-25
31499,9395,0.10,2026-01-25
31500,24135,0.07,2026-01-25
31501,19803,0.33,2026-01-25
31502,19833,0.08,2026-01-25
31503,6326,0.26,2026-01-25
31504,4395,0.25,2026-01-25
31505,10630,0.15,2026-01-25
31506,25681,1.47,2026-01-25
31507,2676,15.56,2026-01-25
31508,15808,10.32,2026-01-25
31509,19859,3.27,2026-01-25
31510,15503,4.93,2026-01-25
31511,26731,1.74,2026-01-25
31512,26922,2.00,2026-01-25
31513,10219,20.69,2026-01-25
31514,21287,4.94,2026-01-25
31515,16299,3.13,2026-01-25
31516,882,2.62,2026-01-25
31517,7014,1.11,2026-01-25
31518,21974,1.67,2026-01-25
31519,20616,4.77,2026-01-25
31520,9748,0.94,2026-01-25
31521,22171,4.79,2026-01-25
31522,17207,1.54,2026-01-25
31523,10453,1.64,2026-01-25
31524,21471,1.03,2026-01-25
31525,25599,1.64,2026-01-25
31526,4781,1.16,2026-01-25
31527,16861,0.70,2026-01-25
31528,6734,18.86,2026-01-25
31529,5061,41.91,2026-01-25
31530,8422,128.62,2026-01-25
31531,26178,53.33,2026-01-25
31532,26952,28.94,2026-01-25
31533,6367,58.59,2026-01-25
31534,13256,10.24,2026-01-25
31535,26994,13.96,2026-01-25
31536,14375,3.12,2026-01-25
31537,15240,0.09,2026-01-25
31538,11185,0.21,2026-01-25
31539,8002,0.09,2026-01-25
31540,23650,0.12,2026-01-25
31541,10491,0.58,2026-01-25
31542,8998,0.12,2026-01-25
31543,1968,0.07,2026-01-25
31544,16975,0.07,2026-01-25
31545,2843,0.12,2026-01-25
31546,10515,0.10,2026-01-25
31547,24202,0.07,2026-01-25
31548,22596,0.11,2026-01-25
31549,14078,0.39,2026-01-25
31550,19458,0.27,2026-01-25
31551,15012,0.19,2026-01-25
31552,18676,0.09,2026-01-25
31553,22867,0.16,2026-01-25
31554,6556,0.16,2026-01-25
31555,23252,0.63,2026-01-25
31556,1977,0.16,2026-01-25
31557,24151,0.20,2026-01-25
31558,1053,0.14,2026-01-25
31559,16330,0.23,2026-01-25
31560,17489,0.15,2026-01-25
31561,19705,0.09,2026-01-25
31562,16168,0.27,2026-01-25
31563,3565,0.08,2026-01-25
31564,24182,0.13,2026-01-25
31565,7841,0.05,2026-01-25
31566,5633,0.08,2026-01-25
31567,11018,0.13,2026-01-25
31568,13090,0.11,2026-01-25
31569,748,0.09,2026-01-25
31570,25720,0.33,2026-01-25
31571,1263,0.15,2026-01-25
31572,11846,0.10,2026-01-25
31573,22098,0.16,2026-01-25
31574,12263,0.16,2026-01-25
31575,982,0.24,2026-01-25
31576,7865,0.09,2026-01-25
31577,26190,0.15,2026-01-25
31578,12666,0.11,2026-01-25
31579,23730,0.12,2026-01-25
31580,25024,0.63,2026-01-25
31581,19194,0.13,2026-01-25
31582,4690,0.04,2026-01-25
31583,15206,0.64,2026-01-25
31584,10510,0.06,2026-01-25
31585,19495,0.22,2026-01-25
31586,16066,0.17,2026-01-25
31587,5380,0.10,2026-01-25
31588,21900,0.10,2026-01-25
31589,24253,0.22,2026-01-25
31590,14782,0.11,2026-01-25
31591,23905,0.18,2026-01-25
31592,20413,0.10,2026-01-25
31593,5323,0.37,2026-01-25
31594,5685,0.68,2026-01-25
31595,11173,0.10,2026-01-25
31596,15495,0.24,2026-01-25
31597,26759,0.21,2026-01-25
31598,21019,0.14,2026-01-25
31599,24711,0.50,2026-01-25
31600,3019,0.41,2026-01-25
31601,22468,0.06,2026-01-25
31602,13111,0.11,2026-01-25
31603,1345,0.10,2026-01-25
31604,26142,0.33,2026-01-25
31605,3368,0.08,2026-01-25
31606,18445,0.12,2026-01-25
31607,1718,0.09,2026-01-25
31608,24680,0.25,2026-01-25
31609,24749,0.72,2026-01-25
31610,16982,0.16,2026-01-25
31611,17841,0.07,2026-01-25
31612,15747,0.12,2026-01-25
31613,16245,0.14,2026-01-25
31614,23407,0.33,2026-01-25
31615,23387,0.16,2026-01-25
31616,7475,0.15,2026-01-25
31617,9409,0.11,2026-01-25
31618,18273,0.26,2026-01-25
31619,6400,0.07,2026-01-25
31620,19113,0.13,2026-01-25
31621,15578,0.68,2026-01-25
31622,15818,0.06,2026-01-25
31623,21296,0.27,2026-01-25
31624,24346,0.09,2026-01-25
31625,23591,0.25,2026-01-25
31626,3155,0.37,2026-01-25
31627,4010,0.14,2026-01-25
31628,6127,0.55,2026-01-25
31629,6863,0.28,2026-01-25
31630,7188,0.34,2026-01-25
31631,12539,0.09,2026-01-25
31632,10415,0.32,2026-01-25
31633,19136,0.18,2026-01-25
31634,5855,0.12,2026-01-25
31635,11765,0.20,2026-01-25
31636,8185,0.28,2026-01-25
31637,17396,0.09,2026-01-25
31638,24620,0.14,2026-01-25
31639,4346,0.09,2026-01-25
31640,20385,0.11,2026-01-25
31641,3233,0.29,2026-01-25
31642,11983,0.29,2026-01-25
31643,2358,0.09,2026-01-25
31644,6134,0.12,2026-01-25
31645,6091,0.10,2026-01-25
31646,14194,0.26,2026-01-25
31647,7916,0.06,2026-01-25
31648,9445,0.18,2026-01-25
31649,12417,0.10,2026-01-25
31650,17263,0.31,2026-01-25
31651,24579,0.05,2026-01-25
31652,909,0.11,2026-01-25
31653,26823,0.14,2026-01-25
31654,17443,0.10,2026-01-25
31655,15922,0.08,2026-01-25
31656,11146,0.18,2026-01-25
31657,20957,0.05,2026-01-25
31658,7718,0.11,2026-01-25
31659,6107,0.06,2026-01-25
31660,5825,0.53,2026-01-25
31661,885,0.52,2026-01-25
31662,23154,0.07,2026-01-25
31663,19856,0.23,2026-01-25
31664,6755,0.13,2026-01-25
31665,8341,0.07,2026-01-25
31666,11385,0.48,2026-01-25
31667,1751,0.32,2026-01-25
31668,20167,0.19,2026-01-25
31669,9674,0.19,2026-01-25
31670,15171,0.14,2026-01-25
31671,8324,0.08,2026-01-25
31672,11227,0.15,2026-01-25
31673,25349,0.14,2026-01-25
31674,26938,0.09,2026-01-25
31675,3890,0.23,2026-01-25
31676,24092,0.10,2026-01-25
31677,1833,0.06,2026-01-25
31678,21040,0.11,2026-01-25
31679,24433,0.21,2026-01-25
31680,11501,0.04,2026-01-25
31681,1642,0.11,2026-01-25
31682,21730,0.13,2026-01-25
31683,15704,0.24,2026-01-25
31684,15043,0.10,2026-01-25
31685,14359,0.09,2026-01-25
31686,14153,0.12,2026-01-25
31687,24260,0.09,2026-01-25
31688,9455,0.27,2026-01-25
31689,10188,1.28,2026-01-25
31690,7890,0.16,2026-01-25
31691,9432,0.27,2026-01-25
31692,9008,0.11,2026-01-25
31693,3376,0.08,2026-01-25
31694,5833,0.05,2026-01-25
31695,9030,0.23,2026-01-25
31696,19565,0.08,2026-01-25
31697,13300,0.14,2026-01-25
31698,22228,0.11,2026-01-25
31699,10639,0.13,2026-01-25
31700,24140,0.16,2026-01-25
31701,8435,0.39,2026-01-25
31702,25138,0.11,2026-01-25
31703,17129,0.11,2026-01-25
31704,4350,0.11,2026-01-25
31705,26258,0.26,2026-01-25
31706,590,0.13,2026-01-25
31707,9723,0.08,2026-01-25
31708,13403,0.07,2026-01-25
31709,25333,0.13,2026-01-25
31710,12057,0.25,2026-01-25
31711,19970,0.12,2026-01-25
31712,5654,0.06,2026-01-25
31713,268,0.15,2026-01-25
31714,25271,0.15,2026-01-25
31715,22923,0.06,2026-01-25
31716,12713,0.13,2026-01-25
31717,1789,0.10,2026-01-25
31718,5159,0.38,2026-01-25
31719,2515,0.22,2026-01-25
31720,3386,0.10,2026-01-25
31721,13592,0.07,2026-01-25
31722,19383,0.19,2026-01-25
31723,603,0.07,2026-01-25
31724,10417,0.06,2026-01-25
31725,15634,0.11,2026-01-25
31726,14022,0.05,2026-01-25
31727,3064,0.23,2026-01-25
31728,316,0.60,2026-01-25
31729,15205,0.14,2026-01-25
31730,12155,0.32,2026-01-25
31731,8278,0.45,2026-01-25
31732,4584,0.16,2026-01-25
31733,16999,0.95,2026-01-25
31734,7679,0.06,2026-01-25
31735,19463,0.12,2026-01-25
31736,26618,0.05,2026-01-25
31737,27009,0.23,2026-01-25
31738,13801,0.07,2026-01-25
31739,9706,0.12,2026-01-25
31740,2700,0.26,2026-01-25
31741,21993,0.04,2026-01-25
31742,19725,0.11,2026-01-25
31743,4483,0.05,2026-01-25
31744,2463,0.07,2026-01-25
31745,16438,0.22,2026-01-25
31746,5259,0.09,2026-01-25
31747,18156,0.22,2026-01-25
31748,26747,0.08,2026-01-25
31749,10807,0.16,2026-01-25
31750,16389,0.11,2026-01-25
31751,14388,0.26,2026-01-25
31752,5547,0.08,2026-01-25
31753,14589,0.31,2026-01-25
31754,24574,0.13,2026-01-25
31755,4929,0.24,2026-01-25
31756,18321,0.25,2026-01-25
31757,100,0.09,2026-01-25
31758,25204,0.08,2026-01-25
31759,26117,0.21,2026-01-25
31760,15546,0.22,2026-01-25
31761,26116,0.16,2026-01-25
31762,6849,0.61,2026-01-25
31763,15949,0.16,2026-01-25
31764,19946,0.08,2026-01-25
31765,22803,0.10,2026-01-25
31766,8153,0.30,2026-01-25
31767,16177,0.46,2026-01-25
31768,5727,0.14,2026-01-25
31769,3594,0.07,2026-01-25
31770,24021,0.19,2026-01-25
31771,10085,0.11,2026-01-25
31772,200,0.12,2026-01-25
31773,10563,0.08,2026-01-25
31774,12026,0.10,2026-01-25
31775,2702,0.27,2026-01-25
31776,2784,0.22,2026-01-25
31777,10850,0.09,2026-01-25
31778,19936,0.21,2026-01-25
31779,6689,0.15,2026-01-25
31780,4947,0.09,2026-01-25
31781,5270,0.30,2026-01-25
31782,5432,0.10,2026-01-25
31783,3228,0.26,2026-01-25
31784,25448,0.07,2026-01-25
31785,8753,0.21,2026-01-25
31786,4035,0.23,2026-01-25
31787,13862,0.06,2026-01-25
31788,1974,0.23,2026-01-25
31789,4999,0.07,2026-01-25
31790,3583,0.28,2026-01-25
31791,16078,0.11,2026-01-25
31792,7876,0.13,2026-01-25
31793,11830,0.46,2026-01-25
31794,3822,0.73,2026-01-25
31795,26780,0.09,2026-01-25
31796,315,0.25,2026-01-25
31797,23744,0.15,2026-01-25
31798,21286,0.05,2026-01-25
31799,17383,0.56,2026-01-25
31800,11617,0.04,2026-01-25
31801,14254,0.23,2026-01-25
31802,23811,0.06,2026-01-25
31803,9594,0.11,2026-01-25
31804,13413,0.07,2026-01-25
31805,4108,0.13,2026-01-25
31806,20544,0.11,2026-01-25
31807,6031,0.06,2026-01-25
31808,6290,0.20,2026-01-25
31809,25316,0.07,2026-01-25
31810,1021,0.58,2026-01-25
31811,8856,0.09,2026-01-25
31812,22512,0.24,2026-01-25
31813,15470,0.05,2026-01-25
31814,22477,0.13,2026-01-25
31815,5141,0.08,2026-01-25
31816,12728,0.17,2026-01-25
31817,21151,0.15,2026-01-25
31818,26947,0.10,2026-01-25
31819,11269,0.62,2026-01-25
31820,3051,0.08,2026-01-25
31821,20142,0.13,2026-01-25
31822,25849,0.07,2026-01-25
31823,4839,0.12,2026-01-25
31824,23913,0.13,2026-01-25
31825,1213,0.08,2026-01-25
31826,16524,0.13,2026-01-25
31827,5917,0.19,2026-01-25
31828,24429,0.22,2026-01-25
31829,14297,0.08,2026-01-25
31830,20780,0.09,2026-01-25
31831,14764,0.14,2026-01-25
31832,14706,0.12,2026-01-25
31833,19754,0.08,2026-01-25
31834,10161,0.12,2026-01-25
31835,9278,0.05,2026-01-25
31836,21938,0.18,2026-01-25
31837,5478,0.10,2026-01-25
31838,465,0.06,2026-01-25
31839,23857,0.13,2026-01-25
31840,12326,0.12,2026-01-25
31841,8865,0.08,2026-01-25
31842,8625,0.12,2026-01-25
31843,13477,0.14,2026-01-25
31844,17928,0.10,2026-01-25
31845,21364,0.10,2026-01-25
31846,23208,0.16,2026-01-25
31847,23828,0.20,2026-01-25
31848,5152,0.21,2026-01-25
31849,5232,0.12,2026-01-25
31850,15440,0.06,2026-01-25
31851,11039,0.12,2026-01-25
31852,22920,0.14,2026-01-25
31853,4486,0.16,2026-01-25
31854,3689,0.11,2026-01-25
31855,20639,0.25,2026-01-25
31856,24146,0.10,2026-01-25
31857,138,0.21,2026-01-25
31858,18159,0.10,2026-01-25
31859,17063,0.21,2026-01-25
31860,4909,0.22,2026-01-25
31861,17262,0.13,2026-01-25
31862,13538,0.07,2026-01-25
31863,550,0.21,2026-01-25
31864,14551,0.24,2026-01-25
31865,16030,0.10,2026-01-25
31866,9324,0.13,2026-01-25
31867,17663,0.19,2026-01-25
31868,21475,0.28,2026-01-25
31869,8539,0.10,2026-01-25
31870,21134,0.17,2026-01-25
31871,2272,0.24,2026-01-25
31872,15680,0.32,2026-01-25
31873,4838,0.12,2026-01-25
31874,16179,0.28,2026-01-25
31875,12066,0.14,2026-01-25
31876,23084,0.27,2026-01-25
31877,22600,0.08,2026-01-25
31878,8355,0.13,2026-01-25
31879,15483,0.33,2026-01-25
31880,26489,0.08,2026-01-25
31881,1636,0.23,2026-01-25
31882,1164,0.44,2026-01-25
31883,21336,0.19,2026-01-25
31884,5207,2.85,2026-01-25
31885,20857,10.76,2026-01-25
31886,20811,7.00,2026-01-25
31887,3623,2.30,2026-01-25
31888,19684,4.87,2026-01-25
31889,4124,2.50,2026-01-25
31890,23295,5.69,2026-01-25
31891,22627,23.40,2026-01-25
31892,9122,10.88,2026-01-25
31893,18712,8.30,2026-01-25
31894,9356,50.32,2026-01-25
31895,17477,20.99,2026-01-25
31896,15962,2.52,2026-01-25
31897,20532,2.26,2026-01-25
31898,17942,3.28,2026-01-25
31899,13572,2.64,2026-01-25
31900,19908,5.97,2026-01-25
31901,2115,5.67,2026-01-25
31902,22937,3.64,2026-01-25
31903,6156,5.07,2026-01-25
31904,8902,18.59,2026-01-25
31905,2885,6.36,2026-01-25
31906,22410,2.20,2026-01-25
31907,15904,1.27,2026-01-25
31908,25781,1.48,2026-01-25
31909,15537,5.10,2026-01-25
31910,14607,4.54,2026-01-25
31911,16213,1.47,2026-01-25
31912,17373,1.29,2026-01-25
31913,1815,1.39,2026-01-25
31914,19312,15.97,2026-01-25
31915,7677,1.27,2026-01-25
31916,6213,4.78,2026-01-25
31917,22591,4.30,2026-01-25
31918,24996,3.34,2026-01-25
31919,18550,1.59,2026-01-25
31920,14988,3.38,2026-01-25
31921,11483,2.32,2026-01-25
31922,12431,3.35,2026-01-25
31923,15848,1.80,2026-01-25
31924,6654,2.96,2026-01-25
31925,24976,4.38,2026-01-25
31926,17413,5.94,2026-01-25
31927,3744,5.59,2026-01-25
31928,7822,3.65,2026-01-25
31929,21607,19.82,2026-01-25
31930,22459,102.69,2026-01-25
31931,14865,132.15,2026-01-25
31932,17600,380.50,2026-01-25
31933,2426,197.48,2026-01-25
31934,10660,92.15,2026-01-25
31935,6692,60.79,2026-01-25
31936,803,27.30,2026-01-25
31937,7547,42.04,2026-01-25
31938,16656,23.14,2026-01-25
31939,2820,30.08,2026-01-25
31940,20995,24.69,2026-01-25
31941,25440,49.86,2026-01-25
31942,3539,27.40,2026-01-25
31943,2377,16.18,2026-01-25
31944,21251,13.92,2026-01-25
31945,1012,10.64,2026-01-25
31946,23034,2.59,2026-01-25
31947,15514,0.51,2026-01-25
31948,14422,0.58,2026-01-25
31949,3257,0.84,2026-01-25
31950,13126,1.66,2026-01-25
31951,17038,1.13,2026-01-25
31952,5692,2.34,2026-01-25
31953,12353,9.85,2026-01-25
31954,2413,25.23,2026-01-25
31955,23455,1.66,2026-01-25
31956,7417,1.36,2026-01-25
31957,7320,0.87,2026-01-25
31958,13892,1.04,2026-01-25
31959,1707,5.90,2026-01-25
31960,8661,2.80,2026-01-25
31961,20236,3.89,2026-01-25
31962,12689,12.48,2026-01-25
31963,1475,0.78,2026-01-25
31964,11376,1.01,2026-01-25
31965,17880,0.40,2026-01-25
31966,3179,0.38,2026-01-25
31967,18182,6.42,2026-01-25
31968,10049,1.83,2026-01-25
31969,16116,8.97,2026-01-25
31970,2504,0.68,2026-01-25
31971,18836,0.65,2026-01-25
31972,11780,29.25,2026-01-25
31973,8565,15.27,2026-01-25
31974,11341,0.11,2026-01-25
31975,21236,0.05,2026-01-25
31976,21403,0.06,2026-01-25
31977,16498,0.10,2026-01-25
31978,2304,0.08,2026-01-25
31979,21510,0.13,2026-01-25
31980,5672,0.10,2026-01-25
31981,20371,0.05,2026-01-25
31982,22109,0.46,2026-01-25
31983,9465,0.11,2026-01-25
31984,13169,0.06,2026-01-25
31985,25793,0.09,2026-01-25
31986,1608,0.15,2026-01-25
31987,2657,0.12,2026-01-25
31988,19741,0.05,2026-01-25
31989,11685,0.04,2026-01-25
31990,2159,0.14,2026-01-25
31991,10332,0.05,2026-01-25
31992,18786,0.22,2026-01-25
31993,26353,0.13,2026-01-25
31994,23731,0.06,2026-01-25
31995,20043,0.11,2026-01-25
31996,16244,0.12,2026-01-25
31997,8434,0.07,2026-01-25
31998,6601,0.20,2026-01-25
31999,2407,0.09,2026-01-25
32000,14152,0.03,2026-01-25
32001,7923,0.09,2026-01-25
32002,24154,0.13,2026-01-25
32003,24896,0.05,2026-01-25
32004,12984,0.09,2026-01-25
32005,23258,0.07,2026-01-25
32006,25486,0.04,2026-01-25
32007,10093,0.11,2026-01-25
32008,14636,0.11,2026-01-25
32009,26132,0.17,2026-01-25
32010,13189,0.14,2026-01-25
32011,13273,0.04,2026-01-25
32012,9673,0.46,2026-01-25
32013,10329,0.31,2026-01-25
32014,15926,0.10,2026-01-25
32015,26652,0.12,2026-01-25
32016,27021,0.05,2026-01-25
32017,3418,0.10,2026-01-25
32018,13955,0.08,2026-01-25
32019,21114,0.15,2026-01-25
32020,24875,0.05,2026-01-25
32021,25109,0.07,2026-01-25
32022,20801,0.07,2026-01-25
32023,12164,0.11,2026-01-25
32024,1382,0.04,2026-01-25
32025,26860,0.08,2026-01-25
32026,4563,0.09,2026-01-25
32027,14197,0.06,2026-01-25
32028,26644,0.06,2026-01-25
32029,3600,0.17,2026-01-25
32030,10478,0.11,2026-01-25
32031,16147,0.06,2026-01-25
32032,158,0.06,2026-01-25
32033,7633,0.15,2026-01-25
32034,13173,0.05,2026-01-25
32035,18544,0.16,2026-01-25
32036,20152,0.52,2026-01-25
32037,11919,0.12,2026-01-25
32038,18095,0.07,2026-01-25
32039,1980,0.07,2026-01-25
32040,21378,0.15,2026-01-25
32041,284,0.13,2026-01-25
32042,2920,0.03,2026-01-25
32043,23319,0.09,2026-01-25
32044,19204,0.05,2026-01-25
32045,8706,0.05,2026-01-25
32046,3819,0.15,2026-01-25
32047,19337,0.18,2026-01-25
32048,969,0.05,2026-01-25
32049,11027,0.12,2026-01-25
32050,22164,0.06,2026-01-25
32051,15338,0.20,2026-01-25
32052,3704,0.13,2026-01-25
32053,17177,0.13,2026-01-25
32054,1918,0.06,2026-01-25
32055,26299,0.07,2026-01-25
32056,1310,0.10,2026-01-25
32057,24439,0.19,2026-01-25
32058,15419,0.10,2026-01-25
32059,2666,0.24,2026-01-25
32060,24351,0.18,2026-01-25
32061,10106,0.69,2026-01-25
32062,10103,0.04,2026-01-25
32063,13479,0.09,2026-01-25
32064,9686,0.05,2026-01-25
32065,725,0.12,2026-01-25
32066,26131,0.13,2026-01-25
32067,12894,0.06,2026-01-25
32068,16143,0.05,2026-01-25
32069,3191,0.09,2026-01-25
32070,3459,0.18,2026-01-25
32071,23270,0.05,2026-01-25
32072,3111,0.08,2026-01-25
32073,11875,0.16,2026-01-25
32074,9566,0.16,2026-01-25
32075,17811,0.07,2026-01-25
32076,6536,0.05,2026-01-25
32077,12325,0.11,2026-01-25
32078,23608,0.04,2026-01-25
32079,26324,0.10,2026-01-25
32080,9224,0.06,2026-01-25
32081,16547,0.16,2026-01-25
32082,3926,0.11,2026-01-25
32083,19419,0.08,2026-01-25
32084,27081,0.10,2026-01-25
32085,21723,0.04,2026-01-25
32086,4392,0.07,2026-01-25
32087,17209,0.17,2026-01-25
32088,4849,0.43,2026-01-25
32089,6373,0.05,2026-01-25
32090,10000,0.13,2026-01-25
32091,11936,0.13,2026-01-25
32092,16326,0.07,2026-01-25
32093,7789,0.06,2026-01-25
32094,20067,0.17,2026-01-25
32095,5053,0.16,2026-01-25
32096,27042,0.06,2026-01-25
32097,21217,0.07,2026-01-25
32098,11741,0.03,2026-01-25
32099,10211,0.08,2026-01-25
32100,25320,0.14,2026-01-25
32101,9584,0.04,2026-01-25
32102,25797,0.19,2026-01-25
32103,13650,0.05,2026-01-25
32104,25354,0.12,2026-01-25
32105,26043,0.17,2026-01-25
32106,12978,0.05,2026-01-25
32107,16158,0.06,2026-01-25
32108,14202,0.14,2026-01-25
32109,21425,0.12,2026-01-25
32110,1105,0.08,2026-01-25
32111,8556,0.21,2026-01-25
32112,21573,0.14,2026-01-25
32113,12673,0.05,2026-01-25
32114,7960,0.09,2026-01-25
32115,22581,0.07,2026-01-25
32116,1437,0.09,2026-01-25
32117,9411,0.05,2026-01-25
32118,9253,0.16,2026-01-25
32119,914,0.06,2026-01-25
32120,13706,0.16,2026-01-25
32121,7639,0.44,2026-01-25
32122,4594,0.09,2026-01-25
32123,25137,0.15,2026-01-25
32124,2555,0.15,2026-01-25
32125,8992,0.20,2026-01-25
32126,22257,0.16,2026-01-25
32127,12675,0.09,2026-01-25
32128,26993,33.40,2026-01-25
32129,1448,6.78,2026-01-25
32130,16904,8.68,2026-01-25
32131,10789,37.01,2026-01-25
32132,19289,13.49,2026-01-25
32133,13380,27.42,2026-01-25
32134,22824,6.08,2026-01-25
32135,4801,13.55,2026-01-25
32136,7576,10.93,2026-01-25
32137,1850,19.12,2026-01-25
32138,3521,5.05,2026-01-25
32139,593,11.11,2026-01-25
32140,6718,6.89,2026-01-25
32141,1215,46.79,2026-01-25
32142,8752,4.06,2026-01-25
32143,18402,7.14,2026-01-25
32144,5666,0.44,2026-01-25
32145,117,0.34,2026-01-25
32146,8627,0.06,2026-01-25
32147,1104,0.16,2026-01-25
32148,16479,0.25,2026-01-25
32149,24894,0.35,2026-01-25
32150,19686,23.10,2026-01-25
32151,5931,6.83,2026-01-25
32152,7785,19.19,2026-01-25
32153,21440,16.14,2026-01-25
32154,22018,2.01,2026-01-25
32155,19446,2.17,2026-01-25
32156,12719,0.29,2026-01-25
32157,11965,0.18,2026-01-25
32158,7798,4.12,2026-01-25
32159,25206,4.49,2026-01-25
32160,12799,4.59,2026-01-25
32161,22241,5.18,2026-01-25
32162,26845,9.16,2026-01-25
32163,6064,0.06,2026-01-25
32164,6310,0.09,2026-01-25
32165,240,5.36,2026-01-25
32166,5252,10.35,2026-01-25
32167,23440,7.71,2026-01-25
32168,19186,43.13,2026-01-25
32169,16881,12.73,2026-01-25
32170,24586,12.47,2026-01-25
32171,5592,13.07,2026-01-25
32172,10634,7.74,2026-01-25
32173,3800,5.81,2026-01-25
32174,24901,0.18,2026-01-25
32175,21118,0.06,2026-01-25
32176,13473,20.03,2026-01-25
32177,19154,7.37,2026-01-25
32178,23251,14.75,2026-01-25
32179,9744,3.75,2026-01-25
32180,5236,8.29,2026-01-25
32181,11806,16.20,2026-01-25
32182,11349,16.89,2026-01-25
32183,15058,7.33,2026-01-25
32184,10695,5.75,2026-01-25
32185,26343,12.88,2026-01-25
32186,2669,5.25,2026-01-25
32187,1895,5.52,2026-01-25
32188,21918,5.62,2026-01-25
32189,8862,6.82,2026-01-25
32190,6614,16.96,2026-01-25
32191,19024,9.94,2026-01-25
32192,14779,22.64,2026-01-25
32193,6561,12.36,2026-01-25
32194,15319,16.50,2026-01-25
32195,203,8.56,2026-01-25
32196,2847,21.22,2026-01-25
32197,11696,9.83,2026-01-25
32198,7840,48.64,2026-01-25
32199,16634,5.06,2026-01-25
32200,5873,4.79,2026-01-25
32201,22744,8.10,2026-01-25
32202,4905,0.90,2026-01-25
32203,103,5.01,2026-01-25
32204,18438,4.03,2026-01-25
32205,2771,18.57,2026-01-25
32206,9905,15.61,2026-01-25
32207,7225,1.20,2026-01-25
32208,21383,5.30,2026-01-25
32209,8301,10.42,2026-01-25
32210,10096,2.46,2026-01-25
32211,16029,1.14,2026-01-25
32212,15569,12.53,2026-01-25
32213,19726,9.53,2026-01-25
32214,19871,6.66,2026-01-25
32215,6621,1.00,2026-01-25
32216,16216,1.08,2026-01-25
32217,4846,5.76,2026-01-25
32218,12118,25.28,2026-01-25
32219,23615,1.24,2026-01-25
32220,23928,8.90,2026-01-25
32221,9711,48.85,2026-01-25
32222,9486,146.24,2026-01-25
32223,24128,73.68,2026-01-25
32224,19134,28.77,2026-01-25
32225,17293,14.61,2026-01-25
32226,1405,50.75,2026-01-25
32227,3647,362.33,2026-01-25
32228,24993,344.06,2026-01-25
32229,13486,0.11,2026-01-25
32230,11077,0.04,2026-01-25
32231,15071,0.12,2026-01-25
32232,22122,0.07,2026-01-25
32233,2908,0.13,2026-01-25
32234,14962,0.44,2026-01-25
32235,14056,0.13,2026-01-25
32236,24634,0.04,2026-01-25
32237,14077,0.15,2026-01-25
32238,22253,0.05,2026-01-25
32239,25856,0.04,2026-01-25
32240,22929,0.12,2026-01-25
32241,9203,0.07,2026-01-25
32242,25954,0.12,2026-01-25
32243,2721,0.16,2026-01-25
32244,20306,0.05,2026-01-25
32245,18119,0.04,2026-01-25
32246,2671,0.09,2026-01-25
32247,16539,0.03,2026-01-25
32248,18664,0.10,2026-01-25
32249,10594,0.14,2026-01-25
32250,18177,0.11,2026-01-25
32251,12691,0.18,2026-01-25
32252,10821,0.06,2026-01-25
32253,24287,0.09,2026-01-25
32254,6297,0.03,2026-01-25
32255,24339,0.17,2026-01-25
32256,26695,0.03,2026-01-25
32257,15317,0.06,2026-01-25
32258,21803,0.12,2026-01-25
32259,5565,0.08,2026-01-25
32260,14281,0.15,2026-01-25
32261,2494,0.06,2026-01-25
32262,26978,0.14,2026-01-25
32263,21712,0.19,2026-01-25
32264,25715,0.05,2026-01-25
32265,18141,0.13,2026-01-25
32266,20610,0.05,2026-01-25
32267,16917,0.09,2026-01-25
32268,7944,0.04,2026-01-25
32269,15621,0.05,2026-01-25
32270,11737,0.10,2026-01-25
32271,13238,0.17,2026-01-25
32272,19181,0.10,2026-01-25
32273,12241,0.08,2026-01-25
32274,22703,0.05,2026-01-25
32275,4539,0.11,2026-01-25
32276,14285,0.04,2026-01-25
32277,6388,0.12,2026-01-25
32278,14031,0.08,2026-01-25
32279,14299,0.18,2026-01-25
32280,14048,0.04,2026-01-25
32281,17062,0.15,2026-01-25
32282,141,0.05,2026-01-25
32283,12803,0.11,2026-01-25
32284,14339,0.05,2026-01-25
32285,21022,1.90,2026-01-25
32286,5321,0.06,2026-01-25
32287,9378,0.18,2026-01-25
32288,15629,0.10,2026-01-25
32289,22487,0.22,2026-01-25
32290,2498,0.13,2026-01-25
32291,23192,0.07,2026-01-25
32292,97,0.15,2026-01-25
32293,13220,0.05,2026-01-25
32294,10051,0.20,2026-01-25
32295,23111,0.06,2026-01-25
32296,11771,0.09,2026-01-25
32297,22986,0.04,2026-01-25
32298,11664,0.13,2026-01-25
32299,197,0.06,2026-01-25
32300,22389,0.17,2026-01-25
32301,6133,0.09,2026-01-25
32302,10846,0.08,2026-01-25
32303,3110,0.12,2026-01-25
32304,16658,0.46,2026-01-25
32305,8760,0.05,2026-01-25
32306,11973,0.10,2026-01-25
32307,611,0.03,2026-01-25
32308,4220,0.10,2026-01-25
32309,5096,0.12,2026-01-25
32310,24009,0.06,2026-01-25
32311,3027,0.14,2026-01-25
32312,12986,0.05,2026-01-25
32313,12020,0.03,2026-01-25
32314,15911,0.10,2026-01-25
32315,6798,0.15,2026-01-25
32316,13633,0.05,2026-01-25
32317,20023,0.45,2026-01-25
32318,25089,0.04,2026-01-25
32319,11781,0.10,2026-01-25
32320,22664,0.37,2026-01-25
32321,25173,0.06,2026-01-25
32322,16595,0.10,2026-01-25
32323,16900,0.04,2026-01-25
32324,7231,0.13,2026-01-25
32325,14987,0.15,2026-01-25
32326,6434,0.08,2026-01-25
32327,8115,0.05,2026-01-25
32328,16417,0.18,2026-01-25
32329,19924,0.05,2026-01-25
32330,25595,0.15,2026-01-25
32331,25198,0.09,2026-01-25
32332,20209,0.04,2026-01-25
32333,22530,0.10,2026-01-25
32334,7642,0.04,2026-01-25
32335,5996,0.05,2026-01-25
32336,13423,0.09,2026-01-25
32337,8234,0.03,2026-01-25
32338,20584,0.14,2026-01-25
32339,1493,0.05,2026-01-25
32340,8532,0.14,2026-01-25
32341,2211,0.03,2026-01-25
32342,10424,0.11,2026-01-25
32343,12154,0.09,2026-01-25
32344,13647,0.04,2026-01-25
32345,21507,0.04,2026-01-25
32346,14528,0.11,2026-01-25
32347,17620,0.15,2026-01-25
32348,1900,0.05,2026-01-25
32349,21530,0.10,2026-01-25
32350,3584,0.05,2026-01-25
32351,23720,0.13,2026-01-25
32352,16297,0.07,2026-01-25
32353,264,0.65,2026-01-25
32354,22561,0.04,2026-01-25
32355,3658,0.10,2026-01-25
32356,2418,0.10,2026-01-25
32357,24502,0.13,2026-01-25
32358,8920,0.06,2026-01-25
32359,15983,0.11,2026-01-25
32360,2559,0.15,2026-01-25
32361,24282,0.05,2026-01-25
32362,26765,0.04,2026-01-25
32363,21314,0.10,2026-01-25
32364,16142,0.03,2026-01-25
32365,13677,0.09,2026-01-25
32366,4868,0.04,2026-01-25
32367,5006,0.17,2026-01-25
32368,26844,0.08,2026-01-25
32369,19524,0.16,2026-01-25
32370,24410,0.04,2026-01-25
32371,20979,0.14,2026-01-25
32372,16564,0.22,2026-01-25
32373,19322,0.04,2026-01-25
32374,3372,0.22,2026-01-25
32375,25041,0.07,2026-01-25
32376,20903,0.08,2026-01-25
32377,1169,0.11,2026-01-25
32378,14327,0.13,2026-01-25
32379,17486,0.05,2026-01-25
32380,24272,0.13,2026-01-25
32381,11093,0.05,2026-01-25
32382,1864,0.78,2026-01-25
32383,19880,0.42,2026-01-25
32384,6996,0.05,2026-01-25
32385,8175,0.13,2026-01-25
32386,15639,0.11,2026-01-25
32387,24370,0.05,2026-01-25
32388,11238,0.04,2026-01-25
32389,8833,0.08,2026-01-25
32390,19023,0.06,2026-01-25
32391,11570,0.14,2026-01-25
32392,10559,0.04,2026-01-25
32393,25694,0.14,2026-01-25
32394,3867,0.16,2026-01-25
32395,8558,0.24,2026-01-25
32396,20445,24.35,2026-01-25
32397,8782,15.17,2026-01-25
32398,21925,15.32,2026-01-25
32399,14307,6.64,2026-01-25
32400,20188,5.92,2026-01-25
32401,19048,2.52,2026-01-25
32402,21772,27.42,2026-01-25
32403,22287,5.75,2026-01-25
32404,23595,119.80,2026-01-25
32405,9947,11.32,2026-01-25
32406,2761,8.72,2026-01-25
32407,19086,9.17,2026-01-25
32408,14790,7.57,2026-01-25
32409,20025,11.03,2026-01-25
32410,7617,6.55,2026-01-25
32411,18239,8.24,2026-01-25
32412,16590,17.40,2026-01-25
32413,2444,18.94,2026-01-25
32414,25076,7.56,2026-01-25
32415,23747,6.78,2026-01-25
32416,19855,32.36,2026-01-25
32417,26377,10.99,2026-01-25
32418,24418,10.87,2026-01-25
32419,9325,7.14,2026-01-25
32420,14171,14.42,2026-01-25
32421,5403,10.78,2026-01-25
32422,2956,8.25,2026-01-25
32423,4787,7.14,2026-01-25
32424,9970,10.73,2026-01-25
32425,1705,7.13,2026-01-25
32426,13635,5.80,2026-01-25
32427,1238,29.83,2026-01-25
32428,3958,4.85,2026-01-25
32429,2685,5.20,2026-01-25
32430,7969,8.99,2026-01-25
32431,19008,7.02,2026-01-25
32432,3676,4.90,2026-01-25
32433,26515,6.12,2026-01-25
32434,4472,6.59,2026-01-25
32435,23351,8.09,2026-01-25
32436,3806,19.99,2026-01-25
32437,6870,3.86,2026-01-25
32438,3608,20.80,2026-01-25
32439,11031,4.64,2026-01-25
32440,18567,5.63,2026-01-25
32441,6519,20.63,2026-01-25
32442,5153,8.05,2026-01-25
32443,26509,18.26,2026-01-25
32444,7733,5.67,2026-01-25
32445,23063,5.79,2026-01-25
32446,21069,11.07,2026-01-25
32447,13193,7.53,2026-01-25
32448,15156,15.77,2026-01-25
32449,5338,1.26,2026-01-25
32450,11783,33.13,2026-01-25
32451,13557,20.40,2026-01-25
32452,4790,44.04,2026-01-25
32453,12527,4.52,2026-01-25
32454,20075,5.02,2026-01-25
32455,1521,16.05,2026-01-25
32456,15721,11.52,2026-01-25
32457,9993,20.67,2026-01-25
32458,25082,13.49,2026-01-25
32459,24312,9.14,2026-01-25
32460,1492,11.26,2026-01-25
32461,24394,5.04,2026-01-25
32462,6904,6.09,2026-01-25
32463,22104,1.25,2026-01-25
32464,19583,4.48,2026-01-25
32465,10923,4.23,2026-01-25
32466,25891,16.49,2026-01-25
32467,5620,1.20,2026-01-25
32468,16490,3.56,2026-01-25
32469,24430,1.32,2026-01-25
32470,3882,1.37,2026-01-25
32471,20971,67.44,2026-01-25
32472,23949,3.26,2026-01-25
32473,14815,40.90,2026-01-25
32474,25332,0.91,2026-01-25
32475,26403,191.63,2026-01-25
32476,11957,38.91,2026-01-25
32477,24981,19.87,2026-01-25
32478,5082,43.90,2026-01-25
32479,2914,61.96,2026-01-25
32480,27048,393.27,2026-01-25
32481,8247,403.98,2026-01-25
32482,11295,0.21,2026-01-25
32483,16106,0.18,2026-01-25
32484,20795,0.27,2026-01-25
32485,19987,0.17,2026-01-25
32486,5798,0.70,2026-01-25
32487,11187,0.07,2026-01-25
32488,20556,0.13,2026-01-25
32489,5211,0.13,2026-01-25
32490,1269,0.06,2026-01-25
32491,25582,0.11,2026-01-25
32492,20509,0.06,2026-01-25
32493,6560,0.07,2026-01-25
32494,13537,0.11,2026-01-25
32495,16926,0.13,2026-01-25
32496,15057,0.19,2026-01-25
32497,5886,0.15,2026-01-25
32498,8872,0.21,2026-01-25
32499,19191,0.15,2026-01-25
32500,4729,0.17,2026-01-25
32501,4202,0.06,2026-01-25
32502,16426,0.10,2026-01-25
32503,2328,0.12,2026-01-25
32504,6573,0.05,2026-01-25
32505,7953,0.11,2026-01-25
32506,15540,0.04,2026-01-25
32507,17194,0.09,2026-01-25
32508,3770,0.04,2026-01-25
32509,7523,0.11,2026-01-25
32510,18856,0.04,2026-01-25
32511,15391,0.06,2026-01-25
32512,5056,0.10,2026-01-25
32513,18536,0.05,2026-01-25
32514,7729,0.10,2026-01-25
32515,443,0.05,2026-01-25
32516,8477,0.10,2026-01-25
32517,4475,0.15,2026-01-25
32518,2026,0.04,2026-01-25
32519,26778,0.10,2026-01-25
32520,7837,0.13,2026-01-25
32521,8310,0.11,2026-01-25
32522,19045,0.05,2026-01-25
32523,10844,0.09,2026-01-25
32524,6792,0.17,2026-01-25
32525,4321,0.15,2026-01-25
32526,17204,0.06,2026-01-25
32527,20627,0.41,2026-01-25
32528,21207,0.08,2026-01-25
32529,17502,0.12,2026-01-25
32530,15835,0.10,2026-01-25
32531,4136,0.05,2026-01-25
32532,3012,0.11,2026-01-25
32533,19783,0.06,2026-01-25
32534,20477,0.10,2026-01-25
32535,3790,0.16,2026-01-25
32536,26073,0.05,2026-01-25
32537,14019,0.14,2026-01-25
32538,26919,0.04,2026-01-25
32539,26243,0.09,2026-01-25
32540,25680,0.04,2026-01-25
32541,26850,0.10,2026-01-25
32542,19103,0.12,2026-01-25
32543,23743,0.13,2026-01-25
32544,9629,0.07,2026-01-25
32545,10241,0.13,2026-01-25
32546,12687,0.13,2026-01-25
32547,292,0.05,2026-01-25
32548,21246,0.06,2026-01-25
32549,6930,0.11,2026-01-25
32550,700,0.06,2026-01-25
32551,1196,0.13,2026-01-25
32552,13163,0.56,2026-01-25
32553,8470,0.07,2026-01-25
32554,17002,0.10,2026-01-25
32555,13685,0.06,2026-01-25
32556,26375,0.11,2026-01-25
32557,1691,0.05,2026-01-25
32558,4439,0.11,2026-01-25
32559,6495,0.08,2026-01-25
32560,17128,0.12,2026-01-25
32561,20476,0.04,2026-01-25
32562,1522,0.11,2026-01-25
32563,8266,0.05,2026-01-25
32564,25945,0.10,2026-01-25
32565,12712,0.13,2026-01-25
32566,6170,0.10,2026-01-25
32567,18614,0.07,2026-01-25
32568,24329,0.10,2026-01-25
32569,11692,0.10,2026-01-25
32570,12206,0.06,2026-01-25
32571,21858,0.12,2026-01-25
32572,7510,0.06,2026-01-25
32573,10666,0.12,2026-01-25
32574,15229,0.15,2026-01-25
32575,19691,0.48,2026-01-25
32576,15824,0.11,2026-01-25
32577,12588,0.04,2026-01-25
32578,19488,0.14,2026-01-25
32579,20800,0.22,2026-01-25
32580,14734,0.07,2026-01-25
32581,16207,0.15,2026-01-25
32582,14952,0.06,2026-01-25
32583,6976,0.13,2026-01-25
32584,17408,0.14,2026-01-25
32585,19510,0.05,2026-01-25
32586,4039,0.11,2026-01-25
32587,22610,0.22,2026-01-25
32588,5075,0.17,2026-01-25
32589,13007,0.20,2026-01-25
32590,6662,0.11,2026-01-25
32591,26990,0.07,2026-01-25
32592,5511,0.16,2026-01-25
32593,19386,0.18,2026-01-25
32594,10987,0.19,2026-01-25
32595,9595,0.21,2026-01-25
32596,4906,0.67,2026-01-25
32597,25821,0.10,2026-01-25
32598,4852,0.06,2026-01-25
32599,21297,0.11,2026-01-25
32600,7430,0.06,2026-01-25
32601,18482,0.13,2026-01-25
32602,2642,0.04,2026-01-25
32603,16295,0.10,2026-01-25
32604,12371,0.17,2026-01-25
32605,10283,0.05,2026-01-25
32606,16194,0.11,2026-01-25
32607,17523,0.04,2026-01-25
32608,1785,0.13,2026-01-25
32609,2129,0.14,2026-01-25
32610,21404,0.04,2026-01-25
32611,14499,0.07,2026-01-25
32612,5867,0.17,2026-01-25
32613,9364,0.15,2026-01-25
32614,11727,0.09,2026-01-25
32615,17990,0.07,2026-01-25
32616,4835,0.12,2026-01-25
32617,11172,0.12,2026-01-25
32618,20039,0.06,2026-01-25
32619,25034,0.05,2026-01-25
32620,25587,0.10,2026-01-25
32621,25979,0.10,2026-01-25
32622,23006,0.17,2026-01-25
32623,1759,0.21,2026-01-25
32624,1094,0.19,2026-01-25
32625,20590,0.09,2026-01-25
32626,24884,0.22,2026-01-25
32627,6644,0.06,2026-01-25
32628,21493,0.12,2026-01-25
32629,16514,0.13,2026-01-25
32630,442,0.04,2026-01-25
32631,6457,1.09,2026-01-25
32632,22715,0.08,2026-01-25
32633,9180,0.20,2026-01-25
32634,18738,0.03,2026-01-25
32635,13293,0.11,2026-01-25
32636,24265,0.10,2026-01-25
32637,23884,0.05,2026-01-25
32638,14828,0.05,2026-01-25
32639,302,0.14,2026-01-25
32640,17378,0.11,2026-01-25
32641,6389,0.08,2026-01-25
32642,27051,0.04,2026-01-25
32643,12474,0.10,2026-01-25
32644,8288,0.11,2026-01-25
32645,21729,0.04,2026-01-25
32646,2827,0.68,2026-01-25
32647,9953,0.05,2026-01-25
32648,26756,0.10,2026-01-25
32649,1803,0.15,2026-01-25
32650,20272,0.12,2026-01-25
32651,25433,0.04,2026-01-25
32652,22511,0.10,2026-01-25
32653,24717,0.11,2026-01-25
32654,1374,0.05,2026-01-25
32655,10830,0.15,2026-01-25
32656,10643,0.05,2026-01-25
32657,19406,0.05,2026-01-25
32658,20349,0.10,2026-01-25
32659,13655,0.11,2026-01-25
32660,18223,0.11,2026-01-25
32661,20625,0.52,2026-01-25
32662,8951,0.10,2026-01-25
32663,4477,0.11,2026-01-25
32664,16952,0.14,2026-01-25
32665,1128,0.08,2026-01-25
32666,19847,0.15,2026-01-25
32667,12058,0.07,2026-01-25
32668,4131,0.11,2026-01-25
32669,26484,0.06,2026-01-25
32670,12697,0.04,2026-01-25
32671,1502,0.12,2026-01-25
32672,3465,0.61,2026-01-25
32673,2718,0.08,2026-01-25
32674,18521,0.12,2026-01-25
32675,8065,0.05,2026-01-25
32676,26660,0.12,2026-01-25
32677,17445,0.13,2026-01-25
32678,3338,0.07,2026-01-25
32679,13563,0.75,2026-01-25
32680,3991,0.11,2026-01-25
32681,8716,0.05,2026-01-25
32682,17163,0.13,2026-01-25
32683,944,0.07,2026-01-25
32684,17574,0.07,2026-01-25
32685,26361,0.13,2026-01-25
32686,4259,0.12,2026-01-25
32687,8064,0.06,2026-01-25
32688,15375,0.12,2026-01-25
32689,23871,0.04,2026-01-25
32690,17991,0.05,2026-01-25
32691,4667,0.13,2026-01-25
32692,15116,0.05,2026-01-25
32693,14672,0.12,2026-01-25
32694,3213,0.12,2026-01-25
32695,23448,0.06,2026-01-25
32696,25127,0.10,2026-01-25
32697,3487,0.10,2026-01-25
32698,21317,0.24,2026-01-25
32699,12794,0.13,2026-01-25
32700,3458,0.12,2026-01-25
32701,4874,0.15,2026-01-25
32702,20407,0.14,2026-01-25
32703,18207,0.18,2026-01-25
32704,9371,0.17,2026-01-25
32705,2618,0.43,2026-01-25
32706,14074,0.06,2026-01-25
32707,14919,0.11,2026-01-25
32708,10442,0.44,2026-01-25
32709,4568,0.67,2026-01-25
32710,4056,0.12,2026-01-25
32711,14284,0.07,2026-01-25
32712,11083,0.10,2026-01-25
32713,439,0.15,2026-01-25
32714,9015,0.11,2026-01-25
32715,1043,0.13,2026-01-25
32716,18852,0.13,2026-01-25
32717,18428,0.09,2026-01-25
32718,21837,0.16,2026-01-25
32719,23171,0.18,2026-01-25
32720,24935,0.16,2026-01-25
32721,5116,0.14,2026-01-25
32722,10292,0.08,2026-01-25
32723,5235,0.08,2026-01-25
32724,11725,0.15,2026-01-25
32725,11528,0.12,2026-01-25
32726,20931,0.10,2026-01-25
32727,16898,0.06,2026-01-25
32728,12972,0.28,2026-01-25
32729,80,0.12,2026-01-25
32730,16721,0.17,2026-01-25
32731,7645,0.09,2026-01-25
32732,19197,0.17,2026-01-25
32733,9797,0.17,2026-01-25
32734,7442,0.11,2026-01-25
32735,14296,0.15,2026-01-25
32736,7122,15.24,2026-01-25
32737,26089,15.43,2026-01-25
32738,23334,3.76,2026-01-25
32739,6998,4.16,2026-01-25
32740,24330,2.39,2026-01-25
32741,21994,11.92,2026-01-25
32742,20470,2.80,2026-01-25
32743,26051,1.82,2026-01-25
32744,25415,1.53,2026-01-25
32745,2355,2.30,2026-01-25
32746,20692,2.58,2026-01-25
32747,9390,2.34,2026-01-25
32748,8256,2.28,2026-01-25
32749,27065,11.81,2026-01-25
32750,2262,1.15,2026-01-25
32751,15689,2.18,2026-01-25
32752,2203,1.64,2026-01-25
32753,23119,6.09,2026-01-25
32754,26917,2.44,2026-01-25
32755,16437,1.98,2026-01-25
32756,14506,3.08,2026-01-25
32757,23049,3.74,2026-01-25
32758,9999,11.93,2026-01-25
32759,16670,2.42,2026-01-25
32760,24114,5.45,2026-01-25
32761,20849,14.82,2026-01-25
32762,16891,2.11,2026-01-25
32763,6060,6.47,2026-01-25
32764,22686,2.70,2026-01-25
32765,24061,3.28,2026-01-25
32766,4734,2.19,2026-01-25
32767,13921,2.79,2026-01-25
32768,14623,4.74,2026-01-25
32769,13943,5.11,2026-01-25
32770,23427,5.69,2026-01-25
32771,16610,3.13,2026-01-25
32772,16834,19.88,2026-01-25
32773,9017,1.36,2026-01-25
32774,25426,1.31,2026-01-25
32775,22887,1.28,2026-01-25
32776,14673,4.75,2026-01-25
32777,9141,3.91,2026-01-25
32778,16328,56.98,2026-01-25
32779,20734,73.51,2026-01-25
32780,21672,247.32,2026-01-25
32781,18089,76.33,2026-01-25
32782,11878,21.56,2026-01-25
32783,22155,1.88,2026-01-25
32784,17493,1.52,2026-01-25
32785,3080,119.44,2026-01-25
32786,12347,167.74,2026-01-25
32787,15961,60.73,2026-01-25
32788,9542,151.57,2026-01-25
32789,4074,30.54,2026-01-25
32790,4028,19.02,2026-01-25
32791,9195,300.68,2026-01-25
32792,21334,0.07,2026-01-25
32793,6265,0.13,2026-01-25
32794,18543,0.11,2026-01-25
32795,23646,0.05,2026-01-25
32796,14069,0.14,2026-01-25
32797,13171,0.07,2026-01-25
32798,588,0.59,2026-01-25
32799,20146,0.07,2026-01-25
32800,14001,0.11,2026-01-25
32801,25040,0.09,2026-01-25
32802,5536,0.06,2026-01-25
32803,3734,0.12,2026-01-25
32804,2081,0.05,2026-01-25
32805,27056,0.10,2026-01-25
32806,12032,0.15,2026-01-25
32807,25190,0.06,2026-01-25
32808,5814,0.10,2026-01-25
32809,17667,0.04,2026-01-25
32810,4645,0.09,2026-01-25
32811,15754,0.21,2026-01-25
32812,1750,0.10,2026-01-25
32813,21568,0.11,2026-01-25
32814,8622,0.18,2026-01-25
32815,21586,4.66,2026-01-25
32816,14097,0.16,2026-01-25
32817,10108,0.09,2026-01-25
32818,20463,0.05,2026-01-25
32819,19367,0.15,2026-01-25
32820,438,0.03,2026-01-25
32821,4553,0.10,2026-01-25
32822,8427,0.12,2026-01-25
32823,23863,0.08,2026-01-25
32824,15492,0.46,2026-01-25
32825,4871,0.14,2026-01-25
32826,12768,0.08,2026-01-25
32827,21865,0.15,2026-01-25
32828,26091,0.04,2026-01-25
32829,5715,0.05,2026-01-25
32830,16449,0.12,2026-01-25
32831,26897,0.04,2026-01-25
32832,18187,0.12,2026-01-25
32833,26606,0.03,2026-01-25
32834,520,0.09,2026-01-25
32835,23627,0.04,2026-01-25
32836,2807,0.08,2026-01-25
32837,9229,0.09,2026-01-25
32838,8454,0.03,2026-01-25
32839,8250,0.13,2026-01-25
32840,9641,0.13,2026-01-25
32841,4585,0.09,2026-01-25
32842,11509,0.14,2026-01-25
32843,25252,0.07,2026-01-25
32844,23426,0.12,2026-01-25
32845,3863,0.46,2026-01-25
32846,22709,0.07,2026-01-25
32847,17401,0.13,2026-01-25
32848,11426,0.09,2026-01-25
32849,9562,0.05,2026-01-25
32850,15693,0.06,2026-01-25
32851,5296,0.10,2026-01-25
32852,13552,0.11,2026-01-25
32853,46,0.05,2026-01-25
32854,19374,0.13,2026-01-25
32855,17245,0.06,2026-01-25
32856,23054,0.04,2026-01-25
32857,3754,0.14,2026-01-25
32858,24804,0.46,2026-01-25
32859,11021,0.16,2026-01-25
32860,26104,0.06,2026-01-25
32861,25988,0.04,2026-01-25
32862,11805,0.10,2026-01-25
32863,25063,0.05,2026-01-25
32864,9336,0.13,2026-01-25
32865,5628,0.03,2026-01-25
32866,353,0.17,2026-01-25
32867,9670,0.61,2026-01-25
32868,26734,0.13,2026-01-25
32869,1025,0.34,2026-01-25
32870,16117,0.06,2026-01-25
32871,12387,0.08,2026-01-25
32872,8581,0.07,2026-01-25
32873,16136,0.11,2026-01-25
32874,13134,0.16,2026-01-25
32875,25009,0.10,2026-01-25
32876,20401,0.04,2026-01-25
32877,7362,0.08,2026-01-25
32878,16600,0.05,2026-01-25
32879,16481,0.12,2026-01-25
32880,8403,0.11,2026-01-25
32881,23780,0.04,2026-01-25
32882,20020,0.04,2026-01-25
32883,715,0.10,2026-01-25
32884,12893,0.14,2026-01-25
32885,5591,0.06,2026-01-25
32886,2014,0.12,2026-01-25
32887,1631,0.05,2026-01-25
32888,26370,0.05,2026-01-25
32889,3347,0.18,2026-01-25
32890,9118,0.18,2026-01-25
32891,6160,0.12,2026-01-25
32892,17974,0.18,2026-01-25
32893,14749,0.05,2026-01-25
32894,3499,0.05,2026-01-25
32895,1808,0.15,2026-01-25
32896,2294,2.93,2026-01-25
32897,10782,0.05,2026-01-25
32898,16513,0.12,2026-01-25
32899,13109,0.11,2026-01-25
32900,23875,0.05,2026-01-25
32901,20064,0.07,2026-01-25
32902,10463,0.15,2026-01-25
32903,12993,0.08,2026-01-25
32904,1167,0.22,2026-01-25
32905,17858,0.87,2026-01-25
32906,19413,0.12,2026-01-25
32907,15025,0.04,2026-01-25
32908,26318,0.15,2026-01-25
32909,7622,0.06,2026-01-25
32910,25652,0.10,2026-01-25
32911,18588,0.05,2026-01-25
32912,22345,0.13,2026-01-25
32913,13699,0.05,2026-01-25
32914,18746,0.09,2026-01-25
32915,19759,0.05,2026-01-25
32916,806,0.08,2026-01-25
32917,16313,0.15,2026-01-25
32918,11309,0.11,2026-01-25
32919,6445,0.17,2026-01-25
32920,19076,0.07,2026-01-25
32921,6149,0.15,2026-01-25
32922,10750,0.44,2026-01-25
32923,15714,0.10,2026-01-25
32924,20245,0.04,2026-01-25
32925,5201,0.03,2026-01-25
32926,25235,0.09,2026-01-25
32927,7987,0.11,2026-01-25
32928,19272,0.04,2026-01-25
32929,558,0.17,2026-01-25
32930,1678,0.04,2026-01-25
32931,23705,0.04,2026-01-25
32932,17752,0.14,2026-01-25
32933,5651,0.07,2026-01-25
32934,73,0.12,2026-01-25
32935,8933,0.08,2026-01-25
32936,14917,0.08,2026-01-25
32937,12807,0.04,2026-01-25
32938,25594,0.12,2026-01-25
32939,8448,0.10,2026-01-25
32940,25409,0.05,2026-01-25
32941,14213,0.12,2026-01-25
32942,976,0.03,2026-01-25
32943,22522,0.06,2026-01-25
32944,13681,0.11,2026-01-25
32945,8932,0.12,2026-01-25
32946,18409,0.06,2026-01-25
32947,925,0.14,2026-01-25
32948,2391,0.07,2026-01-25
32949,23827,0.74,2026-01-25
32950,12278,0.10,2026-01-25
32951,11915,0.19,2026-01-25
32952,5770,0.05,2026-01-25
32953,14452,0.13,2026-01-25
32954,13847,0.30,2026-01-25
32955,3663,0.25,2026-01-25
32956,6188,0.04,2026-01-25
32957,26721,0.09,2026-01-25
32958,7224,0.14,2026-01-25
32959,7401,0.08,2026-01-25
32960,7318,0.05,2026-01-25
32961,7966,0.10,2026-01-25
32962,16451,0.19,2026-01-25
32963,23772,0.08,2026-01-25
32964,693,0.03,2026-01-25
32965,8915,0.11,2026-01-25
32966,3267,0.05,2026-01-25
32967,11367,0.11,2026-01-25
32968,18671,0.11,2026-01-25
32969,22680,0.15,2026-01-25
32970,7390,2.73,2026-01-25
32971,3758,1.32,2026-01-25
32972,12584,3.86,2026-01-25
32973,19927,12.55,2026-01-25
32974,22958,2.28,2026-01-25
32975,20681,3.27,2026-01-25
32976,1003,4.53,2026-01-25
32977,9865,3.00,2026-01-25
32978,25294,1.92,2026-01-25
32979,20007,1.70,2026-01-25
32980,2263,4.73,2026-01-25
32981,12397,14.61,2026-01-25
32982,13336,1.82,2026-01-25
32983,10034,2.69,2026-01-25
32984,4333,36.58,2026-01-25
32985,15607,2.25,2026-01-25
32986,25658,2.07,2026-01-25
32987,7300,2.03,2026-01-25
32988,23128,4.11,2026-01-25
32989,13751,2.43,2026-01-25
32990,13502,4.68,2026-01-25
32991,10323,2.16,2026-01-25
32992,7696,0.99,2026-01-25
32993,9665,9.10,2026-01-25
32994,2918,1.91,2026-01-25
32995,12128,1.67,2026-01-25
32996,11319,0.84,2026-01-25
32997,6522,0.87,2026-01-25
32998,16914,1.84,2026-01-25
32999,23259,1.87,2026-01-25
33000,26083,601.05,2026-01-25
33001,18875,23.47,2026-01-25
33002,8990,31.73,2026-01-25
33003,22299,25.29,2026-01-25
33004,3323,37.16,2026-01-25
33005,13842,373.25,2026-01-25
