variant_id,card_id,variant
2,sm10-184,holofoil
5,sv6pt5-99,holofoil
6,bw1-21,normal
7,sv3-108,normal
8,sm12-266,holofoil
10,g1-35,holofoil
11,base5-11,unlimitedHolofoil
12,g1-46,holofoil
13,ex15-98,holofoil
14,sm11-232,holofoil
16,swsh11tg-TG07,holofoil
17,pl3-117,normal
20,ex3-1,holofoil
21,sv1-46,normal
23,xy3-63,holofoil
25,swsh10-206,holofoil
26,dp7-93,normal
27,sv7-46,normal
29,sv7-74,normal
31,sv3-214,holofoil
32,sv7-4,normal
33,ex3-68,normal
36,neo3-45,1stEdition
37,bw10-88,normal
38,sm5-73,normal
39,swsh2-132,normal
40,xy2-61,normal
42,sv8-238,holofoil
44,pl4-39,normal
46,me2-33,normal
47,swsh2-205,holofoil
48,sv8pt5-24,normal
49,dp2-31,normal
50,ex2-84,normal
51,swsh7-169,holofoil
53,ex16-46,normal
54,sm11-80,normal
57,swsh10-160,holofoil
59,base1-99,normal
60,xy12-97,normal
61,sm35-69,normal
62,ex9-5,holofoil
64,neo1-64,1stEdition
66,col1-71,normal
70,xy12-90,normal
72,swsh45-14,normal
74,sm9-99,holofoil
76,swsh45-2,normal
77,ex11-75,normal
79,hgss3-9,holofoil
80,me1-129,normal
81,sv4pt5-32,normal
85,sv4-12,normal
86,gym2-6,1stEditionHolofoil
87,base6-77,normal
92,dp2-86,normal
93,dp7-37,normal
94,swsh12pt5-76,holofoil
96,base2-47,unlimited
100,sv10-116,normal
101,swsh12pt5gg-GG32,holofoil
103,rsv10pt5-145,holofoil
104,ex6-75,normal
105,hgss4-79,normal
107,ex11-81,normal
108,swsh12-42,normal
109,swsh9-163,holofoil
110,bw9-61,normal
111,smp-SM242,holofoil
112,sm9-140,holofoil
113,neo1-10,1stEditionHolofoil
114,bw6-61,normal
116,bwp-BW15,normal
117,rsv10pt5-80,normal
118,pop6-15,normal
119,pop7-4,normal
120,sv4pt5-38,normal
121,ex13-70,normal
122,swsh4-24,normal
123,swsh3-57,normal
125,swsh3-87,normal
126,bw10-83,normal
128,xy9-60,normal
129,xy0-10,holofoil
131,swsh45-12,normal
132,sm1-162,holofoil
133,pl1-52,normal
134,swsh6-205,holofoil
137,swsh7-110,holofoil
140,neo1-3,unlimitedHolofoil
141,zsv10pt5-24,normal
143,swsh10-152,normal
147,sv3-183,normal
148,swsh12pt5gg-GG15,holofoil
149,ecard1-155,normal
153,swsh8-96,normal
157,ex4-50,normal
158,rsv10pt5-29,normal
161,swsh7-177,holofoil
163,ex10-16,holofoil
164,swsh12tg-TG26,holofoil
165,swsh9-170,holofoil
168,xy12-93,normal
169,smp-SM17,holofoil
170,bw11-73,normal
173,xy1-68,normal
174,xyp-XY198,holofoil
175,xy8-116,normal
178,hgss1-104,normal
181,swsh12-53,normal
182,swsh10-117,holofoil
183,sv3pt5-203,holofoil
184,sm11-247,holofoil
185,bwp-BW58,holofoil
186,gym2-97,unlimited
187,sm8-66,normal
191,sv8-92,holofoil
192,swshp-SWSH274,holofoil
194,xy1-62,holofoil
195,sm9-73,normal
196,neo4-78,unlimited
197,zsv10pt5-38,normal
198,ex1-105,normal
203,rsv10pt5-140,holofoil
204,sm5-109,normal
206,sv7-157,holofoil
207,swsh8-59,normal
208,swshp-SWSH279,holofoil
210,sm10-215,holofoil
211,sv6pt5-86,holofoil
213,svp-32,holofoil
218,sv5-130,normal
219,ex13-111,holofoil
224,gym1-47,unlimited
225,g1-27,holofoil
226,swsh8-73,holofoil
229,ex2-87,normal
230,swsh8-63,normal
231,ex12-4,holofoil
232,swsh12pt5-95,holofoil
233,ex10-49,normal
234,swsh7-99,normal
235,ecard2-43,normal
237,basep-21,normal
239,swsh4-192,holofoil
240,rsv10pt5-88,holofoil
243,sm115-25,normal
244,sv3pt5-121,holofoil
246,sm11-6,normal
247,base1-82,normal
250,sv8pt5-170,holofoil
251,sm11-238,holofoil
252,sm12-115,holofoil
253,g1-79,normal
255,dp2-5,holofoil
256,swsh12-59,holofoil
257,smp-SM129,holofoil
258,swsh10-90,normal
259,sv6-167,holofoil
260,xy10-50,normal
261,gym2-39,unlimited
263,sm6-88,normal
264,zsv10pt5-67,holofoil
265,sv8-200,holofoil
266,sv6-22,holofoil
269,sv6-141,holofoil
272,swsh2-66,holofoil
273,sm35-39,holofoil
274,xy4-93,normal
275,sv8-43,normal
276,ecard3-42,normal
277,base2-48,unlimited
278,ex7-67,normal
279,sma-SV16,holofoil
286,bw6-96,normal
287,sv9-53,holofoil
288,xyp-XY188,holofoil
289,sm8-154,holofoil
291,neo3-46,1stEdition
292,me1-32,normal
293,bw6-119,holofoil
294,cel25-3,holofoil
296,sv4-164,normal
297,sv8pt5-84,normal
300,sv2-70,normal
301,swsh1-115,holofoil
303,swsh7-144,normal
304,swsh45-31,normal
305,xy1-1,holofoil
306,sv1-20,normal
307,sm12-130,normal
309,swsh12-84,normal
310,swsh6-21,holofoil
311,xy4-69,holofoil
312,xy5-72,normal
313,neo3-26,unlimited
314,ex9-94,holofoil
316,sv10-101,holofoil
317,xy0-6,normal
318,g1-3,normal
319,swsh12pt5gg-GG28,holofoil
322,sm7-9,normal
325,sv4-51,normal
326,sv4pt5-219,holofoil
327,sm3-105,holofoil
328,dp6-115,normal
329,sm11-86,holofoil
331,sv3pt5-87,normal
332,ex9-3,holofoil
334,swsh6-145,normal
340,xy0-17,normal
342,bw6-39,normal
343,ex12-37,normal
345,sv8-20,normal
346,swsh12pt5-123,holofoil
347,swsh12pt5gg-GG03,holofoil
348,swsh5-161,holofoil
349,sv5-196,holofoil
354,swsh4-62,normal
358,ex16-72,normal
362,sv3-127,normal
363,sv4-17,normal
365,swsh12pt5-30,normal
368,dp6-94,normal
369,sm11-39,normal
371,dp5-9,holofoil
372,sv3pt5-18,normal
373,smp-SM111,normal
374,bw1-61,normal
375,sm1-52,holofoil
376,sm2-5,normal
378,swsh5-79,normal
379,ex11-59,normal
380,sv4pt5-36,normal
381,sv3pt5-91,normal
384,sm5-57,normal
385,sm11-249,holofoil
386,swsh12-7,holofoil
387,swsh8-275,holofoil
389,sm2-40,normal
390,bw2-7,normal
392,sv3pt5-29,normal
393,gym2-61,unlimited
394,swsh45-49,normal
395,dp6-137,normal
396,hgss3-23,normal
397,sv8pt5-8,holofoil
398,smp-SM168,holofoil
402,ecard3-H22,holofoil
403,xyp-XY40,holofoil
405,swshp-SWSH014,holofoil
406,sv8-156,normal
407,sv5-143,normal
408,sm3-23,normal
412,sv3pt5-127,normal
413,sm10-68,normal
414,bw4-41,holofoil
416,swsh2-60,normal
417,swsh35-6,normal
419,ex7-96,holofoil
422,swsh1-45,normal
425,hgss1-54,normal
426,sv5-94,normal
427,smp-SM108,normal
428,swsh9-137,normal
432,sv8-101,normal
433,sv6-35,normal
434,xy6-21,normal
435,bw10-99,holofoil
436,ex8-80,normal
437,pl3-70,normal
438,me2-16,normal
442,me1-78,normal
443,me1-24,normal
445,smp-SM114,normal
446,sv3pt5-92,normal
447,swsh12-202,holofoil
448,pgo-23,holofoil
449,xy3-62,normal
451,swsh6-92,holofoil
452,ecard1-157,normal
453,sv5-87,normal
454,mcd21-22,normal
455,xy6-65,normal
456,sm11-228,holofoil
458,ex8-39,normal
459,dp6-34,normal
460,sm12-186,normal
461,neo1-111,unlimited
463,swsh9-106,holofoil
464,sm75-73,holofoil
465,sv10-160,normal
466,sm6-32,normal
467,sv5-162,holofoil
469,swsh3-7,normal
472,ex5-93,holofoil
473,ex13-20,normal
474,swsh8-170,normal
475,neo2-36,1stEdition
476,bw3-10,normal
477,sv4pt5-182,holofoil
478,swsh1-156,normal
479,gym2-124,1stEdition
481,xy2-87,normal
482,ecard1-38,normal
483,ex6-18,normal
484,swsh12pt5-9,normal
485,pl1-24,normal
486,pop4-6,normal
487,xy0-37,normal
490,swshp-SWSH098,holofoil
491,pop5-11,normal
493,swsh9-94,normal
494,swsh8-163,normal
495,gym1-56,1stEdition
496,bw7-84,normal
497,sv3pt5-66,normal
498,g1-RC25,normal
501,swsh8-283,holofoil
502,mcd12-8,holofoil
503,neo4-59,1stEdition
508,ex9-18,normal
509,sm8-183,normal
510,swsh1-113,normal
511,swsh1-26,normal
512,sm2-26,normal
513,ex1-68,normal
514,xy8-39,normal
516,sv4-223,holofoil
517,sv3pt5-41,normal
519,xy10-21,holofoil
521,sv8pt5-86,normal
522,swsh12-65,holofoil
523,bw4-40,normal
524,xy3-40,normal
525,ru1-4,normal
527,dp1-121,holofoil
530,gym2-98,1stEdition
532,col1-26,normal
533,ex11-13,holofoil
534,swsh10-62,holofoil
535,neo4-59,unlimited
536,swsh6-107,normal
537,xy5-129,normal
542,dp5-30,normal
544,mcd21-12,holofoil
546,gym1-3,unlimitedHolofoil
547,neo1-15,1stEditionHolofoil
548,swsh12-3,normal
549,sv8-216,holofoil
551,sv8-107,holofoil
553,bw6-77,normal
554,bw1-46,normal
555,swsh12-129,normal
556,ecard3-47,normal
562,sm1-28,normal
563,gym2-81,1stEdition
564,ex6-47,normal
566,hgss4-17,normal
567,bw2-79,normal
568,xy9-17,normal
569,neo1-36,unlimited
571,sv6-204,holofoil
573,swsh10-66,holofoil
575,neo3-14,1stEditionHolofoil
576,sm12-208,normal
577,sv8pt5-82,holofoil
578,sv4-204,holofoil
579,pl3-97,normal
580,pl2-14,normal
581,swsh1-65,normal
583,sv3pt5-14,normal
584,sm5-89,holofoil
585,xy6-66,normal
588,me2-4,holofoil
591,sm10-210,holofoil
593,rsv10pt5-91,holofoil
595,hgss3-78,normal
596,sv3pt5-84,normal
597,sm10-150,normal
599,swsh9-10,normal
600,ex16-88,normal
602,xy9-33,normal
603,sv10-98,normal
604,neo3-23,1stEdition
605,pl4-12,holofoil
606,base3-1,unlimitedHolofoil
608,sm11-223,holofoil
609,col1-24,normal
611,zsv10pt5-40,normal
614,ex14-61,normal
615,swsh12-196,holofoil
616,sv2-14,normal
617,sv8-24,normal
618,swsh6-176,holofoil
620,xy5-83,normal
621,neo1-48,1stEdition
622,swsh45sv-SV059,holofoil
625,swsh5-29,normal
627,swsh35-77,holofoil
630,bw9-121,holofoil
632,base2-61,1stEdition
633,swsh45sv-SV074,holofoil
634,base2-20,1stEdition
635,swsh12pt5-97,holofoil
636,pgo-28,holofoil
639,dp1-22,normal
640,pop1-12,normal
641,swsh6-4,normal
643,xy7-27,holofoil
645,sv4-73,holofoil
646,sm11-211,normal
647,base5-72,1stEdition
648,sv8-248,holofoil
650,xyp-XY124,holofoil
653,ecard2-95,normal
655,sm1-4,normal
656,sv4pt5-173,holofoil
659,swsh12-151,normal
661,bw5-88,normal
664,gym2-53,1stEdition
666,swsh1-212,holofoil
667,dpp-DP22,holofoil
668,base6-7,holofoil
669,xy12-65,holofoil
670,ecard3-48,normal
672,ex3-87,normal
673,swsh8-1,normal
674,smp-SM133,holofoil
676,sm12-200,normal
679,xy11-16,normal
681,sv6-108,normal
682,swsh12pt5-139,normal
683,ex9-76,normal
684,swshp-SWSH213,holofoil
685,dp6-32,normal
687,sv3-204,holofoil
688,swshp-SWSH195,holofoil
690,ex13-75,normal
691,gym2-52,1stEdition
692,ex15-29,normal
693,me2-92,normal
695,swsh9-124,normal
697,ex10-M,holofoil
698,xy11-56,normal
699,hgss3-47,normal
700,me1-37,normal
701,sv7-36,normal
702,hgss3-69,normal
703,dp1-28,normal
704,swsh2-79,holofoil
705,xy9-59,normal
706,bw8-3,normal
708,swsh10-9,normal
709,sm1-36,normal
710,swsh5-142,holofoil
711,bw8-48,holofoil
714,bw9-35,normal
718,sv8pt5-33,holofoil
719,hgss2-35,normal
720,dp4-85,normal
721,swsh10-28,normal
723,swsh12pt5-22,holofoil
724,xy11-50,holofoil
727,sm3-21,holofoil
728,sv1-53,normal
730,sv6-45,normal
731,sm11-202,normal
734,sm6-120,holofoil
738,ex8-92,normal
741,xy2-93,normal
742,bw10-54,holofoil
743,col1-55,normal
745,pop6-14,normal
746,bp-4,normal
748,sv10-17,normal
749,sv3pt5-151,holofoil
750,sv7-149,holofoil
753,xy9-109,normal
754,g1-RC27,holofoil
755,swsh10-166,holofoil
756,xy4-70,normal
757,sv6pt5-34,normal
758,base4-4,holofoil
760,dp3-22,normal
761,base1-52,normal
762,sm11-231,holofoil
763,sm35-44,normal
764,swsh2-12,normal
765,smp-SM222,holofoil
767,swsh6-89,holofoil
768,col1-1,holofoil
770,dp6-74,normal
771,sm35-36,normal
773,base3-2,1stEditionHolofoil
775,sv5-205,holofoil
776,ex1-29,normal
778,sm4-75,normal
780,sm9-141,normal
782,sv5-183,holofoil
783,mcd21-23,normal
785,sm2-165,holofoil
790,base5-15,1stEditionHolofoil
793,neo3-20,1stEdition
794,pl1-66,normal
795,bw2-91,normal
796,swsh12-182,holofoil
798,base2-41,unlimited
799,bw10-40,normal
800,ecard3-H23,holofoil
803,sv10-235,holofoil
804,sm1-91,normal
806,me2-67,normal
807,sv9-56,holofoil
812,dp6-56,normal
813,xy7-2,normal
814,xy7-67,holofoil
815,sv1-254,holofoil
816,swshp-SWSH061,holofoil
817,sm2-127,normal
818,swsh3-105,holofoil
819,sv3-139,normal
822,swsh9-133,normal
823,hgss3-53,normal
826,pl2-98,normal
827,sv1-244,holofoil
829,bw4-27,holofoil
830,neo1-106,1stEdition
831,ex14-11,holofoil
832,pop8-17,normal
833,sv5-195,holofoil
834,sm5-157,holofoil
835,sv2-90,normal
837,ex6-57,normal
839,base4-51,normal
840,gym2-16,unlimitedHolofoil
841,sv8-221,holofoil
842,sv9-65,normal
843,pl4-20,normal
844,sv5-217,holofoil
846,sm9-52,holofoil
847,pl1-119,normal
849,sv5-45,normal
850,pgo-40,holofoil
852,sm12-15,normal
853,dp5-82,normal
854,swsh9-107,normal
855,ex9-43,normal
857,neo2-8,unlimitedHolofoil
858,ex7-18,normal
859,swsh12-80,normal
860,bw11-47,normal
862,swsh1-96,normal
863,sm2-84,normal
864,ex11-82,normal
865,swsh12-15,holofoil
866,sv6-147,normal
867,swshp-SWSH220,holofoil
868,bw6-128,holofoil
870,mcd21-17,normal
871,sm9-134,holofoil
872,swsh6-119,holofoil
874,swshp-SWSH137,holofoil
876,swsh12pt5gg-GG04,holofoil
877,dc1-17,normal
881,swsh12-170,holofoil
882,sv9-170,holofoil
883,sm8-224,holofoil
884,base5-36,unlimited
885,sv10-66,holofoil
886,swsh10-6,normal
887,xy3-83,holofoil
890,swsh12pt5-78,normal
891,swsh45sv-SV012,holofoil
895,swsh4-38,normal
896,sm1-10,normal
898,sv9-6,normal
899,sv4-81,holofoil
900,swsh1-76,holofoil
902,bw7-126,normal
905,sv2-15,holofoil
906,swsh8-246,holofoil
907,bw9-39,holofoil
909,sv10-61,normal
910,bw11-68,holofoil
911,xy1-88,normal
912,sv6-150,normal
913,pl3-39,normal
914,rsv10pt5-74,normal
915,dp3-9,holofoil
916,swsh3-60,holofoil
917,ex8-46,normal
919,swsh9-68,holofoil
922,swsh12-72,normal
923,swsh5-131,normal
926,dp4-47,normal
927,bw9-68,normal
929,sv3pt5-62,normal
931,sv1-56,normal
932,neo4-74,unlimited
933,swsh35-1,holofoil
934,bw1-15,normal
935,bw11-12,holofoil
936,sv4-210,holofoil
937,bw5-105,holofoil
938,sm10-33,normal
939,dv1-18,holofoil
941,sv7-5,normal
944,me1-106,normal
945,swsh12pt5-108,holofoil
946,sv6-79,normal
947,swsh12pt5-57,normal
952,smp-SM71,holofoil
956,swsh3-50,normal
957,ex10-37,normal
958,sm115-30,normal
959,ex1-52,normal
960,xy3-43,normal
961,xy10-4,normal
962,pl3-9,holofoil
963,sm11-182,normal
964,sm5-58,holofoil
965,ecard2-51,normal
966,dp6-95,normal
967,sm10-209,holofoil
969,rsv10pt5-38,normal
970,neo2-58,1stEdition
973,base2-58,unlimited
974,sm75-61,holofoil
976,me2-80,normal
978,sv7-121,normal
980,swsh7-114,normal
983,xy10-80,normal
984,swsh8-160,normal
986,gym1-103,1stEdition
987,dp2-45,normal
988,sv6pt5-35,normal
989,neo1-56,unlimited
991,np-20,holofoil
994,xy9-4,normal
995,xy10-82,normal
996,sm10-31,normal
997,basep-10,holofoil
998,bw6-114,normal
999,sm7-99,holofoil
1000,dp4-32,normal
1001,sv4-211,holofoil
1002,swsh5-30,normal
1003,me2-101,holofoil
1004,sv4pt5-134,holofoil
1007,swsh12-122,normal
1008,neo4-111,unlimitedHolofoil
1009,pl3-61,normal
1011,base3-28,unlimited
1012,sv10-244,holofoil
1014,ex9-97,holofoil
1016,ecard2-138,normal
1019,bw7-1,normal
1020,xy3-105,holofoil
1021,sv10-145,holofoil
1022,dp1-94,normal
1024,smp-SM235,holofoil
1027,sv4pt5-149,holofoil
1029,xy11-29,normal
1031,bw5-69,normal
1032,bw5-40,normal
1034,ex10-60,normal
1036,g1-73,normal
1038,sv9-79,holofoil
1042,xy8-87,normal
1045,sm4-83,normal
1046,bw3-80,normal
1048,sm5-97,normal
1049,sm5-63,holofoil
1050,swsh8-137,normal
1051,sv4-222,holofoil
1052,swsh2-92,holofoil
1053,sv10-12,holofoil
1055,xy4-76,normal
1056,ex6-6,holofoil
1057,sv6-184,holofoil
1058,swshp-SWSH146,holofoil
1059,bw8-91,normal
1061,sv3pt5-1,normal
1063,sm12-45,normal
1065,swsh5-147,holofoil
1066,swsh6-103,normal
1067,ex13-64,normal
1072,swsh8-25,normal
1075,bw6-85,holofoil
1076,neo3-43,1stEdition
1077,sma-SV67,holofoil
1078,sv1-31,normal
1082,sv5-25,holofoil
1084,swsh3-179,holofoil
1087,sv1-166,normal
1088,sm9-12,normal
1089,swsh9-139,normal
1090,swsh6-74,holofoil
1093,xy8-131,normal
1094,me1-74,holofoil
1095,xy12-8,normal
1098,sv4pt5-179,holofoil
1099,sv6-157,normal
1101,cel25c-73_A,holofoil
1103,sm3-73,normal
1105,rsv10pt5-55,normal
1106,cel25-24,holofoil
1107,swsh1-195,holofoil
1108,sm4-99,normal
1109,ex9-41,normal
1112,bw2-43,normal
1113,swsh1-29,normal
1114,svp-39,holofoil
1115,sv9-108,normal
1116,swsh7-107,normal
1117,swshp-SWSH267,holofoil
1119,sm5-60,normal
1120,xy11-13,normal
1122,sm9-82,holofoil
1123,swsh8-114,holofoil
1125,sm35-8,holofoil
1126,pgo-37,normal
1128,me1-96,normal
1130,bw10-82,normal
1131,gym2-41,1stEdition
1132,pop9-6,normal
1133,sv5-97,normal
1135,sm7-100,holofoil
1138,swsh4-43,holofoil
1139,swsh6-83,holofoil
1140,sm11-184,holofoil
1141,sv5-63,normal
1142,svp-6,holofoil
1143,swsh8-202,normal
1145,sv8-174,normal
1146,swshp-SWSH065,holofoil
1147,sv2-84,holofoil
1148,base1-84,normal
1149,dp4-88,normal
1150,dp5-72,normal
1152,sv8pt5-79,normal
1156,sm12-102,holofoil
1157,sm1-82,holofoil
1160,swsh4-179,holofoil
1161,xy9-34,normal
1163,sm4-77,normal
1165,base6-44,normal
1166,bw8-36,normal
1168,xy2-30,normal
1171,pl2-71,normal
1172,ex16-48,normal
1173,swsh10-204,holofoil
1174,pop8-8,normal
1177,sv1-205,holofoil
1178,sv8pt5-115,normal
1181,neo3-51,1stEdition
1185,sm10-212,holofoil
1186,sv1-14,normal
1187,swsh6-172,holofoil
1188,sv4-120,holofoil
1189,swsh1-161,normal
1190,bw8-123,normal
1191,sv6-105,normal
1192,neo2-45,1stEdition
1197,ex1-109,normal
1198,swsh5-52,normal
1201,gym2-56,unlimited
1202,xy4-43,holofoil
1203,base6-38,normal
1204,dv1-7,holofoil
1207,sv8pt5-171,holofoil
1209,smp-SM96,holofoil
1210,sv6-55,normal
1211,xy6-34,holofoil
1212,swsh5-36,normal
1213,sv10-153,normal
1214,bw6-30,normal
1215,rsv10pt5-105,holofoil
1216,swsh6-202,holofoil
1218,sv5-55,normal
1220,xy7-59,normal
1226,g1-RC19,holofoil
1227,base5-10,1stEditionHolofoil
1228,ex5-37,normal
1231,sm1-44,normal
1232,dp3-104,normal
1234,hgss3-76,normal
1235,dp3-80,normal
1236,sm4-37,normal
1238,zsv10pt5-118,holofoil
1239,ex7-66,normal
1240,swsh7-68,normal
1241,swsh7-126,normal
1242,gym1-56,unlimited
1244,gym2-16,1stEditionHolofoil
1247,xy5-39,normal
1249,swsh12pt5-119,normal
1253,hgss1-99,normal
1254,pgo-27,normal
1258,ecard2-70,normal
1259,ex11-48,normal
1260,sm2-75,normal
1261,xy1-17,holofoil
1262,swshp-SWSH132,holofoil
1263,sv10-18,holofoil
1264,gym1-88,unlimited
1265,base5-49,1stEdition
1266,xyp-XY34,holofoil
1267,base6-79,normal
1268,neo1-8,unlimitedHolofoil
1269,me1-4,normal
1271,sv6-67,normal
1272,sv4-193,holofoil
1273,bw8-24,normal
1274,g1-56,normal
1275,ex10-38,normal
1276,xy8-94,holofoil
1280,ex16-74,normal
1281,dp1-110,normal
1283,bwp-BW75,holofoil
1284,sv8-49,normal
1285,smp-SM115,holofoil
1286,pl3-23,normal
1288,smp-SM81,holofoil
1292,swsh5-44,normal
1294,swsh2-167,normal
1295,base6-31,normal
1296,sv7-71,holofoil
1299,hgss1-33,normal
1300,ex4-54,normal
1301,ex3-45,normal
1302,sv1-196,normal
1303,swsh5-20,holofoil
1304,ex1-82,normal
1306,sv6-98,normal
1307,sm12-136,holofoil
1308,ex2-67,normal
1312,dv1-4,holofoil
1313,sm2-69,normal
1314,pl2-114,holofoil
1315,sv9-36,normal
1316,svp-139,holofoil
1317,dp6-50,normal
1318,base2-42,1stEdition
1321,sv6-49,normal
1323,xyp-XY79,holofoil
1324,bw7-38,normal
1328,sv1-249,holofoil
1329,swsh9-3,normal
1330,hgss3-38,normal
1331,sm1-96,holofoil
1334,swsh45sv-SV117,holofoil
1335,sv3-107,normal
1336,swsh12pt5gg-GG37,holofoil
1338,swsh10-186,holofoil
1339,pgo-45,normal
1342,gym1-97,unlimited
1343,ex11-76,normal
1344,cel25-1,holofoil
1345,sv10-36,holofoil
1346,dp2-107,normal
1347,sv1-90,normal
1348,ex12-73,normal
1349,swsh1-68,normal
1350,sm12-251,holofoil
1351,swsh7-36,normal
1353,xy2-32,normal
1357,base4-63,normal
1358,neo3-14,unlimitedHolofoil
1360,swsh12-141,normal
1362,ex15-49,normal
1363,hgss4-23,normal
1364,swsh2-4,normal
1365,sm12-31,normal
1368,ex5-19,normal
1371,sv8-4,holofoil
1374,me1-90,normal
1375,smp-SM88,holofoil
1377,ex1-43,normal
1379,sm2-119,normal
1382,rsv10pt5-27,normal
1383,base6-81,normal
1385,sv8pt5-156,holofoil
1386,ex16-58,normal
1387,sma-SV88,holofoil
1388,swsh12-64,normal
1389,pl1-53,normal
1390,pl4-29,normal
1391,ecard1-75,normal
1393,sm4-18,holofoil
1394,ex4-24,normal
1395,swsh10tg-TG20,holofoil
1396,ex2-62,normal
1399,swsh7-96,normal
1400,sv8pt5-7,normal
1401,ex11-96,normal
1403,xyp-XY47,holofoil
1404,ex7-69,normal
1405,rsv10pt5-171,holofoil
1407,swsh7-176,holofoil
1408,swsh12pt5-150,holofoil
1409,sm4-69,normal
1410,swsh6-73,holofoil
1412,neo2-19,unlimited
1415,sm8-12,normal
1417,xy3-56,normal
1418,sv6pt5-19,normal
1420,bw3-17,normal
1422,swsh8-267,holofoil
1423,swsh12-192,holofoil
1425,gym2-96,1stEdition
1426,xyp-XY71,holofoil
1427,sv5-72,normal
1428,bw10-48,normal
1430,sv4-117,normal
1432,pop5-14,normal
1434,sm5-110,normal
1435,gym2-47,1stEdition
1438,pl3-132,normal
1440,hgss1-52,normal
1441,swsh12pt5-3,normal
1442,swsh7-161,normal
1443,xyp-XY14,holofoil
1445,sv1-253,holofoil
1447,sv1-175,normal
1448,rsv10pt5-100,holofoil
1449,gym2-17,unlimitedHolofoil
1450,sv3-162,normal
1452,swsh10-184,holofoil
1453,dp7-66,normal
1454,sma-SV31,holofoil
1455,cel25-14,holofoil
1456,base4-117,normal
1457,sv4pt5-140,holofoil
1458,dp6-60,normal
1459,base2-41,1stEdition
1460,ecard2-105,normal
1461,swsh1-135,normal
1463,swsh6-162,holofoil
1464,sv1-115,normal
1465,bw7-93,normal
1467,swshp-SWSH190,holofoil
1468,sv9-28,normal
1469,sm4-72,normal
1470,sm115-47,normal
1471,dp4-31,normal
1472,sm8-182,holofoil
1473,bw3-61,normal
1475,svp-185,holofoil
1476,ecard3-H27,holofoil
1477,sv5-212,holofoil
1478,sm4-43,normal
1479,xy8-127,normal
1480,sm115-14,holofoil
1481,dp4-14,normal
1482,swsh2-39,normal
1483,sv5-139,normal
1485,dp5-89,normal
1486,sm6-24,holofoil
1487,swsh5-106,normal
1488,ex5-73,normal
1489,pl4-13,normal
1490,sv4-32,holofoil
1491,xy5-59,normal
1492,zsv10pt5-152,holofoil
1493,zsv10pt5-59,normal
1494,swsh12pt5gg-GG16,holofoil
1497,col1-2,holofoil
1498,neo3-35,1stEdition
1500,sm11-42,normal
1501,sma-SV70,holofoil
1504,pop9-12,normal
1507,swsh1-191,holofoil
1509,swsh5-127,normal
1513,ex13-51,normal
1514,gym2-15,unlimitedHolofoil
1515,sv8pt5-87,normal
1516,bw11-103,normal
1517,xy4-38,normal
1519,sm7-61,holofoil
1521,zsv10pt5-141,holofoil
1525,swsh12pt5gg-GG57,holofoil
1527,dp2-15,holofoil
1528,gym1-27,unlimited
1530,bw5-45,normal
1532,sv2-113,holofoil
1533,ex13-14,holofoil
1534,sv4-9,normal
1535,neo4-113,1stEditionHolofoil
1537,bw3-5,normal
1539,ex3-92,holofoil
1540,sv9-48,normal
1541,sv8-198,holofoil
1542,ex16-30,normal
1545,swsh7-104,normal
1547,sm75-35,normal
1548,bw9-9,normal
1549,xy4-54,normal
1550,xy12-36,holofoil
1553,sv8-153,normal
1555,ex12-89,holofoil
1556,bw4-66,normal
1557,swshp-SWSH019,holofoil
1558,neo3-53,1stEdition
1559,sv4pt5-189,holofoil
1560,swsh12-188,holofoil
1563,bw4-97,holofoil
1564,dp1-84,normal
1566,ex11-51,normal
1569,bw9-67,holofoil
1571,sm9-76,holofoil
1572,gym1-5,1stEditionHolofoil
1573,smp-SM208,holofoil
1574,ecard1-46,normal
1576,hgss4-50,normal
1577,sv8pt5-126,normal
1579,swsh8-43,holofoil
1580,xy9-101,normal
1584,sv2-40,holofoil
1589,sv8pt5-113,normal
1590,xyp-XY87,holofoil
1591,swsh9-145,normal
1592,sv6pt5-14,normal
1594,ecard1-8,holofoil
1596,gym1-123,unlimited
1597,hgss4-49,normal
1598,xy3-99,normal
1599,gym2-118,1stEdition
1600,base4-58,normal
1602,ecard2-9,normal
1603,xyp-XY85,holofoil
1604,xy3-52,normal
1610,dp6-59,normal
1611,sv6-158,normal
1612,swsh6-67,normal
1613,xy2-69,holofoil
1614,neo1-40,1stEdition
1615,ex8-10,normal
1617,sv8pt5-85,normal
1618,sm12-52,normal
1620,sv3pt5-16,normal
1623,sm11-237,holofoil
1624,base1-3,holofoil
1626,hgss1-29,normal
1627,dp1-77,normal
1628,sv5-29,holofoil
1629,sv8-33,normal
1630,sv6-61,holofoil
1631,me2-51,normal
1632,svp-56,holofoil
1633,smp-SM229,holofoil
1634,sv4pt5-117,holofoil
1635,neo4-64,unlimited
1638,swsh6-182,holofoil
1639,swsh8-192,normal
1640,swsh12pt5gg-GG02,holofoil
1641,base3-44,1stEdition
1642,sv10-77,normal
1643,sv3pt5-71,normal
1644,dp3-48,normal
1645,ex10-35,normal
1646,ecard3-H11,holofoil
1649,sv1-217,holofoil
1650,bw8-89,normal
1651,sm7-85,holofoil
1656,xy5-99,normal
1657,bw4-61,normal
1660,swsh3-177,holofoil
1661,base3-29,1stEdition
1663,xy2-109,holofoil
1664,dp5-53,normal
1665,sm11-37,normal
1667,ex11-36,normal
1668,xy4-25,normal
1669,sv7-34,normal
1671,sm11-91,normal
1672,xy10-123,holofoil
1673,neo3-36,1stEdition
1675,hgss4-42,normal
1677,sv9-78,normal
1678,me2-74,normal
1680,sm35-73,holofoil
1681,sv4pt5-223,holofoil
1683,base3-11,unlimitedHolofoil
1687,ex3-36,normal
1688,swsh10-209,holofoil
1689,sm3-111,normal
1690,bw9-62,normal
1691,me1-39,normal
1694,pl1-28,normal
1695,ecard1-107,normal
1696,bw5-44,normal
1698,ex12-14,holofoil
1699,xy6-52,holofoil
1700,bw3-38,normal
1701,swshp-SWSH276,holofoil
1702,swsh2-116,normal
1705,zsv10pt5-103,holofoil
1706,sv6-117,normal
1707,svp-181,holofoil
1708,sv8pt5-124,normal
1709,bw8-92,normal
1714,ex7-13,normal
1716,sv6pt5-13,normal
1718,sv10-38,normal
1721,smp-SM73,holofoil
1722,bw8-68,normal
1723,swsh2-18,holofoil
1724,base3-42,unlimited
1728,swsh12-215,holofoil
1729,sm8-57,normal
1730,pl4-23,normal
1731,swsh4-89,holofoil
1732,bw9-85,holofoil
1733,pop1-1,holofoil
1734,xyp-XY43,holofoil
1736,swsh10-194,holofoil
1737,xyp-XY93,holofoil
1738,gym1-53,unlimited
1739,ex6-12,holofoil
1740,gym1-5,unlimitedHolofoil
1741,swsh7-134,normal
1742,sm10-183,normal
1745,gym1-37,unlimited
1746,swsh12pt5gg-GG09,holofoil
1747,swsh5-35,normal
1748,sm5-130,normal
1749,sm10-75,normal
1750,me2-11,normal
1752,ex3-39,normal
1754,sv2-17,normal
1756,base5-21,unlimited
1758,swsh35-40,normal
1761,sv9-150,normal
1763,swsh8-199,normal
1765,sm2-68,normal
1767,xy10-27,normal
1768,swsh10-202,holofoil
1771,ex8-42,normal
1773,mcd22-15,holofoil
1774,swsh45sv-SV104,holofoil
1777,swsh9tg-TG21,holofoil
1778,dp5-21,normal
1779,ex8-77,normal
1782,dpp-DP46,holofoil
1783,base1-38,normal
1786,pl3-41,normal
1789,sv10-95,normal
1790,ecard3-76,normal
1791,sm7-98,holofoil
1792,pop3-5,holofoil
1794,sv5-156,normal
1795,hgss3-50,normal
1798,ex9-49,normal
1799,swsh35-25,normal
1801,xy11-113,holofoil
1802,neo1-47,1stEdition
1804,pl2-100,normal
1809,sv9-94,holofoil
1813,swsh9tg-TG09,holofoil
1815,sv10-212,holofoil
1816,sm5-160,holofoil
1817,xy9-102,normal
1819,mcd22-6,normal
1822,dp2-40,normal
1823,ecard1-125,normal
1824,sv5-180,holofoil
1825,bw7-72,normal
1829,base6-11,holofoil
1830,ex16-42,normal
1832,dp1-42,normal
1833,sv10-75,normal
1835,sv6-111,holofoil
1836,bw8-26,normal
1838,sv6-60,normal
1839,sv3pt5-107,normal
1841,sv1-178,normal
1842,neo4-30,1stEdition
1843,swsh6-227,holofoil
1845,swsh9tg-TG27,holofoil
1849,base2-11,unlimitedHolofoil
1850,rsv10pt5-89,holofoil
1851,sv8pt5-81,normal
1855,ecard1-113,normal
1857,hgss1-90,normal
1858,hgss3-42,normal
1859,cel25-4,holofoil
1860,hgss2-21,normal
1862,sv3-213,holofoil
1867,dp5-91,normal
1871,base5-1,unlimitedHolofoil
1874,swsh12tg-TG06,holofoil
1875,bw11-25,normal
1877,smp-SM209,holofoil
1878,swsh4-95,normal
1879,xy4-57,normal
1882,svp-76,holofoil
1885,base5-48,unlimited
1886,hgss2-36,normal
1888,bw1-27,normal
1889,xy4-107,normal
1892,sv4pt5-105,holofoil
1894,dp1-26,normal
1895,rsv10pt5-134,holofoil
1896,swsh7-178,holofoil
1898,ecard3-H15,holofoil
1899,ex11-17,holofoil
1900,zsv10pt5-56,normal
1901,sv3pt5-50,normal
1902,sv5-148,normal
1903,swsh4-161,normal
1906,dp7-83,normal
1908,sm5-15,holofoil
1909,neo1-48,unlimited
1910,sm2-126,normal
1912,ex11-107,normal
1913,pl2-93,normal
1914,hgss1-6,holofoil
1915,sv5-133,normal
1916,dp4-36,normal
1917,hgss4-20,normal
1918,rsv10pt5-41,normal
1920,sv9-70,normal
1921,sv4pt5-237,holofoil
1924,pl1-82,normal
1927,sv6pt5-95,holofoil
1928,bw6-75,normal
1931,hgss1-23,normal
1932,swsh10-143,normal
1934,neo1-86,1stEdition
1936,sv6-132,normal
1938,sv2-35,normal
1939,sv3-114,normal
1941,dp6-135,normal
1942,sv5-3,normal
1943,sv3pt5-148,normal
1944,ex8-74,normal
1946,bwp-BW53,holofoil
1947,sm75-56,normal
1948,sv6-57,normal
1949,swsh9tg-TG30,holofoil
1951,neo3-62,unlimited
1952,swsh3-14,normal
1953,xy2-35,holofoil
1954,base5-2,1stEditionHolofoil
1955,ex13-15,holofoil
1957,sv1-258,holofoil
1958,sma-SV85,holofoil
1959,xy8-47,normal
1961,bw9-111,holofoil
1962,sm115-59,normal
1963,base3-49,1stEdition
1964,sv2-100,normal
1965,swsh12pt5-5,normal
1966,base3-42,1stEdition
1968,sv10-4,normal
1972,ecard1-40,normal
1973,xy10-10,normal
1975,sm7-55,normal
1976,xy4-85,normal
1977,sv10-11,normal
1979,dv1-12,holofoil
1980,rsv10pt5-34,normal
1982,dp3-71,normal
1983,pop7-12,normal
1985,bw1-58,normal
1987,base6-104,normal
1989,sv6pt5-1,normal
1990,svp-129,holofoil
1991,hgss4-13,normal
1993,sm35-3,normal
1994,sv1-206,holofoil
1997,np-13,holofoil
1998,sv3-51,normal
1999,ecard2-76,normal
2000,swshp-SWSH105,holofoil
2002,ex11-6,holofoil
2003,swsh9-28,holofoil
2004,neo2-33,unlimited
2005,basep-9,holofoil
2008,sv7-47,normal
2011,sv5-157,holofoil
2012,base6-3,holofoil
2016,swsh45sv-SV067,holofoil
2020,swsh9-128,holofoil
2021,ex8-69,normal
2022,dp7-44,normal
2023,bw3-78,normal
2024,xy3-4,holofoil
2025,sm5-23,holofoil
2026,me1-26,normal
2027,ex11-95,normal
2028,sv8-98,normal
2031,sm9-85,holofoil
2034,ecard2-H32,holofoil
2035,swshp-SWSH087,holofoil
2036,swsh12pt5-18,holofoil
2038,gym2-62,1stEdition
2040,sv6-185,holofoil
2041,swsh9-105,holofoil
2042,ex9-80,normal
2043,sv1-136,normal
2049,sv9-126,normal
2050,base4-92,normal
2051,ex7-24,normal
2052,xy8-53,normal
2054,sv4-89,holofoil
2055,sv4-142,normal
2057,neo1-24,1stEdition
2058,xy5-30,normal
2059,base3-18,1stEdition
2064,det1-15,holofoil
2066,ex7-57,normal
2070,hgss1-19,normal
2072,swsh45-25,normal
2074,sv4pt5-230,holofoil
2075,swsh2-61,normal
2078,bw11-44,holofoil
2080,np-14,normal
2081,me2-7,normal
2082,xyp-XY106,holofoil
2083,bw11-4,normal
2084,swsh12pt5-32,normal
2087,sv4-158,holofoil
2090,bw7-140,holofoil
2091,sv5-101,normal
2094,bwp-BW87,holofoil
2095,swsh11-200,holofoil
2096,neo4-26,unlimited
2097,swsh2-112,normal
2098,sv4-113,normal
2099,swsh10-189,holofoil
2100,swsh8-98,normal
2101,sv4pt5-194,holofoil
2102,sv3-128,normal
2103,ecard3-H19,holofoil
2105,neo4-26,1stEdition
2106,sm9-51,holofoil
2107,neo4-5,unlimitedHolofoil
2109,sm4-122,holofoil
2110,smp-SM70,holofoil
2112,sm4-61,normal
2113,sv6-115,normal
2114,swsh3-149,normal
2115,sv10-200,holofoil
2119,ecard2-44,normal
2120,gym1-69,unlimited
2122,ex16-28,normal
2123,pop3-3,holofoil
2125,sm12-225,holofoil
2126,swsh9-64,holofoil
2127,sm11-22,normal
2128,sv9-77,normal
2132,sm1-46,normal
2133,swshp-SWSH162,holofoil
2135,swsh2-90,normal
2136,sm11-234,holofoil
2137,ecard1-149,normal
2139,pl4-31,normal
2140,base6-63,normal
2141,sv3-121,normal
2142,xy2-72,normal
2144,hgss1-18,normal
2146,sm5-20,normal
2147,sv3-83,normal
2149,swshp-SWSH001,holofoil
2151,sm12-271,holofoil
2156,neo2-5,unlimitedHolofoil
2157,swsh4-54,normal
2160,swsh2-163,normal
2161,sma-SV33,holofoil
2162,swsh7-93,holofoil
2164,sv6pt5-55,normal
2165,swsh45sv-SV076,holofoil
2166,sv4-60,normal
2167,sv3-206,holofoil
2168,bw8-93,holofoil
2172,bw4-44,normal
2173,dp1-44,normal
2174,sm5-75,normal
2175,base5-43,unlimited
2176,ex4-56,normal
2177,sv9-82,holofoil
2178,swsh35-60,normal
2180,sv4pt5-104,holofoil
2181,sm10-74,normal
2182,pl2-70,normal
2185,sm5-81,normal
2188,sv4pt5-85,normal
2189,sv6pt5-53,normal
2190,base6-89,normal
2192,sm2-42,holofoil
2198,swsh9-7,normal
2199,sm12-168,normal
2200,sv6-121,normal
2201,xy3-69,normal
2202,swsh9-134,normal
2203,me1-149,holofoil
2205,sv1-139,normal
2206,sm12-270,holofoil
2208,sv4-20,normal
2209,swsh6-79,normal
2210,sm10-220,holofoil
2211,zsv10pt5-60,normal
2213,sm4-123,holofoil
2214,base4-122,normal
2215,neo2-21,unlimited
2217,sm11-185,normal
2218,swsh2-187,holofoil
2219,bw8-47,normal
2222,xy12-56,normal
2224,sm7-35,normal
2225,xy4-13,normal
2226,sv1-107,normal
2227,sv8pt5-49,holofoil
2229,ex9-96,holofoil
2231,sm9-13,normal
2232,ex1-84,normal
2233,sm11-58,normal
2234,swsh7-74,holofoil
2235,base1-42,normal
2237,neo4-65,unlimited
2240,swsh3-198,holofoil
2241,sm11-57,holofoil
2242,xy11-20,holofoil
2243,sv8-11,holofoil
2244,xy7-40,normal
2245,neo1-91,1stEdition
2246,sv3pt5-163,normal
2247,bw5-62,normal
2249,sv4pt5-84,normal
2251,smp-SM75,holofoil
2252,xy2-90,normal
2253,pl4-38,normal
2259,svp-119,holofoil
2260,bw1-84,normal
2262,me1-147,holofoil
2263,me2-105,holofoil
2265,bw4-47,normal
2266,xy2-77,normal
2267,dp1-1,holofoil
2268,gym1-104,unlimited
2269,sv4pt5-207,holofoil
2273,sv7-111,holofoil
2274,swsh4-114,normal
2276,ecard2-H16,holofoil
2277,sv3pt5-57,normal
2278,ex8-45,normal
2279,ecard3-46,normal
2280,swsh10-105,normal
2281,gym2-32,1stEdition
2284,pl4-55,normal
2285,swshp-SWSH013,holofoil
2286,hsp-HGSS04,holofoil
2288,sm2-52,normal
2290,hgss4-59,normal
2291,swsh7-204,holofoil
2293,ex15-12,holofoil
2294,me2-56,holofoil
2296,sv5-95,normal
2297,bw3-95,normal
2298,neo3-22,1stEdition
2300,ex5-12,holofoil
2301,sv1-223,holofoil
2303,swsh45sv-SV010,holofoil
2304,rsv10pt5-3,normal
2305,ex11-77,normal
2306,sm2-64,normal
2307,swsh7-5,normal
2308,ex5-9,holofoil
2309,pl1-8,holofoil
2310,xy1-112,normal
2311,swsh9-42,normal
2313,base2-14,unlimitedHolofoil
2315,swsh8-15,normal
2318,svp-140,holofoil
2319,swsh35-52,normal
2320,xy8-76,normal
2322,sv5-140,normal
2325,swsh3-45,normal
2329,sv9-87,normal
2330,sm8-11,normal
2331,ex13-4,holofoil
2332,swsh10-127,normal
2333,ex7-76,normal
2334,sm2-98,normal
2335,base5-4,1stEditionHolofoil
2336,xy11-81,holofoil
2337,xy1-41,holofoil
2338,bwp-BW005,holofoil
2339,hgss2-48,normal
2342,sv7-98,normal
2344,gym2-120,unlimited
2345,sm8-160,normal
2346,hgss3-48,normal
2347,dp5-29,normal
2349,sv7-112,normal
2350,pl1-2,holofoil
2354,base4-13,holofoil
2355,me1-142,holofoil
2358,sv10-56,holofoil
2359,swsh12pt5-40,normal
2360,bw3-47,normal
2361,dp3-128,normal
2362,ex1-66,normal
2364,xy3-80,normal
2365,sm1-111,normal
2367,dp1-97,normal
2370,swsh12pt5-17,holofoil
2372,swsh4-81,normal
2374,pop4-4,normal
2375,swsh9-169,holofoil
2376,sm11-113,normal
2377,sv10-242,holofoil
2378,swsh11tg-TG26,holofoil
2379,ecard1-102,normal
2380,ecard1-70,normal
2381,xy5-103,normal
2382,neo2-57,unlimited
2384,swsh6-52,holofoil
2386,pop5-2,normal
2387,gym1-23,unlimited
2388,bw3-81,normal
2389,ex2-70,normal
2390,sm6-39,normal
2391,me2-83,normal
2393,dp1-52,normal
2394,sv6-223,holofoil
2396,base1-37,normal
2398,bw1-66,normal
2400,sv4pt5-180,holofoil
2401,swsh10-214,holofoil
2403,sv9-127,normal
2404,swsh35-28,holofoil
2405,ex2-16,normal
2406,xy6-50,normal
2407,rsv10pt5-13,holofoil
2410,sv3pt5-24,holofoil
2412,ex10-17,holofoil
2413,svp-174,holofoil
2414,sv8-171,normal
2418,zsv10pt5-70,holofoil
2419,swsh45sv-SV109,holofoil
2420,xy8-56,normal
2422,xy8-79,holofoil
2425,sv8-82,normal
2426,sv10-232,holofoil
2427,swsh9-51,normal
2428,bw7-137,holofoil
2429,neo2-30,unlimited
2430,xy11-70,normal
2431,ecard1-68,normal
2432,xyp-XY88,holofoil
2434,bw6-15,normal
2435,hgss2-80,normal
2438,sm10-109,holofoil
2440,swsh10-102,holofoil
2441,sm1-89,holofoil
2442,hgss3-73,normal
2444,zsv10pt5-87,holofoil
2445,base5-78,1stEdition
2449,neo4-84,1stEdition
2450,base2-56,unlimited
2452,dp2-113,normal
2453,sv9-132,normal
2455,sv7-13,normal
2458,sv8-154,normal
2459,sv6pt5-96,holofoil
2461,neo1-93,unlimited
2462,sv4-11,normal
2463,sv10-110,normal
2464,sm2-63,normal
2465,ecard3-H10,holofoil
2466,sv5-123,holofoil
2469,ex4-11,holofoil
2470,hgss2-64,normal
2471,swsh10-43,normal
2472,gym2-81,unlimited
2473,swsh4-108,normal
2475,sm12-23,normal
2476,dp2-92,normal
2482,dp6-84,normal
2483,hgss2-76,normal
2484,swsh12pt5-60,holofoil
2487,sm12-77,normal
2489,dp7-82,normal
2492,swsh7-37,normal
2493,ex4-51,normal
2494,zsv10pt5-21,normal
2496,sv9-23,normal
2497,base6-55,normal
2499,sv1-59,normal
2501,sv4pt5-133,holofoil
2503,xy0-19,normal
2504,svp-197,holofoil
2505,swsh10-199,holofoil
2506,swsh1-154,normal
2507,dp7-52,normal
2508,swshp-SWSH179,holofoil
2509,swsh7-115,holofoil
2510,swsh8-118,normal
2511,sm8-177,normal
2512,sm3-113,normal
2513,sv4-106,normal
2514,smp-SM238,normal
2515,sv10-96,holofoil
2516,bw11-76,normal
2517,base1-57,normal
2518,ex8-48,normal
2519,gym2-77,unlimited
2520,swsh4-60,holofoil
2521,sv3pt5-144,holofoil
2522,sm4-76,normal
2523,xy10-61,normal
2524,ex13-19,normal
2525,sv8-26,normal
2526,sv5-31,normal
2527,sm9-6,normal
2528,ex13-57,normal
2529,ex1-102,holofoil
2530,ex9-54,normal
2531,gym2-50,unlimited
2532,bw3-44,normal
2533,swsh7-218,holofoil
2535,bw4-5,holofoil
2538,bw5-106,holofoil
2539,neo3-38,1stEdition
2540,bw2-35,holofoil
2541,swshp-SWSH236,holofoil
2542,dp5-93,normal
2544,sm7-66,holofoil
2545,swsh35-53,normal
2546,dp3-99,normal
2548,ex5-62,normal
2550,sm10-101,normal
2555,rsv10pt5-82,normal
2556,swsh12pt5-42,normal
2557,sv4pt5-240,holofoil
2558,sm115-69,holofoil
2561,gym1-127,1stEdition
2562,sm8-236,holofoil
2563,xy7-97,holofoil
2565,dp2-30,normal
2567,bw5-3,holofoil
2568,neo1-87,1stEdition
2569,sv4-107,normal
2572,ex3-54,normal
2574,sv6pt5-94,holofoil
2576,bw3-15,holofoil
2577,swsh3-195,holofoil
2578,sm12-70,normal
2579,dp4-76,normal
2580,sv3pt5-184,holofoil
2581,swsh10-132,normal
2582,neo1-19,1stEditionHolofoil
2586,xy7-70,normal
2587,hgss2-11,holofoil
2590,sv6-3,normal
2592,sm8-225,holofoil
2593,ecard3-61,normal
2594,smp-SM163,holofoil
2596,sm11-251,holofoil
2597,sv4-261,holofoil
2599,sv8pt5-3,normal
2603,swsh7-133,normal
2608,sv8-38,holofoil
2610,ex10-59,normal
2612,ecard2-90,normal
2613,xy4-64,normal
2614,pl4-42,normal
2615,swshp-SWSH135,holofoil
2616,base5-59,1stEdition
2617,swsh9-16,holofoil
2621,ex6-73,normal
2624,ex2-43,normal
2625,sm12-259,holofoil
2626,sv8pt5-75,holofoil
2627,sv1-188,normal
2628,sma-SV13,holofoil
2629,dp2-106,normal
2631,xy12-17,normal
2632,xyp-XY94,holofoil
2633,base5-37,unlimited
2634,g1-67,normal
2635,ex10-75,normal
2638,bw4-82,holofoil
2639,pl3-63,normal
2641,pl2-25,normal
2642,me1-63,normal
2643,ex10-100,normal
2645,sm75-65,holofoil
2647,g1-42,holofoil
2648,swsh10-104,normal
2649,sm35-19,normal
2650,sv5-1,normal
2655,sv7-23,normal
2658,sm12-224,holofoil
2660,sm75-62,normal
2664,neo1-71,1stEdition
2668,det1-16,holofoil
2669,rsv10pt5-131,holofoil
2670,sv4-43,normal
2673,gym1-92,1stEdition
2674,smp-SM130,holofoil
2675,base2-36,1stEdition
2676,sv9-161,holofoil
2678,bw2-41,normal
2680,swsh12pt5-23,holofoil
2682,bw7-80,normal
2683,base2-28,1stEdition
2685,zsv10pt5-122,holofoil
2686,sv6pt5-20,holofoil
2687,smp-SM119,holofoil
2690,sv4pt5-242,holofoil
2691,smp-SM50,holofoil
2692,xy2-103,holofoil
2693,ex7-3,normal
2695,dp1-101,normal
2696,swsh4-64,normal
2698,xyp-XY127,holofoil
2701,pl1-51,normal
2704,swsh12-9,normal
2705,smp-SM161,holofoil
2707,sm3-34,normal
2710,pgo-29,holofoil
2711,sm2-161,holofoil
2712,swsh45sv-SV047,holofoil
2713,sm5-91,normal
2714,pl1-1,holofoil
2715,g1-RC22,holofoil
2717,swsh12pt5-83,holofoil
2718,me1-101,normal
2719,svp-160,holofoil
2720,sm2-116,normal
2723,ex5-102,holofoil
2724,sv4pt5-67,holofoil
2726,sv1-122,holofoil
2727,sv9-90,normal
2731,swsh12-139,holofoil
2735,swsh1-50,holofoil
2736,swsh9tg-TG10,holofoil
2737,swsh8-224,normal
2738,smp-SM20,holofoil
2739,sv8-84,normal
2740,neo3-3,1stEditionHolofoil
2742,hgss4-19,normal
2746,bw9-10,normal
2747,sv2-8,normal
2751,bw6-115,normal
2752,sv6pt5-93,holofoil
2754,sv1-13,normal
2755,swsh10-193,holofoil
2756,swsh8-18,normal
2757,dp3-82,normal
2758,sm12-39,normal
2759,xy6-2,normal
2760,xy12-108,holofoil
2761,zsv10pt5-97,holofoil
2762,sv9-89,normal
2763,dp3-120,normal
2765,neo2-66,unlimited
2766,ex9-31,normal
2767,sv1-25,normal
2768,sm8-77,normal
2771,rsv10pt5-154,holofoil
2775,sv4pt5-138,holofoil
2778,sv5-100,normal
2779,neo4-46,unlimited
2780,swsh5-31,normal
2781,sm11-51,holofoil
2782,xy5-119,normal
2783,pop1-3,holofoil
2788,hgss1-5,holofoil
2789,sv4-131,normal
2790,sv4pt5-143,holofoil
2791,gym1-120,unlimited
2793,sv6-24,holofoil
2794,sv3pt5-8,normal
2796,gym2-62,unlimited
2797,neo3-50,1stEdition
2799,swsh12pt5-130,normal
2800,swsh8-101,normal
2801,sm6-60,normal
2803,ex8-24,normal
2808,sv5-125,normal
2809,dp4-63,normal
2811,sm11-222,holofoil
2812,mcd21-9,normal
2814,sm75-9,normal
2816,sm12-1,holofoil
2817,swsh8-104,holofoil
2818,sm3-58,normal
2819,xy4-44,normal
2820,sv10-238,holofoil
2822,swsh12-133,normal
2824,sm8-97,holofoil
2825,bw9-24,normal
2826,sv1-246,holofoil
2827,me1-86,holofoil
2828,gym1-127,unlimited
2829,swsh8-23,holofoil
2830,sv7-156,holofoil
2831,sv9-80,normal
2832,ex13-74,normal
2833,xyp-XY06,holofoil
2837,dp4-103,holofoil
2838,pl2-74,normal
2839,swsh7-180,holofoil
2840,base1-65,normal
2841,bw9-54,normal
2845,swsh45-71,holofoil
2846,base2-46,1stEdition
2847,rsv10pt5-142,holofoil
2848,sv3-227,holofoil
2849,sm10-41,normal
2850,neo4-55,1stEdition
2852,xy10-92,normal
2853,neo2-16,1stEditionHolofoil
2854,xy8-129,normal
2855,ex15-81,normal
2856,sv2-120,normal
2858,base2-17,1stEdition
2859,swsh10-110,holofoil
2860,dp2-39,normal
2861,ecard2-92,normal
2863,sm75-15,normal
2865,swsh8-105,normal
2866,dpp-DP56,holofoil
2867,swsh10-34,normal
2869,base2-15,1stEditionHolofoil
2870,gym1-69,1stEdition
2871,swsh12-19,normal
2872,ex1-9,holofoil
2873,sv3-46,normal
2874,sv1-193,normal
2875,swsh12pt5-77,normal
2876,ex6-10,holofoil
2877,swsh12pt5-47,normal
2878,swsh12pt5-118,normal
2879,sv7-88,normal
2880,gym2-63,unlimited
2881,sma-SV76,holofoil
2882,swshp-SWSH201,holofoil
2883,sm75-55,normal
2885,sv10-204,holofoil
2886,ex3-81,normal
2890,bw8-106,normal
2891,xy12-43,normal
2899,gym1-26,unlimited
2900,smp-SM214,holofoil
2901,swsh35-24,normal
2910,swsh4-186,holofoil
2911,sm11-239,holofoil
2912,dp3-107,normal
2913,bw10-32,normal
2914,zsv10pt5-170,holofoil
2918,me2-119,holofoil
2920,rsv10pt5-35,normal
2921,swsh12pt5gg-GG40,holofoil
2923,dp3-13,holofoil
2924,sv2-47,normal
2925,sm5-74,holofoil
2928,sm12-122,normal
2929,ex7-110,holofoil
2930,hgss3-5,holofoil
2934,sm3-91,normal
2935,sm7-109,holofoil
2936,gym1-38,1stEdition
2937,swsh6-180,holofoil
2939,g1-38,normal
2942,sv5-135,normal
2944,ecard3-37,normal
2946,ex5-91,normal
2947,ex15-70,normal
2949,swsh7-113,normal
2951,sm1-81,normal
2953,swsh8-110,normal
2955,swsh12-61,normal
2956,zsv10pt5-89,holofoil
2957,swsh9-182,holofoil
2959,neo1-16,1stEditionHolofoil
2961,sv8-239,holofoil
2965,sv1-256,holofoil
2966,base4-49,normal
2968,neo3-37,1stEdition
2970,base5-43,1stEdition
2971,g1-50,normal
2972,bw9-5,normal
2975,ex15-56,normal
2978,ex10-10,holofoil
2979,swsh11-213,holofoil
2980,sm1-18,normal
2981,swsh12pt5-84,normal
2982,sv6-101,normal
2988,swsh6-32,normal
2989,ex14-70,normal
2990,neo3-52,unlimited
2992,dp6-80,normal
2993,sv1-94,normal
2994,base2-44,1stEdition
2995,sm10-102,normal
2996,sv4pt5-56,normal
2997,base4-114,normal
2999,sv5-155,normal
3000,ex8-53,normal
3001,xy4-67,holofoil
3003,swshp-SWSH181,holofoil
3004,xyp-XY89,holofoil
3005,ex7-84,normal
3006,sm1-78,normal
3007,sm3-90,normal
3008,sv3pt5-132,holofoil
3013,sv3pt5-140,normal
3015,sv6-74,normal
3017,gym2-12,1stEditionHolofoil
3019,sv10-34,holofoil
3021,swshp-SWSH036,holofoil
3022,sv4-67,normal
3024,dp2-42,normal
3025,sm11-254,holofoil
3030,base5-50,unlimited
3031,sv4-128,normal
3032,sv3pt5-177,holofoil
3033,sm3-150,holofoil
3034,swsh12pt5-45,holofoil
3035,base5-38,1stEdition
3036,ex8-12,holofoil
3037,sv1-172,normal
3038,swsh10-83,holofoil
3039,gym1-83,1stEdition
3040,swsh10-32,normal
3042,swsh9-151,normal
3044,sv3-209,holofoil
3048,sm12-101,normal
3050,bw1-25,normal
3051,sv10-151,normal
3053,sm7-83,normal
3055,swsh10-14,normal
3056,sv3-158,normal
3057,ecard3-62,normal
3059,sm6-102,normal
3062,bw10-28,normal
3063,neo2-47,1stEdition
3065,swsh3-155,normal
3066,base4-19,holofoil
3067,sv4pt5-243,holofoil
3068,neo3-30,unlimited
3070,xy1-24,normal
3071,ex15-28,normal
3073,gym2-104,unlimited
3074,sm8-130,holofoil
3076,bw1-36,normal
3078,sv8-173,normal
3079,xy12-88,normal
3080,me1-177,holofoil
3081,sm9-67,holofoil
3082,sv4-124,holofoil
3083,gym2-121,unlimited
3086,pgo-2,normal
3088,swsh9-4,normal
3089,swsh2-59,normal
3090,sv8pt5-98,normal
3092,swsh4-4,normal
3093,swsh8-227,normal
3094,xy10-55,holofoil
3095,sm12-17,normal
3096,smp-SM166,holofoil
3097,dpp-DP10,holofoil
3100,swsh9-123,holofoil
3101,sm11-245,holofoil
3102,sv6-180,holofoil
3103,bw11-66,holofoil
3104,ex10-25,normal
3107,neo2-72,unlimited
3108,sv5-9,normal
3109,ecard3-69,normal
3111,rsv10pt5-51,holofoil
3112,xy6-96,normal
3113,swshp-SWSH004,holofoil
3117,sm1-77,normal
3120,sv3-73,holofoil
3121,ex9-79,normal
3122,swsh5-71,normal
3124,xy5-69,normal
3127,sv8-59,normal
3128,sv1-173,normal
3133,xy5-146,holofoil
3134,swsh1-11,normal
3138,pl1-80,normal
3139,dp4-34,normal
3140,bw4-43,normal
3141,sm3-80,holofoil
3142,hgss2-59,normal
3143,base5-5,unlimitedHolofoil
3148,sm1-71,holofoil
3149,bw2-44,normal
3150,neo3-13,1stEditionHolofoil
3152,swsh8-185,holofoil
3153,xy8-9,normal
3154,xyp-XY129,holofoil
3157,swsh10-79,normal
3158,neo3-33,1stEdition
3159,base6-16,holofoil
3162,swsh12pt5-86,normal
3163,bwp-BW65,normal
3169,swshp-SWSH049,holofoil
3171,dp6-40,normal
3173,sm2-56,normal
3175,smp-SM210,holofoil
3176,dp1-56,normal
3177,pop7-16,normal
3178,base5-47,unlimited
3179,svp-188,holofoil
3180,ex13-94,normal
3181,bw1-96,normal
3182,base3-8,unlimitedHolofoil
3184,pl2-90,normal
3187,bw10-47,normal
3188,ecard2-14,normal
3189,mcd21-13,normal
3192,sm7-129,normal
3193,ex8-11,holofoil
3194,sv9-17,normal
3197,bw2-9,normal
3199,base3-17,1stEdition
3200,bw3-92,normal
3202,sv7-73,normal
3203,ex16-5,holofoil
3204,sv4-75,normal
3205,ex12-31,normal
3206,swsh7-141,normal
3207,swsh5-124,normal
3208,bw8-114,normal
3209,pop1-17,holofoil
3211,bw4-70,normal
3218,bw7-124,normal
3219,bw2-34,normal
3221,pgo-11,holofoil
3223,sm2-13,holofoil
3224,ex8-5,holofoil
3225,sv4pt5-82,normal
3226,ecard3-52,normal
3229,sv8pt5-157,holofoil
3230,neo3-47,1stEdition
3231,g1-RC8,holofoil
3232,hgss1-119,normal
3234,sm1-49,normal
3235,bwp-BW82,holofoil
3236,neo2-52,1stEdition
3240,swsh1-157,normal
3242,xy5-94,holofoil
3243,xy12-66,normal
3244,neo4-50,unlimited
3245,ecard2-40,normal
3246,sv7-172,holofoil
3247,swsh9tg-TG15,holofoil
3248,neo2-69,1stEdition
3249,gym2-12,unlimitedHolofoil
3250,xy7-13,normal
3251,xy2-79,holofoil
3252,pop8-5,holofoil
3256,ex16-16,normal
3257,svp-169,holofoil
3258,swsh12tg-TG17,holofoil
3259,neo4-55,unlimited
3260,sv9-19,normal
3261,ex6-89,normal
3263,swsh8-175,normal
3264,ecard3-67,normal
3265,gym1-15,1stEditionHolofoil
3266,neo3-2,1stEditionHolofoil
3267,me2-93,normal
3268,sv5-38,holofoil
3269,bw9-28,normal
3270,ex14-23,normal
3271,dp4-35,normal
3273,sm6-90,holofoil
3275,swsh8-94,normal
3276,bwp-BW37,holofoil
3277,sm8-70,normal
3278,ecard2-65,normal
3280,sv8pt5-21,normal
3281,swsh11-189,holofoil
3282,swsh5-96,holofoil
3283,g1-RC1,normal
3285,xy1-128,normal
3288,ecard1-60,normal
3289,sv6pt5-73,holofoil
3291,sv4-48,normal
3292,smp-SM77,holofoil
3293,pop2-6,holofoil
3294,swsh10tg-TG14,holofoil
3295,sm3-126,normal
3296,dp3-118,normal
3297,sv3-190,normal
3300,sv8pt5-16,normal
3301,swsh4-129,holofoil
3302,sm75-67,holofoil
3303,basep-20,normal
3304,bw6-116,normal
3305,neo1-108,unlimited
3306,pl3-91,normal
3307,sm35-71,holofoil
3309,xy7-68,holofoil
3310,base3-50,unlimited
3311,bw7-39,normal
3313,swsh12pt5-49,normal
3314,dp4-48,normal
3315,bw7-102,normal
3316,base2-27,1stEdition
3317,sv8pt5-122,normal
3318,sm12-118,normal
3319,dp7-69,normal
3320,ex10-47,normal
3321,swsh2-77,normal
3322,sm11-7,normal
3323,me2-129,holofoil
3324,sm35-32,holofoil
3325,sv4-174,normal
3326,swsh1-78,normal
3329,sm12-256,holofoil
3333,dp3-47,normal
3334,ecard3-H21,holofoil
3336,sv6pt5-17,normal
3337,neo1-46,unlimited
3338,me1-103,normal
3340,pl2-9,holofoil
3341,sm9-126,normal
3343,neo2-9,1stEditionHolofoil
3344,smp-SM68,holofoil
3345,xy9-9,normal
3346,swsh2-34,normal
3348,base3-28,1stEdition
3350,sv6pt5-80,holofoil
3351,gym2-31,1stEdition
3352,svp-14,holofoil
3353,swsh6-222,holofoil
3354,pl3-92,normal
3355,swsh35-48,normal
3356,ex4-85,normal
3357,swsh11-186,holofoil
3358,bw4-69,normal
3359,dp5-74,normal
3360,bw11-RC23,holofoil
3362,sv1-187,normal
3363,bw11-45,holofoil
3364,sv3-133,normal
3365,smp-SM37,holofoil
3366,sv5-164,holofoil
3368,sv10-37,normal
3369,sm12-192,normal
3370,xy6-37,normal
3376,sv10-83,normal
3377,sm11-17,normal
3379,sm10-38,normal
3380,dp2-94,normal
3381,ex3-5,holofoil
3384,sv4-129,normal
3385,xy1-14,holofoil
3387,ecard3-129,normal
3388,ecard1-106,normal
3389,gym2-38,1stEdition
3390,gym2-17,1stEditionHolofoil
3391,basep-46,normal
3394,bw1-23,normal
3397,swsh45sv-SV017,holofoil
3398,pop8-15,normal
3399,swsh7-138,normal
3403,xy4-37,normal
3405,xyp-XY84,holofoil
3406,base5-19,unlimited
3407,sm9-16,normal
3409,sm2-44,normal
3412,base4-68,normal
3413,swsh35-41,normal
3416,dpp-DP27,holofoil
3417,sm9-60,normal
3420,swsh8-263,holofoil
3422,cel25-2,holofoil
3423,ex6-116,holofoil
3424,dp6-123,normal
3425,swsh2-86,normal
3427,bw8-86,normal
3430,pl3-128,normal
3432,sm2-49,normal
3433,bw7-77,holofoil
3436,sm12-4,holofoil
3437,xy4-102,normal
3438,sm6-61,normal
3439,xy1-121,normal
3440,swsh6-1,normal
3441,gym1-126,1stEdition
3443,swsh12-177,holofoil
3444,sv4-119,normal
3445,g1-66,normal
3446,sm9-11,normal
3447,sm10-148,normal
3448,xy2-18,normal
3449,sv6-134,holofoil
3450,sm4-41,normal
3451,ex10-1,holofoil
3452,swsh8-148,holofoil
3453,dp4-90,normal
3454,sm115-42,holofoil
3457,base4-15,holofoil
3458,me1-115,normal
3460,swsh12-20,normal
3462,sm12-120,normal
3464,ex1-34,normal
3465,me1-100,holofoil
3466,base1-89,normal
3467,base3-13,1stEditionHolofoil
3469,sv5-213,holofoil
3471,sv8-230,holofoil
3472,xy8-11,holofoil
3473,bw10-66,holofoil
3477,sv8-9,normal
3478,swsh12pt5-68,normal
3479,dp3-124,normal
3480,base2-34,unlimited
3481,ex9-5,normal
3482,sm6-64,normal
3483,sm10-56,normal
3484,neo2-44,unlimited
3486,swsh9-152,holofoil
3488,hgss4-67,normal
3490,sv4pt5-8,normal
3492,xy5-78,normal
3493,sv6-143,normal
3494,swsh10-86,holofoil
3496,xy8-18,normal
3499,me2-55,normal
3500,sv8-143,normal
3501,sv7-103,normal
3502,smp-SM157,holofoil
3505,sm11-32,normal
3506,swsh6-99,holofoil
3507,sm3-108,normal
3508,xy8-19,normal
3509,ex4-83,normal
3510,sv6-90,normal
3511,dp2-47,normal
3512,sv8pt5-29,holofoil
3513,xy10-39,normal
3514,sv5-215,holofoil
3515,sv8-8,normal
3517,sm10-190,normal
3521,rsv10pt5-90,holofoil
3522,swsh1-117,normal
3525,neo3-4,unlimitedHolofoil
3528,swsh8-117,normal
3529,sv8-122,normal
3532,sm11-97,normal
3534,xy6-25,normal
3535,pop1-14,normal
3536,sm1-22,holofoil
3537,sv8pt5-146,holofoil
3539,sv10-241,holofoil
3541,swsh5-166,holofoil
3542,pop9-15,normal
3543,swsh12-32,normal
3546,bw2-72,normal
3547,ex10-34,normal
3548,ex13-63,normal
3549,svp-133,holofoil
3553,sv8pt5-168,holofoil
3554,swsh10-141,normal
3555,sm6-93,normal
3556,swsh7-215,holofoil
3557,dp1-116,normal
3564,sv6-2,normal
3565,sv10-14,normal
3568,sv8pt5-70,holofoil
3570,ecard3-75,normal
3572,ex1-80,normal
3573,bw4-33,holofoil
3574,swsh8-253,holofoil
3575,ecard2-66,normal
3576,base1-80,normal
3577,sma-SV36,holofoil
3579,pl4-22,normal
3581,neo3-34,1stEdition
3582,pop4-6,holofoil
3584,zsv10pt5-57,normal
3587,neo1-76,unlimited
3588,swsh2-83,normal
3589,sm4-5,normal
3590,swsh5-158,holofoil
3591,bw3-98,holofoil
3592,xy4-61,normal
3593,bw11-79,normal
3594,sv10-123,normal
3595,swsh7-42,normal
3597,bw2-5,normal
3598,bw10-90,normal
3599,sv5-73,normal
3601,neo4-100,1stEdition
3603,ru1-16,normal
3604,sm6-91,normal
3607,sv3pt5-38,holofoil
3608,zsv10pt5-129,holofoil
3609,swsh10-40,holofoil
3611,sv3pt5-74,normal
3612,hgss1-118,normal
3613,hgss2-82,normal
3614,ex12-12,holofoil
3615,ecard1-31,holofoil
3616,neo3-6,unlimitedHolofoil
3619,ex11-83,normal
3620,swsh3-71,normal
3621,fut20-3,normal
3622,sv1-21,normal
3623,sv10-186,holofoil
3627,swsh6-206,holofoil
3629,swsh6-178,holofoil
3631,sm75-21,normal
3633,sm12-123,normal
3634,ex5-30,normal
3636,base1-95,normal
3637,swsh9-183,holofoil
3640,swsh10-27,holofoil
3643,sm115-66,holofoil
3644,swsh9-90,normal
3645,xy11-59,normal
3646,bw10-12,normal
3647,zsv10pt5-172,holofoil
3649,sv4-68,holofoil
3650,swsh12-204,holofoil
3653,swshp-SWSH143,holofoil
3654,sv1-220,holofoil
3656,svp-70,holofoil
3661,sma-SV52,holofoil
3662,dpp-DP39,holofoil
3664,sm2-27,normal
3666,ex4-65,normal
3668,bw11-70,normal
3669,xy10-59,normal
3670,swsh2-201,holofoil
3671,neo4-27,unlimited
3673,xy9-78,normal
3676,zsv10pt5-124,holofoil
3678,sv4-265,holofoil
3681,base5-40,1stEdition
3682,sv2-73,normal
3683,swsh6-111,normal
3684,swsh8-195,normal
3686,sv6pt5-31,normal
3689,sv10-168,normal
3690,sv6pt5-38,holofoil
3691,hgss3-74,normal
3692,sm2-157,holofoil
3693,dp3-49,normal
3695,swsh8-236,normal
3698,swsh10-176,holofoil
3700,swsh12pt5-124,holofoil
3701,sm1-60,normal
3704,rsv10pt5-40,holofoil
3705,sv8pt5-72,normal
3706,sv4-90,normal
3707,np-39,holofoil
3708,ex5-10,holofoil
3710,swsh45-19,holofoil
3711,neo1-58,1stEdition
3713,swsh10-88,normal
3714,ecard3-120,normal
3715,xy7-39,normal
3716,swsh2-109,normal
3717,bw5-89,holofoil
3720,swsh2-107,holofoil
3721,dp6-57,normal
3722,dp1-41,normal
3723,swsh12pt5-122,normal
3724,swsh9tg-TG05,holofoil
3726,sv2-98,holofoil
3727,ex13-9,holofoil
3732,neo3-25,unlimited
3736,hgss1-91,normal
3737,bw8-110,normal
3739,ex13-61,normal
3740,swsh5-130,normal
3741,sm5-83,holofoil
3744,sv10-226,holofoil
3745,sm7-5,normal
3746,ecard3-51,normal
3748,xy6-92,normal
3753,base5-24,1stEdition
3757,bw3-8,normal
3758,me2-96,holofoil
3759,sm12-55,normal
3761,xy1-80,holofoil
3763,ex11-79,normal
3764,swsh11tg-TG29,holofoil
3765,xy3-97,normal
3766,ex6-81,normal
3767,xy1-135,normal
3768,pop5-9,normal
3770,me1-14,normal
3772,sm3-115,normal
3774,gym2-4,1stEditionHolofoil
3775,sv1-133,normal
3776,xy12-54,normal
3777,smp-SM218,holofoil
3778,pl2-32,normal
3780,sm10-32,normal
3781,swsh3-10,normal
3782,swsh6-3,holofoil
3783,hgss3-83,holofoil
3784,dp7-87,normal
3785,sv4-137,holofoil
3787,sm5-127,normal
3792,col1-81,normal
3794,gym1-9,unlimitedHolofoil
3795,sm115-45,normal
3796,ex10-28,normal
3797,sm2-57,holofoil
3798,sm11-31,normal
3799,sv3pt5-118,normal
3800,rsv10pt5-127,holofoil
3801,dp7-103,holofoil
3804,sm5-25,normal
3806,zsv10pt5-127,holofoil
3808,dp6-138,normal
3809,bw11-93,holofoil
3810,sm115-24,holofoil
3811,swsh12pt5-126,normal
3813,sm6-107,normal
3814,neo2-17,unlimitedHolofoil
3816,dp2-59,normal
3821,sm9-174,holofoil
3822,sv10-136,holofoil
3824,swsh12tg-TG16,holofoil
3825,bw6-113,normal
3827,hgss1-60,normal
3829,sm3-94,holofoil
3830,ex11-108,holofoil
3832,neo3-27,1stEdition
3833,xy2-21,normal
3834,sm3-11,normal
3836,swshp-SWSH184,holofoil
3839,sv2-59,normal
3840,ex6-55,normal
3843,ex13-68,normal
3844,ex14-97,holofoil
3845,sv5-79,normal
3846,bw11-114,holofoil
3847,swshp-SWSH008,holofoil
3848,sv4pt5-49,normal
3849,swsh3-125,normal
3850,base3-13,unlimitedHolofoil
3851,xy12-9,normal
3852,sv8-79,normal
3853,sv5-69,normal
3854,sv1-111,normal
3855,sv9-21,holofoil
3857,xyp-XY90,holofoil
3859,swsh4-19,normal
3860,bw2-50,normal
3861,bw5-42,normal
3862,sm9-164,holofoil
3863,me2-29,holofoil
3867,zsv10pt5-86,normal
3868,sv8-42,holofoil
3869,swsh12pt5-96,holofoil
3873,ex4-22,normal
3876,swsh35-54,normal
3878,ex3-59,normal
3880,sm115-5,normal
3881,swsh4-87,normal
3882,zsv10pt5-161,holofoil
3884,ex4-62,normal
3885,swsh35-15,holofoil
3887,swsh8-174,normal
3888,xy3-68,normal
3891,swsh45sv-SV048,holofoil
3893,ex8-44,normal
3894,xy10-14,holofoil
3895,neo2-42,unlimited
3896,sv4pt5-33,normal
3898,dp1-115,normal
3900,ex3-3,holofoil
3902,dp5-95,normal
3904,sm9-41,normal
3906,sm75-10,normal
3908,ex6-35,normal
3911,sm8-50,normal
3918,sv6pt5-40,normal
3920,xy8-59,normal
3922,bw5-84,normal
3923,xy12-22,holofoil
3925,ex3-48,normal
3927,sv6-82,holofoil
3928,neo3-10,unlimitedHolofoil
3929,bw6-3,normal
3931,sm10-179,normal
3932,xy5-48,normal
3933,bw10-44,normal
3934,ex16-89,normal
3935,swsh3-174,normal
3938,xy8-22,holofoil
3939,swsh9-89,normal
3942,sv5-168,holofoil
3943,sv8-108,normal
3945,bw1-71,holofoil
3948,bw3-49,normal
3952,cel25c-2_A,holofoil
3955,sm9-136,normal
3958,zsv10pt5-121,holofoil
3960,sv6-94,holofoil
3963,sv2-81,normal
3964,xy8-71,normal
3965,ex13-13,holofoil
3966,xy1-101,normal
3967,swsh3-43,normal
3968,sv5-191,holofoil
3969,swsh11-205,holofoil
3970,swshp-SWSH107,holofoil
3973,sm12-80,normal
3974,ex13-24,normal
3976,bw9-19,normal
3977,dp4-53,normal
3979,sm2-93,holofoil
3980,neo2-20,unlimited
3986,base4-3,holofoil
3989,ex16-36,normal
3993,ex7-75,normal
3995,sv4pt5-205,holofoil
3996,xy10-87,normal
3997,sv3-226,holofoil
3999,sv5-146,normal
4000,base2-54,1stEdition
4003,swshp-SWSH214,holofoil
4004,hgss3-22,normal
4006,swsh45sv-SV089,holofoil
4007,xyp-XY45,holofoil
4010,sv10-48,normal
4011,swsh8-24,normal
4012,sv6-154,normal
4013,sv5-214,holofoil
4016,ex13-62,normal
4017,sv5-199,holofoil
4018,xy5-50,holofoil
4019,sv7-40,normal
4020,neo4-99,unlimited
4021,neo3-13,unlimitedHolofoil
4022,swsh9-179,holofoil
4023,hgss2-12,normal
4024,sv6pt5-89,holofoil
4025,base5-61,unlimited
4027,sm11-246,holofoil
4028,me1-185,holofoil
4029,dp3-20,holofoil
4030,neo2-74,unlimited
4031,bw3-46,normal
4034,dp4-19,normal
4036,bw6-95,normal
4037,base2-32,unlimited
4038,ex6-7,holofoil
4039,me1-54,normal
4040,sm8-205,holofoil
4041,sv8pt5-175,holofoil
4042,dp4-105,holofoil
4043,ex4-53,normal
4044,swsh6-139,normal
4046,swsh8-249,holofoil
4047,dp6-136,normal
4048,ex13-109,holofoil
4049,sv8pt5-68,normal
4050,swsh7-131,holofoil
4052,swsh9tg-TG17,holofoil
4053,xy6-51,normal
4054,cel25c-4_A,holofoil
4055,xy12-96,normal
4059,swsh12-185,holofoil
4060,bw2-83,normal
4061,ex16-61,normal
4063,ex6-78,normal
4064,dp6-3,holofoil
4067,swsh6-188,holofoil
4068,swsh4-196,holofoil
4070,sv4pt5-31,normal
4072,sv4pt5-103,holofoil
4073,sm3-51,normal
4074,me1-183,holofoil
4075,sm5-39,holofoil
4079,sv8-22,normal
4080,sm4-86,normal
4083,sm4-10,normal
4084,bw5-91,normal
4085,sv5-186,holofoil
4087,bwp-BW100,holofoil
4089,ex10-93,normal
4091,swsh35-17,holofoil
4092,ecard2-H26,holofoil
4093,swsh7-195,holofoil
4094,sv5-141,holofoil
4095,swshp-SWSH202,holofoil
4096,swsh8-32,normal
4100,xy3-72,normal
4101,sv6pt5-72,holofoil
4102,xy5-122,normal
4104,base3-58,unlimited
4105,sv9-134,normal
4107,neo3-36,unlimited
4109,hgss1-32,normal
4111,swsh8-127,normal
4112,sm8-53,normal
4114,sv3-172,normal
4115,sv9-30,holofoil
4116,base1-100,normal
4117,ex7-91,normal
4118,dpp-DP47,holofoil
4119,bw10-91,normal
4121,sv5-35,normal
4123,sm12-67,normal
4124,sv10-188,holofoil
4125,sv1-232,holofoil
4126,xy5-97,holofoil
4127,ex1-73,normal
4128,ecard1-66,normal
4129,sv8pt5-6,holofoil
4132,sv4-145,normal
4133,dp4-60,normal
4134,xy5-67,normal
4136,me1-23,normal
4137,sm11-193,normal
4138,base4-23,normal
4140,sv6pt5-90,holofoil
4141,bw6-72,normal
4142,sv9-63,holofoil
4143,sv1-225,holofoil
4144,sv1-16,normal
4145,bw11-RC20,holofoil
4146,bw9-42,normal
4147,xy2-31,normal
4150,bw3-45,normal
4151,sv2-99,holofoil
4152,xy10-88,normal
4153,sm1-39,normal
4155,gym1-101,unlimited
4156,sv4-242,holofoil
4158,bw6-10,normal
4160,sm6-63,normal
4162,hgss1-17,normal
4163,base5-35,unlimited
4164,dp7-48,normal
4165,swsh1-132,normal
4166,pop6-16,normal
4168,sv4-200,holofoil
4172,ex13-49,normal
4173,pl1-117,normal
4176,xy8-2,normal
4179,sv4pt5-234,holofoil
4181,swsh5-55,normal
4182,ex4-78,normal
4186,base4-62,normal
4188,sm12-191,normal
4189,xy8-63,holofoil
4190,ex4-57,normal
4192,sm8-229,holofoil
4193,pop1-7,normal
4194,swsh2-110,holofoil
4195,bw9-83,holofoil
4196,dp3-79,normal
4197,hgss4-28,normal
4200,smp-SM78,normal
4201,col1-51,normal
4202,me1-11,normal
4203,sm7-182,holofoil
4204,bw8-107,normal
4206,dp3-121,normal
4207,pl2-54,normal
4208,ex3-6,holofoil
4210,ecard2-69,normal
4213,sm4-15,normal
4215,bw7-6,holofoil
4216,sv3-217,holofoil
4218,smp-SM227,holofoil
4219,bw10-105,holofoil
4221,sv1-113,normal
4222,sv1-37,normal
4223,swsh45sv-SV034,holofoil
4224,smp-SM92,holofoil
4226,sv8-90,normal
4229,sm8-1,normal
4230,ex15-69,normal
4236,hgss2-13,normal
4238,sv1-219,holofoil
4240,sm75-36,normal
4242,sv4-203,holofoil
4243,sm6-34,normal
4244,neo2-62,1stEdition
4246,sv3-216,holofoil
4249,ex9-38,normal
4251,ru1-11,normal
4252,swsh35-73,holofoil
4253,dp2-105,normal
4254,swsh5-109,holofoil
4255,ecard1-69,normal
4257,swsh11-192,holofoil
4260,sv1-208,holofoil
4261,swsh8-34,normal
4263,sv6-36,normal
4265,ecard2-41,normal
4267,ex14-36,normal
4268,bw2-56,holofoil
4269,sv8-104,normal
4270,mcd12-1,holofoil
4271,sv5-30,normal
4272,sv3pt5-162,normal
4273,sv1-34,normal
4274,ex7-58,normal
4278,gym1-61,unlimited
4281,swsh12-13,normal
4283,sv6-102,normal
4284,sv3-188,holofoil
4286,swsh5-85,holofoil
4288,g1-RC32,holofoil
4289,neo4-64,1stEdition
4290,neo1-17,unlimitedHolofoil
4293,dp4-102,normal
4295,base4-111,normal
4296,hgss3-40,normal
4297,sm2-41,normal
4299,bw11-88,holofoil
4300,sv1-18,normal
4301,bp-7,normal
4302,swsh3-199,holofoil
4303,swsh5-133,normal
4304,sm11-229,holofoil
4305,pl2-51,normal
4311,sm12-257,holofoil
4313,ex10-98,normal
4314,ex15-57,normal
4316,neo2-68,unlimited
4317,sv4-29,holofoil
4318,ex14-52,normal
4323,xy6-6,normal
4324,swsh6-126,normal
4325,bw4-59,normal
4327,pl2-40,normal
4328,sm12-268,holofoil
4329,base2-50,1stEdition
4330,bw1-53,normal
4332,ex11-73,normal
4333,me2-109,holofoil
4334,sm7-49,normal
4336,dp1-17,holofoil
4337,sm75-38,normal
4338,sv8pt5-96,normal
4340,swsh12pt5-39,normal
4344,sv4pt5-96,holofoil
4346,sv10-54,normal
4347,xy1-29,holofoil
4349,pop9-2,normal
4350,sv10-89,normal
4351,swsh6-57,holofoil
4353,bw8-37,normal
4354,xy5-4,normal
4357,xy12-4,normal
4358,pl2-36,normal
4359,sv4-258,holofoil
4360,swshp-SWSH216,holofoil
4361,xy4-78,normal
4362,pl4-88,normal
4365,ex3-93,holofoil
4366,smp-SM42,holofoil
4367,svp-41,holofoil
4368,xy1-115,normal
4370,hgss4-65,normal
4371,svp-144,holofoil
4372,ex5-72,normal
4373,sm8-193,normal
4374,xy5-73,normal
4375,bw9-66,normal
4376,bw9-57,normal
4380,sv6-207,holofoil
4381,gym2-73,unlimited
4382,base1-49,normal
4383,xy11-46,normal
4385,bw4-10,normal
4386,pl3-58,normal
4387,pl3-113,normal
4388,dp2-43,normal
4390,bw7-98,normal
4392,rsv10pt5-64,normal
4394,gym2-59,1stEdition
4399,ecard3-128,normal
4401,base4-121,normal
4402,col1-49,normal
4403,sm5-155,holofoil
4409,bw10-95,holofoil
4412,sv3-78,normal
4414,pl1-14,holofoil
4416,fut20-5,normal
4417,swshp-SWSH126,holofoil
4418,xyp-XY157,holofoil
4419,ex8-76,normal
4421,pl2-73,normal
4422,sm8-203,holofoil
4423,hgss3-46,normal
4425,sm9-163,holofoil
4427,gym2-29,unlimited
4429,sma-SV22,holofoil
4431,sm115-3,normal
4432,ex12-48,normal
4433,bw11-RC11,holofoil
4434,bw11-102,holofoil
4437,pop8-16,normal
4438,sv1-146,normal
4440,swsh12pt5-4,normal
4441,sm11-151,normal
4442,bw6-118,normal
4444,xy8-33,holofoil
4445,neo4-37,1stEdition
4446,base3-15,unlimitedHolofoil
4450,swsh2-197,holofoil
4451,ex1-47,normal
4453,sm5-53,normal
4454,sv1-194,normal
4455,swsh12pt5gg-GG38,holofoil
4456,swshp-SWSH077,holofoil
4458,neo1-69,unlimited
4459,gym1-64,unlimited
4461,ex4-61,normal
4462,swsh12pt5-41,normal
4464,sv4-61,normal
4466,neo1-75,unlimited
4467,sv9-121,holofoil
4468,sm12-226,holofoil
4470,sm6-49,normal
4471,ecard1-14,holofoil
4472,zsv10pt5-123,holofoil
4473,sm9-81,normal
4474,sm35-27,holofoil
4476,pop1-5,holofoil
4479,sv9-95,holofoil
4481,swshp-SWSH076,holofoil
4482,sv3pt5-158,normal
4483,sv10-109,normal
4485,col1-62,normal
4487,cel25c-8_A,holofoil
4488,xy8-40,normal
4489,swshp-SWSH298,holofoil
4490,swsh12pt5gg-GG24,holofoil
4491,swsh11-201,holofoil
4492,sv4-8,normal
4493,gym2-40,1stEdition
4494,bw10-61,normal
4495,ex15-90,holofoil
4496,swsh12-163,normal
4497,sv3pt5-161,normal
4499,gym1-52,1stEdition
4501,neo4-85,unlimited
4502,dpp-DP44,holofoil
4503,ex10-36,normal
4505,sv3pt5-142,holofoil
4506,swsh6-148,normal
4508,base4-69,normal
4510,sv7-143,holofoil
4514,xy11-8,holofoil
4515,sm3-40,normal
4516,swsh12-24,holofoil
4517,swsh5-183,holofoil
4518,sv6pt5-83,holofoil
4519,swsh8-124,normal
4521,pl1-30,normal
4522,xy5-11,normal
4524,swsh12-26,normal
4525,swsh6-24,normal
4526,swsh9-11,normal
4527,base2-64,unlimited
4529,xy8-153,holofoil
4531,swsh7-158,normal
4532,swsh10-147,holofoil
4533,swsh6-154,normal
4536,sm9-86,normal
4537,cel25c-88_A,holofoil
4538,sm1-41,normal
4540,base5-45,unlimited
4541,swshp-SWSH110,holofoil
4543,ex12-62,normal
4546,pop7-7,normal
4547,sv4-233,holofoil
4549,xy11-94,normal
4552,neo1-109,unlimited
4554,hgss2-94,holofoil
4555,swsh5-162,holofoil
4556,base6-13,holofoil
4557,sv7-110,holofoil
4558,bw5-92,normal
4560,swsh9-91,normal
4564,swsh3-121,normal
4565,gym1-118,unlimited
4566,base1-64,normal
4567,ex2-52,normal
4569,sv4pt5-199,holofoil
4570,bw9-75,normal
4571,pl1-92,normal
4573,base3-25,1stEdition
4575,pop4-16,holofoil
4576,xy7-28,holofoil
4577,swsh10-106,normal
4580,sv4-256,holofoil
4582,xy3-7,normal
4583,bw9-95,normal
4584,sv10-103,normal
4585,me2-27,normal
4586,sv1-33,normal
4587,bw11-19,holofoil
4590,swsh10tg-TG05,holofoil
4593,smp-SM216,holofoil
4594,rsv10pt5-78,holofoil
4595,sv5-47,normal
4596,neo2-52,unlimited
4600,gym2-3,1stEditionHolofoil
4601,ex15-42,normal
4602,sv5-207,holofoil
4604,ex5-20,normal
4608,sv8pt5-35,normal
4609,ex7-61,normal
4610,pl1-81,normal
4611,ex13-10,holofoil
4612,sv2-119,normal
4613,sm12-199,normal
4614,sm35-70,normal
4616,dp6-73,normal
4617,swsh10-157,normal
4619,neo4-7,unlimitedHolofoil
4620,swsh6-26,normal
4621,dp1-39,normal
4622,base2-7,unlimitedHolofoil
4623,xy2-3,normal
4625,xy11-53,normal
4626,hgss2-65,normal
4628,col1-23,normal
4630,bw11-69,normal
4634,xy1-131,normal
4635,dp3-91,normal
4637,bw10-45,normal
4638,pl3-109,normal
4639,pop3-14,normal
4640,sv1-167,normal
4642,xy11-66,holofoil
4644,neo4-82,unlimited
4646,xyp-XY92,holofoil
4648,base4-41,normal
4649,sm12-157,holofoil
4650,gym2-114,unlimited
4651,ecard3-60,normal
4654,swsh12-54,normal
4656,sv2-103,normal
4658,svp-49,holofoil
4659,swsh9-57,holofoil
4665,xy11-7,normal
4666,xy8-93,normal
4668,ex4-86,normal
4670,sm1-1,normal
4671,mcd21-3,holofoil
4672,swsh5-138,normal
4673,bwp-BW17,holofoil
4676,sv8pt5-105,normal
4677,svp-163,holofoil
4679,gym2-65,1stEdition
4682,sv8-94,normal
4683,pl4-6,holofoil
4684,xy1-44,normal
4685,swsh5-129,normal
4686,bw9-21,normal
4690,sv10-24,normal
4693,ex10-B,holofoil
4694,sm2-99,normal
4695,swshp-SWSH222,holofoil
4697,swsh10-112,normal
4698,ecard2-130,normal
4699,ecard1-55,normal
4701,swsh5-170,holofoil
4702,sv6-222,holofoil
4703,swsh5-176,holofoil
4704,ex9-37,normal
4705,bw2-20,normal
4706,bwp-BW50,normal
4707,sv9-5,normal
4708,base5-42,1stEdition
4710,base4-86,normal
4711,xy9-35,normal
4713,sv4-7,normal
4714,sv6-163,holofoil
4715,xy5-117,normal
4717,neo2-43,unlimited
4718,xy3-29,normal
4721,swsh9-108,normal
4722,sv4pt5-92,holofoil
4723,sm10-216,holofoil
4725,sm10-48,normal
4727,swsh4-40,normal
4734,me1-165,holofoil
4735,swsh8-77,normal
4737,sm8-214,holofoil
4738,mcd19-10,holofoil
4739,sv3-44,normal
4740,col1-91,holofoil
4742,swsh7-199,holofoil
4743,base1-96,normal
4744,pl1-95,normal
4745,swsh1-189,holofoil
4746,swshp-SWSH174,holofoil
4747,swsh3-33,holofoil
4748,swsh12-152,normal
4749,swsh7-191,holofoil
4750,swsh6-217,holofoil
4751,sv1-57,normal
4752,smp-SM189,holofoil
4754,dp6-15,holofoil
4755,sm2-24,normal
4756,swshp-SWSH147,holofoil
4760,base6-10,holofoil
4761,sv7-67,holofoil
4763,ex6-23,normal
4764,swshp-SWSH041,holofoil
4767,sm7-181,holofoil
4768,sm10-21,normal
4769,sv4pt5-99,holofoil
4770,sm12-159,normal
4771,hgss2-14,normal
4774,sv4-57,holofoil
4776,smp-SM188,holofoil
4777,xy4-10,normal
4778,sv1-199,holofoil
4781,sv9-180,holofoil
4785,neo2-75,unlimited
4787,zsv10pt5-107,holofoil
4789,sv7-10,normal
4790,zsv10pt5-147,holofoil
4791,neo3-47,unlimited
4795,sm8-232,holofoil
4797,swsh4-92,normal
4798,bw2-51,normal
4800,sv5-116,normal
4801,rsv10pt5-115,holofoil
4802,sv1-71,normal
4803,sv8-1,normal
4804,swsh8-39,holofoil
4806,swshp-SWSH167,normal
4808,ex9-40,normal
4809,sm10-20,holofoil
4810,sm10-180,normal
4811,pl3-129,normal
4812,swsh10-11,normal
4815,sv4pt5-141,holofoil
4816,xy12-42,holofoil
4817,swsh12pt5-89,holofoil
4818,ex7-53,normal
4820,neo1-105,unlimited
4821,sm11-49,normal
4822,sv9-22,normal
4823,dp1-102,normal
4825,swsh1-15,normal
4826,sm7-6,holofoil
4827,sm12-193,normal
4828,ex12-90,holofoil
4829,neo4-91,unlimited
4830,swsh8-4,normal
4832,dp5-92,normal
4837,sm12-14,normal
4838,sv10-177,normal
4840,sm2-155,holofoil
4844,ex2-22,normal
4845,xy12-10,normal
4846,rsv10pt5-147,holofoil
4847,dp4-2,holofoil
4848,sv1-153,holofoil
4849,rsv10pt5-67,holofoil
4852,me1-61,normal
4853,smp-SM60,holofoil
4855,ex3-62,normal
4856,swshp-SWSH125,holofoil
4859,si1-16,normal
4862,hgss1-100,normal
4863,xy9-86,holofoil
4865,hgss2-5,holofoil
4866,swsh10tg-TG27,holofoil
4867,sm10-207,holofoil
4868,zsv10pt5-73,normal
4869,sv8-150,normal
4870,swsh7-220,holofoil
4872,swsh11tg-TG20,holofoil
4873,bw5-17,holofoil
4876,pgo-17,holofoil
4880,sm8-75,normal
4881,base1-21,normal
4883,sv8pt5-22,holofoil
4885,xyp-XY66,holofoil
4886,swsh7-88,normal
4889,sv7-131,normal
4892,sv4-166,normal
4894,hgss3-THREE,holofoil
4895,ex10-69,normal
4896,swsh12-132,normal
4897,neo2-61,1stEdition
4898,dp6-38,normal
4899,xy9-30,holofoil
4900,sv8pt5-107,normal
4901,sv6-181,holofoil
4902,sv7-132,normal
4905,rsv10pt5-162,holofoil
4906,me1-60,holofoil
4907,smp-SM128,normal
4908,pl3-66,normal
4914,swsh3-182,holofoil
4918,ex9-56,normal
4919,xy1-53,normal
4921,sma-SV6,holofoil
4922,sm8-5,normal
4923,base5-56,unlimited
4924,neo2-3,unlimitedHolofoil
4925,swsh7-203,holofoil
4926,pl1-50,normal
4927,bw4-52,normal
4928,ex7-56,normal
4930,base4-100,normal
4931,pl1-84,normal
4932,sm10-228,holofoil
4933,sm5-82,normal
4934,pgo-47,holofoil
4936,gym2-26,1stEdition
4937,swsh2-209,holofoil
4938,xy4-110,normal
4939,sv5-163,holofoil
4942,swsh2-119,normal
4944,sm5-159,holofoil
4946,sv8-13,normal
4947,sv10-129,normal
4948,swsh35-44,normal
4952,xyp-XY58,holofoil
4953,xy12-33,normal
4954,swshp-SWSH155,holofoil
4956,pl1-83,normal
4957,swsh3-84,normal
4960,sm10-217,holofoil
4961,gym1-89,unlimited
4962,hgss2-43,normal
4963,sv4-88,normal
4970,sv5-22,holofoil
4973,gym2-60,1stEdition
4975,base1-70,normal
4976,swsh9-20,normal
4978,swsh1-2,normal
4979,sv4pt5-184,holofoil
4982,pl4-68,normal
4984,dp2-8,holofoil
4985,swsh2-64,normal
4986,sv7-165,holofoil
4988,sma-SV29,holofoil
4989,pl2-81,normal
4991,xy1-43,holofoil
4992,swsh8-16,normal
4994,ex13-11,holofoil
4995,sv3-52,normal
4996,base6-47,normal
4999,sv10-133,normal
5002,swsh9-131,normal
5003,dp7-45,normal
5004,swsh9-39,normal
5007,ex7-52,normal
5008,ex12-2,holofoil
5009,swsh9-97,holofoil
5010,ex4-55,normal
5012,sv2-68,normal
5013,sv4-224,holofoil
5014,base1-27,normal
5015,swsh5-45,normal
5018,swsh45-7,normal
5021,xy10-43,holofoil
5023,mcd21-15,normal
5024,ex8-78,normal
5025,ex12-17,normal
5027,sv3pt5-34,holofoil
5029,gym2-11,unlimitedHolofoil
5030,ecard3-147,holofoil
5031,sm10-153,normal
5032,dp3-78,normal
5033,ex10-96,normal
5034,swsh8-142,normal
5037,ecard3-20,normal
5039,sm8-76,normal
5042,ex11-109,holofoil
5044,smp-SM30,holofoil
5045,sv9-75,holofoil
5046,sm8-195,holofoil
5049,swsh35-51,normal
5050,ecard3-148,holofoil
5052,swsh9tg-TG23,holofoil
5054,sv7-69,normal
5055,xyp-XY186,holofoil
5059,dp1-117,normal
5060,sv4-260,holofoil
5061,sv9-183,holofoil
5062,neo1-7,unlimitedHolofoil
5064,ecard2-1,normal
5065,gym1-100,unlimited
5066,ex1-49,normal
5068,swsh6-23,normal
5070,gym1-122,unlimited
5072,swsh35-3,normal
5073,neo4-23,unlimited
5075,me1-56,holofoil
5076,hgss1-3,holofoil
5078,swsh5-41,normal
5080,sm6-84,normal
5081,swsh7-121,normal
5082,zsv10pt5-169,holofoil
5083,sv2-30,normal
5084,xy3-103,normal
5085,base4-64,normal
5086,sv7-62,normal
5087,sm8-198,holofoil
5088,xy1-69,normal
5093,sv4pt5-212,holofoil
5094,bwp-BW01,holofoil
5095,sv6-191,holofoil
5097,xy6-42,holofoil
5098,ex4-29,normal
5099,sv3-138,normal
5100,neo2-53,unlimited
5103,sv3pt5-102,normal
5105,swsh7-135,normal
5106,sm11-226,holofoil
5108,sv1-238,holofoil
5112,sm6-2,normal
5113,sv5-149,normal
5115,bw7-30,normal
5116,me1-125,normal
5117,ecard1-122,normal
5118,xy0-29,normal
5119,sv6pt5-71,holofoil
5120,sma-SV72,holofoil
5122,sm5-64,normal
5123,basep-41,normal
5124,sv9-118,normal
5125,swsh9-56,normal
5126,np-12,holofoil
5127,sm12-51,normal
5128,sm12-41,normal
5131,xy1-45,normal
5133,col1-30,normal
5134,xy7-4,normal
5136,sv3-159,holofoil
5137,sm2-97,holofoil
5138,sv4pt5-129,holofoil
5139,sv4-149,normal
5140,sv4-87,normal
5141,sv10-148,normal
5142,bw5-104,holofoil
5144,sv9-122,normal
5145,gym1-78,1stEdition
5149,pl1-37,normal
5150,sv9-31,holofoil
5153,zsv10pt5-135,holofoil
5154,sv9-101,normal
5155,neo4-75,1stEdition
5156,hgss4-30,normal
5157,svp-73,holofoil
5158,ex3-50,normal
5160,xy6-70,normal
5162,base3-19,unlimited
5163,ex7-11,holofoil
5164,bw6-127,holofoil
5166,svp-3,holofoil
5167,bw1-37,normal
5168,dp6-53,normal
5169,xy7-61,normal
5170,base5-39,1stEdition
5172,base3-17,unlimited
5173,ecard1-47,normal
5175,bw2-78,normal
5177,bw10-43,normal
5178,swshp-SWSH035,holofoil
5179,sv4-218,holofoil
5180,base4-25,normal
5181,gym1-77,unlimited
5182,sv7-22,normal
5183,sv3pt5-143,normal
5185,sv5-59,normal
5186,ecard3-41,normal
5190,sv3pt5-72,normal
5194,pop1-4,normal
5195,sm2-38,holofoil
5196,swsh8-11,normal
5199,base5-55,unlimited
5201,me2-72,normal
5202,sm7-110,normal
5204,swshp-SWSH074,holofoil
5205,gym2-104,1stEdition
5206,swshp-SWSH045,holofoil
5207,sv10-183,holofoil
5208,xy11-58,normal
5209,bwp-BW84,holofoil
5210,swsh35-5,holofoil
5216,ex5-42,normal
5217,sv1-123,holofoil
5218,cel25-13,holofoil
5219,sm1-118,normal
5220,sv7-153,holofoil
5222,ecard3-23,normal
5223,sv6-96,holofoil
5224,swsh6-122,normal
5225,base5-80,1stEdition
5227,sv5-158,holofoil
5228,sv9-140,normal
5229,base2-29,unlimited
5230,ru1-15,normal
5231,swsh7-78,normal
5232,sv10-165,normal
5234,sv1-42,normal
5236,rsv10pt5-120,holofoil
5237,sv8-157,normal
5238,xy2-19,normal
5240,swsh8-66,normal
5241,base6-105,normal
5242,gym2-126,unlimited
5243,bwp-BW25,holofoil
5246,swsh2-42,normal
5249,base4-47,normal
5250,swsh12-128,holofoil
5251,swsh6-60,normal
5252,rsv10pt5-94,holofoil
5253,hsp-HGSS15,holofoil
5254,dp4-4,holofoil
5257,sv6pt5-41,normal
5258,neo4-29,unlimited
5259,sv10-111,normal
5261,gym2-66,1stEdition
5262,swsh35-79,holofoil
5266,sm12-198,normal
5268,ecard3-96,normal
5269,swshp-SWSH145,holofoil
5275,xy4-21,normal
5276,sm8-4,normal
5277,swsh6-128,holofoil
5279,swsh9-73,normal
5280,bw7-43,normal
5281,pop7-6,normal
5282,swsh8-108,holofoil
5285,swsh10-73,holofoil
5287,cel25c-60_A,holofoil
5288,sv3-141,holofoil
5295,sm12-187,normal
5299,neo2-14,1stEditionHolofoil
5300,sm9-121,normal
5301,gym2-2,unlimitedHolofoil
5303,sm7-76,normal
5306,xy4-90,normal
5307,sm11-47,holofoil
5308,bw9-44,normal
5310,xy6-59,holofoil
5312,ex12-70,normal
5313,ex16-21,normal
5314,swshp-SWSH263,holofoil
5315,ex6-72,normal
5316,dp4-25,normal
5321,zsv10pt5-32,normal
5322,xy7-72,normal
5324,svp-142,holofoil
5326,bw1-43,normal
5327,dp6-77,normal
5328,gym1-102,1stEdition
5329,base6-80,normal
5330,hsp-HGSS16,holofoil
5331,ex11-19,normal
5332,ex9-52,normal
5333,sv8-7,normal
5334,ex16-71,normal
5335,ex4-84,normal
5336,sm10-9,normal
5337,swsh45sv-SV001,holofoil
5338,zsv10pt5-156,holofoil
5340,sv4-95,normal
5341,sma-SV53,holofoil
5342,swsh10-72,holofoil
5343,sv1-255,holofoil
5346,bw3-1,normal
5347,swsh10tg-TG22,holofoil
5349,ecard3-59,normal
5351,xy1-15,normal
5352,swsh12pt5-29,normal
5353,base4-113,normal
5354,neo2-41,1stEdition
5355,ex13-90,normal
5357,sv4-115,normal
5358,dpp-DP45,holofoil
5359,sv4pt5-222,holofoil
5360,bw1-94,normal
5362,swsh4-25,normal
5364,sv4pt5-34,normal
5366,swsh7-222,holofoil
5367,hgss3-26,normal
5370,swshp-SWSH240,holofoil
5372,ex14-41,normal
5373,xyp-XY184,holofoil
5374,sm6-100,normal
5376,neo2-34,unlimited
5377,sv3-99,normal
5378,swsh8-5,normal
5380,sv10-27,normal
5381,bw1-67,normal
5382,sm9-84,normal
5383,base4-12,holofoil
5384,sm1-37,normal
5386,swsh6-42,normal
5387,swsh1-128,holofoil
5388,base5-24,unlimited
5390,sma-SV68,holofoil
5391,bw1-11,normal
5392,base4-42,normal
5393,xy5-6,normal
5394,bw3-21,normal
5396,smp-SM28,holofoil
5397,base4-84,normal
5399,ex9-92,holofoil
5401,swsh6-210,holofoil
5402,swsh12pt5-35,normal
5403,zsv10pt5-95,holofoil
5404,swsh1-110,holofoil
5406,bw8-59,normal
5407,swsh10-22,normal
5408,swsh10-7,normal
5410,swsh5-61,holofoil
5411,swsh7-117,holofoil
5412,gym2-123,unlimited
5415,svp-93,holofoil
5416,bw10-102,holofoil
5417,dp2-63,normal
5420,sv1-145,normal
5422,ex3-64,normal
5423,sm75-42,normal
5424,sv3pt5-123,normal
5427,pl1-121,normal
5428,bw4-87,normal
5429,xy8-25,normal
5431,sm5-151,holofoil
5432,sv10-130,normal
5434,ecard2-39,normal
5435,dp1-51,normal
5437,bw11-13,normal
5439,sv8pt5-167,holofoil
5442,neo1-35,unlimited
5443,mcd21-18,normal
5446,sv4-15,normal
5447,sm6-80,holofoil
5450,neo4-12,unlimitedHolofoil
5451,hgss2-44,normal
5452,xy11-116,holofoil
5454,sm11-69,holofoil
5455,bw10-6,normal
5457,sv4-190,holofoil
5458,sm5-116,holofoil
5459,xyp-XY105,normal
5462,xy10-83,holofoil
5463,sv4-251,holofoil
5466,base2-35,1stEdition
5467,hgss2-70,normal
5468,sma-SV51,holofoil
5470,sv6pt5-74,holofoil
5471,swsh9-155,holofoil
5472,sm115-56,normal
5473,swsh12-208,holofoil
5474,dp3-59,normal
5475,sv4-235,holofoil
5477,base3-27,1stEdition
5478,sv10-159,holofoil
5479,bw1-97,normal
5480,xy12-107,holofoil
5481,sm1-67,normal
5482,sm9-27,normal
5483,ex9-36,normal
5484,sm12-204,holofoil
5486,swsh8-158,holofoil
5488,sm5-36,normal
5489,pl4-79,normal
5490,xy0-18,normal
5491,sv8pt5-44,holofoil
5492,bw5-101,normal
5494,gym1-39,unlimited
5496,sm11-60,holofoil
5498,xy2-17,normal
5500,sm4-54,normal
5501,sv2-96,normal
5502,swsh10-171,holofoil
5504,ex14-1,holofoil
5508,ex16-44,normal
5509,det1-6,holofoil
5511,me1-58,normal
5514,dp4-89,normal
5515,neo3-31,1stEdition
5516,sv3-197,normal
5517,sv6pt5-61,normal
5519,dp6-55,normal
5523,ex12-18,normal
5524,gym1-95,unlimited
5526,svp-46,holofoil
5527,sv4-105,normal
5531,bw4-57,holofoil
5532,swsh8-52,normal
5535,ex5-15,holofoil
5536,me2-6,normal
5537,sm9-59,normal
5538,bw8-96,holofoil
5539,ecard1-92,normal
5540,dp2-88,normal
5541,swsh1-120,holofoil
5544,sv4-93,holofoil
5545,swsh12pt5-91,normal
5546,sm6-144,holofoil
5547,sv10-114,normal
5549,swsh2-8,normal
5550,sm2-22,holofoil
5553,sv3-152,normal
5554,bw3-14,holofoil
5555,ecard2-131,normal
5559,swsh3-54,normal
5560,ex10-2,holofoil
5561,swsh1-184,normal
5562,swsh9-18,holofoil
5563,xy6-94,normal
5565,zsv10pt5-16,holofoil
5568,base5-44,unlimited
5570,bw10-41,holofoil
5571,ecard2-108,normal
5577,cel25c-24_A,holofoil
5579,xy7-91,holofoil
5580,sm8-54,normal
5581,swsh45sv-SV015,holofoil
5582,sm11-224,holofoil
5583,ex11-14,holofoil
5586,hgss4-31,normal
5589,sv6pt5-56,normal
5591,me2-50,normal
5592,rsv10pt5-101,holofoil
5593,sv3pt5-111,normal
5595,sm75-48,holofoil
5598,ex7-3,holofoil
5599,swsh5-24,normal
5600,sm7-42,normal
5603,sv1-252,holofoil
5606,gym1-110,unlimited
5608,bw4-50,normal
5609,sm5-3,normal
5610,xy1-2,holofoil
5613,xyp-XY111,holofoil
5614,ex12-27,normal
5617,bw5-87,normal
5618,svp-51,holofoil
5619,swsh9-109,holofoil
5620,zsv10pt5-159,holofoil
5621,sv3pt5-76,holofoil
5623,sm7-90,holofoil
5624,xyp-XY155,holofoil
5625,pl3-60,normal
5627,bw3-3,holofoil
5628,me2-40,normal
5629,neo2-46,unlimited
5630,swsh45sv-SV020,holofoil
5631,sv4pt5-43,holofoil
5632,sm11-16,normal
5633,sv10-16,normal
5636,base5-64,unlimited
5637,sm9-162,holofoil
5638,swsh10tg-TG17,holofoil
5639,swsh9-33,normal
5641,bw7-115,normal
5642,dp5-51,normal
5645,g1-23,normal
5647,swsh5-136,normal
5648,sv4-62,normal
5650,swsh6-192,holofoil
5651,me2-76,normal
5654,sv10-93,normal
5655,sv9-1,normal
5656,sm75-29,normal
5658,swsh2-131,normal
5660,xy8-36,normal
5661,swsh7-31,holofoil
5662,sm9-195,holofoil
5663,swsh4-18,normal
5668,swsh4-200,holofoil
5669,xy1-71,normal
5670,sv4pt5-151,holofoil
5671,col1-56,normal
5674,swsh8-206,normal
5675,sv5-15,holofoil
5677,swsh45sv-SV008,holofoil
5679,base5-37,1stEdition
5680,gym1-62,unlimited
5681,ecard2-93,normal
5682,neo2-17,1stEditionHolofoil
5683,sv8-220,holofoil
5684,ecard1-112,normal
5685,sv10-31,holofoil
5686,swsh9tg-TG01,holofoil
5687,swsh8-262,holofoil
5689,swsh12-45,normal
5691,neo3-43,unlimited
5692,svp-172,holofoil
5693,sv5-109,holofoil
5694,gym2-58,1stEdition
5695,swsh9-63,normal
5697,swsh7-130,normal
5698,ecard3-118,normal
5700,sm6-103,normal
5701,dp1-62,normal
5702,swsh35-68,normal
5703,pl1-64,normal
5705,ex12-42,normal
5707,ex3-23,normal
5708,sv7-115,holofoil
5710,hgss4-48,normal
5712,xy1-118,normal
5713,svp-55,holofoil
5715,me2-21,normal
5716,neo1-92,1stEdition
5724,swsh2-108,holofoil
5725,sv5-83,normal
5726,sv4pt5-18,normal
5728,ecard3-34,normal
5729,xy8-49,normal
5730,ex13-83,normal
5732,sv4-19,normal
5734,neo4-87,unlimited
5736,dp3-52,normal
5740,bwp-BW55,normal
5743,sm12-240,holofoil
5746,sm4-52,normal
5747,sm8-35,normal
5748,pl2-24,normal
5749,xy10-54,holofoil
5754,swsh12-49,normal
5755,sv8-71,normal
5756,sv3-149,normal
5757,ex10-50,normal
5758,sm7-161,holofoil
5760,ex13-95,normal
5761,sm8-14,holofoil
5762,sm1-117,normal
5763,ex6-109,holofoil
5765,sm5-1,normal
5767,pl1-74,normal
5770,me2-86,normal
5774,dp6-17,holofoil
5776,pl1-13,holofoil
5777,swsh10tg-TG28,holofoil
5778,bw8-94,normal
5779,bw8-9,normal
5780,swsh11tg-TG02,holofoil
5781,pl4-58,normal
5782,sm9-48,normal
5783,ex5-67,normal
5784,sv4-247,holofoil
5789,sm75-14,normal
5790,dp6-76,normal
5793,swsh12-57,holofoil
5795,sv8-222,holofoil
5796,bw7-116,normal
5797,bwp-BW30,holofoil
5798,me1-3,holofoil
5799,pl2-101,normal
5801,swsh7-127,normal
5802,sm7-152,holofoil
5803,xy2-4,normal
5804,swsh5-65,holofoil
5805,xy2-106,holofoil
5806,sm1-62,normal
5807,bw10-104,holofoil
5808,swsh4-10,normal
5809,swshp-SWSH151,holofoil
5811,sv2-83,normal
5812,smp-SM51,holofoil
5816,sv4pt5-111,holofoil
5817,dp3-67,normal
5818,gym2-31,unlimited
5819,sv7-89,holofoil
5821,swsh9-160,holofoil
5823,sv7-113,normal
5824,dp4-73,normal
5825,sv10-65,holofoil
5827,sm10-222,holofoil
5829,sv4-162,normal
5830,bw8-67,normal
5832,ex1-54,normal
5833,sv10-84,normal
5834,pl4-11,holofoil
5836,sm3-13,normal
5837,pop3-3,normal
5839,ex5-86,normal
5840,swsh6-13,normal
5842,sv1-35,normal
5843,ex11-89,normal
5844,swsh9-69,holofoil
5846,dp4-13,normal
5847,sm8-26,normal
5849,swsh8-129,normal
5850,swsh45sv-SV053,holofoil
5851,ex4-39,normal
5853,xy11-64,holofoil
5854,dp4-55,normal
5855,sv10-52,normal
5856,sm1-131,normal
5860,sv9-114,holofoil
5861,ecard1-42,normal
5862,sm7-86,normal
5865,sm35-59,normal
5869,col1-70,normal
5870,bw6-53,normal
5871,swsh7-214,holofoil
5872,sm11-50,normal
5873,rsv10pt5-153,holofoil
5874,sm12-238,holofoil
5876,xy3-71,normal
5881,dp5-10,holofoil
5882,ex15-40,normal
5883,np-1,holofoil
5886,me1-9,normal
5887,xy3-100,normal
5888,ex1-32,normal
5890,xy5-37,normal
5892,ecard1-63,normal
5893,mcd21-21,holofoil
5895,ex16-107,holofoil
5897,swsh9-140,normal
5898,swsh6-110,normal
5899,bw7-56,normal
5902,sv3pt5-167,holofoil
5904,neo4-70,unlimited
5905,swsh4-21,holofoil
5906,sv6pt5-75,holofoil
5907,dp3-15,holofoil
5908,sv5-48,normal
5909,ex13-28,normal
5910,sv4pt5-156,holofoil
5911,hgss4-77,normal
5915,xy12-29,normal
5918,xy11-12,normal
5919,xy6-24,normal
5922,sv8-16,normal
5923,sv6-220,holofoil
5924,base1-53,normal
5925,sv3-170,normal
5926,ex8-20,normal
5929,xy11-31,normal
5930,bw6-26,holofoil
5931,rsv10pt5-110,holofoil
5932,sm11-181,normal
5937,neo4-75,unlimited
5938,dp6-2,holofoil
5940,xy11-100,normal
5942,sm8-15,normal
5943,sv9-92,normal
5944,swsh1-28,normal
5947,sv3pt5-116,normal
5948,swsh9-138,normal
5951,sm12-111,normal
5952,si1-2,normal
5954,neo1-6,1stEditionHolofoil
5958,sv9-11,holofoil
5959,xy2-6,normal
5960,ecard2-68,normal
5962,gym1-52,unlimited
5963,sm9-114,normal
5964,swsh7-60,holofoil
5965,swsh5-165,holofoil
5966,swsh7-77,normal
5968,sv2-51,normal
5971,sv4-79,normal
5972,gym1-98,1stEdition
5975,sv1-43,holofoil
5978,swsh45sv-SV003,holofoil
5980,bw2-67,holofoil
5981,sm10-108,normal
5983,swshp-SWSH150,holofoil
5985,sv4-58,holofoil
5986,pgo-4,holofoil
5987,sm75-64,normal
5988,svp-100,holofoil
5989,svp-120,holofoil
5991,swsh7-85,normal
5993,ex5-85,normal
5994,gym1-110,1stEdition
5995,hgss1-56,normal
5996,zsv10pt5-54,normal
5997,sm6-41,normal
5999,sv5-75,normal
6000,sv5-24,normal
6002,xy1-23,normal
6004,ex3-97,holofoil
6006,sm12-18,normal
6007,sv2-105,holofoil
6008,xy6-56,normal
6009,swsh12-18,normal
6010,cel25c-86_A,holofoil
6014,sm1-51,normal
6015,sv4-47,normal
6017,sv2-56,holofoil
6019,swsh45-17,holofoil
6020,sm35-16,normal
6021,sm3-153,holofoil
6022,neo4-82,1stEdition
6023,neo4-14,1stEditionHolofoil
6025,sv9-113,normal
6026,sv3-105,normal
6029,sv4pt5-131,holofoil
6030,sm3-41,holofoil
6031,sv10-143,normal
6032,swsh6-152,normal
6033,pl2-52,normal
6034,dp3-105,normal
6036,xy2-95,normal
6039,xy4-112,normal
6041,base2-43,1stEdition
6044,bw6-47,normal
6047,bw5-31,normal
6049,sv8pt5-1,normal
6050,pop9-13,normal
6051,ex3-30,normal
6052,swsh9-31,normal
6053,sm9-68,normal
6054,swsh12pt5gg-GG52,holofoil
6055,bw7-51,normal
6056,xy2-70,holofoil
6059,sma-SV63,holofoil
6060,me1-161,holofoil
6061,xy9-87,normal
6063,sv7-150,holofoil
6064,rsv10pt5-79,normal
6065,swsh11-212,holofoil
6066,sv8pt5-104,normal
6067,sm7-162,holofoil
6068,ex5-31,normal
6071,swsh4-111,normal
6072,sm8-72,normal
6073,swsh1-60,normal
6074,smp-SM31,holofoil
6075,sv1-58,normal
6076,sv3pt5-13,normal
6077,pl1-61,normal
6078,ecard2-17,normal
6084,swsh45sv-SV064,holofoil
6085,sm75-76,holofoil
6086,sv2-106,normal
6087,swsh45-53,holofoil
6089,pop7-5,holofoil
6090,swsh9-92,normal
6091,sv10-57,normal
6094,swshp-SWSH294,holofoil
6095,sma-SV74,holofoil
6097,swsh1-48,normal
6098,ecard3-24,normal
6099,swsh10-203,holofoil
6100,sv9-37,holofoil
6102,xy4-87,normal
6104,swsh45sv-SV016,holofoil
6105,swsh9-84,normal
6107,sv10-64,normal
6108,gym2-6,unlimitedHolofoil
6110,bw7-58,normal
6111,ex4-4,holofoil
6112,sv9-15,normal
6113,sv6-216,holofoil
6115,xy10-36,normal
6116,sv4pt5-72,normal
6119,neo1-9,1stEditionHolofoil
6120,ex16-67,normal
6121,sv1-134,holofoil
6124,sm11-179,normal
6126,sm115-18,holofoil
6128,base3-4,1stEditionHolofoil
6129,base2-52,unlimited
6131,neo3-60,1stEdition
6132,ex8-97,holofoil
6133,zsv10pt5-30,normal
6135,pl3-20,normal
6136,bw5-72,normal
6137,sv4pt5-48,normal
6138,sv3-169,normal
6140,dp6-64,normal
6141,pl3-55,normal
6142,dpp-DP53,holofoil
6144,base6-17,holofoil
6145,sm9-94,normal
6148,sm5-150,holofoil
6151,swsh6-132,normal
6152,swsh5-139,normal
6155,svp-60,holofoil
6156,sv10-202,holofoil
6157,sv1-23,holofoil
6158,sm2-77,holofoil
6159,ex3-13,normal
6160,me2-53,holofoil
6161,dp1-119,normal
6162,ex2-29,normal
6164,swshp-SWSH154,holofoil
6165,smp-SM120,holofoil
6166,ecard3-50,normal
6169,sm10-14,normal
6170,me1-46,normal
6171,sv8pt5-130,normal
6173,sv5-16,normal
6174,sv4-59,normal
6176,swshp-SWSH021,holofoil
6177,swsh45sv-SV013,holofoil
6179,hgss4-43,normal
6180,swsh3-194,holofoil
6181,bw1-115,holofoil
6182,swsh12pt5gg-GG30,holofoil
6183,ex9-42,normal
6185,hgss4-96,holofoil
6186,sm2-131,holofoil
6188,me2-88,normal
6189,swsh11-190,holofoil
6191,ex15-4,holofoil
6192,swsh7-55,normal
6194,sm7-77,normal
6195,xy7-100,holofoil
6196,swsh6-56,normal
6199,sv4pt5-22,normal
6202,sv7-78,normal
6203,sm9-173,holofoil
6204,neo2-44,1stEdition
6206,swsh10-70,normal
6208,sv8-50,normal
6210,bw11-RC3,holofoil
6212,xy9-56,normal
6213,sv10-215,holofoil
6216,pop4-13,normal
6217,pl3-112,normal
6218,bw3-19,normal
6219,sv4pt5-50,normal
6220,sv8pt5-163,holofoil
6222,base2-10,unlimitedHolofoil
6223,swsh5-95,normal
6225,dp2-10,holofoil
6227,pl2-47,normal
6228,swshp-SWSH219,holofoil
6229,bw9-92,normal
6230,mcd19-2,holofoil
6231,swsh7-211,holofoil
6233,sm9-87,normal
6236,sm8-222,holofoil
6237,swsh2-193,holofoil
6238,bw6-98,normal
6241,bw4-49,normal
6242,g1-39,normal
6243,sv1-119,normal
6244,sm35-38,normal
6245,sv2-108,normal
6246,sv3pt5-172,holofoil
6249,bw6-67,holofoil
6250,xyp-XY42,holofoil
6251,swsh6-207,holofoil
6253,smp-SM61,holofoil
6254,sm75-53,normal
6256,swshp-SWSH273,holofoil
6257,sv5-161,normal
6258,xy6-106,holofoil
6259,sv1-28,normal
6260,pl4-71,normal
6261,sv4-18,holofoil
6264,sm10-16,normal
6266,swsh12-56,normal
6269,col1-95,holofoil
6271,xy11-97,normal
6272,sm1-56,holofoil
6273,sm1-59,normal
6274,ex13-99,holofoil
6276,xy10-114,normal
6277,sm7-153,holofoil
6278,swsh12pt5-93,normal
6279,sv3pt5-54,normal
6280,dp7-68,normal
6281,sm75-50,normal
6283,pop4-15,normal
6285,swsh10-153,normal
6287,xy9-70,holofoil
6291,mcd21-16,normal
6292,base1-76,normal
6295,swsh8-82,normal
6297,zsv10pt5-13,normal
6303,sm8-59,holofoil
6304,gym1-44,unlimited
6305,sm10-64,normal
6306,xy11-114,holofoil
6307,xy11-112,holofoil
6312,xy10-42,normal
6316,sv7-160,holofoil
6317,sv4-168,normal
6319,pl4-50,normal
6320,swsh3-55,normal
6323,bw8-116,normal
6324,ex7-68,normal
6325,neo2-39,unlimited
6328,sm1-14,normal
6331,xy3-54,holofoil
6340,svp-13,holofoil
6344,hgss2-66,normal
6345,sm10-15,normal
6346,swsh10-207,holofoil
6347,swsh9-166,holofoil
6349,ex13-65,normal
6350,base5-58,unlimited
6352,swsh45sv-SV042,holofoil
6354,swsh6-169,holofoil
6357,xy9-38,normal
6359,pop4-12,normal
6361,sv4-249,holofoil
6362,swsh8-3,holofoil
6363,neo1-51,1stEdition
6364,dp5-15,normal
6365,swsh12-31,normal
6366,sm10-23,normal
6367,sv9-187,holofoil
6372,pl1-122,holofoil
6373,rsv10pt5-73,normal
6374,ex4-47,normal
6376,bw1-73,normal
6377,neo1-6,unlimitedHolofoil
6379,swshp-SWSH134,holofoil
6380,base2-36,unlimited
6384,ex8-99,holofoil
6389,me1-83,normal
6390,sm3-64,holofoil
6391,neo4-48,1stEdition
6393,ex14-20,normal
6394,xyp-XY150,holofoil
6396,sv7-20,normal
6397,swsh8-42,normal
6400,sv10-44,normal
6402,swsh1-118,normal
6403,xy3-16,normal
6404,hgss3-89,holofoil
6405,sm10-182,normal
6406,sv3pt5-141,holofoil
6408,swsh3-186,holofoil
6410,xy9-99,normal
6412,smp-SM162,holofoil
6413,sv6pt5-46,holofoil
6416,swsh1-58,holofoil
6418,dp3-57,normal
6420,bw4-86,normal
6421,ex7-12,holofoil
6422,ex4-76,normal
6423,base5-33,unlimited
6424,sv5-70,normal
6426,base3-14,unlimitedHolofoil
6427,swsh12pt5-80,normal
6428,dp2-85,normal
6429,sm2-79,normal
6431,sv3-87,normal
6434,zsv10pt5-49,holofoil
6436,ex12-78,normal
6437,swsh12pt5-75,normal
6438,hgss3-41,normal
6440,dpp-DP07,holofoil
6441,gym1-125,unlimited
6442,gym2-48,1stEdition
6443,bw5-39,normal
6446,sv8-204,holofoil
6447,bwp-BW39,holofoil
6448,swsh45sv-SV032,holofoil
6449,swsh3-183,holofoil
6452,swsh12pt5gg-GG42,holofoil
6453,swsh12pt5-110,normal
6454,sv7-66,normal
6457,me1-77,holofoil
6459,dp3-28,normal
6463,sm1-128,normal
6465,xyp-XY152,holofoil
6468,swsh10-26,holofoil
6471,bw2-61,normal
6472,bw1-112,normal
6475,sv3pt5-61,normal
6477,swsh6-54,normal
6478,ex4-96,holofoil
6479,sv5-175,holofoil
6481,pl1-57,normal
6483,sm8-153,holofoil
6485,swsh4-112,normal
6486,ex16-6,holofoil
6488,sm1-110,holofoil
6489,dp1-64,normal
6491,pgo-30,holofoil
6492,ecard3-6,normal
6494,dp3-1,holofoil
6495,me1-40,normal
6496,swsh8-149,normal
6497,xy6-22,normal
6499,swsh12pt5-71,normal
6500,base5-27,unlimited
6502,dpp-DP40,holofoil
6503,ex14-4,holofoil
6507,ecard1-58,normal
6508,ex14-44,normal
6511,base6-95,normal
6512,xy6-88,normal
6513,sm5-56,normal
6514,ex10-11,holofoil
6515,sv4-23,normal
6516,sm9-50,normal
6518,sm12-64,normal
6519,zsv10pt5-134,holofoil
6520,bwp-BW35,normal
6521,sm35-29,holofoil
6522,me2-122,holofoil
6524,swsh8-241,normal
6525,sm115-23,normal
6526,swsh12pt5gg-GG45,holofoil
6527,swsh6-167,holofoil
6528,swsh12pt5-70,normal
6530,bw9-40,normal
6531,hgss3-82,holofoil
6533,smp-SM98,holofoil
6534,swsh12-87,normal
6536,rsv10pt5-72,normal
6539,neo3-30,1stEdition
6540,swsh35-16,holofoil
6544,sv1-26,normal
6545,swsh4-152,normal
6546,swsh45sv-SV102,holofoil
6554,xy12-14,normal
6555,sv4pt5-79,normal
6556,sv10-10,normal
6557,sv3pt5-139,holofoil
6558,mcd21-5,holofoil
6559,sm2-76,holofoil
6560,me1-7,normal
6561,rsv10pt5-138,holofoil
6563,ex4-69,normal
6565,sma-SV89,holofoil
6566,hgss2-84,holofoil
6567,swsh12-160,normal
6568,sm9-32,holofoil
6569,bw1-90,normal
6572,cel25-19,holofoil
6573,me1-12,normal
6574,xy9-77,holofoil
6576,swsh6-164,holofoil
6577,sv9-42,normal
6578,mcd21-20,holofoil
6579,swsh5-100,normal
6580,sm3-65,normal
6582,pl3-115,normal
6583,sv3-179,holofoil
6586,bw11-50,holofoil
6587,dp2-93,normal
6588,ex2-5,holofoil
6590,neo2-30,1stEdition
6591,swsh4-80,normal
6594,sm12-218,holofoil
6596,sm115-62,normal
6598,sm11-108,normal
6599,swsh12pt5-85,normal
6600,swsh7-228,holofoil
6602,ex13-35,normal
6605,xy4-35,holofoil
6606,sm6-68,normal
6607,dp4-20,normal
6611,swsh4-82,holofoil
6613,sv9-142,normal
6614,rsv10pt5-135,holofoil
6615,swsh2-82,normal
6616,xyp-XY44,holofoil
6617,sm5-52,normal
6621,rsv10pt5-157,holofoil
6623,pop2-5,normal
6624,base3-59,unlimited
6626,swsh7-232,holofoil
6627,sv8-89,normal
6628,sv6-75,normal
6629,pl1-100,normal
6630,pop8-7,normal
6631,neo3-39,1stEdition
6633,swsh9-86,normal
6636,sv7-161,holofoil
6637,dp5-13,holofoil
6638,sm8-207,holofoil
6639,sv8-66,normal
6640,xy12-74,normal
6642,sv7-124,normal
6644,me1-80,normal
6645,dp3-44,normal
6646,hgss1-4,holofoil
6648,np-38,holofoil
6649,xy1-28,holofoil
6651,sv4pt5-157,holofoil
6652,ex15-58,normal
6653,base2-64,1stEdition
6654,sv10-223,holofoil
6658,sm4-34,holofoil
6660,pop5-13,normal
6661,mcd21-17,holofoil
6664,sv8-163,normal
6665,bw7-135,normal
6666,xy12-75,normal
6667,base5-65,unlimited
6668,neo4-97,1stEdition
6670,swsh10-48,normal
6671,swshp-SWSH089,holofoil
6672,ex13-41,normal
6673,sm75-22,normal
6674,sm2-48,normal
6675,dp2-112,normal
6677,swsh7-194,holofoil
6679,xy6-89,normal
6682,bw9-115,holofoil
6688,dp6-9,holofoil
6689,sv10-128,holofoil
6691,dp4-84,normal
6692,sv10-234,holofoil
6693,sv4-125,holofoil
6695,neo1-68,unlimited
6696,sm5-42,normal
6698,swsh8-51,normal
6699,sm2-82,normal
6703,ex14-86,normal
6704,sv2-27,holofoil
6705,sv3pt5-68,holofoil
6706,sv7-76,holofoil
6712,xy12-82,normal
6713,swsh45sv-SV004,holofoil
6714,dpp-DP30,holofoil
6715,swsh2-45,normal
6716,ex2-41,normal
6717,sv4pt5-224,holofoil
6718,rsv10pt5-99,holofoil
6719,sv8pt5-88,normal
6721,base3-55,unlimited
6722,base1-48,normal
6725,ex10-91,normal
6726,mcd11-4,holofoil
6728,swsh8-247,holofoil
6730,sv6-215,holofoil
6732,swsh5-92,normal
6734,sv9-182,holofoil
6736,sv1-117,normal
6738,bw6-31,normal
6739,base2-11,1stEditionHolofoil
6740,swsh10-58,normal
6741,smp-SM226,holofoil
6742,ex10-24,normal
6744,sv6-212,holofoil
6746,gym1-2,1stEditionHolofoil
6750,sv6pt5-82,holofoil
6751,sv3-123,holofoil
6752,xy8-30,normal
6757,swsh12pt5-54,holofoil
6758,svp-101,normal
6759,swsh12-82,normal
6760,neo2-19,1stEdition
6761,sv4-92,normal
6762,sv6-202,holofoil
6764,swsh12tg-TG12,holofoil
6765,pop6-14,holofoil
6766,neo1-59,1stEdition
6767,ecard3-90,normal
6768,sm3-79,normal
6770,swsh9-173,holofoil
6771,ex13-77,normal
6772,dp4-62,normal
6773,ex10-E,holofoil
6775,sv4-215,holofoil
6776,swsh4-79,holofoil
6777,ex12-46,normal
6782,swsh8-219,normal
6786,swsh10-17,holofoil
6787,swsh6-15,normal
6788,bw10-103,holofoil
6789,sm1-23,normal
6791,pop9-14,normal
6794,sv2-85,normal
6797,gym1-71,1stEdition
6799,bwp-BW72,holofoil
6800,sv8-201,holofoil
6801,xy2-52,normal
6803,swsh1-210,holofoil
6806,ex1-85,normal
6807,sv3-164,holofoil
6809,hgss3-44,normal
6811,mcd21-23,holofoil
6813,xy3-42,normal
6814,sm7-114,normal
6820,sm12-113,normal
6821,swsh10-113,holofoil
6823,g1-61,normal
6824,ex11-65,normal
6825,swsh45sv-SV051,holofoil
6826,base1-58,normal
6827,swsh9-119,normal
6828,swsh12-89,holofoil
6831,ecard2-49,normal
6833,sv2-54,normal
6834,sm5-93,normal
6835,swsh1-208,holofoil
6839,sm9-29,normal
6840,sv5-104,holofoil
6841,swsh12-28,normal
6843,neo2-74,1stEdition
6844,ex2-90,normal
6845,xy10-76,normal
6846,gym1-44,1stEdition
6847,sm6-40,normal
6848,gym2-49,unlimited
6849,sv10-119,holofoil
6850,neo1-93,1stEdition
6851,sm8-80,normal
6853,col1-37,normal
6854,sm2-16,normal
6858,dp7-29,normal
6862,swsh45-67,holofoil
6863,sv10-49,holofoil
6866,ex7-62,normal
6867,bw9-50,normal
6870,zsv10pt5-128,holofoil
6871,bw5-108,holofoil
6872,swshp-SWSH136,holofoil
6873,swsh6-97,holofoil
6875,swshp-SWSH006,holofoil
6877,sv8-231,holofoil
6878,sv5-50,holofoil
6879,sm2-62,normal
6880,sv6-169,holofoil
6881,dp5-42,normal
6883,swsh45-35,normal
6884,svp-90,holofoil
6885,sm10-113,normal
6887,xy2-29,normal
6888,ex16-78,normal
6889,sv8-47,normal
6891,swsh1-85,holofoil
6892,xy9-117,holofoil
6893,bw4-78,normal
6894,ex6-84,normal
6895,swsh5-69,normal
6896,hgss1-68,normal
6901,sm1-133,normal
6902,ex16-105,holofoil
6903,xyp-XY08,holofoil
6904,zsv10pt5-155,holofoil
6905,sv9-83,normal
6906,sm5-125,normal
6907,sm10-111,normal
6909,bw9-55,normal
6910,sm12-248,holofoil
6911,pop7-5,normal
6912,xy10-56,holofoil
6913,sv9-135,normal
6915,basep-48,normal
6916,ex14-92,holofoil
6918,ex7-73,normal
6920,sv1-5,normal
6921,swsh3-88,holofoil
6922,swsh3-124,normal
6923,base1-28,normal
6929,swsh6-36,holofoil
6934,sv2-36,normal
6935,sm12-63,holofoil
6936,pl2-44,normal
6940,sv7-95,normal
6943,mcd22-12,normal
6945,xy10-23,normal
6946,pop7-1,holofoil
6947,sm8-74,normal
6949,ex3-84,normal
6951,ecard2-72,normal
6952,swsh12-198,holofoil
6953,neo1-62,unlimited
6957,bw3-87,normal
6959,xy2-2,normal
6960,dp3-69,normal
6961,ex7-51,normal
6962,xy8-128,normal
6963,bw8-11,normal
6964,svp-92,holofoil
6965,xy2-94,normal
6966,swsh5-87,holofoil
6967,sm9-3,normal
6974,ex9-4,holofoil
6975,ex10-26,normal
6977,swsh4-151,normal
6982,bw11-40,normal
6984,sm10-126,holofoil
6986,sm3-74,normal
6987,sm12-201,normal
6989,sv4-80,normal
6991,xy3-82,normal
6993,ex4-43,normal
6995,swsh12-91,normal
6996,zsv10pt5-74,normal
6998,me1-136,holofoil
6999,sv8-120,normal
7002,sv5-57,normal
7003,swsh8-264,holofoil
7005,sm11-149,normal
7006,gym1-89,1stEdition
7007,xy5-66,normal
7008,swsh2-91,holofoil
7014,sv9-171,holofoil
7016,swsh12tg-TG13,holofoil
7017,swsh8-131,normal
7020,xy3-86,normal
7023,swsh5-14,normal
7024,sv4-78,normal
7025,ex1-55,normal
7026,sm3-22,normal
7027,ex10-113,holofoil
7028,xy1-56,normal
7029,xy1-12,normal
7031,ecard2-87,normal
7032,sv3-154,normal
7033,neo1-76,1stEdition
7036,swsh5-112,normal
7041,swsh7-225,holofoil
7044,sm1-13,normal
7049,sm8-190,normal
7056,sv7-43,normal
7057,svp-74,holofoil
7059,sm12-202,normal
7060,gym1-16,unlimitedHolofoil
7061,ex10-64,normal
7062,neo1-78,1stEdition
7064,gym1-82,1stEdition
7065,pop4-3,holofoil
7066,sv4pt5-125,holofoil
7068,swsh4-94,normal
7069,sm7-37,normal
7070,bw5-1,normal
7073,xy10-53,normal
7074,cel25-6,holofoil
7075,bw11-RC4,holofoil
7077,swshp-SWSH144,holofoil
7079,swsh5-40,holofoil
7081,neo4-93,unlimited
7082,xy4-84,normal
7083,sv5-105,normal
7086,sma-SV47,holofoil
7087,hgss1-110,holofoil
7088,sv2-92,normal
7089,swsh12-191,holofoil
7090,sm10-224,holofoil
7091,bw4-53,normal
7092,ex16-76,normal
7095,swsh12-124,normal
7097,xy11-60,normal
7098,xyp-XY30,holofoil
7100,sm9-4,normal
7101,dp1-91,normal
7102,sm3-124,normal
7104,swsh35-63,normal
7108,ex6-22,normal
7109,svp-37,holofoil
7110,sv4pt5-196,holofoil
7112,bw7-121,normal
7113,sv4pt5-109,holofoil
7115,ex13-59,normal
7116,swsh9tg-TG08,holofoil
7120,swsh10tg-TG09,holofoil
7122,me1-133,holofoil
7127,sv4-135,holofoil
7128,bw8-87,normal
7129,xy5-77,holofoil
7130,bw1-51,normal
7132,bw7-100,normal
7134,swsh9-30,normal
7136,swsh7-137,normal
7140,neo4-109,unlimitedHolofoil
7142,hgss1-46,normal
7143,ex6-53,normal
7145,ex7-14,holofoil
7147,ex3-12,holofoil
7149,smp-SM84,holofoil
7150,xy10-37,normal
7153,pl3-3,holofoil
7155,xy2-73,normal
7156,ex9-81,normal
7157,swsh6-184,holofoil
7158,base1-97,normal
7159,swsh7-52,normal
7160,sm75-1,normal
7164,sv3-205,holofoil
7166,sm9-38,normal
7168,sm11-191,normal
7169,swsh45-50,holofoil
7171,sv4-176,normal
7172,sm8-96,normal
7173,swsh10-107,holofoil
7174,sm11-93,normal
7175,ex1-56,normal
7177,xy9-91,normal
7178,ex10-P,holofoil
7179,ex1-44,normal
7182,dc1-26,normal
7183,sv3pt5-51,normal
7184,xy12-38,holofoil
7187,swsh5-180,holofoil
7189,swsh5-12,normal
7190,xy6-18,normal
7192,gym2-1,unlimitedHolofoil
7193,swsh5-104,normal
7197,sm3-56,normal
7198,dp2-33,normal
7199,sm11-30,holofoil
7200,xy3-34,normal
7202,sm115-58,holofoil
7203,sv8-134,normal
7204,swsh10tg-TG12,holofoil
7206,sv6-38,holofoil
7207,gym1-11,1stEditionHolofoil
7211,ex14-8,holofoil
7213,sv7-107,holofoil
7214,bw7-47,holofoil
7215,hgss2-39,normal
7216,sv3pt5-103,normal
7221,swsh12tg-TG07,holofoil
7225,rsv10pt5-159,holofoil
7226,swsh10-80,normal
7228,swsh7-111,holofoil
7229,smp-SM86,holofoil
7232,sv7-39,normal
7236,sm10-103,holofoil
7237,swsh10-215,holofoil
7238,sv8pt5-112,normal
7239,sv9-125,normal
7240,sv9-7,normal
7242,bw8-112,normal
7245,swsh6-106,normal
7247,pl3-74,normal
7248,sv5-54,normal
7249,sma-SV1,holofoil
7251,neo1-50,1stEdition
7252,bw8-12,normal
7254,sv4pt5-83,normal
7257,bw5-47,holofoil
7258,sv5-65,normal
7260,swsh8-76,holofoil
7264,xy12-41,normal
7265,ex10-111,holofoil
7266,swsh12pt5-67,normal
7267,bw9-86,holofoil
7270,sm35-48,normal
7271,sv4pt5-100,holofoil
7273,ex1-48,normal
7274,col1-36,normal
7275,neo1-18,unlimitedHolofoil
7276,swsh9tg-TG03,holofoil
7281,hgss3-85,holofoil
7284,hgss1-64,normal
7287,gym2-118,unlimited
7288,swsh12pt5-19,holofoil
7290,sm12-65,normal
7291,xy8-163,holofoil
7293,mcd19-8,holofoil
7294,sv1-233,holofoil
7295,swsh8-244,normal
7296,xy1-95,holofoil
7297,sm9-66,normal
7298,sma-SV37,holofoil
7299,swsh1-44,normal
7300,me2-112,holofoil
7301,dp6-118,normal
7304,pop8-4,holofoil
7305,swsh4-3,normal
7307,sm2-113,normal
7308,sv5-167,holofoil
7309,ecard3-H13,holofoil
7310,sm3-46,normal
7311,pl1-39,normal
7314,pgo-36,normal
7315,gym1-20,unlimited
7317,sm6-50,normal
7318,me2-90,normal
7320,svp-179,holofoil
7321,bw7-63,holofoil
7326,hgss4-84,normal
7327,ex9-8,holofoil
7330,swsh12pt5-11,normal
7331,swshp-SWSH064,holofoil
7333,svp-124,holofoil
7334,sv3-38,normal
7336,ex5-46,normal
7337,pl3-15,normal
7338,neo2-60,1stEdition
7339,bw3-24,normal
7340,pop5-10,normal
7342,mcd21-25,holofoil
7343,hgss1-109,holofoil
7345,ex10-R,holofoil
7346,swsh12-73,holofoil
7347,xy5-98,normal
7348,sm11-33,normal
7349,swsh7-80,holofoil
7350,xy9-72,normal
7354,ecard3-32,normal
7356,base4-1,holofoil
7358,col1-82,normal
7359,pl4-45,normal
7360,neo1-73,1stEdition
7363,sv9-72,normal
7365,xy4-79,normal
7366,hgss4-53,normal
7367,sv8-199,holofoil
7368,xy5-96,normal
7369,bw2-89,holofoil
7371,ex11-42,normal
7372,xy1-114,holofoil
7373,bw11-78,holofoil
7375,sv5-26,normal
7376,ex4-36,normal
7377,pop5-3,holofoil
7378,swsh1-102,normal
7381,sv4pt5-64,normal
7383,xy3-19,normal
7384,pl4-62,normal
7385,bp-6,normal
7389,gym1-29,unlimited
7390,me2-95,holofoil
7391,sm10-205,holofoil
7392,dp2-46,normal
7395,swsh12pt5-133,holofoil
7396,sm2-129,normal
7397,ex11-57,normal
7398,swsh2-17,holofoil
7399,bw9-51,normal
7401,me2-89,normal
7402,col1-54,normal
7403,neo4-54,unlimited
7406,swsh6-150,normal
7407,sm10-106,holofoil
7411,swsh6-161,holofoil
7412,gym2-105,1stEdition
7414,sv8-39,normal
7415,swsh45-1,normal
7416,bw2-88,holofoil
7417,svp-178,holofoil
7418,neo1-111,1stEdition
7420,sv3pt5-32,normal
7423,base6-2,holofoil
7425,smp-SM58,holofoil
7426,sv8-57,holofoil
7429,swsh5-169,holofoil
7430,me1-62,normal
7431,swsh9-136,normal
7432,swsh45-26,normal
7433,sm5-96,normal
7435,gym2-112,unlimited
7438,xy6-60,holofoil
7439,g1-48,normal
7440,pl4-98,holofoil
7441,sv1-93,normal
7442,me1-132,normal
7443,swsh10-1,holofoil
7445,swsh12pt5gg-GG65,holofoil
7447,sm10-8,holofoil
7448,xy10-110,normal
7449,base4-45,normal
7451,swsh10-124,normal
7452,ex15-50,normal
7453,xy9-27,holofoil
7456,sv9-24,holofoil
7457,sv3-59,normal
7459,bw7-25,normal
7461,swshp-SWSH090,holofoil
7462,gym1-57,1stEdition
7463,xy6-23,normal
7464,svp-62,holofoil
7469,sv2-41,normal
7470,hgss3-55,normal
7471,cel25c-15_A4,holofoil
7474,ecard2-16,normal
7476,hgss1-45,normal
7477,base3-39,1stEdition
7478,xy12-112,normal
7480,sm7-113,normal
7481,bw4-102,holofoil
7482,sv9-102,normal
7484,gym2-89,unlimited
7488,sv3-177,normal
7489,swsh8-28,normal
7490,sm10-203,holofoil
7492,base5-76,unlimited
7493,base5-76,1stEdition
7496,ex5-80,normal
7497,ex13-43,normal
7501,sv3pt5-10,normal
7502,swsh6-8,holofoil
7504,ex14-93,holofoil
7505,swsh3-53,holofoil
7507,sm8-199,holofoil
7509,pop9-4,holofoil
7510,me1-47,normal
7511,swsh8-277,holofoil
7512,xyp-XY205,holofoil
7513,sm12-203,normal
7514,svp-80,holofoil
7515,swsh8-230,normal
7516,gym2-124,unlimited
7517,sv4pt5-68,normal
7521,smp-SM47,holofoil
7524,sv4pt5-171,holofoil
7525,ecard1-50,normal
7526,hgss1-62,normal
7528,gym1-99,unlimited
7529,xy5-29,holofoil
7531,swsh2-157,normal
7532,swsh9-71,normal
7533,ex13-97,normal
7534,xy3-17,holofoil
7535,swsh6-175,holofoil
7537,swsh7-69,normal
7539,swshp-SWSH048,holofoil
7540,np-21,normal
7541,sv8-236,holofoil
7543,swshp-SWSH196,holofoil
7544,xy10-89,normal
7546,sm9-98,normal
7547,sv10-236,holofoil
7548,ex8-14,normal
7552,sm35-13,normal
7553,sm10-194,holofoil
7554,ex5-74,normal
7555,hgss3-58,normal
7556,bw3-64,holofoil
7557,g1-40,normal
7558,ex11-29,normal
7559,hgss1-13,holofoil
7560,pop6-6,normal
7562,neo2-15,unlimitedHolofoil
7563,pop5-3,normal
7570,sv9-86,normal
7571,sv1-162,normal
7572,g1-7,normal
7574,base1-77,normal
7575,dp6-93,normal
7576,rsv10pt5-87,holofoil
7577,svp-97,holofoil
7579,swsh5-172,holofoil
7580,gym2-42,1stEdition
7581,swsh12pt5-158,holofoil
7582,swsh3-70,normal
7584,sv4-236,holofoil
7585,sm10-22,holofoil
7588,xy11-48,normal
7589,xy10-95,normal
7590,sv8-247,holofoil
7591,sv2-43,holofoil
7593,sv6-205,holofoil
7594,xy9-7,normal
7596,dc1-28,normal
7598,smp-SM85,holofoil
7600,sv8-77,normal
7601,sv1-137,normal
7602,sm3-114,normal
7603,col1-79,normal
7605,gym1-108,1stEdition
7606,sv6-135,normal
7609,xy8-46,normal
7610,gym1-53,1stEdition
7611,neo1-14,unlimitedHolofoil
7612,swsh9-59,normal
7613,hgss3-33,normal
7615,sm11-65,normal
7616,swsh6-200,holofoil
7617,zsv10pt5-110,holofoil
7618,swshp-SWSH203,holofoil
7619,xyp-XY05,holofoil
7620,sv4pt5-7,normal
7621,gym1-59,unlimited
7622,me2-63,normal
7624,xy7-19,normal
7627,swsh8-31,normal
7628,dp6-7,holofoil
7629,sm8-233,holofoil
7631,swsh1-213,holofoil
7632,bwp-BW51,holofoil
7635,swsh3-85,normal
7637,pl4-97,holofoil
7639,rsv10pt5-77,holofoil
7640,swsh2-160,normal
7641,pl3-26,normal
7642,zsv10pt5-55,normal
7644,ecard3-126,normal
7645,me1-130,normal
7646,sm10-201,holofoil
7647,swsh8-268,holofoil
7648,det1-13,holofoil
7650,xy5-36,holofoil
7651,pl4-94,holofoil
7653,ex15-74,normal
7654,dp6-35,normal
7655,sv3pt5-135,holofoil
7657,neo2-73,1stEdition
7659,g1-1,holofoil
7660,sv4pt5-227,holofoil
7661,xy4-113,holofoil
7663,sm12-27,normal
7665,smp-SM10,holofoil
7667,sv1-198,normal
7668,sm7-116,normal
7669,sm12-209,normal
7670,xyp-XY39,holofoil
7671,base5-74,1stEdition
7676,swsh2-199,holofoil
7677,sv10-214,holofoil
7678,sv2-49,normal
7679,sv10-105,normal
7680,base5-36,1stEdition
7681,sm4-88,normal
7682,sm1-92,normal
7683,xy10-73,holofoil
7684,sm9-118,normal
7687,swsh5-143,holofoil
7688,xy8-10,normal
7690,sv8pt5-59,holofoil
7691,swsh8-21,holofoil
7692,swsh6-20,holofoil
7695,base4-99,normal
7696,me2-117,holofoil
7697,ex14-62,normal
7698,xy3-45,normal
7699,sm9-65,normal
7701,swsh10-97,holofoil
7702,sm3-81,normal
7703,swsh1-94,normal
7705,sv6pt5-88,holofoil
7706,swsh6-214,holofoil
7709,sv8pt5-51,holofoil
7710,hgss1-85,normal
7711,sm115-44,holofoil
7716,sm4-70,holofoil
7717,ecard1-19,holofoil
7719,ex13-47,normal
7722,sm8-159,holofoil
7724,swsh9tg-TG29,holofoil
7725,sv5-110,normal
7726,bwp-BW36,holofoil
7728,dp5-8,holofoil
7733,zsv10pt5-133,holofoil
7734,sv4pt5-217,holofoil
7736,swsh35-61,normal
7741,swsh8-194,normal
7743,base3-40,unlimited
7745,bw5-79,normal
7746,bw3-68,normal
7749,dp6-29,normal
7750,ex14-63,normal
7753,sm11-79,holofoil
7757,neo2-37,unlimited
7759,swsh9-49,normal
7763,sv9-84,normal
7767,swsh12-10,normal
7768,swsh11-194,holofoil
7769,svp-7,holofoil
7774,smp-SM228,holofoil
7775,sm7-43,normal
7776,svp-11,holofoil
7780,swsh6-77,normal
7781,sm5-117,holofoil
7782,swsh8-182,normal
7785,rsv10pt5-116,holofoil
7786,base6-108,normal
7788,swsh10-210,holofoil
7789,rsv10pt5-60,normal
7790,sv8-223,holofoil
7792,pl3-53,normal
7793,swsh12-210,holofoil
7796,bw5-13,holofoil
7798,rsv10pt5-93,holofoil
7800,xyp-XY109,holofoil
7801,sm8-187,normal
7802,sv1-229,holofoil
7803,ex8-91,normal
7805,ecard1-123,normal
7806,neo4-52,unlimited
7807,si1-5,normal
7808,sm35-17,normal
7810,swsh45-43,normal
7812,gym2-78,unlimited
7813,hgss3-7,holofoil
7814,sm4-65,normal
7816,swsh2-20,normal
7817,swsh1-56,normal
7818,pop3-13,normal
7819,xyp-XY159,normal
7820,pop1-2,holofoil
7821,det1-2,holofoil
7822,sv10-227,holofoil
7823,swsh6-44,holofoil
7825,xy7-54,holofoil
7826,bw8-35,normal
7827,pl2-61,normal
7831,pl1-109,normal
7832,xy7-52,normal
7833,sm115-26,normal
7835,xy5-138,normal
7836,dp1-70,normal
7840,rsv10pt5-143,holofoil
7841,sv10-15,normal
7843,sv4-217,holofoil
7844,gym2-83,1stEdition
7845,swsh2-94,normal
7846,sm35-58,normal
7848,ex5-8,holofoil
7850,swsh11tg-TG09,holofoil
7851,swsh8-243,normal
7852,swsh5-110,holofoil
7854,pop6-7,holofoil
7857,bw6-58,normal
7858,basep-53,normal
7860,xy4-111,normal
7862,swshp-SWSH169,holofoil
7863,sm3-71,holofoil
7864,base4-95,normal
7865,sv10-21,normal
7866,sv9-130,normal
7868,hgss2-8,holofoil
7869,swsh7-234,holofoil
7870,ecard2-26,normal
7873,neo2-38,1stEdition
7876,sv10-135,normal
7878,ex5-32,normal
7881,swsh10-161,holofoil
7883,base3-19,1stEdition
7885,sm9-105,normal
7886,xy4-9,normal
7890,sv10-82,holofoil
7891,sv9-67,holofoil
7894,swsh7-8,holofoil
7895,ecard2-24,normal
7896,ex6-38,normal
7897,sv3-181,normal
7901,swsh1-114,normal
7903,sv5-76,normal
7904,ecard3-18,normal
7905,sv3-167,normal
7906,sv3pt5-9,holofoil
7910,gym2-68,unlimited
7911,swsh12pt5gg-GG64,holofoil
7912,sv4-114,normal
7915,base6-45,normal
7916,sv10-58,normal
7917,bw1-14,normal
7920,ex16-55,normal
7922,gym2-69,1stEdition
7924,sv5-86,normal
7925,sv3pt5-43,normal
7927,swsh12pt5-79,normal
7929,ex6-42,normal
7930,mcd21-25,normal
7933,sm5-158,holofoil
7934,pl1-96,normal
7936,base1-20,normal
7937,pl1-17,holofoil
7939,base3-62,unlimited
7941,base5-52,1stEdition
7942,neo2-50,1stEdition
7943,sm12-258,holofoil
7944,zsv10pt5-19,normal
7947,gym2-19,1stEditionHolofoil
7948,swsh7-22,normal
7949,sv9-96,normal
7950,ex1-81,normal
7951,dp7-63,normal
7952,bwp-BW16,normal
7957,neo2-6,unlimitedHolofoil
7958,swsh9tg-TG19,holofoil
7961,base4-74,normal
7962,pop7-2,normal
7964,swsh12tg-TG27,holofoil
7967,sv3-39,normal
7968,ex9-12,normal
7969,zsv10pt5-119,holofoil
7970,swsh3-73,normal
7972,pl3-79,normal
7973,basep-18,normal
7975,svp-141,holofoil
7977,swsh3-6,normal
7978,sv8pt5-132,holofoil
7981,sm11-56,normal
7984,swsh12pt5gg-GG49,holofoil
7985,swsh10-38,normal
7986,swsh1-77,normal
7988,swsh5-66,normal
7989,ex15-5,holofoil
7991,xy12-94,normal
7992,gym2-40,unlimited
7993,sv8-78,normal
7994,ex15-59,normal
7995,hgss3-64,normal
7997,swsh12-47,normal
7998,xy10-17,normal
7999,xy9-58,normal
8000,xy9-37,normal
8001,neo3-57,unlimited
8002,sv10-2,normal
8003,swshp-SWSH053,holofoil
8004,xy12-48,normal
8006,sv3-160,normal
8007,bw11-31,normal
8008,neo4-110,unlimitedHolofoil
8009,dp6-63,normal
8010,neo4-54,1stEdition
8014,sm11-227,holofoil
8015,ex12-24,normal
8016,sm5-76,normal
8020,swsh9-15,normal
8027,dp6-16,holofoil
8029,sv7-30,holofoil
8032,basep-40,normal
8034,swsh8-161,holofoil
8035,sm4-29,normal
8036,swsh8-81,normal
8037,sm5-54,normal
8039,ex5-92,normal
8040,pl4-63,normal
8041,swshp-SWSH062,holofoil
8043,hgss3-62,normal
8044,sv3pt5-133,normal
8046,neo3-15,1stEdition
8047,swsh45sv-SV031,holofoil
8049,dp6-51,normal
8050,base3-31,unlimited
8051,sv8-97,normal
8052,base1-4,holofoil
8053,xy9-106,normal
8054,sm4-30,normal
8055,sm12-100,normal
8056,bw3-33,normal
8058,det1-14,holofoil
8059,swsh6-10,normal
8060,dp6-131,normal
8062,dp6-62,normal
8063,xy7-82,normal
8064,me1-108,normal
8065,me1-102,normal
8066,sm115-6,holofoil
8067,xy10-63,holofoil
8069,swsh10-198,holofoil
8070,sv5-120,holofoil
8071,gym2-117,1stEdition
8073,hgss4-14,normal
8074,bw2-92,normal
8075,swsh10-167,holofoil
8077,xy3-79,normal
8078,ex11-68,normal
8079,swsh12-97,holofoil
8082,sv3pt5-165,normal
8083,swsh8-56,normal
8084,sm8-25,normal
8087,bw3-9,normal
8089,swsh10-68,holofoil
8091,sv7-58,normal
8093,sm3-37,normal
8094,xy6-74,normal
8098,neo3-9,1stEditionHolofoil
8099,ecard1-56,normal
8101,swsh12-66,holofoil
8103,swsh1-10,normal
8104,swsh4-160,normal
8105,bw11-RC10,holofoil
8106,swsh12pt5gg-GG60,holofoil
8108,hgss3-13,normal
8109,sm8-192,normal
8110,base5-26,1stEdition
8114,gym1-41,1stEdition
8115,zsv10pt5-50,normal
8116,bw11-71,normal
8117,ex15-30,normal
8119,sm7-91,normal
8121,svp-117,holofoil
8122,ex10-99,normal
8126,base3-40,1stEdition
8127,sv9-9,normal
8128,bw3-69,normal
8129,bw2-8,normal
8130,sv6-118,normal
8131,gym1-109,unlimited
8132,gym2-114,1stEdition
8134,swshp-SWSH189,holofoil
8135,ex1-20,normal
8136,gym1-61,1stEdition
8137,sv4pt5-9,normal
8139,pl3-36,normal
8140,ex3-56,normal
8142,bw2-77,holofoil
8143,bw3-55,normal
8148,ex12-43,normal
8150,sm7-97,holofoil
8151,sm7-96,normal
8152,swsh12-44,normal
8155,swsh1-180,normal
8156,sv3pt5-73,normal
8158,sv3pt5-97,normal
8161,sv4pt5-42,normal
8162,base4-57,normal
8163,xy11-39,normal
8165,sv8pt5-179,holofoil
8166,sv8pt5-5,holofoil
8168,sm12-244,holofoil
8169,xy11-82,holofoil
8170,svp-44,holofoil
8171,ex15-72,normal
8173,dp7-50,normal
8174,dp7-36,normal
8176,base1-69,normal
8177,base3-43,unlimited
8180,g1-RC29,holofoil
8181,base2-49,unlimited
8183,bw1-68,normal
8184,sm6-62,holofoil
8187,sm12-169,normal
8188,ex5-71,normal
8189,base1-71,normal
8190,ex14-91,holofoil
8191,ex1-79,normal
8192,mcd19-7,holofoil
8194,ecard3-H18,holofoil
8196,swshp-SWSH120,holofoil
8197,base6-72,normal
8198,ex2-54,normal
8199,swsh45-52,normal
8200,sv4pt5-70,holofoil
8204,swsh12pt5-81,normal
8206,ex2-45,normal
8208,sm6-104,normal
8209,base6-54,normal
8210,bw4-28,normal
8212,sv4pt5-66,holofoil
8218,base6-69,normal
8219,sm8-91,normal
8221,bw2-69,normal
8222,sm10-107,holofoil
8224,ex2-51,normal
8225,neo1-44,1stEdition
8226,sv7-49,normal
8227,ecard1-121,normal
8229,sm11-116,normal
8230,swsh45-22,normal
8232,ex12-13,holofoil
8233,sv4pt5-148,holofoil
8234,zsv10pt5-58,normal
8235,dpp-DP52,holofoil
8236,swsh11-191,holofoil
8237,base5-23,1stEdition
8239,swsh6-224,holofoil
8240,sm11-5,normal
8241,xy2-88,normal
8244,swsh9-158,holofoil
8246,sm11-199,normal
8247,rsv10pt5-172,holofoil
8248,swsh8-61,normal
8253,sm6-43,normal
8254,neo3-56,unlimited
8255,hsp-HGSS08,holofoil
8256,me1-145,holofoil
8257,sm1-156,holofoil
8259,swsh12pt5-101,holofoil
8260,sm8-213,holofoil
8261,sm11-105,normal
8262,xy12-70,holofoil
8265,swsh8-164,normal
8266,me1-44,normal
8267,swsh1-159,normal
8270,swsh10tg-TG08,holofoil
8273,sm5-19,holofoil
8276,swsh10-120,normal
8277,xy2-44,normal
8279,sm7-179,holofoil
8283,swsh5-68,normal
8284,col1-15,holofoil
8285,hgss4-62,normal
8286,ex4-26,normal
8287,swsh9-52,normal
8289,ex4-87,normal
8292,base3-16,unlimited
8294,sm12-205,normal
8295,xy8-159,holofoil
8297,swsh8-92,normal
8301,rsv10pt5-149,holofoil
8303,col1-93,holofoil
8305,smp-SM110,normal
8306,xy10-48,normal
8307,sv7-41,holofoil
8308,xy11-98,normal
8309,hgss2-83,normal
8311,xy2-86,normal
8314,sm7-27,normal
8315,dp6-1,holofoil
8316,bw6-32,normal
8318,base5-59,unlimited
8320,xy1-64,normal
8322,sv8pt5-123,normal
8323,ex5-84,normal
8324,sv10-72,normal
8326,base1-83,normal
8327,xy6-11,normal
8328,base3-47,unlimited
8329,base4-6,holofoil
8332,bw4-103,holofoil
8333,swsh6-2,normal
8334,bw10-70,normal
8336,bw11-115,holofoil
8337,sv9-137,normal
8338,base5-75,unlimited
8341,sv10-68,normal
8342,swsh12pt5-73,normal
8344,pl1-114,normal
8345,swsh4-153,normal
8347,sv4pt5-24,holofoil
8350,dp1-55,normal
8351,ex6-111,normal
8353,sv7-141,normal
8354,sm4-74,holofoil
8355,sv10-180,normal
8358,sm2-120,normal
8360,sv1-72,normal
8361,sv1-212,holofoil
8362,smp-SM194,holofoil
8363,sv1-241,holofoil
8364,smp-SM48,holofoil
8365,dp6-49,normal
8366,sm12-215,holofoil
8368,bw6-45,normal
8370,dp2-32,normal
8371,sv4pt5-62,normal
8373,swsh8-115,normal
8374,swsh11-188,holofoil
8375,bw7-24,normal
8378,dp7-40,normal
8380,sv3-156,holofoil
8383,ex8-65,normal
8384,sm2-47,holofoil
8385,svp-127,holofoil
8389,svp-158,holofoil
8390,sv1-181,normal
8391,sm10-35,holofoil
8392,bw2-16,normal
8393,sv4pt5-193,holofoil
8394,sm1-155,holofoil
8395,dp3-2,holofoil
8396,sm9-83,normal
8397,sm8-200,holofoil
8398,sm2-61,normal
8402,ex12-41,normal
8406,ex8-13,normal
8408,bw7-65,normal
8411,sm12-104,holofoil
8412,swsh8-255,holofoil
8413,sm12-119,normal
8415,neo4-58,1stEdition
8418,sm115-31,holofoil
8420,swsh2-208,holofoil
8421,sm4-101,holofoil
8422,sv9-184,holofoil
8423,sv8pt5-20,normal
8424,swsh7-65,holofoil
8425,xy12-35,normal
8426,sv3pt5-153,normal
8429,gym2-80,1stEdition
8430,sv6-153,normal
8431,sv3pt5-160,normal
8432,xy3-51,normal
8434,rsv10pt5-12,normal
8436,sv4-27,holofoil
8437,ex14-60,normal
8438,xyp-XY41,holofoil
8440,swshp-SWSH119,holofoil
8441,ecard1-54,normal
8443,swsh10tg-TG24,holofoil
8447,swsh5-146,holofoil
8450,bw7-79,normal
8454,me2-25,normal
8456,ex4-25,normal
8457,xy12-110,normal
8459,xy0-12,holofoil
8460,swsh9-41,normal
8462,sv7-59,normal
8463,ecard2-133,normal
8464,ex1-107,normal
8466,dp5-18,normal
8467,swsh5-101,normal
8468,sv6-173,holofoil
8469,bw11-113,normal
8470,me1-38,holofoil
8474,base6-39,normal
8478,bw7-99,holofoil
8479,dp4-57,normal
8480,sm7-58,normal
8481,swsh6-63,normal
8482,swshp-SWSH042,holofoil
8483,xy6-67,normal
8485,neo2-29,unlimited
8486,svp-48,holofoil
8489,sv3-93,normal
8490,swsh10-51,normal
8491,swsh7-102,normal
8494,sv8-129,normal
8495,xy9-53,normal
8498,sv1-89,normal
8499,xy8-162,holofoil
8500,sv4-130,normal
8501,xy7-96,holofoil
8505,swsh8-27,normal
8506,sv4pt5-211,holofoil
8507,xy5-38,holofoil
8509,sm8-114,normal
8515,sm2-43,normal
8516,swsh12-211,holofoil
8517,basep-6,normal
8518,xy11-52,normal
8519,ru1-10,normal
8520,sm9-79,normal
8521,bw5-24,normal
8522,sv1-51,normal
8523,sv1-141,normal
8524,sm4-84,holofoil
8526,neo4-2,unlimitedHolofoil
8527,neo4-96,unlimited
8529,swsh10-2,normal
8530,sm115-61,normal
8531,pop6-9,holofoil
8534,sv1-15,holofoil
8535,swsh9-102,normal
8538,bw6-13,normal
8539,sv10-175,normal
8541,swsh5-50,holofoil
8542,gym1-107,1stEdition
8543,sv9-12,normal
8544,gym1-23,1stEdition
8545,ru1-3,normal
8552,basep-47,normal
8553,pop9-3,normal
8554,sv6-44,normal
8557,ex1-104,normal
8561,ecard3-14,normal
8563,gym1-45,unlimited
8565,svp-207,holofoil
8566,dp2-110,normal
8567,neo2-48,unlimited
8568,sv1-158,holofoil
8569,dp1-114,normal
8570,swsh10tg-TG30,holofoil
8571,bw3-54,normal
8572,mcd21-4,holofoil
8573,sm3-110,normal
8574,neo2-36,unlimited
8575,sv4-175,normal
8576,swsh12-46,normal
8577,ex16-47,normal
8578,bw3-50,normal
8581,me2-44,normal
8582,xy1-100,normal
8583,xy8-108,normal
8584,sm11-34,normal
8585,sv8pt5-173,holofoil
8586,sv8pt5-119,holofoil
8589,sv3pt5-89,normal
8590,bw4-99,holofoil
8591,swshp-SWSH185,holofoil
8592,sma-SV46,holofoil
8593,ex5-22,normal
8594,neo1-102,unlimited
8595,pop2-8,normal
8599,swsh4-155,normal
8602,bw8-115,normal
8603,xyp-XY86,holofoil
8605,base2-59,1stEdition
8608,xy5-13,normal
8613,swsh8-177,normal
8615,ex6-83,normal
8617,ex12-52,normal
8620,swsh9-121,holofoil
8621,ex9-57,normal
8624,bw11-30,normal
8625,sv10-162,normal
8626,ecard3-40,normal
8627,rsv10pt5-81,normal
8628,sv6-18,normal
8629,svp-12,holofoil
8632,swsh8-155,normal
8633,dp2-38,normal
8637,ex13-60,normal
8638,ex10-13,holofoil
8639,dp2-87,normal
8641,sm3-53,holofoil
8642,ecard1-110,normal
8643,neo4-108,unlimitedHolofoil
8644,xy5-81,normal
8646,base2-19,unlimited
8647,sv8pt5-54,holofoil
8649,swsh10-197,holofoil
8651,sma-SV71,holofoil
8652,sv9-62,normal
8654,sm1-161,holofoil
8655,ex7-81,normal
8658,sv3pt5-129,normal
8660,sm11-18,normal
8661,svp-182,holofoil
8662,swsh45sv-SV063,holofoil
8663,bw1-39,normal
8664,swsh3-91,normal
8665,sm6-75,normal
8668,swsh5-62,holofoil
8677,hgss4-90,normal
8678,sm6-77,normal
8679,neo1-49,1stEdition
8680,swsh10-84,holofoil
8681,swsh3-19,holofoil
8682,gym2-19,unlimitedHolofoil
8683,sv8-81,normal
8686,bw10-24,normal
8687,sv2-12,normal
8690,swsh1-24,holofoil
8691,sm10-52,normal
8692,swsh7-181,holofoil
8693,sm4-100,normal
8694,xy2-48,normal
8696,np-11,normal
8697,swsh45-46,holofoil
8700,bw9-41,normal
8701,sv7-16,normal
8702,sm6-59,holofoil
8703,bw1-111,normal
8704,swsh6-147,normal
8705,swsh6-112,holofoil
8706,rsv10pt5-37,normal
8708,ex13-21,normal
8709,sv3pt5-113,holofoil
8712,g1-81,normal
8713,sv8-208,holofoil
8714,swsh2-80,normal
8715,gym1-84,1stEdition
8716,me1-105,normal
8717,bwp-BW85,holofoil
8718,xyp-XY12,holofoil
8719,swsh1-36,normal
8720,gym1-22,1stEdition
8721,swsh12pt5-27,normal
8724,swsh1-81,normal
8725,smp-SM38,holofoil
8726,svp-146,holofoil
8728,sv1-222,holofoil
8730,swsh10-103,normal
8731,swsh7-212,holofoil
8733,xy12-21,holofoil
8735,dp3-89,normal
8737,sm10-82,holofoil
8738,bw11-29,holofoil
8740,xy5-71,normal
8741,dp7-55,normal
8742,hgss2-61,normal
8743,bw4-22,holofoil
8744,swsh7-41,holofoil
8745,xy10-2,normal
8746,xy10-90,normal
8749,sm1-116,normal
8752,rsv10pt5-128,holofoil
8754,xy5-89,normal
8755,base6-35,normal
8756,ecard2-56,normal
8758,sm3-75,holofoil
8759,sv8-184,normal
8760,zsv10pt5-48,normal
8762,bw6-117,normal
8764,sm11-96,normal
8765,xy12-63,holofoil
8766,ex4-42,normal
8767,sv6-160,normal
8769,swsh12pt5gg-GG12,holofoil
8771,sv4pt5-30,normal
8772,ex1-37,normal
8773,sv1-155,normal
8774,swsh7-17,normal
8775,dp2-1,holofoil
8776,bw5-56,normal
8777,sv3pt5-193,holofoil
8779,xy10-78,normal
8781,pl3-38,normal
8782,zsv10pt5-113,holofoil
8784,ex2-72,normal
8785,pl3-43,normal
8789,sv6pt5-6,holofoil
8790,sv6-21,normal
8791,sv7-168,holofoil
8792,swsh7-209,holofoil
8793,swsh5-28,normal
8795,sv1-168,normal
8797,bw9-100,normal
8801,bw2-48,normal
8802,hgss2-78,normal
8803,sv6pt5-36,holofoil
8804,sv4pt5-187,holofoil
8806,xy7-24,normal
8807,bw11-89,normal
8808,swsh8-106,normal
8809,sm8-178,holofoil
8810,xy3-110,holofoil
8812,bw1-48,normal
8814,sm35-60,normal
8815,bw9-4,normal
8819,neo3-2,unlimitedHolofoil
8821,sm10-42,normal
8822,swsh45-13,holofoil
8826,ex9-3,normal
8827,sm12-62,holofoil
8828,g1-RC6,holofoil
8829,swsh2-170,normal
8830,dp7-18,normal
8832,base6-60,normal
8836,swshp-SWSH070,holofoil
8841,swsh9-153,holofoil
8842,base3-53,unlimited
8843,base6-42,normal
8844,sm8-157,normal
8847,sv5-53,normal
8848,neo4-113,unlimitedHolofoil
8849,sv3-56,normal
8850,sm12-46,normal
8852,hgss2-46,normal
8853,xy9-71,normal
8854,ex10-52,normal
8856,sv10-146,holofoil
8857,dp3-65,normal
8858,xy8-158,holofoil
8859,hgss1-84,normal
8862,rsv10pt5-133,holofoil
8864,neo1-103,1stEdition
8865,sv10-161,normal
8867,ex14-49,normal
8868,swsh10-101,holofoil
8870,swsh8-154,normal
8871,swsh2-15,normal
8873,dp2-53,normal
8875,sm35-76,holofoil
8877,ex9-69,normal
8879,bw9-37,normal
8880,bw10-53,normal
8881,pgo-3,holofoil
8885,swsh8-215,normal
8886,xy12-78,normal
8887,sv9-143,normal
8888,sm3-25,holofoil
8889,ex4-60,normal
8890,ex7-41,normal
8891,xy1-60,normal
8895,sm11-244,holofoil
8896,base6-91,normal
8897,sm35-21,normal
8899,base1-1,holofoil
8902,sv10-203,holofoil
8903,sv4pt5-16,normal
8905,bw5-110,holofoil
8907,base3-47,1stEdition
8908,swsh12pt5-106,normal
8910,hgss1-106,holofoil
8911,sv4-127,normal
8912,ecard3-16,normal
8913,sm1-43,normal
8916,bw7-2,normal
8917,xy11-63,normal
8918,sm4-56,holofoil
8919,sm2-15,normal
8920,zsv10pt5-71,normal
8921,hgss1-89,normal
8923,sv6-65,holofoil
8924,hgss2-41,normal
8925,sm1-27,holofoil
8926,xy0-4,holofoil
8928,xy6-91,normal
8931,xy4-56,normal
8933,me2-77,normal
8934,dp7-57,normal
8936,ecard2-H29,holofoil
8937,sv8-147,holofoil
8939,xyp-XY203,holofoil
8941,sv4-246,holofoil
8942,base4-102,normal
8943,sv8pt5-71,normal
8944,sm12-234,holofoil
8945,xy1-59,normal
8946,ex2-20,normal
8947,swshp-SWSH183,holofoil
8950,pop3-9,normal
8951,me1-95,holofoil
8952,swsh45sv-SV111,holofoil
8953,neo1-109,1stEdition
8956,sm11-92,normal
8957,sm11-90,normal
8962,bw10-92,holofoil
8964,pl3-82,normal
8965,xy0-23,normal
8966,bw3-96,normal
8967,base6-87,normal
8970,swsh35-57,normal
8972,col1-17,holofoil
8973,np-18,holofoil
8975,sv8pt5-60,holofoil
8976,sv3pt5-199,holofoil
8978,pl2-19,normal
8979,swshp-SWSH039,holofoil
8980,sv6pt5-18,normal
8982,smp-SM234,holofoil
8983,bw5-46,normal
8984,neo2-38,unlimited
8986,gym2-57,unlimited
8987,bw1-99,normal
8989,sm9-31,normal
8990,me2-127,holofoil
8991,swsh35-43,normal
8993,np-40,holofoil
8994,dp4-12,normal
8995,bwp-BW54,normal
8996,sv4pt5-245,holofoil
8997,svp-36,holofoil
9000,mcd11-2,holofoil
9001,ex2-75,normal
9004,col1-84,normal
9005,swsh3-94,normal
9006,swsh2-158,normal
9007,ex8-1,normal
9011,neo3-37,unlimited
9013,ex2-10,holofoil
9014,ex8-26,normal
9015,me1-122,normal
9016,sv3pt5-166,holofoil
9017,me1-170,holofoil
9019,bw9-97,normal
9020,gym1-123,1stEdition
9021,swsh11tg-TG30,holofoil
9023,sv4-198,holofoil
9024,sv4pt5-98,holofoil
9026,bw8-75,normal
9027,swsh7-21,holofoil
9031,sv3-207,holofoil
9032,bw5-29,holofoil
9034,sm3-60,normal
9036,pl4-25,normal
9037,pl3-88,normal
9038,xy2-102,holofoil
9039,base2-51,1stEdition
9041,ex9-26,normal
9042,swsh8-112,normal
9043,sv5-150,normal
9046,pl4-82,normal
9047,neo1-34,unlimited
9048,pop3-1,normal
9051,swsh10-71,normal
9052,swsh45sv-SV037,holofoil
9053,dp5-96,normal
9054,ex8-38,normal
9055,ex5-11,holofoil
9056,dp1-6,holofoil
9057,xy8-164,holofoil
9059,sv7-87,normal
9064,ex5-76,normal
9065,swsh45sv-SV068,holofoil
9067,xy11-40,holofoil
9069,sv5-200,holofoil
9070,ex7-64,normal
9071,swsh10-208,holofoil
9072,dp1-118,normal
9073,dp3-85,normal
9074,sm9-96,holofoil
9075,ex3-94,holofoil
9076,swsh4-46,holofoil
9078,g1-51,normal
9079,swsh1-37,normal
9080,sv8-177,normal
9082,swsh10-4,normal
9083,sm8-62,normal
9087,pl3-17,normal
9090,swsh1-12,normal
9095,sv6-170,holofoil
9096,ex5-60,normal
9097,sv6-139,normal
9098,swsh9-43,normal
9100,sm2-45,holofoil
9101,sv2-89,holofoil
9104,swsh6-181,holofoil
9105,base2-37,1stEdition
9106,sm4-9,normal
9107,sm12-160,normal
9109,base1-101,normal
9111,sv4-156,holofoil
9115,ex9-16,normal
9116,sv8pt5-25,holofoil
9117,bwp-BW74,holofoil
9119,sm11-127,normal
9120,sv5-145,normal
9121,sv1-230,holofoil
9122,sv10-191,holofoil
9124,xy11-28,normal
9125,gym1-129,1stEdition
9126,swsh1-200,holofoil
9127,sv2-2,normal
9128,swsh10-53,holofoil
9129,xy10-64,holofoil
9130,pl3-11,holofoil
9131,xy5-128,normal
9132,xy11-86,holofoil
9133,swsh6-28,holofoil
9134,xy11-3,normal
9136,swsh12-120,holofoil
9137,swsh9-114,holofoil
9138,xy10-71,normal
9139,sv5-211,holofoil
9140,bw10-81,normal
9141,me1-175,holofoil
9142,ex6-5,holofoil
9143,swshp-SWSH096,holofoil
9144,ex2-50,normal
9145,ex4-3,holofoil
9146,ecard2-19,normal
9147,sv4pt5-198,holofoil
9148,hgss4-68,normal
9149,ex12-45,normal
9151,sv4-104,holofoil
9152,pgo-13,normal
9154,sv3-55,normal
9156,pop2-17,normal
9157,sv5-98,normal
9163,base2-55,1stEdition
9166,base5-22,1stEdition
9167,xy1-120,normal
9168,sm2-60,holofoil
9171,swsh9-174,holofoil
9173,swsh3-63,holofoil
9174,xy12-34,holofoil
9181,sm8-95,normal
9182,ecard2-31,normal
9183,dp3-31,normal
9184,g1-12,holofoil
9185,swsh12-105,holofoil
9186,xy3-20,holofoil
9187,ex10-109,holofoil
9188,xyp-XY195,holofoil
9189,sv1-157,normal
9191,swsh45sv-SV085,holofoil
9192,xy10-115,normal
9193,xyp-XY53,holofoil
9195,me1-188,holofoil
9197,sm12-112,normal
9198,sv6-69,normal
9199,gym1-129,unlimited
9200,bw11-RC2,holofoil
9201,sv3pt5-46,normal
9203,zsv10pt5-7,normal
9205,sv7-83,normal
9206,sv3pt5-198,holofoil
9208,xyp-XY114,holofoil
9209,swsh8-258,holofoil
9210,dp7-94,normal
9211,neo1-30,1stEdition
9214,swsh1-160,normal
9215,swsh7-208,holofoil
9216,ex10-51,normal
9217,swsh6-225,holofoil
9218,bw7-76,normal
9223,swsh45sv-SV106,holofoil
9224,rsv10pt5-54,holofoil
9228,bw8-58,holofoil
9230,bw1-4,normal
9231,neo3-59,1stEdition
9232,sm10-226,holofoil
9233,neo4-14,unlimitedHolofoil
9235,sm5-65,holofoil
9236,smp-SM106,holofoil
9238,bw6-68,normal
9240,swsh12-168,normal
9241,ecard3-27,normal
9242,ex10-48,normal
9243,sv8-55,normal
9245,ex8-75,normal
9246,bw7-119,normal
9247,neo1-54,1stEdition
9248,neo3-52,1stEdition
9250,sm4-39,normal
9251,sma-SV43,holofoil
9255,sv8pt5-102,normal
9258,sv4-138,normal
9259,sv9-50,normal
9260,ex3-61,normal
9261,sv8-246,holofoil
9263,sv9-14,normal
9265,swsh12-186,holofoil
9266,pl3-44,normal
9267,ex7-2,holofoil
9269,sv8pt5-50,normal
9270,pgo-1,normal
9271,ecard2-35,normal
9272,sv1-54,holofoil
9274,smp-SM192,holofoil
9276,base6-1,holofoil
9278,sv10-158,normal
9280,dp6-47,normal
9281,xy7-88,holofoil
9282,swsh4-178,holofoil
9283,hgss1-81,normal
9285,col1-67,normal
9289,swsh10tg-TG07,holofoil
9291,swsh5-111,normal
9293,neo1-37,unlimited
9300,gym1-16,1stEditionHolofoil
9301,ex6-111,holofoil
9302,bw5-33,normal
9306,bw7-16,normal
9308,pl4-76,normal
9310,sv6pt5-98,holofoil
9311,gym2-67,1stEdition
9314,sv4pt5-192,holofoil
9315,xy10-79,holofoil
9318,sm1-134,normal
9319,pgo-6,normal
9322,swsh4-63,normal
9323,sma-SV45,holofoil
9324,sv10-174,normal
9325,zsv10pt5-104,holofoil
9326,swsh9-26,holofoil
9329,swsh12pt5gg-GG59,holofoil
9330,ex12-8,holofoil
9331,sv4pt5-170,holofoil
9332,bw1-75,normal
9333,ex12-23,normal
9334,xy8-69,normal
9335,sm6-57,normal
9338,ex16-77,normal
9346,sm4-20,normal
9348,dp7-90,normal
9350,swsh2-11,normal
9351,swsh12-29,normal
9353,ex10-92,normal
9355,xy9-107,normal
9356,sv10-193,holofoil
9357,swsh8-217,holofoil
9359,swsh12pt5-149,holofoil
9360,swsh1-27,normal
9362,smp-SM29,holofoil
9365,sm5-17,normal
9366,ex10-63,normal
9367,bw4-84,normal
9368,bw1-95,normal
9369,bw3-70,normal
9370,base1-56,normal
9371,me1-117,normal
9373,pop8-6,normal
9374,gym1-101,1stEdition
9377,bw1-1,normal
9379,sm11-210,normal
9380,sv4-14,normal
9384,bw9-47,normal
9385,swsh6-27,normal
9386,smp-SM167,holofoil
9387,sm12-56,normal
9388,swsh3-191,holofoil
9389,xy4-15,normal
9390,me1-144,holofoil
9391,ex15-45,normal
9392,sv1-60,normal
9393,pl1-44,normal
9394,xy8-34,holofoil
9395,sv9-156,normal
9396,xy6-90,normal
9397,svp-128,holofoil
9398,ex12-91,holofoil
9401,sv7-1,holofoil
9402,pop1-3,normal
9403,bw8-38,normal
9404,sv7-92,normal
9407,basep-36,normal
9409,sv10-43,normal
9410,sv4-5,normal
9411,rsv10pt5-75,normal
9413,sv7-63,normal
9415,ex8-51,normal
9417,ex9-44,normal
9418,sv1-30,normal
9419,base2-33,1stEdition
9421,swsh12-104,normal
9422,smp-SM54,holofoil
9427,sv3-187,normal
9428,sv6-182,holofoil
9430,xy6-15,normal
9431,base4-116,normal
9433,sm10-46,normal
9434,bwp-BW14,normal
9436,sm12-69,holofoil
9437,sv6-43,normal
9439,gym2-30,1stEdition
9440,ex8-14,holofoil
9441,bw6-56,normal
9443,sv1-195,normal
9444,bw11-28,holofoil
9446,sv7-171,holofoil
9447,gym1-64,1stEdition
9449,gym2-119,1stEdition
9451,swsh3-4,normal
9452,ex8-6,normal
9456,swsh12-193,holofoil
9457,sv2-71,holofoil
9458,bw4-80,normal
9459,sv6-92,normal
9464,sm5-84,normal
9467,sv4pt5-73,normal
9471,base5-20,unlimited
9473,ex10-56,normal
9474,ecard1-126,normal
9476,basep-14,normal
9477,sv8pt5-172,holofoil
9478,swsh9-157,holofoil
9479,bw7-48,normal
9480,xy2-45,normal
9481,swsh4-199,holofoil
9482,sv3pt5-128,normal
9483,ex13-55,normal
9484,swshp-SWSH002,holofoil
9486,rsv10pt5-166,holofoil
9488,xy4-39,normal
9490,gym2-77,1stEdition
9493,sv3pt5-131,normal
9494,swshp-SWSH123,holofoil
9497,xy3-37,normal
9499,swsh45sv-SV062,holofoil
9500,bw4-98,holofoil
9501,sm4-108,holofoil
9502,xy1-66,normal
9503,swsh12pt5-115,normal
9504,swsh6-117,normal
9506,sv3-104,normal
9507,neo2-35,unlimited
9509,base5-53,unlimited
9513,ex16-19,normal
9515,swsh45sv-SV057,holofoil
9516,swsh9-150,normal
9517,hgss4-18,normal
9518,sv8-141,holofoil
9520,sm11-75,normal
9522,sm1-17,holofoil
9523,sv7-119,holofoil
9524,hgss3-19,normal
9525,sm7-154,holofoil
9526,sv6-33,holofoil
9528,ex4-79,normal
9529,smp-SM03,holofoil
9532,sm12-13,normal
9533,bw11-RC6,holofoil
9534,pl1-9,holofoil
9535,sv8-35,normal
9537,bw6-59,holofoil
9538,ex11-34,normal
9540,pl1-130,holofoil
9541,neo4-85,1stEdition
9542,me1-179,holofoil
9543,sv7-48,normal
9544,bw7-52,normal
9545,swsh12-157,normal
9547,xy7-41,normal
9548,ex4-16,normal
9551,swshp-SWSH085,holofoil
9554,sm1-63,holofoil
9555,base4-65,normal
9556,bw8-113,normal
9557,sv8pt5-129,holofoil
9559,sv4pt5-37,holofoil
9560,xy7-51,normal
9561,xy3-33,normal
9562,me2-31,normal
9564,neo4-30,unlimited
9567,swsh2-194,holofoil
9569,sv3pt5-159,normal
9570,ex2-15,normal
9572,sm2-164,holofoil
9573,bw8-42,normal
9574,ex14-27,normal
9576,base5-39,unlimited
9578,swsh1-197,holofoil
9579,sm75-28,normal
9580,pl2-78,normal
9584,rsv10pt5-58,normal
9585,bw5-86,normal
9588,col1-80,normal
9589,neo1-32,1stEdition
9591,xy8-41,normal
9593,sv1-214,holofoil
9596,xy10-52,normal
9597,swshp-SWSH099,holofoil
9598,base3-8,1stEditionHolofoil
9599,pl4-78,normal
9600,swsh10tg-TG11,holofoil
9601,xy6-78,normal
9602,swsh1-6,normal
9603,ex4-45,normal
9604,swsh12pt5-107,holofoil
9606,ex9-53,normal
9607,swshp-SWSH027,holofoil
9608,swsh7-27,normal
9613,swsh2-35,holofoil
9614,xy2-74,holofoil
9617,swsh1-80,holofoil
9621,sv1-48,normal
9623,xy1-75,normal
9625,swsh9-156,holofoil
9626,dc1-31,normal
9628,ex3-65,normal
9629,me1-31,normal
9630,sv3-75,normal
9631,sv8-232,holofoil
9632,base5-57,1stEdition
9633,sma-SV87,holofoil
9634,xy7-15,holofoil
9636,sma-SV50,holofoil
9638,bw8-78,holofoil
9639,xy7-71,normal
9640,swsh4-107,normal
9641,me2-26,holofoil
9642,ex12-61,normal
9643,neo4-57,unlimited
9645,sv3-113,normal
9646,xy11-111,holofoil
9647,bw10-2,normal
9648,sv8pt5-18,normal
9649,sm9-45,normal
9650,sv3pt5-149,holofoil
9651,neo4-99,1stEdition
9654,gym2-32,unlimited
9655,sm11-123,normal
9657,ecard2-11,normal
9661,sv5-23,normal
9662,swsh1-86,holofoil
9663,swsh3-75,normal
9664,ex15-35,normal
9665,me2-118,holofoil
9666,sm8-228,holofoil
9667,sm11-212,normal
9669,sm8-48,holofoil
9670,me2-41,holofoil
9671,ecard3-21,normal
9673,rsv10pt5-20,holofoil
9677,base1-60,normal
9679,gym2-67,unlimited
9680,neo3-58,unlimited
9681,swsh3-23,normal
9682,sv4-25,normal
9683,swsh12tg-TG14,holofoil
9684,swsh7-200,holofoil
9685,swsh10-95,normal
9686,rsv10pt5-47,normal
9690,swsh7-97,normal
9691,swsh45-36,normal
9693,swsh4-118,normal
9694,sv7-85,normal
9695,swsh12pt5-103,holofoil
9696,gym2-87,unlimited
9697,ex7-90,normal
9698,dp4-59,normal
9700,base5-74,unlimited
9703,swsh7-82,holofoil
9707,sv8pt5-174,holofoil
9708,sv8-189,normal
9709,svp-82,holofoil
9711,rsv10pt5-167,holofoil
9712,sv1-231,holofoil
9713,ex16-40,normal
9714,sv6-77,holofoil
9717,sm8-55,normal
9718,xy8-13,normal
9719,sm11-71,holofoil
9723,sv10-90,normal
9725,sm10-5,normal
9726,swsh6-143,normal
9727,neo4-83,unlimited
9729,swsh12pt5gg-GG43,holofoil
9730,swsh6-38,normal
9731,hgss2-90,holofoil
9732,pl3-13,holofoil
9735,swsh4-130,normal
9736,swsh9-98,normal
9739,swsh45sv-SV041,holofoil
9741,svp-43,holofoil
9742,hgss3-59,normal
9743,xy3-18,normal
9744,rsv10pt5-118,holofoil
9745,col1-66,normal
9746,sm12-24,normal
9747,xyp-XY156,holofoil
9748,sv9-174,holofoil
9749,smp-SM113,normal
9751,swsh2-161,normal
9753,sm35-53,holofoil
9754,xy0-21,normal
9755,xy5-139,normal
9756,ex1-8,holofoil
9758,sm6-16,normal
9762,pgo-33,normal
9764,base1-26,normal
9765,xyp-XY206,holofoil
9767,hgss4-7,holofoil
9768,swsh1-216,holofoil
9769,xy4-94,normal
9770,ecard2-33,normal
9771,ex8-29,normal
9773,sv3-211,holofoil
9775,bwp-BW69,normal
9781,dp4-77,normal
9784,sm6-58,normal
9785,mcd21-2,normal
9788,sm1-99,holofoil
9790,hgss1-59,normal
9791,sv2-33,holofoil
9793,base5-27,1stEdition
9794,pop3-1,holofoil
9795,swsh5-9,normal
9796,bw7-31,normal
9797,me1-131,normal
9798,sv1-247,holofoil
9801,sv9-47,normal
9802,dp2-62,normal
9806,gym1-131,unlimited
9807,g1-26,normal
9809,swsh10tg-TG21,holofoil
9810,swsh3-126,normal
9811,xy8-111,holofoil
9812,smp-SM128,holofoil
9813,sm12-249,holofoil
9814,xy3-88,normal
9815,swsh12-205,holofoil
9816,xy4-11,normal
9817,hgss1-49,normal
9821,bw8-88,normal
9822,ex2-19,normal
9823,sv4-264,holofoil
9824,swshp-SWSH118,holofoil
9826,dp7-39,normal
9827,xy0-5,normal
9829,swsh45-66,holofoil
9832,neo2-70,unlimited
9833,neo1-57,1stEdition
9834,swsh7-202,holofoil
9835,ecard1-51,normal
9836,swsh10-3,normal
9838,pl4-30,normal
9841,xy1-25,normal
9842,ru1-1,holofoil
9843,swsh7-50,holofoil
9844,xy4-114,holofoil
9845,ex12-88,holofoil
9846,ex1-38,normal
9847,base2-18,unlimited
9848,swsh8-281,holofoil
9850,sv7-159,holofoil
9851,sv1-164,holofoil
9854,ex13-66,normal
9855,gym2-51,unlimited
9856,sm11-81,normal
9857,base3-14,1stEditionHolofoil
9859,bw9-118,holofoil
9861,neo2-45,unlimited
9862,ecard2-139,normal
9863,sm8-128,normal
9864,pl2-6,holofoil
9865,me2-102,holofoil
9867,neo4-61,1stEdition
9868,base6-26,normal
9869,xy6-80,normal
9870,swsh8-91,normal
9872,sv7-8,normal
9874,sm8-49,normal
9879,sm1-15,holofoil
9881,sv5-13,normal
9882,bw9-15,normal
9883,neo3-19,unlimited
9886,xy11-68,holofoil
9887,bw9-56,holofoil
9889,swsh6-142,normal
9891,sm3-44,normal
9892,gym1-13,1stEditionHolofoil
9893,sv1-201,holofoil
9894,sm11-52,normal
9898,pl1-4,holofoil
9899,cel25c-15_A3,holofoil
9900,sm6-22,normal
9901,sv8-2,normal
9904,ecard1-3,holofoil
9905,rsv10pt5-156,holofoil
9907,swsh45-55,holofoil
9908,ex1-70,normal
9909,sm3-4,normal
9911,sv4-4,normal
9913,g1-RC7,normal
9915,sv3-117,normal
9916,swsh10-136,normal
9917,sv6pt5-67,holofoil
9918,swsh45sv-SV119,holofoil
9919,sm10-57,holofoil
9920,sm7-47,normal
9921,ex8-54,normal
9922,bw8-53,normal
9923,sv9-91,normal
9926,sv8pt5-106,normal
9927,base2-58,1stEdition
9928,hgss3-35,normal
9929,bw3-22,normal
9930,sv4-77,normal
9931,gym2-2,1stEditionHolofoil
9935,xyp-XY21,holofoil
9936,base5-2,unlimitedHolofoil
9939,swsh6-228,holofoil
9940,sv4pt5-15,holofoil
9942,col1-90,holofoil
9943,xy1-4,normal
9944,sv4-52,normal
9945,sm35-28,normal
9947,zsv10pt5-88,holofoil
9948,ecard1-90,normal
9949,xy2-66,holofoil
9950,xy8-43,normal
9951,sm2-46,normal
9953,me1-87,normal
9954,sv6pt5-48,normal
9957,sv4-55,normal
9958,swsh45sv-SV105,holofoil
9959,ex13-27,normal
9960,base1-22,normal
9961,gym1-12,1stEditionHolofoil
9963,sm10-181,normal
9964,bw4-71,normal
9965,sv8pt5-135,holofoil
9967,sv7-175,holofoil
9968,bw11-60,normal
9969,swsh7-64,holofoil
9970,zsv10pt5-116,holofoil
9971,smp-SM230,holofoil
9972,swsh6-31,holofoil
9973,pgo-21,normal
9974,gym2-90,1stEdition
9975,swsh8-103,holofoil
9977,dc1-29,normal
9979,ex7-39,normal
9980,bw10-51,normal
9981,neo2-54,1stEdition
9983,sm11-155,normal
9984,bw2-82,normal
9985,swsh1-67,normal
9986,swsh1-14,holofoil
9987,gym1-87,1stEdition
9988,sm12-245,holofoil
9992,neo2-48,1stEdition
9993,zsv10pt5-146,holofoil
9995,sv6-214,holofoil
9997,swsh7-67,normal
9998,base1-40,normal
9999,me1-155,holofoil
10001,sv4-99,normal
10002,swsh12pt5gg-GG20,holofoil
10004,smp-SM76,holofoil
10006,base6-59,normal
10008,bw8-124,normal
10010,xy10-75,normal
10016,ex3-96,holofoil
10017,sv7-97,normal
10018,swsh7-136,normal
10020,sm3-16,normal
10022,sv6pt5-64,normal
10023,bw6-90,holofoil
10025,xy5-145,holofoil
10026,pl2-59,normal
10030,ex12-59,normal
10032,swsh7-175,holofoil
10033,sv4-31,normal
10034,me2-108,holofoil
10035,base1-15,holofoil
10038,sm7-125,normal
10040,pl4-48,normal
10041,sv1-69,normal
10042,base4-115,normal
10045,xyp-XY160,holofoil
10046,sv4-108,holofoil
10047,sm9-54,normal
10048,dp7-27,normal
10049,svp-194,holofoil
10052,sv6-206,holofoil
10053,swsh7-66,normal
10055,swsh10-5,normal
10056,sm5-41,normal
10058,sm8-129,holofoil
10059,base4-50,normal
10060,sm12-11,normal
10061,gym2-7,1stEditionHolofoil
10062,hgss1-120,normal
10065,swshp-SWSH047,holofoil
10067,bw3-57,normal
10068,ex7-5,holofoil
10070,swsh10-178,holofoil
10071,swsh8-120,holofoil
10075,sv1-61,holofoil
10077,sv5-137,normal
10081,swsh9-76,normal
10082,hgss2-91,holofoil
10083,dp3-63,normal
10084,bw8-90,holofoil
10085,sv10-124,normal
10086,sm8-60,holofoil
10088,swsh45-68,holofoil
10090,hgss3-77,normal
10091,dpp-DP04,holofoil
10092,swsh8-17,normal
10094,neo3-12,unlimitedHolofoil
10096,rsv10pt5-158,holofoil
10098,swsh9-176,holofoil
10100,ex16-68,normal
10101,np-16,holofoil
10102,dp3-14,holofoil
10103,rsv10pt5-46,normal
10104,bw5-59,normal
10105,sv6-109,normal
10106,rsv10pt5-45,holofoil
10108,me2-14,holofoil
10111,sv9-112,normal
10113,sm11-153,normal
10114,mcd21-24,holofoil
10115,swsh45-45,holofoil
10116,swsh8-284,holofoil
10119,sm2-130,normal
10120,swsh12-86,normal
10121,gym1-86,1stEdition
10122,xy9-90,normal
10124,bw9-45,normal
10125,sv8-53,normal
10128,xy1-50,normal
10129,bw10-3,normal
10130,ex2-39,normal
10131,sm9-77,normal
10132,sm1-109,normal
10134,bw5-14,normal
10135,ecard3-10,normal
10136,sv7-64,normal
10137,sv9-73,normal
10138,gym2-54,1stEdition
10140,sv9-117,holofoil
10141,sv8pt5-62,normal
10144,ex11-47,normal
10145,sv6-208,holofoil
10147,bw1-10,normal
10150,sv8-123,normal
10151,swshp-SWSH264,holofoil
10154,pl3-48,normal
10155,mcd21-22,holofoil
10156,sv3pt5-110,holofoil
10157,pop4-9,normal
10159,swsh7-105,normal
10160,neo3-50,unlimited
10162,pl1-90,normal
10163,np-35,holofoil
10164,sm8-27,normal
10165,sv8-139,normal
10166,bw6-84,holofoil
10168,xy3-104,normal
10170,sv7-162,holofoil
10171,swsh6-130,normal
10172,swsh10-164,holofoil
10173,swsh8-70,normal
10175,neo1-15,unlimitedHolofoil
10176,dc1-13,normal
10177,gym1-2,unlimitedHolofoil
10178,sm8-231,holofoil
10184,sm6-74,holofoil
10185,pl2-45,normal
10186,bw9-114,holofoil
10187,sm75-25,normal
10188,sv10-81,holofoil
10191,sv7-31,normal
10195,sv4-46,holofoil
10197,swsh4-55,normal
10198,dpp-DP43,holofoil
10199,xy10-46,normal
10200,hgss4-2,holofoil
10201,dp1-18,normal
10203,sm75-59,normal
10205,bwp-BW38,holofoil
10207,sv6-176,holofoil
10209,bw2-84,normal
10210,bw7-70,normal
10211,rsv10pt5-70,normal
10212,hgss4-16,normal
10216,swsh5-177,holofoil
10217,swsh45-61,normal
10219,sv9-167,holofoil
10220,bw1-109,normal
10221,swsh35-4,normal
10226,swsh7-26,normal
10227,ex11-113,holofoil
10229,swsh11-193,holofoil
10230,swsh12pt5-94,holofoil
10232,xy3-36,normal
10233,neo3-11,unlimitedHolofoil
10234,xy11-57,normal
10235,swsh6-221,holofoil
10236,neo2-9,unlimitedHolofoil
10238,swsh12pt5gg-GG54,holofoil
10239,smp-SM236,holofoil
10240,xy0-16,normal
10243,xyp-XY55,holofoil
10244,dp1-71,normal
10245,hgss1-65,normal
10246,swsh8-132,normal
10248,base1-51,normal
10251,swsh45sv-SV108,holofoil
10253,neo4-53,unlimited
10257,sv1-228,holofoil
10259,sv4-40,holofoil
10261,swsh8-122,normal
10263,sm3-5,normal
10264,sv1-250,holofoil
10265,swsh12-200,holofoil
10266,sv4-160,normal
10267,sv9-46,normal
10269,sv4pt5-130,holofoil
10272,hgss3-56,normal
10274,sv6-175,holofoil
10275,ex11-66,normal
10277,neo1-64,unlimited
10278,bw7-3,holofoil
10282,dp1-38,normal
10283,me1-65,normal
10284,sv9-54,normal
10285,sm11-55,normal
10287,sv1-19,holofoil
10290,swsh12tg-TG02,holofoil
10292,me1-126,normal
10293,sv8-249,holofoil
10294,sv8-240,holofoil
10295,swsh12-140,holofoil
10297,dp3-41,normal
10299,neo4-52,1stEdition
10300,base6-46,normal
10303,sv8-203,holofoil
10304,swsh6-72,normal
10305,ecard1-156,normal
10308,swshp-SWSH016,holofoil
10309,bw10-100,holofoil
10310,dp5-45,normal
10312,base4-85,normal
10313,hgss3-49,normal
10316,xyp-XY191,holofoil
10317,sm11-225,holofoil
10318,swsh11-196,holofoil
10320,xy10-12,normal
10321,swshp-SWSH044,holofoil
10323,me2-116,holofoil
10328,bw1-108,normal
10329,rsv10pt5-21,holofoil
10331,sm3-3,normal
10332,rsv10pt5-10,holofoil
10333,bw10-74,holofoil
10334,sv2-115,normal
10336,swsh8-128,normal
10337,dp5-49,normal
10339,sv4pt5-90,normal
10343,sv6pt5-62,holofoil
10345,xy10-22,normal
10346,sv9-104,normal
10347,sm12-29,normal
10349,sv8pt5-91,holofoil
10350,swsh9-164,holofoil
10351,sm12-75,holofoil
10354,swsh8-19,normal
10357,sv8pt5-2,normal
10358,gym2-53,unlimited
10360,base5-60,1stEdition
10365,swsh12-147,holofoil
10366,gym2-71,1stEdition
10367,ex12-3,holofoil
10368,swsh4-36,holofoil
10369,dpp-DP14,holofoil
10370,base6-27,normal
10372,sm10-89,holofoil
10373,neo1-50,unlimited
10374,gym2-13,1stEditionHolofoil
10375,sv4-169,normal
10377,dp2-16,holofoil
10379,xy9-49,normal
10380,swsh10-44,normal
10381,dpp-DP16,holofoil
10384,sm6-23,normal
10385,neo4-81,unlimited
10387,swsh9-116,normal
10388,swsh35-23,holofoil
10389,swsh45sv-SV121,holofoil
10390,xy6-39,normal
10391,swsh35-19,normal
10392,dp2-64,normal
10395,sm11-94,normal
10396,base6-76,normal
10398,swsh7-7,holofoil
10399,gym2-100,unlimited
10401,dp3-56,normal
10403,sv7-140,normal
10404,sv3-79,holofoil
10405,ex9-63,normal
10406,dp2-29,normal
10407,swsh6-197,holofoil
10411,sm8-24,normal
10413,swsh1-47,normal
10414,pop6-4,normal
10416,swshp-SWSH197,holofoil
10417,sv10-99,normal
10420,sv8-10,normal
10421,swsh9-50,normal
10422,neo3-24,1stEdition
10425,sm12-94,normal
10426,gym1-30,unlimited
10428,bw9-116,holofoil
10429,xy6-81,normal
10430,swsh12-176,holofoil
10432,swsh9-24,normal
10433,sm12-76,normal
10434,hgss4-1,holofoil
10436,sv6-219,holofoil
10439,swsh4-193,holofoil
10440,ex15-99,holofoil
10441,swsh5-23,normal
10442,me1-119,normal
10443,base6-82,normal
10445,swsh10-170,holofoil
10447,swsh6-88,normal
10448,bw3-77,normal
10449,sm7-21,normal
10453,sv9-177,holofoil
10454,ex2-68,normal
10456,hsp-HGSS03,holofoil
10457,sm9-30,holofoil
10459,swsh45sv-SV087,holofoil
10460,smp-SM56,holofoil
10462,swsh3-196,holofoil
10464,sv9-8,normal
10465,sm12-223,holofoil
10469,gym2-99,unlimited
10470,swsh12pt5-62,normal
10471,swsh9-22,holofoil
10473,ex15-19,normal
10475,bw7-49,holofoil
10476,hgss1-25,normal
10479,pop1-2,normal
10480,pgo-35,holofoil
10481,bw1-91,normal
10482,bw4-81,normal
10483,ex13-98,normal
10484,neo2-34,1stEdition
10486,sv4pt5-5,holofoil
10487,ex4-94,holofoil
10489,sv8-23,normal
10490,sv2-16,normal
10491,sv10-3,holofoil
10499,swsh12-12,normal
10501,sv2-34,normal
10502,sv6-199,holofoil
10505,bw10-58,normal
10506,sm11-43,normal
10509,sv2-129,normal
10510,sv10-26,normal
10511,sm8-117,normal
10517,bw7-125,normal
10520,sm7-156,holofoil
10521,sv1-154,normal
10522,swsh12-85,normal
10523,sm5-35,normal
10524,xyp-XY68,holofoil
10525,bw10-52,normal
10526,base5-77,unlimited
10527,sm10-24,normal
10529,sv3pt5-124,holofoil
10531,sm75-44,holofoil
10532,sm12-44,normal
10533,bw1-113,holofoil
10534,sm35-5,normal
10537,swsh6-174,holofoil
10538,ex9-2,normal
10540,dp4-21,normal
10541,xy12-16,holofoil
10542,bw6-82,normal
10543,xy5-82,normal
10545,sv8-93,normal
10546,xy5-41,normal
10547,swsh4-1,normal
10549,sv6-172,holofoil
10551,xy10-81,normal
10552,ex7-65,normal
10553,pl4-26,normal
10554,swsh45-3,normal
10555,swshp-SWSH030,holofoil
10556,swsh3-187,holofoil
10557,dp3-130,normal
10558,sm11-180,normal
10559,zsv10pt5-85,normal
10563,sv10-125,normal
10564,ex7-48,normal
10565,swsh7-196,holofoil
10566,ex10-116,holofoil
10568,sm6-46,normal
10569,ex14-37,normal
10571,ex11-25,normal
10572,swsh2-135,normal
10573,sm11-203,normal
10574,swsh2-164,normal
10575,xy8-97,normal
10576,gym2-79,unlimited
10578,dp3-122,normal
10579,sv4pt5-137,holofoil
10581,swshp-SWSH265,holofoil
10584,swsh45sv-SV035,holofoil
10585,swsh45sv-SV026,holofoil
10586,smp-SM45,holofoil
10588,xy3-5,holofoil
10590,neo2-46,1stEdition
10592,ecard3-4,normal
10595,sv4pt5-12,normal
10597,ex6-1,holofoil
10598,gym1-125,1stEdition
10599,col1-12,holofoil
10601,dp4-54,normal
10602,xy9-69,normal
10603,xy4-51,normal
10605,sv6pt5-30,normal
10607,swsh1-52,normal
10608,swsh8-191,normal
10611,ecard3-12,normal
10613,swsh35-11,normal
10614,xy12-89,normal
10615,svp-59,holofoil
10619,sv3-153,holofoil
10620,bw3-2,normal
10621,sv3-218,holofoil
10622,smp-SM191,holofoil
10623,ecard2-27,normal
10624,smp-SM05,holofoil
10625,swsh12pt5-87,normal
10627,sm4-31,holofoil
10628,dv1-17,holofoil
10629,base4-66,normal
10630,sv9-159,normal
10632,swshp-SWSH012,holofoil
10634,rsv10pt5-111,holofoil
10635,ex9-24,normal
10636,xyp-XY36,holofoil
10638,swsh12pt5-98,holofoil
10639,sv10-86,normal
10643,me1-91,normal
10644,ex6-113,holofoil
10645,xy6-54,normal
10648,ex16-86,normal
10649,np-33,holofoil
10650,ex11-24,normal
10652,sv4-183,holofoil
10653,sv1-159,normal
10654,swshp-SWSH281,holofoil
10655,dp2-124,holofoil
10656,swsh12pt5-43,normal
10657,sv7-127,normal
10658,sv4pt5-190,holofoil
10659,neo3-59,unlimited
10660,sv10-233,holofoil
10661,sm4-40,normal
10662,ex10-65,normal
10663,xy4-59,normal
10666,me1-48,holofoil
10669,swsh6-233,holofoil
10670,dp4-71,normal
10671,ex8-2,normal
10672,sv6-119,normal
10673,dp1-61,normal
10675,sv4-140,holofoil
10676,dp2-6,holofoil
10677,base5-78,unlimited
10678,xy8-55,holofoil
10679,xy8-44,normal
10680,gym2-89,1stEdition
10684,sm12-6,normal
10685,xy2-71,normal
10689,swsh4-117,normal
10693,gym1-4,unlimitedHolofoil
10694,sm5-156,holofoil
10695,rsv10pt5-121,holofoil
10696,sm5-111,normal
10697,ex14-94,holofoil
10699,sm2-159,holofoil
10700,sv1-189,holofoil
10702,xy12-47,normal
10704,base4-110,normal
10705,swsh1-193,holofoil
10706,xy6-73,normal
10707,sv6-50,normal
10709,sv2-37,holofoil
10711,sm8-28,normal
10712,sm10-211,holofoil
10714,neo4-27,1stEdition
10715,pl1-110,normal
10716,col1-50,normal
10718,sv9-116,holofoil
10719,sv1-227,holofoil
10720,sm2-96,holofoil
10723,ex6-99,normal
10724,ex7-50,normal
10725,sm3-49,normal
10727,ecard2-67,normal
10730,swsh7-109,holofoil
10733,ex4-15,normal
10736,xy5-7,normal
10737,sv4-212,holofoil
10739,sm12-59,normal
10740,bw2-40,normal
10741,dp7-4,holofoil
10742,ex6-32,normal
10743,ex6-95,normal
10744,dp3-5,holofoil
10746,sv8-202,holofoil
10747,swsh6-124,holofoil
10748,sm7-180,holofoil
10749,ex1-5,holofoil
10750,me2-70,holofoil
10751,sv3pt5-130,holofoil
10753,sm10-39,normal
10754,sm9-46,normal
10755,sm10-105,normal
10756,base2-32,1stEdition
10757,sm12-217,holofoil
10758,hgss1-63,normal
10759,dp1-120,holofoil
10761,bw1-13,normal
10764,det1-12,holofoil
10765,swsh12-69,normal
10766,ex1-7,holofoil
10767,ex15-32,normal
10769,sm2-58,holofoil
10770,sv6pt5-68,holofoil
10773,ex15-63,normal
10774,swsh10-78,holofoil
10775,sv4pt5-201,holofoil
10776,swsh11-197,holofoil
10777,sm3-57,normal
10778,ex10-110,holofoil
10779,hgss4-74,normal
10780,col1-46,normal
10781,swsh12pt5-140,holofoil
10782,me2-57,normal
10786,ex11-63,normal
10787,gym2-26,unlimited
10788,ex6-80,normal
10789,rsv10pt5-107,holofoil
10791,sm8-88,normal
10794,dp2-109,normal
10795,ex2-34,normal
10796,swshp-SWSH117,holofoil
10799,gym2-59,unlimited
10800,bw8-74,normal
10801,hsp-HGSS13,holofoil
10803,dp1-78,normal
10804,hgss2-50,normal
10805,sv4pt5-220,holofoil
10808,hgss4-25,normal
10810,sm4-102,holofoil
10811,sv5-27,normal
10814,xy11-61,normal
10815,gym1-83,unlimited
10816,pl2-46,normal
10820,swsh35-7,normal
10821,zsv10pt5-11,normal
10826,swsh7-170,holofoil
10827,ecard3-31,normal
10832,pl2-85,normal
10833,sm3-52,normal
10834,gym2-39,1stEdition
10835,sv1-235,holofoil
10836,swsh10-12,normal
10837,base2-45,unlimited
10838,dv1-14,holofoil
10839,svp-116,holofoil
10840,swsh1-214,holofoil
10841,ex7-45,normal
10842,sm9-71,normal
10843,sm10-213,holofoil
10844,me1-19,normal
10845,ex1-90,normal
10846,zsv10pt5-33,holofoil
10848,sm8-216,holofoil
10850,sv10-127,normal
10851,sm3-156,holofoil
10852,sv8pt5-147,holofoil
10853,sv7-19,normal
10854,ex7-10,holofoil
10855,xy8-96,normal
10856,swsh45sv-SV095,holofoil
10857,swsh12-178,holofoil
10858,sv1-40,normal
10860,swsh9-154,holofoil
10862,xy4-34,holofoil
10863,bw11-20,normal
10865,neo2-40,1stEdition
10866,ex12-38,normal
10867,sm115-12,normal
10868,sm6-51,normal
10869,xy7-7,holofoil
10870,sv3pt5-154,normal
10871,swsh7-185,holofoil
10872,ex1-65,normal
10873,dp5-40,normal
10874,dp5-97,holofoil
10875,sv3-67,normal
10876,sv1-213,holofoil
10877,sm115-50,normal
10878,ex4-38,normal
10879,mcd21-18,holofoil
10881,swsh5-126,normal
10883,dp1-87,normal
10886,hgss4-55,normal
10888,hgss1-20,normal
10889,base5-63,1stEdition
10891,dp7-42,normal
10893,ex14-95,holofoil
10894,xy4-5,normal
10895,base4-30,normal
10896,gym1-43,1stEdition
10899,ex1-83,normal
10901,gym2-5,1stEditionHolofoil
10902,basep-3,normal
10903,ex5-69,normal
10904,ex7-80,normal
10905,bw9-48,normal
10906,swsh12-115,normal
10908,svp-54,holofoil
10910,sv1-197,normal
10911,svp-89,holofoil
10912,swsh9-167,holofoil
10914,g1-82,normal
10917,ex3-88,normal
10918,dp1-47,normal
10919,sv9-26,normal
10920,sv3pt5-138,normal
10921,swsh3-79,normal
10922,swsh7-183,holofoil
10923,zsv10pt5-142,holofoil
10924,xy8-107,holofoil
10925,sv3-201,holofoil
10926,sv1-174,normal
10927,pl3-75,normal
10930,ex9-25,normal
10932,xy5-27,normal
10934,sm10-151,normal
10935,swsh8-197,normal
10936,dp3-4,holofoil
10937,sv3-69,normal
10938,ecard2-H14,holofoil
10939,swsh8-212,normal
10940,base3-52,unlimited
10942,base3-53,1stEdition
10943,sv8pt5-117,holofoil
10944,swsh3-46,normal
10946,sv6-224,holofoil
10947,sm12-207,normal
10950,xyp-XY16,holofoil
10952,sm3-154,holofoil
10955,sm7-46,holofoil
10957,xy11-99,normal
10958,bw7-87,normal
10964,xy3-101,normal
10969,sm2-29,normal
10970,sv3-146,normal
10971,sv3-43,normal
10973,sv8-234,holofoil
10974,sv2-121,normal
10978,base2-60,1stEdition
10980,sv9-149,normal
10983,np-30,holofoil
10987,me1-59,normal
10988,sm10-187,normal
10990,sv5-198,holofoil
10991,ex8-12,normal
10992,gym2-43,1stEdition
10993,swsh45-60,normal
10995,gym1-81,1stEdition
11001,swsh1-133,normal
11002,xy4-95,normal
11007,sv3-230,holofoil
11008,pl1-18,normal
11009,pop1-4,holofoil
11010,swsh5-6,holofoil
11011,mcd21-6,holofoil
11012,bw1-80,normal
11013,ex11-15,holofoil
11015,smp-SM36,holofoil
11016,ex3-70,normal
11017,sv5-49,normal
11019,neo2-55,unlimited
11023,dp6-23,normal
11024,dp7-6,holofoil
11025,swsh8-210,normal
11026,swsh1-99,holofoil
11030,bw11-95,normal
11031,zsv10pt5-130,holofoil
11032,swsh5-39,normal
11034,ex9-78,normal
11035,swsh7-124,holofoil
11036,swshp-SWSH191,holofoil
11037,swshp-SWSH253,holofoil
11038,ex5-41,normal
11041,ex2-31,normal
11043,bw3-18,normal
11045,ex2-35,normal
11046,sv6pt5-79,holofoil
11047,swsh4-189,holofoil
11048,bw9-112,holofoil
11052,swsh12-154,holofoil
11053,sm8-51,normal
11055,ex16-82,normal
11057,dpp-DP01,holofoil
11058,smp-SM202,holofoil
11059,ecard1-49,normal
11064,swsh5-32,normal
11065,sm2-65,holofoil
11067,swshp-SWSH182,holofoil
11068,sv6pt5-21,holofoil
11072,sv6-190,holofoil
11076,ex4-17,normal
11077,zsv10pt5-1,normal
11078,swsh8-233,normal
11080,hgss1-2,holofoil
11083,me1-121,normal
11084,swsh1-155,holofoil
11090,swsh1-192,holofoil
11091,xy7-58,normal
11093,zsv10pt5-76,normal
11095,xyp-XY07,holofoil
11097,gym1-48,unlimited
11099,sv3pt5-75,normal
11101,xy8-6,normal
11102,dp5-34,normal
11103,smp-SM39,holofoil
11104,sv6-126,normal
11106,ex10-68,normal
11108,swsh7-162,normal
11109,ecard1-28,holofoil
11110,sv8-192,holofoil
11111,sm7-117,normal
11115,bw11-RC1,holofoil
11116,neo3-51,unlimited
11117,ecard2-85,normal
11119,xyp-XY76,holofoil
11121,pl3-2,holofoil
11122,swshp-SWSH280,holofoil
11123,col1-27,normal
11124,swsh6-46,holofoil
11129,sv7-125,normal
11133,sm10-6,normal
11134,swsh12-14,normal
11139,swsh6-171,holofoil
11140,swsh9tg-TG16,holofoil
11143,xy12-5,normal
11145,ecard3-17,normal
11147,swshp-SWSH221,holofoil
11148,pl4-99,holofoil
11149,gym2-103,unlimited
11150,sma-SV81,holofoil
11151,basep-38,normal
11154,ex4-97,holofoil
11156,swsh12pt5gg-GG63,holofoil
11157,bw6-44,normal
11159,sm10-198,holofoil
11160,swsh12-175,holofoil
11162,swshp-SWSH054,holofoil
11163,smp-SM134,holofoil
11164,swsh10-140,normal
11165,ex10-85,normal
11168,swsh4-127,holofoil
11169,sv7-170,holofoil
11170,base3-55,1stEdition
11171,sm115-1,normal
11173,sv10-32,normal
11174,swsh10-37,normal
11177,sm3-151,holofoil
11178,ecard3-35,normal
11179,ex9-75,normal
11181,pgo-16,normal
11182,ex16-18,normal
11183,sv5-136,normal
11184,sv4-250,holofoil
11186,sv8pt5-161,holofoil
11187,me1-5,normal
11188,swsh12-30,normal
11189,dp7-92,normal
11190,sv6-122,normal
11193,sv1-24,normal
11194,neo4-66,1stEdition
11197,sm10-44,normal
11198,ex7-44,normal
11199,swsh12pt5-117,normal
11202,ex4-66,normal
11203,swsh6-39,normal
11204,swsh3-68,normal
11205,xy5-58,normal
11209,base4-77,normal
11214,sm12-229,holofoil
11215,ecard2-109,normal
11217,xy10-105,normal
11222,sv7-16,holofoil
11224,swsh12tg-TG08,holofoil
11228,ex2-91,normal
11229,ex3-95,holofoil
11230,swsh5-72,normal
11231,swsh2-95,holofoil
11233,xy7-45,normal
11234,pl1-97,normal
11235,sv4pt5-145,holofoil
11237,xyp-XY03,holofoil
11238,zsv10pt5-80,normal
11239,dp3-129,normal
11240,sm1-157,holofoil
11242,sv8-58,normal
11245,mcd22-11,normal
11247,swsh7-71,normal
11248,sv4-150,normal
11249,hgss3-10,holofoil
11250,sv3-37,normal
11251,sv6pt5-2,normal
11254,bw8-109,normal
11255,bw4-96,holofoil
11259,swsh12-77,normal
11260,neo1-69,1stEdition
11261,swsh6-98,holofoil
11262,swsh8-37,normal
11263,bw6-54,holofoil
11264,ecard1-79,normal
11265,sv4pt5-29,holofoil
11266,svp-57,holofoil
11267,col1-38,normal
11268,smp-SM221,holofoil
11269,sv10-150,holofoil
11270,hgss2-24,normal
11271,sv4pt5-188,holofoil
11272,sv5-106,normal
11273,xy7-53,normal
11274,pl1-62,normal
11275,ex12-19,normal
11277,xy6-97,normal
11278,ex3-98,holofoil
11279,ex3-40,normal
11280,sv8-242,holofoil
11281,sv4-69,normal
11282,sv4pt5-165,holofoil
11283,gym2-125,unlimited
11284,gym1-96,unlimited
11285,sv6pt5-70,holofoil
11286,sm7-126,normal
11287,pop4-11,normal
11288,sv6-66,normal
11291,sm35-20,normal
11293,sm5-50,normal
11294,dp7-3,holofoil
11297,ex6-67,normal
11298,neo3-26,1stEdition
11300,sm12-253,holofoil
11301,sm2-95,normal
11302,xyp-XY204,holofoil
11306,sm3-112,normal
11307,ex15-16,normal
11308,sm4-8,normal
11309,me2-68,holofoil
11311,sv8-87,normal
11312,neo2-4,1stEditionHolofoil
11313,sv3pt5-45,holofoil
11314,base1-94,normal
11316,xyp-XY180,holofoil
11317,sv6pt5-49,normal
11319,me2-121,holofoil
11320,sm8-155,normal
11321,swsh5-13,normal
11323,ex10-Q,holofoil
11325,xy1-5,normal
11329,base3-39,unlimited
11330,ex15-54,normal
11331,sm12-22,holofoil
11332,sv2-114,normal
11334,ex11-90,normal
11335,sm6-1,normal
11336,sm12-262,holofoil
11337,smp-SM52,holofoil
11338,sv6-16,normal
11340,sm10-83,normal
11342,xy10-41,normal
11343,sma-SV40,holofoil
11344,bw3-93,normal
11346,sv4-201,holofoil
11348,sv6-73,normal
11349,rsv10pt5-96,holofoil
11350,base5-81,1stEdition
11353,swsh2-191,holofoil
11354,bw5-111,holofoil
11355,ex13-3,holofoil
11357,xyp-XY182,holofoil
11359,sm9-101,normal
11360,sm4-42,normal
11362,dp4-106,holofoil
11364,base5-1,1stEditionHolofoil
11365,swsh12pt5gg-GG47,holofoil
11366,ex13-5,holofoil
11368,sv3pt5-93,normal
11370,ex8-90,normal
11371,sm11-129,normal
11373,hgss1-107,holofoil
11374,swsh10-64,normal
11376,svp-186,holofoil
11377,sv5-159,normal
11378,basep-39,normal
11379,dc1-14,holofoil
11381,xy5-80,holofoil
11383,neo4-60,1stEdition
11384,bw6-86,normal
11385,sv10-69,holofoil
11386,sm3-10,normal
11387,sv4pt5-244,holofoil
11389,sv4-163,normal
11392,sv3pt5-94,holofoil
11393,ex7-94,normal
11396,xy12-55,normal
11398,swsh10-216,holofoil
11399,ex1-53,normal
11400,pl2-57,normal
11403,swsh11tg-TG06,holofoil
11404,gym1-108,unlimited
11405,dp4-93,normal
11407,sm1-163,holofoil
11408,swsh10-138,normal
11409,smp-SM207,holofoil
11410,sm10-175,normal
11411,swsh10-93,holofoil
11413,dp1-24,normal
11414,sv5-111,holofoil
11416,sm2-107,normal
11417,swshp-SWSH176,holofoil
11418,neo4-49,1stEdition
11420,neo1-106,unlimited
11422,swsh35-46,normal
11423,base6-4,holofoil
11424,sv3pt5-174,holofoil
11425,hgss1-105,holofoil
11428,sv2-50,normal
11430,ex16-1,holofoil
11431,bw11-11,normal
11432,xyp-XY187,holofoil
11433,sm6-3,normal
11434,ecard2-61,normal
11435,sm10-230,holofoil
11436,mcd19-9,holofoil
11437,sv4pt5-69,holofoil
11438,xy2-50,normal
11439,swsh12pt5gg-GG41,holofoil
11440,sv3pt5-100,normal
11441,swsh8-269,holofoil
11443,base4-24,normal
11445,swsh6-90,holofoil
11447,sv3pt5-117,normal
11450,pl2-34,normal
11451,xy5-100,holofoil
11452,ex1-19,normal
11453,base3-18,unlimited
11454,sm75-47,holofoil
11455,smp-SM231,normal
11457,swsh4-53,normal
11458,ex4-52,normal
11460,dpp-DP13,holofoil
11461,sm7-75,normal
11462,bw11-49,normal
11464,swsh10-191,holofoil
11465,swsh8-278,holofoil
11466,swsh12-123,normal
11468,xy8-32,normal
11469,xy12-113,normal
11470,xy10-111,normal
11471,gym2-88,1stEdition
11472,swsh5-59,normal
11473,sv5-122,holofoil
11478,ex8-28,normal
11480,base4-82,normal
11481,bw9-46,normal
11482,sm35-12,normal
11483,sv10-220,holofoil
11484,ex4-27,normal
11485,swsh6-186,holofoil
11487,xy4-103,normal
11488,ex13-38,normal
11489,swsh8-266,holofoil
11491,neo4-41,1stEdition
11492,ex11-38,normal
11493,sm11-221,holofoil
11494,base5-81,unlimited
11495,sv6-53,holofoil
11498,ex16-106,holofoil
11501,sv10-76,normal
11502,sv8-218,holofoil
11505,sm6-30,normal
11507,xy5-1,normal
11510,xy11-84,normal
11512,dp6-54,normal
11514,swsh4-9,holofoil
11515,swsh6-58,holofoil
11517,sv8-100,normal
11518,swsh8-36,normal
11526,swsh3-150,normal
11528,me1-127,normal
11529,sv3pt5-164,normal
11530,xy8-91,holofoil
11531,sm8-83,normal
11533,sv4-109,holofoil
11538,sv2-66,normal
11540,swsh8-171,normal
11542,neo4-76,1stEdition
11543,swsh2-38,normal
11546,base6-58,normal
11547,base5-53,1stEdition
11548,sv4pt5-183,holofoil
11551,dp2-56,normal
11552,sv3-173,normal
11553,swsh3-106,normal
11554,col1-90,normal
11555,sv2-32,normal
11556,swsh45sv-SV005,holofoil
11557,ex9-6,holofoil
11558,sv4pt5-185,holofoil
11560,ex6-58,normal
11562,sv8pt5-56,holofoil
11563,sv8-226,holofoil
11565,dp4-80,normal
11568,swsh12-136,holofoil
11569,hgss1-1,holofoil
11571,swsh12-110,normal
11572,swsh12-189,holofoil
11574,sm10-69,normal
11575,swsh10-162,holofoil
11576,base4-48,normal
11578,pl1-60,normal
11579,swsh2-52,normal
11580,sm10-191,holofoil
11581,swsh11-206,holofoil
11582,sv7-3,holofoil
11583,sv6-31,normal
11584,neo1-84,unlimited
11586,sv8pt5-153,holofoil
11587,xy4-63,holofoil
11588,sv4pt5-23,normal
11590,neo4-6,unlimitedHolofoil
11592,gym2-91,1stEdition
11593,dp1-80,normal
11596,cel25-10,holofoil
11597,ex16-54,normal
11598,sv3-140,normal
11599,base2-21,unlimited
11601,swsh12pt5gg-GG61,holofoil
11602,ecard2-42,normal
11604,xy11-41,normal
11605,sm11-196,normal
11606,sm10-66,holofoil
11608,bwp-BW92,holofoil
11610,swsh7-139,normal
11611,sm11-190,normal
11612,swsh10-96,normal
11613,pl1-65,normal
11615,gym2-18,unlimitedHolofoil
11617,sv10-140,normal
11619,gym1-92,unlimited
11621,ex9-83,normal
11622,ex3-24,normal
11623,ex14-75,normal
11625,xy7-93,holofoil
11629,sv7-134,holofoil
11630,swsh6-141,normal
11632,smp-SM204,holofoil
11635,sv4pt5-4,normal
11637,sv4-10,normal
11638,base6-23,normal
11639,xy2-91,normal
11640,sma-SV8,holofoil
11641,swsh12pt5-64,holofoil
11643,neo1-4,1stEditionHolofoil
11644,sm35-61,normal
11645,swshp-SWSH175,holofoil
11646,sm6-86,normal
11647,pl3-22,normal
11650,smp-SM160,holofoil
11651,swshp-SWSH268,holofoil
11653,swsh3-188,holofoil
11657,sm1-58,holofoil
11658,ecard1-7,holofoil
11659,swsh10-188,holofoil
11661,svp-71,holofoil
11662,sm5-108,normal
11663,dp1-67,normal
11665,base6-86,normal
11666,bw4-23,normal
11670,sm3-149,holofoil
11671,base3-24,unlimited
11672,dp1-79,normal
11673,base5-71,unlimited
11675,dp7-91,normal
11676,ex16-83,normal
11679,bw7-69,normal
11680,swsh9-149,normal
11683,dp2-71,normal
11685,rsv10pt5-9,normal
11686,xy3-21,normal
11688,swsh7-166,holofoil
11689,hgss1-67,normal
11690,dp5-44,normal
11691,xy8-24,normal
11696,rsv10pt5-151,holofoil
11697,sv5-17,normal
11698,hgss4-99,holofoil
11699,ex7-21,normal
11701,g1-76,normal
11702,sm35-46,normal
11703,dp7-46,normal
11704,xy3-28,normal
11705,ex11-37,normal
11706,bw10-67,normal
11708,neo2-59,unlimited
11709,swsh2-165,normal
11714,bw11-87,normal
11715,swsh45sv-SV071,holofoil
11716,ex1-39,normal
11717,sv8pt5-139,holofoil
11719,ex13-79,normal
11720,swsh12-121,normal
11722,sm75-2,normal
11723,sv3-101,normal
11724,dp1-23,normal
11726,base5-54,1stEdition
11727,me1-72,normal
11729,xy5-88,holofoil
11730,sv2-112,normal
11735,sv6-133,normal
11739,sm8-79,normal
11740,bw7-136,normal
11741,rsv10pt5-68,normal
11743,sv6-34,normal
11744,base6-41,normal
11745,swsh4-88,normal
11746,base2-34,1stEdition
11747,sm11-207,normal
11748,neo4-13,unlimitedHolofoil
11749,pgo-48,holofoil
11750,sv5-129,holofoil
11751,sma-SV44,holofoil
11752,swsh1-87,normal
11753,swsh4-105,normal
11754,ex6-71,normal
11755,base4-101,normal
11759,sv8-96,normal
11761,xy10-25,holofoil
11762,sv9-106,normal
11763,ex1-101,holofoil
11764,sv5-174,holofoil
11766,swsh6-68,normal
11767,xy4-3,normal
11769,base6-12,holofoil
11770,neo2-4,unlimitedHolofoil
11773,xy5-49,normal
11776,swsh7-40,holofoil
11777,sv4pt5-153,holofoil
11778,sv1-76,holofoil
11779,sv6pt5-54,normal
11780,svp-206,holofoil
11782,ex12-9,holofoil
11783,zsv10pt5-137,holofoil
11784,gym1-80,1stEdition
11786,base3-7,unlimitedHolofoil
11787,gym1-62,1stEdition
11789,xy8-154,holofoil
11790,bwp-BW33,holofoil
11791,gym2-65,unlimited
11794,swsh12pt5-159,holofoil
11798,swshp-SWSH164,holofoil
11801,ecard1-85,normal
11803,sv3pt5-175,holofoil
11804,sm4-109,holofoil
11806,rsv10pt5-123,holofoil
11807,sv2-46,normal
11811,dp7-16,normal
11815,gym1-24,1stEdition
11817,swsh10-182,holofoil
11818,hgss4-80,normal
11819,pop4-5,normal
11825,swsh8-30,normal
11826,swsh6-179,holofoil
11829,sv8pt5-57,holofoil
11832,ex14-78,normal
11834,basep-37,normal
11835,sv3-194,normal
11836,gym2-38,unlimited
11842,swsh8-54,normal
11843,neo1-30,unlimited
11844,swsh3-173,normal
11845,neo3-35,unlimited
11846,sv10-19,normal
11848,sv4-116,normal
11849,ex13-69,normal
11850,swsh8-83,normal
11851,ex16-93,holofoil
11852,swsh45sv-SV033,holofoil
11853,ecard3-26,normal
11854,swsh7-233,holofoil
11856,swsh35-69,holofoil
11857,sv5-112,normal
11860,ex10-N,holofoil
11861,ex3-99,holofoil
11863,swsh3-147,normal
11864,bw5-41,normal
11866,gym1-36,unlimited
11867,xy2-13,holofoil
11868,xy2-16,normal
11869,swsh45sv-SV115,holofoil
11870,ecard2-54,normal
11871,swsh4-78,holofoil
11874,sm9-69,normal
11878,me1-186,holofoil
11879,xy11-43,normal
11880,si1-8,normal
11881,gym2-55,unlimited
11882,bw3-41,holofoil
11883,ecard3-83,normal
11884,xy9-2,normal
11885,xyp-XY73,holofoil
11887,hgss4-51,normal
11888,bw9-25,normal
11889,sv1-41,holofoil
11890,sv3pt5-150,holofoil
11892,sv3pt5-204,holofoil
11893,hgss4-61,normal
11896,base3-51,unlimited
11900,xy6-58,holofoil
11902,swsh45sv-SV006,holofoil
11906,swsh5-118,normal
11908,sv6pt5-52,normal
11909,sm12-263,holofoil
11911,swsh12pt5-120,holofoil
11912,ex10-K,holofoil
11916,sv8-103,normal
11917,ex14-74,normal
11920,swsh5-152,holofoil
11924,bw11-55,normal
11926,xy12-83,normal
11929,swsh12pt5-99,holofoil
11930,swsh7-112,holofoil
11933,bw4-26,normal
11935,xy7-66,normal
11937,swsh3-122,normal
11939,sv3pt5-90,normal
11940,ex3-82,normal
11943,swsh8-162,normal
11945,swsh45sv-SV093,holofoil
11946,swsh3-15,normal
11947,ecard3-H24,holofoil
11948,sv6-183,holofoil
11951,swsh12pt5gg-GG50,holofoil
11953,dp6-36,normal
11954,sm12-222,holofoil
11955,base3-45,1stEdition
11957,zsv10pt5-167,holofoil
11958,sv5-64,normal
11959,swsh8-226,normal
11960,sv1-102,normal
11961,swsh11tg-TG27,holofoil
11962,neo2-67,unlimited
11964,sm6-42,normal
11965,rsv10pt5-85,normal
11968,xy9-40,normal
11971,swsh8-89,normal
11974,swsh12pt5-56,normal
11978,sv8pt5-83,normal
11980,swsh2-111,holofoil
11981,swsh12-166,normal
11982,swsh4-156,normal
11984,bw7-75,normal
11988,sm12-134,normal
11989,ru1-2,normal
11998,swsh5-64,normal
12000,sv4pt5-195,holofoil
12001,ex10-117,holofoil
12002,sm35-66,normal
12005,swsh8-123,normal
12006,swsh3-146,normal
12009,swsh12pt5gg-GG70,holofoil
12011,sv6pt5-32,holofoil
12013,ecard2-86,normal
12014,swsh10-125,normal
12017,xy5-22,normal
12020,zsv10pt5-45,normal
12022,ex6-51,normal
12026,sv10-126,normal
12027,pop5-12,holofoil
12028,sm2-163,holofoil
12029,dp6-75,normal
12030,np-32,holofoil
12034,sv5-142,normal
12037,xy4-105,normal
12038,smp-SM206,holofoil
12039,pl4-83,normal
12041,sv4pt5-121,holofoil
12043,ecard2-37,normal
12044,xy0-8,holofoil
12046,xyp-XY20,holofoil
12047,sm75-37,holofoil
12048,sv8-172,normal
12049,dp7-41,normal
12050,bw9-71,normal
12053,sv2-97,holofoil
12054,smp-SM59,holofoil
12056,det1-18,holofoil
12058,me1-97,normal
12059,swsh10-30,holofoil
12061,bw10-50,normal
12064,swsh45sv-SV081,holofoil
12066,sv10-178,normal
12068,swsh8-176,normal
12069,swsh5-145,holofoil
12072,pop1-13,normal
12073,hgss4-75,normal
12074,sv5-170,holofoil
12075,sm11-154,normal
12078,basep-4,normal
12079,sv4pt5-76,normal
12080,neo2-7,1stEditionHolofoil
12081,sm11-258,holofoil
12082,bw10-73,normal
12087,sv1-128,normal
12088,sv4pt5-10,holofoil
12090,ecard3-H20,holofoil
12091,sv4pt5-152,holofoil
12094,dp7-28,normal
12095,swsh35-30,holofoil
12096,bw2-93,normal
12097,ex13-91,normal
12099,ex1-51,normal
12100,sv7-106,normal
12101,sm1-98,normal
12102,base4-53,normal
12103,g1-14,normal
12105,swsh9-95,holofoil
12108,swsh2-50,holofoil
12110,xy9-41,holofoil
12112,ex1-36,normal
12113,sv3pt5-196,holofoil
12115,hgss3-20,normal
12116,ex4-80,normal
12117,sm6-12,normal
12118,rsv10pt5-165,holofoil
12123,ecard1-6,holofoil
12124,swsh12-184,holofoil
12125,sm75-57,normal
12127,xy7-38,normal
12128,me2-120,holofoil
12130,bw8-13,normal
12131,ex12-68,normal
12132,dp4-51,normal
12133,swsh10-57,holofoil
12136,xy2-14,normal
12138,sv8pt5-58,holofoil
12141,xy5-61,holofoil
12142,g1-45,holofoil
12144,swsh3-18,holofoil
12145,base5-34,unlimited
12146,bw7-134,normal
12148,sm6-10,normal
12149,bw8-45,normal
12150,sv4-111,normal
12151,sv6-103,normal
12152,base1-87,normal
12153,bw6-5,normal
12156,xy10-91,normal
12158,xy1-49,normal
12161,sm6-36,holofoil
12162,hgss4-38,normal
12165,bw7-83,normal
12167,swshp-SWSH020,holofoil
12168,sm11-157,normal
12170,sv6-41,normal
12171,swsh10-128,normal
12173,sv8pt5-15,normal
12174,sv1-45,holofoil
12175,sm12-87,normal
12176,sv4-26,normal
12177,swsh9-61,normal
12179,sm75-52,normal
12181,dp1-85,normal
12182,sv2-67,normal
12183,swsh8-29,normal
12185,sv6pt5-22,normal
12186,gym2-99,1stEdition
12188,sv9-136,holofoil
12189,pop3-12,normal
12190,swsh7-28,holofoil
12192,pl2-112,holofoil
12193,hgss4-73,normal
12194,swsh8-12,normal
12195,swsh6-153,normal
12197,g1-41,normal
12198,ex1-75,normal
12201,swsh9-23,normal
12202,swsh2-76,normal
12204,dp5-16,normal
12206,me1-45,normal
12208,ecard3-25,normal
12209,dv1-20,holofoil
12210,pl4-51,normal
12212,sm12-206,normal
12213,sv3pt5-17,normal
12214,ex8-13,holofoil
12215,ex8-5,normal
12217,sm12-86,normal
12219,gym2-48,unlimited
12220,gym2-47,unlimited
12221,ex9-45,normal
12223,xy11-47,normal
12226,sv8-211,holofoil
12227,neo1-55,unlimited
12232,xy5-62,normal
12233,pl2-38,normal
12235,smp-SM109,normal
12238,xy6-63,holofoil
12239,xy5-23,normal
12240,sv5-201,holofoil
12243,smp-SM225,holofoil
12244,sv5-166,holofoil
12245,ex14-57,normal
12247,bw11-RC22,holofoil
12249,swsh9tg-TG25,holofoil
12250,sm12-232,holofoil
12254,sv6-166,normal
12256,ecard2-52,normal
12257,neo2-39,1stEdition
12259,sv3pt5-78,normal
12261,dp2-78,normal
12262,sm75-78,holofoil
12263,sv10-20,holofoil
12264,ex8-81,normal
12265,ex2-47,normal
12268,pl1-58,normal
12271,neo4-83,1stEdition
12273,pl2-49,normal
12274,smp-SM33,holofoil
12275,ex8-95,normal
12277,base3-12,1stEditionHolofoil
12278,me2-85,normal
12280,sv8-197,holofoil
12281,sv4-2,normal
12282,ex11-99,normal
12283,cel25c-54_A,holofoil
12284,dpp-DP06,holofoil
12287,sv7-26,normal
12289,gym1-60,1stEdition
12290,pl3-127,normal
12291,ex4-64,normal
12292,g1-36,normal
12293,sv4pt5-55,normal
12294,xy2-96,normal
12295,sv5-61,normal
12297,swsh10-45,holofoil
12299,bw7-67,holofoil
12300,sv1-49,normal
12302,bw5-73,normal
12303,sm10-34,normal
12304,sv4-112,normal
12305,swsh5-175,holofoil
12307,bw6-64,normal
12308,neo3-16,unlimited
12309,swsh4-67,normal
12310,sv7-122,normal
12311,sv3pt5-155,normal
12313,ex16-108,holofoil
12315,swsh7-59,holofoil
12319,sv7-138,normal
12320,sv3-143,normal
12321,swsh12-165,normal
12323,base1-67,normal
12328,swsh6-80,holofoil
12330,sma-SV38,holofoil
12331,dp2-50,normal
12332,dp1-83,normal
12333,bw7-57,holofoil
12334,bw1-49,normal
12335,swsh4-182,holofoil
12336,sv4-146,normal
12338,xy6-82,normal
12339,sm35-43,normal
12340,pl2-83,normal
12342,xy4-2,normal
12344,sv8pt5-30,holofoil
12345,ex11-64,normal
12347,me1-178,holofoil
12349,swsh9-126,normal
12350,g1-72,normal
12351,sm35-30,normal
12352,sv7-33,normal
12353,svp-173,holofoil
12355,ex1-35,normal
12356,bw9-64,holofoil
12358,bw1-85,normal
12359,neo3-56,1stEdition
12360,bw9-26,normal
12363,sm6-33,normal
12365,gym2-14,unlimitedHolofoil
12366,sm6-142,holofoil
12368,ex16-13,holofoil
12369,gym2-21,1stEdition
12372,ex15-36,normal
12373,sm12-255,holofoil
12374,sm9-40,holofoil
12375,swsh7-167,holofoil
12376,sm12-158,holofoil
12377,base2-47,1stEdition
12378,sm12-49,normal
12379,pop2-7,normal
12380,xy6-93,normal
12381,xy8-38,holofoil
12383,gym2-98,unlimited
12386,ex16-38,normal
12388,sv2-11,holofoil
12390,bw6-6,normal
12392,sv8-185,holofoil
12393,sv4pt5-203,holofoil
12397,me2-106,holofoil
12398,sm1-26,normal
12402,pop7-15,normal
12403,ecard3-79,normal
12404,sv4-231,holofoil
12405,neo3-9,unlimitedHolofoil
12406,sm7-53,normal
12408,bw11-48,normal
12410,base3-59,1stEdition
12412,gym2-21,unlimited
12413,sm5-70,normal
12414,xy7-47,normal
12415,sv3pt5-183,holofoil
12417,sv10-59,normal
12418,swsh6-220,holofoil
12421,swsh12pt5gg-GG68,holofoil
12422,sv7-173,holofoil
12423,ex11-5,holofoil
12425,swsh1-88,normal
12426,neo3-41,1stEdition
12427,sv5-160,normal
12428,swsh5-48,holofoil
12429,xy9-118,holofoil
12431,sv10-221,holofoil
12433,mcd21-8,holofoil
12434,ex3-69,normal
12436,gym1-28,1stEdition
12437,ex9-93,holofoil
12440,ex9-91,holofoil
12441,gym2-122,unlimited
12442,swsh7-160,normal
12444,svp-86,holofoil
12445,swsh2-189,holofoil
12447,sv8pt5-10,normal
12449,swsh4-72,normal
12450,swsh2-169,normal
12451,neo4-21,unlimited
12452,dp7-70,normal
12454,sma-SV48,holofoil
12455,swsh1-182,normal
12456,sm7-57,normal
12457,bw10-33,holofoil
12460,sv2-78,normal
12463,dp3-88,normal
12465,smp-SM08,holofoil
12466,sv5-171,holofoil
12467,xyp-XY211,normal
12469,cel25c-20_A,holofoil
12470,swsh2-162,normal
12471,dp7-67,normal
12472,sm8-40,normal
12473,neo4-93,1stEdition
12476,ex15-96,holofoil
12477,swsh12-183,holofoil
12481,sm7-12,normal
12483,sm12-164,holofoil
12484,xy8-48,normal
12485,sm12-81,normal
12487,base4-67,normal
12488,base1-43,normal
12490,xy1-129,normal
12493,swsh12-116,normal
12496,dp4-74,normal
12498,swsh3-93,normal
12500,col1-43,normal
12501,swsh12pt5-24,normal
12502,bw9-113,holofoil
12504,sm5-128,normal
12505,xy10-40,normal
12506,sv8pt5-23,holofoil
12507,bw2-59,normal
12508,bw1-20,holofoil
12510,bw9-77,normal
12513,swsh3-56,normal
12514,sm7-178,holofoil
12515,swsh45sv-SV046,holofoil
12516,sv2-65,normal
12517,gym2-72,unlimited
12518,sm12-82,holofoil
12520,sma-SV78,holofoil
12521,gym1-10,1stEditionHolofoil
12522,sm12-264,holofoil
12525,neo2-6,1stEditionHolofoil
12527,zsv10pt5-149,holofoil
12529,sv1-50,normal
12530,sv4pt5-163,holofoil
12532,bwp-BW56,holofoil
12533,xy5-102,normal
12535,ex3-66,normal
12536,sv3-229,holofoil
12537,swsh11-209,holofoil
12538,sm8-118,normal
12539,sv10-50,normal
12540,bw4-11,normal
12541,swsh2-192,holofoil
12546,sm6-146,holofoil
12547,sm4-44,normal
12551,ex6-96,normal
12552,bw9-52,holofoil
12553,sm11-44,normal
12554,sv1-32,holofoil
12557,sm9-23,normal
12558,sv9-128,holofoil
12560,swsh12pt5-134,holofoil
12561,sv3pt5-64,normal
12563,neo3-45,unlimited
12564,hgss1-27,normal
12566,pl3-5,holofoil
12567,sv8-194,holofoil
12571,sv6pt5-24,normal
12572,dp2-115,normal
12574,base3-23,unlimited
12575,pl4-87,normal
12578,bw2-73,normal
12579,swsh4-125,normal
12581,bw5-32,normal
12584,me2-97,holofoil
12586,pop8-4,normal
12587,sm8-2,normal
12588,me1-53,normal
12589,swsh9-130,normal
12590,xy1-51,normal
12591,g1-RC17,normal
12594,xy11-78,holofoil
12596,swsh1-163,normal
12597,sm1-53,normal
12598,basep-2,normal
12599,svp-1,holofoil
12600,dp2-79,normal
12601,sv8pt5-148,holofoil
12602,swsh7-87,normal
12603,dp1-65,normal
12604,dp6-96,normal
12608,swsh12pt5-14,holofoil
12609,bw10-19,normal
12610,swsh10-172,holofoil
12612,bw11-14,normal
12613,ex10-95,normal
12614,ex6-92,normal
12616,ex6-64,normal
12617,dv1-19,holofoil
12620,xy3-64,holofoil
12621,ex14-34,normal
12623,ex5-4,holofoil
12624,swsh12pt5-37,holofoil
12629,dp5-32,normal
12630,bw10-68,normal
12631,ex5-23,normal
12632,swsh5-153,holofoil
12636,sv4-178,normal
12639,bw9-120,holofoil
12642,sm35-56,holofoil
12643,sv4-97,normal
12644,swsh7-57,normal
12645,swsh7-165,normal
12646,bw6-22,holofoil
12647,gym1-13,unlimitedHolofoil
12648,svp-8,holofoil
12650,sm9-115,normal
12653,dc1-18,normal
12654,sm3-14,normal
12655,xy8-90,normal
12656,bw3-99,holofoil
12657,neo4-112,unlimitedHolofoil
12658,xy3-96,normal
12662,base3-57,1stEdition
12664,dp5-12,holofoil
12666,sv10-22,normal
12668,xyp-XY35,holofoil
12669,sv1-44,normal
12670,neo4-74,1stEdition
12672,dp6-21,normal
12673,rsv10pt5-65,normal
12675,rsv10pt5-83,normal
12676,hsp-HGSS05,holofoil
12677,sv1-185,normal
12678,sv1-47,normal
12680,gym1-130,unlimited
12682,gym2-49,1stEdition
12683,neo4-51,unlimited
12684,swsh6-183,holofoil
12685,sm12-137,normal
12688,xy5-8,normal
12689,svp-184,holofoil
12690,sm3-33,holofoil
12692,xyp-XY50,holofoil
12693,xy9-51,normal
12695,bw4-2,normal
12696,dp3-32,normal
12697,me1-99,normal
12698,xy10-24,normal
12699,dp6-12,holofoil
12700,base3-41,1stEdition
12701,swsh9-62,holofoil
12704,sv1-2,normal
12706,ex8-55,normal
12708,neo3-16,1stEdition
12709,pl4-81,normal
12715,sv8-113,normal
12716,swsh45sv-SV007,holofoil
12717,sv6pt5-91,holofoil
12720,dp2-80,normal
12721,swsh12tg-TG10,holofoil
12722,bw10-101,holofoil
12723,sv4pt5-27,normal
12724,swsh12pt5-153,holofoil
12725,swshp-SWSH100,holofoil
12726,ex10-6,holofoil
12727,ex5-29,normal
12729,sv7-37,normal
12730,hsp-HGSS17,holofoil
12731,swsh6-69,normal
12732,smp-SM196,holofoil
12733,base1-41,normal
12734,xy8-51,normal
12736,pgo-15,normal
12738,sv4-226,holofoil
12740,sm12-43,normal
12741,xy1-3,normal
12744,sv4-228,holofoil
12745,sv3-185,normal
12746,xy5-118,normal
12748,swsh12-130,normal
12749,bp-5,normal
12750,swsh35-8,holofoil
12751,hgss2-85,holofoil
12752,hgss4-40,normal
12753,bw3-71,normal
12754,swsh45-24,normal
12756,sm35-65,normal
12759,sm8-78,holofoil
12760,xy6-13,normal
12761,sv4pt5-106,holofoil
12762,bw5-54,holofoil
12763,sv1-129,normal
12765,hgss4-83,normal
12768,me2-19,normal
12770,xy2-51,normal
12772,ex4-14,normal
12774,sv5-178,holofoil
12775,ex6-9,normal
12776,ex13-84,normal
12778,smp-SM237,normal
12779,dpp-DP19,holofoil
12781,ex14-87,normal
12786,swsh3-31,normal
12788,xy8-57,normal
12789,pl3-96,normal
12790,ex6-20,normal
12791,base2-4,unlimitedHolofoil
12792,sv2-48,normal
12793,swsh7-216,holofoil
12794,me1-114,normal
12797,swsh12pt5-132,normal
12799,rsv10pt5-108,holofoil
12800,swsh10-129,normal
12801,swshp-SWSH170,holofoil
12802,base2-43,unlimited
12804,ecard3-58,normal
12805,swsh5-38,normal
12807,me2-78,normal
12808,ex9-22,normal
12809,swsh12tg-TG15,holofoil
12812,ex9-1,normal
12813,sm75-46,holofoil
12814,sm2-14,normal
12815,sv8pt5-118,normal
12816,dp3-102,normal
12817,bw11-RC12,holofoil
12818,basep-50,normal
12824,dc1-7,normal
12825,bw10-8,normal
12826,swshp-SWSH257,holofoil
12827,base5-70,1stEdition
12828,ex7-16,normal
12830,smp-SM243,holofoil
12831,smp-SM199,holofoil
12832,xy12-92,normal
12833,neo1-52,unlimited
12834,gym1-124,1stEdition
12836,gym2-24,unlimited
12838,xyp-XY82,holofoil
12840,pl3-50,normal
12841,sm8-204,holofoil
12842,xy5-5,normal
12844,xy0-9,normal
12845,ex3-11,holofoil
12849,neo4-57,1stEdition
12851,ex7-63,normal
12855,ex8-84,normal
12856,swsh10-52,holofoil
12859,sv8-112,normal
12860,sm4-107,holofoil
12861,xy1-99,normal
12863,xy11-96,normal
12864,swsh9-110,normal
12865,pl4-64,normal
12868,swsh4-83,normal
12869,dp3-3,holofoil
12872,swsh2-62,holofoil
12874,bw6-112,normal
12875,swsh35-78,holofoil
12877,swshp-SWSH269,holofoil
12879,xy5-143,normal
12880,swsh12-214,holofoil
12882,ex12-5,holofoil
12884,gym2-3,unlimitedHolofoil
12885,sv4pt5-93,holofoil
12886,sv4-91,normal
12887,swsh8-214,normal
12888,bw7-96,normal
12890,ex16-75,normal
12891,ecard1-73,normal
12894,rsv10pt5-48,normal
12895,swsh4-75,normal
12897,sv9-93,normal
12899,swsh6-65,normal
12900,sm2-35,normal
12902,xy5-3,normal
12903,ex1-108,normal
12904,gym2-119,unlimited
12905,swsh45-54,holofoil
12906,neo4-15,unlimitedHolofoil
12907,gym1-3,1stEditionHolofoil
12909,sv6pt5-47,normal
12910,ecard1-103,normal
12911,bw2-87,normal
12912,hgss2-4,holofoil
12913,swsh12-195,holofoil
12914,sm3-107,normal
12915,swsh4-177,holofoil
12918,bw1-3,normal
12919,dp1-25,normal
12921,ex8-41,normal
12922,bw11-27,holofoil
12923,sv5-188,holofoil
12924,ex6-110,holofoil
12928,xy1-38,normal
12929,ex13-78,normal
12930,ex10-55,normal
12931,swsh9-37,holofoil
12932,swsh12pt5gg-GG06,holofoil
12933,bwp-BW67,holofoil
12934,sv7-163,holofoil
12938,dp2-90,normal
12943,pl1-23,normal
12944,sm11-62,normal
12948,xy5-63,normal
12950,sv4pt5-200,holofoil
12951,dp6-37,normal
12952,sv4-227,holofoil
12955,sm8-23,normal
12956,sm75-3,holofoil
12957,swsh2-78,normal
12958,hgss2-77,normal
12961,sv3pt5-207,holofoil
12962,ex3-16,normal
12963,pl4-70,normal
12964,ex7-36,normal
12965,swsh3-176,normal
12966,base6-106,normal
12968,ex10-77,normal
12969,ex12-55,normal
12970,xy9-43,normal
12975,bw3-42,normal
12977,ex3-26,normal
12978,rsv10pt5-53,normal
12979,sm7-38,holofoil
12980,pop5-4,normal
12981,swsh12-6,normal
12983,neo3-5,unlimitedHolofoil
12985,swsh12-107,normal
12986,zsv10pt5-43,normal
12987,pop9-17,normal
12988,sv8pt5-69,normal
12990,sv1-100,normal
12991,xy10-77,normal
12993,me2-60,normal
12998,ex3-10,holofoil
12999,swsh6-125,holofoil
13002,sv1-120,normal
13003,hgss1-92,normal
13004,bw3-6,normal
13005,sv4-65,normal
13006,dp3-101,normal
13008,swsh45-40,normal
13010,sm4-2,normal
13011,swsh5-19,holofoil
13013,swsh4-37,holofoil
13014,ex5-16,normal
13015,sv9-35,normal
13016,hgss4-29,normal
13018,swsh1-13,normal
13019,sv5-138,holofoil
13020,sv5-71,normal
13021,ecard1-44,normal
13023,sv8-149,normal
13024,pl4-93,normal
13025,sm2-54,normal
13026,svp-40,holofoil
13027,swshp-SWSH158,holofoil
13030,sm35-54,holofoil
13032,bw7-31,holofoil
13033,bw7-101,holofoil
13034,sv2-7,normal
13035,swsh12pt5-104,holofoil
13036,xy2-75,normal
13037,hsp-HGSS20,holofoil
13038,hgss1-123,holofoil
13039,dp5-75,normal
13041,col1-78,normal
13042,sm11-14,normal
13045,swsh7-213,holofoil
13046,sv4-170,normal
13047,basep-33,normal
13049,sv9-124,normal
13051,bw3-31,normal
13052,ex10-97,normal
13055,bw5-74,normal
13059,xyp-XY65,holofoil
13060,np-37,holofoil
13061,bw1-16,normal
13062,xy5-24,normal
13063,sv5-153,holofoil
13065,bw11-62,normal
13066,ex5-49,normal
13067,bw8-28,normal
13068,sv8pt5-90,normal
13069,sm10-221,holofoil
13070,sv8-131,normal
13071,col1-76,normal
13073,xyp-XY183,holofoil
13075,ecard1-16,holofoil
13076,swsh10-190,holofoil
13078,swsh12-52,normal
13079,pop5-8,normal
13081,hgss3-39,normal
13082,sv9-18,holofoil
13083,sm10-125,normal
13084,ex14-40,normal
13086,swsh8-282,holofoil
13087,xy1-42,normal
13089,pl3-49,normal
13092,sm10-208,holofoil
13093,ecard2-H27,holofoil
13094,dp6-72,normal
13096,bw7-55,normal
13097,swsh7-174,holofoil
13098,sv3-111,normal
13099,sm2-94,normal
13100,neo4-91,1stEdition
13103,swsh12pt5-7,normal
13104,xy8-89,normal
13106,swshp-SWSH187,holofoil
13108,xy5-17,normal
13110,swsh12-81,normal
13113,swsh8-181,normal
13114,bw3-53,normal
13116,sm12-213,holofoil
13118,ex8-37,normal
13119,svp-38,holofoil
13120,sm8-132,holofoil
13121,mcd19-6,holofoil
13122,bw11-77,holofoil
13125,pl2-55,normal
13126,svp-170,holofoil
13127,bw1-110,normal
13128,base4-120,normal
13129,swsh6-146,normal
13130,xy5-46,normal
13131,pl4-7,holofoil
13132,swsh45-6,normal
13133,xy8-1,normal
13138,sm9-123,normal
13139,bw8-65,normal
13140,mcd12-3,holofoil
13144,svp-114,normal
13145,base2-48,1stEdition
13147,neo4-25,unlimited
13148,mcd21-12,normal
13149,xy1-52,normal
13152,swsh8-153,normal
13153,sv5-51,normal
13154,bwp-BW07,holofoil
13160,xy8-58,normal
13162,sv1-79,normal
13163,me1-36,holofoil
13164,sv1-131,holofoil
13165,sv8pt5-178,holofoil
13166,swsh11tg-TG23,holofoil
13168,bw8-5,normal
13169,rsv10pt5-6,normal
13170,swsh5-128,normal
13171,me2-3,holofoil
13172,dp4-38,normal
13173,rsv10pt5-32,normal
13174,sm4-104,holofoil
13176,sm35-45,holofoil
13177,sv6pt5-58,holofoil
13178,sv4-94,normal
13179,sv4-53,normal
13180,base4-93,normal
13181,ex12-44,normal
13184,ex2-79,normal
13185,sm2-89,normal
13186,svp-115,holofoil
13188,bw9-96,normal
13192,ex9-62,normal
13193,zsv10pt5-143,holofoil
13195,bw2-21,normal
13196,pl1-77,normal
13197,base6-92,normal
13198,pop8-11,normal
13199,bw9-3,normal
13204,ex8-3,holofoil
13205,swsh2-63,normal
13209,sm11-219,holofoil
13210,ex5-51,normal
13212,sv5-56,normal
13215,swsh8-119,normal
13218,si1-3,normal
13220,zsv10pt5-36,normal
13224,xy12-59,holofoil
13227,ex4-7,holofoil
13228,hgss2-54,normal
13229,dp3-72,normal
13230,sm7-159,holofoil
13232,ex13-96,normal
13235,xy3-35,normal
13237,gym1-1,unlimitedHolofoil
13239,pl4-AR2,holofoil
13240,gym1-121,unlimited
13242,gym2-85,unlimited
13244,xyp-XY207,holofoil
13245,swsh8-13,normal
13246,ex14-2,holofoil
13251,sv6-11,normal
13254,ex16-81,normal
13255,gym2-90,unlimited
13256,sv9-188,holofoil
13257,sv9-44,normal
13259,swsh12pt5-136,holofoil
13261,ex16-34,normal
13265,dp4-42,normal
13266,ex6-40,normal
13267,bwp-BW27,holofoil
13268,pop7-11,normal
13271,ex3-52,normal
13272,dp7-38,normal
13273,rsv10pt5-19,normal
13274,swsh12pt5gg-GG29,holofoil
13275,sm6-85,normal
13276,ex7-95,normal
13277,dp1-10,holofoil
13278,ecard1-152,normal
13279,sm10-55,normal
13280,xy4-89,normal
13281,bw10-46,holofoil
13282,ex7-111,holofoil
13284,sm12-260,holofoil
13286,ex2-40,normal
13288,swsh12pt5-61,normal
13289,bw9-43,normal
13296,ex10-D,holofoil
13301,svp-162,holofoil
13303,sv8-28,normal
13304,mcd11-9,holofoil
13308,bw6-93,normal
13309,sv4pt5-150,holofoil
13313,swsh45-59,normal
13314,swsh8-147,normal
13315,pop4-2,normal
13316,ex3-27,normal
13317,xy12-80,normal
13318,basep-44,normal
13319,swsh10-98,holofoil
13320,swsh4-7,normal
13321,bw3-37,normal
13322,sv6-91,normal
13323,base2-54,unlimited
13324,xy5-15,normal
13325,swsh6-101,normal
13327,gym2-27,1stEdition
13328,sm3-12,normal
13329,swsh7-147,normal
13330,g1-28,holofoil
13331,sv3-199,holofoil
13332,sv2-107,normal
13336,me2-107,holofoil
13339,sv9-153,normal
13342,sm6-6,normal
13344,swsh8-111,normal
13345,svp-154,holofoil
13348,sv8-119,holofoil
13350,sm12-57,normal
13351,bw2-31,normal
13353,sv5-28,normal
13357,sv4-167,normal
13358,sv4-21,normal
13359,bwp-BW47,holofoil
13360,ex5-38,normal
13361,swsh8-187,normal
13363,bw6-48,normal
13365,sm4-60,normal
13366,xy1-57,holofoil
13367,swsh9tg-TG26,holofoil
13369,neo1-63,unlimited
13371,sv3pt5-85,holofoil
13372,base2-18,1stEdition
13373,swsh6-105,normal
13376,sv4-207,holofoil
13378,sv9-145,normal
13380,rsv10pt5-113,holofoil
13382,g1-37,holofoil
13383,sm35-37,normal
13384,pop4-16,normal
13385,bw2-32,normal
13386,svp-72,holofoil
13387,swsh6-61,holofoil
13390,xy10-44,normal
13391,bw10-16,holofoil
13392,swsh6-216,holofoil
13393,hgss3-36,normal
13395,xyp-XY154,holofoil
13398,xy0-11,normal
13400,ex8-85,normal
13403,sv10-91,normal
13405,xy12-77,normal
13407,xy6-10,normal
13410,xy12-111,normal
13412,g1-64,normal
13413,sv10-142,normal
13414,dp2-72,normal
13415,swsh1-97,normal
13416,sm7-160,holofoil
13417,sm7-108,holofoil
13418,xy9-55,normal
13419,sm7-45,normal
13421,swsh45sv-SV036,holofoil
13424,sm12-121,normal
13426,base5-3,1stEditionHolofoil
13429,pl4-1,holofoil
13430,sm5-46,normal
13432,bw9-82,normal
13433,pl4-24,normal
13434,bw7-13,holofoil
13437,xyp-XY181,holofoil
13439,sma-SV69,holofoil
13440,swsh10tg-TG15,holofoil
13443,xy6-61,holofoil
13444,bw5-81,normal
13446,xy6-7,normal
13447,mcd21-20,normal
13448,dp2-34,normal
13449,dp1-36,normal
13451,gym2-80,unlimited
13453,sm8-94,normal
13455,xy5-54,holofoil
13456,xy10-1,normal
13457,swsh1-43,normal
13458,base6-40,normal
13460,xy8-62,holofoil
13461,xy5-53,normal
13462,sm6-89,normal
13463,xy6-40,holofoil
13464,sv3pt5-181,holofoil
13465,xy12-52,holofoil
13467,g1-43,normal
13469,ex13-22,normal
13471,bwp-BW19,holofoil
13473,rsv10pt5-92,holofoil
13474,col1-95,normal
13476,neo3-3,unlimitedHolofoil
13480,sv4pt5-159,holofoil
13481,ex4-37,normal
13482,sv8-217,holofoil
13483,swsh35-20,holofoil
13485,ex14-51,normal
13486,zsv10pt5-1,holofoil
13487,mcd19-3,holofoil
13488,swsh6-133,normal
13490,sm12-237,holofoil
13491,dp6-134,normal
13493,sv3-171,normal
13495,smp-SM12,holofoil
13496,sv8-111,normal
13497,sv8pt5-12,holofoil
13498,ex10-83,normal
13501,sm8-227,holofoil
13502,me2-115,holofoil
13503,sm10-186,normal
13505,ex7-83,normal
13506,neo2-32,1stEdition
13507,swsh6-166,holofoil
13508,sv4pt5-6,holofoil
13509,ex10-45,normal
13510,ex13-12,holofoil
13511,swsh45sv-SV086,holofoil
13516,ex16-69,normal
13517,pl2-113,holofoil
13518,sv3pt5-112,normal
13519,swsh2-41,normal
13520,sv1-52,normal
13521,gym1-76,unlimited
13522,ex9-67,normal
13523,swsh9-2,normal
13524,sm3-109,normal
13528,swsh9-178,holofoil
13530,xy10-5,normal
13531,swsh8-44,holofoil
13532,sma-SV11,holofoil
13533,swsh12pt5gg-GG51,holofoil
13535,bw6-49,normal
13536,ex3-17,normal
13538,sv10-172,normal
13541,xy4-77,holofoil
13542,sv8-51,normal
13543,hgss3-52,normal
13544,col1-42,normal
13547,sv8-196,holofoil
13548,ex1-86,normal
13549,xy3-44,normal
13550,ex4-35,normal
13555,sv8pt5-162,holofoil
13557,zsv10pt5-144,holofoil
13560,hgss2-17,normal
13561,smp-SM195,holofoil
13563,me1-104,holofoil
13565,xy9-68,normal
13566,swsh12-209,holofoil
13568,ex8-98,holofoil
13570,pop4-1,normal
13572,sv10-198,holofoil
13573,sm8-93,normal
13576,gym1-94,1stEdition
13577,bw1-35,normal
13578,ex10-67,normal
13579,swsh11-216,holofoil
13580,swsh45sv-SV114,holofoil
13581,neo4-62,1stEdition
13582,xy1-37,normal
13585,hgss4-5,holofoil
13586,sm7-51,normal
13587,sm3-125,normal
13589,sm4-53,normal
13590,pl3-51,normal
13592,sv10-97,normal
13595,sv1-126,normal
13597,dp7-15,normal
13598,sv5-204,holofoil
13600,sm11-174,normal
13601,bw10-94,holofoil
13602,xy7-84,holofoil
13603,base4-31,normal
13604,sv8pt5-137,holofoil
13607,sv4pt5-241,holofoil
13609,ex16-4,holofoil
13610,xy4-1,normal
13611,sm10-29,normal
13612,swsh2-73,normal
13613,swsh4-56,normal
13614,base4-46,normal
13616,swsh12pt5-111,normal
13617,bw11-7,normal
13618,sm3-97,normal
13620,xy6-55,normal
13622,ex7-79,normal
13623,base2-8,unlimitedHolofoil
13624,bw11-86,normal
13625,neo3-44,1stEdition
13628,sm12-261,holofoil
13629,xy7-6,normal
13630,bwp-BW88,holofoil
13631,pl3-56,normal
13633,zsv10pt5-41,normal
13635,zsv10pt5-111,holofoil
13636,sv4-70,holofoil
13638,swsh12-111,normal
13639,col1-92,holofoil
13641,sm8-185,normal
13642,gym2-70,unlimited
13643,gym1-27,1stEdition
13647,zsv10pt5-62,normal
13648,swsh8-229,normal
13650,rsv10pt5-52,normal
13651,swsh11tg-TG11,holofoil
13654,ex16-31,normal
13655,me1-93,holofoil
13662,swsh7-219,holofoil
13665,sm1-38,normal
13667,sv8-14,holofoil
13668,sv7-108,normal
13669,bw3-20,normal
13670,swsh11tg-TG04,holofoil
13672,bw11-26,normal
13674,sv8pt5-141,holofoil
13675,bwp-BW57,holofoil
13679,sv4pt5-136,holofoil
13680,ex3-2,holofoil
13684,ex6-115,holofoil
13685,me1-41,normal
13687,sm12-85,holofoil
13688,bw4-13,normal
13690,ecard1-4,holofoil
13691,swsh9-111,normal
13692,sm1-88,normal
13693,xy9-74,holofoil
13694,neo1-68,1stEdition
13695,sv1-96,holofoil
13696,swsh7-156,normal
13697,neo1-89,1stEdition
13698,neo4-80,1stEdition
13699,me2-65,normal
13705,neo3-63,1stEdition
13707,ecard3-11,normal
13708,col1-16,holofoil
13709,ecard2-H30,holofoil
13710,swsh8-260,holofoil
13711,swsh7-4,holofoil
13715,swsh5-26,normal
13716,bwp-BW34,holofoil
13717,bw2-68,normal
13718,pl2-58,normal
13719,sv8-88,normal
13721,sv3pt5-31,normal
13724,smp-SM69,holofoil
13725,bw4-4,normal
13726,sv3-68,normal
13727,sm2-160,holofoil
13728,sm7-68,normal
13729,neo2-62,unlimited
13730,ex14-19,normal
13733,swsh35-18,normal
13734,swsh12-34,holofoil
13735,xyp-XY112,holofoil
13736,ex5-79,normal
13737,hgss3-6,holofoil
13738,base3-50,1stEdition
13740,sm12-230,holofoil
13741,sv5-12,holofoil
13742,swsh6-76,normal
13744,bw3-56,normal
13746,swsh7-120,normal
13747,sm7-115,holofoil
13748,sm11-61,normal
13749,xy4-83,normal
13751,me2-114,holofoil
13753,gym2-68,1stEdition
13754,sv6pt5-16,normal
13755,sm3-121,normal
13756,sv9-58,normal
13760,xy7-36,holofoil
13761,sv7-82,holofoil
13762,swsh45sv-SV066,holofoil
13767,xy5-124,normal
13768,sm11-104,normal
13772,ex10-4,holofoil
13774,bw11-52,holofoil
13775,sv7-158,holofoil
13778,dp7-77,normal
13779,ecard1-36,normal
13782,sm1-5,normal
13783,sv9-129,normal
13784,sv5-82,normal
13785,neo1-102,1stEdition
13786,sv3pt5-47,normal
13788,ex7-15,normal
13789,pop2-6,normal
13790,swsh12-180,holofoil
13791,sma-SV58,holofoil
13793,sv6-62,normal
13795,swsh10-36,normal
13796,sm3-93,holofoil
13799,pop1-5,normal
13800,neo4-84,unlimited
13801,sv10-107,normal
13803,swsh45sv-SV058,holofoil
13804,sv4-262,holofoil
13805,hsp-HGSS07,holofoil
13806,sm10-53,normal
13807,ex3-41,normal
13808,sv6-151,normal
13809,neo2-10,1stEditionHolofoil
13810,swsh10-41,normal
13814,sv1-161,normal
13815,xy4-24,holofoil
13819,sv4-206,holofoil
13821,dp6-78,normal
13823,ex3-44,normal
13826,ex9-7,holofoil
13831,swsh8-126,normal
13832,dp4-10,holofoil
13833,neo2-47,unlimited
13834,swsh45sv-SV090,holofoil
13838,svp-136,holofoil
13839,swsh10-75,normal
13840,bw3-65,normal
13842,me2-130,holofoil
13843,sm3-98,normal
13846,cel25c-17_A,holofoil
13847,me2-87,normal
13851,neo4-23,1stEdition
13852,swsh11tg-TG21,holofoil
13854,bw4-64,holofoil
13858,bwp-BW49,holofoil
13859,sv4-252,holofoil
13860,swsh12-127,normal
13861,swsh6-212,holofoil
13862,sv10-132,normal
13863,sv3-210,holofoil
13864,swsh11tg-TG14,holofoil
13865,swsh12-62,normal
13866,neo2-68,1stEdition
13867,sm8-47,normal
13868,dp4-52,normal
13869,sm9-5,normal
13870,swsh12-158,normal
13871,swsh9-82,normal
13872,sv3-47,normal
13875,swsh2-36,holofoil
13876,xy5-87,normal
13877,pl2-77,normal
13878,base2-50,unlimited
13879,sv4-134,holofoil
13880,sv4-126,normal
13881,swsh45sv-SV100,holofoil
13882,sv6-8,normal
13884,base4-43,normal
13886,sm8-61,normal
13887,dpp-DP17,holofoil
13888,bw9-49,normal
13892,svp-180,holofoil
13897,bwp-BW44,holofoil
13898,sm75-63,normal
13899,swsh10-10,normal
13901,neo1-105,1stEdition
13902,dp6-5,holofoil
13904,bw10-18,normal
13905,swsh5-117,holofoil
13907,swshp-SWSH217,holofoil
13908,xy6-108,holofoil
13910,ex14-54,normal
13913,ex13-45,normal
13914,base4-7,holofoil
13915,swsh12-114,normal
13916,xy3-78,normal
13917,smp-SM201,holofoil
13919,sv4-38,holofoil
13920,bw6-33,normal
13921,me1-166,holofoil
13922,cel25-22,holofoil
13923,sv7-65,holofoil
13925,gym1-93,1stEdition
13927,base2-14,1stEditionHolofoil
13928,base3-57,unlimited
13930,xy8-42,normal
13931,xy4-27,normal
13932,sv4-179,normal
13933,swsh8-184,normal
13934,swsh3-9,normal
13935,sv5-41,holofoil
13936,xy7-43,holofoil
13939,sm35-41,holofoil
13942,dp2-89,normal
13943,me1-163,holofoil
13945,swsh4-26,normal
13946,sma-SV57,holofoil
13947,ex10-22,normal
13948,sm9-17,normal
13950,pl1-56,normal
13951,swsh2-204,holofoil
13952,neo3-61,unlimited
13953,swsh12pt5-138,normal
13954,sv5-193,holofoil
13955,rsv10pt5-23,holofoil
13956,ex1-71,normal
13957,swsh10-82,holofoil
13958,swsh7-10,normal
13960,gym2-64,unlimited
13961,swsh10tg-TG03,holofoil
13962,bw8-80,normal
13963,pl1-63,normal
13964,sv9-68,normal
13965,bw10-35,normal
13967,sv8-151,normal
13969,swsh7-18,holofoil
13971,base2-38,1stEdition
13972,swsh6-199,holofoil
13976,sm11-194,normal
13977,ex2-92,normal
13979,pgo-46,holofoil
13980,swsh3-24,holofoil
13984,base2-46,unlimited
13987,base2-44,unlimited
13988,swsh3-90,normal
13989,base5-75,1stEdition
13990,dv1-5,holofoil
13991,sv6pt5-50,normal
13993,swshp-SWSH071,holofoil
13994,swsh4-198,holofoil
13995,ex16-33,normal
13997,swsh6-232,holofoil
14002,swsh4-74,normal
14003,neo1-39,unlimited
14006,sm12-131,normal
14007,sv3pt5-98,normal
14008,sv6-125,normal
14009,swsh10-134,holofoil
14012,sv6pt5-84,holofoil
14014,ex4-70,normal
14015,bw5-48,normal
14016,sv8-169,normal
14018,bw3-32,normal
14022,sv10-100,normal
14023,hgss3-81,holofoil
14024,sv6pt5-63,normal
14025,swsh5-144,holofoil
14027,sm4-87,normal
14031,zsv10pt5-23,holofoil
14032,swsh10-156,normal
14033,base2-40,unlimited
14036,swsh10-24,normal
14037,sm12-165,holofoil
14041,swsh1-93,normal
14042,ex2-71,normal
14044,sm12-10,normal
14045,ex8-1,holofoil
14047,gym2-95,unlimited
14048,zsv10pt5-18,normal
14049,sm11-248,holofoil
14050,ex11-4,holofoil
14051,svp-33,holofoil
14052,base2-45,1stEdition
14053,swsh10-21,normal
14054,neo1-21,unlimited
14055,bw7-29,normal
14057,sv8-252,holofoil
14059,sma-SV30,holofoil
14060,sm1-35,holofoil
14061,g1-62,normal
14065,pop8-8,holofoil
14066,swsh4-77,normal
14068,gym2-20,unlimitedHolofoil
14070,base4-60,normal
14071,xy0-3,normal
14072,swsh1-40,normal
14073,sma-SV18,holofoil
14074,me1-118,normal
14075,svp-104,holofoil
14076,ex8-43,normal
14079,dc1-8,holofoil
14080,ex9-1,holofoil
14081,sv6-12,normal
14084,base1-62,normal
14085,sv4pt5-177,holofoil
14087,hgss2-92,holofoil
14088,xyp-XY52,holofoil
14089,sv8-64,normal
14090,swsh45sv-SV055,holofoil
14091,g1-RC23,normal
14094,pl4-49,normal
14096,neo4-11,1stEditionHolofoil
14098,swsh1-209,holofoil
14099,sv4-143,normal
14101,pl4-41,normal
14103,swsh7-172,holofoil
14104,svp-126,holofoil
14105,sv6-162,holofoil
14106,swsh2-96,normal
14107,gym1-85,unlimited
14110,ex6-34,normal
14112,sv6pt5-29,normal
14113,xy11-19,normal
14116,neo1-72,unlimited
14118,sm2-115,holofoil
14119,xy11-87,holofoil
14121,dv1-2,holofoil
14122,bw1-24,normal
14123,ecard1-151,normal
14124,gym2-45,unlimited
14125,bw5-8,normal
14126,bw6-27,normal
14128,bw10-72,normal
14129,sv3-135,holofoil
14130,swsh12-78,holofoil
14133,swsh12-92,normal
14134,svp-65,holofoil
14135,ex9-99,holofoil
14136,neo3-49,unlimited
14137,mcd22-13,normal
14138,xy11-49,normal
14140,bw2-15,normal
14141,cel25c-114_A,holofoil
14143,swsh45sv-SV024,holofoil
14144,base2-53,unlimited
14146,sv3pt5-126,normal
14148,ecard2-H18,holofoil
14149,swsh8-138,normal
14150,swsh4-150,normal
14151,xy3-77,holofoil
14152,rsv10pt5-14,normal
14156,xyp-XY37,holofoil
14159,base5-60,unlimited
14161,sv2-23,normal
14162,swsh5-82,holofoil
14163,sm4-4,normal
14164,swsh10-47,normal
14165,swsh9-159,holofoil
14166,ex3-34,normal
14168,ex11-98,normal
14170,sm8-20,normal
14171,zsv10pt5-106,holofoil
14172,smp-SM159,holofoil
14173,sm2-109,normal
14176,swsh10-81,holofoil
14178,sv8pt5-37,holofoil
14179,sm10-122,normal
14180,bw8-21,normal
14182,sv4-259,holofoil
14183,svp-67,holofoil
14189,sv4-72,holofoil
14190,sm6-145,holofoil
14192,basep-15,holofoil
14193,smp-SM74,holofoil
14195,ex7-59,normal
14197,rsv10pt5-31,normal
14199,bw3-16,normal
14200,swsh8-100,normal
14201,base1-59,normal
14204,ex16-56,normal
14205,base6-53,normal
14207,swsh45-62,normal
14208,swshp-SWSH056,holofoil
14210,sv5-216,holofoil
14212,ex6-93,normal
14214,sm11-59,normal
14215,smp-SM46,holofoil
14216,pl2-33,normal
14217,sv3-81,normal
14218,swsh5-22,holofoil
14222,swsh8-208,normal
14223,swsh2-40,holofoil
14224,swsh8-8,normal
14226,base1-98,normal
14227,gym2-115,unlimited
14229,sm7-60,normal
14230,gym1-30,1stEdition
14231,swsh12pt5-28,normal
14232,swsh7-143,normal
14233,sv4-144,holofoil
14235,bw5-36,normal
14236,swsh8-97,normal
14237,bw4-68,normal
14239,bw4-63,normal
14240,sm9-44,normal
14241,ex8-60,normal
14244,sv6-1,normal
14247,base2-6,1stEditionHolofoil
14249,dp4-43,normal
14252,base5-48,1stEdition
14253,neo3-46,unlimited
14256,hgss2-93,holofoil
14257,sm8-9,normal
14258,ex12-49,normal
14261,sv9-119,normal
14262,swsh1-202,holofoil
14265,ex3-25,normal
14266,swsh12-40,normal
14267,ex5-45,normal
14268,mcd21-19,holofoil
14269,ex1-63,normal
14279,mcd12-7,holofoil
14280,sv3-161,normal
14283,bw1-88,normal
14284,me1-120,normal
14285,zsv10pt5-20,normal
14286,sv6-37,normal
14287,swsh7-223,holofoil
14288,pop5-16,normal
14289,swsh7-14,holofoil
14291,sv4-157,normal
14293,xy12-64,holofoil
14295,hgss1-47,normal
14297,sv10-155,normal
14300,sv8-34,normal
14301,xy10-66,normal
14302,pl3-27,normal
14303,sv4pt5-232,holofoil
14305,dp6-67,normal
14306,sv7-167,holofoil
14307,zsv10pt5-117,holofoil
14308,sv4-84,normal
14311,dp6-117,normal
14312,hgss3-63,normal
14313,xy8-77,normal
14314,svp-31,holofoil
14317,dp3-87,normal
14321,np-7,holofoil
14322,swsh9-165,holofoil
14324,svp-91,holofoil
14325,sv2-101,normal
14326,xy3-85,normal
14328,bw4-31,normal
14330,sv1-176,normal
14334,hgss3-84,holofoil
14339,zsv10pt5-29,normal
14340,gym1-80,unlimited
14341,swsh9-21,holofoil
14342,bw2-90,normal
14343,swsh3-102,normal
14345,gym1-57,unlimited
14346,swsh6-11,normal
14347,g1-77,normal
14348,base3-49,unlimited
14349,ex4-18,normal
14351,sm6-87,normal
14352,gym2-50,1stEdition
14353,swsh8-88,normal
14354,neo2-51,unlimited
14356,xy8-52,normal
14357,bw7-27,normal
14358,ex6-41,normal
14359,sv10-79,normal
14364,swsh1-201,holofoil
14365,xy11-45,normal
14366,sm1-132,normal
14369,sv1-66,normal
14370,bw8-22,normal
14371,dp4-68,normal
14372,ex13-36,normal
14373,dp7-35,normal
14374,bw1-59,normal
14375,sv9-190,holofoil
14377,swsh45sv-SV029,holofoil
14378,hgss2-55,normal
14379,sm10-155,normal
14380,swsh10-13,normal
14381,hgss3-8,holofoil
14382,swsh12pt5-145,normal
14385,ex16-32,normal
14386,swsh45sv-SV073,holofoil
14387,base6-14,holofoil
14389,svp-68,holofoil
14392,sm2-2,normal
14394,sv1-210,holofoil
14395,bw7-103,holofoil
14396,sv6-142,normal
14397,dc1-33,normal
14398,bwp-BW10,holofoil
14400,gym1-36,1stEdition
14402,xy9-66,holofoil
14403,sm4-17,normal
14404,neo2-21,1stEdition
14406,swsh45sv-SV096,holofoil
14407,bw11-64,normal
14408,gym2-44,unlimited
14409,bwp-BW26,holofoil
14410,neo2-41,unlimited
14412,sv6-32,normal
14413,swsh4-23,normal
14415,hgss3-21,normal
14416,svp-138,normal
14418,sv6-99,normal
14419,dp7-51,normal
14420,sm12-53,normal
14422,svp-168,holofoil
14423,sv4pt5-60,normal
14424,ecard2-91,normal
14425,xy11-51,normal
14427,sv8pt5-165,holofoil
14429,swsh12pt5-63,normal
14430,dp3-17,holofoil
14431,svp-61,holofoil
14433,sv8-244,holofoil
14434,base5-72,unlimited
14435,bw8-43,normal
14438,smp-SM219,holofoil
14440,pl1-16,holofoil
14442,swsh6-87,holofoil
14443,neo1-70,unlimited
14444,swsh4-8,normal
14445,pop3-4,normal
14447,gym1-122,1stEdition
14450,swsh5-75,normal
14451,xy9-47,holofoil
14453,dp1-95,normal
14455,bw5-11,normal
14456,sv3-77,normal
14457,swsh10tg-TG23,holofoil
14459,sm1-45,normal
14461,swsh12-48,normal
14462,gym2-120,1stEdition
14463,sv3pt5-176,holofoil
14466,sv5-92,normal
14469,sv1-110,normal
14470,swsh12-70,holofoil
14471,pl1-98,normal
14472,swsh10-122,normal
14474,svp-83,holofoil
14477,swsh8-240,normal
14478,xyp-XY74,holofoil
14482,hgss1-111,holofoil
14483,sm2-108,normal
14486,fut20-1,normal
14487,sm8-90,normal
14490,bw11-90,holofoil
14492,sv2-1,normal
14493,dp3-12,holofoil
14496,xy5-121,normal
14497,sm7-7,normal
14498,sv8pt5-145,holofoil
14499,me1-68,normal
14502,swsh3-178,holofoil
14505,xy3-67,normal
14506,me1-153,holofoil
14511,neo1-63,1stEdition
14512,dp3-30,normal
14513,sm11-235,holofoil
14515,gym2-57,1stEdition
14516,sv3pt5-188,holofoil
14518,pl3-54,normal
14519,sv4-161,normal
14521,ex5-21,normal
14524,sv2-131,normal
14525,bwp-BW63,holofoil
14526,sv4-36,holofoil
14527,swsh12-159,normal
14529,sv1-82,normal
14531,sv1-147,normal
14532,gym1-65,1stEdition
14533,ex7-17,normal
14534,sv4-74,holofoil
14537,ex3-67,normal
14538,sm8-41,normal
14539,swshp-SWSH091,holofoil
14540,sm12-243,holofoil
14541,sv3-147,normal
14542,sm10-65,normal
14543,ex5-17,normal
14544,bw9-22,normal
14545,dp7-74,normal
14546,swsh3-74,normal
14547,sv7-60,normal
14549,swshp-SWSH080,holofoil
14552,sm11-250,holofoil
14555,gym2-126,1stEdition
14556,bw5-2,normal
14557,swsh8-223,normal
14558,swsh1-17,normal
14559,smp-SM93,holofoil
14561,xy6-46,holofoil
14563,gym1-48,1stEdition
14564,neo1-74,1stEdition
14565,sv6-120,normal
14567,xy2-8,normal
14568,swsh5-11,normal
14569,bw11-5,normal
14570,swsh2-115,normal
14572,ecard1-72,normal
14573,neo2-13,unlimitedHolofoil
14574,bw7-12,normal
14576,swsh8-221,normal
14577,dp1-63,normal
14578,swsh8-173,normal
14579,swsh7-16,holofoil
14581,base6-71,normal
14584,np-35,normal
14585,mcd12-2,holofoil
14586,bw1-81,normal
14587,smp-SM43,holofoil
14588,col1-83,normal
14591,xy9-44,normal
14594,sm9-170,holofoil
14595,ex3-63,normal
14596,sv1-149,normal
14598,neo3-48,unlimited
14600,swsh8-144,normal
14602,sv5-58,normal
14603,dc1-2,holofoil
14604,dp5-59,normal
14605,ecard3-22,normal
14607,sv10-209,holofoil
14608,ex12-66,normal
14610,swsh2-196,holofoil
14612,bw7-123,normal
14614,hsp-HGSS02,holofoil
14615,basep-26,normal
14617,swsh7-217,holofoil
14619,swsh12-145,normal
14620,neo4-92,unlimited
14621,xy5-123,normal
14623,me1-167,holofoil
14624,sv1-224,holofoil
14628,sm11-206,normal
14632,ex15-31,normal
14635,sv1-108,normal
14636,rsv10pt5-18,holofoil
14638,dp3-123,normal
14639,sma-SV10,holofoil
14640,swsh4-154,holofoil
14641,dp2-60,normal
14642,smp-SM35,holofoil
14644,xy10-15,normal
14645,swsh7-100,holofoil
14646,bw5-34,normal
14651,hgss2-16,normal
14652,sm6-119,holofoil
14653,sv5-40,normal
14657,swsh5-18,holofoil
14658,col1-4,holofoil
14659,neo3-49,1stEdition
14663,swsh7-231,holofoil
14664,sm9-55,normal
14666,swsh12-68,normal
14668,bw11-2,normal
14669,swsh6-194,holofoil
14673,me1-173,holofoil
14674,swsh6-18,holofoil
14675,swsh9tg-TG11,holofoil
14676,neo1-72,1stEdition
14677,base1-16,holofoil
14679,dp5-66,normal
14682,dp3-60,normal
14686,sm4-62,normal
14687,swsh3-59,normal
14688,dp5-46,normal
14690,ex8-64,normal
14691,sm10-11,normal
14692,sv4-209,holofoil
14693,ex11-27,normal
14694,sv6-64,holofoil
14695,xyp-XY209,holofoil
14696,xy2-104,holofoil
14697,ex11-80,normal
14699,swsh5-90,normal
14700,neo4-13,1stEditionHolofoil
14701,sm7-22,normal
14702,gym2-64,1stEdition
14708,ex11-43,normal
14709,bw2-22,normal
14712,swsh7-61,normal
14714,sv6-59,normal
14715,sv6pt5-25,holofoil
14718,base5-73,1stEdition
14719,cel25-12,holofoil
14726,bw4-88,normal
14729,sv8pt5-92,holofoil
14731,sm9-47,normal
14733,sv4pt5-95,holofoil
14734,me1-49,normal
14735,swsh12-41,normal
14737,mcd21-7,normal
14740,ex9-74,normal
14742,swsh9tg-TG06,holofoil
14743,swsh8-273,holofoil
14744,swsh7-224,holofoil
14747,sm11-158,normal
14748,sm35-67,normal
14749,me2-54,normal
14750,xyp-XY107,holofoil
14752,swsh45-15,normal
14753,sv3pt5-136,holofoil
14755,xy12-37,normal
14756,swsh12pt5-36,holofoil
14757,swsh6-86,normal
14758,ex8-56,normal
14759,xy5-64,normal
14761,swshp-SWSH084,holofoil
14762,swsh12pt5-21,holofoil
14765,swsh11tg-TG10,holofoil
14767,pl4-96,holofoil
14770,mcd19-4,holofoil
14771,xyp-XY123,holofoil
14773,bw8-20,normal
14774,sv1-202,holofoil
14775,swsh1-51,normal
14776,base5-11,1stEditionHolofoil
14778,swsh12-187,holofoil
14779,rsv10pt5-137,holofoil
14780,sm12-210,holofoil
14782,sv10-29,normal
14786,base3-16,1stEdition
14787,ecard1-30,holofoil
14788,neo2-53,1stEdition
14790,zsv10pt5-101,holofoil
14791,neo4-4,unlimitedHolofoil
14792,sv2-132,normal
14795,bw6-41,normal
14796,sv8pt5-61,normal
14797,hgss2-68,normal
14799,neo1-41,unlimited
14800,sm4-14,normal
14801,ex7-88,normal
14802,sm9-72,normal
14803,sv4pt5-108,holofoil
14806,g1-53,normal
14807,hgss4-46,normal
14808,swsh7-201,holofoil
14809,sv7-7,normal
14811,base4-61,normal
14813,sm7-158,holofoil
14815,zsv10pt5-164,holofoil
14817,xy8-8,normal
14819,xyp-XY158,holofoil
14820,g1-5,holofoil
14821,dpp-DP50,holofoil
14822,pl3-12,holofoil
14824,ex11-97,normal
14827,ex8-4,holofoil
14828,me1-82,normal
14829,sv8pt5-116,holofoil
14831,neo2-54,unlimited
14832,sm7-34,normal
14833,sv3pt5-101,holofoil
14834,sm6-106,normal
14836,ex15-76,normal
14838,ex12-57,normal
14839,sv6-140,normal
14841,sv9-3,holofoil
14843,swsh12pt5gg-GG67,holofoil
14844,mcd22-7,holofoil
14845,neo1-104,1stEdition
14846,hgss2-34,normal
14847,col1-29,normal
14850,sv5-209,holofoil
14852,bw10-29,normal
14855,sv6pt5-92,holofoil
14857,sv3-91,normal
14859,bw7-28,normal
14860,np-15,normal
14862,bw7-40,normal
14863,base3-30,1stEdition
14865,sv10-230,holofoil
14867,swsh4-183,holofoil
14870,bw6-63,normal
14871,dp2-41,normal
14873,smp-SM135,holofoil
14874,swsh2-19,holofoil
14875,sv4pt5-44,normal
14877,sv8-167,normal
14878,dp1-2,holofoil
14879,swsh10-31,normal
14881,dp1-4,holofoil
14885,bw7-44,normal
14890,swshp-SWSH063,holofoil
14891,sv7-166,holofoil
14892,mcd21-11,holofoil
14893,sma-SV91,holofoil
14894,sv3-196,normal
14895,sm10-30,normal
14897,smp-SM240,holofoil
14898,sm3-45,normal
14899,bw9-76,normal
14900,gym1-55,1stEdition
14901,sv3-224,holofoil
14902,svp-161,holofoil
14903,sm7-94,normal
14906,dpp-DP36,holofoil
14907,ex15-55,normal
14908,base5-3,unlimitedHolofoil
14909,xyp-XY185,holofoil
14910,sm4-55,normal
14911,neo1-107,1stEdition
14912,xy12-53,holofoil
14913,gym2-46,1stEdition
14918,xy9-52,holofoil
14920,xy7-92,holofoil
14921,smp-SM247,holofoil
14922,neo4-68,1stEdition
14923,pl4-21,normal
14924,smp-SM15,holofoil
14928,ecard1-127,normal
14932,sm7-155,holofoil
14934,hgss4-8,holofoil
14935,base6-50,normal
14936,sm6-18,normal
14937,sv4pt5-78,normal
14941,sm12-221,holofoil
14942,neo1-23,unlimited
14949,swsh45-58,normal
14950,bw11-84,holofoil
14952,me1-52,normal
14953,swsh10-179,holofoil
14955,dv1-6,holofoil
14957,sv5-84,holofoil
14959,swsh6-96,normal
14960,gym2-86,unlimited
14962,zsv10pt5-3,holofoil
14965,fut20-4,normal
14966,xy10-38,normal
14969,dp7-84,normal
14970,bw5-107,holofoil
14972,pop1-11,normal
14973,swsh8-276,holofoil
14975,hgss4-78,normal
14976,hgss2-25,normal
14977,bw5-50,normal
14979,xy11-73,holofoil
14981,sv8-105,normal
14982,bw2-86,normal
14983,sm8-106,holofoil
14986,bw9-36,normal
14988,sv10-219,holofoil
14989,gym1-77,1stEdition
14991,xy7-48,normal
14992,ex16-92,holofoil
14993,sm8-235,holofoil
14994,ex12-71,normal
14995,ex4-48,normal
14996,swsh9tg-TG13,holofoil
14998,xy9-10,normal
15003,sm1-24,normal
15004,sm7-95,holofoil
15007,swsh12-126,normal
15008,sm10-84,normal
15009,gym2-71,unlimited
15010,sv3-110,normal
15012,sv10-8,holofoil
15013,sv3pt5-114,normal
15014,sv2-123,holofoil
15016,sm115-28,normal
15017,ex1-50,normal
15018,neo1-35,1stEdition
15019,ex7-28,normal
15020,base3-61,1stEdition
15021,sm35-7,holofoil
15022,neo2-27,1stEdition
15023,sv8-195,holofoil
15024,ex2-17,normal
15025,me2-62,normal
15027,swsh9tg-TG20,holofoil
15031,xy8-125,normal
15035,bw8-105,normal
15037,pl2-65,normal
15040,sv6-178,holofoil
15041,swsh1-185,normal
15043,sv10-78,holofoil
15046,gym1-17,unlimitedHolofoil
15048,sm10-114,normal
15049,swsh8-69,normal
15051,xy3-55,holofoil
15053,base5-77,1stEdition
15054,dp4-33,normal
15058,rsv10pt5-119,holofoil
15059,gym2-91,unlimited
15063,ru1-5,normal
15064,sm11-233,holofoil
15065,swsh9-147,holofoil
15066,pl4-28,normal
15067,neo4-17,1stEdition
15069,swsh4-185,holofoil
15070,sv7-118,normal
15072,xy1-93,holofoil
15074,pgo-14,normal
15075,gym1-17,1stEditionHolofoil
15078,swsh7-90,normal
15080,swsh3-11,normal
15081,sm11-220,holofoil
15082,bw4-94,holofoil
15083,sv3-168,normal
15084,base2-55,unlimited
15085,bwp-BW45,holofoil
15086,xy1-27,normal
15089,sv4-266,holofoil
15093,base1-102,normal
15094,g1-RC3,normal
15095,ex10-76,normal
15097,sv3pt5-182,holofoil
15099,swsh12pt5-33,normal
15100,gym1-70,1stEdition
15102,swsh12tg-TG03,holofoil
15103,dp5-22,normal
15104,ex6-17,holofoil
15105,swsh5-15,normal
15108,dp4-44,normal
15109,dp7-10,holofoil
15110,dp4-69,normal
15111,xy1-21,normal
15112,sv5-20,normal
15113,dp4-75,normal
15114,swsh12pt5-51,holofoil
15116,me1-111,normal
15117,swsh6-22,normal
15118,pl1-19,normal
15120,sm9-57,normal
15122,ex3-18,normal
15123,sm8-92,normal
15126,sm7-118,normal
15127,bw3-43,normal
15128,sv2-26,normal
15129,swsh45sv-SV023,holofoil
15130,gym1-88,1stEdition
15132,sm9-124,normal
15134,gym2-79,1stEdition
15136,swsh2-71,holofoil
15137,xy11-38,normal
15138,sm5-55,normal
15139,sv8-126,normal
15140,swsh45sv-SV065,holofoil
15141,ex16-15,normal
15144,xy1-130,normal
15145,swsh7-140,normal
15146,gym1-132,unlimited
15147,neo1-79,1stEdition
15148,xy8-12,holofoil
15150,sm3-48,normal
15155,gym2-85,1stEdition
15156,zsv10pt5-148,holofoil
15157,base2-39,unlimited
15158,bw10-15,normal
15159,sv3pt5-115,holofoil
15161,xy6-57,holofoil
15163,neo1-43,unlimited
15164,ex6-9,holofoil
15166,ex12-25,normal
15168,ex2-58,normal
15170,hgss1-30,normal
15171,sv10-71,normal
15173,gym1-50,unlimited
15175,sv4pt5-155,holofoil
15176,bwp-BW83,holofoil
15177,sv6-25,holofoil
15180,mcd22-1,normal
15181,sv3-198,holofoil
15183,base4-91,normal
15189,ex4-49,normal
15190,ecard1-37,normal
15191,xy9-31,holofoil
15192,bw7-138,holofoil
15195,bw1-57,holofoil
15197,sv7-146,holofoil
15198,pl2-35,normal
15199,sv9-76,normal
15202,sv8-44,normal
15204,xy3-6,normal
15205,sv10-102,normal
15206,sv10-25,holofoil
15207,sv3-66,holofoil
15209,base3-31,1stEdition
15211,col1-41,normal
15212,swsh12pt5-12,normal
15214,bw8-104,holofoil
15215,gym1-51,unlimited
15216,swsh6-191,holofoil
15217,pl3-119,normal
15218,xy0-3,holofoil
15219,sv6-88,normal
15220,swsh6-34,normal
15221,sv9-98,holofoil
15223,sm1-40,normal
15224,xy6-95,normal
15225,neo4-96,1stEdition
15226,neo3-64,unlimited
15230,np-29,holofoil
15231,svp-165,holofoil
15233,swsh8-188,normal
15234,pgo-5,holofoil
15238,ecard3-121,normal
15240,sv10-1,normal
15241,sm11-112,normal
15242,swshp-SWSH194,holofoil
15243,sv7-6,holofoil
15244,sv1-156,normal
15246,sv9-154,normal
15247,ex8-63,normal
15248,swsh7-123,holofoil
15250,sv1-7,normal
15251,sm1-75,normal
15253,base5-73,unlimited
15254,swsh7-145,normal
15256,bw3-72,normal
15257,swsh8-183,normal
15258,pl1-69,normal
15259,swsh9-70,normal
15260,pl2-42,normal
15263,ex11-67,normal
15264,swsh12-21,normal
15267,swsh45sv-SV078,holofoil
15268,swsh1-111,normal
15269,ecard3-119,normal
15270,sm10-58,normal
15275,sv5-151,normal
15277,sm6-116,normal
15279,pop2-15,normal
15281,neo4-63,unlimited
15285,gym1-79,1stEdition
15286,dp4-67,normal
15287,sv8-190,normal
15288,sv4-208,holofoil
15289,sm12-117,normal
15291,sm1-65,normal
15292,xy5-2,normal
15294,xy10-51,holofoil
15295,sv3pt5-186,holofoil
15296,dp6-6,holofoil
15300,xy11-71,normal
15302,pop4-13,holofoil
15303,bw8-4,normal
15305,sm5-16,normal
15306,neo3-64,1stEdition
15307,ex7-4,holofoil
15308,sv9-131,normal
15310,sm8-63,holofoil
15311,xy7-22,normal
15312,dp1-98,normal
15313,sm8-65,normal
15316,pl1-7,holofoil
15317,zsv10pt5-15,normal
15319,rsv10pt5-139,holofoil
15320,swsh9-103,normal
15321,swsh3-185,holofoil
15322,sv6-100,holofoil
15324,base5-82,unlimited
15325,ex2-7,holofoil
15327,ex10-57,normal
15328,sv9-57,normal
15329,sv8pt5-108,normal
15330,sv6-15,normal
15331,swsh7-13,holofoil
15332,swsh6-48,normal
15333,xy5-120,normal
15334,base5-25,unlimited
15336,sv4-41,normal
15337,bw6-43,normal
15339,swsh7-23,normal
15341,pl3-35,normal
15342,sv7-17,normal
15345,ex11-78,normal
15346,sv6pt5-97,holofoil
15349,base5-19,1stEdition
15351,ex5-36,normal
15352,hgss1-57,normal
15353,bw9-81,normal
15354,gym2-96,unlimited
15355,ex5-35,normal
15357,dpp-DP42,holofoil
15358,xyp-XY04,holofoil
15361,ex7-92,normal
15362,sv3pt5-109,normal
15363,swsh4-47,normal
15365,xy8-160,holofoil
15366,bw8-56,normal
15367,base5-12,unlimitedHolofoil
15368,swsh12tg-TG23,holofoil
15369,sm11-252,holofoil
15372,sm7-63,normal
15374,xy3-2,normal
15376,swsh8-57,holofoil
15380,sv4-194,holofoil
15381,swsh12pt5gg-GG22,holofoil
15384,xy4-50,holofoil
15385,swsh7-188,holofoil
15386,sm75-24,holofoil
15389,swsh9-180,holofoil
15391,me1-16,normal
15392,sv1-73,normal
15393,swsh12-118,normal
15394,sm2-110,normal
15397,pl3-57,normal
15399,swsh1-211,holofoil
15400,sv4-199,holofoil
15401,ex13-56,normal
15402,sm2-3,normal
15403,swsh5-98,normal
15404,sm11-89,normal
15405,sv8-18,normal
15407,ex9-90,holofoil
15409,sv4-248,holofoil
15410,sm12-267,holofoil
15411,swsh5-174,holofoil
15412,ex3-28,normal
15415,svp-94,holofoil
15416,sm3-159,holofoil
15417,ex16-90,normal
15419,rsv10pt5-43,holofoil
15420,gym2-123,1stEdition
15426,svp-64,holofoil
15428,dp1-76,normal
15429,hgss2-40,normal
15430,xy1-6,normal
15431,ex1-59,normal
15432,bw5-35,normal
15433,neo3-23,unlimited
15434,sv7-57,normal
15437,swsh2-49,holofoil
15438,sm10-100,normal
15440,sv10-166,normal
15441,dp1-112,normal
15442,sm3-84,holofoil
15443,neo2-56,1stEdition
15447,xy9-123,holofoil
15450,base2-16,unlimitedHolofoil
15453,hgss2-53,normal
15454,swsh7-62,normal
15455,swsh5-10,normal
15456,sm3-2,normal
15457,sm12-47,normal
15459,ex9-65,normal
15461,swsh7-155,normal
15462,ex1-67,normal
15463,ex6-70,normal
15464,ecard1-13,holofoil
15465,ex4-40,normal
15466,ex10-114,holofoil
15467,swsh10-92,normal
15468,swsh10-76,normal
15470,sv10-147,normal
15471,swsh2-53,normal
15474,sm11-186,normal
15478,sv6-174,holofoil
15479,svp-63,holofoil
15481,swsh5-58,normal
15482,xy3-31,normal
15485,sv4pt5-71,normal
15486,swshp-SWSH097,holofoil
15489,xy7-14,normal
15490,bw5-53,normal
15492,me2-18,holofoil
15493,np-34,holofoil
15494,gym1-81,unlimited
15496,bw10-69,holofoil
15499,sv8pt5-99,normal
15501,swsh7-9,normal
15502,neo3-1,unlimitedHolofoil
15503,sv9-164,holofoil
15504,swsh10-177,holofoil
15505,pl2-104,holofoil
15506,ex10-3,holofoil
15507,pl4-2,holofoil
15508,swsh9-127,normal
15509,sm2-162,holofoil
15511,bw4-55,normal
15512,sv3pt5-99,normal
15513,sv1-114,normal
15514,svp-167,holofoil
15515,xy9-14,holofoil
15516,bw8-7,normal
15523,svp-34,holofoil
15526,swsh5-46,normal
15527,sm12-214,holofoil
15528,xy4-108,normal
15529,swshp-SWSH277,holofoil
15531,neo1-78,unlimited
15532,sv8pt5-9,normal
15533,swsh12tg-TG19,holofoil
15534,base6-62,normal
15535,sm10-47,normal
15536,dpp-DP11,holofoil
15537,sv10-208,holofoil
15538,neo1-107,unlimited
15539,ex6-16,holofoil
15540,me1-13,normal
15541,swsh12pt5-16,holofoil
15543,swsh5-120,normal
15545,swshp-SWSH007,holofoil
15548,sv2-55,normal
15550,bw4-51,holofoil
15551,swsh7-73,holofoil
15552,neo2-50,unlimited
15553,pop3-2,holofoil
15554,ex15-86,normal
15555,sm5-112,normal
15558,base2-30,1stEdition
15559,sv3-84,normal
15560,ex16-45,normal
15562,pl1-46,normal
15564,swsh12pt5-26,holofoil
15568,gym1-105,1stEdition
15569,rsv10pt5-141,holofoil
15570,ex14-21,normal
15573,bw3-89,normal
15574,swsh8-180,normal
15575,sm115-20,holofoil
15577,base1-29,normal
15579,sv5-8,normal
15581,xyp-XY201,normal
15582,sm12-185,normal
15583,sv6-210,holofoil
15585,swsh45sv-SV050,holofoil
15586,bw5-93,normal
15589,ex5-87,normal
15591,swsh12-5,normal
15592,sm12-188,normal
15593,hgss2-52,normal
15594,dv1-3,holofoil
15597,swsh8-60,normal
15599,base3-23,1stEdition
15600,sv8-144,normal
15601,neo4-39,1stEdition
15603,sv8-83,holofoil
15606,sv1-39,normal
15607,me2-110,holofoil
15608,swsh45-41,normal
15610,sv3-142,normal
15611,sm7-93,normal
15612,ex16-60,normal
15614,dp6-110,normal
15616,dp4-8,holofoil
15620,pl3-73,normal
15621,zsv10pt5-25,normal
15624,bwp-BW91,holofoil
15625,sm5-98,normal
15626,pop6-17,normal
15627,neo4-76,unlimited
15628,pop6-5,normal
15629,zsv10pt5-31,normal
15630,ecard2-104,normal
15631,base3-12,unlimitedHolofoil
15633,sm5-7,normal
15636,bw6-110,normal
15640,ex14-80,normal
15642,gym2-86,1stEdition
15643,bw9-53,holofoil
15644,bw7-11,normal
15645,swsh5-115,normal
15646,dv1-8,holofoil
15647,swsh7-122,holofoil
15648,base2-52,1stEdition
15650,sv7-77,normal
15652,swsh12-172,holofoil
15653,pl1-47,normal
15654,sma-SV92,holofoil
15655,sm115-41,normal
15656,swsh8-232,normal
15657,dp2-11,holofoil
15661,bw10-7,normal
15662,neo3-40,unlimited
15665,xy5-130,normal
15666,sm9-104,normal
15668,sv5-5,normal
15669,xy10-86,normal
15671,xy4-45,holofoil
15674,swshp-SWSH172,holofoil
15677,sv9-123,normal
15679,gym1-21,unlimited
15681,sv8-102,normal
15682,sv3pt5-145,holofoil
15685,xy5-107,normal
15686,sm7-183,holofoil
15687,swsh1-41,normal
15689,me1-148,holofoil
15690,ru1-6,normal
15693,me2-32,normal
15694,xy7-37,holofoil
15695,sv3-215,holofoil
15696,sm8-8,holofoil
15698,bw11-51,holofoil
15699,bw5-21,normal
15700,neo2-3,1stEditionHolofoil
15702,sma-SV35,holofoil
15703,xyp-XY95,holofoil
15706,svp-156,holofoil
15707,bw7-113,normal
15708,hgss1-31,normal
15710,dp3-106,normal
15712,gym2-102,1stEdition
15715,smp-SM217,holofoil
15717,xy11-95,normal
15718,swsh12pt5gg-GG56,holofoil
15719,neo3-24,unlimited
15720,swshp-SWSH204,holofoil
15721,zsv10pt5-145,holofoil
15722,swsh35-39,normal
15723,sm6-110,holofoil
15724,sv8-245,holofoil
15725,swsh35-74,holofoil
15726,bw7-46,normal
15727,xyp-XY78,holofoil
15728,neo4-28,unlimited
15730,xy7-26,holofoil
15731,smp-SM200,holofoil
15732,sm9-138,normal
15733,xy11-62,normal
15735,swsh6-170,holofoil
15736,neo3-55,1stEdition
15737,swsh35-38,normal
15738,xyp-XY38,holofoil
15739,xyp-XY110,holofoil
15741,neo1-59,unlimited
15744,sv2-18,normal
15745,sm9-53,holofoil
15746,bw8-10,normal
15747,sv10-41,normal
15748,swsh12-76,normal
15749,bw4-58,normal
15751,ex15-101,holofoil
15752,ex1-30,normal
15753,swsh4-22,holofoil
15755,sv3-118,normal
15756,gym1-79,unlimited
15757,swsh35-22,holofoil
15760,dp5-90,normal
15761,xy2-83,normal
15762,sm10-90,normal
15763,base4-96,normal
15765,swsh1-1,holofoil
15768,ecard3-1,normal
15769,swsh45-65,holofoil
15775,swsh5-8,holofoil
15776,hgss1-82,normal
15777,ex14-22,normal
15778,sv4pt5-97,holofoil
15783,smp-SM248,holofoil
15784,base3-1,1stEditionHolofoil
15786,sv4pt5-47,holofoil
15787,swsh5-33,holofoil
15788,gym1-76,1stEdition
15791,sv9-88,normal
15795,sv2-77,normal
15796,swsh6-157,normal
15797,sm5-26,normal
15799,sv3-85,holofoil
15800,base1-44,normal
15801,swsh6-160,holofoil
15802,sm3-1,normal
15803,xy7-87,holofoil
15804,pl2-72,normal
15807,ex6-61,normal
15808,sv9-162,holofoil
15809,bw11-96,holofoil
15810,base4-76,normal
15811,ex1-69,normal
15814,sm7-2,normal
15815,ex12-26,normal
15816,sv6-198,holofoil
15817,ex6-90,normal
15818,sv10-46,normal
15820,sv4-153,normal
15822,pop1-6,normal
15823,xy4-22,normal
15825,bw7-62,normal
15826,bw11-32,holofoil
15827,bw5-18,normal
15828,neo4-16,1stEditionHolofoil
15831,xy1-102,normal
15832,swsh10-121,normal
15837,swsh12pt5-125,normal
15838,swsh12pt5-143,holofoil
15839,ex13-33,normal
15840,swshp-SWSH180,holofoil
15841,pl2-96,normal
15843,bw1-78,normal
15844,swsh8-254,holofoil
15846,bw4-15,normal
15847,pl3-33,normal
15848,sv10-222,holofoil
15849,sv3-144,normal
15850,bw5-10,normal
15852,xy4-68,normal
15853,sv7-2,normal
15855,sm4-103,holofoil
15856,ex4-58,normal
15858,swsh45sv-SV103,holofoil
15860,pl1-27,normal
15862,sv8-68,holofoil
15864,base1-36,normal
15867,sm5-38,normal
15868,sm11-70,normal
15869,sv3pt5-106,normal
15871,bw4-48,normal
15873,base1-47,normal
15875,dp1-5,holofoil
15877,dp6-13,holofoil
15878,ex10-62,normal
15880,sv3pt5-77,normal
15882,swsh2-16,normal
15883,pop3-10,normal
15888,sm8-21,normal
15889,sv3pt5-70,normal
15890,xy0-22,normal
15891,sm8-71,normal
15893,swshp-SWSH159,holofoil
15895,base6-43,normal
15897,ex10-61,normal
15898,sm9-168,holofoil
15899,ecard3-28,normal
15900,xy4-16,normal
15901,dp3-7,holofoil
15902,gym1-50,1stEdition
15904,sv10-206,holofoil
15905,swsh12pt5-146,normal
15906,swsh2-166,normal
15907,smp-SM132,holofoil
15908,ecard3-H25,holofoil
15909,xyp-XY19,holofoil
15910,pl4-67,normal
15912,base2-6,unlimitedHolofoil
15913,swsh45sv-SV021,holofoil
15914,ex14-73,normal
15915,ex14-38,normal
15916,pl3-126,normal
15917,ex4-71,normal
15918,xy2-84,normal
15920,swshp-SWSH029,holofoil
15921,bw2-71,normal
15922,sv10-62,normal
15924,dpp-DP51,holofoil
15925,ex12-15,normal
15926,rsv10pt5-21,normal
15927,sv3-50,normal
15928,ex10-84,normal
15929,dp5-55,normal
15932,sv1-248,holofoil
15933,sv1-236,holofoil
15934,swsh12pt5-25,normal
15935,sm115-27,normal
15936,sm11-176,normal
15939,ex3-49,normal
15940,sv5-119,holofoil
15941,hgss2-79,normal
15942,gym1-70,unlimited
15945,ex13-37,normal
15946,ex15-75,normal
15947,sv3pt5-190,holofoil
15948,sm4-6,normal
15951,bw1-62,normal
15954,swsh12-79,normal
15956,sm7-11,normal
15957,swshp-SWSH094,holofoil
15958,ex7-25,normal
15959,swsh5-3,normal
15960,ex8-2,holofoil
15961,me1-182,holofoil
15962,sv10-195,holofoil
15965,sv2-42,normal
15966,swsh12pt5-90,normal
15967,sm7-26,normal
15969,sv2-10,normal
15970,sv1-4,normal
15971,swsh45-27,normal
15973,pl2-60,normal
15975,ex12-29,normal
15976,cel25c-15_A1,holofoil
15980,ex12-51,normal
15984,swsh11-204,holofoil
15985,swsh8-213,normal
15987,swsh9-72,normal
15993,ex10-15,holofoil
15994,neo1-88,1stEdition
15995,mcd21-3,normal
15996,ex10-40,normal
15997,sv3-182,normal
15999,ex2-1,holofoil
16000,sv1-8,normal
16003,bw8-64,normal
16005,base6-49,normal
16008,cel25c-9_A,holofoil
16009,xy7-46,normal
16010,sv3-212,holofoil
16012,pl3-64,normal
16013,xy7-56,normal
16014,sv8-36,holofoil
16015,sv3pt5-202,holofoil
16016,swsh11-199,holofoil
16018,sv6-146,normal
16020,xy9-61,normal
16022,swsh12pt5gg-GG08,holofoil
16025,dp5-14,holofoil
16026,xy7-98,holofoil
16027,dp2-48,normal
16028,pl2-64,normal
16029,rsv10pt5-161,holofoil
16030,sv10-173,normal
16031,ex11-86,normal
16032,pl4-80,normal
16033,sm75-58,holofoil
16034,base4-97,normal
16035,ecard1-41,normal
16036,neo1-20,unlimited
16037,xy2-12,holofoil
16038,xy2-5,normal
16039,sv8-106,holofoil
16040,neo4-56,1stEdition
16043,ex7-54,normal
16044,swsh8-225,normal
16045,sm115-43,normal
16046,swsh9-83,normal
16047,ex6-114,holofoil
16048,sv5-172,holofoil
16057,swsh6-209,holofoil
16060,ex15-83,normal
16061,sm10-19,holofoil
16062,swsh12-119,holofoil
16064,bw11-42,normal
16065,xy8-132,normal
16067,swsh12pt5gg-GG66,holofoil
16068,base1-85,normal
16069,hgss4-95,holofoil
16070,base1-66,normal
16071,sv3-225,holofoil
16073,hgss1-66,normal
16074,swsh7-186,holofoil
16075,sma-SV73,holofoil
16077,swsh12pt5gg-GG25,holofoil
16078,sv10-134,normal
16079,neo2-27,unlimited
16080,swsh12pt5gg-GG33,holofoil
16081,swsh9tg-TG04,holofoil
16082,neo1-39,1stEdition
16084,sm1-25,normal
16085,ex1-45,normal
16086,pl3-18,normal
16087,sm115-4,normal
16088,dp6-81,normal
16089,swsh3-48,normal
16090,sm6-108,normal
16091,swsh6-163,holofoil
16094,sv3pt5-205,holofoil
16095,xy6-105,holofoil
16096,sma-SV39,holofoil
16097,sv4-171,normal
16098,sm5-66,normal
16099,xy0-5,holofoil
16100,neo1-94,1stEdition
16102,col1-59,normal
16104,sv6-52,normal
16105,dp5-81,normal
16106,me1-1,normal
16107,xy12-50,normal
16108,neo1-9,unlimitedHolofoil
16110,sm4-98,normal
16112,hgss3-80,normal
16116,svp-195,holofoil
16117,me2-43,normal
16119,pl1-42,normal
16121,swsh6-25,holofoil
16122,sv6pt5-65,holofoil
16124,sm7-127,normal
16125,xy1-85,normal
16126,svp-10,holofoil
16128,xy1-54,normal
16129,dp4-91,normal
16130,swsh2-120,normal
16132,sm75-39,normal
16133,base6-5,holofoil
16134,gym1-87,unlimited
16135,swsh4-12,normal
16138,xy11-102,normal
16139,pl3-6,holofoil
16140,bw4-73,normal
16142,zsv10pt5-69,normal
16143,rsv10pt5-49,normal
16144,xy11-25,normal
16147,rsv10pt5-25,normal
16148,sv2-104,normal
16149,sm11-204,normal
16150,swsh8-64,holofoil
16152,sm2-55,normal
16154,sma-SV90,holofoil
16155,sm7-19,normal
16156,xy2-62,normal
16157,pop4-2,holofoil
16158,rsv10pt5-69,normal
16159,sv8pt5-154,holofoil
16161,xy7-60,holofoil
16162,sm12-235,holofoil
16163,bw4-32,normal
16166,swsh12-94,normal
16170,sv6-164,holofoil
16171,sv9-20,normal
16172,ex11-35,normal
16174,sm10-123,normal
16175,ex3-76,normal
16176,xy1-10,normal
16177,sv10-122,holofoil
16178,base5-40,unlimited
16182,np-2,holofoil
16183,xy8-73,normal
16184,sv3pt5-86,normal
16185,ecard1-89,normal
16186,base1-6,holofoil
16188,ex6-94,normal
16189,sv8pt5-166,holofoil
16190,sv8pt5-110,normal
16191,sv3pt5-26,holofoil
16192,sm9-120,holofoil
16193,dp6-8,holofoil
16195,swsh3-69,holofoil
16196,ex6-21,normal
16197,sv4-37,normal
16198,bw5-61,normal
16201,sm3-155,holofoil
16202,dp3-97,normal
16203,hgss1-48,normal
16204,swsh45sv-SV113,holofoil
16206,xyp-XY178,holofoil
16208,base3-3,1stEditionHolofoil
16210,sm10-115,normal
16212,swsh8-265,holofoil
16213,sv10-210,holofoil
16215,pl1-36,normal
16216,rsv10pt5-160,holofoil
16217,sv1-130,normal
16218,xy4-104,normal
16219,xy5-85,holofoil
16221,dp1-27,normal
16222,smp-SM72,holofoil
16224,swsh6-93,normal
16226,sv1-138,normal
16227,xy6-76,holofoil
16228,cel25-5,holofoil
16229,pl2-103,holofoil
16231,ex1-40,normal
16232,gym1-68,unlimited
16233,sv2-62,normal
16234,cel25c-15_A2,holofoil
16236,bw5-102,normal
16237,swshp-SWSH254,holofoil
16238,xy1-97,holofoil
16239,base2-31,unlimited
16240,swsh6-144,normal
16241,sv3pt5-169,holofoil
16243,swsh1-3,normal
16246,bw7-120,normal
16248,bw10-49,holofoil
16250,bw2-55,normal
16252,bw8-72,normal
16254,swsh8-121,normal
16255,sm7-54,normal
16257,swshp-SWSH295,holofoil
16259,sv5-88,normal
16260,bw7-4,normal
16261,ex13-108,holofoil
16264,bw7-14,normal
16265,swsh2-188,holofoil
16267,swsh35-2,normal
16269,swsh12-96,normal
16270,bw11-18,normal
16272,sm2-83,normal
16274,neo3-33,unlimited
16275,dp5-61,normal
16276,dp5-3,holofoil
16277,sm1-130,normal
16278,swsh8-143,normal
16279,sm7-111,normal
16280,ecard2-58,normal
16281,ex6-66,normal
16282,xy4-36,normal
16283,dp7-17,normal
16284,ecard2-H28,holofoil
16286,sv8pt5-155,holofoil
16288,ex6-48,normal
16289,swsh2-22,holofoil
16291,xy5-142,normal
16292,sm8-126,holofoil
16293,swshp-SWSH262,holofoil
16294,ex14-16,normal
16295,me1-64,holofoil
16296,sm7-69,normal
16297,zsv10pt5-63,holofoil
16298,bw2-70,normal
16299,sv9-169,holofoil
16301,ecard1-158,normal
16302,sm7-70,holofoil
16304,swsh35-65,normal
16305,xy4-20,normal
16306,sv2-87,normal
16309,xy8-60,holofoil
16310,swsh8-113,holofoil
16311,bw4-101,holofoil
16315,swsh5-150,holofoil
16316,ex2-42,normal
16317,sv8pt5-164,holofoil
16318,bw7-81,holofoil
16323,sm9-39,holofoil
16326,rsv10pt5-59,normal
16328,me1-180,holofoil
16329,sv7-56,normal
16331,sm7-151,normal
16332,swsh6-149,normal
16334,base2-20,unlimited
16337,swsh5-168,holofoil
16339,bw4-89,normal
16343,xy2-27,normal
16344,xy0-4,normal
16347,sv1-218,holofoil
16348,ex5-61,normal
16350,base1-46,normal
16351,swsh6-215,holofoil
16352,ex16-51,normal
16357,base3-3,unlimitedHolofoil
16358,swsh8-14,normal
16359,bw7-59,normal
16360,xy9-73,normal
16361,bw4-12,normal
16363,ecard1-9,holofoil
16364,pl3-98,normal
16367,xy10-112,normal
16369,xy3-50,normal
16370,ex10-39,normal
16373,swsh5-108,normal
16374,base1-30,normal
16376,swsh7-24,normal
16377,sm11-78,holofoil
16378,svp-99,holofoil
16379,sm5-62,holofoil
16380,sm5-40,normal
16381,bw10-84,normal
16382,neo2-33,1stEdition
16384,sm7-107,holofoil
16387,sv5-108,holofoil
16388,neo4-80,unlimited
16389,sv10-113,normal
16391,base2-30,unlimited
16393,g1-78,normal
16394,base2-57,unlimited
16395,xy12-32,holofoil
16397,bw10-86,normal
16398,pl2-21,normal
16399,pop6-15,holofoil
16400,ex7-7,holofoil
16401,svp-69,holofoil
16402,swsh9-142,normal
16404,sv8pt5-136,holofoil
16407,sv5-33,normal
16408,g1-33,normal
16411,sv4-82,normal
16413,sv1-257,holofoil
16415,xy1-81,normal
16416,bw8-23,normal
16420,dp5-73,normal
16421,xy8-80,normal
16424,dp1-99,normal
16427,xy10-26,holofoil
16428,sv3pt5-201,holofoil
16429,neo1-42,1stEdition
16430,sm6-7,normal
16431,swsh9-17,holofoil
16434,swsh3-104,holofoil
16437,me1-152,holofoil
16439,cel25c-93_A,holofoil
16440,bw11-RC7,holofoil
16441,swsh10-56,normal
16442,cel25-21,holofoil
16443,bw3-97,holofoil
16445,swsh8-205,normal
16446,sv3-102,holofoil
16448,sm11-178,normal
16450,ecard1-52,normal
16452,ecard2-132,normal
16453,sm12-228,holofoil
16455,neo3-53,unlimited
16456,swsh2-33,holofoil
16457,gym1-42,1stEdition
16458,swsh6-94,normal
16460,bw7-112,normal
16462,dp7-13,normal
16466,sm5-115,normal
16467,swsh8-79,holofoil
16468,ex6-44,normal
16469,swsh3-156,holofoil
16470,dp6-132,normal
16472,sv3-136,holofoil
16473,xy5-104,holofoil
16479,rsv10pt5-86,normal
16482,neo3-15,unlimited
16483,xy3-3,holofoil
16485,hgss3-18,normal
16486,smp-SM245,normal
16487,hgss1-69,normal
16488,xy5-45,normal
16489,gym1-66,unlimited
16490,zsv10pt5-158,holofoil
16491,base5-23,unlimited
16493,sv3pt5-108,normal
16494,dp1-82,normal
16496,sm8-45,normal
16497,xy8-109,normal
16499,sv2-29,normal
16502,sv6-40,holofoil
16503,swsh3-113,normal
16504,sv8pt5-45,holofoil
16506,sv8-124,normal
16508,bw7-78,normal
16509,svp-102,normal
16511,sv8pt5-169,holofoil
16516,xy6-86,normal
16517,dp7-5,holofoil
16518,swsh12-212,holofoil
16519,swsh3-42,normal
16520,swshp-SWSH165,holofoil
16521,sv6-46,normal
16524,sv10-154,normal
16526,ex14-9,holofoil
16529,xy6-109,holofoil
16530,sm3-95,normal
16532,sm12-16,holofoil
16534,bw9-94,normal
16537,ecard3-8,normal
16539,zsv10pt5-10,normal
16541,ex3-37,normal
16542,swsh12pt5-154,holofoil
16543,sv9-51,holofoil
16545,swsh6-109,normal
16546,bw3-90,normal
16548,sv8-31,holofoil
16549,xy12-3,normal
16551,dp4-5,holofoil
16553,pop6-1,normal
16554,swsh8-231,normal
16555,swsh8-6,holofoil
16557,swsh10-54,holofoil
16559,ex2-38,normal
16560,ecard1-108,normal
16561,dp7-7,holofoil
16562,cel25-20,holofoil
16567,smp-SM06,holofoil
16568,hgss1-40,normal
16572,sv3pt5-20,normal
16573,sm7-20,normal
16575,swsh35-49,holofoil
16577,xy1-67,normal
16578,pl2-94,normal
16579,swsh5-173,holofoil
16581,ecard2-21,normal
16584,sm10-73,normal
16585,dp7-73,normal
16586,swsh3-189,holofoil
16589,hgss3-51,normal
16590,zsv10pt5-114,holofoil
16594,neo3-39,unlimited
16596,sv4-3,holofoil
16597,pl3-16,normal
16598,col1-63,normal
16599,hgss1-70,normal
16600,me2-47,normal
16601,sv6pt5-7,normal
16602,sv3-134,holofoil
16604,sv3-90,normal
16605,base3-5,1stEditionHolofoil
16606,np-17,holofoil
16607,ecard2-H24,holofoil
16608,swsh12pt5gg-GG13,holofoil
16610,me1-168,holofoil
16611,swsh6-9,normal
16613,ecard2-20,normal
16615,swsh5-182,holofoil
16616,dp7-59,normal
16617,xy4-62,holofoil
16619,dp4-94,normal
16620,bw8-41,normal
16622,sm35-34,normal
16623,smp-SM244,normal
16624,swsh12pt5-65,holofoil
16625,hgss1-9,holofoil
16627,swsh9-80,normal
16628,sv7-145,holofoil
16629,swsh2-54,holofoil
16630,gym2-54,unlimited
16631,bw3-4,normal
16633,sm7-67,holofoil
16634,rsv10pt5-150,holofoil
16638,sv5-66,normal
16641,base6-56,normal
16643,swsh45sv-SV025,holofoil
16644,base3-58,1stEdition
16646,ex12-40,normal
16649,neo2-73,unlimited
16650,hgss2-60,normal
16653,xy4-49,normal
16654,sm9-14,normal
16655,sv7-94,normal
16656,sv10-237,holofoil
16658,zsv10pt5-34,holofoil
16659,swsh6-64,holofoil
16661,ex14-15,normal
16662,svp-4,holofoil
16663,swsh10-63,normal
16664,swsh12pt5gg-GG27,holofoil
16667,sv4-1,normal
16668,bw8-130,holofoil
16670,me1-156,holofoil
16674,sm8-119,normal
16675,swsh6-82,normal
16677,xy7-18,normal
16678,sv9-40,normal
16679,sv3-125,holofoil
16680,hgss2-67,normal
16681,bw6-108,normal
16683,swsh9-14,holofoil
16684,sm10-59,holofoil
16685,ecard1-43,normal
16686,swsh10tg-TG25,holofoil
16689,neo4-97,unlimited
16690,swsh4-11,normal
16694,dp1-49,normal
16695,swsh4-35,normal
16697,pl1-86,normal
16703,xy3-89,normal
16704,swsh5-151,holofoil
16705,ex14-25,normal
16706,gym1-128,unlimited
16710,sv5-68,normal
16711,fut20-2,normal
16713,sm12-241,holofoil
16714,dp2-58,normal
16719,sv8-181,normal
16720,xy7-25,holofoil
16722,sv8pt5-74,normal
16723,neo1-22,1stEdition
16724,swsh9tg-TG22,holofoil
16726,ru1-14,normal
16727,swsh4-116,normal
16728,sm75-11,holofoil
16729,xy7-79,normal
16731,sm12-110,holofoil
16732,neo2-49,unlimited
16733,smp-SM112,normal
16735,xy7-86,holofoil
16736,swsh12-197,holofoil
16739,hgss4-27,normal
16741,sm6-25,normal
16742,swshp-SWSH081,holofoil
16743,ex8-30,normal
16744,swsh11tg-TG18,holofoil
16745,swsh4-190,holofoil
16747,sv2-39,normal
16748,pl4-61,normal
16751,sv5-132,normal
16754,base6-74,normal
16755,dpp-DP03,holofoil
16756,xy5-44,holofoil
16759,np-19,holofoil
16760,dp5-39,normal
16761,pl2-63,normal
16763,sv3pt5-83,normal
16764,sv8pt5-4,normal
16765,bw9-14,normal
16767,swsh12-179,holofoil
16770,base3-5,unlimitedHolofoil
16771,sm11-188,normal
16772,sma-SV17,holofoil
16773,base5-58,1stEdition
16775,sm11-208,normal
16776,hgss4-76,normal
16777,bw10-89,normal
16778,sm2-121,normal
16779,xy4-71,holofoil
16780,gym1-54,1stEdition
16781,swsh12tg-TG28,holofoil
16782,bw7-37,normal
16784,swsh9tg-TG12,holofoil
16786,dp5-1,holofoil
16787,swsh12pt5gg-GG39,holofoil
16790,swsh5-119,normal
16791,ex6-54,normal
16792,ex6-24,normal
16793,ex10-54,normal
16794,xy4-52,normal
16796,sm7-132,normal
16798,ex10-101,holofoil
16799,sv6pt5-4,normal
16800,swshp-SWSH166,holofoil
16801,swsh7-146,normal
16804,swsh45-30,holofoil
16805,ex11-61,normal
16807,sv4pt5-1,normal
16808,pl3-95,normal
16810,swsh6-226,holofoil
16811,ex5-53,normal
16813,sm35-78,holofoil
16815,sm4-118,holofoil
16816,sv7-100,normal
16817,bw4-3,normal
16819,swsh10-174,holofoil
16820,swsh8-151,normal
16822,sv7-90,normal
16824,ex11-18,holofoil
16825,svp-148,holofoil
16828,sm11-257,holofoil
16831,sv1-200,holofoil
16832,sv4pt5-126,holofoil
16833,det1-17,holofoil
16834,me1-169,holofoil
16837,hgss3-75,normal
16838,ex14-45,normal
16839,swsh4-203,holofoil
16841,sm3-32,normal
16842,swsh5-116,normal
16843,ex12-20,normal
16844,bw6-2,normal
16845,g1-52,normal
16846,ex16-49,normal
16847,col1-94,normal
16849,swsh4-194,holofoil
16850,pop3-6,holofoil
16851,bw6-109,normal
16852,sv8pt5-65,holofoil
16853,bw2-30,holofoil
16854,swsh12pt5-52,normal
16855,sm35-15,normal
16858,sm4-117,holofoil
16859,ex3-79,normal
16861,sv9-181,holofoil
16862,swshp-SWSH256,holofoil
16866,gym1-106,1stEdition
16867,sm1-93,holofoil
16868,bw10-65,holofoil
16871,sm9-18,normal
16872,sv3pt5-63,normal
16873,xyp-XY199,normal
16875,basep-22,normal
16878,swsh45sv-SV077,holofoil
16880,sv8-205,holofoil
16881,rsv10pt5-106,holofoil
16882,swsh7-12,normal
16884,pl3-108,normal
16887,swsh8-116,normal
16889,g1-2,holofoil
16891,me1-157,holofoil
16895,sv1-245,holofoil
16897,swsh45sv-SV039,holofoil
16898,me1-128,normal
16899,xy0-34,normal
16900,zsv10pt5-52,normal
16901,sm2-25,holofoil
16902,swsh7-237,holofoil
16904,rsv10pt5-102,holofoil
16905,sv6-200,holofoil
16906,xy0-9,holofoil
16907,xy3-48,normal
16908,ex4-59,normal
16909,ex16-57,normal
16910,xy9-32,holofoil
16912,sm4-7,normal
16913,dp3-84,normal
16914,me2-123,holofoil
16916,ex14-65,normal
16918,ex11-46,normal
16919,sm35-9,holofoil
16920,swsh12-106,normal
16921,bw2-46,normal
16923,xyp-XY67,holofoil
16924,swsh7-98,normal
16925,sm1-76,normal
16926,me1-8,normal
16927,swsh9-148,normal
16928,sm8-127,holofoil
16931,base3-11,1stEditionHolofoil
16932,sm8-189,normal
16933,neo2-49,1stEdition
16935,swsh11tg-TG17,holofoil
16936,smp-SM212,holofoil
16938,svp-145,holofoil
16939,svp-58,holofoil
16941,gym1-38,unlimited
16943,ex1-103,holofoil
16944,sv8pt5-28,holofoil
16945,swsh11tg-TG15,holofoil
16946,sm4-68,normal
16948,swshp-SWSH005,holofoil
16949,swsh3-120,normal
16950,swsh2-198,holofoil
16951,sm9-24,normal
16953,base5-41,unlimited
16955,bw10-31,normal
16956,sv4pt5-168,holofoil
16957,sm12-58,normal
16958,dp1-11,holofoil
16959,swsh12-171,holofoil
16962,sv8-206,holofoil
16963,sv4-122,holofoil
16964,dp7-72,normal
16965,bw8-44,normal
16966,sv8-136,holofoil
16967,xy5-144,normal
16968,swsh1-119,holofoil
16969,xy1-94,normal
16970,bw1-76,holofoil
16972,base5-51,1stEdition
16975,sv10-5,normal
16976,swsh10tg-TG16,holofoil
16977,sm5-78,normal
16978,swsh11tg-TG05,holofoil
16984,sm9-28,normal
16985,sv2-31,normal
16986,neo4-17,unlimited
16987,ex6-45,normal
16990,bw5-52,normal
16992,hgss2-57,normal
16993,sm12-132,normal
16996,neo1-5,1stEditionHolofoil
16999,sv10-104,holofoil
17000,pl3-76,normal
17001,sm1-135,normal
17003,swsh10-29,normal
17006,ex2-8,holofoil
17007,ex13-50,normal
17009,sv8-127,normal
17014,sm10-10,normal
17015,sma-SV5,holofoil
17016,base4-112,normal
17018,ex16-50,normal
17020,bw6-74,normal
17021,bw8-127,normal
17022,swsh12-190,holofoil
17023,ex10-73,normal
17025,ecard1-86,normal
17026,neo1-53,unlimited
17028,sm6-52,normal
17029,sv3-203,holofoil
17031,dp3-51,normal
17032,sm11-88,normal
17033,pop6-10,normal
17035,gym1-119,1stEdition
17036,neo3-31,unlimited
17037,sm75-20,holofoil
17038,svp-171,holofoil
17040,xy3-98,normal
17041,base2-60,unlimited
17044,sm11-38,holofoil
17047,ex1-27,normal
17049,swsh6-177,holofoil
17050,swsh8-189,holofoil
17052,base2-15,unlimitedHolofoil
17053,dp5-94,normal
17054,col1-64,normal
17056,gym1-104,1stEdition
17060,pop4-3,normal
17061,dp4-1,holofoil
17066,dp2-23,normal
17067,sv6-189,holofoil
17068,ex15-41,normal
17070,ex12-16,normal
17071,swsh45-44,holofoil
17072,sm9-42,normal
17073,sv3pt5-3,holofoil
17074,dp4-49,normal
17076,sv8-121,normal
17078,ex13-58,normal
17079,ex11-39,normal
17080,sm2-117,normal
17081,sm11-183,normal
17082,swsh12pt5gg-GG19,holofoil
17083,swsh4-158,normal
17084,sv6-131,normal
17085,g1-8,normal
17087,ex13-39,normal
17090,sv4pt5-166,holofoil
17091,base3-45,unlimited
17092,sv3-131,normal
17093,swsh12pt5-142,normal
17094,sv9-151,normal
17095,g1-32,normal
17096,gym1-25,1stEdition
17097,smp-SM131,holofoil
17100,swsh11tg-TG01,holofoil
17101,xy8-161,holofoil
17104,cel25c-76_A,holofoil
17105,sv6-93,holofoil
17106,sm9-19,holofoil
17107,sm11-255,holofoil
17111,cel25c-113_A,holofoil
17112,cel25-15,holofoil
17113,pop7-17,normal
17115,swsh3-72,normal
17117,g1-57,normal
17118,base1-14,holofoil
17119,xy2-105,holofoil
17121,bw4-95,holofoil
17122,bwp-BW43,holofoil
17123,sv7-99,normal
17124,xy3-8,normal
17125,sv6-70,normal
17126,swsh9-9,normal
17127,smp-SM215,holofoil
17130,xy1-48,normal
17131,ecard2-2,normal
17132,gym1-107,unlimited
17136,xy11-85,normal
17139,sv8-40,normal
17141,swsh2-58,normal
17142,swsh3-5,normal
17143,sv8-164,holofoil
17146,sv5-74,normal
17147,dp3-53,normal
17148,neo1-43,1stEdition
17149,sv6-78,normal
17150,ex11-72,normal
17151,swshp-SWSH259,holofoil
17153,sv4-154,normal
17158,bw1-50,normal
17162,sm8-36,normal
17164,swshp-SWSH139,holofoil
17165,sm12-96,normal
17166,base1-13,holofoil
17167,swshp-SWSH255,holofoil
17169,swsh1-22,normal
17171,dp2-123,holofoil
17172,xy8-98,normal
17173,xy12-98,normal
17174,ecard3-30,normal
17176,ecard1-74,normal
17180,swsh12-11,normal
17181,hgss2-28,normal
17183,sv1-63,normal
17185,si1-13,normal
17186,swshp-SWSH088,holofoil
17188,swsh45sv-SV084,holofoil
17189,smp-SM44,holofoil
17191,swsh8-270,holofoil
17192,sm6-122,holofoil
17193,pl4-16,normal
17197,ecard1-45,normal
17198,xy9-3,holofoil
17199,swsh5-47,normal
17200,sm9-125,normal
17203,bw9-110,holofoil
17204,me1-21,normal
17205,np-4,normal
17206,sv4pt5-160,holofoil
17207,sv9-176,holofoil
17212,bw2-42,normal
17213,ex9-17,normal
17215,dp6-14,holofoil
17216,ex16-53,normal
17217,swsh10-183,holofoil
17218,hgss1-122,normal
17220,swshp-SWSH069,holofoil
17222,ecard1-84,normal
17223,dp3-40,normal
17226,hgss1-44,normal
17229,swsh9-168,holofoil
17231,xy2-92,normal
17232,sm11-48,normal
17236,sv3-175,normal
17237,ex5-6,holofoil
17238,sv4pt5-181,holofoil
17240,sv4-85,normal
17242,xy1-22,normal
17245,me2-34,holofoil
17248,swsh9-184,holofoil
17249,dp5-37,normal
17250,swshp-SWSH095,holofoil
17251,swsh9-85,normal
17253,sm12-220,holofoil
17254,svp-152,holofoil
17259,sv7-152,holofoil
17260,swsh45sv-SV045,holofoil
17261,base2-16,1stEditionHolofoil
17262,sv10-171,normal
17264,neo1-91,unlimited
17266,xy2-46,normal
17267,sv1-116,normal
17269,ex10-70,normal
17272,sm10-197,holofoil
17273,hgss1-101,normal
17274,ex2-94,holofoil
17276,ex10-80,normal
17277,bw3-35,normal
17278,swsh8-146,holofoil
17279,neo3-57,1stEdition
17281,basep-24,holofoil
17282,sm11-177,normal
17284,swsh9-78,normal
17285,swsh6-127,normal
17286,xy12-106,holofoil
17288,swsh6-84,normal
17289,sv8-118,normal
17291,swsh9-44,normal
17292,hgss4-52,normal
17293,rsv10pt5-170,holofoil
17294,sm11-111,normal
17295,xy4-53,normal
17296,sm12-133,normal
17299,sm5-152,holofoil
17300,sm1-112,normal
17302,pl1-79,normal
17303,swsh12pt5-121,normal
17304,xy7-85,holofoil
17305,dp7-47,normal
17306,sv5-62,holofoil
17307,dp6-61,normal
17308,swsh5-132,normal
17309,bw11-100,holofoil
17310,neo2-60,unlimited
17311,xy5-131,normal
17312,dv1-1,holofoil
17313,sm12-116,normal
17315,bwp-BW90,holofoil
17318,sm12-98,normal
17319,bw8-16,normal
17320,hgss2-71,normal
17321,gym2-97,1stEdition
17322,sm2-4,normal
17323,swsh12pt5-151,holofoil
17324,sm2-78,normal
17326,hgss4-71,normal
17327,swshp-SWSH260,holofoil
17328,det1-9,holofoil
17329,swsh6-78,normal
17331,sv3-228,holofoil
17332,swsh12-16,holofoil
17333,dp5-80,normal
17334,xy7-99,holofoil
17336,sv8-62,normal
17341,pl4-60,normal
17342,neo1-8,1stEditionHolofoil
17343,sv4pt5-235,holofoil
17344,bw5-70,normal
17345,bw9-23,normal
17347,sv1-152,normal
17348,bw7-82,normal
17349,bw3-58,normal
17350,gym2-46,unlimited
17351,swsh3-190,holofoil
17354,base5-57,unlimited
17355,pl4-52,normal
17356,sv8-158,normal
17357,sv6-161,normal
17359,ecard1-48,normal
17360,base1-61,normal
17362,sv5-93,normal
17364,sv3pt5-96,normal
17365,base6-52,normal
17366,sv8-128,normal
17367,swsh2-99,normal
17368,sm6-38,normal
17370,neo2-71,1stEdition
17371,sv4pt5-233,holofoil
17373,sv10-211,holofoil
17374,sv1-83,normal
17376,sv1-211,holofoil
17379,pgo-24,holofoil
17380,sma-SV86,holofoil
17381,ecard2-83,normal
17382,neo1-89,unlimited
17383,sv10-139,holofoil
17386,xy12-7,normal
17387,swsh5-53,normal
17390,bw8-82,normal
17391,dp7-71,normal
17392,bw5-64,normal
17394,ex2-88,normal
17395,ecard3-36,normal
17396,sv10-53,normal
17397,sv1-106,holofoil
17398,swsh10-126,holofoil
17400,ex10-42,normal
17403,col1-14,holofoil
17404,sv3pt5-59,normal
17405,ex9-68,normal
17406,ecard3-33,normal
17407,xy3-32,normal
17413,sv10-225,holofoil
17414,ecard2-25,normal
17415,dp6-22,normal
17417,dp1-93,normal
17419,sm6-72,normal
17422,swsh12-201,holofoil
17423,sm5-51,normal
17424,ex15-26,normal
17425,bw4-67,normal
17426,dp3-39,normal
17427,xy12-81,normal
17429,swsh1-112,normal
17432,bw11-61,normal
17433,sv7-139,normal
17434,sv1-81,holofoil
17435,sm11-63,normal
17437,swsh6-193,holofoil
17438,bw9-101,holofoil
17439,dp4-78,normal
17440,hgss3-61,normal
17441,bw2-49,normal
17442,sv3pt5-15,holofoil
17444,swsh4-65,normal
17446,gym1-67,1stEdition
17448,sv8pt5-67,normal
17449,ex11-62,normal
17451,sm7-157,holofoil
17452,sv2-86,holofoil
17453,col1-68,normal
17454,sv7-24,normal
17458,xyp-XY126,holofoil
17461,gym1-4,1stEditionHolofoil
17463,swsh12pt5-34,normal
17464,sv3pt5-137,normal
17465,xy3-87,normal
17466,sma-SV56,holofoil
17469,sm8-19,holofoil
17470,pl4-84,normal
17472,dp3-26,normal
17473,swshp-SWSH128,holofoil
17474,smp-SM32,holofoil
17477,sv10-194,holofoil
17478,dp1-29,normal
17479,sv9-105,normal
17480,xy1-39,normal
17482,sm11-148,normal
17483,swsh45sv-SV069,holofoil
17485,sv7-80,holofoil
17486,zsv10pt5-75,normal
17487,sm12-219,holofoil
17488,neo3-5,1stEditionHolofoil
17493,me1-176,holofoil
17494,sv3-150,normal
17495,swsh6-114,holofoil
17497,hgss1-51,normal
17499,pl3-65,normal
17500,swsh8-62,normal
17503,dp5-54,normal
17504,sv3-129,normal
17506,sv3-221,holofoil
17507,swsh6-115,holofoil
17508,swsh5-137,normal
17509,bw6-65,normal
17513,sm11-64,normal
17517,swsh1-25,holofoil
17518,ex8-52,normal
17519,swsh9-87,normal
17521,sm10-177,normal
17522,ecard1-76,normal
17523,me1-67,normal
17527,sm9-43,holofoil
17528,swsh8-169,normal
17529,sm115-67,holofoil
17530,ex15-48,normal
17531,swsh5-163,holofoil
17533,sm5-45,normal
17534,xy1-58,normal
17538,sv3pt5-178,holofoil
17540,xy6-75,holofoil
17541,swsh5-51,holofoil
17542,sv1-70,normal
17543,svp-35,holofoil
17545,ecard1-35,normal
17547,sm10-116,normal
17548,swsh8-40,holofoil
17550,sv6-201,holofoil
17553,ex6-52,normal
17554,hgss1-41,normal
17555,gym2-116,unlimited
17556,swsh8-204,normal
17557,sv8-135,holofoil
17558,xy12-30,normal
17562,dp3-62,normal
17564,sm4-57,holofoil
17566,neo1-36,1stEdition
17567,dp7-9,holofoil
17569,swsh4-180,holofoil
17570,swsh8-256,holofoil
17571,dp3-29,normal
17572,ex12-7,holofoil
17574,me1-107,normal
17576,dp4-87,normal
17578,xy0-36,normal
17579,dv1-21,holofoil
17580,sm3-63,holofoil
17585,pop9-16,normal
17587,base5-33,1stEdition
17594,sv4-172,normal
17595,sm75-45,normal
17598,pop5-17,normal
17599,base5-13,unlimitedHolofoil
17600,sv10-231,holofoil
17601,bw3-88,holofoil
17604,swsh6-173,holofoil
17605,swsh45sv-SV014,holofoil
17606,sv3pt5-194,holofoil
17607,dc1-30,normal
17608,swsh3-111,holofoil
17609,gym1-95,1stEdition
17611,ex11-28,normal
17612,neo4-63,1stEdition
17614,sm4-33,normal
17615,sv2-58,normal
17617,base3-56,unlimited
17619,xy2-108,holofoil
17622,cel25c-145_A,holofoil
17624,ex3-86,normal
17625,sm8-67,normal
17626,swshp-SWSH244,holofoil
17627,swshp-SWSH129,holofoil
17630,sv7-96,holofoil
17632,sv4pt5-162,holofoil
17633,xy0-33,normal
17634,ecard2-135,normal
17635,dp4-70,normal
17636,sm5-77,holofoil
17637,swsh2-129,normal
17638,ex16-94,holofoil
17639,xy11-101,normal
17640,swsh3-21,holofoil
17641,sm5-113,normal
17642,mcd22-10,normal
17643,ex7-35,normal
17644,dp7-58,normal
17646,ex8-11,normal
17647,swsh45-39,holofoil
17648,xy3-102,normal
17649,neo2-72,1stEdition
17650,sm115-63,holofoil
17651,dp4-56,normal
17652,bw2-60,normal
17655,gym2-30,unlimited
17657,sv7-147,holofoil
17658,swsh1-54,normal
17659,sv8-251,holofoil
17660,swsh7-29,holofoil
17661,sv4-49,holofoil
17664,xy0-8,normal
17665,sv4pt5-226,holofoil
17666,sm2-9,holofoil
17667,me2-10,normal
17669,sm5-49,normal
17670,ex10-21,normal
17671,pgo-8,normal
17672,sm10-70,normal
17673,ex8-40,normal
17676,sv1-183,normal
17678,sv8-95,normal
17679,smp-SM91,holofoil
17681,neo1-33,unlimited
17682,smp-SM09,holofoil
17684,sm10-174,normal
17686,pl3-25,normal
17687,ex4-93,holofoil
17689,bw2-74,normal
17692,sv5-91,normal
17695,swsh45sv-SV070,holofoil
17697,sm7-44,normal
17700,xyp-XY83,holofoil
17701,sv5-118,normal
17702,sv4-221,holofoil
17704,xy8-64,holofoil
17705,xy1-47,normal
17706,bw1-38,normal
17709,swsh7-128,normal
17711,bw5-23,normal
17713,xy4-41,normal
17716,sv6-68,holofoil
17718,xy2-85,normal
17721,sm5-4,normal
17724,gym2-105,unlimited
17727,pl3-4,holofoil
17728,swsh7-20,holofoil
17730,ex9-95,holofoil
17732,bw3-94,normal
17733,neo1-49,unlimited
17735,sm6-5,normal
17739,ecard2-55,normal
17740,bw1-83,normal
17741,gym1-124,unlimited
17742,ex8-67,normal
17747,sv8pt5-38,normal
17750,sm8-206,holofoil
17751,ex7-97,holofoil
17754,bw11-RC9,holofoil
17755,sm11-23,normal
17756,sm2-23,normal
17757,base4-26,normal
17758,sma-SV77,holofoil
17759,hgss1-58,normal
17761,xyp-XY54,holofoil
17765,swsh7-70,holofoil
17766,ex3-22,normal
17767,ex8-62,normal
17769,ex2-33,normal
17771,ecard1-33,normal
17772,bw10-79,normal
17777,sm6-48,normal
17778,sv4pt5-54,holofoil
17779,sv3pt5-146,holofoil
17782,swsh4-49,holofoil
17784,hgss4-89,normal
17785,sm1-12,holofoil
17786,xy10-106,normal
17787,dp6-99,normal
17793,sv4pt5-13,holofoil
17794,swsh4-201,holofoil
17795,bw11-85,holofoil
17796,sv8pt5-111,normal
17799,swsh5-67,normal
17801,neo4-25,1stEdition
17802,sv8-56,holofoil
17803,svp-47,holofoil
17804,swsh9-100,normal
17805,base1-24,normal
17806,ex2-13,holofoil
17808,bw6-29,normal
17810,ex2-83,normal
17811,rsv10pt5-56,normal
17812,base6-94,normal
17815,sm7-130,normal
17816,svp-135,holofoil
17817,swsh35-12,normal
17818,pl4-43,normal
17819,sm3-24,normal
17821,base4-79,normal
17824,swsh2-75,holofoil
17826,xy8-37,normal
17829,sm4-66,normal
17835,pgo-41,normal
17837,ecard1-20,holofoil
17841,sv10-40,normal
17842,sv3pt5-82,normal
17844,ex12-32,normal
17845,sv6-171,holofoil
17846,sm6-8,normal
17847,swshp-SWSH034,holofoil
17848,sv6-4,normal
17849,xyp-XY60,holofoil
17850,neo4-79,unlimited
17856,ex3-55,normal
17857,ex5-63,normal
17858,me2-61,holofoil
17862,dp5-19,normal
17863,sm12-3,normal
17866,pl1-120,normal
17867,ex3-38,normal
17868,ex12-39,normal
17869,g1-29,holofoil
17870,swsh45sv-SV091,holofoil
17871,sv4pt5-45,normal
17873,gym1-131,1stEdition
17874,sm8-110,normal
17879,hgss4-26,normal
17880,svp-187,holofoil
17882,swsh7-171,holofoil
17886,sv6-211,holofoil
17887,swsh12pt5-127,normal
17888,xy3-84,normal
17889,sv4-181,normal
17891,base5-22,unlimited
17892,dp6-4,holofoil
17898,ex7-99,holofoil
17899,sm2-72,normal
17901,sm8-82,normal
17902,swsh10-142,normal
17903,swsh2-31,normal
17904,xy1-87,normal
17905,swsh10-91,normal
17906,dp2-7,holofoil
17907,neo1-108,1stEdition
17908,sv8-160,holofoil
17911,sm8-108,holofoil
17912,base6-110,normal
17915,sm10-45,normal
17919,ecard2-12,normal
17920,hgss3-12,normal
17922,sv3pt5-40,holofoil
17923,gym1-55,unlimited
17926,dp7-88,normal
17927,xy6-83,normal
17929,dp2-70,normal
17930,ex2-23,normal
17931,sv8-54,normal
17933,ex6-59,normal
17934,swsh35-47,holofoil
17937,swsh12-71,holofoil
17938,sv6pt5-57,normal
17940,smp-SM21,holofoil
17942,sv10-197,holofoil
17943,bw5-57,normal
17945,swsh8-198,normal
17946,pop2-1,holofoil
17947,ex3-46,normal
17948,swsh1-206,holofoil
17949,xy1-132,normal
17950,svp-96,holofoil
17952,sv4-254,holofoil
17953,sm10-152,normal
17955,gym1-49,unlimited
17957,col1-40,normal
17960,sv3pt5-134,holofoil
17961,swsh7-229,holofoil
17962,xy2-89,normal
17964,swsh5-49,normal
17965,swsh12pt5gg-GG31,holofoil
17967,sv1-186,normal
17968,ex12-6,holofoil
17969,swsh6-120,normal
17970,xyp-XY113,holofoil
17971,sv3-119,normal
17972,ex8-10,holofoil
17975,bw7-85,holofoil
17979,swsh4-45,normal
17981,swsh5-91,holofoil
17982,sv8pt5-93,normal
17983,svp-159,holofoil
17985,sm10-192,holofoil
17986,swsh2-200,holofoil
17987,sv3-151,normal
17988,xy2-78,holofoil
17990,me1-69,normal
17991,me1-110,normal
17992,gym2-84,1stEdition
17993,sv4-197,holofoil
17994,swsh2-57,normal
17998,sv6-28,normal
17999,sv4pt5-216,holofoil
18000,ex9-14,normal
18001,sv7-84,normal
18002,sm12-33,normal
18003,ex10-27,normal
18005,sv1-144,normal
18008,swsh8-93,normal
18009,swsh6-59,normal
18010,xy12-60,holofoil
18012,sv5-80,holofoil
18013,sm8-188,normal
18014,neo1-90,unlimited
18017,sv8pt5-17,holofoil
18021,sv5-67,normal
18022,sm11-156,holofoil
18024,xy5-14,normal
18025,bw8-73,normal
18026,xy7-55,normal
18027,sv1-135,normal
18029,xy6-43,normal
18030,bw8-25,holofoil
18033,swsh9-66,normal
18034,sma-SV49,holofoil
18035,pl1-55,normal
18037,pl4-4,holofoil
18038,sm6-105,holofoil
18039,ex12-77,normal
18040,xy0-12,normal
18041,swsh3-80,normal
18043,sm10-193,holofoil
18044,swshp-SWSH032,holofoil
18045,xy7-3,normal
18048,gym2-25,1stEdition
18049,ex7-82,normal
18053,sm3-76,normal
18057,sv7-105,holofoil
18058,swsh7-83,holofoil
18060,pl3-42,normal
18061,xyp-XY70,holofoil
18062,swsh10-196,holofoil
18063,sm8-223,holofoil
18064,dp2-73,normal
18068,sv9-43,holofoil
18069,swsh8-237,normal
18070,ex4-13,normal
18071,bw4-72,normal
18072,swsh1-16,normal
18073,swsh1-83,normal
18075,swsh12pt5-6,normal
18076,gym1-25,unlimited
18077,ecard3-19,normal
18078,swsh2-118,normal
18079,hgss3-65,normal
18080,ex15-88,normal
18081,swsh3-38,normal
18082,sm2-73,normal
18083,swsh9-93,normal
18084,pl2-13,holofoil
18085,ex8-16,normal
18086,ru1-13,normal
18087,sm11-4,holofoil
18089,me1-181,holofoil
18090,xy11-65,holofoil
18092,swsh3-36,normal
18094,base3-46,1stEdition
18095,rsv10pt5-33,normal
18097,bw7-89,holofoil
18101,sv2-22,normal
18105,ex6-16,normal
18106,smp-SM95,holofoil
18107,sv3-92,normal
18109,xy4-14,normal
18110,smp-SM97,holofoil
18112,g1-15,normal
18113,xy5-125,normal
18114,ex13-85,normal
18115,gym2-78,1stEdition
18116,hgss4-41,normal
18118,xy1-133,normal
18119,zsv10pt5-9,normal
18120,sv9-33,normal
18122,ecard2-106,normal
18125,swsh1-59,normal
18128,swsh5-43,normal
18129,sm4-16,normal
18130,hgss3-79,normal
18131,ex5-68,normal
18133,ex7-55,normal
18134,svp-98,holofoil
18135,swsh45-48,holofoil
18136,bwp-BW64,holofoil
18137,bw1-41,normal
18138,xy8-126,normal
18140,ex11-3,holofoil
18143,base2-57,1stEdition
18144,sm75-40,holofoil
18145,neo4-71,unlimited
18146,sm9-2,normal
18148,swsh6-85,normal
18149,xy9-108,normal
18150,pl1-68,normal
18151,swsh8-248,holofoil
18154,base3-7,1stEditionHolofoil
18155,gym2-41,unlimited
18157,swsh7-142,normal
18158,dp5-43,normal
18159,sv10-170,normal
18160,dp3-117,normal
18163,sv2-21,holofoil
18165,sv7-61,normal
18166,dp3-95,normal
18168,swsh12pt5-147,holofoil
18169,swsh7-56,normal
18170,sm2-70,normal
18171,xy3-58,holofoil
18174,xy2-64,normal
18175,swsh10-175,holofoil
18177,zsv10pt5-12,holofoil
18179,xy4-33,normal
18181,swsh7-152,normal
18182,svp-189,holofoil
18183,gym2-95,1stEdition
18184,pl1-49,normal
18188,pl2-76,normal
18189,base4-5,holofoil
18190,sv4pt5-158,holofoil
18193,ex5-33,normal
18194,sm8-81,normal
18195,xy10-13,holofoil
18196,hgss4-63,normal
18197,neo3-20,unlimited
18198,sm11-256,holofoil
18200,base2-27,unlimited
18201,gym1-67,unlimited
18204,sv6-63,holofoil
18208,sv5-131,normal
18210,sv7-116,normal
18211,gym1-40,unlimited
18214,dpp-DP38,holofoil
18215,sv2-5,holofoil
18217,ex1-64,normal
18219,swsh8-156,holofoil
18220,swsh7-43,normal
18221,xy5-116,normal
18224,sv5-39,normal
18225,sm12-269,holofoil
18229,ecard1-29,holofoil
18232,sv1-170,normal
18238,dp6-83,normal
18239,zsv10pt5-112,holofoil
18240,swsh7-92,holofoil
18242,sv4-155,holofoil
18243,bw1-55,normal
18244,xy12-23,normal
18246,swsh6-62,normal
18248,swsh10-25,holofoil
18252,swsh12pt5-156,holofoil
18253,bw1-82,normal
18256,sv6pt5-10,normal
18257,sm7-18,normal
18258,swsh12pt5gg-GG48,holofoil
18260,xyp-XY194,holofoil
18261,swsh6-165,holofoil
18262,swsh7-81,normal
18265,pop3-6,normal
18266,cel25-25,holofoil
18267,ex3-77,normal
18270,dp1-21,normal
18272,swsh8-35,normal
18274,ex6-5,normal
18275,xy1-98,normal
18276,base1-2,holofoil
18277,swsh9-74,normal
18279,ecard2-H25,holofoil
18281,dp2-61,normal
18283,dp7-62,normal
18284,xy5-70,normal
18285,hgss1-83,normal
18287,dp6-121,normal
18288,sv2-9,normal
18292,swsh8-201,holofoil
18295,sv8-45,normal
18298,dp4-37,normal
18300,pl1-40,normal
18301,sv1-101,normal
18302,sv6-213,holofoil
18303,hgss2-49,normal
18304,sv1-204,holofoil
18305,sm11-242,holofoil
18307,dp4-18,normal
18308,swsh9-132,holofoil
18309,ex14-88,normal
18310,swsh7-179,holofoil
18311,sv5-184,holofoil
18312,sv3pt5-5,normal
18315,swsh12pt5-135,normal
18316,sm6-4,normal
18317,hgss1-ONE,holofoil
18318,xy10-93,normal
18319,dp7-89,normal
18322,sm6-15,normal
18323,xy5-52,normal
18326,sv1-243,holofoil
18328,xy9-8,normal
18330,g1-RC18,holofoil
18331,swsh8-9,normal
18332,dp4-40,normal
18334,swsh8-271,holofoil
18335,base4-80,normal
18336,ex2-56,normal
18337,bw8-81,normal
18340,base3-62,1stEdition
18341,sv4pt5-102,holofoil
18342,base5-62,1stEdition
18343,g1-65,normal
18344,xy9-54,normal
18345,ecard3-H12,holofoil
18347,sm8-186,normal
18348,xy5-60,normal
18350,base4-59,normal
18351,xy5-127,normal
18352,sv1-17,normal
18354,ex5-47,normal
18355,swsh3-77,normal
18359,sv3-186,normal
18360,bw1-8,normal
18361,swsh45sv-SV043,holofoil
18362,sm7-119,normal
18364,sv3-126,normal
18365,ecard2-53,normal
18366,g1-RC20,holofoil
18367,xy4-40,normal
18369,swsh9-135,normal
18370,base1-5,holofoil
18371,sv2-95,normal
18372,sv1-77,normal
18376,swsh5-122,normal
18378,sm12-54,normal
18379,dp5-78,normal
18380,swsh8-228,normal
18382,swsh8-139,holofoil
18384,sm6-55,normal
18389,ex15-34,normal
18390,pl3-133,normal
18393,sv7-128,holofoil
18396,ex7-22,normal
18397,ecard3-97,normal
18402,rsv10pt5-130,holofoil
18403,bw9-20,normal
18405,sv4-132,normal
18407,neo3-25,1stEdition
18409,me2-82,normal
18410,ex16-85,normal
18414,sv7-79,normal
18415,swsh5-102,holofoil
18416,sm7-50,normal
18417,pl3-89,normal
18418,swsh6-29,normal
18419,pop2-16,normal
18420,dp1-109,normal
18421,ex12-81,normal
18422,swsh9-186,holofoil
18423,hgss3-11,normal
18425,swshp-SWSH083,holofoil
18426,swsh7-206,holofoil
18427,neo4-35,1stEdition
18428,me1-123,normal
18430,sv1-99,normal
18431,sm11-215,holofoil
18433,swshp-SWSH046,holofoil
18436,hgss1-14,normal
18438,rsv10pt5-148,holofoil
18439,xy8-7,normal
18440,sv9-64,normal
18441,dp5-71,normal
18442,sma-SV4,holofoil
18443,ecard2-94,normal
18446,dp7-78,normal
18447,neo1-60,1stEdition
18448,xy7-30,normal
18449,swsh1-181,normal
18452,ecard2-50,normal
18453,neo4-5,1stEditionHolofoil
18454,g1-17,holofoil
18455,sv6-71,normal
18456,sm1-50,normal
18458,sm10-233,holofoil
18459,swsh12-22,holofoil
18462,sm10-178,normal
18463,swsh8-78,holofoil
18464,pl4-37,normal
18465,xy10-72,holofoil
18466,swsh1-53,holofoil
18467,gym1-43,unlimited
18473,swsh7-76,normal
18474,sm1-95,normal
18476,sm5-13,holofoil
18477,base4-44,normal
18478,bw2-6,normal
18481,sm10-51,normal
18483,sv9-139,normal
18484,swsh7-190,holofoil
18486,sm10-91,normal
18491,sm3-39,holofoil
18493,swsh45sv-SV099,holofoil
18494,sm10-149,holofoil
18496,ex5-89,normal
18497,cel25-8,holofoil
18499,ex9-82,normal
18500,sv6-72,normal
18502,sm9-194,holofoil
18504,bw2-19,normal
18505,bwp-BW66,holofoil
18506,col1-10,holofoil
18507,xy4-86,holofoil
18509,bw5-76,normal
18510,xy5-43,normal
18511,ex5-39,normal
18512,swsh4-93,holofoil
18513,sm7-62,normal
18514,sm3-88,holofoil
18515,pl1-76,normal
18516,swshp-SWSH235,holofoil
18518,sv5-165,holofoil
18519,sm10-225,holofoil
18520,sm5-24,normal
18524,neo1-46,1stEdition
18526,xy11-6,normal
18527,sv5-194,holofoil
18528,ex14-81,normal
18533,base3-4,unlimitedHolofoil
18536,me1-18,normal
18537,sm12-246,holofoil
18539,swsh12pt5-66,holofoil
18542,bw9-1,normal
18545,sm3-55,normal
18547,base5-55,1stEdition
18548,sm6-73,holofoil
18549,gym1-58,unlimited
18550,sv10-218,holofoil
18551,bw7-26,holofoil
18552,sv5-14,normal
18554,bw3-51,normal
18556,swsh6-201,holofoil
18557,sm11-35,holofoil
18558,xyp-XY200,holofoil
18559,sm10-72,normal
18560,hgss4-44,normal
18561,swsh1-215,holofoil
18562,sm5-67,holofoil
18563,dpp-DP29,holofoil
18564,swsh12pt5gg-GG21,holofoil
18566,bw1-54,normal
18567,zsv10pt5-132,holofoil
18568,sv2-69,normal
18570,sv1-1,normal
18571,bw8-62,normal
18573,ex1-16,normal
18574,ecard3-127,normal
18575,swsh10-15,normal
18576,g1-71,normal
18577,sm5-61,normal
18578,bw11-56,normal
18579,dp1-13,holofoil
18580,gym2-43,unlimited
18581,sm9-26,normal
18584,sm11-201,normal
18586,ecard2-H19,holofoil
18588,me2-64,normal
18589,xy7-80,normal
18590,sv7-9,normal
18591,xy1-82,normal
18593,swsh12pt5-128,normal
18594,xyp-XY72,holofoil
18597,sv3-100,normal
18598,swsh3-89,normal
18599,swsh8-99,normal
18600,dp6-124,normal
18603,swsh3-197,holofoil
18604,sma-SV42,holofoil
18605,sm3-96,normal
18606,swsh3-61,holofoil
18607,xy7-49,normal
18608,swsh9-172,holofoil
18609,neo1-67,1stEdition
18610,base3-6,1stEditionHolofoil
18614,me1-42,normal
18615,gym1-28,unlimited
18616,base2-53,1stEdition
18618,ex8-100,holofoil
18619,bw8-61,holofoil
18620,base1-11,holofoil
18621,sv6-48,normal
18622,pl4-57,normal
18623,pop6-13,normal
18625,neo2-31,unlimited
18626,ex15-65,normal
18627,hgss1-73,normal
18628,ex6-62,normal
18629,sm11-240,holofoil
18630,xy4-17,holofoil
18631,gym1-86,unlimited
18632,swsh4-50,holofoil
18635,xy9-100,normal
18638,bw3-40,normal
18640,bw4-24,normal
18641,swsh2-23,holofoil
18642,dp2-18,holofoil
18643,sm12-161,normal
18645,ex16-52,normal
18647,sv2-94,normal
18648,gym1-41,unlimited
18649,sm9-15,normal
18650,ex15-37,normal
18651,base5-13,1stEditionHolofoil
18652,ex5-77,normal
18654,mcd21-9,holofoil
18656,sv9-16,normal
18659,xy11-115,holofoil
18660,ex4-67,normal
18661,sv8-130,holofoil
18668,sv5-10,normal
18670,pgo-44,normal
18671,me2-94,normal
18672,sm11-243,holofoil
18673,sm2-50,normal
18675,sm2-90,normal
18676,sv10-9,normal
18678,swsh12-103,normal
18679,sv6-116,normal
18680,ex9-51,normal
18681,xy3-49,normal
18682,xy2-55,normal
18684,xy9-13,normal
18685,sv1-109,holofoil
18686,sm6-47,normal
18688,base4-2,holofoil
18689,sv6-85,normal
18690,sv8-213,holofoil
18691,sm75-72,holofoil
18692,sm2-6,normal
18693,bw11-82,holofoil
18695,xy11-83,normal
18699,xy9-119,holofoil
18700,xy0-31,normal
18701,sm5-118,normal
18703,xy1-46,holofoil
18704,swsh10tg-TG10,holofoil
18705,xy1-36,normal
18706,swsh5-181,holofoil
18707,swsh3-172,normal
18711,sm4-67,holofoil
18712,sv10-192,holofoil
18713,swsh6-137,normal
18716,xy4-47,normal
18719,xy2-20,holofoil
18720,pl3-114,normal
18722,swsh10-60,normal
18723,ex1-10,holofoil
18724,swsh9-75,normal
18726,ex6-19,normal
18731,sv6-203,holofoil
18733,swsh1-196,holofoil
18734,dp6-133,normal
18735,swsh7-11,normal
18736,swsh8-95,normal
18738,me1-79,normal
18741,sv8pt5-127,normal
18744,sm11-213,normal
18747,sm11-76,normal
18748,sm4-38,holofoil
18749,sv3pt5-185,holofoil
18750,sm8-211,holofoil
18752,sm12-30,holofoil
18755,pop7-3,holofoil
18756,ex1-99,holofoil
18758,xy8-72,normal
18761,pl1-26,normal
18762,swsh1-164,normal
18763,ecard2-H13,holofoil
18764,swsh6-50,normal
18765,neo2-35,1stEdition
18766,bw7-97,normal
18767,sv4-76,holofoil
18769,swsh3-32,normal
18770,dp2-14,holofoil
18771,sm7-79,normal
18773,sv4pt5-164,holofoil
18774,xy9-15,normal
18776,dpp-DP26,holofoil
18777,pgo-43,holofoil
18778,swsh4-61,holofoil
18779,ex14-89,holofoil
18783,dp5-35,normal
18784,sv5-181,holofoil
18788,xy8-86,normal
18789,sv4pt5-124,holofoil
18790,sm3-89,normal
18795,sm7-23,normal
18797,swsh8-200,normal
18798,sv8-161,holofoil
18799,ex1-72,normal
18802,sm5-18,normal
18803,pl3-107,normal
18804,swsh8-65,normal
18805,sm9-193,holofoil
18806,sm6-21,normal
18808,sv8pt5-42,normal
18809,swsh10-89,normal
18811,ex15-53,normal
18812,dp4-9,holofoil
18813,swsh11-207,holofoil
18814,swsh1-4,normal
18817,sm1-21,normal
18820,dp6-30,normal
18822,bw8-63,normal
18826,swsh12-33,holofoil
18827,ex11-12,holofoil
18828,xy8-75,normal
18831,hgss1-28,normal
18832,swsh8-220,normal
18833,sv4pt5-119,holofoil
18834,dp1-59,normal
18835,pl4-27,normal
18836,svp-198,holofoil
18840,dp7-19,normal
18841,ecard3-80,normal
18842,swsh4-96,normal
18843,sm8-38,normal
18844,sv4pt5-11,normal
18849,neo2-67,1stEdition
18850,neo1-92,unlimited
18853,sv6-39,normal
18855,sv6-149,normal
18856,me1-15,normal
18857,bw8-111,normal
18858,sm9-103,normal
18860,swsh10-201,holofoil
18862,xy4-74,holofoil
18863,sm11-13,normal
18864,sm12-247,holofoil
18865,sm115-68,holofoil
18866,hgss3-32,normal
18867,sv5-90,normal
18868,swsh7-91,holofoil
18870,xy11-79,holofoil
18871,swsh3-58,normal
18874,neo1-56,1stEdition
18875,me2-126,holofoil
18876,bw8-125,normal
18877,sm35-51,normal
18878,swsh6-151,normal
18879,hgss2-45,normal
18880,sv6-168,holofoil
18881,col1-5,holofoil
18882,sv6-26,normal
18883,swsh4-59,normal
18886,ex1-15,normal
18888,ex8-61,normal
18890,sv4pt5-120,holofoil
18892,dp6-45,normal
18893,swsh7-48,holofoil
18894,swsh2-136,holofoil
18895,svp-84,holofoil
18896,sv5-189,holofoil
18899,base2-19,1stEdition
18900,hgss4-32,normal
18901,swsh11-202,holofoil
18902,dp7-60,normal
18903,neo2-70,1stEdition
18904,bw7-15,normal
18905,sv5-128,normal
18906,sv5-2,normal
18911,xy1-61,normal
18913,gym1-29,1stEdition
18914,sv4-133,normal
18917,swsh7-33,normal
18918,xyp-XY153,holofoil
18920,hgss1-72,normal
18924,swsh45-51,holofoil
18925,sm35-49,normal
18928,swsh7-221,holofoil
18929,neo1-85,unlimited
18930,neo3-10,1stEditionHolofoil
18931,swsh6-75,holofoil
18932,g1-49,normal
18934,xy6-19,normal
18935,ex14-90,holofoil
18936,swsh35-66,normal
18939,sv8pt5-97,normal
18940,dp3-90,normal
18941,xy1-96,normal
18943,sv4pt5-57,normal
18944,xy5-57,normal
18945,hgss4-9,holofoil
18946,dc1-20,normal
18947,xy7-65,normal
18948,sv3pt5-12,normal
18950,sv5-46,normal
18952,swsh11-187,holofoil
18953,bw6-42,normal
18954,ex2-78,normal
18955,gym2-103,1stEdition
18957,bw8-50,normal
18959,swsh9-65,holofoil
18960,swsh12pt5gg-GG55,holofoil
18961,bw1-89,normal
18962,ecard2-29,normal
18963,bw7-5,normal
18965,ex8-27,normal
18966,sv4pt5-169,holofoil
18967,dp1-12,holofoil
18968,sv4pt5-127,holofoil
18969,xy0-32,normal
18971,sm10-54,normal
18972,ecard2-38,normal
18973,xy5-65,holofoil
18975,hgss2-26,normal
18976,sv8-72,holofoil
18979,sm35-55,holofoil
18980,sm3-152,holofoil
18982,bw8-83,normal
18984,svp-131,holofoil
18986,sm4-11,holofoil
18987,ex14-76,normal
18988,xy12-58,normal
18990,swsh8-279,holofoil
18993,ex9-77,normal
18994,swshp-SWSH199,holofoil
18995,sm11-54,holofoil
18999,swsh5-7,normal
19000,sv8-69,normal
19003,bw11-15,holofoil
19004,sm12-166,normal
19008,zsv10pt5-120,holofoil
19009,neo1-3,1stEditionHolofoil
19010,sv7-38,holofoil
19011,sm8-111,normal
19013,ex10-66,normal
19014,ex14-33,normal
19017,swshp-SWSH124,holofoil
19019,gym2-60,unlimited
19020,sv1-62,normal
19021,bwp-BW71,holofoil
19022,sm75-54,holofoil
19023,zsv10pt5-84,normal
19024,rsv10pt5-136,holofoil
19026,hgss3-57,normal
19029,xy9-67,normal
19030,sv7-129,normal
19032,dp2-35,normal
19033,ex12-80,normal
19035,swsh9-67,normal
19037,neo2-5,1stEditionHolofoil
19039,sm115-51,normal
19040,sm5-37,normal
19041,sv3pt5-105,holofoil
19042,hgss1-43,normal
19043,smp-SM232,holofoil
19045,me1-29,normal
19046,swsh12-38,normal
19048,zsv10pt5-93,holofoil
19049,xy12-87,normal
19050,xy1-11,normal
19051,sv3pt5-19,normal
19058,sv1-36,normal
19059,ex7-13,holofoil
19060,smp-SM197,holofoil
19061,pop7-13,normal
19062,sv8pt5-131,holofoil
19064,sv3-53,normal
19066,swsh35-58,normal
19067,sv9-61,normal
19068,xy0-38,normal
19069,swsh5-17,normal
19070,xy9-112,normal
19071,ex11-60,normal
19072,sm8-39,normal
19073,ex15-13,normal
19074,bw11-21,normal
19076,me2-69,normal
19077,bw2-85,normal
19078,ex14-50,normal
19079,swsh8-178,holofoil
19080,hgss2-10,holofoil
19081,sv4pt5-204,holofoil
19082,dp6-89,normal
19085,sm11-19,holofoil
19086,zsv10pt5-99,holofoil
19088,ex6-65,normal
19089,g1-RC31,holofoil
19091,ex14-77,normal
19094,sv3pt5-171,holofoil
19095,sv3pt5-173,holofoil
19097,ex8-49,normal
19098,neo3-65,unlimitedHolofoil
19099,sv2-93,holofoil
19101,base5-62,unlimited
19103,me1-34,holofoil
19105,bwp-BW06,holofoil
19106,xy12-51,normal
19108,swsh2-97,normal
19109,swsh12-4,holofoil
19111,cel25c-97_A,holofoil
19112,swsh12-134,normal
19113,sv10-45,normal
19114,sm8-226,holofoil
19115,sv8pt5-80,holofoil
19117,sv2-61,holofoil
19118,bw5-78,normal
19119,swsh7-189,holofoil
19120,swsh7-95,holofoil
19121,ex15-47,normal
19122,sv3pt5-56,normal
19125,dp4-72,normal
19126,bw10-75,normal
19127,xy1-134,normal
19128,sm75-43,normal
19129,neo2-69,unlimited
19132,ecard2-136,normal
19133,pl1-22,normal
19134,rsv10pt5-168,holofoil
19136,sv10-51,holofoil
19138,sv5-187,holofoil
19141,dp6-111,normal
19144,sm12-197,normal
19145,gym1-47,1stEdition
19146,swsh9-47,normal
19150,sm11-53,normal
19152,xy5-55,holofoil
19154,rsv10pt5-112,holofoil
19155,sm7-78,normal
19157,xy10-65,normal
19159,swsh6-159,normal
19161,swshp-SWSH186,holofoil
19163,xy5-86,holofoil
19164,base5-44,1stEdition
19166,sv8pt5-140,holofoil
19168,sv2-82,normal
19169,sm9-172,holofoil
19170,sm2-92,holofoil
19172,col1-3,holofoil
19173,sv6-51,normal
19174,base6-18,holofoil
19181,zsv10pt5-26,holofoil
19182,swsh12-35,holofoil
19183,swsh5-80,holofoil
19184,swsh2-130,normal
19185,swsh5-56,normal
19186,rsv10pt5-103,holofoil
19187,swsh7-86,normal
19188,neo1-19,unlimitedHolofoil
19189,sv1-3,normal
19190,sv4-30,normal
19191,me1-10,holofoil
19192,sv1-132,normal
19195,bw6-50,normal
19198,sv3-130,normal
19199,gym2-61,1stEdition
19202,ex11-94,normal
19204,rsv10pt5-36,normal
19206,sv3pt5-22,normal
19207,xy4-106,normal
19208,ecard1-21,holofoil
19209,base4-16,holofoil
19210,sv3pt5-88,normal
19211,swsh12pt5-59,holofoil
19212,sv4pt5-114,holofoil
19214,bw6-94,normal
19215,bw9-84,holofoil
19216,sv4-22,holofoil
19218,sv4-28,holofoil
19219,gym2-42,unlimited
19220,sv3pt5-30,normal
19221,sm8-116,normal
19224,sv5-202,holofoil
19225,sm12-236,holofoil
19226,ex11-74,normal
19227,swsh9-54,normal
19228,sm10-188,normal
19229,xy2-33,normal
19231,sv2-19,normal
19232,pl4-75,normal
19233,ecard1-114,normal
19234,pl1-70,normal
19235,ex3-75,normal
19237,ex14-96,holofoil
19238,dp3-126,normal
19239,sm5-90,holofoil
19240,xyp-XY210,holofoil
19241,bw1-47,holofoil
19243,neo2-56,unlimited
19244,swsh8-166,normal
19248,swshp-SWSH131,holofoil
19250,xy2-56,normal
19251,hgss2-56,normal
19252,sm7-41,normal
19253,bw4-54,holofoil
19254,det1-3,holofoil
19255,sv4pt5-135,holofoil
19256,ex2-76,normal
19257,swsh3-52,normal
19260,swsh9-79,holofoil
19263,sv4-191,holofoil
19266,dp6-65,normal
19267,swsh9-6,normal
19268,swsh9-101,normal
19269,xy3-107,holofoil
19270,sv8-80,normal
19271,dc1-16,normal
19272,me2-73,normal
19273,svp-122,holofoil
19275,sv6-20,normal
19278,sm5-68,normal
19279,xyp-XY179,holofoil
19280,neo2-29,1stEdition
19281,neo3-12,1stEditionHolofoil
19285,sv6-128,normal
19286,sv9-38,normal
19287,swsh12-206,holofoil
19288,swsh3-154,normal
19289,rsv10pt5-109,holofoil
19290,sv2-80,normal
19291,swsh12pt5gg-GG14,holofoil
19292,hsp-HGSS25,holofoil
19293,sv1-179,normal
19296,hgss4-3,holofoil
19297,ecard3-45,normal
19298,dp3-6,holofoil
19300,det1-8,holofoil
19301,dp2-17,holofoil
19302,bw7-23,normal
19303,base6-48,normal
19304,gym1-26,1stEdition
19308,ex7-23,normal
19309,swsh1-18,normal
19312,sv10-213,holofoil
19313,sv6-155,normal
19314,dp6-44,normal
19317,ex8-58,normal
19318,swsh12-1,normal
19322,zsv10pt5-78,normal
19324,sm9-97,holofoil
19326,sm75-12,normal
19328,sv7-155,holofoil
19330,sm1-2,normal
19333,sv4-195,holofoil
19336,base5-35,1stEdition
19339,swsh7-119,normal
19340,swsh45sv-SV011,holofoil
19341,swsh12tg-TG30,holofoil
19343,swsh12pt5-1,normal
19344,swsh6-223,holofoil
19346,xy7-83,normal
19347,hgss4-54,normal
19349,swsh10-154,normal
19350,col1-91,normal
19352,sm12-25,normal
19354,swsh7-58,holofoil
19357,sm5-119,normal
19358,neo1-90,1stEdition
19362,neo3-38,unlimited
19363,sm9-61,normal
19364,gym1-82,unlimited
19366,sm7-40,normal
19369,ecard1-154,normal
19370,ex6-60,normal
19372,ex3-42,normal
19375,sv6-27,normal
19376,base5-46,1stEdition
19378,swsh9-118,normal
19379,base2-3,1stEditionHolofoil
19381,svp-87,holofoil
19384,swsh45-72,holofoil
19387,gym1-105,unlimited
19388,dp5-50,normal
19392,base6-75,normal
19395,ex13-34,normal
19396,sm6-118,normal
19397,sm8-234,holofoil
19399,base2-51,unlimited
19400,bw4-75,normal
19401,swsh12pt5gg-GG34,holofoil
19402,sv6-127,normal
19403,pgo-20,normal
19405,sv8pt5-101,normal
19406,me1-92,normal
19407,base6-57,normal
19410,ex3-100,holofoil
19412,gym2-44,1stEdition
19414,sv7-45,normal
19415,sv4-100,holofoil
19416,bw9-70,normal
19417,dp3-70,normal
19419,rsv10pt5-61,normal
19420,sm1-119,normal
19421,dpp-DP49,holofoil
19422,col1-13,holofoil
19423,bw6-99,normal
19425,sm1-129,normal
19426,swsh1-158,normal
19427,gym2-116,1stEdition
19428,g1-47,normal
19429,ex7-98,holofoil
19433,ex8-6,holofoil
19434,sv5-177,holofoil
19435,swsh2-88,normal
19436,dp5-64,normal
19438,sm5-28,normal
19440,swsh10-108,normal
19441,sm7-52,normal
19445,sv9-25,normal
19446,rsv10pt5-84,normal
19448,ex7-11,normal
19449,xy3-15,normal
19451,swsh5-123,normal
19453,sv4-245,holofoil
19455,sv8-241,holofoil
19456,swsh6-41,normal
19457,hgss4-45,normal
19459,bw10-87,normal
19461,ex16-70,normal
19462,swsh8-259,holofoil
19464,swsh5-4,normal
19465,ex1-87,normal
19467,hgss1-94,normal
19468,sv4-216,holofoil
19469,bw6-23,normal
19470,ex2-32,normal
19471,sv3-112,normal
19474,base4-119,normal
19475,xy6-20,normal
19476,sv4pt5-208,holofoil
19478,xy9-75,normal
19479,sm11-205,normal
19482,xy3-38,normal
19483,dp7-86,normal
19487,sv1-10,normal
19488,me1-55,normal
19490,swsh12-112,normal
19493,sm35-68,normal
19494,base3-30,unlimited
19498,hgss2-37,normal
19500,sv4pt5-87,holofoil
19501,xy7-64,normal
19502,xy12-6,normal
19504,swsh2-195,holofoil
19505,sm7-59,normal
19508,swsh1-42,normal
19510,me1-51,normal
19511,swsh8-280,holofoil
19512,sv3pt5-35,normal
19513,sv6-30,normal
19514,ex12-83,holofoil
19515,sv6-9,normal
19516,pgo-7,normal
19517,ex12-60,normal
19519,hgss2-9,holofoil
19520,dp5-88,normal
19521,bw9-33,holofoil
19522,swsh5-125,normal
19527,sv3-41,normal
19528,sm115-16,holofoil
19529,dv1-15,holofoil
19530,sv9-115,normal
19531,ex14-7,holofoil
19532,sm9-56,normal
19533,sv8-182,holofoil
19534,bw5-60,normal
19535,sv8-110,holofoil
19536,smp-SM07,holofoil
19537,swsh45-16,normal
19538,bw1-65,holofoil
19539,bw8-8,normal
19540,swsh12tg-TG21,holofoil
19541,sv3-193,normal
19546,dp2-77,normal
19547,pop9-4,normal
19549,hgss2-86,holofoil
19550,swshp-SWSH060,holofoil
19551,swshp-SWSH157,holofoil
19552,sv5-154,holofoil
19554,ex15-66,normal
19555,swsh10-130,holofoil
19556,xy0-10,normal
19557,sv6-110,holofoil
19561,neo4-98,1stEdition
19562,pl3-46,normal
19563,neo4-86,1stEdition
19565,sv10-85,normal
19566,bw7-7,normal
19570,dp5-48,normal
19571,sv6-13,normal
19576,neo1-104,unlimited
19577,swsh9-112,normal
19578,swsh5-134,normal
19579,ex2-77,normal
19580,sm1-29,normal
19581,dp2-55,normal
19582,sm35-6,normal
19583,zsv10pt5-140,holofoil
19584,swsh9-115,normal
19585,sm5-107,normal
19586,sv8-214,holofoil
19587,pl3-81,normal
19592,ex13-54,normal
19593,gym2-24,1stEdition
19597,sm1-9,normal
19598,swsh8-2,normal
19599,dp2-57,normal
19600,sv8pt5-134,holofoil
19602,xy9-84,normal
19603,swsh3-39,holofoil
19604,bw6-91,normal
19605,swsh4-191,holofoil
19608,sv3-120,holofoil
19610,swsh8-145,normal
19611,sv6-83,normal
19612,neo2-75,1stEdition
19614,sm1-57,normal
19615,ex3-53,normal
19617,neo4-16,unlimitedHolofoil
19618,sv5-190,holofoil
19619,swsh12-74,normal
19620,sm4-124,holofoil
19624,bw1-22,normal
19625,pl2-62,normal
19627,mcd21-7,holofoil
19628,gym2-115,1stEdition
19629,swsh6-118,holofoil
19631,swsh45sv-SV097,holofoil
19632,base3-48,unlimited
19634,base5-83,1stEditionHolofoil
19635,bw1-9,normal
19636,sm11-241,holofoil
19637,ex13-76,normal
19640,sv8-188,normal
19641,xyp-XY108,holofoil
19642,mcd21-10,normal
19644,swsh3-35,normal
19646,bw5-71,normal
19647,sm3-158,holofoil
19648,swsh5-42,normal
19649,sv7-137,normal
19651,swsh6-155,normal
19653,xyp-XY17,holofoil
19654,swsh12pt5gg-GG44,holofoil
19655,sm4-89,holofoil
19656,sv8-170,normal
19658,swshp-SWSH246,holofoil
19659,pl2-102,normal
19660,pl1-59,normal
19665,neo1-20,1stEdition
19666,swshp-SWSH072,holofoil
19667,sv5-37,normal
19669,swshp-SWSH266,holofoil
19670,mcd21-1,normal
19671,dp5-60,normal
19672,swsh12tg-TG01,holofoil
19675,swsh9-77,normal
19676,swsh10-100,holofoil
19677,swsh4-13,normal
19678,sv8-145,normal
19679,dp6-43,normal
19680,pop9-10,normal
19682,swsh8-20,normal
19683,ex3-47,normal
19684,sv10-187,holofoil
19685,dp6-33,normal
19686,rsv10pt5-95,holofoil
19689,sm5-79,normal
19691,me1-50,holofoil
19692,bw8-77,normal
19693,neo4-51,1stEdition
19695,xy11-15,normal
19697,pl2-8,holofoil
19699,sv7-144,holofoil
19700,sv8-60,normal
19703,ex16-62,normal
19705,sv10-13,normal
19706,ex9-98,holofoil
19709,base1-39,normal
19710,svp-118,holofoil
19711,gym2-51,1stEdition
19712,ex6-26,normal
19713,sv5-96,normal
19715,sv1-92,normal
19716,swsh8-209,normal
19718,sv4pt5-147,holofoil
19720,sv4-165,normal
19721,swsh12-63,normal
19722,xyp-XY208,holofoil
19723,swsh3-114,holofoil
19724,swsh2-122,holofoil
19726,rsv10pt5-146,holofoil
19727,ecard3-124,normal
19728,neo4-100,unlimited
19729,swsh4-90,normal
19730,base6-73,normal
19731,pop1-16,normal
19733,sv5-18,normal
19734,xy7-95,holofoil
19740,hgss4-4,holofoil
19741,rsv10pt5-8,normal
19743,ex3-9,holofoil
19744,sv6-196,holofoil
19747,sv9-29,normal
19752,swsh9-181,holofoil
19753,swsh7-125,normal
19754,sv10-157,normal
19756,hgss4-11,holofoil
19758,sv3-219,holofoil
19759,me2-66,normal
19760,sv4pt5-161,holofoil
19761,ex14-48,normal
19763,xy12-109,normal
19764,swshp-SWSH015,holofoil
19766,xy2-1,normal
19767,ex9-39,normal
19768,bw3-59,normal
19769,xy9-122,holofoil
19772,sma-SV41,holofoil
19774,swsh5-164,holofoil
19775,dp2-20,normal
19776,swsh45-70,holofoil
19777,xy5-105,holofoil
19780,sm35-11,normal
19781,dp5-7,holofoil
19783,me1-17,normal
19785,bw10-20,normal
19787,ecard1-32,holofoil
19791,swsh1-116,holofoil
19792,dp7-102,holofoil
19793,ecard2-62,normal
19794,swsh12pt5-129,normal
19795,sm6-53,normal
19796,sm7-36,normal
19800,swsh12pt5-102,holofoil
19801,sv8pt5-151,holofoil
19802,ex1-17,normal
19804,ex9-7,normal
19805,swsh6-45,holofoil
19806,sv5-34,holofoil
19808,base5-20,1stEdition
19809,sv3pt5-25,normal
19810,bw7-64,normal
19812,sv3pt5-36,normal
19813,swsh10-42,normal
19817,sm11-115,normal
19820,cel25-23,holofoil
19823,base6-78,normal
19826,swsh1-130,normal
19827,gym1-58,1stEdition
19828,swsh45-38,holofoil
19830,xy1-65,normal
19831,pl3-21,normal
19833,sv9-158,normal
19838,bw10-71,normal
19839,sv1-234,holofoil
19840,swsh9tg-TG07,holofoil
19841,sma-SV75,holofoil
19846,bw10-85,normal
19850,dpp-DP02,holofoil
19852,ex9-61,normal
19853,base1-10,holofoil
19854,neo2-16,unlimitedHolofoil
19855,zsv10pt5-100,holofoil
19857,ecard1-71,normal
19858,pl2-39,normal
19859,sv9-163,holofoil
19863,pl1-71,normal
19864,bw7-21,normal
19865,dp1-111,normal
19867,hgss3-67,normal
19869,pl2-11,holofoil
19871,rsv10pt5-152,holofoil
19872,xy12-61,normal
19873,pop4-14,normal
19875,swsh6-140,normal
19876,ex2-85,normal
19878,sv8pt5-125,normal
19879,neo4-109,1stEditionHolofoil
19880,zsv10pt5-79,normal
19881,bw6-17,normal
19882,sm9-70,normal
19883,sv2-110,normal
19885,swsh5-179,holofoil
19886,ex16-35,normal
19888,bw2-10,normal
19890,swsh7-15,normal
19891,xy2-25,normal
19892,ex8-47,normal
19893,pop6-17,holofoil
19894,swsh1-39,normal
19897,sm12-103,normal
19899,neo2-51,1stEdition
19900,mcd21-4,normal
19901,ex5-7,holofoil
19902,swsh8-47,normal
19904,base4-17,holofoil
19905,swsh5-149,holofoil
19906,sv7-117,normal
19908,sv10-199,holofoil
19909,gym1-99,1stEdition
19913,dpp-DP12,holofoil
19916,ex4-77,normal
19919,swsh7-198,holofoil
19920,dp1-69,normal
19921,sm10-156,normal
19922,xy8-70,normal
19924,zsv10pt5-53,holofoil
19925,neo4-40,1stEdition
19927,me2-98,holofoil
19928,swshp-SWSH173,holofoil
19929,swsh6-5,normal
19932,swsh8-140,normal
19933,ex14-56,normal
19934,sv1-150,normal
19935,gym2-102,unlimited
19937,xy1-117,normal
19939,ex15-18,normal
19940,mcd21-16,holofoil
19943,xy11-88,normal
19944,sm12-167,normal
19945,xy5-25,normal
19946,sv10-120,normal
19947,dc1-15,holofoil
19948,neo3-42,unlimited
19951,hgss4-92,holofoil
19954,sv8pt5-39,normal
19955,sm11-72,holofoil
19957,basep-25,normal
19958,xy0-30,normal
19959,sm10-18,normal
19960,sm2-18,holofoil
19962,gym2-56,1stEdition
19963,dp2-91,normal
19964,sv2-72,normal
19967,swsh8-203,normal
19968,xy2-7,holofoil
19969,sm9-167,holofoil
19970,sv10-92,holofoil
19973,neo3-61,1stEdition
19977,swsh9-104,normal
19978,xy4-72,normal
19979,dp1-43,normal
19981,smp-SM87,holofoil
19982,swsh9-5,normal
19987,me1-2,normal
19988,sv4pt5-213,holofoil
19990,sm35-72,holofoil
19992,sv6pt5-28,normal
19994,ecard1-109,normal
19995,sv6-221,holofoil
19996,dp2-67,normal
19997,ecard2-30,normal
19998,neo1-37,1stEdition
20000,sv2-64,normal
20002,sm3-20,holofoil
20003,bw7-139,holofoil
20004,hgss1-121,normal
20005,swsh2-21,normal
20007,me2-104,holofoil
20008,swsh7-153,normal
20012,smp-SM118,holofoil
20014,sv4pt5-167,holofoil
20016,g1-RC30,holofoil
20017,swsh8-84,normal
20019,dc1-34,normal
20020,me2-49,normal
20021,xy10-124,holofoil
20023,zsv10pt5-46,holofoil
20024,smp-SM198,holofoil
20025,zsv10pt5-108,holofoil
20027,sv1-88,holofoil
20028,base6-25,normal
20030,swsh45sv-SV054,holofoil
20032,pl2-53,normal
20034,swsh6-91,normal
20035,neo1-73,unlimited
20036,sm6-20,holofoil
20037,xy6-36,normal
20038,sm9-64,normal
20039,me1-70,normal
20040,xy9-50,normal
20042,sm3-6,holofoil
20045,swsh10-146,normal
20047,dp1-130,normal
20048,hgss2-1,holofoil
20049,sv1-121,normal
20050,xy9-21,holofoil
20051,svp-137,holofoil
20052,ex16-14,normal
20053,hgss2-22,normal
20055,xy0-39,normal
20058,ex1-58,normal
20059,ex15-85,normal
20060,bw1-52,normal
20063,ex6-33,normal
20064,me2-59,normal
20065,swsh10-67,normal
20068,xy6-87,normal
20069,ex2-9,holofoil
20070,swsh10-87,holofoil
20071,pl2-84,normal
20072,neo1-38,1stEdition
20075,zsv10pt5-139,holofoil
20079,base5-79,unlimited
20082,sv3-155,normal
20083,pl2-37,normal
20084,smp-SM224,holofoil
20085,sv3-40,normal
20086,ecard1-27,holofoil
20087,swsh9-146,normal
20088,xy8-115,normal
20089,sv6-138,normal
20090,hgss3-37,normal
20092,sm9-63,normal
20093,svp-95,holofoil
20094,neo4-58,unlimited
20095,sm10-3,normal
20096,neo2-42,1stEdition
20097,base3-2,unlimitedHolofoil
20101,neo1-61,1stEdition
20103,sm3-106,normal
20104,sv6-107,normal
20107,bw3-82,holofoil
20108,sm1-158,holofoil
20109,sv8-114,normal
20110,bw6-1,normal
20113,ex10-46,normal
20115,neo1-77,unlimited
20118,sv8pt5-94,normal
20120,swshp-SWSH092,holofoil
20121,sv6pt5-43,normal
20122,xy1-119,normal
20123,base5-83,unlimitedHolofoil
20124,ex6-110,normal
20125,xy2-60,normal
20127,sv6-130,holofoil
20128,swsh3-49,normal
20129,dp3-83,normal
20130,bw10-27,normal
20131,sv4pt5-86,normal
20132,ex11-55,normal
20133,swsh3-16,normal
20135,sv4pt5-209,holofoil
20137,sv8-70,normal
20138,hsp-HGSS14,holofoil
20139,hgss2-27,normal
20140,swsh9-171,holofoil
20141,ex2-57,normal
20143,sm10-154,normal
20144,dp3-18,holofoil
20145,base3-24,1stEdition
20146,me2-5,normal
20148,base5-50,1stEdition
20149,swsh10-163,holofoil
20150,ex6-37,normal
20151,xy11-32,normal
20152,rsv10pt5-30,holofoil
20155,ecard1-17,holofoil
20156,sm115-15,normal
20158,dp6-20,normal
20159,svp-153,holofoil
20162,sm1-114,normal
20163,xyp-XY13,holofoil
20164,ecard2-H17,holofoil
20165,swsh1-198,holofoil
20167,sv10-70,holofoil
20169,bw11-3,normal
20170,sm3-147,holofoil
20172,swsh4-57,normal
20173,bw11-1,normal
20174,swsh10-109,normal
20175,sm9-119,holofoil
20178,neo1-52,1stEdition
20184,sm12-216,holofoil
20187,bw8-27,normal
20188,zsv10pt5-90,holofoil
20190,swsh12pt5-144,normal
20192,xy4-91,normal
20193,sv8-117,normal
20195,sm1-66,holofoil
20196,neo4-39,unlimited
20198,gym1-21,1stEdition
20201,sv1-239,holofoil
20205,hgss3-14,normal
20206,sm8-152,normal
20209,zsv10pt5-64,normal
20214,cel25-7,holofoil
20215,sv4pt5-110,holofoil
20219,swsh45sv-SV122,holofoil
20220,xy4-12,holofoil
20222,smp-SM117,holofoil
20223,bwp-BW09,holofoil
20225,swsh10tg-TG01,holofoil
20226,sv5-218,holofoil
20227,bw9-27,normal
20228,sv4pt5-191,holofoil
20230,ex2-86,normal
20231,ecard1-5,holofoil
20232,swsh35-55,normal
20233,sv3pt5-60,normal
20234,swshp-SWSH193,normal
20235,swsh3-193,holofoil
20236,svp-183,holofoil
20237,swsh3-148,normal
20238,swshp-SWSH059,holofoil
20239,sv4-56,normal
20240,swsh1-199,holofoil
20241,hgss1-108,holofoil
20242,xy7-76,normal
20243,sv9-10,normal
20244,xy3-108,holofoil
20245,me2-71,normal
20246,swsh6-185,holofoil
20247,swshp-SWSH031,holofoil
20252,swsh7-1,normal
20253,base3-43,1stEdition
20255,bw10-64,holofoil
20256,gym2-58,unlimited
20261,xy2-41,holofoil
20263,sv6-225,holofoil
20264,swsh45sv-SV009,holofoil
20265,dp3-46,normal
20266,sv3-137,normal
20268,bw2-11,normal
20272,me1-88,holofoil
20274,swsh6-37,normal
20275,bw11-94,normal
20276,sm8-115,normal
20279,sv4-188,holofoil
20281,mcd12-4,holofoil
20285,sv1-38,holofoil
20286,sv4pt5-26,holofoil
20289,swsh9-46,normal
20290,bw11-63,normal
20293,ex16-84,normal
20295,det1-7,holofoil
20296,swsh1-95,normal
20297,ex16-73,normal
20298,dp3-25,normal
20299,base6-61,normal
20300,base1-78,normal
20301,swsh45sv-SV028,holofoil
20302,pl1-67,normal
20303,base5-16,1stEditionHolofoil
20304,hgss3-90,holofoil
20306,zsv10pt5-8,normal
20307,swsh1-98,normal
20309,swsh7-148,normal
20311,sm5-153,holofoil
20312,ex3-83,normal
20313,hgss4-57,normal
20316,bw10-57,normal
20317,bw10-1,normal
20318,sv6-87,normal
20319,xy6-45,normal
20321,ecard1-53,normal
20322,sm115-17,normal
20323,dp6-97,normal
20326,sma-SV54,holofoil
20327,sm9-37,normal
20328,swsh8-257,holofoil
20330,swsh12pt5-157,holofoil
20331,swsh5-5,normal
20334,neo1-47,unlimited
20335,col1-69,normal
20338,dp5-38,normal
20340,ex10-12,holofoil
20341,gym2-83,unlimited
20344,gym1-126,unlimited
20345,sm6-69,holofoil
20346,swsh10-77,holofoil
20348,gym1-54,unlimited
20350,ex13-46,normal
20351,swsh12-90,holofoil
20352,sm5-2,normal
20353,ex9-89,normal
20354,sv4-141,normal
20355,sv3pt5-147,normal
20356,sv8-12,normal
20357,smp-SM164,holofoil
20358,swsh7-44,normal
20361,sv8-48,holofoil
20362,dp5-58,normal
20364,sv8pt5-31,holofoil
20365,neo4-22,1stEdition
20366,swshp-SWSH003,holofoil
20368,sm1-108,normal
20369,ecard1-101,normal
20371,rsv10pt5-4,normal
20373,ex11-91,normal
20374,svp-85,normal
20375,swsh6-134,normal
20376,sm8-161,normal
20379,xy3-61,normal
20380,basep-43,normal
20382,swsh9-129,normal
20383,swsh8-53,holofoil
20385,sv10-55,normal
20386,neo4-56,unlimited
20387,np-2,normal
20390,gym2-29,1stEdition
20391,ecard1-18,holofoil
20392,ex9-59,normal
20393,sv8pt5-55,normal
20395,sv4-83,normal
20397,sv7-123,normal
20398,swsh12pt5-38,holofoil
20401,me2-46,normal
20403,swsh45-9,holofoil
20405,ex7-42,normal
20407,me1-116,normal
20409,swsh8-80,normal
20410,ecard2-129,normal
20411,swshp-SWSH270,holofoil
20412,ex8-22,normal
20413,sv10-30,normal
20414,sv8-180,normal
20416,dp4-22,normal
20418,sv2-53,normal
20419,xy7-11,normal
20420,ex13-44,normal
20421,ex13-48,normal
20422,gym1-118,1stEdition
20423,sv4pt5-17,normal
20424,xy11-72,normal
20425,bw5-38,holofoil
20428,xy8-156,holofoil
20429,xy3-65,normal
20430,bw10-5,normal
20432,xy10-11,normal
20433,sv4pt5-236,holofoil
20438,xyp-XY15,holofoil
20439,smp-SM79,holofoil
20440,ex5-58,normal
20441,ex15-79,normal
20444,swsh6-211,holofoil
20445,zsv10pt5-92,holofoil
20446,sv6pt5-81,holofoil
20447,sm10-185,normal
20448,sv1-209,holofoil
20449,sm6-37,normal
20451,sv9-59,normal
20452,swsh7-159,normal
20454,swsh7-118,holofoil
20456,sm10-199,holofoil
20460,sm7-10,normal
20462,ex16-87,normal
20463,me2-15,normal
20467,sv3pt5-42,normal
20468,dp3-86,normal
20470,me1-139,holofoil
20472,sm11-106,holofoil
20476,me1-43,normal
20477,me1-20,normal
20479,swsh9-161,holofoil
20481,bw7-54,holofoil
20482,sv8pt5-180,holofoil
20485,mcd21-1,holofoil
20486,swsh6-16,normal
20487,bw1-5,holofoil
20489,base5-61,1stEdition
20490,bw8-49,normal
20492,bw10-60,holofoil
20494,swsh12-125,normal
20495,dp5-31,normal
20499,gym1-93,unlimited
20500,sv5-36,normal
20501,smp-SM107,holofoil
20502,swsh9tg-TG24,holofoil
20506,swsh12-156,holofoil
20507,neo3-48,1stEdition
20508,xy4-23,holofoil
20509,me1-6,normal
20510,bw11-16,holofoil
20514,ex13-80,normal
20515,sm2-53,normal
20516,mcd22-14,normal
20517,swsh12tg-TG24,holofoil
20520,mcd11-7,holofoil
20521,swsh12-207,holofoil
20522,xy10-3,normal
20523,swsh1-207,holofoil
20524,ex10-44,normal
20525,gym2-45,1stEdition
20526,sv1-169,normal
20528,dp4-11,holofoil
20529,sv6-56,normal
20532,sv10-196,holofoil
20533,ex14-12,holofoil
20534,smp-SM190,holofoil
20536,ex11-49,normal
20538,xy5-56,holofoil
20539,xyp-XY177,normal
20542,sm6-31,holofoil
20545,pgo-12,holofoil
20546,swsh2-55,holofoil
20548,base2-28,unlimited
20549,sv8-27,normal
20550,sv3pt5-11,normal
20551,swsh10tg-TG19,holofoil
20552,swsh9-29,holofoil
20559,sv6-106,holofoil
20561,sv3-176,normal
20562,base3-44,unlimited
20563,gym1-97,1stEdition
20564,dp7-61,normal
20565,sv4pt5-238,holofoil
20568,sm10-218,holofoil
20569,dp7-43,normal
20571,xy2-47,normal
20572,sv6-84,normal
20573,neo4-3,1stEditionHolofoil
20574,swsh5-81,normal
20576,sv3pt5-33,normal
20577,sv2-79,holofoil
20578,swsh9-12,normal
20579,xy6-107,holofoil
20580,sv7-135,normal
20581,swsh12-25,normal
20582,bw4-83,normal
20583,sv2-44,normal
20588,swsh8-222,normal
20589,swsh6-19,holofoil
20590,me1-76,normal
20592,swsh12pt5gg-GG05,holofoil
20595,xy4-55,normal
20596,gym2-27,unlimited
20598,ex5-59,normal
20599,swsh12-181,holofoil
20600,sm10-124,normal
20601,col1-65,normal
20604,sv4-243,holofoil
20606,sm75-27,normal
20609,bwp-BW81,holofoil
20610,zsv10pt5-27,normal
20612,pl1-38,normal
20613,xy8-31,normal
20615,xy5-26,normal
20616,sv9-173,holofoil
20617,swsh9tg-TG28,holofoil
20618,swshp-SWSH156,holofoil
20619,sv9-81,normal
20620,neo1-55,1stEdition
20621,pop7-4,holofoil
20623,bw6-78,normal
20624,ex14-26,normal
20625,me1-94,holofoil
20627,me1-22,holofoil
20628,sv7-142,holofoil
20630,sm12-252,holofoil
20631,g1-16,normal
20632,ex7-49,normal
20634,ex15-20,normal
20635,base6-21,normal
20637,sv7-55,holofoil
20640,sv7-75,normal
20641,xy4-109,normal
20642,bw9-78,holofoil
20644,sv3pt5-180,holofoil
20647,sma-SV19,holofoil
20649,sv6-10,normal
20651,gym1-121,1stEdition
20652,xy1-16,normal
20655,swsh45-42,holofoil
20660,sv4pt5-41,normal
20661,swsh3-201,holofoil
20664,swsh10-173,holofoil
20665,swsh6-47,normal
20666,swsh5-105,normal
20668,hgss1-88,normal
20670,ecard2-75,normal
20672,swsh4-48,holofoil
20673,sma-SV55,holofoil
20674,sv3pt5-157,normal
20675,swsh9-45,holofoil
20677,xyp-XY151,holofoil
20678,dp3-68,normal
20680,neo4-49,unlimited
20681,me2-100,holofoil
20684,swsh7-72,normal
20685,ex15-3,holofoil
20686,swsh1-190,holofoil
20689,svp-81,holofoil
20691,sm12-66,normal
20692,me1-143,holofoil
20694,ex14-13,holofoil
20695,swsh7-51,holofoil
20696,smp-SM57,holofoil
20698,neo4-60,unlimited
20700,sv1-163,normal
20701,bw7-17,normal
20702,sv1-215,holofoil
20705,sv4pt5-197,holofoil
20706,sv4-239,holofoil
20707,col1-58,normal
20708,sv4-182,normal
20710,sv3pt5-55,normal
20711,sv7-54,normal
20714,sv4-34,normal
20715,swsh35-14,holofoil
20716,pl3-130,normal
20717,bw11-RC5,holofoil
20720,dp5-65,normal
20723,dp3-55,normal
20724,dp2-36,normal
20725,bw11-99,holofoil
20726,hgss4-81,normal
20729,smp-SM213,holofoil
20730,bw11-98,normal
20731,bw10-14,normal
20732,bw4-45,normal
20733,pl1-115,normal
20734,me1-184,holofoil
20735,neo4-50,1stEdition
20738,ex1-3,holofoil
20739,bw6-16,normal
20740,cel25c-109_A,holofoil
20741,sv2-118,normal
20742,sv7-81,normal
20744,xy2-101,holofoil
20745,hsp-HGSS09,holofoil
20746,ex2-48,normal
20747,swsh9-27,holofoil
20748,pl2-79,normal
20749,sm12-163,holofoil
20752,sv1-112,normal
20753,ecard2-84,normal
20754,swsh12-2,normal
20755,sm8-215,holofoil
20757,xyp-XY197,holofoil
20758,sv5-107,normal
20759,bw3-75,normal
20760,ex16-66,normal
20762,base5-46,unlimited
20763,sm2-12,normal
20764,bwp-BW46,holofoil
20765,sv1-67,normal
20766,dp6-122,normal
20769,sv1-29,normal
20770,swsh6-71,normal
20772,swsh2-98,normal
20773,sv5-127,normal
20775,mcd11-11,holofoil
20776,bw1-12,normal
20778,hgss4-82,normal
20780,sv10-156,normal
20781,ex2-18,normal
20783,ex2-69,normal
20784,sv9-69,holofoil
20785,swsh5-73,normal
20786,xy7-94,holofoil
20787,neo3-58,1stEdition
20788,swsh10-145,normal
20789,ecard3-84,normal
20790,sv7-174,holofoil
20791,swsh10-195,holofoil
20792,sm4-19,normal
20794,sv4pt5-19,holofoil
20796,sv6-195,holofoil
20797,sm2-128,normal
20798,hgss2-47,normal
20799,dp7-30,normal
20801,rsv10pt5-28,normal
20802,swshp-SWSH073,holofoil
20803,sv4-39,normal
20804,ex3-15,normal
20805,sv2-52,holofoil
20807,sv8-132,holofoil
20808,svp-132,holofoil
20809,swsh12tg-TG22,holofoil
20810,bw3-60,normal
20811,sv10-185,holofoil
20812,base3-48,1stEdition
20813,dp3-45,normal
20814,sv4-66,holofoil
20815,swsh6-158,normal
20816,sm5-106,normal
20817,sv3-49,normal
20820,swsh5-160,holofoil
20822,sm35-52,normal
20824,dp3-66,normal
20825,ecard1-104,normal
20828,hgss1-86,normal
20831,sv1-85,normal
20832,sv3-115,normal
20833,dp5-63,normal
20834,swsh11-210,holofoil
20835,xy5-16,normal
20836,bw8-40,normal
20839,xy9-103,normal
20840,neo4-62,unlimited
20841,ecard3-57,normal
20842,neo1-45,1stEdition
20845,sm4-97,normal
20846,bw5-51,normal
20849,me1-160,holofoil
20850,sv6-86,normal
20851,sm5-129,normal
20852,base4-98,normal
20853,neo1-70,1stEdition
20855,sm4-78,normal
20857,sv10-184,holofoil
20858,sv2-13,normal
20859,neo4-98,unlimited
20861,sm115-55,holofoil
20862,swsh10-19,normal
20864,base5-51,unlimited
20866,sv3pt5-69,normal
20867,sm9-135,normal
20868,swsh2-65,normal
20870,sv8-138,normal
20872,xy2-65,normal
20873,ex9-29,normal
20876,sm8-158,normal
20878,bw7-50,normal
20879,swsh5-178,holofoil
20880,swsh5-159,holofoil
20882,dp6-116,normal
20886,pgo-31,holofoil
20887,neo4-36,unlimited
20888,bw2-36,normal
20890,ecard3-91,normal
20891,ex14-14,normal
20893,sv3-57,normal
20894,bw7-71,normal
20896,swsh7-32,normal
20898,sv1-86,holofoil
20901,xy6-71,normal
20902,xy8-74,normal
20903,zsv10pt5-81,normal
20905,base6-34,normal
20906,col1-52,normal
20907,pl3-24,normal
20909,sm10-231,holofoil
20910,sm6-78,normal
20912,sv3-223,holofoil
20913,dp4-41,normal
20914,mcd21-11,normal
20915,swsh5-155,holofoil
20916,gym2-100,1stEdition
20919,neo3-54,unlimited
20920,mcd11-8,holofoil
20921,sv5-206,holofoil
20922,sm115-46,normal
20924,xyp-XY193,holofoil
20925,sv4pt5-139,holofoil
20926,swsh5-78,normal
20929,swshp-SWSH161,holofoil
20930,sma-SV14,holofoil
20934,sm9-137,normal
20935,sv4-237,holofoil
20937,hgss3-43,normal
20938,ecard1-67,normal
20942,ex14-59,normal
20944,swsh3-175,normal
20945,base2-7,1stEditionHolofoil
20946,neo3-44,unlimited
20947,xy12-44,normal
20949,swsh10-94,holofoil
20950,dp6-98,normal
20951,base5-16,unlimitedHolofoil
20952,gym2-82,1stEdition
20954,ecard2-107,normal
20956,ex15-97,holofoil
20957,sv10-63,normal
20958,swsh9-25,normal
20959,sm10-200,holofoil
20962,swsh10-114,holofoil
20963,swsh10-59,normal
20964,sm5-126,normal
20967,ex1-42,normal
20968,swshp-SWSH038,holofoil
20969,g1-RC5,holofoil
20970,sm9-122,normal
20971,zsv10pt5-165,holofoil
20972,swsh4-71,holofoil
20974,pop2-9,normal
20975,ex5-101,holofoil
20976,ex15-7,holofoil
20978,sv3-165,normal
20981,swsh7-226,holofoil
20982,sv4pt5-39,normal
20984,neo2-32,unlimited
20985,sv6-29,holofoil
20986,swsh10-148,normal
20987,swsh7-45,normal
20988,sv1-171,normal
20990,pgo-42,normal
20991,pl1-29,normal
20993,sv4pt5-14,normal
20995,sv10-239,holofoil
20996,sv4-180,normal
20999,xy10-60,normal
21002,dp4-61,normal
21004,bw4-90,normal
21005,xy10-74,normal
21007,ex6-39,normal
21009,swshp-SWSH121,holofoil
21010,gym2-117,unlimited
21012,sv5-124,normal
21014,ex8-23,normal
21015,sv8-146,normal
21016,sv4-173,normal
21017,ecard3-49,normal
21019,sv10-33,normal
21021,xy11-69,normal
21022,zsv10pt5-28,holofoil
21023,sv3pt5-58,normal
21027,sv4-232,holofoil
21028,swsh6-102,normal
21029,gym2-84,unlimited
21030,swsh11tg-TG28,holofoil
21031,ex14-71,normal
21032,pl1-43,normal
21034,ex15-43,normal
21035,bw1-92,normal
21036,neo1-45,unlimited
21037,sv4-220,holofoil
21039,xy1-79,holofoil
21041,sv7-109,normal
21042,swsh3-192,holofoil
21044,ex9-28,normal
21045,sm12-28,normal
21046,sv1-6,normal
21047,bw10-80,normal
21049,dp5-36,normal
21051,swsh5-113,normal
21054,swsh7-210,holofoil
21055,ecard3-63,normal
21056,swsh6-66,normal
21057,dp5-5,holofoil
21058,pl3-14,holofoil
21060,swsh7-236,holofoil
21061,np-1,normal
21062,swsh12pt5gg-GG07,holofoil
21063,sm115-57,normal
21064,ex9-50,normal
21068,sv4-44,normal
21069,zsv10pt5-138,holofoil
21072,xy9-62,holofoil
21073,pl4-5,holofoil
21075,pop4-4,holofoil
21076,swsh12tg-TG29,holofoil
21080,swsh45sv-SV060,holofoil
21082,sv2-88,normal
21084,pl3-37,normal
21086,neo1-57,unlimited
21088,swsh10-33,normal
21089,xy1-116,normal
21090,ex15-8,holofoil
21092,swsh12-43,normal
21095,bw7-22,normal
21096,xy11-14,normal
21097,hgss2-29,normal
21098,mcd21-8,normal
21099,dp4-104,holofoil
21102,swsh1-66,normal
21103,ex8-93,normal
21104,swshp-SWSH261,holofoil
21105,neo2-61,unlimited
21106,xy10-94,normal
21107,xy12-45,holofoil
21108,ex7-26,normal
21110,sv6-144,normal
21111,swsh10-46,holofoil
21112,bw7-10,normal
21113,gym2-69,unlimited
21116,sm6-56,holofoil
21118,rsv10pt5-76,normal
21119,ex11-22,normal
21120,sv8pt5-160,holofoil
21121,gym1-130,1stEdition
21122,xy3-106,holofoil
21124,gym1-132,1stEdition
21127,neo1-110,unlimited
21128,bw10-34,normal
21129,g1-69,normal
21131,sv7-91,normal
21133,swsh2-51,normal
21134,sv10-176,normal
21135,bwp-BW68,normal
21136,svp-157,holofoil
21137,sv6-152,holofoil
21138,neo1-88,unlimited
21140,ex6-25,normal
21142,sv6-95,holofoil
21144,pl2-2,holofoil
21145,dp3-125,normal
21149,dp3-64,normal
21150,xy11-5,normal
21153,sv3-148,normal
21155,mcd21-5,normal
21156,sv4pt5-202,holofoil
21157,sv9-71,normal
21158,g1-RC28,holofoil
21162,ecard3-125,normal
21163,ecard3-H14,holofoil
21164,sv6pt5-12,holofoil
21165,neo1-103,unlimited
21166,neo4-78,1stEdition
21168,pop7-3,normal
21170,sv2-4,normal
21171,neo1-18,1stEditionHolofoil
21172,base2-38,unlimited
21174,swshp-SWSH188,holofoil
21175,sm11-187,normal
21177,dp5-33,normal
21180,sv7-52,normal
21182,bw8-54,normal
21183,base1-81,normal
21184,bw1-45,normal
21185,neo1-58,unlimited
21188,dp1-48,normal
21189,neo3-41,unlimited
21190,swsh9-48,holofoil
21192,swsh4-109,normal
21193,base1-72,normal
21195,xy8-65,normal
21196,bw6-24,normal
21198,sv4pt5-88,holofoil
21199,col1-25,normal
21200,sm11-36,normal
21201,xy8-92,holofoil
21204,ex5-88,normal
21205,neo3-62,1stEdition
21207,me1-27,normal
21208,base6-65,normal
21209,xy8-20,holofoil
21210,xy6-72,holofoil
21212,sv4pt5-81,normal
21215,sv4pt5-116,holofoil
21216,base4-55,normal
21218,sv6pt5-8,normal
21222,dp6-114,normal
21223,hgss2-TWO,holofoil
21224,sm115-19,normal
21225,swsh10-192,holofoil
21226,swsh5-89,normal
21227,sv6pt5-51,normal
21228,sv8-61,normal
21229,sv2-20,normal
21230,bw8-79,normal
21231,bw4-74,holofoil
21232,sm9-80,normal
21233,sm3-123,normal
21234,neo4-77,unlimited
21236,rsv10pt5-1,normal
21237,sm4-50,normal
21238,ex15-6,holofoil
21240,sv4pt5-52,normal
21243,swsh8-85,normal
21245,xy3-46,holofoil
21246,me1-35,normal
21248,sm11-218,holofoil
21251,sv10-243,holofoil
21252,base5-64,1stEdition
21254,sm75-66,holofoil
21255,ex15-64,normal
21257,sv4-101,normal
21260,sm10-71,normal
21261,sv6-137,normal
21262,swshp-SWSH171,holofoil
21264,xy3-70,normal
21265,sm11-73,normal
21266,swshp-SWSH057,holofoil
21267,swsh5-84,normal
21268,swsh8-72,normal
21269,ecard2-88,normal
21270,pl4-77,normal
21271,ex14-24,normal
21273,pl3-62,normal
21274,sm10-4,normal
21275,sv8pt5-52,normal
21277,sv8-76,holofoil
21282,sv4-118,holofoil
21283,swsh7-227,holofoil
21285,base4-28,normal
21286,sv10-138,normal
21287,sv9-168,holofoil
21290,sm10-49,normal
21293,bw2-37,normal
21295,pgo-10,holofoil
21298,dp3-127,normal
21299,sm3-62,holofoil
21301,swsh1-187,holofoil
21303,xy4-115,holofoil
21305,sv7-114,normal
21306,sm115-64,normal
21307,sm8-219,holofoil
21308,neo4-44,1stEdition
21310,sm6-79,holofoil
21312,bw2-58,normal
21313,xy3-13,normal
21316,ecard2-H31,holofoil
21318,sm5-6,normal
21319,hgss3-60,normal
21320,ex15-33,normal
21321,base5-26,unlimited
21322,gym2-82,unlimited
21324,pop5-1,normal
21325,ex2-36,normal
21327,ex6-46,normal
21328,swsh8-207,normal
21330,sv4-185,holofoil
21331,sm8-220,holofoil
21333,xy12-72,holofoil
21334,me2-1,normal
21335,base1-25,normal
21336,sv10-182,normal
21337,sv8pt5-103,normal
21338,ecard1-15,holofoil
21339,bw3-79,holofoil
21340,xy3-14,holofoil
21341,ex6-63,normal
21343,bw3-36,normal
21344,pgo-9,normal
21345,ex9-47,normal
21347,neo3-11,1stEditionHolofoil
21348,dp3-61,normal
21350,swsh3-51,normal
21352,swsh7-108,normal
21358,swsh3-17,normal
21361,bw9-102,normal
21363,xy1-26,holofoil
21364,sv10-163,normal
21367,sv9-45,normal
21368,swsh45sv-SV080,holofoil
21370,sv6pt5-85,holofoil
21371,swsh5-107,holofoil
21372,xy11-2,normal
21374,sv7-86,normal
21375,swsh10-85,normal
21376,sm8-37,holofoil
21377,sm9-169,holofoil
21382,gym1-11,unlimitedHolofoil
21383,rsv10pt5-144,holofoil
21388,ex7-60,normal
21390,swsh8-45,holofoil
21391,gym2-63,1stEdition
21392,xy11-37,normal
21393,base4-11,holofoil
21394,dp5-98,holofoil
21395,hgss2-3,holofoil
21397,sv7-126,normal
21398,sm8-208,holofoil
21399,ex9-48,normal
21401,sm8-109,normal
21403,rsv10pt5-2,normal
21404,me1-66,normal
21406,swsh8-238,normal
21407,swsh45sv-SV044,holofoil
21408,sv8-176,holofoil
21409,xy9-105,normal
21412,sv6pt5-33,normal
21413,swsh6-43,holofoil
21415,sv2-116,normal
21416,swshp-SWSH122,holofoil
21419,pgo-39,normal
21421,neo1-53,1stEdition
21422,sv6pt5-60,holofoil
21424,swshp-SWSH082,holofoil
21426,gym1-12,unlimitedHolofoil
21427,swsh4-195,holofoil
21428,dp1-113,normal
21429,g1-70,normal
21431,neo4-48,unlimited
21433,xy2-59,normal
21436,bw9-93,normal
21437,swsh12-137,normal
21439,swsh10-118,normal
21440,rsv10pt5-129,holofoil
21441,sv6pt5-78,holofoil
21442,swsh8-125,normal
21444,sv4-240,holofoil
21445,sv7-21,normal
21446,ecard1-34,normal
21448,pl1-48,normal
21449,swshp-SWSH291,holofoil
21452,sv2-91,normal
21454,sv6-23,holofoil
21455,sm4-105,holofoil
21457,xyp-XY28,holofoil
21458,sm5-95,normal
21459,bw5-37,normal
21461,sv3pt5-179,holofoil
21462,sma-SV7,holofoil
21464,ex13-53,normal
21466,swsh7-54,normal
21467,xy8-112,normal
21468,base5-42,unlimited
21470,bw6-28,holofoil
21471,sv9-178,holofoil
21474,ex11-58,normal
21477,xy6-64,holofoil
21482,pl3-90,normal
21483,xyp-XY128,holofoil
21486,sm10-7,normal
21487,sv9-34,normal
21488,ex12-58,normal
21489,swshp-SWSH130,holofoil
21491,neo1-24,unlimited
21492,neo1-94,unlimited
21494,ex9-19,normal
21496,swsh12-135,holofoil
21498,sm2-74,holofoil
21499,sm8-43,normal
21500,gym1-24,unlimited
21503,sm7-8,normal
21504,swshp-SWSH252,holofoil
21507,zsv10pt5-61,normal
21509,bw5-12,normal
21511,pl3-59,normal
21512,gym2-18,1stEditionHolofoil
21514,swsh12pt5gg-GG26,holofoil
21516,sm8-87,normal
21517,sv9-111,holofoil
21518,sv3pt5-170,holofoil
21519,swsh6-113,holofoil
21520,sm6-121,holofoil
21521,neo3-22,unlimited
21522,swshp-SWSH142,holofoil
21523,neo4-29,1stEdition
21525,neo4-69,1stEdition
21526,bw2-53,normal
21529,ex5-43,normal
21531,swsh10-149,normal
21532,col1-39,normal
21533,sm12-60,normal
21534,ex1-46,normal
21535,sv8-224,holofoil
21536,sv3-208,holofoil
21537,swshp-SWSH055,holofoil
21538,sv7-151,holofoil
21539,hgss2-38,normal
21540,swsh45-23,normal
21541,sm4-82,normal
21542,swsh12-95,normal
21545,xy3-81,normal
21546,sv5-114,normal
21547,mcd21-15,holofoil
21548,smp-SM90,holofoil
21549,swsh10-123,normal
21551,swsh12pt5-105,holofoil
21554,swsh12pt5-13,holofoil
21555,sv4-102,normal
21556,pl2-48,normal
21557,sm6-54,normal
21558,swsh2-48,normal
21559,neo4-24,1stEdition
21562,sv8pt5-63,normal
21563,ex3-51,normal
21564,xy9-28,normal
21566,swsh1-49,holofoil
21567,swsh7-184,holofoil
21568,me2-12,normal
21571,swsh2-206,holofoil
21573,rsv10pt5-62,holofoil
21574,sv6-113,normal
21575,sv3-157,normal
21576,sm35-50,normal
21577,sv2-45,normal
21580,ex3-80,normal
21581,bw11-101,holofoil
21582,sv8-183,holofoil
21583,base3-15,1stEditionHolofoil
21586,me2-13,holofoil
21587,sv5-103,normal
21588,bw1-77,normal
21590,bw8-69,normal
21591,swsh1-186,normal
21592,base4-118,normal
21593,xy12-71,normal
21594,swsh8-251,holofoil
21596,svp-123,holofoil
21597,sm75-77,holofoil
21599,base5-56,1stEdition
21600,base2-31,1stEdition
21601,swshp-SWSH103,holofoil
21603,sm2-17,normal
21604,swsh8-274,holofoil
21605,base5-54,unlimited
21606,swsh12pt5-152,holofoil
21607,sv10-228,holofoil
21613,ex6-43,normal
21614,neo1-7,1stEditionHolofoil
21615,smp-SM223,holofoil
21617,xy9-6,normal
21618,dp2-103,normal
21619,swsh9tg-TG18,holofoil
21620,base2-17,unlimited
21623,gym2-4,unlimitedHolofoil
21624,swsh11tg-TG19,holofoil
21627,hgss4-47,normal
21628,sm115-29,normal
21630,sv6-104,normal
21631,xy9-57,holofoil
21632,base3-56,1stEdition
21633,sv7-68,normal
21634,ex16-37,normal
21635,sm2-80,normal
21637,pl2-10,holofoil
21640,swsh45-57,normal
21641,sm12-42,normal
21642,ecard1-57,normal
21643,ex15-39,normal
21644,sm115-60,normal
21645,sv4pt5-132,holofoil
21646,bw4-56,normal
21647,svp-150,normal
21649,hgss1-103,normal
21654,sv2-102,normal
21657,xyp-XY103,holofoil
21658,xy3-41,normal
21659,xy2-53,normal
21661,base5-41,1stEdition
21663,sv8-73,normal
21665,dp1-57,normal
21666,ex10-86,normal
21667,ex5-54,normal
21671,bw7-88,normal
21672,me1-187,holofoil
21673,sv3-163,normal
21677,pop6-11,normal
21678,hgss4-98,holofoil
21679,dp7-20,normal
21681,sv8-85,normal
21683,sv3-192,normal
21684,swshp-SWSH275,holofoil
21685,pl1-99,normal
21689,swsh5-34,normal
21690,swsh10tg-TG26,holofoil
21691,xy2-49,normal
21692,xy10-16,normal
21693,sm75-60,normal
21696,sv6pt5-59,normal
21698,dp1-100,normal
21703,bwp-BW004,holofoil
21707,swsh8-167,normal
21708,dp7-85,normal
21710,neo1-38,unlimited
21711,ex16-29,normal
21716,sv3pt5-80,normal
21717,swsh4-66,normal
21718,xyp-XY196,holofoil
21719,swsh6-195,holofoil
21721,sv5-117,holofoil
21723,rsv10pt5-63,normal
21724,swsh12-173,holofoil
21726,ex14-3,holofoil
21727,sv8-168,normal
21728,sm3-59,normal
21729,me1-85,normal
21731,swsh9-113,normal
21733,dp1-3,holofoil
21734,pop3-2,normal
21736,sv4pt5-144,holofoil
21737,sm6-45,normal
21738,bw6-76,normal
21739,neo1-22,unlimited
21740,pl4-95,holofoil
21741,hgss1-53,normal
21742,ex3-57,normal
21743,sm2-10,holofoil
21744,sv7-154,holofoil
21745,swsh12pt5-50,normal
21747,sm6-92,normal
21750,swsh7-75,holofoil
21751,sv8pt5-121,normal
21754,sv3pt5-6,holofoil
21758,swsh11tg-TG22,holofoil
21760,swsh12pt5-88,normal
21762,pl3-72,normal
21764,pl4-59,normal
21766,dp3-73,normal
21769,bw6-97,holofoil
21770,ex15-80,normal
21771,ex7-47,normal
21772,zsv10pt5-96,holofoil
21773,swsh45sv-SV120,holofoil
21775,sv3pt5-168,holofoil
21776,swsh12tg-TG11,holofoil
21779,neo1-31,1stEdition
21781,sv1-221,holofoil
21784,pl2-82,normal
21787,sm35-42,holofoil
21788,dp5-56,normal
21789,ecard3-13,normal
21791,swsh12tg-TG04,holofoil
21792,swshp-SWSH116,holofoil
21793,xy6-110,holofoil
21795,pl3-1,holofoil
21796,sv9-110,normal
21797,bw6-66,normal
21799,xy12-15,holofoil
21800,swsh12-67,normal
21801,ex16-63,normal
21804,sv7-11,normal
21806,base2-5,unlimitedHolofoil
21807,swsh7-89,normal
21812,ex12-84,holofoil
21813,sma-SV9,holofoil
21815,dp7-14,normal
21816,bw11-RC19,holofoil
21818,dp4-23,normal
21819,swsh12-102,holofoil
21820,pl1-3,holofoil
21821,sv2-6,normal
21824,swsh10-144,normal
21825,bw8-128,holofoil
21826,ex12-69,normal
21827,sm8-162,normal
21828,ex1-100,holofoil
21831,swsh1-183,normal
21834,ex9-30,normal
21835,pl2-95,normal
21836,swsh12pt5gg-GG11,holofoil
21837,me1-124,normal
21838,smp-SM205,holofoil
21839,swsh5-70,normal
21841,sm11-236,holofoil
21842,xy1-55,holofoil
21843,xy4-92,normal
21844,ex5-34,normal
21847,ex10-79,normal
21848,base3-46,unlimited
21851,swsh6-123,holofoil
21852,swsh12-164,normal
21854,swsh1-194,holofoil
21855,neo4-11,unlimitedHolofoil
21856,xy10-62,holofoil
21860,sm10-229,holofoil
21863,swsh9-8,holofoil
21866,sv4pt5-40,holofoil
21867,sm8-22,holofoil
21868,hgss4-64,normal
21869,sv5-185,holofoil
21870,ex16-3,holofoil
21871,sv4-225,holofoil
21872,ex10-74,normal
21873,dp5-52,normal
21874,sv1-74,normal
21875,sv6pt5-5,normal
21879,ecard3-95,normal
21880,sv9-147,normal
21881,swsh8-22,holofoil
21882,col1-47,normal
21888,ecard2-36,normal
21890,sm11-217,holofoil
21893,sv8-63,normal
21894,sm4-3,normal
21895,sv4pt5-123,holofoil
21896,sv6-187,holofoil
21897,swsh10-39,holofoil
21900,sv10-28,normal
21901,svp-75,holofoil
21902,sm7-17,normal
21905,bw5-68,normal
21907,pop9-11,normal
21908,swsh1-5,normal
21910,sv2-74,normal
21911,gym1-10,unlimitedHolofoil
21914,xy2-67,normal
21916,sv1-192,normal
21917,ecard1-91,normal
21918,rsv10pt5-132,holofoil
21919,sv8pt5-109,normal
21921,dc1-5,holofoil
21922,sv4pt5-2,holofoil
21923,sm1-48,normal
21924,pop9-5,normal
21925,zsv10pt5-115,holofoil
21931,neo1-21,1stEdition
21932,swsh6-35,normal
21933,sm7-39,normal
21935,swsh10tg-TG18,holofoil
21936,sm8-210,holofoil
21937,xy1-70,normal
21939,sm9-113,holofoil
21942,ex5-44,normal
21943,swsh8-141,normal
21944,ex2-80,normal
21946,gym1-71,unlimited
21947,bw9-13,holofoil
21948,swsh12pt5-113,holofoil
21950,gym1-59,1stEdition
21952,pl1-91,normal
21953,bwp-BW89,holofoil
21954,swsh7-230,holofoil
21957,basep-19,normal
21958,dp5-41,normal
21960,sv5-152,holofoil
21961,xy6-8,normal
21963,swsh4-58,normal
21965,sv4pt5-75,holofoil
21966,ex6-56,normal
21967,gym2-28,unlimited
21971,ex10-5,holofoil
21973,swsh8-134,normal
21974,sv9-172,holofoil
21975,swsh8-10,normal
21978,swsh8-235,normal
21981,gym2-55,1stEdition
21982,swsh5-148,holofoil
21983,sm4-106,holofoil
21984,swshp-SWSH079,holofoil
21987,bw7-68,normal
21988,dp5-87,normal
21990,swsh9-1,normal
21991,gym1-37,1stEdition
21992,sv5-126,normal
21993,sv10-108,normal
21994,me1-138,holofoil
21996,swsh7-39,normal
21997,sm12-26,normal
22001,hgss3-34,normal
22002,base5-45,1stEdition
22003,sv1-127,normal
22004,xy1-113,normal
22005,ex2-21,normal
22008,swsh10tg-TG02,holofoil
22009,sv1-151,normal
22012,dp3-81,normal
22014,swsh12pt5gg-GG18,holofoil
22015,swsh12-203,holofoil
22019,sm4-90,holofoil
22021,gym1-15,unlimitedHolofoil
22023,swsh6-219,holofoil
22024,sv3-202,holofoil
22026,dp7-54,normal
22027,xy10-29,holofoil
22028,sm3-42,normal
22029,bw8-46,holofoil
22030,smp-SM19,holofoil
22031,sv8pt5-114,normal
22033,neo4-2,1stEditionHolofoil
22035,sm9-22,normal
22037,swsh1-204,holofoil
22038,neo4-87,1stEdition
22039,ex6-79,normal
22040,neo3-6,1stEditionHolofoil
22042,swsh2-30,normal
22044,sm1-64,normal
22045,bw4-65,normal
22046,pop6-9,normal
22048,sv9-141,normal
22050,cel25-11,holofoil
22052,xy5-47,normal
22053,sv3-178,normal
22054,xy4-4,normal
22058,swsh7-151,normal
22059,dp6-90,normal
22063,ex13-2,holofoil
22064,bw11-54,holofoil
22065,gym1-40,1stEdition
22066,dp6-52,normal
22067,neo3-63,unlimited
22068,ex7-37,normal
22069,ex1-31,normal
22072,sv3pt5-49,normal
22074,sm8-156,normal
22075,swsh3-40,normal
22079,neo4-35,unlimited
22080,sv8-207,holofoil
22081,swsh45sv-SV118,holofoil
22083,sm8-181,normal
22084,ex6-97,normal
22085,bw9-91,normal
22086,ex14-53,normal
22087,sv9-52,normal
22088,gym2-52,unlimited
22089,swsh7-94,holofoil
22090,swsh12-60,normal
22091,base2-40,1stEdition
22092,sv1-98,normal
22093,ex15-52,normal
22096,swsh8-74,normal
22101,hgss1-12,holofoil
22102,sv4-54,normal
22103,ex2-49,normal
22104,zsv10pt5-157,holofoil
22105,ex10-82,normal
22107,ecard2-18,normal
22108,sm6-11,holofoil
22109,rsv10pt5-5,holofoil
22110,sm11-253,holofoil
22111,bw8-15,normal
22113,swsh12-98,normal
22116,xy8-82,holofoil
22117,neo4-42,1stEdition
22120,swsh5-114,normal
22121,det1-5,holofoil
22122,zsv10pt5-2,normal
22123,sv4pt5-3,normal
22127,hgss1-98,normal
22130,sv8-74,normal
22131,xy5-126,normal
22132,base1-63,normal
22133,bw6-46,holofoil
22134,sm7-128,normal
22135,sv4pt5-228,holofoil
22136,neo1-86,unlimited
22137,ex12-64,normal
22138,bw7-94,holofoil
22139,sm8-64,normal
22140,sv6-54,normal
22141,sv1-118,holofoil
22144,swsh45sv-SV101,holofoil
22146,xy10-45,normal
22147,swsh11-185,holofoil
22149,base4-56,normal
22150,ecard1-100,normal
22152,sm4-21,normal
22153,neo4-67,1stEdition
22154,mcd11-1,holofoil
22155,me1-174,holofoil
22156,bw11-65,normal
22157,xy7-16,normal
22159,mcd21-2,holofoil
22162,sv4-110,normal
22163,neo1-54,unlimited
22164,rsv10pt5-39,normal
22165,sm7-64,normal
22166,swsh11tg-TG08,holofoil
22167,sm5-85,holofoil
22168,base6-90,normal
22169,sm8-131,normal
22171,sv9-175,holofoil
22172,swsh8-67,normal
22175,sv7-28,holofoil
22176,swsh9-117,normal
22177,sm3-122,normal
22179,xy7-44,normal
22181,sv4-147,normal
22185,sm5-48,holofoil
22187,pl1-25,normal
22188,xy9-111,normal
22190,basep-51,normal
22191,dp2-108,normal
22192,sm10-36,normal
22194,sv8pt5-159,holofoil
22195,swsh5-77,normal
22196,base1-75,normal
22197,bw1-64,normal
22198,g1-RC26,normal
22199,dp1-81,normal
22200,base6-96,normal
22203,pop3-11,normal
22208,ex12-67,normal
22209,swsh7-46,normal
22211,sm3-38,normal
22213,swshp-SWSH200,holofoil
22214,sv4pt5-21,normal
22217,neo4-40,unlimited
22218,ex7-34,normal
22220,bw6-81,holofoil
22221,ex10-94,normal
22223,pop3-5,normal
22224,swsh10-50,holofoil
22225,base3-41,unlimited
22226,bw4-60,normal
22229,sv9-138,normal
22231,xyp-XY115,holofoil
22234,neo1-77,1stEdition
22235,dp5-79,normal
22236,neo4-37,unlimited
22241,rsv10pt5-122,holofoil
22244,ex2-53,normal
22245,bw5-58,normal
22247,ex10-90,normal
22249,sv3pt5-39,normal
22251,swsh3-44,normal
22252,bw2-39,normal
22253,zsv10pt5-5,normal
22254,swsh3-152,normal
22255,dp2-111,normal
22256,bw2-29,normal
22259,xy3-66,normal
22260,pl4-56,normal
22263,neo4-61,unlimited
22264,bw11-24,holofoil
22265,xy1-40,normal
22266,neo1-33,1stEdition
22268,swsh2-43,holofoil
22271,ex4-6,holofoil
22272,swshp-SWSH245,holofoil
22273,sm1-94,normal
22276,bw2-38,normal
22277,sm9-62,normal
22282,sv6pt5-11,normal
22283,pl1-54,normal
22284,swsh12-148,normal
22285,ex12-63,normal
22287,zsv10pt5-102,holofoil
22288,pl3-87,normal
22290,sv7-50,normal
22291,xy6-79,normal
22292,swsh8-165,normal
22293,sm12-189,normal
22295,neo1-84,1stEdition
22296,pl4-44,normal
22297,sv5-19,normal
22298,ex9-58,normal
22299,me2-128,holofoil
22300,neo4-3,unlimitedHolofoil
22303,ex7-27,normal
22304,swsh5-171,holofoil
22306,xy11-18,normal
22307,ecard1-159,normal
22309,sm9-93,normal
22311,col1-86,normal
22312,swsh1-23,normal
22313,swsh9-162,holofoil
22314,swsh12pt5-155,holofoil
22316,sv4pt5-94,holofoil
22317,ex12-50,normal
22318,sm12-212,holofoil
22324,dp1-53,normal
22327,swsh35-59,normal
22331,sv8-166,normal
22333,swsh45sv-SV083,holofoil
22334,gym1-119,unlimited
22335,bw1-93,normal
22338,bw11-83,normal
22339,base5-6,1stEditionHolofoil
22341,bw2-75,normal
22342,sm7-73,normal
22343,bw4-30,normal
22347,sm8-221,holofoil
22349,pl1-113,normal
22353,swsh45-33,holofoil
22354,sv8pt5-152,holofoil
22355,swshp-SWSH272,holofoil
22357,swsh7-106,normal
22358,bw7-86,normal
22359,sm8-13,normal
22360,dp4-50,normal
22361,sm10-104,normal
22363,base1-88,normal
22365,bw9-65,normal
22367,swsh10-115,normal
22370,sv9-49,normal
22374,swsh12tg-TG18,holofoil
22375,bw2-14,normal
22377,sm1-3,normal
22378,neo4-94,1stEdition
22379,xy7-17,holofoil
22381,xy12-46,holofoil
22382,sv8-175,normal
22383,swsh35-70,holofoil
22384,base4-39,normal
22385,bw4-6,normal
22390,sm10-157,holofoil
22391,sv9-155,normal
22392,gym1-84,unlimited
22393,swsh12-50,normal
22394,neo4-46,1stEdition
22397,sm75-75,holofoil
22398,si1-18,normal
22399,swsh45-56,holofoil
22400,sv4pt5-231,holofoil
22403,smp-SM187,holofoil
22405,bw11-46,holofoil
22406,xy2-107,holofoil
22407,sv3-200,holofoil
22408,sm35-74,holofoil
22409,base2-37,unlimited
22410,sv10-205,holofoil
22411,base5-14,1stEditionHolofoil
22412,swsh8-133,normal
22413,bw1-34,normal
22417,hgss1-93,normal
22420,base6-93,normal
22421,xy8-54,holofoil
22424,bw11-81,normal
22427,ecard1-150,normal
22429,base2-42,unlimited
22430,sm11-40,normal
22433,swsh1-21,normal
22435,bw11-RC21,holofoil
22438,xy9-39,normal
22439,xy7-5,normal
22440,sm6-65,normal
22441,swsh12pt5-8,normal
22442,swsh12-161,normal
22443,sm10-219,holofoil
22447,ex8-25,normal
22448,pgo-49,holofoil
22450,bw9-12,normal
22451,sv7-93,normal
22454,ex9-73,normal
22455,swsh9-53,normal
22456,swsh7-25,normal
22459,sv10-229,holofoil
22460,sv5-44,normal
22461,ex11-112,holofoil
22462,sm9-92,normal
22463,ex5-75,normal
22464,sv8-187,normal
22465,ex15-51,normal
22466,swshp-SWSH050,holofoil
22467,sv8pt5-26,holofoil
22468,sv10-35,normal
22469,swsh45sv-SV107,holofoil
22471,ecard2-137,normal
22472,xy8-45,normal
22473,swsh2-202,holofoil
22474,pl2-99,normal
22478,sm12-32,normal
22479,dp5-62,normal
22480,bw8-1,normal
22481,swsh12-108,holofoil
22482,xy12-19,normal
22485,ex15-15,normal
22486,ecard3-3,normal
22489,dc1-6,holofoil
22491,sv8-155,normal
22492,ecard3-81,normal
22493,swsh5-94,normal
22494,g1-54,normal
22495,bw9-16,holofoil
22496,swsh3-92,normal
22497,sm5-124,normal
22500,col1-57,normal
22501,sm8-209,holofoil
22504,sv4pt5-115,holofoil
22505,xy12-57,normal
22506,ecard2-23,normal
22507,ex14-58,normal
22509,swsh11-215,holofoil
22515,sv4pt5-225,holofoil
22516,xy9-5,normal
22517,neo1-51,unlimited
22519,swsh10-74,normal
22520,base1-50,normal
22522,me2-81,normal
22524,swsh2-207,holofoil
22525,sma-SV32,holofoil
22527,ex13-110,holofoil
22529,sm1-61,holofoil
22531,swsh35-37,holofoil
22533,pop1-15,normal
22534,sv8-19,normal
22535,sv7-169,holofoil
22537,sm7-92,normal
22538,swsh5-60,normal
22539,sv6pt5-45,normal
22544,sv3-132,normal
22547,ex8-59,normal
22548,basep-49,normal
22549,swsh2-74,normal
22550,ex8-82,normal
22551,ex14-35,normal
22552,ecard3-123,normal
22555,swsh9-36,normal
22556,xy5-141,normal
22560,sv4-234,holofoil
22561,zsv10pt5-68,normal
22563,sv5-81,holofoil
22565,g1-44,normal
22566,base6-51,normal
22570,bw6-83,normal
22572,dp6-31,normal
22574,sm10-77,normal
22576,swshp-SWSH043,holofoil
22577,sm75-5,normal
22578,ex6-10,normal
22579,sv4pt5-122,holofoil
22580,xy2-68,holofoil
22581,rsv10pt5-66,normal
22582,sv3pt5-187,holofoil
22585,swsh8-107,holofoil
22586,ex1-57,normal
22587,sv2-38,normal
22588,swsh11-208,holofoil
22591,sv10-216,holofoil
22592,swsh3-76,normal
22593,xy12-76,normal
22595,ex10-9,holofoil
22596,sv10-7,normal
22597,swsh7-173,holofoil
22600,sv10-179,normal
22601,swsh45sv-SV082,holofoil
22603,swsh10-213,holofoil
22611,sm8-113,normal
22612,sma-SV94,holofoil
22613,swsh12-58,holofoil
22614,swsh4-184,holofoil
22615,gym2-15,1stEditionHolofoil
22616,sv8-46,normal
22617,swsh12-162,normal
22618,sm12-78,normal
22619,dc1-27,normal
22621,swsh5-86,holofoil
22623,gym2-28,1stEdition
22624,xy10-67,normal
22625,swsh12-39,normal
22627,sv10-190,holofoil
22629,xy8-61,holofoil
22630,sv3pt5-52,normal
22631,sv2-57,normal
22632,g1-13,holofoil
22633,hgss2-62,normal
22635,sv6-156,normal
22636,swsh10-205,holofoil
22637,sv8-15,normal
22638,dp7-12,normal
22641,bw1-26,holofoil
22643,pl3-78,normal
22645,swsh6-213,holofoil
22648,gym1-128,1stEdition
22654,sv8pt5-142,holofoil
22655,bw2-47,holofoil
22656,base1-86,normal
22658,swsh10-181,holofoil
22659,dp7-34,normal
22660,pl2-41,normal
22661,xy5-51,normal
22662,base6-37,normal
22663,bw11-43,holofoil
22664,zsv10pt5-44,holofoil
22665,sm9-196,holofoil
22666,pl4-53,normal
22667,ex13-25,normal
22670,bwp-BW32,holofoil
22671,neo4-107,unlimitedHolofoil
22672,ex7-40,normal
22674,xy2-28,normal
22675,neo4-47,1stEdition
22676,base6-88,normal
22677,dp7-56,normal
22679,bw3-48,normal
22682,ru1-12,normal
22686,me1-158,holofoil
22687,bwp-BW101,normal
22688,mcd22-5,holofoil
22690,g1-RC21,holofoil
22691,swsh1-75,holofoil
22694,sv8-91,holofoil
22695,swsh10-16,holofoil
22697,sv8pt5-95,normal
22698,sm11-110,normal
22700,pl4-86,normal
22702,sm35-18,normal
22703,zsv10pt5-17,normal
22704,swsh10-65,normal
22706,swsh10-155,normal
22707,bw9-119,holofoil
22708,pl4-3,holofoil
22709,me2-30,normal
22711,gym1-96,1stEdition
22713,sv6-197,holofoil
22714,sm10-196,holofoil
22715,me1-75,normal
22716,dp4-86,normal
22717,gym1-85,1stEdition
22719,xy6-49,normal
22720,ex7-77,normal
22721,det1-1,holofoil
22723,swshp-SWSH286,holofoil
22724,xyp-XY59,holofoil
22726,sm6-76,normal
22727,swsh6-121,normal
22728,sm8-10,normal
22729,bw5-103,holofoil
22730,swsh2-32,normal
22732,ex7-43,normal
22733,swsh6-70,normal
22735,cel25c-107_A,holofoil
22736,sv8-219,holofoil
22737,bw5-94,normal
22741,xyp-XY149,holofoil
22743,swsh12-27,normal
22744,rsv10pt5-155,holofoil
22745,bw6-62,normal
22748,neo1-75,1stEdition
22750,sv3pt5-125,normal
22751,pl1-118,normal
22752,gym1-49,1stEdition
22753,bw3-76,normal
22754,neo2-8,1stEditionHolofoil
22756,sv6-6,normal
22759,col1-45,normal
22760,sm5-44,normal
22761,bw5-9,normal
22764,sv3pt5-48,normal
22766,swsh12-131,holofoil
22767,mcd11-5,holofoil
22768,neo1-4,unlimitedHolofoil
22769,swsh2-10,normal
22770,swsh10-151,normal
22774,sv8-210,holofoil
22777,sv4-253,holofoil
22778,swsh6-198,holofoil
22779,bw11-72,holofoil
22780,xy12-39,normal
22783,dp2-74,normal
22786,xy5-79,normal
22787,smp-SM18,holofoil
22788,xy9-120,holofoil
22789,base2-61,unlimited
22790,swsh5-21,holofoil
22791,sm10-110,normal
22793,swsh6-17,normal
22794,gym1-120,1stEdition
22795,sm75-23,normal
22796,neo4-65,1stEdition
22797,dp2-37,normal
22798,sv3-122,normal
22802,pl1-112,normal
22803,sv10-121,normal
22804,sv4-255,holofoil
22806,sv8-191,holofoil
22807,xy9-110,normal
22809,bw8-52,normal
22810,sv5-85,normal
22812,svp-77,holofoil
22813,ex10-81,normal
22815,ex8-94,normal
22818,xy11-1,normal
22822,sm11-200,normal
22824,rsv10pt5-114,holofoil
22825,xy8-157,holofoil
22826,ex12-65,normal
22827,neo1-5,unlimitedHolofoil
22828,base6-6,holofoil
22830,swsh6-100,holofoil
22831,sm8-46,normal
22832,ex14-55,normal
22833,ex16-20,normal
22834,sv1-216,holofoil
22835,bw9-87,normal
22836,sm11-29,normal
22837,swsh9-58,normal
22838,swsh3-153,normal
22839,pl2-97,normal
22842,sv4-192,holofoil
22844,ex1-21,normal
22845,ecard2-60,normal
22849,ex8-21,normal
22850,swsh12pt5-137,normal
22851,ex13-100,holofoil
22852,dp3-43,normal
22855,base6-64,normal
22856,sv1-64,normal
22858,swsh7-6,normal
22862,sv8-133,holofoil
22863,bw4-18,normal
22864,ex5-70,normal
22866,dp2-122,holofoil
22869,swshp-SWSH106,holofoil
22870,swsh8-55,normal
22871,col1-53,normal
22872,sma-SV20,holofoil
22873,xy12-20,normal
22875,sv6-7,normal
22877,col1-31,normal
22879,sm115-48,holofoil
22884,dp2-51,normal
22885,sv8-228,holofoil
22886,pl3-118,normal
22887,me1-172,holofoil
22891,sv6-188,holofoil
22894,xy4-42,normal
22896,bw4-17,normal
22897,col1-18,holofoil
22900,swsh9-13,holofoil
22901,bw6-79,normal
22902,sv1-184,normal
22904,sv7-70,normal
22905,swsh12pt5gg-GG36,holofoil
22906,swsh12pt5-100,holofoil
22907,dp1-54,normal
22908,ex2-59,normal
22910,dp2-104,normal
22911,ecard2-32,normal
22912,dc1-9,normal
22914,swsh4-97,normal
22916,swsh12pt5-74,normal
22917,neo4-1,1stEditionHolofoil
22918,pop5-12,normal
22919,base2-3,unlimitedHolofoil
22920,sv10-167,normal
22921,ex13-67,normal
22922,bw5-5,normal
22923,sv10-94,normal
22924,dpp-DP23,holofoil
22925,mcd19-1,holofoil
22927,ex12-21,normal
22930,pl3-93,normal
22931,xy6-77,holofoil
22932,base1-23,normal
22933,sv8-75,normal
22934,swsh7-116,holofoil
22935,xy3-1,normal
22937,sv10-201,holofoil
22938,ecard1-59,normal
22941,swsh2-87,normal
22942,ecard1-124,normal
22943,ecard1-111,normal
22944,ex13-81,normal
22946,neo4-36,1stEdition
22947,ex13-26,normal
22950,neo4-81,1stEdition
22952,pl4-47,normal
22954,sma-SV59,holofoil
22956,sm12-38,holofoil
22958,me2-99,holofoil
22960,sv8pt5-40,holofoil
22962,sm35-35,holofoil
22963,sv4-121,holofoil
22964,pl3-110,normal
22967,sv4pt5-218,holofoil
22971,swsh7-53,normal
22974,bw6-25,normal
22976,sm5-5,normal
22977,pop2-1,normal
22978,swsh7-150,normal
22980,xy9-76,holofoil
22981,sm12-231,holofoil
22984,swsh12-109,normal
22986,zsv10pt5-37,normal
22987,bw9-117,holofoil
22988,xy7-1,normal
22989,sm2-158,holofoil
22990,sm75-49,normal
22993,svp-79,holofoil
22994,bw6-80,holofoil
22995,base2-59,unlimited
22996,sm8-107,normal
23000,swsh6-168,holofoil
23002,sv5-210,holofoil
23004,pl2-23,normal
23005,hgss1-50,normal
23007,hgss1-55,normal
23009,neo4-94,unlimited
23010,ecard3-92,normal
23011,xy1-18,normal
23013,dp7-31,normal
23014,neo1-110,1stEdition
23015,sv8-225,holofoil
23016,swsh45sv-SV072,holofoil
23017,pl4-69,normal
23018,xy5-40,normal
23020,dp3-96,normal
23022,gym1-66,1stEdition
23023,g1-RC24,holofoil
23024,ecard1-87,normal
23025,sv8-243,holofoil
23028,bw3-86,normal
23029,sv4pt5-74,normal
23030,dp6-82,normal
23031,ex11-50,normal
23033,swshp-SWSH271,holofoil
23034,svp-166,holofoil
23035,swsh5-83,normal
23036,sv5-203,holofoil
23037,swsh7-197,holofoil
23039,swsh1-100,normal
23040,pop5-7,normal
23043,sv7-136,holofoil
23044,sv4-139,holofoil
23045,swsh6-208,holofoil
23046,sm10-189,normal
23047,swsh45-20,normal
23048,ex5-90,normal
23049,me1-154,holofoil
23050,xy8-50,holofoil
23051,base6-36,normal
23054,me2-35,normal
23055,swshp-SWSH104,holofoil
23056,pl3-94,normal
23058,dp4-58,normal
23061,sv4pt5-91,normal
23063,zsv10pt5-136,holofoil
23064,swsh7-47,normal
23065,base5-80,unlimited
23066,swsh8-159,normal
23068,bw6-111,normal
23069,dp7-49,normal
23070,svp-155,holofoil
23071,xy2-58,normal
23072,swsh10-168,holofoil
23073,swsh10-69,holofoil
23075,bw3-34,holofoil
23076,sm12-2,normal
23077,sv9-74,normal
23080,dp2-76,normal
23081,sv5-113,normal
23082,sm8-89,normal
23083,sm7-25,normal
23087,sm11-87,normal
23089,base4-40,normal
23090,sv4pt5-176,holofoil
23091,sm8-230,holofoil
23093,svp-134,holofoil
23095,neo2-31,1stEdition
23096,swsh12pt5-112,normal
23098,neo3-54,1stEdition
23099,swsh8-33,normal
23100,xy2-97,normal
23101,swsh12pt5-148,holofoil
23102,swsh12-117,normal
23103,dp4-45,normal
23105,xy7-42,holofoil
23106,hgss4-56,normal
23107,col1-48,normal
23111,zsv10pt5-39,normal
23112,smp-SM203,holofoil
23115,xy12-62,holofoil
23117,pl1-111,normal
23119,me1-150,holofoil
23120,bw4-85,holofoil
23121,dc1-3,normal
23122,sm5-11,normal
23123,xy7-78,normal
23124,xy9-104,normal
23125,swshp-SWSH033,holofoil
23126,sv2-24,normal
23128,me2-113,holofoil
23130,dp5-20,normal
23131,swshp-SWSH138,holofoil
23132,smp-SM246,normal
23133,sv5-102,normal
23136,sv3-106,normal
23137,swsh12-143,normal
23138,swsh4-188,holofoil
23140,neo3-21,unlimited
23141,neo2-37,1stEdition
23143,bw5-85,normal
23144,ex12-53,normal
23146,sv4-13,normal
23147,bw3-91,normal
23148,gym2-73,1stEdition
23150,swsh10tg-TG29,holofoil
23151,bw10-25,normal
23152,swsh4-128,holofoil
23153,ex10-14,holofoil
23154,sv10-67,normal
23155,swsh2-134,normal
23156,np-31,holofoil
23157,swsh12-149,normal
23159,hgss1-102,normal
23160,neo1-62,1stEdition
23162,sm115-65,normal
23164,xy9-82,normal
23165,xy11-55,normal
23166,bwp-BW70,holofoil
23167,sm12-114,normal
23170,sv4pt5-154,holofoil
23172,sm2-114,normal
23173,ex4-28,normal
23175,bw7-61,normal
23177,det1-4,holofoil
23178,base6-70,normal
23181,sv8pt5-150,holofoil
23182,sm35-64,normal
23183,sm12-68,normal
23185,bw11-39,holofoil
23187,sv6-165,holofoil
23192,zsv10pt5-35,normal
23193,base6-15,holofoil
23195,ecard3-122,normal
23196,sv2-28,normal
23197,sm7-81,holofoil
23198,g1-RC2,normal
23200,swsh10tg-TG13,holofoil
23201,swsh7-163,normal
23204,sm2-112,normal
23205,base6-109,normal
23207,bw6-55,normal
23208,sv10-164,normal
23211,sv4-71,normal
23213,bw5-20,normal
23215,swsh4-17,normal
23217,xy9-29,normal
23218,swsh8-179,normal
23219,ex6-8,holofoil
23220,xy11-103,normal
23222,sv8pt5-138,holofoil
23223,pl1-85,normal
23224,xy6-12,normal
23225,pl3-71,normal
23226,base5-4,unlimitedHolofoil
23227,bw2-52,normal
23229,ex4-1,holofoil
23230,swsh8-190,normal
23231,ex1-88,normal
23232,mcd22-8,normal
23233,sv1-97,normal
23234,swsh12tg-TG05,holofoil
23236,swsh10-119,normal
23237,sm9-49,normal
23238,pop2-11,normal
23240,dp4-92,normal
23247,svp-5,holofoil
23248,neo4-92,1stEdition
23249,sm2-51,normal
23250,swsh35-27,holofoil
23251,rsv10pt5-117,holofoil
23253,xy8-81,normal
23255,swsh7-192,holofoil
23257,pl4-15,normal
23258,rsv10pt5-16,normal
23259,me2-124,holofoil
23261,dpp-DP28,holofoil
23262,dp2-21,normal
23263,dp3-74,normal
23264,base5-6,unlimitedHolofoil
23265,sv6-194,holofoil
23266,sm35-75,holofoil
23267,sm1-72,normal
23270,rsv10pt5-50,normal
23272,swsh8-242,normal
23274,dp1-16,holofoil
23275,sv9-85,holofoil
23276,swsh2-159,normal
23277,bwp-BW18,holofoil
23278,swsh45-11,normal
23279,smp-SM66,holofoil
23281,sv4pt5-142,holofoil
23282,xyp-XY190,holofoil
23285,ecard2-8,normal
23286,sm8-196,holofoil
23287,gym2-1,1stEditionHolofoil
23288,sv4pt5-53,holofoil
23289,hsp-HGSS06,holofoil
23290,neo2-55,1stEdition
23291,sm10-85,normal
23293,neo1-41,1stEdition
23295,sv10-189,holofoil
23299,ex5-18,normal
23300,xy1-78,normal
23301,hgss3-54,normal
23303,ex13-101,holofoil
23304,sm115-52,normal
23306,xy4-26,normal
23307,xy1-13,normal
23311,sm11-152,holofoil
23314,neo2-18,1stEdition
23315,sm2-111,normal
23316,sm11-192,normal
23317,sm7-65,normal
23320,bw7-133,normal
23322,xy0-7,normal
23323,neo4-38,unlimited
23326,bw9-80,normal
23330,sv8pt5-100,normal
23331,bw7-117,normal
23332,ex10-L,holofoil
23333,neo4-24,unlimited
23334,me1-135,holofoil
23335,dp5-77,normal
23336,swsh10-35,normal
23339,ex14-39,normal
23340,pop6-3,normal
23341,sv6-145,normal
23343,sv4-214,holofoil
23347,swsh35-13,holofoil
23349,xy1-77,normal
23351,zsv10pt5-125,holofoil
23353,sm11-46,normal
23354,sm5-99,normal
23359,sm4-120,holofoil
23360,ecard2-74,normal
23362,pop7-14,normal
23363,sv6pt5-69,holofoil
23366,swsh10-158,normal
23368,sv7-27,normal
23369,sv4-42,normal
23372,hgss1-71,normal
23373,ex4-23,normal
23375,sm3-66,normal
23376,base2-9,unlimitedHolofoil
23378,bw10-30,holofoil
23380,sv6pt5-3,normal
23383,sv1-203,holofoil
23386,ex9-46,normal
23387,sv10-42,holofoil
23389,ex12-1,holofoil
23390,dpp-DP18,holofoil
23391,dp1-40,normal
23393,sm11-85,normal
23395,swsh12tg-TG09,holofoil
23396,ex15-89,normal
23398,sv4-6,normal
23400,gym1-103,unlimited
23401,neo1-10,unlimitedHolofoil
23404,sm1-54,normal
23405,ex8-50,normal
23406,g1-4,normal
23408,xy8-105,normal
23409,smp-SM211,holofoil
23411,sv8-5,normal
23412,pop7-2,holofoil
23413,sv5-121,holofoil
23414,swsh4-34,normal
23416,sv3pt5-189,holofoil
23417,ex6-36,normal
23419,xy5-101,normal
23422,sv7-14,holofoil
23423,swsh12pt5-44,normal
23424,swsh10-169,holofoil
23425,col1-28,normal
23427,me1-164,holofoil
23429,swsh12-23,normal
23431,ex2-55,normal
23432,pl1-15,holofoil
23433,sm8-217,holofoil
23436,ex4-63,normal
23437,base3-51,1stEdition
23440,rsv10pt5-97,holofoil
23442,bw4-79,normal
23446,swsh45-29,normal
23447,neo2-59,1stEdition
23448,me1-112,normal
23451,swsh5-93,normal
23452,basep-5,normal
23453,gym1-14,unlimitedHolofoil
23455,svp-177,holofoil
23457,xy6-44,normal
23459,pop3-15,normal
23460,sv4-96,normal
23462,sm9-25,normal
23465,dp2-4,holofoil
23469,sv4pt5-175,holofoil
23471,xy4-48,normal
23472,sv6-192,holofoil
23473,xy11-30,normal
23474,swsh8-86,holofoil
23476,base2-4,1stEditionHolofoil
23477,base2-10,1stEditionHolofoil
23478,ex11-45,normal
23479,ecard2-89,normal
23482,sv8pt5-128,holofoil
23483,bw4-34,normal
23485,sm4-49,holofoil
23486,sm75-51,normal
23487,swsh1-61,normal
23488,sv4-189,holofoil
23492,hgss3-45,normal
23493,bwp-BW76,holofoil
23494,sv3-98,normal
23497,pop7-1,normal
23498,sv1-68,normal
23499,sm4-119,holofoil
23500,pl4-AR1,holofoil
23501,sm8-212,holofoil
23504,swsh2-47,normal
23507,sm11-41,normal
23508,dp6-18,normal
23509,ex2-44,normal
23511,dp7-2,holofoil
23512,bw9-60,normal
23513,mcd21-13,holofoil
23517,sm8-218,holofoil
23519,ex2-73,normal
23520,swsh4-76,normal
23521,sv8-193,holofoil
23522,sm6-71,normal
23523,base1-17,normal
23524,pl4-46,normal
23525,base5-63,unlimited
23526,dp3-27,normal
23527,hgss2-95,holofoil
23528,sm9-78,normal
23530,ex11-2,holofoil
23531,bw11-RC8,holofoil
23534,bw6-14,normal
23536,ex11-110,holofoil
23538,sm2-118,normal
23539,swsh7-30,holofoil
23540,bw5-75,normal
23543,swsh8-186,normal
23546,bw8-76,normal
23549,sv4pt5-89,normal
23550,swsh1-134,normal
23551,swsh11-198,holofoil
23553,sv1-140,normal
23555,sv7-102,normal
23557,sv6-58,normal
23563,dp6-102,normal
23564,hgss1-75,normal
23565,svp-151,holofoil
23566,dp3-58,normal
23567,sv4pt5-146,holofoil
23569,swsh9-122,holofoil
23570,sv3-109,normal
23574,ex8-36,normal
23575,sv3pt5-197,holofoil
23577,sm12-194,normal
23578,ecard1-78,normal
23579,swsh12pt5-141,normal
23583,xy8-35,holofoil
23584,bw1-2,normal
23585,ex10-87,normal
23586,xy7-29,normal
23587,xy1-63,normal
23589,sm11-45,normal
23590,pl3-77,normal
23592,swsh12pt5-114,holofoil
23593,ecard1-62,normal
23594,sm12-12,normal
23595,zsv10pt5-105,holofoil
23597,swsh5-57,normal
23598,neo4-22,unlimited
23599,swsh9-88,holofoil
23600,swsh8-130,holofoil
23601,dp3-119,normal
23602,sm35-57,holofoil
23603,sm12-162,normal
23604,sm4-73,holofoil
23607,ex11-56,normal
23608,rsv10pt5-57,normal
23610,ecard2-73,normal
23611,ex5-48,normal
23613,xy6-47,normal
23614,pop4-10,normal
23615,rsv10pt5-163,holofoil
23619,swsh8-168,normal
23620,bw4-29,normal
23621,sv8pt5-14,holofoil
23623,sv8-229,holofoil
23624,sv3pt5-120,normal
23626,ex8-68,normal
23627,me2-24,normal
23628,swsh8-48,normal
23631,base3-38,unlimited
23633,swsh5-27,normal
23636,sm10-223,holofoil
23637,dp2-114,normal
23639,sv6-193,holofoil
23640,swsh10tg-TG06,holofoil
23643,hgss2-2,holofoil
23644,ex14-79,normal
23645,sm8-52,holofoil
23646,me2-2,normal
23647,base3-29,unlimited
23651,dp2-68,normal
23653,ecard3-7,normal
23656,xy10-57,normal
23657,swsh10-137,normal
23658,sv9-133,normal
23659,ex5-78,normal
23660,swshp-SWSH285,holofoil
23661,dp1-30,normal
23662,dp5-76,normal
23663,ex6-112,holofoil
23664,ex11-54,normal
23665,bw9-34,normal
23666,pop5-1,holofoil
23667,ex7-89,normal
23670,sv5-179,holofoil
23671,sm115-7,normal
23672,dp3-8,holofoil
23674,sv9-2,normal
23677,neo1-67,unlimited
23678,sv8-148,normal
23680,base1-54,normal
23681,sv4pt5-61,normal
23684,cel25-16,holofoil
23686,base4-18,holofoil
23687,sv9-107,holofoil
23688,swsh12-155,normal
23689,sm1-74,normal
23690,sm5-80,normal
23692,sv5-78,holofoil
23693,pl3-116,normal
23695,hgss1-87,normal
23696,xy8-26,normal
23698,sv6pt5-77,holofoil
23700,swshp-SWSH178,holofoil
23702,ex13-52,normal
23704,swsh8-193,normal
23705,me2-75,normal
23707,sm10-206,holofoil
23709,bw5-109,holofoil
23710,sv8pt5-120,normal
23711,swsh1-101,normal
23712,sv2-3,holofoil
23714,swsh45sv-SV056,holofoil
23724,base4-27,normal
23725,pop2-14,normal
23727,mcd19-5,holofoil
23731,rsv10pt5-11,normal
23732,sv6pt5-26,normal
23734,sv3pt5-95,normal
23735,ex11-23,normal
23737,swsh1-162,normal
23740,swsh10-133,holofoil
23745,sm12-5,normal
23746,swsh6-129,normal
23747,zsv10pt5-98,holofoil
23750,base5-5,1stEditionHolofoil
23752,sv8-227,holofoil
23753,swsh8-7,normal
23755,bw3-52,normal
23756,dp2-19,normal
23759,swsh45sv-SV022,holofoil
23760,bw5-77,holofoil
23762,swsh4-14,normal
23763,ex16-8,holofoil
23764,swsh12pt5gg-GG35,holofoil
23765,sv4-186,holofoil
23766,sv1-165,normal
23769,ex3-91,holofoil
23772,me2-91,normal
23773,sv6-217,holofoil
23774,smp-SM62,holofoil
23775,sm11-82,normal
23776,sv9-27,normal
23778,dp5-86,normal
23779,sv7-35,normal
23780,me2-48,normal
23781,gym2-5,unlimitedHolofoil
23782,xy8-155,holofoil
23784,sv8pt5-89,normal
23785,gym1-100,1stEdition
23786,ex13-92,normal
23787,swsh45sv-SV098,holofoil
23789,neo4-42,unlimited
23791,smp-SM41,holofoil
23792,swsh8-250,holofoil
23793,pl1-6,holofoil
23797,base5-10,unlimitedHolofoil
23799,neo2-57,1stEdition
23800,base5-25,1stEdition
23801,sm10-173,normal
23802,pl3-47,normal
23804,bw1-44,normal
23806,sm10-227,holofoil
23807,swsh9-177,holofoil
23808,xy2-54,normal
23810,swsh12-167,normal
23811,sv10-141,normal
23812,swsh35-72,holofoil
23813,swshp-SWSH040,holofoil
23814,svp-66,holofoil
23817,sv6-14,normal
23818,bw8-126,normal
23819,xy8-21,holofoil
23821,hgss4-6,holofoil
23822,sv8pt5-47,normal
23823,sv1-80,holofoil
23825,dp6-41,normal
23826,ex10-43,normal
23827,me2-84,holofoil
23829,xy9-88,normal
23830,swsh3-123,holofoil
23832,xy2-42,normal
23833,sv3-61,normal
23835,basep-23,normal
23836,sv8pt5-41,holofoil
23837,swshp-SWSH297,holofoil
23838,bw2-45,normal
23839,sv8-21,normal
23841,hgss1-7,holofoil
23842,sm3-92,normal
23843,neo2-15,1stEditionHolofoil
23844,sv8-52,normal
23845,sm8-56,normal
23848,gym1-20,1stEdition
23851,sm7-82,holofoil
23852,xy11-26,holofoil
23853,gym1-65,unlimited
23856,gym1-109,1stEdition
23858,ecard2-H20,holofoil
23860,sv3pt5-200,holofoil
23861,swsh8-136,normal
23862,sm1-160,holofoil
23863,me2-17,holofoil
23865,bw7-122,holofoil
23867,dp6-48,normal
23868,dp6-42,normal
23870,dp1-72,normal
23871,me1-109,normal
23872,sm115-40,normal
23875,me2-58,normal
23877,hgss1-16,normal
23879,swsh4-51,normal
23880,sv5-89,normal
23881,sv3-124,holofoil
23883,neo4-41,unlimited
23884,me1-81,normal
23886,sv8pt5-76,holofoil
23888,pl4-40,normal
23889,ex10-53,normal
23890,ecard3-H26,holofoil
23892,sm1-55,normal
23893,ecard3-94,normal
23894,sv4pt5-59,holofoil
23895,sv5-4,normal
23896,bw7-114,normal
23900,sv6-17,normal
23901,sm11-195,normal
23902,gym2-20,1stEditionHolofoil
23903,smp-SM233,holofoil
23904,swsh12-17,normal
23907,sv5-115,normal
23910,sm1-47,normal
23914,bw6-73,normal
23917,xy2-43,normal
23919,swsh45-63,normal
23921,swshp-SWSH051,holofoil
23922,xy10-96,normal
23923,xy8-78,normal
23926,swsh1-62,normal
23928,rsv10pt5-164,holofoil
23932,sma-SV64,holofoil
23934,sv8-178,normal
23936,swsh12pt5gg-GG53,holofoil
23938,swsh45sv-SV027,holofoil
23939,ex16-91,normal
23940,gym1-51,1stEdition
23943,hgss1-74,normal
23944,dp2-22,normal
23945,swsh7-182,holofoil
23946,neo4-95,unlimited
23948,ex16-43,normal
23949,zsv10pt5-163,holofoil
23950,sv3-222,holofoil
23951,swsh4-157,normal
23952,neo4-79,1stEdition
23953,bw8-57,normal
23954,swshp-SWSH218,holofoil
23955,swsh1-205,holofoil
23956,ex6-11,holofoil
23957,swsh12pt5gg-GG62,holofoil
23958,sv3pt5-28,normal
23960,swsh3-200,holofoil
23961,swsh12-8,holofoil
23963,swsh12-88,normal
23964,swsh3-184,holofoil
23967,sm1-159,holofoil
23968,xyp-XY31,holofoil
23969,neo4-71,1stEdition
23972,sm7-131,normal
23974,swsh6-136,normal
23976,xy5-84,normal
23977,ex15-67,normal
23981,sv6pt5-44,normal
23982,gym2-112,1stEdition
23984,sv1-84,normal
23985,xy4-60,normal
23986,bw6-11,normal
23987,xy0-35,normal
23988,ex5-52,normal
23991,sm8-191,holofoil
23993,sv4pt5-51,normal
23997,pgo-32,normal
23998,swsh2-70,holofoil
23999,sv7-130,normal
24001,gym1-14,1stEditionHolofoil
24004,ex11-92,normal
24005,sv1-124,holofoil
24009,zsv10pt5-42,normal
24010,swsh9-34,normal
24011,swsh35-50,normal
24012,swsh45-73,holofoil
24013,pl3-45,normal
24014,sv6-129,normal
24015,pgo-25,normal
24016,ex6-91,normal
24018,sv6-179,holofoil
24023,sv8pt5-77,normal
24026,sv4-33,normal
24029,sm1-101,normal
24032,sm115-54,normal
24033,ex12-47,normal
24034,sv3-174,normal
24040,sv5-77,normal
24041,mcd12-5,holofoil
24042,sv3pt5-4,normal
24044,ecard3-82,normal
24046,sma-SV80,holofoil
24048,sv8-250,holofoil
24052,swsh4-181,holofoil
24055,xyp-XY69,holofoil
24057,gym1-78,unlimited
24058,xy6-28,normal
24059,sv5-11,normal
24060,gym1-46,1stEdition
24061,me1-162,holofoil
24062,swsh12pt5-116,holofoil
24064,bw8-66,holofoil
24065,sm10-234,holofoil
24066,bw8-95,holofoil
24067,base5-71,1stEdition
24069,pgo-34,normal
24073,ex9-60,normal
24075,sv4pt5-113,holofoil
24078,swsh8-272,holofoil
24079,swsh3-180,holofoil
24081,swsh12-37,normal
24082,bw1-98,normal
24083,cel25-17,holofoil
24084,ex5-57,normal
24085,sv7-51,holofoil
24089,bw11-59,normal
24091,swsh45-32,normal
24092,sv10-74,normal
24094,neo3-42,1stEdition
24095,dc1-32,normal
24096,sma-SV79,holofoil
24099,sv1-191,normal
24100,ecard2-59,normal
24102,dp6-119,normal
24103,smp-SM220,holofoil
24104,base2-29,1stEdition
24106,xy4-46,normal
24107,gym2-125,1stEdition
24109,sv6-81,normal
24110,sv5-173,holofoil
24111,bw4-46,holofoil
24114,me1-159,holofoil
24115,swsh3-86,normal
24118,swsh5-25,holofoil
24122,dp2-84,normal
24125,swsh10-187,holofoil
24128,rsv10pt5-169,holofoil
24129,sv9-148,normal
24130,swsh10-49,holofoil
24131,xyp-XY46,holofoil
24132,sm3-157,holofoil
24135,sv9-157,normal
24136,neo4-1,unlimitedHolofoil
24137,bw6-60,normal
24139,ex9-8,normal
24140,sv10-87,normal
24144,sv1-237,holofoil
24146,sv10-169,normal
24158,ex5-56,normal
24159,xy3-25,normal
24160,dp4-24,normal
24161,sm12-190,normal
24162,ex2-60,normal
24166,ex10-A,holofoil
24167,ecard3-78,normal
24168,pop1-1,normal
24170,sv4-86,normal
24173,dp4-39,normal
24174,swshp-SWSH198,holofoil
24175,xy5-106,holofoil
24177,basep-11,holofoil
24186,xy11-44,normal
24188,xy11-27,normal
24189,xy12-49,normal
24190,sv6-148,normal
24194,sv4-219,holofoil
24196,sv1-65,holofoil
24198,ex6-77,normal
24199,neo3-60,unlimited
24200,pop8-5,normal
24202,sv10-6,normal
24203,swsh7-63,holofoil
24207,pl2-89,normal
24208,sm5-14,normal
24213,g1-34,normal
24216,swsh35-62,holofoil
24217,sv4-16,normal
24220,ecard3-64,normal
24221,neo4-95,1stEdition
24222,bw11-58,normal
24223,ex4-41,normal
24228,bw5-63,holofoil
24231,sm4-59,normal
24232,base4-20,holofoil
24233,col1-60,normal
24234,ex11-41,normal
24238,ex11-8,holofoil
24239,svp-164,holofoil
24241,xy12-95,normal
24242,base2-49,1stEdition
24243,sv2-75,normal
24246,swsh4-113,normal
24247,gym1-39,1stEdition
24248,sv3pt5-2,normal
24249,base5-12,1stEditionHolofoil
24251,ex1-60,normal
24254,swsh12pt5-160,holofoil
24255,swsh35-80,holofoil
24256,sv5-52,normal
24258,sv4-229,holofoil
24259,swsh10-150,normal
24260,sv10-80,normal
24261,sv9-55,holofoil
24263,sv8pt5-11,holofoil
24264,swsh5-140,normal
24266,sv4-24,normal
24268,bw3-39,normal
24269,swsh10-116,normal
24273,ex1-106,normal
24275,sv4-98,holofoil
24276,xy9-48,normal
24277,base2-21,1stEdition
24278,xy9-20,normal
24279,dp1-45,normal
24280,sv8-162,holofoil
24281,xyp-XY57,holofoil
24282,zsv10pt5-65,normal
24283,swsh10-99,holofoil
24285,neo2-7,unlimitedHolofoil
24286,sv8pt5-73,holofoil
24288,swsh45-28,normal
24289,ex5-40,normal
24290,xy6-48,normal
24295,xy10-107,normal
24296,ex5-5,holofoil
24298,hgss2-63,normal
24299,dp3-50,normal
24302,swshp-SWSH153,holofoil
24304,ecard3-43,normal
24306,sm10-61,holofoil
24307,swsh6-204,holofoil
24309,sv6pt5-37,holofoil
24310,sv2-63,holofoil
24311,swsh12tg-TG25,holofoil
24312,zsv10pt5-153,holofoil
24314,sm10-43,holofoil
24315,sm9-58,normal
24316,swsh7-79,normal
24319,sv8pt5-144,holofoil
24320,sv5-208,holofoil
24321,sm3-54,normal
24322,ex2-30,normal
24325,sv3pt5-53,normal
24326,swsh3-181,holofoil
24327,sv1-142,holofoil
24328,sm11-125,holofoil
24330,me1-137,holofoil
24331,sm12-48,normal
24332,bw1-40,normal
24333,swsh45sv-SV052,holofoil
24334,swsh11tg-TG03,holofoil
24335,pl2-20,normal
24338,swsh8-218,holofoil
24341,sm2-20,normal
24342,g1-25,holofoil
24343,ex4-82,normal
24344,swsh2-133,normal
24345,sv2-76,holofoil
24346,sv10-47,normal
24347,sv2-111,normal
24348,bw9-69,normal
24349,swsh7-193,holofoil
24350,xy1-136,normal
24351,rsv10pt5-44,normal
24353,sv2-117,holofoil
24355,swsh35-45,normal
24359,sv8pt5-36,normal
24360,base2-5,1stEditionHolofoil
24361,sv5-144,normal
24362,sm12-79,normal
24364,sv1-91,normal
24365,swsh7-168,holofoil
24367,swsh2-9,normal
24369,pl2-75,normal
24370,zsv10pt5-77,normal
24371,dp4-46,normal
24372,swsh6-55,normal
24375,svp-9,holofoil
24376,sv6-186,holofoil
24377,swsh5-141,normal
24379,ex7-78,normal
24380,base4-29,normal
24381,sm11-198,normal
24383,swsh8-38,normal
24385,sv4pt5-178,holofoil
24386,sv4pt5-172,holofoil
24387,ex13-1,holofoil
24388,bw2-66,normal
24389,ex2-46,normal
24390,swsh10-111,normal
24391,swsh3-103,normal
24392,smp-SM16,holofoil
24393,sm12-196,normal
24394,zsv10pt5-154,holofoil
24396,sv9-103,normal
24398,ex12-56,normal
24399,sm11-20,normal
24402,g1-58,normal
24404,sm4-47,holofoil
24405,swsh45-69,holofoil
24406,ex9-70,normal
24408,swsh2-37,normal
24409,bw7-118,normal
24410,zsv10pt5-82,normal
24411,ex6-8,normal
24412,sv8-116,normal
24416,swshp-SWSH093,holofoil
24418,zsv10pt5-91,holofoil
24420,sm8-180,holofoil
24422,sv3-89,normal
24423,swsh1-82,normal
24424,swsh10-180,holofoil
24426,swsh5-88,holofoil
24428,ecard3-15,normal
24430,zsv10pt5-162,holofoil
24431,sv6-136,normal
24434,dp7-76,normal
24435,svp-53,holofoil
24436,swsh9-96,holofoil
24438,ecard3-56,normal
24440,swsh45sv-SV061,holofoil
24441,swsh9-19,normal
24442,swsh4-106,holofoil
24443,gym1-98,unlimited
24445,bw10-13,normal
24446,base4-78,normal
24447,swsh6-12,normal
24448,base4-75,normal
24449,svp-52,holofoil
24451,swsh1-84,normal
24453,swsh7-49,normal
24454,swsh6-138,normal
24455,bw11-17,normal
24456,bw8-108,holofoil
24457,sv1-11,normal
24459,ex8-15,holofoil
24461,svp-147,holofoil
24462,cel25-9,holofoil
24463,xyp-XY51,holofoil
24467,sm7-13,normal
24468,sv7-133,normal
24469,sv2-60,holofoil
24470,dp7-1,holofoil
24474,sm11-175,normal
24475,ecard1-10,holofoil
24478,sm3-67,holofoil
24479,bw7-42,normal
24481,swsh2-72,holofoil
24485,dv1-16,holofoil
24487,ex14-42,normal
24489,hgss4-93,holofoil
24490,sm10-121,normal
24491,base2-9,1stEditionHolofoil
24492,ex11-7,holofoil
24494,sma-SV60,holofoil
24495,swsh12-51,normal
24496,sm4-36,normal
24497,ex11-40,normal
24498,swsh6-203,holofoil
24499,base6-33,normal
24504,xyp-XY49,holofoil
24505,ex3-71,normal
24506,base1-55,normal
24507,swsh5-103,normal
24510,sv6-76,normal
24511,sm115-37,normal
24512,sv8pt5-46,holofoil
24513,sv9-60,normal
24515,ex6-74,normal
24517,hgss1-42,normal
24518,bw2-18,normal
24522,sv7-101,holofoil
24523,sv3pt5-37,normal
24524,sm8-151,holofoil
24525,swsh12pt5-131,normal
24527,xyp-XY29,holofoil
24530,sv4-263,holofoil
24533,swsh10-212,holofoil
24535,sm4-48,normal
24536,bw7-66,normal
24537,dc1-19,normal
24540,swshp-SWSH127,holofoil
24541,swsh7-3,normal
24543,ecard1-105,normal
24544,ex12-86,holofoil
24545,xy11-54,normal
24546,sm11-128,normal
24548,ex10-58,normal
24551,pop6-12,normal
24553,sm35-4,normal
24556,base2-35,unlimited
24557,sm6-117,holofoil
24558,xy12-79,normal
24559,bw1-56,normal
24563,swsh10-61,normal
24564,pop9-2,holofoil
24565,xy2-76,normal
24568,pgo-18,holofoil
24569,swsh8-150,normal
24570,sm11-126,holofoil
24572,xyp-XY61,holofoil
24573,xy7-62,normal
24574,sv10-115,normal
24576,svp-125,holofoil
24579,sv10-60,normal
24581,smp-SM55,holofoil
24583,sv9-146,normal
24584,swsh8-68,normal
24585,ex12-87,holofoil
24586,rsv10pt5-126,holofoil
24589,sm12-254,holofoil
24590,sm4-35,normal
24591,swsh9-32,normal
24593,sm7-48,holofoil
24594,swsh35-29,normal
24597,bw6-52,holofoil
24598,sv1-104,normal
24599,dp2-75,normal
24600,bw7-45,normal
24601,sm8-58,normal
24602,ex4-44,normal
24603,sm35-14,holofoil
24604,sv4-63,normal
24605,ex13-42,normal
24606,swshp-SWSH160,holofoil
24607,base4-37,normal
24610,swsh35-26,holofoil
24611,sv4pt5-174,holofoil
24614,xyp-XY32,holofoil
24615,dp2-9,holofoil
24616,swsh8-90,normal
24617,xy1-111,normal
24618,bw4-16,normal
24621,bw5-43,normal
24622,sm3-148,holofoil
24623,ex15-73,normal
24624,bw3-74,holofoil
24625,swsh1-70,normal
24626,swsh5-2,normal
24627,ex6-98,normal
24628,dp3-33,normal
24630,sv8-29,normal
24631,base5-82,1stEdition
24632,gym2-121,1stEdition
24633,xy7-12,holofoil
24634,zsv10pt5-4,normal
24635,sv8-137,normal
24637,sv8-3,normal
24641,xyp-XY27,holofoil
24644,dp3-98,normal
24646,ex1-41,normal
24647,basep-12,normal
24648,ex15-84,normal
24649,sm5-69,normal
24651,dpp-DP41,holofoil
24652,sm2-91,normal
24653,swsh5-156,holofoil
24654,mcd11-6,holofoil
24655,sv8-186,holofoil
24657,swsh11tg-TG12,holofoil
24658,gym2-66,unlimited
24659,swsh35-71,holofoil
24660,ex7-93,normal
24661,bw3-62,normal
24662,dp7-33,normal
24663,sm11-216,holofoil
24664,hgss4-97,holofoil
24666,sv8-37,holofoil
24667,swsh1-79,holofoil
24668,swsh5-1,normal
24669,ex16-17,normal
24670,sma-SV21,holofoil
24671,ecard3-44,normal
24673,mcd22-4,holofoil
24676,bw5-55,normal
24679,swsh4-44,holofoil
24681,swsh9-35,normal
24682,ex1-18,normal
24684,xy12-24,normal
24686,dp4-64,normal
24687,gym2-72,1stEdition
24688,xy10-58,normal
24690,swshp-SWSH241,holofoil
24691,sm1-80,holofoil
24692,ecard2-28,normal
24693,dp6-101,normal
24694,swsh1-20,normal
24695,sv9-39,normal
24700,xy8-110,normal
24702,xy3-26,normal
24704,ecard2-15,normal
24705,ecard2-13,normal
24706,ex2-14,holofoil
24707,sv7-164,holofoil
24710,hgss4-60,normal
24713,sm11-74,normal
24714,bw2-1,normal
24715,sv1-95,normal
24716,dp3-42,normal
24718,ecard2-134,normal
24719,bwp-BW59,holofoil
24721,bw5-30,normal
24722,sv8-17,normal
24726,dp6-113,normal
24728,swsh12pt5-82,normal
24729,dp2-52,normal
24730,sv1-125,holofoil
24731,swshp-SWSH168,holofoil
24733,ex9-55,normal
24734,xy5-42,normal
24736,bwp-BW73,holofoil
24740,dpp-DP15,holofoil
24741,sm9-117,normal
24744,sm6-143,holofoil
24745,sm8-202,holofoil
24747,pl2-80,normal
24749,sv10-39,holofoil
24750,sv8pt5-177,holofoil
24753,xy8-17,normal
24754,dv1-9,holofoil
24756,svp-121,holofoil
24758,sm7-112,normal
24759,smp-SM34,holofoil
24763,sm6-9,normal
24764,swsh6-131,normal
24768,sv3pt5-79,normal
24769,sm10-195,holofoil
24770,sm1-42,holofoil
24772,neo4-43,unlimited
24773,dp6-19,normal
24774,swsh12-99,normal
24775,ex6-76,normal
24776,bw1-74,normal
24777,xyp-XY104,holofoil
24781,dp6-120,normal
24782,ex7-74,normal
24784,pop8-10,normal
24785,swsh12-150,normal
24786,sv6-209,holofoil
24787,dp2-49,normal
24788,sm12-50,normal
24789,swsh5-76,normal
24791,ex13-82,normal
24794,sv5-21,holofoil
24795,swsh45sv-SV018,holofoil
24796,sv9-13,normal
24797,sv5-176,holofoil
24798,swsh12tg-TG20,holofoil
24799,sm12-242,holofoil
24804,me2-36,holofoil
24806,swsh45-21,holofoil
24807,ex16-59,normal
24808,sm5-29,normal
24814,sv6-114,normal
24817,xy10-47,normal
24818,dp4-101,normal
24820,sv1-148,normal
24825,swsh4-159,normal
24826,pop9-5,holofoil
24827,swsh8-26,holofoil
24828,dp7-53,normal
24829,sv4pt5-239,holofoil
24830,ex9-88,normal
24831,xy11-93,normal
24835,base6-24,normal
24836,xy1-76,normal
24837,ex15-38,normal
24838,sm75-41,holofoil
24840,dp6-46,normal
24841,g1-31,normal
24845,swsh2-113,holofoil
24846,swsh3-8,normal
24847,sm12-83,normal
24849,ex6-1,normal
24850,mcd21-10,holofoil
24852,sm10-232,holofoil
24854,ex4-95,holofoil
24855,xy5-68,normal
24857,sv8pt5-64,holofoil
24858,dp2-44,normal
24860,swsh12-144,normal
24861,xy3-111,holofoil
24862,dp3-21,normal
24864,swsh45-10,holofoil
24865,bw6-57,normal
24866,sv1-9,normal
24867,pl1-116,normal
24868,sm5-94,normal
24873,mcd21-24,normal
24875,rsv10pt5-24,normal
24876,pl2-91,normal
24877,sv1-103,normal
24878,pgo-26,holofoil
24879,gym2-101,1stEdition
24881,xy6-27,normal
24882,sv8pt5-48,normal
24883,swsh6-30,normal
24886,mcd21-14,holofoil
24888,ex16-41,normal
24889,gym1-46,unlimited
24890,sma-SV15,holofoil
24891,sv3pt5-81,normal
24892,swshp-SWSH037,holofoil
24896,rsv10pt5-15,normal
24897,xy9-46,normal
24899,sm11-77,normal
24900,swsh45sv-SV038,holofoil
24902,sm11-197,normal
24905,swsh6-81,normal
24907,swsh7-132,normal
24909,xy6-41,normal
24910,swsh12-36,holofoil
24912,hgss2-69,normal
24913,bw6-51,normal
24914,xyp-XY48,holofoil
24915,sm1-73,normal
24916,xy5-93,holofoil
24917,pl1-78,normal
24918,sv4-184,holofoil
24919,smp-SM239,holofoil
24920,ecard1-83,normal
24921,dp6-91,normal
24923,sv4-152,normal
24925,sm6-70,normal
24926,swshp-SWSH243,holofoil
24927,g1-RC9,normal
24928,xy10-9,normal
24931,sv8-109,normal
24932,swshp-SWSH052,holofoil
24933,swsh45-37,holofoil
24934,neo1-87,unlimited
24937,xyp-XY192,holofoil
24938,xy7-23,normal
24939,xy9-121,holofoil
24940,ex2-74,normal
24941,svp-149,holofoil
24942,swsh10-18,holofoil
24943,swsh7-164,normal
24944,swsh5-167,holofoil
24945,swsh45sv-SV116,holofoil
24946,sv3-72,holofoil
24947,swshp-SWSH149,holofoil
24948,sv4pt5-229,holofoil
24949,g1-83,normal
24951,dp3-19,holofoil
24955,sm3-36,normal
24957,sv1-105,normal
24959,dp5-2,holofoil
24960,ex8-96,holofoil
24961,ex2-11,holofoil
24962,sv6pt5-9,normal
24965,swsh2-190,holofoil
24966,base3-52,1stEdition
24967,ex16-7,holofoil
24968,swsh9-81,normal
24970,dp1-60,normal
24972,swsh2-81,normal
24974,dp1-58,normal
24975,ex8-83,normal
24976,sv10-224,holofoil
24977,sv3-166,normal
24978,swsh11-217,holofoil
24979,bwp-BW40,holofoil
24981,zsv10pt5-168,holofoil
24983,ex14-10,holofoil
24984,hgss1-61,normal
24986,sv1-75,normal
24987,swsh9-175,holofoil
24991,sm2-156,holofoil
24992,hgss4-66,normal
24993,rsv10pt5-173,holofoil
24994,swsh12pt5-109,normal
24996,sv10-217,holofoil
24997,swsh6-14,normal
24999,swsh6-95,normal
25000,sm4-64,normal
25002,pgo-38,normal
25004,base1-68,normal
25006,swsh12pt5-48,normal
25007,swsh8-49,normal
25008,sm2-39,normal
25009,me2-45,holofoil
25014,ex5-55,normal
25016,swsh12pt5-46,holofoil
25019,bw5-19,normal
25020,sv5-43,normal
25022,swsh3-78,normal
25024,sv10-23,holofoil
25025,mcd21-19,normal
25026,swsh6-218,holofoil
25029,base4-94,normal
25030,sm11-10,normal
25031,sv6pt5-42,holofoil
25032,swsh11tg-TG24,holofoil
25034,me1-71,normal
25035,swsh6-187,holofoil
25036,bw9-58,normal
25041,zsv10pt5-83,normal
25042,mcd21-6,normal
25043,ex4-12,holofoil
25044,sv4pt5-107,holofoil
25045,sv8-237,holofoil
25046,xy12-40,normal
25048,ex10-41,normal
25051,sv4-123,holofoil
25052,ecard3-65,normal
25056,swsh5-157,holofoil
25057,swsh6-51,normal
25059,swsh12-213,holofoil
25060,sm11-15,normal
25061,sv4-187,holofoil
25062,bw4-62,normal
25063,me2-39,normal
25065,bw11-97,normal
25066,swsh2-56,normal
25067,sv6pt5-23,normal
25069,bw1-79,normal
25070,swsh9-40,holofoil
25072,neo1-42,unlimited
25073,bw11-41,normal
25075,neo4-28,1stEdition
25076,zsv10pt5-94,holofoil
25077,sv3pt5-191,holofoil
25079,xy6-62,holofoil
25082,zsv10pt5-150,holofoil
25083,bw3-7,normal
25085,sm7-80,normal
25086,neo2-28,1stEdition
25087,sv5-7,normal
25089,zsv10pt5-51,normal
25090,sm2-88,normal
25091,smp-SM169,holofoil
25093,neo3-40,1stEdition
25094,ex15-82,normal
25097,sv4-136,holofoil
25098,sv4-159,normal
25099,swshp-SWSH078,holofoil
25101,base3-54,1stEdition
25102,neo4-44,unlimited
25103,hsp-HGSS19,holofoil
25105,hgss2-58,normal
25106,swshp-SWSH247,holofoil
25108,sv4-35,normal
25112,neo4-110,1stEditionHolofoil
25113,hgss4-15,normal
25114,swshp-SWSH141,holofoil
25116,swsh1-92,normal
25117,bw8-51,normal
25119,sm5-59,holofoil
25121,base3-60,1stEdition
25122,sm8-29,normal
25124,swsh12pt5-31,normal
25126,sv1-177,normal
25127,me1-113,normal
25128,neo1-71,unlimited
25130,pop8-3,holofoil
25133,ex10-23,normal
25134,neo2-40,unlimited
25135,swshp-SWSH258,holofoil
25136,dp4-3,holofoil
25138,sv10-88,normal
25139,swsh2-117,normal
25140,sm75-4,normal
25141,ex9-2,holofoil
25143,swsh35-42,holofoil
25144,xy4-58,holofoil
25145,xy11-4,normal
25147,g1-55,normal
25148,hgss3-1,holofoil
25149,sm115-53,normal
25151,xy8-114,normal
25154,pl2-43,normal
25157,sm4-58,normal
25158,smp-SM89,holofoil
25159,swsh3-110,normal
25160,neo3-55,unlimited
25161,sm3-127,normal
25162,xy0-20,normal
25163,smp-SM241,holofoil
25164,sm12-211,holofoil
25167,swsh12-83,normal
25170,ecard3-5,normal
25173,zsv10pt5-47,normal
25174,swsh35-67,normal
25175,sm1-100,holofoil
25176,pl2-92,normal
25177,swsh7-2,normal
25180,pl2-18,normal
25182,swsh3-34,holofoil
25183,sv7-44,holofoil
25184,sm10-76,holofoil
25186,xy12-18,normal
25187,hgss2-81,normal
25190,me2-9,normal
25191,sm2-21,normal
25193,swsh7-129,normal
25194,dp1-86,normal
25196,smp-SM67,holofoil
25197,bw5-49,normal
25199,ex15-14,normal
25200,sv8-159,holofoil
25201,swsh12pt5gg-GG23,holofoil
25203,swshp-SWSH278,holofoil
25204,sv10-117,normal
25205,swsh4-2,normal
25206,rsv10pt5-104,holofoil
25207,swsh3-109,normal
25210,bw1-63,normal
25211,swsh3-37,holofoil
25213,neo1-44,unlimited
25214,swsh8-211,normal
25216,dp1-37,normal
25217,ex15-71,normal
25218,sv6pt5-76,holofoil
25219,sv4pt5-101,holofoil
25220,bw10-93,holofoil
25222,sv7-104,holofoil
25223,ex8-3,normal
25224,sv6-5,normal
25226,bw8-55,holofoil
25227,sv5-60,holofoil
25228,gym1-68,1stEdition
25231,xy6-53,normal
25234,xyp-XY18,holofoil
25236,ecard2-34,normal
25237,ex7-6,normal
25238,bwp-BW11,holofoil
25239,sv4-151,normal
25240,swsh6-156,normal
25242,bw8-129,holofoil
25244,bw2-54,normal
25245,swsh4-202,holofoil
25247,xy3-39,normal
25250,ex15-17,normal
25252,me2-28,normal
25253,ex6-109,normal
25255,dp1-9,holofoil
25257,dp2-54,normal
25260,swsh5-16,holofoil
25261,neo4-68,unlimited
25262,swsh3-20,holofoil
25263,swshp-SWSH068,holofoil
25265,neo1-16,unlimitedHolofoil
25267,sm9-171,holofoil
25268,swsh11-214,holofoil
25269,swshp-SWSH163,holofoil
25270,swsh6-196,holofoil
25272,ex7-1,holofoil
25274,sv6-177,holofoil
25276,swsh2-46,normal
25277,smp-SM04,holofoil
25278,sv8-140,normal
25279,swsh12pt5-92,normal
25281,col1-6,holofoil
25282,svp-2,holofoil
25283,ecard1-153,normal
25284,sv4pt5-80,normal
25285,sm10-67,normal
25287,bw3-63,normal
25288,ex9-64,normal
25290,swsh6-189,holofoil
25291,neo2-71,unlimited
25292,ex11-52,normal
25294,me2-103,holofoil
25297,bw9-79,normal
25298,xy10-108,normal
25299,smp-SM165,holofoil
25300,sv9-144,normal
25302,ex7-46,normal
25304,sv6-19,holofoil
25305,bw5-90,holofoil
25306,swsh7-84,normal
25307,base1-79,normal
25308,ex4-46,normal
25311,sv8-179,normal
25313,xy10-113,normal
25314,ex3-43,normal
25315,sv6pt5-39,holofoil
25316,sv10-144,normal
25317,sv7-72,normal
25318,sm11-214,holofoil
25319,xy3-47,normal
25325,swsh45sv-SV094,holofoil
25326,gym2-13,unlimitedHolofoil
25329,xy3-12,normal
25330,swsh12-55,normal
25332,zsv10pt5-160,holofoil
25335,base6-32,normal
25336,sm11-21,normal
25342,ecard3-9,normal
25343,swsh1-131,normal
25344,bw10-62,normal
25346,bw1-114,holofoil
25348,pop1-10,normal
25352,sm2-37,normal
25358,ecard1-39,normal
25359,neo2-66,1stEdition
25362,xy9-18,holofoil
25363,sv3-195,normal
25364,swsh12pt5-53,holofoil
25366,hgss1-24,normal
25367,bw1-42,normal
25368,swsh7-103,holofoil
25371,ecard1-128,normal
25374,swsh8-261,holofoil
25376,pgo-22,holofoil
25377,swsh6-33,normal
25378,swsh5-135,normal
25379,base5-21,1stEdition
25382,swsh8-245,holofoil
25384,gym1-94,unlimited
25385,sv8-233,holofoil
25386,bw10-59,normal
25387,ex4-72,normal
25388,sm1-16,normal
25390,sv4pt5-65,holofoil
25392,sv6-124,normal
25393,base5-34,1stEdition
25396,bw8-2,normal
25398,xy4-88,normal
25399,neo3-4,1stEditionHolofoil
25400,bw6-12,normal
25401,sv7-29,normal
25402,sm75-19,normal
25404,sm10-86,normal
25405,swsh1-55,normal
25406,sv3pt5-192,holofoil
25407,sm1-90,normal
25408,swsh35-56,holofoil
25409,me2-79,holofoil
25411,ex3-14,normal
25413,pop5-6,normal
25414,sv7-120,normal
25415,me1-141,holofoil
25416,sv6pt5-87,holofoil
25418,swsh6-229,holofoil
25419,sv4pt5-214,holofoil
25421,pl1-101,normal
25423,neo2-10,unlimitedHolofoil
25424,xy8-95,normal
25425,ex15-68,normal
25426,me1-171,holofoil
25427,sm75-13,normal
25428,svp-143,holofoil
25429,dp1-14,holofoil
25431,xy8-23,normal
25432,base1-45,normal
25433,me1-89,normal
25434,mcd22-2,holofoil
25435,swsh1-129,normal
25440,sv10-240,holofoil
25442,ex9-15,normal
25443,basep-42,normal
25445,neo1-60,unlimited
25447,sv4pt5-210,holofoil
25448,sv10-131,normal
25449,swsh12pt5-55,holofoil
25450,sv3pt5-27,normal
25452,mcd22-3,holofoil
25453,ex11-53,normal
25454,sv6-80,normal
25457,sv8-142,holofoil
25460,sv8-86,holofoil
25461,bw10-4,normal
25462,swsh6-53,holofoil
25464,swshp-SWSH111,holofoil
25465,sm10-214,holofoil
25466,sm3-19,normal
25467,sm10-60,normal
25470,bw11-RC18,holofoil
25471,ex11-93,normal
25472,swsh12-142,normal
25474,neo4-47,unlimited
25475,dp2-69,normal
25478,swsh12-101,normal
25482,ecard2-57,normal
25486,rsv10pt5-17,normal
25487,xy7-63,normal
25489,pl2-12,holofoil
25490,ecard2-10,normal
25491,swsh12pt5-69,normal
25492,neo1-32,unlimited
25493,sv7-15,normal
25496,ex2-37,normal
25497,swsh7-157,normal
25498,dp5-57,normal
25500,hgss2-15,normal
25501,ex7-72,normal
25502,ex4-8,holofoil
25506,xy11-77,normal
25508,sv1-87,normal
25509,sm1-79,normal
25510,sv4pt5-118,holofoil
25511,sv9-99,normal
25512,hgss3-25,normal
25514,base4-38,normal
25515,sm7-1,normal
25518,neo1-17,1stEditionHolofoil
25525,sm5-10,normal
25527,bw5-4,normal
25528,basep-13,holofoil
25531,ex14-47,normal
25533,pl1-45,normal
25535,dp5-17,normal
25536,base2-56,1stEdition
25537,swsh7-19,holofoil
25539,sm11-189,normal
25541,xy2-15,normal
25542,swsh45-4,normal
25543,ex3-29,normal
25545,swsh1-188,holofoil
25548,g1-24,holofoil
25549,sv8-152,normal
25551,sm35-31,normal
25553,base4-109,normal
25554,xy9-16,normal
25556,sm5-43,normal
25557,ecard2-H21,holofoil
25560,pl3-52,normal
25561,ex14-43,normal
25563,sm12-97,normal
25565,gym2-101,unlimited
25566,xy2-57,normal
25567,sv4-230,holofoil
25569,xy8-113,holofoil
25570,swsh11tg-TG13,holofoil
25571,xy3-57,normal
25572,bw9-63,normal
25573,sm8-44,holofoil
25574,swsh6-231,holofoil
25579,swsh12-174,holofoil
25580,pl4-65,normal
25581,swsh45sv-SV002,holofoil
25583,neo4-69,unlimited
25584,sm12-265,holofoil
25585,swsh4-52,normal
25586,bw11-57,normal
25588,sv5-169,holofoil
25590,sm3-50,normal
25591,sv8-115,normal
25592,sm10-176,normal
25599,sv9-179,holofoil
25600,gym1-63,unlimited
25601,sv6-89,normal
25602,bw9-98,holofoil
25603,swsh45-5,normal
25604,base3-54,unlimited
25607,sm3-61,normal
25609,sv3-189,normal
25610,gym2-88,unlimited
25611,pop4-11,holofoil
25612,ex11-87,normal
25615,swsh2-168,normal
25616,pl2-7,holofoil
25617,bw2-17,holofoil
25618,base1-93,normal
25619,sm6-19,holofoil
25623,xy4-73,normal
25624,swsh10-185,holofoil
25625,ex8-73,normal
25626,ex6-17,normal
25628,ex9-84,normal
25630,sm75-74,holofoil
25632,sm11-109,normal
25635,ex13-102,holofoil
25636,sv3pt5-206,holofoil
25638,swsh10-211,holofoil
25640,swsh1-69,normal
25641,ex9-27,normal
25642,sv3-220,holofoil
25644,bw7-95,normal
25645,ex2-89,normal
25646,pl4-85,normal
25648,swsh9-55,normal
25649,xy1-35,holofoil
25651,sv8pt5-176,holofoil
25653,swsh9-141,normal
25658,me2-111,holofoil
25659,pl1-93,normal
25661,cel25c-66_A,holofoil
25662,xy9-45,normal
25663,swsh8-41,normal
25664,sm10-204,holofoil
25665,swsh35-64,normal
25666,sm8-3,normal
25669,dp4-6,holofoil
25673,swsh45-8,holofoil
25674,xyp-XY75,holofoil
25676,swsh45sv-SV079,holofoil
25677,pl1-75,normal
25678,sm10-50,holofoil
25679,sm5-27,normal
25680,me1-33,normal
25681,sv9-160,holofoil
25685,sv1-226,holofoil
25686,swsh8-50,normal
25687,swshp-SWSH108,holofoil
25689,hgss2-75,normal
25690,bw10-55,normal
25691,ex15-27,normal
25695,sv9-109,normal
25697,swsh7-235,holofoil
25699,ecard3-2,normal
25700,swsh7-101,holofoil
25701,pl2-50,normal
25702,ecard3-29,normal
25703,g1-18,holofoil
25704,sv1-207,holofoil
25705,sv8pt5-66,normal
25706,ex11-16,holofoil
25707,g1-68,normal
25708,swsh45sv-SV040,holofoil
25709,swsh8-135,normal
25710,base4-81,normal
25711,dpp-DP21,holofoil
25714,base3-26,1stEdition
25715,zsv10pt5-22,normal
25717,sm2-81,holofoil
25718,ex4-88,normal
25719,swshp-SWSH101,holofoil
25721,pl3-131,normal
25722,g1-6,normal
25724,neo4-66,unlimited
25726,sv9-97,normal
25727,dp6-66,normal
25728,bwp-BW80,holofoil
25731,ex1-33,normal
25732,base5-38,unlimited
25733,sm6-109,normal
25734,sv4-50,holofoil
25737,sv4-148,normal
25740,sv8pt5-27,holofoil
25741,sv6-226,holofoil
25742,xy2-26,normal
25743,dp2-102,normal
25744,xy4-75,normal
25746,xy6-14,normal
25751,hgss4-12,holofoil
25753,neo2-28,unlimited
25754,sv3pt5-119,normal
25755,sm8-112,normal
25757,xy3-73,normal
25761,sv8-165,normal
25762,xy1-83,normal
25764,mcd11-12,holofoil
25765,bw3-100,holofoil
25766,sm11-114,holofoil
25767,gym2-122,1stEdition
25769,sv9-66,normal
25770,sv8-6,normal
25772,sm8-201,holofoil
25773,xy6-9,normal
25776,gym1-60,unlimited
25778,col1-94,holofoil
25780,ex10-78,normal
25781,sv10-207,holofoil
25782,swsh6-135,normal
25783,pop9-1,normal
25784,bw9-74,normal
25785,neo2-18,unlimited
25786,bw1-60,normal
25787,ex12-82,normal
25789,swsh6-6,normal
25790,base5-47,1stEdition
25792,base5-14,unlimitedHolofoil
25793,rsv10pt5-7,normal
25799,swsh9tg-TG14,holofoil
25800,xy3-30,normal
25801,sm3-15,normal
25803,sm10-37,normal
25804,swsh12pt5-10,normal
25806,swshp-SWSH058,holofoil
25807,base2-8,1stEditionHolofoil
25808,bw7-60,normal
25809,xy10-125,holofoil
25811,hgss4-58,normal
25812,sv9-32,normal
25813,dv1-13,holofoil
25815,ex3-21,normal
25817,bw1-33,normal
25818,hgss2-51,normal
25819,sv8pt5-143,holofoil
25820,pop5-14,holofoil
25823,base5-49,unlimited
25824,xy10-49,normal
25825,swsh5-97,holofoil
25829,sv5-197,holofoil
25834,sv4pt5-20,normal
25835,bw9-38,holofoil
25836,sv7-53,normal
25837,xy11-80,normal
25839,swshp-SWSH102,holofoil
25844,ex3-35,normal
25845,bw5-22,holofoil
25846,sv7-32,holofoil
25849,sv10-152,normal
25850,sv6-112,holofoil
25851,sv1-55,normal
25853,sv1-78,normal
25855,swsh7-35,normal
25856,zsv10pt5-6,normal
25857,bw2-57,normal
25858,swsh45-34,normal
25859,swsh9tg-TG02,holofoil
25862,swsh5-63,holofoil
25863,gym2-11,1stEditionHolofoil
25864,sv3pt5-152,normal
25865,neo2-43,1stEdition
25866,sm6-101,normal
25867,swsh11tg-TG16,holofoil
25868,sm2-11,normal
25869,ex1-28,normal
25872,sv8-30,normal
25873,ex10-C,holofoil
25874,sm9-95,holofoil
25875,sm5-47,normal
25877,neo3-32,unlimited
25878,sv6-42,normal
25880,sv8-215,holofoil
25881,sm1-97,normal
25882,swshp-SWSH028,holofoil
25885,sv4pt5-186,holofoil
25886,dp1-92,normal
25887,sma-SV62,holofoil
25891,zsv10pt5-151,holofoil
25892,neo4-67,unlimited
25893,gym1-102,unlimited
25895,sma-SV34,holofoil
25896,pl4-66,normal
25897,ex3-60,normal
25900,ex14-82,normal
25901,swsh7-187,holofoil
25904,mcd11-3,holofoil
25907,bw6-92,holofoil
25908,swsh12pt5gg-GG58,holofoil
25909,sv1-242,holofoil
25910,gym1-9,1stEditionHolofoil
25912,sv1-182,normal
25914,swsh12pt5-20,holofoil
25917,sv4pt5-58,normal
25918,dp6-39,normal
25919,sv8pt5-78,holofoil
25920,dp1-66,normal
25922,sv3pt5-7,normal
25923,sm2-36,normal
25924,pl3-80,normal
25925,swsh8-234,normal
25927,swsh10-159,normal
25928,swsh8-109,normal
25929,bw8-19,normal
25930,sm12-239,holofoil
25931,swsh2-44,normal
25932,neo4-45,unlimited
25933,swsh45sv-SV019,holofoil
25940,swsh11tg-TG25,holofoil
25941,xy9-89,holofoil
25946,swsh45sv-SV075,holofoil
25948,mcd21-21,normal
25949,swsh7-154,normal
25951,sm3-77,normal
25952,col1-44,normal
25955,sv4-202,holofoil
25958,bw8-14,holofoil
25961,svp-103,holofoil
25962,sv3-80,normal
25964,sma-SV61,holofoil
25965,sv4pt5-206,holofoil
25968,swshp-SWSH018,holofoil
25969,ex4-5,holofoil
25971,g1-RC4,normal
25972,sv1-180,normal
25973,sm75-71,holofoil
25975,dp5-47,normal
25977,xyp-XY189,holofoil
25979,me1-73,holofoil
25982,bwp-BW08,holofoil
25983,swsh10-23,normal
25985,sm5-30,normal
25986,si1-15,normal
25987,sm2-1,normal
25988,me2-38,normal
25989,swsh1-64,holofoil
25991,ex4-2,holofoil
25997,ex3-85,normal
25998,swsh12pt5-15,normal
25999,swsh45-64,holofoil
26001,neo4-43,1stEdition
26002,swsh9-60,normal
26004,neo4-70,1stEdition
26007,neo3-27,unlimited
26008,bw3-23,normal
26009,sv3-116,normal
26011,xy12-31,normal
26012,swshp-SWSH242,holofoil
26013,bw9-59,normal
26015,sv3-145,normal
26016,sv3pt5-156,normal
26018,swsh7-34,holofoil
26020,swsh8-239,normal
26021,swsh5-154,holofoil
26022,ex6-82,normal
26023,swsh9-185,holofoil
26024,sv7-18,normal
26025,swsh3-47,normal
26026,ex11-26,normal
26027,swsh11-195,holofoil
26028,ecard2-71,normal
26030,ex8-86,normal
26031,swsh12pt5-72,normal
26032,ex6-50,normal
26033,swsh4-39,normal
26036,neo3-19,1stEdition
26038,sv1-12,normal
26041,sm5-92,normal
26044,sv3pt5-67,normal
26045,xy12-91,normal
26046,base3-61,unlimited
26047,bw10-17,normal
26049,swsh12pt5gg-GG10,holofoil
26051,me1-140,holofoil
26052,neo1-85,1stEdition
26054,sv6-123,holofoil
26057,swsh10-8,normal
26062,gym1-63,1stEdition
26065,sm2-71,normal
26066,bw7-41,holofoil
26067,pl3-111,normal
26068,swshp-SWSH215,holofoil
26071,swsh2-203,holofoil
26072,sm3-35,normal
26073,me1-25,normal
26074,svp-50,holofoil
26077,sv4pt5-63,holofoil
26078,ecard1-82,normal
26080,sv7-148,holofoil
26081,sm11-124,normal
26083,me2-125,holofoil
26084,sv8-41,normal
26087,sv4pt5-221,holofoil
26088,bw6-18,normal
26089,me1-134,holofoil
26091,me2-20,normal
26092,dp5-6,holofoil
26093,xy10-109,normal
26094,swsh45sv-SV112,holofoil
26096,swsh12pt5-58,normal
26097,swsh10tg-TG04,holofoil
26098,swsh8-216,normal
26099,neo1-34,1stEdition
26100,sv3pt5-195,holofoil
26102,xy2-34,normal
26103,sm75-26,normal
26104,me2-37,normal
26105,ecard3-77,normal
26107,xy3-27,normal
26108,swshp-SWSH133,holofoil
26109,swsh12-138,holofoil
26110,swshp-SWSH017,holofoil
26111,swsh10-165,holofoil
26113,swsh8-196,normal
26115,pop6-2,normal
26116,sv10-118,normal
26118,swsh3-112,normal
26119,sm7-56,holofoil
26121,sm9-1,holofoil
26122,swsh9-143,normal
26123,swsh7-38,normal
26124,neo2-20,1stEdition
26126,sv9-100,normal
26129,neo4-45,1stEdition
26130,basep-27,normal
26133,xy1-84,normal
26134,swsh5-99,holofoil
26135,swsh4-73,normal
26136,mcd12-6,holofoil
26138,sm10-202,holofoil
26140,ex11-88,normal
26146,sv6-218,holofoil
26148,ecard1-160,normal
26149,hgss3-24,normal
26150,sv8pt5-149,holofoil
26153,neo3-1,1stEditionHolofoil
26155,bw4-1,normal
26157,dp7-32,normal
26158,swsh3-108,normal
26159,mcd22-9,normal
26160,ex15-1,holofoil
26161,swsh1-30,normal
26162,sv8pt5-43,holofoil
26165,sm12-233,holofoil
26167,xy6-26,holofoil
26170,bw11-6,normal
26172,gym1-42,unlimited
26173,svp-130,holofoil
26174,swshp-SWSH140,holofoil
26175,bw4-100,holofoil
26178,sv9-185,holofoil
26180,bw4-42,normal
26183,swsh6-190,holofoil
26184,swsh7-207,holofoil
26188,ex12-79,normal
26191,xy5-95,normal
26192,swsh12-146,normal
26194,sm1-115,normal
26195,swsh10-200,holofoil
26197,sv4-45,normal
26198,swsh1-38,normal
26199,hgss4-39,normal
26202,base5-70,unlimited
26203,sv8-235,holofoil
26205,swsh4-110,normal
26206,dp6-58,normal
26207,neo3-32,1stEdition
26208,sv3-180,normal
26209,hgss1-26,normal
26210,sm3-128,normal
26211,dp7-75,normal
26212,sm8-73,normal
26217,sv2-109,normal
26219,bw2-62,normal
26221,pop2-10,normal
26222,xy9-85,normal
26223,swsh4-197,holofoil
26224,ex8-66,normal
26225,sm3-82,normal
26226,ex7-14,normal
26227,swsh1-203,holofoil
26229,swsh12pt5gg-GG01,holofoil
26231,hgss3-66,normal
26232,sm12-195,normal
26234,xy3-109,holofoil
26235,sm9-116,normal
26238,sm4-32,normal
26241,ex4-81,normal
26242,ex16-2,holofoil
26245,ex11-44,normal
26248,ex15-46,normal
26252,sma-SV93,holofoil
26253,xyp-XY56,holofoil
26255,pop2-5,holofoil
26256,sv1-251,holofoil
26260,sm12-61,holofoil
26264,ex3-78,normal
26265,bw7-104,normal
26266,sm3-43,normal
26267,pl2-1,holofoil
26268,sv8-25,normal
26269,xyp-XY125,holofoil
26271,base5-15,unlimitedHolofoil
26272,sm12-135,normal
26274,sv5-99,holofoil
26275,ex8-57,normal
26276,swsh12pt5gg-GG17,holofoil
26277,ecard1-61,normal
26278,xy11-17,normal
26279,swsh6-104,holofoil
26280,dp7-8,holofoil
26281,ecard1-88,normal
26287,basep-52,normal
26288,swsh12-194,holofoil
26289,swsh12-169,normal
26290,hgss2-42,normal
26291,sv3pt5-21,normal
26294,neo1-74,unlimited
26295,dp3-54,normal
26298,xy2-63,normal
26299,rsv10pt5-42,normal
26303,swsh8-75,normal
26304,swsh12-93,normal
26307,sv6-97,normal
26309,swshp-SWSH148,holofoil
26310,base4-14,holofoil
26311,sv5-147,normal
26312,g1-80,normal
26314,col1-11,holofoil
26316,bw11-53,holofoil
26317,sm115-13,normal
26319,sm9-166,holofoil
26320,sm7-87,holofoil
26321,swsh10-20,normal
26322,swsh12-199,holofoil
26323,sv3-76,normal
26326,sm6-17,holofoil
26328,ex14-64,normal
26329,base5-79,1stEdition
26331,sm10-17,normal
26332,swsh8-252,holofoil
26335,swsh8-152,normal
26339,swsh45sv-SV110,holofoil
26340,bw10-26,normal
26341,swsh12pt5-2,normal
26343,rsv10pt5-124,holofoil
26344,swsh12-75,normal
26345,sm5-114,normal
26348,sv6-47,normal
26349,bw2-33,normal
26351,sm4-71,normal
26352,sv8pt5-34,holofoil
26353,rsv10pt5-11,holofoil
26354,sv4-177,normal
26355,neo3-21,1stEdition
26356,swsh9-125,normal
26360,sm3-78,normal
26362,ex9-13,normal
26363,sv4pt5-25,normal
26364,sm8-184,normal
26366,bw9-2,normal
26368,pop8-9,normal
26369,pl1-5,holofoil
26370,me2-52,normal
26371,swsh3-22,normal
26372,neo1-40,unlimited
26376,smp-SM80,holofoil
26377,zsv10pt5-109,holofoil
26378,col1-61,normal
26380,hgss1-8,holofoil
26381,ex7-6,holofoil
26382,sv7-25,normal
26386,xy7-57,holofoil
26387,swsh2-114,normal
26388,sm11-107,normal
26389,xy11-67,holofoil
26390,sm115-39,normal
26391,sm3-72,normal
26392,neo3-34,unlimited
26393,swsh11-184,holofoil
26394,swsh4-187,holofoil
26395,sm10-87,normal
26397,ex13-93,normal
26398,sv9-152,normal
26399,smp-SM94,holofoil
26400,dp5-70,normal
26401,swsh6-49,normal
26403,zsv10pt5-166,holofoil
26405,sv9-41,holofoil
26410,swsh4-41,normal
26413,ex13-23,normal
26416,ex10-O,holofoil
26418,sm35-47,normal
26419,sm11-8,normal
26421,ex15-44,normal
26422,sm12-40,normal
26424,sm11-230,holofoil
26425,dp6-100,normal
26429,smp-SM53,holofoil
26430,bw8-39,normal
26434,sm6-35,normal
26436,swsh2-121,holofoil
26440,swsh9-99,normal
26441,base4-73,normal
26442,ex9-23,normal
26443,sv4-205,holofoil
26444,ex2-93,normal
26445,ex2-61,normal
26451,smp-SM116,holofoil
26453,sv7-12,normal
26456,gym1-22,unlimited
26457,ex16-104,holofoil
26459,neo1-31,unlimited
26460,sv3pt5-23,normal
26463,swsh8-87,normal
26466,ex14-66,normal
26467,base2-39,1stEdition
26468,ex1-6,holofoil
26470,swsh8-102,normal
26472,sv7-42,normal
26473,ecard3-66,normal
26475,dp1-50,normal
26476,ex3-4,holofoil
26479,sm10-88,normal
26482,ex6-49,normal
26484,me1-98,normal
26485,neo1-23,1stEdition
26487,sm6-44,normal
26488,sm11-9,normal
26489,sv10-181,normal
26492,base4-83,normal
26494,bw11-80,holofoil
26495,pl3-34,normal
26496,base2-33,unlimited
26497,swsh8-71,normal
26499,ex5-50,normal
26500,sv9-120,normal
26505,bw7-53,normal
26507,hgss3-68,normal
26508,swsh4-42,normal
26509,zsv10pt5-131,holofoil
26510,swsh45sv-SV049,holofoil
26511,swsh3-151,normal
26513,ex15-2,holofoil
26515,zsv10pt5-126,holofoil
26516,pl3-10,holofoil
26524,swsh6-116,normal
26525,sv3pt5-122,holofoil
26526,swshp-SWSH086,holofoil
26527,gym1-106,unlimited
26528,bw8-60,normal
26529,sm2-28,normal
26530,base3-26,unlimited
26531,sv8-209,holofoil
26533,swsh3-107,normal
26535,xy9-36,normal
26538,dpp-DP37,holofoil
26539,ex7-109,holofoil
26540,g1-63,normal
26544,sv5-182,holofoil
26546,sv5-192,holofoil
26547,swsh45-47,normal
26551,sm115-2,normal
26553,smp-SM193,holofoil
26554,sv6-159,normal
26556,xy2-22,normal
26557,bwp-BW62,holofoil
26558,sv3-63,normal
26559,mcd21-14,normal
26560,swsh45sv-SV088,holofoil
26561,swsh2-5,normal
26562,hgss1-15,normal
26563,xy5-140,normal
26564,base1-12,holofoil
26565,sv8-99,normal
26566,dp5-4,holofoil
26567,base5-52,unlimited
26568,pl2-22,normal
26569,ex10-112,holofoil
26571,bw10-42,normal
26573,sm9-139,normal
26578,xy3-53,normal
26579,xyp-XY77,holofoil
26582,sm4-81,normal
26584,bwp-BW48,holofoil
26585,gym2-25,unlimited
26588,bw9-122,holofoil
26590,sv1-143,holofoil
26591,sm12-227,holofoil
26592,dp4-79,normal
26593,swsh1-46,normal
26594,smp-SM40,holofoil
26595,sm1-11,normal
26596,sv8-65,holofoil
26597,sm12-250,holofoil
26600,sm115-49,normal
26601,swsh6-7,holofoil
26603,sv2-25,normal
26605,xy9-19,normal
26606,me2-23,normal
26607,sm8-197,holofoil
26608,cel25-18,holofoil
26610,sv4-196,holofoil
26611,bw1-72,normal
26615,sm4-121,holofoil
26616,xy10-28,normal
26617,bw4-25,normal
26618,sv10-106,normal
26620,sm5-154,holofoil
26621,pl2-56,normal
26623,bw10-56,holofoil
26625,sv1-160,normal
26626,swsh2-6,normal
26627,sm5-12,normal
26628,sv3-191,normal
26629,col1-75,normal
26631,sv4-238,holofoil
26634,swsh12pt5gg-GG46,holofoil
26635,neo1-61,unlimited
26637,swsh2-93,holofoil
26638,sv5-6,normal
26639,hgss4-94,holofoil
26640,swsh8-58,normal
26643,dp1-15,holofoil
26644,rsv10pt5-26,normal
26645,swsh12pt5gg-GG69,holofoil
26647,swsh12-113,holofoil
26648,sv8-125,normal
26650,swsh2-89,normal
26651,swsh5-54,normal
26654,ex3-58,normal
26656,neo4-38,1stEdition
26657,ex1-89,normal
26659,base3-60,unlimited
26662,sm3-70,normal
26663,bw6-40,holofoil
26664,sm4-85,normal
26665,hgss2-23,normal
26667,swsh4-33,normal
26669,sv4-103,normal
26670,sm4-46,normal
26672,sv4pt5-46,normal
26673,sv5-134,normal
26677,sm10-112,holofoil
26678,ex14-72,normal
26680,sv8pt5-13,holofoil
26681,gym2-70,1stEdition
26682,dp3-103,normal
26683,ex9-66,normal
26686,bw4-14,holofoil
26687,sm9-165,holofoil
26689,sm9-102,normal
26691,bw6-4,normal
26692,sv5-42,normal
26694,sm9-100,normal
26695,zsv10pt5-14,normal
26698,pop8-3,normal
26699,swsh45-18,holofoil
26701,swsh12-153,normal
26702,g1-30,normal
26703,swshp-SWSH109,holofoil
26704,base3-6,unlimitedHolofoil
26706,base4-52,normal
26707,svp-78,holofoil
26708,ex16-39,normal
26709,xyp-XY33,normal
26710,swsh7-205,holofoil
26711,sm7-74,normal
26712,swsh8-46,normal
26713,base5-65,1stEdition
26715,sm115-8,normal
26718,swsh11-211,holofoil
26720,sm3-47,normal
26723,ecard3-130,normal
26725,swshp-SWSH192,holofoil
26726,ecard3-68,normal
26727,sv4pt5-35,normal
26729,gym1-45,1stEdition
26730,swsh5-121,normal
26731,sv9-165,holofoil
26733,sv1-27,normal
26734,me2-42,normal
26735,ecard3-93,normal
26736,pgo-19,normal
26738,ex13-86,normal
26741,swsh4-126,holofoil
26746,basep-45,normal
26747,sv10-112,normal
26748,neo2-58,unlimited
26752,swsh5-74,normal
26753,dp6-92,normal
26754,xy7-77,normal
26755,ex12-28,normal
26757,ex15-87,normal
26761,sv4-241,holofoil
26762,base6-107,normal
26765,zsv10pt5-72,normal
26766,swsh45sv-SV030,holofoil
26768,neo4-53,1stEdition
26769,ex12-30,normal
26770,sm11-209,normal
26771,swsh1-57,normal
26772,sv4pt5-215,holofoil
26775,gym2-7,unlimitedHolofoil
26777,ex12-72,normal
26778,me1-28,holofoil
26780,sv10-137,normal
26783,sv4pt5-77,normal
26784,swsh10-135,holofoil
26786,sv4-213,holofoil
26789,pop3-4,holofoil
26791,base3-38,1stEdition
26792,ex1-74,normal
26794,dp5-23,normal
26795,svp-42,holofoil
26797,pl1-41,normal
26798,swsh6-230,holofoil
26799,sm4-28,holofoil
26800,sm11-95,holofoil
26802,swsh5-37,holofoil
26803,xy1-86,holofoil
26805,ex10-18,holofoil
26807,sv5-32,normal
26808,sv3pt5-65,holofoil
26809,swsh9-120,normal
26810,sm8-42,holofoil
26815,sm12-99,normal
26816,mcd11-10,holofoil
26818,svp-30,holofoil
26819,neo4-21,1stEdition
26820,swsh9-38,normal
26821,sm35-33,normal
26822,ex12-54,normal
26828,neo4-77,1stEdition
26831,sv6pt5-66,holofoil
26832,base4-54,normal
26833,pl4-54,normal
26835,swsh4-20,holofoil
26836,si1-6,normal
26837,hgss4-72,normal
26838,hgss4-24,normal
26841,sv9-4,normal
26843,xy5-12,holofoil
26844,zsv10pt5-66,holofoil
26845,rsv10pt5-125,holofoil
26851,xy9-83,holofoil
26854,swsh8-157,holofoil
26855,sm12-95,holofoil
26856,xy6-35,holofoil
26857,sv4pt5-28,normal
26859,neo4-15,1stEditionHolofoil
26862,xy11-42,normal
26863,smp-SM11,holofoil
26864,bw3-73,holofoil
26865,swsh10-139,normal
26866,xy6-38,normal
26871,dp6-79,normal
26872,pop6-3,holofoil
26873,swsh10-55,normal
26875,sm4-45,normal
26877,sm7-24,normal
26879,sv1-22,normal
26882,hgss4-91,holofoil
26884,ex7-38,normal
26886,swsh45sv-SV092,holofoil
26888,sm4-51,normal
26889,svp-45,normal
26891,bw10-63,normal
26892,sm35-40,holofoil
26894,neo2-14,unlimitedHolofoil
26895,dp3-16,holofoil
26896,bw5-80,normal
26897,me2-22,normal
26898,bw9-11,normal
26899,sm7-84,normal
26900,gym2-87,1stEdition
26902,sv8-67,normal
26903,swsh6-108,holofoil
26904,base3-27,unlimited
26905,sv8pt5-158,holofoil
26906,swsh10-131,normal
26907,dp6-112,normal
26909,sm11-150,normal
26910,sm8-194,normal
26911,xy7-69,normal
26912,xy8-130,normal
26913,sm2-59,holofoil
26914,ex11-1,holofoil
26915,col1-77,normal
26917,me1-151,holofoil
26918,sv8pt5-53,normal
26919,me1-30,normal
26922,sv9-166,holofoil
26923,swsh3-62,normal
26924,xy8-88,normal
26926,sm12-84,normal
26928,sv4-64,normal
26931,xy8-106,normal
26935,dp1-68,normal
26938,sv10-73,normal
26939,smp-SM49,holofoil
26942,bwp-BW86,holofoil
26943,swsh2-7,normal
26944,ex1-4,holofoil
26947,sv10-149,normal
26948,ex13-40,normal
26950,dp1-46,normal
26951,base3-25,unlimited
26952,sv9-186,holofoil
26953,ex14-46,normal
26958,sv4pt5-112,holofoil
26959,xy6-1,normal
26961,sm8-179,normal
26962,sv6pt5-27,normal
26967,ex3-7,holofoil
26969,swsh3-41,normal
26971,ex4-68,normal
26972,sv8pt5-19,normal
26973,smp-SM51,normal
26974,sv4-244,holofoil
26976,sm3-83,normal
26977,dc1-4,normal
26981,pl1-94,normal
26983,sv8pt5-133,holofoil
26990,me1-57,normal
26991,swsh8-172,normal
26992,pop5-2,holofoil
26993,rsv10pt5-98,holofoil
26994,sv9-189,holofoil
26995,swsh4-115,holofoil
26996,sv3pt5-44,normal
26997,sm10-147,normal
26998,dp3-100,normal
27004,bw11-67,normal
27006,bw2-76,normal
27007,sm4-22,normal
27008,neo1-14,1stEditionHolofoil
27010,sm9-7,normal
27011,neo4-86,unlimited
27015,ex11-114,holofoil
27016,swsh11-203,holofoil
27017,ex2-6,holofoil
27018,svp-88,holofoil
27019,xy12-73,normal
27021,rsv10pt5-22,normal
27023,sv3pt5-104,normal
27024,ex12-85,holofoil
27025,sv8pt5-32,holofoil
27027,xy7-81,normal
27029,swsh7-149,normal
27030,sv3-184,normal
27031,bw9-99,normal
27034,sm115-38,normal
27035,sv8-212,holofoil
27036,sv1-240,holofoil
27037,col1-85,normal
27038,swsh6-40,holofoil
27040,pl3-40,normal
27041,swsh12-100,normal
27042,rsv10pt5-71,normal
27045,xy11-89,normal
27047,sv4-257,holofoil
27048,zsv10pt5-171,holofoil
27049,ecard1-77,normal
27051,me1-84,normal
27053,sm10-40,normal
27054,xy5-28,holofoil
27055,xy10-35,normal
27056,me2-8,holofoil
27057,base6-22,normal
27058,ecard2-22,normal
27060,swsh1-63,normal
27061,ex8-79,normal
27064,dpp-DP24,holofoil
27065,me1-146,holofoil
27070,sv8-32,normal
27072,xy9-42,normal
27073,swsh4-91,normal
27076,sv6pt5-15,holofoil
27078,xy7-50,normal
27083,sm1-113,holofoil
27084,swsh9-144,normal
27086,pl4-14,normal
27089,sv1-190,holofoil
27091,neo1-79,unlimited
1,sv3pt5-44,Reverse Holofoil
3,swsh6-63,Reverse Holofoil
4,xy5-58,Reverse Holofoil
9,dp3-7,Reverse Holofoil
15,sv7-113,Reverse Holofoil
18,xy10-71,Reverse Holofoil
19,xy11-6,Reverse Holofoil
22,sm7-92,Reverse Holofoil
24,base6-109,Reverse Holofoil
28,ex1-89,Reverse Holofoil
30,swsh5-52,Reverse Holofoil
34,ex7-24,Reverse Holofoil
35,sm11-38,Reverse Holofoil
41,xy7-38,Reverse Holofoil
43,swsh9-133,Reverse Holofoil
45,ex10-1,Reverse Holofoil
52,dp3-98,Reverse Holofoil
55,dp3-66,Reverse Holofoil
56,sv8-16,Reverse Holofoil
58,pl3-27,Reverse Holofoil
63,sv4-92,Reverse Holofoil
65,sm5-37,Reverse Holofoil
67,sv3-176,Reverse Holofoil
68,sm2-112,Reverse Holofoil
69,pl3-72,Reverse Holofoil
71,swsh4-64,Reverse Holofoil
73,me2-76,Reverse Holofoil
75,sv2-34,Reverse Holofoil
78,ecard3-44,Reverse Holofoil
82,sm1-5,Reverse Holofoil
83,sv4pt5-39,Reverse Holofoil
84,ecard2-22,Reverse Holofoil
88,hgss4-80,Reverse Holofoil
89,sv5-51,Reverse Holofoil
90,dp2-10,Reverse Holofoil
91,bw8-27,Reverse Holofoil
95,swsh1-132,Reverse Holofoil
97,zsv10pt5-36,Reverse Holofoil
98,swsh2-33,Reverse Holofoil
99,pl2-92,Reverse Holofoil
102,sm5-113,Reverse Holofoil
106,dp2-78,Reverse Holofoil
115,ecard2-133,Reverse Holofoil
124,sv1-96,Reverse Holofoil
127,sm11-56,Reverse Holofoil
130,sv1-157,Reverse Holofoil
135,sv7-93,Reverse Holofoil
136,sv3pt5-26,Reverse Holofoil
138,sv10-169,Reverse Holofoil
139,dp1-15,Reverse Holofoil
142,sm6-118,Reverse Holofoil
144,ex5-4,Reverse Holofoil
145,sm3-94,Reverse Holofoil
146,swsh9-67,Reverse Holofoil
150,sv4-54,Reverse Holofoil
151,swsh7-6,Reverse Holofoil
152,ecard2-75,Reverse Holofoil
154,ex6-23,Reverse Holofoil
155,sv4-69,Reverse Holofoil
156,bw8-90,Reverse Holofoil
159,xy9-56,Reverse Holofoil
160,swsh12-61,Reverse Holofoil
162,sm35-49,Reverse Holofoil
166,xy2-95,Reverse Holofoil
167,sm7-64,Reverse Holofoil
171,swsh1-94,Reverse Holofoil
172,bw10-68,Reverse Holofoil
176,swsh3-78,Reverse Holofoil
177,ecard2-89,Reverse Holofoil
179,sv3pt5-10,Reverse Holofoil
180,swsh12-114,Reverse Holofoil
188,dp3-16,Reverse Holofoil
189,swsh4-90,Reverse Holofoil
190,sm12-54,Reverse Holofoil
193,swsh10-51,Reverse Holofoil
199,dp4-12,Reverse Holofoil
200,sv10-125,Reverse Holofoil
201,xy9-90,Reverse Holofoil
202,dp5-82,Reverse Holofoil
205,ex9-4,Reverse Holofoil
209,xy7-29,Reverse Holofoil
212,bw3-8,Reverse Holofoil
214,ecard2-42,Reverse Holofoil
215,sm35-65,Reverse Holofoil
216,bw3-61,Reverse Holofoil
217,swsh9-98,Reverse Holofoil
220,sv6-54,Reverse Holofoil
221,sm8-78,Reverse Holofoil
222,sm5-45,Reverse Holofoil
223,swsh3-153,Reverse Holofoil
227,bw6-82,Reverse Holofoil
228,sm1-57,Reverse Holofoil
236,pl1-46,Reverse Holofoil
238,xy4-70,Reverse Holofoil
241,sm12-159,Reverse Holofoil
242,sm115-58,Reverse Holofoil
245,bw7-28,Reverse Holofoil
248,swsh10-109,Reverse Holofoil
249,sm5-35,Reverse Holofoil
254,xy1-56,Reverse Holofoil
262,sm5-18,Reverse Holofoil
267,swsh8-66,Reverse Holofoil
268,sv10-93,Reverse Holofoil
270,sv6-75,Reverse Holofoil
271,bw9-28,Reverse Holofoil
280,sv4pt5-8,Reverse Holofoil
281,xy5-56,Reverse Holofoil
282,hgss1-71,Reverse Holofoil
283,sm75-45,Reverse Holofoil
284,rsv10pt5-35,Reverse Holofoil
285,swsh3-147,Reverse Holofoil
290,swsh9-12,Reverse Holofoil
295,sm1-117,Reverse Holofoil
298,pl1-SH6,Reverse Holofoil
299,sv8-28,Reverse Holofoil
302,me1-82,Reverse Holofoil
308,ex8-95,Reverse Holofoil
315,sv10-137,Reverse Holofoil
320,ex14-45,Reverse Holofoil
321,swsh6-105,Reverse Holofoil
323,sv8-161,Reverse Holofoil
324,col1-3,Reverse Holofoil
330,swsh6-10,Reverse Holofoil
333,sm9-17,Reverse Holofoil
335,ecard1-108,Reverse Holofoil
336,sm5-15,Reverse Holofoil
337,sm11-196,Reverse Holofoil
338,xy5-63,Reverse Holofoil
339,swsh4-160,Reverse Holofoil
341,dp1-3,Reverse Holofoil
344,dp4-87,Reverse Holofoil
350,sm7-27,Reverse Holofoil
351,sv4-74,Reverse Holofoil
352,swsh6-117,Reverse Holofoil
353,me2-40,Reverse Holofoil
355,sm12-103,Reverse Holofoil
356,xy10-35,Reverse Holofoil
357,sv7-84,Reverse Holofoil
359,sm115-40,Reverse Holofoil
360,xy5-44,Reverse Holofoil
361,dp4-84,Reverse Holofoil
364,dp4-52,Reverse Holofoil
366,sv4pt5-52,Reverse Holofoil
367,sm8-128,Reverse Holofoil
370,sv3pt5-51,Reverse Holofoil
377,pl3-127,Reverse Holofoil
382,sv1-14,Reverse Holofoil
383,ex7-52,Reverse Holofoil
388,xy4-110,Reverse Holofoil
391,sv9-124,Reverse Holofoil
399,sm12-185,Reverse Holofoil
400,swsh12pt5-88,Reverse Holofoil
401,hgss4-54,Reverse Holofoil
404,swsh2-119,Reverse Holofoil
409,hgss2-13,Reverse Holofoil
410,bw5-85,Reverse Holofoil
411,xy3-2,Reverse Holofoil
415,pl2-RT2,Reverse Holofoil
418,dp6-113,Reverse Holofoil
420,sv6pt5-5,Reverse Holofoil
421,dp3-96,Reverse Holofoil
423,sm12-27,Reverse Holofoil
424,sv9-118,Reverse Holofoil
429,bw9-102,Reverse Holofoil
430,ex11-51,Reverse Holofoil
431,sv1-167,Reverse Holofoil
439,me1-121,Reverse Holofoil
440,sm11-154,Reverse Holofoil
441,xy8-74,Reverse Holofoil
444,ecard1-38,Reverse Holofoil
450,hgss2-51,Reverse Holofoil
457,bw5-61,Reverse Holofoil
462,dp2-22,Reverse Holofoil
468,dp4-18,Reverse Holofoil
470,swsh3-50,Reverse Holofoil
471,sm5-124,Reverse Holofoil
480,sm6-40,Reverse Holofoil
488,bw1-20,Reverse Holofoil
489,sm8-4,Reverse Holofoil
492,sm12-15,Reverse Holofoil
499,hgss2-83,Reverse Holofoil
500,ex2-21,Reverse Holofoil
504,bw3-46,Reverse Holofoil
505,swsh8-32,Reverse Holofoil
506,xy5-73,Reverse Holofoil
507,sv9-38,Reverse Holofoil
515,bw4-16,Reverse Holofoil
518,bw7-100,Reverse Holofoil
520,me2-23,Reverse Holofoil
526,sv6-26,Reverse Holofoil
528,sv4-72,Reverse Holofoil
529,dp4-37,Reverse Holofoil
531,hgss3-32,Reverse Holofoil
538,sm4-85,Reverse Holofoil
539,sv3pt5-155,Reverse Holofoil
540,swsh7-89,Reverse Holofoil
541,swsh5-82,Reverse Holofoil
543,swsh12pt5-121,Reverse Holofoil
545,ecard1-109,Reverse Holofoil
550,sv10-172,Reverse Holofoil
552,xy4-49,Reverse Holofoil
557,xy3-103,Reverse Holofoil
558,me2-74,Reverse Holofoil
559,xy1-87,Reverse Holofoil
560,sm3-81,Reverse Holofoil
561,swsh12-145,Reverse Holofoil
565,dp5-42,Reverse Holofoil
570,dp1-45,Reverse Holofoil
572,sv4pt5-4,Reverse Holofoil
574,dp5-29,Reverse Holofoil
582,sm8-63,Reverse Holofoil
586,xy9-7,Reverse Holofoil
587,xy12-90,Reverse Holofoil
589,bw2-22,Reverse Holofoil
590,sv10-90,Reverse Holofoil
592,sm8-184,Reverse Holofoil
594,sv8pt5-108,Reverse Holofoil
598,swsh4-118,Reverse Holofoil
601,sm6-57,Reverse Holofoil
607,sv9-45,Reverse Holofoil
610,sv8-69,Reverse Holofoil
612,sv8-9,Reverse Holofoil
613,sv4-25,Reverse Holofoil
619,ex10-91,Reverse Holofoil
623,bw10-79,Reverse Holofoil
624,xy11-64,Reverse Holofoil
626,sv6-8,Reverse Holofoil
628,sv3pt5-67,Reverse Holofoil
629,sv3-165,Reverse Holofoil
631,bw4-72,Reverse Holofoil
637,swsh4-153,Reverse Holofoil
638,xy8-51,Reverse Holofoil
642,dp2-32,Reverse Holofoil
644,dp3-20,Reverse Holofoil
649,ex4-82,Reverse Holofoil
651,swsh4-55,Reverse Holofoil
652,swsh12-81,Reverse Holofoil
654,ex9-29,Reverse Holofoil
657,sv7-81,Reverse Holofoil
658,ex16-60,Reverse Holofoil
660,sm12-67,Reverse Holofoil
662,sv6-154,Reverse Holofoil
663,bw7-125,Reverse Holofoil
665,swsh4-83,Reverse Holofoil
671,swsh5-7,Reverse Holofoil
675,sv4-165,Reverse Holofoil
677,xy11-30,Reverse Holofoil
678,bw2-89,Reverse Holofoil
680,sv5-28,Reverse Holofoil
686,swsh5-53,Reverse Holofoil
689,dp4-32,Reverse Holofoil
694,ex16-68,Reverse Holofoil
696,sm35-35,Reverse Holofoil
707,xy8-132,Reverse Holofoil
712,sm6-61,Reverse Holofoil
713,dp5-39,Reverse Holofoil
715,me2-49,Reverse Holofoil
716,sv6pt5-19,Reverse Holofoil
717,xy11-71,Reverse Holofoil
722,swsh3-77,Reverse Holofoil
725,rsv10pt5-47,Reverse Holofoil
726,col1-69,Reverse Holofoil
729,dp7-63,Reverse Holofoil
732,ecard1-128,Reverse Holofoil
733,swsh6-35,Reverse Holofoil
735,bw5-71,Reverse Holofoil
736,sv3-130,Reverse Holofoil
737,swsh12pt5-26,Reverse Holofoil
739,bw1-75,Reverse Holofoil
740,sm4-40,Reverse Holofoil
744,bw5-46,Reverse Holofoil
747,ecard1-17,Reverse Holofoil
751,swsh45-47,Reverse Holofoil
752,sv8-2,Reverse Holofoil
759,xy4-25,Reverse Holofoil
766,pl2-1,Reverse Holofoil
769,hgss1-19,Reverse Holofoil
772,swsh9-47,Reverse Holofoil
774,sm8-91,Reverse Holofoil
777,bw10-8,Reverse Holofoil
779,pl4-49,Reverse Holofoil
781,sm2-1,Reverse Holofoil
784,bw6-25,Reverse Holofoil
786,pl1-16,Reverse Holofoil
787,pl4-42,Reverse Holofoil
788,sv9-60,Reverse Holofoil
789,ex8-45,Reverse Holofoil
791,swsh9-25,Reverse Holofoil
792,swsh4-52,Reverse Holofoil
797,sv6-142,Reverse Holofoil
801,sv7-39,Reverse Holofoil
802,bw7-16,Reverse Holofoil
805,swsh8-191,Reverse Holofoil
808,sv2-54,Reverse Holofoil
809,hgss1-15,Reverse Holofoil
810,xy8-128,Reverse Holofoil
811,ex16-21,Reverse Holofoil
820,sm2-98,Reverse Holofoil
821,swsh1-66,Reverse Holofoil
824,sm1-13,Reverse Holofoil
825,pl3-47,Reverse Holofoil
828,dp6-18,Reverse Holofoil
836,sv7-37,Reverse Holofoil
838,ecard2-40,Reverse Holofoil
845,swsh35-57,Reverse Holofoil
848,sv8-51,Reverse Holofoil
851,sm6-107,Reverse Holofoil
856,pl2-46,Reverse Holofoil
861,swsh4-4,Reverse Holofoil
869,swsh2-97,Reverse Holofoil
873,sv1-116,Reverse Holofoil
875,swsh6-57,Reverse Holofoil
878,xy1-4,Reverse Holofoil
879,base6-26,Reverse Holofoil
880,sm7-9,Reverse Holofoil
888,pl4-82,Reverse Holofoil
889,swsh2-16,Reverse Holofoil
892,sv8-17,Reverse Holofoil
893,xy3-82,Reverse Holofoil
894,ex15-72,Reverse Holofoil
897,sm11-70,Reverse Holofoil
901,pl4-1,Reverse Holofoil
903,xy1-45,Reverse Holofoil
904,sv2-92,Reverse Holofoil
908,dp7-90,Reverse Holofoil
918,ex4-2,Reverse Holofoil
920,sm75-4,Reverse Holofoil
921,ex2-74,Reverse Holofoil
924,ecard1-121,Reverse Holofoil
925,me2-83,Reverse Holofoil
928,sv8-77,Reverse Holofoil
930,dp6-23,Reverse Holofoil
940,ex11-15,Reverse Holofoil
942,swsh9-89,Reverse Holofoil
943,ex10-40,Reverse Holofoil
948,swsh8-244,Reverse Holofoil
949,xy5-131,Reverse Holofoil
950,swsh12pt5-43,Reverse Holofoil
951,pl3-50,Reverse Holofoil
953,swsh8-240,Reverse Holofoil
954,ecard2-83,Reverse Holofoil
955,ex12-78,Reverse Holofoil
968,swsh8-112,Reverse Holofoil
971,sv4pt5-73,Reverse Holofoil
972,g1-53,Reverse Holofoil
975,ex14-27,Reverse Holofoil
977,ex15-7,Reverse Holofoil
979,sv8-83,Reverse Holofoil
981,sm9-11,Reverse Holofoil
982,sv10-20,Reverse Holofoil
985,dp5-48,Reverse Holofoil
990,bw6-39,Reverse Holofoil
992,pl3-21,Reverse Holofoil
993,pl2-RT1,Reverse Holofoil
1005,swsh1-84,Reverse Holofoil
1006,sm2-4,Reverse Holofoil
1010,ecard2-108,Reverse Holofoil
1013,sv1-119,Reverse Holofoil
1015,sv5-39,Reverse Holofoil
1017,sm12-120,Reverse Holofoil
1018,sm11-82,Reverse Holofoil
1023,xy6-36,Reverse Holofoil
1025,me2-42,Reverse Holofoil
1026,xy6-89,Reverse Holofoil
1028,sm2-95,Reverse Holofoil
1030,swsh12-76,Reverse Holofoil
1033,ex6-67,Reverse Holofoil
1035,sm7-130,Reverse Holofoil
1037,base6-37,Reverse Holofoil
1039,sv6-90,Reverse Holofoil
1040,ex8-68,Reverse Holofoil
1041,sv3-78,Reverse Holofoil
1043,me1-122,Reverse Holofoil
1044,ecard2-23,Reverse Holofoil
1047,sm1-135,Reverse Holofoil
1054,swsh8-88,Reverse Holofoil
1060,dp3-74,Reverse Holofoil
1062,swsh6-49,Reverse Holofoil
1064,base6-72,Reverse Holofoil
1068,swsh6-118,Reverse Holofoil
1069,bw4-73,Reverse Holofoil
1070,dp6-65,Reverse Holofoil
1071,hgss4-53,Reverse Holofoil
1073,sm10-76,Reverse Holofoil
1074,pl2-59,Reverse Holofoil
1079,xy9-38,Reverse Holofoil
1080,swsh3-174,Reverse Holofoil
1081,hgss4-90,Reverse Holofoil
1083,pl2-41,Reverse Holofoil
1085,bw11-99,Reverse Holofoil
1086,sm5-7,Reverse Holofoil
1091,xy5-6,Reverse Holofoil
1092,xy5-142,Reverse Holofoil
1096,bw4-88,Reverse Holofoil
1097,bw4-24,Reverse Holofoil
1100,swsh9-82,Reverse Holofoil
1102,sv3-87,Reverse Holofoil
1104,rsv10pt5-81,Reverse Holofoil
1110,xy3-13,Reverse Holofoil
1111,dp5-14,Reverse Holofoil
1118,sv8-80,Reverse Holofoil
1121,xy1-50,Reverse Holofoil
1124,dp2-31,Reverse Holofoil
1127,bw3-89,Reverse Holofoil
1129,swsh5-111,Reverse Holofoil
1134,ex3-75,Reverse Holofoil
1136,sv3pt5-80,Reverse Holofoil
1137,swsh45-63,Reverse Holofoil
1144,bw2-56,Reverse Holofoil
1151,bw8-86,Reverse Holofoil
1153,sv8-1,Reverse Holofoil
1154,dp4-35,Reverse Holofoil
1155,swsh12pt5-76,Reverse Holofoil
1158,sm4-87,Reverse Holofoil
1159,ex6-80,Reverse Holofoil
1162,bw4-1,Reverse Holofoil
1164,sv10-182,Reverse Holofoil
1167,me2-60,Reverse Holofoil
1169,zsv10pt5-81,Reverse Holofoil
1170,sv3-80,Reverse Holofoil
1175,ex5-33,Reverse Holofoil
1176,swsh8-72,Reverse Holofoil
1179,bw9-77,Reverse Holofoil
1180,ex12-9,Reverse Holofoil
1182,swsh8-119,Reverse Holofoil
1183,bw1-37,Reverse Holofoil
1184,bw11-20,Reverse Holofoil
1193,xy4-33,Reverse Holofoil
1194,ex1-65,Reverse Holofoil
1195,ex4-3,Reverse Holofoil
1196,me1-37,Reverse Holofoil
1199,swsh5-84,Reverse Holofoil
1200,swsh12-69,Reverse Holofoil
1205,sv7-101,Reverse Holofoil
1206,dp6-110,Reverse Holofoil
1208,swsh6-147,Reverse Holofoil
1217,hgss3-69,Reverse Holofoil
1219,sm11-191,Reverse Holofoil
1221,bw7-4,Reverse Holofoil
1222,xy12-3,Reverse Holofoil
1223,xy5-139,Reverse Holofoil
1224,sm4-62,Reverse Holofoil
1225,dp6-48,Reverse Holofoil
1229,sv3pt5-103,Reverse Holofoil
1230,ex8-56,Reverse Holofoil
1233,swsh45-15,Reverse Holofoil
1237,swsh1-87,Reverse Holofoil
1243,dp3-14,Reverse Holofoil
1245,hgss1-43,Reverse Holofoil
1246,swsh9-60,Reverse Holofoil
1248,dp3-28,Reverse Holofoil
1250,bw7-120,Reverse Holofoil
1251,sv5-17,Reverse Holofoil
1252,sv3-197,Reverse Holofoil
1255,sm5-74,Reverse Holofoil
1256,sv6-128,Reverse Holofoil
1257,xy6-18,Reverse Holofoil
1270,dp3-102,Reverse Holofoil
1277,xy1-39,Reverse Holofoil
1278,dp6-135,Reverse Holofoil
1279,xy4-36,Reverse Holofoil
1282,swsh8-59,Reverse Holofoil
1287,sv4-88,Reverse Holofoil
1289,sm5-27,Reverse Holofoil
1290,swsh7-9,Reverse Holofoil
1291,sv5-40,Reverse Holofoil
1293,dp7-27,Reverse Holofoil
1297,swsh8-27,Reverse Holofoil
1298,dp4-60,Reverse Holofoil
1305,xy10-3,Reverse Holofoil
1309,hgss2-26,Reverse Holofoil
1310,rsv10pt5-42,Reverse Holofoil
1311,dp6-30,Reverse Holofoil
1319,bw8-53,Reverse Holofoil
1320,sm1-116,Reverse Holofoil
1322,ex6-92,Reverse Holofoil
1325,hgss1-29,Reverse Holofoil
1326,sm9-105,Reverse Holofoil
1327,sm2-68,Reverse Holofoil
1332,pl2-74,Reverse Holofoil
1333,pl4-26,Reverse Holofoil
1337,sv6-70,Reverse Holofoil
1340,bw6-26,Reverse Holofoil
1341,swsh10-6,Reverse Holofoil
1352,ex12-5,Reverse Holofoil
1354,base6-79,Reverse Holofoil
1355,ex16-29,Reverse Holofoil
1356,sm2-128,Reverse Holofoil
1359,xy2-50,Reverse Holofoil
1361,xy10-90,Reverse Holofoil
1366,sv5-150,Reverse Holofoil
1367,sm4-89,Reverse Holofoil
1369,hgss1-18,Reverse Holofoil
1370,sm12-104,Reverse Holofoil
1372,pgo-23,Reverse Holofoil
1373,swsh10-143,Reverse Holofoil
1376,sv3pt5-78,Reverse Holofoil
1378,hgss3-20,Reverse Holofoil
1380,g1-33,Reverse Holofoil
1381,swsh8-139,Reverse Holofoil
1384,sm1-10,Reverse Holofoil
1392,swsh5-11,Reverse Holofoil
1397,swsh35-7,Reverse Holofoil
1398,hgss1-4,Reverse Holofoil
1402,sm4-84,Reverse Holofoil
1406,ex14-49,Reverse Holofoil
1411,swsh8-100,Reverse Holofoil
1413,ex8-59,Reverse Holofoil
1414,bw10-67,Reverse Holofoil
1416,sv4-110,Reverse Holofoil
1419,xy7-76,Reverse Holofoil
1421,swsh12-141,Reverse Holofoil
1424,sm8-12,Reverse Holofoil
1429,ex5-18,Reverse Holofoil
1431,xy5-61,Reverse Holofoil
1433,sv8pt5-47,Reverse Holofoil
1436,xy2-47,Reverse Holofoil
1437,rsv10pt5-66,Reverse Holofoil
1439,ex16-67,Reverse Holofoil
1444,sv8-13,Reverse Holofoil
1446,pl4-24,Reverse Holofoil
1451,sv1-27,Reverse Holofoil
1462,sm2-51,Reverse Holofoil
1466,ex14-34,Reverse Holofoil
1474,xy12-15,Reverse Holofoil
1484,swsh35-49,Reverse Holofoil
1495,swsh2-59,Reverse Holofoil
1496,sm4-17,Reverse Holofoil
1499,swsh10-136,Reverse Holofoil
1502,me1-99,Reverse Holofoil
1503,xy11-99,Reverse Holofoil
1505,sv7-57,Reverse Holofoil
1506,sm8-82,Reverse Holofoil
1508,sv6-80,Reverse Holofoil
1510,hgss3-10,Reverse Holofoil
1511,sm3-75,Reverse Holofoil
1512,bw9-96,Reverse Holofoil
1518,ex6-25,Reverse Holofoil
1520,ex2-43,Reverse Holofoil
1522,me1-43,Reverse Holofoil
1523,sv4-73,Reverse Holofoil
1524,pl3-58,Reverse Holofoil
1526,base6-60,Reverse Holofoil
1529,swsh12-165,Reverse Holofoil
1531,sm35-21,Reverse Holofoil
1536,ex15-85,Reverse Holofoil
1538,ex7-21,Reverse Holofoil
1543,swsh8-234,Reverse Holofoil
1544,pl3-95,Reverse Holofoil
1546,xy6-40,Reverse Holofoil
1551,hgss4-9,Reverse Holofoil
1552,sm12-199,Reverse Holofoil
1554,swsh1-88,Reverse Holofoil
1561,swsh5-41,Reverse Holofoil
1562,sv4-91,Reverse Holofoil
1565,swsh2-56,Reverse Holofoil
1567,xy6-65,Reverse Holofoil
1568,sv5-65,Reverse Holofoil
1570,sv8pt5-113,Reverse Holofoil
1575,sv8-138,Reverse Holofoil
1578,ecard1-49,Reverse Holofoil
1581,ex7-40,Reverse Holofoil
1582,xy11-55,Reverse Holofoil
1583,ex13-62,Reverse Holofoil
1585,xy5-8,Reverse Holofoil
1586,sm3-2,Reverse Holofoil
1587,sv9-140,Reverse Holofoil
1588,swsh8-170,Reverse Holofoil
1593,swsh2-98,Reverse Holofoil
1595,sv8-126,Reverse Holofoil
1601,ex15-28,Reverse Holofoil
1605,swsh6-50,Reverse Holofoil
1606,bw3-41,Reverse Holofoil
1607,xy4-9,Reverse Holofoil
1608,rsv10pt5-7,Reverse Holofoil
1609,swsh8-211,Reverse Holofoil
1616,col1-80,Reverse Holofoil
1619,sm35-30,Reverse Holofoil
1621,swsh10-89,Reverse Holofoil
1622,sv8-134,Reverse Holofoil
1625,hgss2-54,Reverse Holofoil
1636,sv10-181,Reverse Holofoil
1637,sv8-173,Reverse Holofoil
1647,sv7-46,Reverse Holofoil
1648,dc1-14,Reverse Holofoil
1652,xy7-51,Reverse Holofoil
1653,hgss4-7,Reverse Holofoil
1654,pl2-54,Reverse Holofoil
1655,sm8-95,Reverse Holofoil
1658,hgss1-60,Reverse Holofoil
1659,dp5-33,Reverse Holofoil
1662,swsh6-36,Reverse Holofoil
1666,dp4-77,Reverse Holofoil
1670,dp3-42,Reverse Holofoil
1674,sv4-55,Reverse Holofoil
1676,xy8-47,Reverse Holofoil
1679,swsh8-236,Reverse Holofoil
1682,swsh3-85,Reverse Holofoil
1684,sv8pt5-120,Reverse Holofoil
1685,sv7-38,Reverse Holofoil
1686,ex1-43,Reverse Holofoil
1692,ecard1-15,Reverse Holofoil
1693,sv3pt5-157,Reverse Holofoil
1697,xy8-13,Reverse Holofoil
1703,swsh8-203,Reverse Holofoil
1704,sv3-63,Reverse Holofoil
1710,sv8-97,Reverse Holofoil
1711,xy4-68,Reverse Holofoil
1712,xy4-63,Reverse Holofoil
1713,pl3-94,Reverse Holofoil
1715,ex7-95,Reverse Holofoil
1717,sm11-77,Reverse Holofoil
1719,ex5-56,Reverse Holofoil
1720,xy5-128,Reverse Holofoil
1725,xy1-21,Reverse Holofoil
1726,xy4-111,Reverse Holofoil
1727,swsh12pt5-70,Reverse Holofoil
1735,xy10-77,Reverse Holofoil
1743,bw1-12,Reverse Holofoil
1744,sm12-135,Reverse Holofoil
1751,sv10-70,Reverse Holofoil
1753,swsh12pt5-133,Reverse Holofoil
1755,sv8-3,Reverse Holofoil
1757,xy6-45,Reverse Holofoil
1759,me1-74,Reverse Holofoil
1760,swsh8-153,Reverse Holofoil
1762,ex2-56,Reverse Holofoil
1764,ecard1-18,Reverse Holofoil
1766,ecard2-36,Reverse Holofoil
1769,swsh7-43,Reverse Holofoil
1770,swsh8-173,Reverse Holofoil
1772,sm8-38,Reverse Holofoil
1775,ex8-80,Reverse Holofoil
1776,bw7-124,Reverse Holofoil
1780,swsh12-127,Reverse Holofoil
1781,ex1-83,Reverse Holofoil
1784,sm8-25,Reverse Holofoil
1785,me1-67,Reverse Holofoil
1787,xy3-57,Reverse Holofoil
1788,ex4-78,Reverse Holofoil
1793,bw2-21,Reverse Holofoil
1796,swsh8-192,Reverse Holofoil
1797,swsh3-92,Reverse Holofoil
1800,swsh9-44,Reverse Holofoil
1803,me1-88,Reverse Holofoil
1805,ex10-61,Reverse Holofoil
1806,hgss4-77,Reverse Holofoil
1807,bw8-57,Reverse Holofoil
1808,me2-55,Reverse Holofoil
1810,sv8-155,Reverse Holofoil
1811,ex16-71,Reverse Holofoil
1812,bw1-56,Reverse Holofoil
1814,xy10-16,Reverse Holofoil
1818,ex13-39,Reverse Holofoil
1820,ex3-12,Reverse Holofoil
1821,bw7-66,Reverse Holofoil
1826,dp2-57,Reverse Holofoil
1827,sv9-129,Reverse Holofoil
1828,sv4pt5-91,Reverse Holofoil
1831,sv3pt5-146,Reverse Holofoil
1834,pl4-52,Reverse Holofoil
1837,g1-78,Reverse Holofoil
1840,sv8-150,Reverse Holofoil
1844,sm115-64,Reverse Holofoil
1846,sm11-81,Reverse Holofoil
1847,xy9-91,Reverse Holofoil
1848,dp1-39,Reverse Holofoil
1852,ecard3-20,Reverse Holofoil
1853,swsh8-8,Reverse Holofoil
1854,ex13-67,Reverse Holofoil
1856,sm8-45,Reverse Holofoil
1861,swsh4-71,Reverse Holofoil
1863,ex7-79,Reverse Holofoil
1864,zsv10pt5-79,Reverse Holofoil
1865,swsh7-23,Reverse Holofoil
1866,sm12-10,Reverse Holofoil
1868,sm11-182,Reverse Holofoil
1869,xy12-71,Reverse Holofoil
1870,bw7-116,Reverse Holofoil
1872,swsh6-139,Reverse Holofoil
1873,swsh8-3,Reverse Holofoil
1876,hgss2-2,Reverse Holofoil
1880,sv6-35,Reverse Holofoil
1881,sv4pt5-40,Reverse Holofoil
1883,sv1-102,Reverse Holofoil
1884,swsh9-11,Reverse Holofoil
1887,hgss2-1,Reverse Holofoil
1890,bw4-78,Reverse Holofoil
1891,sm6-10,Reverse Holofoil
1893,bw5-78,Reverse Holofoil
1897,pl2-RT3,Reverse Holofoil
1904,pl1-100,Reverse Holofoil
1905,sv4-43,Reverse Holofoil
1907,sv7-3,Reverse Holofoil
1911,xy10-44,Reverse Holofoil
1919,swsh12pt5-86,Reverse Holofoil
1922,xy3-80,Reverse Holofoil
1923,swsh12pt5-112,Reverse Holofoil
1925,bw5-2,Reverse Holofoil
1926,dp7-17,Reverse Holofoil
1929,dp4-92,Reverse Holofoil
1930,sv7-139,Reverse Holofoil
1933,ex14-12,Reverse Holofoil
1935,swsh3-91,Reverse Holofoil
1937,sm3-111,Reverse Holofoil
1940,swsh9-148,Reverse Holofoil
1945,sv9-92,Reverse Holofoil
1950,sm2-55,Reverse Holofoil
1956,ex11-1,Reverse Holofoil
1960,swsh7-85,Reverse Holofoil
1967,ex12-40,Reverse Holofoil
1969,sv8pt5-10,Reverse Holofoil
1970,sv5-140,Reverse Holofoil
1971,ex1-79,Reverse Holofoil
1974,sv10-133,Reverse Holofoil
1978,sv3-142,Reverse Holofoil
1981,sv8pt5-71,Reverse Holofoil
1984,swsh7-69,Reverse Holofoil
1986,dp1-42,Reverse Holofoil
1988,sm10-75,Reverse Holofoil
1992,sv5-159,Reverse Holofoil
1995,sv6-30,Reverse Holofoil
1996,sm7-60,Reverse Holofoil
2001,dp4-68,Reverse Holofoil
2006,hgss1-50,Reverse Holofoil
2007,ex12-31,Reverse Holofoil
2009,sv3-138,Reverse Holofoil
2010,sv7-125,Reverse Holofoil
2013,sv7-11,Reverse Holofoil
2014,me2-51,Reverse Holofoil
2015,sv3-174,Reverse Holofoil
2017,swsh4-112,Reverse Holofoil
2018,sm11-180,Reverse Holofoil
2019,sv8-89,Reverse Holofoil
2029,swsh7-126,Reverse Holofoil
2030,xy10-1,Reverse Holofoil
2032,pl3-44,Reverse Holofoil
2033,swsh4-128,Reverse Holofoil
2037,sm2-118,Reverse Holofoil
2039,swsh4-2,Reverse Holofoil
2044,xy1-64,Reverse Holofoil
2045,sm4-100,Reverse Holofoil
2046,swsh8-183,Reverse Holofoil
2047,bw8-87,Reverse Holofoil
2048,ex3-66,Reverse Holofoil
2053,ex4-38,Reverse Holofoil
2056,swsh2-165,Reverse Holofoil
2060,sm7-73,Reverse Holofoil
2061,sv1-54,Reverse Holofoil
2062,sm115-1,Reverse Holofoil
2063,bw10-19,Reverse Holofoil
2065,sv8-67,Reverse Holofoil
2067,swsh2-77,Reverse Holofoil
2068,swsh5-2,Reverse Holofoil
2069,bw3-80,Reverse Holofoil
2071,ex2-54,Reverse Holofoil
2073,dp5-17,Reverse Holofoil
2076,swsh12pt5-84,Reverse Holofoil
2077,swsh7-2,Reverse Holofoil
2079,ex12-19,Reverse Holofoil
2085,bw1-88,Reverse Holofoil
2086,swsh10-86,Reverse Holofoil
2088,sv4pt5-25,Reverse Holofoil
2089,swsh12-169,Reverse Holofoil
2092,swsh12-89,Reverse Holofoil
2093,hgss1-123,Reverse Holofoil
2104,swsh7-77,Reverse Holofoil
2108,ex16-70,Reverse Holofoil
2111,swsh12-163,Reverse Holofoil
2116,bw8-111,Reverse Holofoil
2117,swsh10-108,Reverse Holofoil
2118,ex10-82,Reverse Holofoil
2121,swsh6-66,Reverse Holofoil
2124,sm2-24,Reverse Holofoil
2129,me1-66,Reverse Holofoil
2130,sv3-160,Reverse Holofoil
2131,ex12-66,Reverse Holofoil
2134,xy10-56,Reverse Holofoil
2138,ex9-70,Reverse Holofoil
2143,ex1-18,Reverse Holofoil
2145,swsh7-154,Reverse Holofoil
2148,sv8pt5-38,Reverse Holofoil
2150,sm5-76,Reverse Holofoil
2152,bw10-53,Reverse Holofoil
2153,bw7-40,Reverse Holofoil
2154,sv4-153,Reverse Holofoil
2155,sv8-103,Reverse Holofoil
2158,sm4-15,Reverse Holofoil
2159,rsv10pt5-9,Reverse Holofoil
2163,ex1-81,Reverse Holofoil
2169,sv3pt5-86,Reverse Holofoil
2170,dp3-126,Reverse Holofoil
2171,ex10-34,Reverse Holofoil
2179,base6-58,Reverse Holofoil
2183,dp2-17,Reverse Holofoil
2184,bw6-114,Reverse Holofoil
2186,dp1-114,Reverse Holofoil
2187,ex2-70,Reverse Holofoil
2191,ex9-68,Reverse Holofoil
2193,dp7-49,Reverse Holofoil
2194,dp7-74,Reverse Holofoil
2195,xy8-93,Reverse Holofoil
2196,xy12-62,Reverse Holofoil
2197,dp2-88,Reverse Holofoil
2204,sv8pt5-81,Reverse Holofoil
2207,swsh4-87,Reverse Holofoil
2212,sm7-24,Reverse Holofoil
2216,sv1-21,Reverse Holofoil
2220,sv3-46,Reverse Holofoil
2221,pl3-12,Reverse Holofoil
2223,base6-50,Reverse Holofoil
2228,swsh7-93,Reverse Holofoil
2230,ex12-32,Reverse Holofoil
2236,xy9-86,Reverse Holofoil
2238,swsh1-97,Reverse Holofoil
2239,xy9-71,Reverse Holofoil
2248,sm115-55,Reverse Holofoil
2250,sv3-49,Reverse Holofoil
2254,swsh9-87,Reverse Holofoil
2255,dp1-87,Reverse Holofoil
2256,dp1-69,Reverse Holofoil
2257,xy9-49,Reverse Holofoil
2258,bw10-35,Reverse Holofoil
2261,col1-48,Reverse Holofoil
2264,pl1-65,Reverse Holofoil
2270,sv1-18,Reverse Holofoil
2271,bp-3,Reverse Holofoil
2272,sv10-176,Reverse Holofoil
2275,ex16-38,Reverse Holofoil
2282,xy7-80,Reverse Holofoil
2283,bw2-10,Reverse Holofoil
2287,dp3-82,Reverse Holofoil
2289,sm12-2,Reverse Holofoil
2292,swsh5-131,Reverse Holofoil
2295,dp4-55,Reverse Holofoil
2299,bw11-1,Reverse Holofoil
2302,swsh7-67,Reverse Holofoil
2312,sm5-26,Reverse Holofoil
2314,base6-6,Reverse Holofoil
2316,pl3-90,Reverse Holofoil
2317,hgss3-44,Reverse Holofoil
2321,xy5-62,Reverse Holofoil
2323,swsh12pt5-50,Reverse Holofoil
2324,sm11-10,Reverse Holofoil
2326,ecard1-46,Reverse Holofoil
2327,bw9-59,Reverse Holofoil
2328,me1-12,Reverse Holofoil
2340,swsh10-139,Reverse Holofoil
2341,base6-55,Reverse Holofoil
2343,swsh12pt5-115,Reverse Holofoil
2348,swsh1-76,Reverse Holofoil
2351,ex12-27,Reverse Holofoil
2352,bw2-41,Reverse Holofoil
2353,sm12-55,Reverse Holofoil
2356,ecard2-129,Reverse Holofoil
2357,sv5-55,Reverse Holofoil
2363,xy1-130,Reverse Holofoil
2366,ex10-27,Reverse Holofoil
2368,swsh2-164,Reverse Holofoil
2369,swsh2-21,Reverse Holofoil
2371,swsh10-132,Reverse Holofoil
2373,bw11-15,Reverse Holofoil
2383,sm115-43,Reverse Holofoil
2385,sv9-113,Reverse Holofoil
2392,sv5-132,Reverse Holofoil
2395,sm5-94,Reverse Holofoil
2397,bw7-99,Reverse Holofoil
2399,bw8-12,Reverse Holofoil
2402,sm11-174,Reverse Holofoil
2408,sm12-44,Reverse Holofoil
2409,sv3-57,Reverse Holofoil
2411,sm35-64,Reverse Holofoil
2415,sv8pt5-67,Reverse Holofoil
2416,xy2-83,Reverse Holofoil
2417,dp2-6,Reverse Holofoil
2421,xy9-110,Reverse Holofoil
2423,sm11-22,Reverse Holofoil
2424,pl2-82,Reverse Holofoil
2433,ex6-37,Reverse Holofoil
2436,ex2-62,Reverse Holofoil
2437,swsh5-5,Reverse Holofoil
2439,ex3-23,Reverse Holofoil
2443,sv4pt5-24,Reverse Holofoil
2446,hgss3-39,Reverse Holofoil
2447,ex14-53,Reverse Holofoil
2448,sv2-29,Reverse Holofoil
2451,sm35-4,Reverse Holofoil
2454,bw8-105,Reverse Holofoil
2456,swsh8-77,Reverse Holofoil
2457,dp5-75,Reverse Holofoil
2460,ex13-45,Reverse Holofoil
2467,sv5-54,Reverse Holofoil
2468,sv4-86,Reverse Holofoil
2474,ecard2-60,Reverse Holofoil
2477,bw11-67,Reverse Holofoil
2478,bw7-76,Reverse Holofoil
2479,xy5-53,Reverse Holofoil
2480,sm2-16,Reverse Holofoil
2481,sm6-109,Reverse Holofoil
2485,xy8-78,Reverse Holofoil
2486,ex5-75,Reverse Holofoil
2488,dp1-60,Reverse Holofoil
2490,swsh8-127,Reverse Holofoil
2491,ex11-92,Reverse Holofoil
2495,hgss1-66,Reverse Holofoil
2498,zsv10pt5-35,Reverse Holofoil
2500,sm2-81,Reverse Holofoil
2502,swsh5-31,Reverse Holofoil
2534,ex6-54,Reverse Holofoil
2536,xy10-96,Reverse Holofoil
2537,swsh9-150,Reverse Holofoil
2543,sv9-127,Reverse Holofoil
2547,ex12-28,Reverse Holofoil
2549,sv5-139,Reverse Holofoil
2551,bw2-39,Reverse Holofoil
2552,ex8-24,Reverse Holofoil
2553,col1-56,Reverse Holofoil
2554,sm8-21,Reverse Holofoil
2559,zsv10pt5-65,Reverse Holofoil
2560,hgss2-58,Reverse Holofoil
2564,swsh5-55,Reverse Holofoil
2566,pgo-34,Reverse Holofoil
2570,sv2-16,Reverse Holofoil
2571,dp6-60,Reverse Holofoil
2573,ex7-50,Reverse Holofoil
2575,dp2-92,Reverse Holofoil
2583,sm11-197,Reverse Holofoil
2584,ex12-62,Reverse Holofoil
2585,sv9-3,Reverse Holofoil
2588,sv9-151,Reverse Holofoil
2589,sm12-48,Reverse Holofoil
2591,ex10-58,Reverse Holofoil
2595,swsh3-74,Reverse Holofoil
2598,xy8-76,Reverse Holofoil
2600,sv4-41,Reverse Holofoil
2601,sm11-58,Reverse Holofoil
2602,sv4-133,Reverse Holofoil
2604,bw8-104,Reverse Holofoil
2605,swsh2-86,Reverse Holofoil
2606,pl4-22,Reverse Holofoil
2607,hgss1-45,Reverse Holofoil
2609,xy12-92,Reverse Holofoil
2611,swsh12pt5-110,Reverse Holofoil
2618,me1-117,Reverse Holofoil
2619,dp6-115,Reverse Holofoil
2620,ex5-67,Reverse Holofoil
2622,col1-17,Reverse Holofoil
2623,ex8-16,Reverse Holofoil
2630,pl1-42,Reverse Holofoil
2636,ex12-79,Reverse Holofoil
2637,dp6-136,Reverse Holofoil
2640,pgo-1,Reverse Holofoil
2644,sv5-69,Reverse Holofoil
2646,sm5-130,Reverse Holofoil
2651,ex12-26,Reverse Holofoil
2652,xy1-47,Reverse Holofoil
2653,hgss4-78,Reverse Holofoil
2654,swsh12-153,Reverse Holofoil
2656,ex8-5,Reverse Holofoil
2657,rsv10pt5-8,Reverse Holofoil
2659,sm7-41,Reverse Holofoil
2661,bw7-113,Reverse Holofoil
2662,pl3-129,Reverse Holofoil
2663,dp1-57,Reverse Holofoil
2665,sm4-53,Reverse Holofoil
2666,rsv10pt5-44,Reverse Holofoil
2667,swsh9-129,Reverse Holofoil
2671,zsv10pt5-9,Reverse Holofoil
2672,sm9-39,Reverse Holofoil
2677,sv8-118,Reverse Holofoil
2679,bw1-98,Reverse Holofoil
2681,ecard2-86,Reverse Holofoil
2684,sm5-23,Reverse Holofoil
2688,bw9-99,Reverse Holofoil
2689,ecard1-45,Reverse Holofoil
2694,sm10-148,Reverse Holofoil
2697,ex16-28,Reverse Holofoil
2699,pl2-61,Reverse Holofoil
2700,sv10-108,Reverse Holofoil
2702,sv10-126,Reverse Holofoil
2703,ex12-56,Reverse Holofoil
2706,sm1-90,Reverse Holofoil
2708,xy5-71,Reverse Holofoil
2709,sm12-56,Reverse Holofoil
2716,bw6-67,Reverse Holofoil
2721,zsv10pt5-8,Reverse Holofoil
2722,swsh8-36,Reverse Holofoil
2725,dp2-19,Reverse Holofoil
2728,ecard2-16,Reverse Holofoil
2729,dp4-73,Reverse Holofoil
2730,sv5-98,Reverse Holofoil
2732,ex3-10,Reverse Holofoil
2733,swsh4-7,Reverse Holofoil
2734,hgss4-30,Reverse Holofoil
2741,swsh1-64,Reverse Holofoil
2743,xy6-2,Reverse Holofoil
2744,xy5-100,Reverse Holofoil
2745,ecard1-39,Reverse Holofoil
2748,sm10-90,Reverse Holofoil
2749,bw9-67,Reverse Holofoil
2750,xy9-48,Reverse Holofoil
2753,ex3-82,Reverse Holofoil
2764,sv6-100,Reverse Holofoil
2769,xy8-52,Reverse Holofoil
2770,sv8-169,Reverse Holofoil
2772,pl1-62,Reverse Holofoil
2773,sm12-30,Reverse Holofoil
2774,ecard2-50,Reverse Holofoil
2776,bw2-54,Reverse Holofoil
2777,sm8-79,Reverse Holofoil
2784,sv10-127,Reverse Holofoil
2785,swsh8-55,Reverse Holofoil
2786,sm9-124,Reverse Holofoil
2787,ecard3-81,Reverse Holofoil
2792,ex4-46,Reverse Holofoil
2795,swsh4-88,Reverse Holofoil
2798,sv3pt5-35,Reverse Holofoil
2802,hgss1-72,Reverse Holofoil
2804,xy10-37,Reverse Holofoil
2805,swsh12-39,Reverse Holofoil
2806,ex6-94,Reverse Holofoil
2807,me2-24,Reverse Holofoil
2810,ex11-75,Reverse Holofoil
2813,swsh9-53,Reverse Holofoil
2815,sv4-18,Reverse Holofoil
2821,swsh12pt5-130,Reverse Holofoil
2823,sm9-58,Reverse Holofoil
2834,swsh5-69,Reverse Holofoil
2835,ex2-93,Reverse Holofoil
2836,sm35-32,Reverse Holofoil
2842,pl1-5,Reverse Holofoil
2843,sv10-5,Reverse Holofoil
2844,sm10-71,Reverse Holofoil
2851,ex13-69,Reverse Holofoil
2857,sm9-140,Reverse Holofoil
2862,xy9-33,Reverse Holofoil
2864,bw9-79,Reverse Holofoil
2868,bw9-23,Reverse Holofoil
2884,ex13-75,Reverse Holofoil
2887,xy5-30,Reverse Holofoil
2888,ex14-21,Reverse Holofoil
2889,sv4pt5-88,Reverse Holofoil
2892,bw1-57,Reverse Holofoil
2893,sm3-127,Reverse Holofoil
2894,swsh35-20,Reverse Holofoil
2895,bw6-72,Reverse Holofoil
2896,swsh5-29,Reverse Holofoil
2897,ex7-15,Reverse Holofoil
2898,swsh1-20,Reverse Holofoil
2902,ex6-47,Reverse Holofoil
2903,swsh10-41,Reverse Holofoil
2904,col1-78,Reverse Holofoil
2905,sm7-13,Reverse Holofoil
2906,sm1-94,Reverse Holofoil
2907,pl1-118,Reverse Holofoil
2908,zsv10pt5-2,Reverse Holofoil
2909,sv8-172,Reverse Holofoil
2915,swsh3-14,Reverse Holofoil
2916,sv8pt5-83,Reverse Holofoil
2917,swsh8-97,Reverse Holofoil
2919,bwp-BW52,Reverse Holofoil
2922,sv4-40,Reverse Holofoil
2926,sv7-130,Reverse Holofoil
2927,sm9-55,Reverse Holofoil
2931,swsh5-35,Reverse Holofoil
2932,sm6-25,Reverse Holofoil
2933,sv4-161,Reverse Holofoil
2938,ex4-29,Reverse Holofoil
2940,sm115-62,Reverse Holofoil
2941,ex13-58,Reverse Holofoil
2943,sv6-153,Reverse Holofoil
2945,ex6-32,Reverse Holofoil
2948,hgss1-41,Reverse Holofoil
2950,dc1-29,Reverse Holofoil
2952,dc1-30,Reverse Holofoil
2954,sm2-13,Reverse Holofoil
2958,swsh1-160,Reverse Holofoil
2960,sm6-104,Reverse Holofoil
2962,pl3-98,Reverse Holofoil
2963,bw7-84,Reverse Holofoil
2964,ex1-53,Reverse Holofoil
2967,swsh35-66,Reverse Holofoil
2969,bw1-95,Reverse Holofoil
2973,sv3pt5-102,Reverse Holofoil
2974,sv1-128,Reverse Holofoil
2976,col1-27,Reverse Holofoil
2977,dp3-85,Reverse Holofoil
2983,ex15-56,Reverse Holofoil
2984,swsh9-76,Reverse Holofoil
2985,xy9-50,Reverse Holofoil
2986,swsh5-100,Reverse Holofoil
2987,ex15-4,Reverse Holofoil
2991,pl2-72,Reverse Holofoil
2998,xy6-20,Reverse Holofoil
3002,dp7-9,Reverse Holofoil
3009,sm8-58,Reverse Holofoil
3010,xy2-34,Reverse Holofoil
3011,bw7-104,Reverse Holofoil
3012,me1-17,Reverse Holofoil
3014,swsh8-125,Reverse Holofoil
3016,xy4-47,Reverse Holofoil
3018,bw6-33,Reverse Holofoil
3020,xy10-42,Reverse Holofoil
3023,dp5-80,Reverse Holofoil
3026,bw4-71,Reverse Holofoil
3027,zsv10pt5-43,Reverse Holofoil
3028,sv4-21,Reverse Holofoil
3029,pgo-14,Reverse Holofoil
3041,xy4-73,Reverse Holofoil
3043,sm7-10,Reverse Holofoil
3045,sv4-166,Reverse Holofoil
3046,ex13-65,Reverse Holofoil
3047,swsh4-56,Reverse Holofoil
3049,sm10-83,Reverse Holofoil
3052,sv6-97,Reverse Holofoil
3054,sm75-63,Reverse Holofoil
3058,ecard1-114,Reverse Holofoil
3060,bw4-28,Reverse Holofoil
3061,g1-48,Reverse Holofoil
3064,sv10-100,Reverse Holofoil
3069,bw7-5,Reverse Holofoil
3072,sv2-123,Reverse Holofoil
3075,sv6-109,Reverse Holofoil
3077,swsh2-113,Reverse Holofoil
3084,sm10-50,Reverse Holofoil
3085,dp4-40,Reverse Holofoil
3087,sv8pt5-55,Reverse Holofoil
3091,sv8pt5-49,Reverse Holofoil
3098,swsh8-239,Reverse Holofoil
3099,dp3-120,Reverse Holofoil
3105,ex9-47,Reverse Holofoil
3106,sm12-61,Reverse Holofoil
3110,zsv10pt5-33,Reverse Holofoil
3114,sv3-41,Reverse Holofoil
3115,sv2-38,Reverse Holofoil
3116,swsh9-101,Reverse Holofoil
3118,sv4-158,Reverse Holofoil
3119,pl3-41,Reverse Holofoil
3123,xy6-12,Reverse Holofoil
3125,swsh3-35,Reverse Holofoil
3126,col1-24,Reverse Holofoil
3129,swsh9-108,Reverse Holofoil
3130,xy5-83,Reverse Holofoil
3131,ex2-19,Reverse Holofoil
3132,sv4-75,Reverse Holofoil
3135,ex15-35,Reverse Holofoil
3136,pl2-33,Reverse Holofoil
3137,dp3-68,Reverse Holofoil
3144,bw10-71,Reverse Holofoil
3145,ex9-23,Reverse Holofoil
3146,sv1-93,Reverse Holofoil
3147,xy2-85,Reverse Holofoil
3151,swsh10-14,Reverse Holofoil
3155,sv10-48,Reverse Holofoil
3156,ecard2-8,Reverse Holofoil
3160,sv4pt5-18,Reverse Holofoil
3161,sv4pt5-37,Reverse Holofoil
3164,sm10-101,Reverse Holofoil
3165,dp1-79,Reverse Holofoil
3166,bw10-32,Reverse Holofoil
3167,sv1-113,Reverse Holofoil
3168,sm11-210,Reverse Holofoil
3170,sv3pt5-70,Reverse Holofoil
3172,swsh12-84,Reverse Holofoil
3174,sv2-101,Reverse Holofoil
3183,sv4-57,Reverse Holofoil
3185,sm35-11,Reverse Holofoil
3186,swsh12-85,Reverse Holofoil
3190,ex10-80,Reverse Holofoil
3191,rsv10pt5-49,Reverse Holofoil
3195,sm10-44,Reverse Holofoil
3196,bw5-87,Reverse Holofoil
3198,pgo-24,Reverse Holofoil
3201,pl4-31,Reverse Holofoil
3210,swsh7-151,Reverse Holofoil
3212,sv1-55,Reverse Holofoil
3213,me1-112,Reverse Holofoil
3214,sm8-112,Reverse Holofoil
3215,bw10-73,Reverse Holofoil
3216,sv9-33,Reverse Holofoil
3217,sv8-93,Reverse Holofoil
3220,sv8-90,Reverse Holofoil
3222,ex3-51,Reverse Holofoil
3227,dc1-34,Reverse Holofoil
3228,sv10-130,Reverse Holofoil
3233,sv10-55,Reverse Holofoil
3237,sv6pt5-43,Reverse Holofoil
3238,swsh8-136,Reverse Holofoil
3239,sv4-24,Reverse Holofoil
3241,ex10-49,Reverse Holofoil
3253,dp1-52,Reverse Holofoil
3254,base6-32,Reverse Holofoil
3255,ex5-61,Reverse Holofoil
3262,xy6-11,Reverse Holofoil
3272,sv8-120,Reverse Holofoil
3274,hgss3-18,Reverse Holofoil
3279,bw7-42,Reverse Holofoil
3284,xy2-84,Reverse Holofoil
3286,swsh3-54,Reverse Holofoil
3287,hgss2-29,Reverse Holofoil
3290,swsh8-143,Reverse Holofoil
3298,sm12-52,Reverse Holofoil
3299,ex5-7,Reverse Holofoil
3308,ex5-50,Reverse Holofoil
3312,ex11-88,Reverse Holofoil
3327,dp2-51,Reverse Holofoil
3328,ex4-54,Reverse Holofoil
3330,swsh2-45,Reverse Holofoil
3331,swsh5-43,Reverse Holofoil
3332,sm10-180,Reverse Holofoil
3335,dp2-63,Reverse Holofoil
3339,pl1-55,Reverse Holofoil
3342,pl3-64,Reverse Holofoil
3347,me2-52,Reverse Holofoil
3349,swsh4-152,Reverse Holofoil
3361,dp3-44,Reverse Holofoil
3367,sm115-12,Reverse Holofoil
3371,sv6-55,Reverse Holofoil
3372,zsv10pt5-83,Reverse Holofoil
3373,sm8-36,Reverse Holofoil
3374,swsh5-105,Reverse Holofoil
3375,sm12-202,Reverse Holofoil
3378,swsh8-126,Reverse Holofoil
3382,sv8-53,Reverse Holofoil
3383,dp3-59,Reverse Holofoil
3386,sv10-97,Reverse Holofoil
3392,sv1-52,Reverse Holofoil
3393,swsh10-116,Reverse Holofoil
3395,ex13-9,Reverse Holofoil
3396,sv5-72,Reverse Holofoil
3400,sm75-29,Reverse Holofoil
3401,sv8-38,Reverse Holofoil
3402,sm6-63,Reverse Holofoil
3404,sv6pt5-63,Reverse Holofoil
3408,sm10-19,Reverse Holofoil
3410,ex4-83,Reverse Holofoil
3411,xy10-108,Reverse Holofoil
3414,ex13-42,Reverse Holofoil
3415,swsh6-4,Reverse Holofoil
3418,rsv10pt5-22,Reverse Holofoil
3419,xy9-42,Reverse Holofoil
3421,ex15-44,Reverse Holofoil
3426,sm3-12,Reverse Holofoil
3428,xy11-5,Reverse Holofoil
3429,sv1-172,Reverse Holofoil
3431,col1-63,Reverse Holofoil
3434,sv8-74,Reverse Holofoil
3435,sm11-92,Reverse Holofoil
3442,dp2-5,Reverse Holofoil
3455,sv1-7,Reverse Holofoil
3456,sm11-153,Reverse Holofoil
3459,rsv10pt5-50,Reverse Holofoil
3461,swsh10-59,Reverse Holofoil
3463,xy3-65,Reverse Holofoil
3468,sv9-12,Reverse Holofoil
3470,ex15-26,Reverse Holofoil
3474,sv8-165,Reverse Holofoil
3475,xy11-28,Reverse Holofoil
3476,ex1-29,Reverse Holofoil
3485,swsh10-104,Reverse Holofoil
3487,me1-113,Reverse Holofoil
3489,sv4-174,Reverse Holofoil
3491,swsh9-34,Reverse Holofoil
3495,ex3-5,Reverse Holofoil
3497,swsh8-172,Reverse Holofoil
3498,swsh12-55,Reverse Holofoil
3503,bw9-4,Reverse Holofoil
3504,swsh12-10,Reverse Holofoil
3516,swsh9-137,Reverse Holofoil
3518,pl1-84,Reverse Holofoil
3519,dp1-66,Reverse Holofoil
3520,dp7-56,Reverse Holofoil
3523,sm11-64,Reverse Holofoil
3524,xy12-42,Reverse Holofoil
3526,sv8pt5-39,Reverse Holofoil
3527,sv1-98,Reverse Holofoil
3530,pl2-89,Reverse Holofoil
3531,ex9-22,Reverse Holofoil
3533,xy7-67,Reverse Holofoil
3538,swsh12-49,Reverse Holofoil
3540,swsh10-12,Reverse Holofoil
3544,sm8-5,Reverse Holofoil
3545,sv1-58,Reverse Holofoil
3550,ex1-50,Reverse Holofoil
3551,sm1-67,Reverse Holofoil
3552,ex7-69,Reverse Holofoil
3558,bw7-41,Reverse Holofoil
3559,sv5-96,Reverse Holofoil
3560,xy8-7,Reverse Holofoil
3561,sv7-90,Reverse Holofoil
3562,swsh12-168,Reverse Holofoil
3563,ex4-67,Reverse Holofoil
3566,sv1-69,Reverse Holofoil
3567,sv6-147,Reverse Holofoil
3569,ex1-109,Reverse Holofoil
3571,ex4-49,Reverse Holofoil
3578,sm3-45,Reverse Holofoil
3580,sm9-73,Reverse Holofoil
3583,sv10-134,Reverse Holofoil
3585,hgss3-38,Reverse Holofoil
3586,sv4-114,Reverse Holofoil
3596,xy4-39,Reverse Holofoil
3600,rsv10pt5-26,Reverse Holofoil
3602,sm3-95,Reverse Holofoil
3605,base6-52,Reverse Holofoil
3606,sv8pt5-96,Reverse Holofoil
3610,swsh8-220,Reverse Holofoil
3617,xy6-55,Reverse Holofoil
3618,sv4pt5-57,Reverse Holofoil
3624,pl2-71,Reverse Holofoil
3625,sm1-51,Reverse Holofoil
3626,sm2-29,Reverse Holofoil
3628,sv4-127,Reverse Holofoil
3630,xy1-25,Reverse Holofoil
3632,ecard1-43,Reverse Holofoil
3635,dp4-8,Reverse Holofoil
3638,bw6-41,Reverse Holofoil
3639,sm8-177,Reverse Holofoil
3641,ex12-14,Reverse Holofoil
3642,ex8-12,Reverse Holofoil
3648,xy10-75,Reverse Holofoil
3651,bw8-72,Reverse Holofoil
3652,sv3-149,Reverse Holofoil
3655,dp5-19,Reverse Holofoil
3657,xy6-41,Reverse Holofoil
3658,zsv10pt5-68,Reverse Holofoil
3659,bw5-89,Reverse Holofoil
3660,ex8-48,Reverse Holofoil
3663,me2-87,Reverse Holofoil
3665,swsh9-118,Reverse Holofoil
3667,ex2-89,Reverse Holofoil
3672,swsh1-96,Reverse Holofoil
3674,bw10-52,Reverse Holofoil
3675,bw10-45,Reverse Holofoil
3677,sv7-97,Reverse Holofoil
3679,dp2-53,Reverse Holofoil
3680,dp2-107,Reverse Holofoil
3685,xy4-105,Reverse Holofoil
3687,ex1-86,Reverse Holofoil
3688,dp1-26,Reverse Holofoil
3694,sm4-37,Reverse Holofoil
3696,xy8-33,Reverse Holofoil
3697,sv3pt5-101,Reverse Holofoil
3699,swsh8-91,Reverse Holofoil
3702,ex13-56,Reverse Holofoil
3703,sm5-61,Reverse Holofoil
3709,sv6pt5-2,Reverse Holofoil
3712,ex10-65,Reverse Holofoil
3718,ex9-8,Reverse Holofoil
3719,ex3-80,Reverse Holofoil
3725,col1-45,Reverse Holofoil
3728,sv3pt5-39,Reverse Holofoil
3729,ex14-82,Reverse Holofoil
3730,pl1-64,Reverse Holofoil
3731,hgss1-32,Reverse Holofoil
3733,hgss1-88,Reverse Holofoil
3734,me2-7,Reverse Holofoil
3735,swsh3-152,Reverse Holofoil
3738,ecard1-72,Reverse Holofoil
3742,hgss1-58,Reverse Holofoil
3743,np-8,Reverse Holofoil
3747,ex7-67,Reverse Holofoil
3749,bw5-76,Reverse Holofoil
3750,dp3-99,Reverse Holofoil
3751,sv6-143,Reverse Holofoil
3752,ex9-54,Reverse Holofoil
3754,me2-35,Reverse Holofoil
3755,ex10-60,Reverse Holofoil
3756,sm9-126,Reverse Holofoil
3760,hgss3-45,Reverse Holofoil
3762,sv3pt5-105,Reverse Holofoil
3769,swsh8-193,Reverse Holofoil
3771,swsh6-134,Reverse Holofoil
3773,ex10-87,Reverse Holofoil
3779,g1-71,Reverse Holofoil
3786,swsh45-57,Reverse Holofoil
3788,ecard2-29,Reverse Holofoil
3789,bw7-6,Reverse Holofoil
3790,me1-20,Reverse Holofoil
3791,xy10-89,Reverse Holofoil
3793,swsh7-103,Reverse Holofoil
3802,sv8-18,Reverse Holofoil
3803,sv1-106,Reverse Holofoil
3805,sm2-64,Reverse Holofoil
3807,sv7-53,Reverse Holofoil
3812,swsh12pt5-73,Reverse Holofoil
3815,sm12-82,Reverse Holofoil
3817,sm2-21,Reverse Holofoil
3818,hgss1-54,Reverse Holofoil
3819,rsv10pt5-37,Reverse Holofoil
3820,sm4-28,Reverse Holofoil
3823,swsh6-29,Reverse Holofoil
3826,hgss4-75,Reverse Holofoil
3828,bw10-12,Reverse Holofoil
3831,dp7-31,Reverse Holofoil
3835,xy5-16,Reverse Holofoil
3837,swsh3-109,Reverse Holofoil
3838,ex13-47,Reverse Holofoil
3841,xy3-79,Reverse Holofoil
3842,bw6-109,Reverse Holofoil
3856,sv1-170,Reverse Holofoil
3858,dc1-33,Reverse Holofoil
3864,pl3-SH9,Reverse Holofoil
3865,bw6-48,Reverse Holofoil
3866,bw2-75,Reverse Holofoil
3870,dp5-87,Reverse Holofoil
3871,sv9-156,Reverse Holofoil
3872,ex15-31,Reverse Holofoil
3874,hgss1-86,Reverse Holofoil
3875,xy2-49,Reverse Holofoil
3877,xy9-28,Reverse Holofoil
3879,ex14-65,Reverse Holofoil
3883,dp4-62,Reverse Holofoil
3886,dc1-2,Reverse Holofoil
3889,sm115-15,Reverse Holofoil
3890,sv10-74,Reverse Holofoil
3892,dp3-57,Reverse Holofoil
3897,bw11-80,Reverse Holofoil
3899,sm9-69,Reverse Holofoil
3901,sv3pt5-142,Reverse Holofoil
3903,sm4-66,Reverse Holofoil
3905,swsh12pt5-123,Reverse Holofoil
3907,xy1-70,Reverse Holofoil
3909,bw2-91,Reverse Holofoil
3910,ecard3-28,Reverse Holofoil
3912,xy4-3,Reverse Holofoil
3913,xy4-21,Reverse Holofoil
3914,pl3-126,Reverse Holofoil
3915,dp5-70,Reverse Holofoil
3916,swsh12-18,Reverse Holofoil
3917,pl4-30,Reverse Holofoil
3919,swsh12pt5-28,Reverse Holofoil
3921,swsh10-80,Reverse Holofoil
3924,sm5-109,Reverse Holofoil
3926,rsv10pt5-61,Reverse Holofoil
3930,sv4-102,Reverse Holofoil
3936,ex3-7,Reverse Holofoil
3937,sv4pt5-77,Reverse Holofoil
3940,ecard2-73,Reverse Holofoil
3941,ex7-76,Reverse Holofoil
3944,hgss1-14,Reverse Holofoil
3946,swsh35-46,Reverse Holofoil
3947,xy2-20,Reverse Holofoil
3949,swsh7-107,Reverse Holofoil
3950,bw9-50,Reverse Holofoil
3951,swsh10-153,Reverse Holofoil
3953,ex4-13,Reverse Holofoil
3954,swsh10-65,Reverse Holofoil
3956,ecard2-1,Reverse Holofoil
3957,sv7-94,Reverse Holofoil
3959,swsh10-48,Reverse Holofoil
3961,sm11-155,Reverse Holofoil
3962,swsh10-82,Reverse Holofoil
3971,sm115-59,Reverse Holofoil
3972,swsh2-82,Reverse Holofoil
3975,bw4-50,Reverse Holofoil
3978,ecard2-74,Reverse Holofoil
3981,sv1-152,Reverse Holofoil
3982,sv2-72,Reverse Holofoil
3983,sv1-174,Reverse Holofoil
3984,bw5-49,Reverse Holofoil
3985,swsh3-68,Reverse Holofoil
3987,swsh3-58,Reverse Holofoil
3988,dp4-89,Reverse Holofoil
3990,sm8-158,Reverse Holofoil
3991,me1-105,Reverse Holofoil
3992,swsh4-10,Reverse Holofoil
3994,pl2-RT5,Reverse Holofoil
3998,swsh8-82,Reverse Holofoil
4001,bw1-9,Reverse Holofoil
4002,swsh10-138,Reverse Holofoil
4005,ex5-8,Reverse Holofoil
4008,xy6-66,Reverse Holofoil
4009,ex13-66,Reverse Holofoil
4014,swsh12pt5-140,Reverse Holofoil
4015,ecard2-58,Reverse Holofoil
4026,ex8-6,Reverse Holofoil
4032,swsh7-104,Reverse Holofoil
4033,ex16-90,Reverse Holofoil
4035,sv10-132,Reverse Holofoil
4045,bw4-60,Reverse Holofoil
4051,sv4pt5-16,Reverse Holofoil
4056,me1-120,Reverse Holofoil
4057,bw8-112,Reverse Holofoil
4058,sm9-83,Reverse Holofoil
4062,sv3-47,Reverse Holofoil
4065,sv3pt5-144,Reverse Holofoil
4066,sv3-194,Reverse Holofoil
4069,bw4-85,Reverse Holofoil
4071,swsh35-25,Reverse Holofoil
4076,swsh8-117,Reverse Holofoil
4077,base6-82,Reverse Holofoil
4078,ex2-83,Reverse Holofoil
4081,sv5-131,Reverse Holofoil
4082,bw6-10,Reverse Holofoil
4086,ecard3-93,Reverse Holofoil
4088,sm115-45,Reverse Holofoil
4090,hgss4-57,Reverse Holofoil
4097,sm1-21,Reverse Holofoil
4098,xy7-13,Reverse Holofoil
4099,dp2-34,Reverse Holofoil
4103,dc1-4,Reverse Holofoil
4106,sv6-146,Reverse Holofoil
4108,sv10-142,Reverse Holofoil
4110,sv2-55,Reverse Holofoil
4113,ecard2-13,Reverse Holofoil
4120,sm8-65,Reverse Holofoil
4122,ex13-4,Reverse Holofoil
4130,ex3-77,Reverse Holofoil
4131,me1-98,Reverse Holofoil
4135,bw3-34,Reverse Holofoil
4139,sv8-92,Reverse Holofoil
4148,dp3-117,Reverse Holofoil
4149,bw1-55,Reverse Holofoil
4154,swsh8-33,Reverse Holofoil
4157,swsh9-56,Reverse Holofoil
4159,sv4pt5-20,Reverse Holofoil
4161,sm35-58,Reverse Holofoil
4167,xy7-66,Reverse Holofoil
4169,xy1-131,Reverse Holofoil
4170,bw7-94,Reverse Holofoil
4171,sv1-68,Reverse Holofoil
4174,sv9-136,Reverse Holofoil
4175,hgss4-48,Reverse Holofoil
4177,bw6-62,Reverse Holofoil
4178,sm11-199,Reverse Holofoil
4180,sm1-129,Reverse Holofoil
4183,pl3-25,Reverse Holofoil
4184,ex11-98,Reverse Holofoil
4185,ex2-73,Reverse Holofoil
4187,bw5-36,Reverse Holofoil
4191,swsh5-9,Reverse Holofoil
4198,sv8-175,Reverse Holofoil
4199,swsh45-32,Reverse Holofoil
4205,swsh4-18,Reverse Holofoil
4209,g1-76,Reverse Holofoil
4211,ex12-54,Reverse Holofoil
4212,ex9-37,Reverse Holofoil
4214,dp1-116,Reverse Holofoil
4217,swsh12pt5-61,Reverse Holofoil
4220,zsv10pt5-40,Reverse Holofoil
4225,xy3-89,Reverse Holofoil
4227,ecard3-21,Reverse Holofoil
4228,bw6-98,Reverse Holofoil
4231,bw10-41,Reverse Holofoil
4232,ex8-47,Reverse Holofoil
4233,swsh9-134,Reverse Holofoil
4234,ex10-68,Reverse Holofoil
4235,swsh7-46,Reverse Holofoil
4237,ecard1-150,Reverse Holofoil
4239,ex16-19,Reverse Holofoil
4241,swsh8-57,Reverse Holofoil
4245,sv1-85,Reverse Holofoil
4247,sm10-186,Reverse Holofoil
4248,sm9-119,Reverse Holofoil
4250,sm2-82,Reverse Holofoil
4256,bw8-65,Reverse Holofoil
4258,sm11-105,Reverse Holofoil
4259,me1-108,Reverse Holofoil
4262,sv3-136,Reverse Holofoil
4264,dp1-101,Reverse Holofoil
4266,xy1-41,Reverse Holofoil
4275,ex1-66,Reverse Holofoil
4276,sm3-59,Reverse Holofoil
4277,sm4-31,Reverse Holofoil
4279,ex8-75,Reverse Holofoil
4280,ex5-69,Reverse Holofoil
4282,ex15-76,Reverse Holofoil
4285,sm7-36,Reverse Holofoil
4287,sm12-78,Reverse Holofoil
4291,sm12-17,Reverse Holofoil
4292,swsh9-115,Reverse Holofoil
4294,dp2-69,Reverse Holofoil
4298,ex16-91,Reverse Holofoil
4306,bw7-82,Reverse Holofoil
4307,sv1-84,Reverse Holofoil
4308,swsh4-80,Reverse Holofoil
4309,dc1-19,Reverse Holofoil
4310,swsh5-46,Reverse Holofoil
4312,swsh35-65,Reverse Holofoil
4315,swsh10-69,Reverse Holofoil
4319,swsh6-116,Reverse Holofoil
4320,ex13-23,Reverse Holofoil
4321,me1-21,Reverse Holofoil
4322,ecard3-149,Reverse Holofoil
4326,sm4-20,Reverse Holofoil
4331,pl4-48,Reverse Holofoil
4335,swsh1-78,Reverse Holofoil
4339,sv9-146,Reverse Holofoil
4341,swsh12pt5-2,Reverse Holofoil
4342,ex7-84,Reverse Holofoil
4343,sv7-138,Reverse Holofoil
4345,xy12-98,Reverse Holofoil
4348,bw1-68,Reverse Holofoil
4352,swsh10-19,Reverse Holofoil
4355,sm10-3,Reverse Holofoil
4356,ex16-66,Reverse Holofoil
4363,base6-86,Reverse Holofoil
4364,swsh8-90,Reverse Holofoil
4369,bw6-61,Reverse Holofoil
4377,swsh7-66,Reverse Holofoil
4378,swsh12pt5-77,Reverse Holofoil
4379,xy1-99,Reverse Holofoil
4384,bw6-112,Reverse Holofoil
4389,sm10-15,Reverse Holofoil
4391,pl4-25,Reverse Holofoil
4393,xy6-7,Reverse Holofoil
4395,sv9-159,Reverse Holofoil
4396,bw2-18,Reverse Holofoil
4397,dp6-31,Reverse Holofoil
4398,ex14-9,Reverse Holofoil
4400,bw8-2,Reverse Holofoil
4404,sm6-43,Reverse Holofoil
4405,swsh6-23,Reverse Holofoil
4406,bw1-81,Reverse Holofoil
4407,g1-79,Reverse Holofoil
4408,dp7-83,Reverse Holofoil
4410,bw1-46,Reverse Holofoil
4411,sv8-149,Reverse Holofoil
4413,swsh3-94,Reverse Holofoil
4415,pl1-3,Reverse Holofoil
4420,sm1-73,Reverse Holofoil
4424,pl1-2,Reverse Holofoil
4426,sm9-87,Reverse Holofoil
4428,sm6-15,Reverse Holofoil
4430,sm6-12,Reverse Holofoil
4435,g1-41,Reverse Holofoil
4436,xy1-16,Reverse Holofoil
4439,me1-39,Reverse Holofoil
4443,ex5-31,Reverse Holofoil
4447,sm11-193,Reverse Holofoil
4448,ex8-2,Reverse Holofoil
4449,swsh7-146,Reverse Holofoil
4452,xy11-85,Reverse Holofoil
4457,sm2-28,Reverse Holofoil
4460,hgss3-47,Reverse Holofoil
4463,bw8-20,Reverse Holofoil
4465,bw4-13,Reverse Holofoil
4469,sm4-52,Reverse Holofoil
4475,me1-26,Reverse Holofoil
4477,me1-95,Reverse Holofoil
4478,ecard2-56,Reverse Holofoil
4480,bw9-43,Reverse Holofoil
4484,sm8-157,Reverse Holofoil
4486,sv10-167,Reverse Holofoil
4498,swsh10-74,Reverse Holofoil
4500,sm11-16,Reverse Holofoil
4504,xy5-81,Reverse Holofoil
4507,ecard3-128,Reverse Holofoil
4509,xy9-19,Reverse Holofoil
4511,swsh7-32,Reverse Holofoil
4512,swsh8-132,Reverse Holofoil
4513,ex12-72,Reverse Holofoil
4520,swsh6-86,Reverse Holofoil
4523,sv5-75,Reverse Holofoil
4528,sv6-3,Reverse Holofoil
4530,pl3-35,Reverse Holofoil
4534,sm3-74,Reverse Holofoil
4535,sm2-44,Reverse Holofoil
4539,zsv10pt5-20,Reverse Holofoil
4542,g1-77,Reverse Holofoil
4544,sm75-9,Reverse Holofoil
4545,pl4-37,Reverse Holofoil
4548,bw1-27,Reverse Holofoil
4550,sm8-83,Reverse Holofoil
4551,swsh10-127,Reverse Holofoil
4553,me2-16,Reverse Holofoil
4559,ex5-78,Reverse Holofoil
4561,bw6-55,Reverse Holofoil
4562,ex9-88,Reverse Holofoil
4563,rsv10pt5-31,Reverse Holofoil
4568,me1-119,Reverse Holofoil
4572,bw9-35,Reverse Holofoil
4574,bw4-23,Reverse Holofoil
4578,ex10-36,Reverse Holofoil
4579,ex4-16,Reverse Holofoil
4581,xy4-1,Reverse Holofoil
4588,swsh5-124,Reverse Holofoil
4589,xy10-67,Reverse Holofoil
4591,dp7-12,Reverse Holofoil
4592,xy10-45,Reverse Holofoil
4597,sv2-14,Reverse Holofoil
4598,swsh10-75,Reverse Holofoil
4599,ex10-59,Reverse Holofoil
4603,swsh7-4,Reverse Holofoil
4605,sv3pt5-30,Reverse Holofoil
4606,xy12-78,Reverse Holofoil
4607,sm3-40,Reverse Holofoil
4615,swsh8-19,Reverse Holofoil
4618,ecard1-102,Reverse Holofoil
4624,sm11-40,Reverse Holofoil
4627,swsh45-58,Reverse Holofoil
4629,sm8-129,Reverse Holofoil
4631,ex3-2,Reverse Holofoil
4632,ex12-30,Reverse Holofoil
4633,sv5-62,Reverse Holofoil
4636,xy7-50,Reverse Holofoil
4641,dp6-102,Reverse Holofoil
4643,pl1-112,Reverse Holofoil
4645,me2-10,Reverse Holofoil
4647,ex11-99,Reverse Holofoil
4652,pl3-89,Reverse Holofoil
4653,dp6-76,Reverse Holofoil
4655,ex16-58,Reverse Holofoil
4657,ex15-54,Reverse Holofoil
4660,swsh6-3,Reverse Holofoil
4661,xy1-117,Reverse Holofoil
4662,sv2-32,Reverse Holofoil
4663,swsh35-62,Reverse Holofoil
4664,bw1-47,Reverse Holofoil
4667,me1-110,Reverse Holofoil
4669,ex4-55,Reverse Holofoil
4674,xy6-93,Reverse Holofoil
4675,ex15-79,Reverse Holofoil
4678,sv1-94,Reverse Holofoil
4680,sm6-21,Reverse Holofoil
4681,sm115-49,Reverse Holofoil
4687,sv3-132,Reverse Holofoil
4688,swsh3-123,Reverse Holofoil
4689,ecard1-78,Reverse Holofoil
4691,sv1-108,Reverse Holofoil
4692,swsh2-63,Reverse Holofoil
4696,sv1-29,Reverse Holofoil
4700,ex6-57,Reverse Holofoil
4709,swsh7-153,Reverse Holofoil
4712,bw2-83,Reverse Holofoil
4716,bw2-9,Reverse Holofoil
4719,ex7-78,Reverse Holofoil
4720,ex10-38,Reverse Holofoil
4724,sv8pt5-35,Reverse Holofoil
4726,xy8-77,Reverse Holofoil
4728,sm11-124,Reverse Holofoil
4729,me1-10,Reverse Holofoil
4730,sm12-161,Reverse Holofoil
4731,swsh5-129,Reverse Holofoil
4732,hgss1-75,Reverse Holofoil
4733,xy9-70,Reverse Holofoil
4736,dp2-36,Reverse Holofoil
4741,bw10-16,Reverse Holofoil
4753,sv3pt5-46,Reverse Holofoil
4757,swsh10-20,Reverse Holofoil
4758,swsh10-129,Reverse Holofoil
4759,ex1-68,Reverse Holofoil
4762,pl1-9,Reverse Holofoil
4765,ex1-71,Reverse Holofoil
4766,sm6-55,Reverse Holofoil
4772,sv7-24,Reverse Holofoil
4773,ex14-22,Reverse Holofoil
4775,swsh1-183,Reverse Holofoil
4779,xy3-69,Reverse Holofoil
4780,dp7-94,Reverse Holofoil
4782,xy11-3,Reverse Holofoil
4783,ex14-62,Reverse Holofoil
4784,ex2-35,Reverse Holofoil
4786,bw10-91,Reverse Holofoil
4788,dp4-69,Reverse Holofoil
4792,base6-61,Reverse Holofoil
4793,sv3-184,Reverse Holofoil
4794,sv4pt5-68,Reverse Holofoil
4796,hgss3-19,Reverse Holofoil
4799,xy11-60,Reverse Holofoil
4805,xy11-7,Reverse Holofoil
4807,sm75-40,Reverse Holofoil
4813,swsh2-53,Reverse Holofoil
4814,swsh5-112,Reverse Holofoil
4819,sm115-57,Reverse Holofoil
4824,ex10-67,Reverse Holofoil
4831,sm7-46,Reverse Holofoil
4833,hgss2-76,Reverse Holofoil
4834,bw9-70,Reverse Holofoil
4835,me1-69,Reverse Holofoil
4836,xy6-54,Reverse Holofoil
4839,sv10-152,Reverse Holofoil
4841,sv6-139,Reverse Holofoil
4842,swsh9-126,Reverse Holofoil
4843,sm6-49,Reverse Holofoil
4850,sv8-21,Reverse Holofoil
4851,bw4-66,Reverse Holofoil
4854,swsh8-138,Reverse Holofoil
4857,sm9-141,Reverse Holofoil
4858,bw4-57,Reverse Holofoil
4860,xy1-111,Reverse Holofoil
4861,ex12-43,Reverse Holofoil
4864,xy5-64,Reverse Holofoil
4871,me2-19,Reverse Holofoil
4874,me1-115,Reverse Holofoil
4875,sv8-111,Reverse Holofoil
4877,xy9-62,Reverse Holofoil
4878,swsh1-113,Reverse Holofoil
4879,ex16-4,Reverse Holofoil
4882,dp4-4,Reverse Holofoil
4884,sm5-44,Reverse Holofoil
4887,xy3-71,Reverse Holofoil
4888,ex10-46,Reverse Holofoil
4890,ex10-73,Reverse Holofoil
4891,ex10-10,Reverse Holofoil
4893,swsh5-39,Reverse Holofoil
4903,sm5-84,Reverse Holofoil
4904,swsh12-119,Reverse Holofoil
4909,sv10-171,Reverse Holofoil
4910,swsh4-54,Reverse Holofoil
4911,hgss1-51,Reverse Holofoil
4912,sv4-154,Reverse Holofoil
4913,sv4-142,Reverse Holofoil
4915,ecard1-7,Reverse Holofoil
4916,ex3-50,Reverse Holofoil
4917,swsh3-8,Reverse Holofoil
4920,xy6-80,Reverse Holofoil
4929,sv10-115,Reverse Holofoil
4935,swsh8-2,Reverse Holofoil
4940,bw7-62,Reverse Holofoil
4941,ex5-32,Reverse Holofoil
4943,pl3-45,Reverse Holofoil
4945,sm11-48,Reverse Holofoil
4949,hgss3-34,Reverse Holofoil
4950,sv2-43,Reverse Holofoil
4951,xy12-91,Reverse Holofoil
4955,ex15-87,Reverse Holofoil
4958,bw7-52,Reverse Holofoil
4959,bw8-61,Reverse Holofoil
4964,sv6pt5-61,Reverse Holofoil
4965,sv4-26,Reverse Holofoil
4966,sm12-69,Reverse Holofoil
4967,sm11-148,Reverse Holofoil
4968,dp2-39,Reverse Holofoil
4969,sm12-23,Reverse Holofoil
4971,ex6-36,Reverse Holofoil
4972,sm2-116,Reverse Holofoil
4974,sm10-122,Reverse Holofoil
4977,bw1-58,Reverse Holofoil
4980,swsh12-1,Reverse Holofoil
4981,sm115-61,Reverse Holofoil
4983,sm12-41,Reverse Holofoil
4987,dp5-52,Reverse Holofoil
4990,dp2-113,Reverse Holofoil
4993,pl2-56,Reverse Holofoil
4997,bw3-31,Reverse Holofoil
4998,pl2-2,Reverse Holofoil
5000,sv3-121,Reverse Holofoil
5001,xy11-103,Reverse Holofoil
5005,sm7-51,Reverse Holofoil
5006,zsv10pt5-73,Reverse Holofoil
5011,ex13-83,Reverse Holofoil
5016,ex14-16,Reverse Holofoil
5017,sm12-193,Reverse Holofoil
5019,ex7-82,Reverse Holofoil
5020,sv5-128,Reverse Holofoil
5022,bw10-7,Reverse Holofoil
5026,pl1-13,Reverse Holofoil
5028,bw9-45,Reverse Holofoil
5035,g1-56,Reverse Holofoil
5036,sv8-148,Reverse Holofoil
5038,hgss3-53,Reverse Holofoil
5040,sv5-58,Reverse Holofoil
5041,bw2-48,Reverse Holofoil
5043,ex1-58,Reverse Holofoil
5047,col1-39,Reverse Holofoil
5048,xy10-66,Reverse Holofoil
5051,sm9-115,Reverse Holofoil
5053,rsv10pt5-71,Reverse Holofoil
5056,me1-16,Reverse Holofoil
5057,swsh9-63,Reverse Holofoil
5058,swsh9-62,Reverse Holofoil
5063,sv4pt5-70,Reverse Holofoil
5067,sv8pt5-37,Reverse Holofoil
5069,ex2-20,Reverse Holofoil
5071,swsh9-147,Reverse Holofoil
5074,sm115-4,Reverse Holofoil
5077,xy12-63,Reverse Holofoil
5079,sm5-98,Reverse Holofoil
5089,sv3pt5-164,Reverse Holofoil
5090,sv1-37,Reverse Holofoil
5091,swsh8-42,Reverse Holofoil
5092,dp1-82,Reverse Holofoil
5096,zsv10pt5-42,Reverse Holofoil
5101,xy7-72,Reverse Holofoil
5102,sm3-77,Reverse Holofoil
5104,ex8-15,Reverse Holofoil
5107,xy12-76,Reverse Holofoil
5109,swsh12pt5-125,Reverse Holofoil
5110,sv7-104,Reverse Holofoil
5111,bw11-72,Reverse Holofoil
5114,dp3-67,Reverse Holofoil
5121,bw1-82,Reverse Holofoil
5129,ex12-60,Reverse Holofoil
5130,sv8pt5-1,Reverse Holofoil
5132,swsh7-60,Reverse Holofoil
5135,bw11-59,Reverse Holofoil
5143,bw1-74,Reverse Holofoil
5146,swsh8-56,Reverse Holofoil
5147,sm3-91,Reverse Holofoil
5148,sv4-59,Reverse Holofoil
5151,dp3-47,Reverse Holofoil
5152,sv10-165,Reverse Holofoil
5159,sv10-96,Reverse Holofoil
5161,sv4-118,Reverse Holofoil
5165,bw3-6,Reverse Holofoil
5171,swsh8-121,Reverse Holofoil
5174,swsh6-91,Reverse Holofoil
5176,sm11-187,Reverse Holofoil
5184,sm6-48,Reverse Holofoil
5187,sm10-54,Reverse Holofoil
5188,dp5-57,Reverse Holofoil
5189,sm4-86,Reverse Holofoil
5191,swsh4-8,Reverse Holofoil
5192,ex16-75,Reverse Holofoil
5193,bw11-47,Reverse Holofoil
5197,dc1-18,Reverse Holofoil
5198,sm12-166,Reverse Holofoil
5200,swsh9-100,Reverse Holofoil
5203,bw6-90,Reverse Holofoil
5211,me1-4,Reverse Holofoil
5212,sv1-75,Reverse Holofoil
5213,swsh1-52,Reverse Holofoil
5214,xy3-37,Reverse Holofoil
5215,dc1-17,Reverse Holofoil
5221,xy9-111,Reverse Holofoil
5226,base6-76,Reverse Holofoil
5233,sv7-108,Reverse Holofoil
5235,me1-126,Reverse Holofoil
5239,swsh12pt5-80,Reverse Holofoil
5244,ex5-10,Reverse Holofoil
5245,sv9-132,Reverse Holofoil
5247,dp1-113,Reverse Holofoil
5248,sm3-46,Reverse Holofoil
5255,bw9-93,Reverse Holofoil
5256,pl1-58,Reverse Holofoil
5260,bw9-58,Reverse Holofoil
5263,sm10-65,Reverse Holofoil
5264,pl2-24,Reverse Holofoil
5265,ex15-13,Reverse Holofoil
5267,sm12-65,Reverse Holofoil
5270,sv10-129,Reverse Holofoil
5271,swsh12-130,Reverse Holofoil
5272,swsh6-47,Reverse Holofoil
5273,bw10-49,Reverse Holofoil
5274,bw6-43,Reverse Holofoil
5278,ex6-55,Reverse Holofoil
5283,bw1-99,Reverse Holofoil
5284,swsh6-98,Reverse Holofoil
5286,swsh5-80,Reverse Holofoil
5289,sm5-25,Reverse Holofoil
5290,sm2-77,Reverse Holofoil
5291,base6-47,Reverse Holofoil
5292,swsh45-4,Reverse Holofoil
5293,pl2-52,Reverse Holofoil
5294,swsh8-242,Reverse Holofoil
5296,me2-32,Reverse Holofoil
5297,sm9-77,Reverse Holofoil
5298,sm2-50,Reverse Holofoil
5302,bw8-92,Reverse Holofoil
5304,swsh6-88,Reverse Holofoil
5305,sv9-96,Reverse Holofoil
5309,sm11-181,Reverse Holofoil
5311,bw9-97,Reverse Holofoil
5317,ecard2-93,Reverse Holofoil
5318,bw8-68,Reverse Holofoil
5319,dp2-112,Reverse Holofoil
5320,bw7-97,Reverse Holofoil
5323,sv10-30,Reverse Holofoil
5325,swsh12-166,Reverse Holofoil
5339,bw11-65,Reverse Holofoil
5344,sm12-121,Reverse Holofoil
5345,bw4-6,Reverse Holofoil
5348,hgss2-15,Reverse Holofoil
5350,hgss2-69,Reverse Holofoil
5356,xy11-40,Reverse Holofoil
5361,ecard2-25,Reverse Holofoil
5363,sm6-32,Reverse Holofoil
5365,dp3-53,Reverse Holofoil
5368,hgss3-7,Reverse Holofoil
5369,sv3-141,Reverse Holofoil
5371,ecard1-122,Reverse Holofoil
5375,g1-26,Reverse Holofoil
5379,sv4-63,Reverse Holofoil
5385,swsh10-38,Reverse Holofoil
5389,sv8pt5-46,Reverse Holofoil
5395,pl1-SH5,Reverse Holofoil
5398,ex14-74,Reverse Holofoil
5400,ex16-41,Reverse Holofoil
5405,sm6-35,Reverse Holofoil
5409,sm10-64,Reverse Holofoil
5413,ex7-42,Reverse Holofoil
5414,ex15-52,Reverse Holofoil
5418,sv5-85,Reverse Holofoil
5419,sm10-147,Reverse Holofoil
5421,dp7-18,Reverse Holofoil
5425,ex13-63,Reverse Holofoil
5426,sm4-38,Reverse Holofoil
5430,xy11-25,Reverse Holofoil
5433,hgss4-8,Reverse Holofoil
5436,sm1-14,Reverse Holofoil
5438,sm3-5,Reverse Holofoil
5440,hgss1-26,Reverse Holofoil
5441,bw3-45,Reverse Holofoil
5444,pl4-93,Reverse Holofoil
5445,bw10-58,Reverse Holofoil
5448,bw7-114,Reverse Holofoil
5449,sm75-52,Reverse Holofoil
5453,xy3-28,Reverse Holofoil
5456,ecard1-73,Reverse Holofoil
5460,xy5-65,Reverse Holofoil
5461,swsh4-42,Reverse Holofoil
5464,sv2-44,Reverse Holofoil
5465,swsh8-140,Reverse Holofoil
5469,sv9-78,Reverse Holofoil
5476,ex12-46,Reverse Holofoil
5485,bw9-56,Reverse Holofoil
5487,swsh4-111,Reverse Holofoil
5493,sm7-87,Reverse Holofoil
5495,ex1-20,Reverse Holofoil
5497,swsh9-9,Reverse Holofoil
5499,sv4pt5-32,Reverse Holofoil
5503,bw2-11,Reverse Holofoil
5505,swsh5-28,Reverse Holofoil
5506,pl2-7,Reverse Holofoil
5507,xy4-104,Reverse Holofoil
5510,sv5-6,Reverse Holofoil
5512,swsh8-149,Reverse Holofoil
5513,sv4-125,Reverse Holofoil
5518,swsh9-4,Reverse Holofoil
5520,pl3-23,Reverse Holofoil
5521,xy9-53,Reverse Holofoil
5522,sv9-28,Reverse Holofoil
5525,sv8pt5-124,Reverse Holofoil
5528,sm115-38,Reverse Holofoil
5529,swsh12-28,Reverse Holofoil
5530,bw1-50,Reverse Holofoil
5533,ecard2-20,Reverse Holofoil
5534,hgss4-47,Reverse Holofoil
5542,hgss1-17,Reverse Holofoil
5543,bw4-69,Reverse Holofoil
5548,swsh9-142,Reverse Holofoil
5551,sm5-70,Reverse Holofoil
5552,hgss4-62,Reverse Holofoil
5556,swsh4-129,Reverse Holofoil
5557,ex4-22,Reverse Holofoil
5558,ex10-2,Reverse Holofoil
5564,sv7-85,Reverse Holofoil
5566,swsh5-137,Reverse Holofoil
5567,bw9-61,Reverse Holofoil
5569,sv4pt5-38,Reverse Holofoil
5572,swsh4-62,Reverse Holofoil
5573,dp6-32,Reverse Holofoil
5574,sv7-40,Reverse Holofoil
5575,bw4-47,Reverse Holofoil
5576,pgo-43,Reverse Holofoil
5578,sm12-98,Reverse Holofoil
5584,ex8-10,Reverse Holofoil
5585,swsh8-110,Reverse Holofoil
5587,col1-14,Reverse Holofoil
5588,ex5-45,Reverse Holofoil
5590,swsh12-158,Reverse Holofoil
5594,swsh8-224,Reverse Holofoil
5596,swsh4-48,Reverse Holofoil
5597,sm7-95,Reverse Holofoil
5601,ex3-54,Reverse Holofoil
5602,swsh2-37,Reverse Holofoil
5604,hgss2-64,Reverse Holofoil
5605,sm11-80,Reverse Holofoil
5607,ex11-37,Reverse Holofoil
5611,pl4-65,Reverse Holofoil
5612,swsh8-228,Reverse Holofoil
5615,sm10-39,Reverse Holofoil
5616,ex6-20,Reverse Holofoil
5622,swsh8-31,Reverse Holofoil
5626,sv8-137,Reverse Holofoil
5634,ecard1-157,Reverse Holofoil
5635,ex11-35,Reverse Holofoil
5640,sm10-112,Reverse Holofoil
5643,sm3-32,Reverse Holofoil
5644,ex13-3,Reverse Holofoil
5646,sv1-147,Reverse Holofoil
5649,xy9-6,Reverse Holofoil
5652,pl1-14,Reverse Holofoil
5653,sm1-128,Reverse Holofoil
5657,sv3-119,Reverse Holofoil
5659,swsh7-68,Reverse Holofoil
5664,sm11-183,Reverse Holofoil
5665,hgss1-6,Reverse Holofoil
5666,rsv10pt5-80,Reverse Holofoil
5667,sv9-152,Reverse Holofoil
5672,rsv10pt5-4,Reverse Holofoil
5673,swsh1-36,Reverse Holofoil
5676,swsh12pt5-36,Reverse Holofoil
5678,ecard1-42,Reverse Holofoil
5688,swsh8-70,Reverse Holofoil
5690,bw9-10,Reverse Holofoil
5696,dp5-7,Reverse Holofoil
5699,ex3-44,Reverse Holofoil
5704,sv8-41,Reverse Holofoil
5706,sv2-105,Reverse Holofoil
5709,xy2-74,Reverse Holofoil
5711,dp5-21,Reverse Holofoil
5714,bw6-99,Reverse Holofoil
5717,sm7-42,Reverse Holofoil
5718,sv4-111,Reverse Holofoil
5719,pl2-97,Reverse Holofoil
5720,bw11-98,Reverse Holofoil
5721,bw9-19,Reverse Holofoil
5722,bw3-55,Reverse Holofoil
5723,xy5-123,Reverse Holofoil
5727,sv10-123,Reverse Holofoil
5731,pl1-48,Reverse Holofoil
5733,sm2-93,Reverse Holofoil
5735,sm4-99,Reverse Holofoil
5737,pl3-16,Reverse Holofoil
5738,xy4-56,Reverse Holofoil
5739,swsh10-34,Reverse Holofoil
5741,bw5-53,Reverse Holofoil
5742,ex4-4,Reverse Holofoil
5744,ex15-80,Reverse Holofoil
5745,dp2-87,Reverse Holofoil
5750,swsh12pt5-56,Reverse Holofoil
5751,swsh1-4,Reverse Holofoil
5752,bw11-2,Reverse Holofoil
5753,sm1-41,Reverse Holofoil
5759,xy11-41,Reverse Holofoil
5764,swsh3-70,Reverse Holofoil
5766,pl3-96,Reverse Holofoil
5768,sv4pt5-21,Reverse Holofoil
5769,swsh1-92,Reverse Holofoil
5771,sv5-63,Reverse Holofoil
5772,ex9-3,Reverse Holofoil
5773,sv4-34,Reverse Holofoil
5775,swsh7-80,Reverse Holofoil
5785,xy4-107,Reverse Holofoil
5786,sv6-72,Reverse Holofoil
5787,ex10-35,Reverse Holofoil
5788,g1-32,Reverse Holofoil
5791,xy4-13,Reverse Holofoil
5792,sv6-129,Reverse Holofoil
5794,bw8-76,Reverse Holofoil
5800,sv5-16,Reverse Holofoil
5810,sv4pt5-72,Reverse Holofoil
5813,swsh3-18,Reverse Holofoil
5814,me2-9,Reverse Holofoil
5815,sm5-118,Reverse Holofoil
5820,sv1-180,Reverse Holofoil
5822,pl4-79,Reverse Holofoil
5826,ecard1-159,Reverse Holofoil
5828,sm10-104,Reverse Holofoil
5831,pl4-44,Reverse Holofoil
5835,swsh12pt5-129,Reverse Holofoil
5838,sv5-126,Reverse Holofoil
5841,dp4-64,Reverse Holofoil
5845,sv3pt5-128,Reverse Holofoil
5848,swsh12-38,Reverse Holofoil
5852,sv4pt5-45,Reverse Holofoil
5857,ex10-93,Reverse Holofoil
5858,ex7-58,Reverse Holofoil
5859,ecard1-55,Reverse Holofoil
5863,dp3-56,Reverse Holofoil
5864,ecard1-123,Reverse Holofoil
5866,sv6-116,Reverse Holofoil
5867,me1-68,Reverse Holofoil
5868,bw3-16,Reverse Holofoil
5875,ex5-11,Reverse Holofoil
5877,pl2-11,Reverse Holofoil
5878,sm11-60,Reverse Holofoil
5879,swsh35-58,Reverse Holofoil
5880,base6-77,Reverse Holofoil
5884,ecard1-51,Reverse Holofoil
5885,dp2-20,Reverse Holofoil
5889,swsh9-130,Reverse Holofoil
5891,sm12-198,Reverse Holofoil
5894,ecard1-54,Reverse Holofoil
5896,bw4-44,Reverse Holofoil
5900,swsh10-55,Reverse Holofoil
5901,swsh12-109,Reverse Holofoil
5903,ex6-35,Reverse Holofoil
5912,xy12-58,Reverse Holofoil
5913,sv5-21,Reverse Holofoil
5914,xy6-67,Reverse Holofoil
5916,pl2-10,Reverse Holofoil
5917,sv10-154,Reverse Holofoil
5920,sv9-117,Reverse Holofoil
5921,swsh1-68,Reverse Holofoil
5927,bw8-8,Reverse Holofoil
5928,dp4-57,Reverse Holofoil
5933,bw11-69,Reverse Holofoil
5934,sv3pt5-63,Reverse Holofoil
5935,pl2-43,Reverse Holofoil
5936,sv6-48,Reverse Holofoil
5939,swsh45-14,Reverse Holofoil
5941,xy7-23,Reverse Holofoil
5945,ex15-12,Reverse Holofoil
5946,sm6-22,Reverse Holofoil
5949,swsh45-24,Reverse Holofoil
5950,bw5-29,Reverse Holofoil
5953,xy10-61,Reverse Holofoil
5955,sv2-17,Reverse Holofoil
5956,sv7-140,Reverse Holofoil
5957,ex3-87,Reverse Holofoil
5961,ex5-37,Reverse Holofoil
5967,sm5-6,Reverse Holofoil
5969,ex12-18,Reverse Holofoil
5970,ecard1-101,Reverse Holofoil
5973,bw2-47,Reverse Holofoil
5974,xy1-129,Reverse Holofoil
5976,dp6-19,Reverse Holofoil
5977,sv9-147,Reverse Holofoil
5979,ex11-27,Reverse Holofoil
5982,sv4-84,Reverse Holofoil
5984,dp3-101,Reverse Holofoil
5990,swsh10-149,Reverse Holofoil
5992,swsh7-152,Reverse Holofoil
5998,swsh1-38,Reverse Holofoil
6001,ex6-81,Reverse Holofoil
6003,xy5-1,Reverse Holofoil
6005,swsh12-83,Reverse Holofoil
6011,bw9-46,Reverse Holofoil
6012,sm12-203,Reverse Holofoil
6013,sv5-66,Reverse Holofoil
6016,sm8-115,Reverse Holofoil
6018,sv4-51,Reverse Holofoil
6024,pl1-26,Reverse Holofoil
6027,sv2-62,Reverse Holofoil
6028,dp6-16,Reverse Holofoil
6035,swsh10-111,Reverse Holofoil
6037,col1-42,Reverse Holofoil
6038,xy6-42,Reverse Holofoil
6040,sv3pt5-131,Reverse Holofoil
6042,ex6-19,Reverse Holofoil
6043,sm9-76,Reverse Holofoil
6045,bw7-63,Reverse Holofoil
6046,swsh9-58,Reverse Holofoil
6048,pl4-45,Reverse Holofoil
6057,sv8pt5-61,Reverse Holofoil
6058,sm12-94,Reverse Holofoil
6062,sv9-107,Reverse Holofoil
6069,ex1-8,Reverse Holofoil
6070,sv3pt5-47,Reverse Holofoil
6079,sm6-75,Reverse Holofoil
6080,swsh7-120,Reverse Holofoil
6081,swsh5-125,Reverse Holofoil
6082,swsh2-120,Reverse Holofoil
6083,ex10-81,Reverse Holofoil
6088,pl4-81,Reverse Holofoil
6092,swsh12-17,Reverse Holofoil
6093,ex14-77,Reverse Holofoil
6096,xy3-104,Reverse Holofoil
6101,swsh9-31,Reverse Holofoil
6103,dp2-37,Reverse Holofoil
6106,xy12-35,Reverse Holofoil
6109,dp5-94,Reverse Holofoil
6114,bw4-29,Reverse Holofoil
6117,sm11-73,Reverse Holofoil
6118,g1-39,Reverse Holofoil
6122,pl1-8,Reverse Holofoil
6123,swsh8-105,Reverse Holofoil
6125,sm9-114,Reverse Holofoil
6127,sv10-49,Reverse Holofoil
6130,swsh45-56,Reverse Holofoil
6134,sv10-57,Reverse Holofoil
6139,swsh45-43,Reverse Holofoil
6143,sv8pt5-43,Reverse Holofoil
6146,dp4-21,Reverse Holofoil
6147,bw2-58,Reverse Holofoil
6149,me2-69,Reverse Holofoil
6150,xy2-77,Reverse Holofoil
6153,bw3-59,Reverse Holofoil
6154,bw10-43,Reverse Holofoil
6163,xy11-100,Reverse Holofoil
6167,bw10-40,Reverse Holofoil
6168,sv3pt5-152,Reverse Holofoil
6172,bw11-31,Reverse Holofoil
6175,dp7-34,Reverse Holofoil
6178,swsh7-78,Reverse Holofoil
6184,dp5-61,Reverse Holofoil
6187,xy6-1,Reverse Holofoil
6190,ex7-41,Reverse Holofoil
6193,ex2-84,Reverse Holofoil
6197,bw10-31,Reverse Holofoil
6198,sv7-126,Reverse Holofoil
6200,sv6-38,Reverse Holofoil
6201,swsh10-155,Reverse Holofoil
6205,xy4-93,Reverse Holofoil
6207,bw10-51,Reverse Holofoil
6209,swsh8-154,Reverse Holofoil
6211,swsh12-111,Reverse Holofoil
6214,swsh6-108,Reverse Holofoil
6215,pl3-26,Reverse Holofoil
6221,hgss3-40,Reverse Holofoil
6224,sm8-14,Reverse Holofoil
6226,ex7-2,Reverse Holofoil
6232,ex6-50,Reverse Holofoil
6234,sv5-83,Reverse Holofoil
6235,bw2-34,Reverse Holofoil
6239,swsh4-117,Reverse Holofoil
6240,xy7-65,Reverse Holofoil
6247,ex1-84,Reverse Holofoil
6248,ex9-17,Reverse Holofoil
6252,swsh1-182,Reverse Holofoil
6255,sm35-45,Reverse Holofoil
6262,sm10-179,Reverse Holofoil
6263,hgss3-80,Reverse Holofoil
6265,me2-1,Reverse Holofoil
6267,swsh8-75,Reverse Holofoil
6268,sm12-32,Reverse Holofoil
6270,swsh4-108,Reverse Holofoil
6275,ex12-49,Reverse Holofoil
6282,sm75-55,Reverse Holofoil
6284,sv5-57,Reverse Holofoil
6286,pl3-97,Reverse Holofoil
6288,pl1-93,Reverse Holofoil
6289,bw8-54,Reverse Holofoil
6290,sv10-144,Reverse Holofoil
6293,sm10-6,Reverse Holofoil
6294,dp6-39,Reverse Holofoil
6296,dp3-32,Reverse Holofoil
6298,sm10-68,Reverse Holofoil
6299,sm12-163,Reverse Holofoil
6300,dp6-93,Reverse Holofoil
6301,col1-44,Reverse Holofoil
6302,sv8-87,Reverse Holofoil
6308,hgss1-20,Reverse Holofoil
6309,sv2-83,Reverse Holofoil
6310,rsv10pt5-79,Reverse Holofoil
6311,xy9-105,Reverse Holofoil
6313,pl1-7,Reverse Holofoil
6314,sv1-1,Reverse Holofoil
6315,swsh12-162,Reverse Holofoil
6318,xy11-56,Reverse Holofoil
6321,bw4-14,Reverse Holofoil
6322,bw7-87,Reverse Holofoil
6326,sv9-158,Reverse Holofoil
6327,ecard3-75,Reverse Holofoil
6329,swsh7-87,Reverse Holofoil
6330,dp2-18,Reverse Holofoil
6332,sm115-39,Reverse Holofoil
6333,swsh3-62,Reverse Holofoil
6334,sm35-28,Reverse Holofoil
6335,dp6-74,Reverse Holofoil
6336,sv5-115,Reverse Holofoil
6337,ex14-47,Reverse Holofoil
6338,sv5-26,Reverse Holofoil
6339,sm75-49,Reverse Holofoil
6341,swsh12-134,Reverse Holofoil
6342,g1-36,Reverse Holofoil
6343,hgss1-16,Reverse Holofoil
6348,xy1-94,Reverse Holofoil
6351,dp2-49,Reverse Holofoil
6353,xy12-5,Reverse Holofoil
6355,xy5-52,Reverse Holofoil
6356,swsh6-110,Reverse Holofoil
6358,dp4-13,Reverse Holofoil
6360,ex2-41,Reverse Holofoil
6368,bw7-55,Reverse Holofoil
6369,sm3-24,Reverse Holofoil
6370,bw11-85,Reverse Holofoil
6371,sv7-29,Reverse Holofoil
6375,swsh12pt5-7,Reverse Holofoil
6378,sv2-28,Reverse Holofoil
6381,ex7-56,Reverse Holofoil
6382,swsh7-132,Reverse Holofoil
6383,ecard3-15,Reverse Holofoil
6385,sv1-173,Reverse Holofoil
6386,sm11-205,Reverse Holofoil
6387,base6-4,Reverse Holofoil
6388,zsv10pt5-23,Reverse Holofoil
6392,ex7-34,Reverse Holofoil
6395,sm2-40,Reverse Holofoil
6398,sm6-60,Reverse Holofoil
6399,dp5-89,Reverse Holofoil
6401,swsh3-72,Reverse Holofoil
6407,ex6-89,Reverse Holofoil
6409,sv8pt5-107,Reverse Holofoil
6411,ex4-70,Reverse Holofoil
6414,sm115-19,Reverse Holofoil
6415,sm7-84,Reverse Holofoil
6417,swsh8-4,Reverse Holofoil
6419,xy5-120,Reverse Holofoil
6425,swsh4-158,Reverse Holofoil
6430,swsh1-45,Reverse Holofoil
6432,swsh2-5,Reverse Holofoil
6433,swsh4-59,Reverse Holofoil
6435,sv4-169,Reverse Holofoil
6439,swsh8-48,Reverse Holofoil
6444,xy10-4,Reverse Holofoil
6445,me2-68,Reverse Holofoil
6450,ex6-79,Reverse Holofoil
6451,swsh35-40,Reverse Holofoil
6455,ecard1-60,Reverse Holofoil
6456,swsh2-114,Reverse Holofoil
6458,g1-66,Reverse Holofoil
6460,swsh5-67,Reverse Holofoil
6461,bw11-30,Reverse Holofoil
6462,hgss1-2,Reverse Holofoil
6464,bw3-90,Reverse Holofoil
6466,bw11-3,Reverse Holofoil
6467,sv3pt5-136,Reverse Holofoil
6469,sm10-72,Reverse Holofoil
6470,xy12-79,Reverse Holofoil
6473,bw10-29,Reverse Holofoil
6474,sm75-53,Reverse Holofoil
6476,sm9-64,Reverse Holofoil
6480,swsh45-12,Reverse Holofoil
6482,xy8-37,Reverse Holofoil
6484,ecard3-46,Reverse Holofoil
6487,bw7-13,Reverse Holofoil
6490,xy12-14,Reverse Holofoil
6493,sv9-62,Reverse Holofoil
6498,sv7-43,Reverse Holofoil
6501,swsh1-21,Reverse Holofoil
6504,sv6-149,Reverse Holofoil
6505,sv3-183,Reverse Holofoil
6506,ex11-94,Reverse Holofoil
6509,bw7-53,Reverse Holofoil
6510,sv3pt5-32,Reverse Holofoil
6517,sm6-37,Reverse Holofoil
6523,xy8-127,Reverse Holofoil
6529,ex12-6,Reverse Holofoil
6532,swsh2-73,Reverse Holofoil
6535,sv7-73,Reverse Holofoil
6537,swsh12pt5-64,Reverse Holofoil
6538,sv9-122,Reverse Holofoil
6541,base6-31,Reverse Holofoil
6542,sv6-140,Reverse Holofoil
6543,bw11-49,Reverse Holofoil
6547,xy7-63,Reverse Holofoil
6548,dp3-63,Reverse Holofoil
6549,swsh45-25,Reverse Holofoil
6550,sv4pt5-74,Reverse Holofoil
6551,sm12-76,Reverse Holofoil
6552,sm8-15,Reverse Holofoil
6553,bw10-17,Reverse Holofoil
6562,swsh10-107,Reverse Holofoil
6564,hgss3-54,Reverse Holofoil
6570,sv8-49,Reverse Holofoil
6571,sv2-96,Reverse Holofoil
6575,dp6-61,Reverse Holofoil
6581,ex1-107,Reverse Holofoil
6584,ecard3-48,Reverse Holofoil
6585,ex4-85,Reverse Holofoil
6589,sv8-64,Reverse Holofoil
6592,sm4-64,Reverse Holofoil
6593,bw8-7,Reverse Holofoil
6595,sm8-88,Reverse Holofoil
6597,sm7-99,Reverse Holofoil
6601,rsv10pt5-13,Reverse Holofoil
6603,xy11-63,Reverse Holofoil
6604,pl2-37,Reverse Holofoil
6608,sv4-67,Reverse Holofoil
6609,xy7-14,Reverse Holofoil
6610,sv6-104,Reverse Holofoil
6612,sm35-55,Reverse Holofoil
6618,sv3pt5-132,Reverse Holofoil
6619,swsh1-164,Reverse Holofoil
6620,sm6-34,Reverse Holofoil
6622,ex8-20,Reverse Holofoil
6625,sm9-50,Reverse Holofoil
6632,xy12-29,Reverse Holofoil
6634,swsh8-101,Reverse Holofoil
6635,sv8pt5-74,Reverse Holofoil
6641,sm9-31,Reverse Holofoil
6643,col1-46,Reverse Holofoil
6647,dp4-70,Reverse Holofoil
6650,ex8-11,Reverse Holofoil
6655,swsh9-141,Reverse Holofoil
6656,sm8-9,Reverse Holofoil
6657,swsh1-101,Reverse Holofoil
6659,hgss4-14,Reverse Holofoil
6662,me1-57,Reverse Holofoil
6663,sv5-107,Reverse Holofoil
6669,sv1-97,Reverse Holofoil
6676,xy6-64,Reverse Holofoil
6678,bw5-84,Reverse Holofoil
6680,xy8-54,Reverse Holofoil
6681,sv6-47,Reverse Holofoil
6683,bw7-39,Reverse Holofoil
6684,hgss2-39,Reverse Holofoil
6685,ex2-31,Reverse Holofoil
6686,dp1-63,Reverse Holofoil
6687,swsh12-132,Reverse Holofoil
6690,sm2-58,Reverse Holofoil
6694,swsh4-159,Reverse Holofoil
6697,ex4-41,Reverse Holofoil
6700,ex9-77,Reverse Holofoil
6701,bw5-8,Reverse Holofoil
6702,ecard1-77,Reverse Holofoil
6707,sv3-133,Reverse Holofoil
6708,sm9-84,Reverse Holofoil
6709,xy12-50,Reverse Holofoil
6710,ex8-42,Reverse Holofoil
6711,sv1-114,Reverse Holofoil
6720,sm1-18,Reverse Holofoil
6723,ecard1-35,Reverse Holofoil
6724,swsh5-136,Reverse Holofoil
6727,sv5-45,Reverse Holofoil
6729,swsh7-97,Reverse Holofoil
6731,ex14-79,Reverse Holofoil
6733,bw9-54,Reverse Holofoil
6735,pl1-23,Reverse Holofoil
6737,base6-44,Reverse Holofoil
6743,pl3-10,Reverse Holofoil
6745,base6-70,Reverse Holofoil
6747,dc1-5,Reverse Holofoil
6748,sm10-52,Reverse Holofoil
6749,dp6-17,Reverse Holofoil
6753,xy10-74,Reverse Holofoil
6754,ex13-19,Reverse Holofoil
6755,sv10-68,Reverse Holofoil
6756,sv8-107,Reverse Holofoil
6763,sm12-11,Reverse Holofoil
6769,swsh10-23,Reverse Holofoil
6774,col1-23,Reverse Holofoil
6778,ecard2-52,Reverse Holofoil
6779,swsh10-43,Reverse Holofoil
6780,bw10-15,Reverse Holofoil
6781,pl1-27,Reverse Holofoil
6783,hgss2-34,Reverse Holofoil
6784,swsh1-13,Reverse Holofoil
6785,sv2-48,Reverse Holofoil
6790,hgss1-85,Reverse Holofoil
6792,me1-19,Reverse Holofoil
6793,swsh1-184,Reverse Holofoil
6795,sv1-6,Reverse Holofoil
6796,sm3-54,Reverse Holofoil
6798,zsv10pt5-41,Reverse Holofoil
6802,xy9-67,Reverse Holofoil
6804,swsh6-52,Reverse Holofoil
6805,sv2-80,Reverse Holofoil
6808,dp7-SH2,Reverse Holofoil
6810,dp2-115,Reverse Holofoil
6812,swsh5-119,Reverse Holofoil
6815,bw7-51,Reverse Holofoil
6816,si1-7,Reverse Holofoil
6817,ex14-66,Reverse Holofoil
6818,hgss3-76,Reverse Holofoil
6819,swsh1-17,Reverse Holofoil
6822,sv3pt5-149,Reverse Holofoil
6829,hgss4-82,Reverse Holofoil
6830,swsh1-58,Reverse Holofoil
6832,dp3-45,Reverse Holofoil
6836,ex12-13,Reverse Holofoil
6837,bw4-86,Reverse Holofoil
6838,hgss4-45,Reverse Holofoil
6842,swsh8-47,Reverse Holofoil
6852,swsh5-61,Reverse Holofoil
6855,ex14-50,Reverse Holofoil
6856,dp1-91,Reverse Holofoil
6857,bw7-68,Reverse Holofoil
6859,sm1-72,Reverse Holofoil
6860,ex11-14,Reverse Holofoil
6861,swsh9-107,Reverse Holofoil
6864,sm1-24,Reverse Holofoil
6865,sm9-30,Reverse Holofoil
6868,bw3-78,Reverse Holofoil
6869,xy2-55,Reverse Holofoil
6874,pl2-58,Reverse Holofoil
6876,base6-1,Reverse Holofoil
6882,sm3-66,Reverse Holofoil
6886,dp3-55,Reverse Holofoil
6890,base6-59,Reverse Holofoil
6897,sv6pt5-64,Reverse Holofoil
6898,swsh10-33,Reverse Holofoil
6899,ex14-60,Reverse Holofoil
6900,sv4pt5-65,Reverse Holofoil
6908,swsh1-42,Reverse Holofoil
6914,sm10-48,Reverse Holofoil
6917,sm6-1,Reverse Holofoil
6919,xy3-35,Reverse Holofoil
6924,sm3-92,Reverse Holofoil
6925,ex6-64,Reverse Holofoil
6926,dp6-99,Reverse Holofoil
6927,ex6-77,Reverse Holofoil
6928,bw2-40,Reverse Holofoil
6930,me1-35,Reverse Holofoil
6931,sm6-33,Reverse Holofoil
6932,dp1-62,Reverse Holofoil
6933,dp4-45,Reverse Holofoil
6937,sm11-111,Reverse Holofoil
6938,ex13-25,Reverse Holofoil
6939,xy8-65,Reverse Holofoil
6941,swsh12-50,Reverse Holofoil
6942,sm12-201,Reverse Holofoil
6944,bw9-48,Reverse Holofoil
6948,ex5-49,Reverse Holofoil
6950,sm8-151,Reverse Holofoil
6954,dp1-47,Reverse Holofoil
6955,ex2-61,Reverse Holofoil
6956,dp3-21,Reverse Holofoil
6958,ecard2-33,Reverse Holofoil
6968,hgss4-52,Reverse Holofoil
6969,sv8pt5-112,Reverse Holofoil
6970,swsh8-200,Reverse Holofoil
6971,ex16-78,Reverse Holofoil
6972,sv1-90,Reverse Holofoil
6973,dp1-78,Reverse Holofoil
6976,me1-52,Reverse Holofoil
6978,sm1-62,Reverse Holofoil
6979,ex5-29,Reverse Holofoil
6980,sv5-59,Reverse Holofoil
6981,base6-78,Reverse Holofoil
6983,sv7-45,Reverse Holofoil
6985,sm10-151,Reverse Holofoil
6988,bw6-59,Reverse Holofoil
6990,hgss1-92,Reverse Holofoil
6992,xy3-63,Reverse Holofoil
6994,ex12-24,Reverse Holofoil
6997,sm1-118,Reverse Holofoil
7000,dp4-11,Reverse Holofoil
7001,sv7-8,Reverse Holofoil
7004,swsh3-45,Reverse Holofoil
7009,hgss1-55,Reverse Holofoil
7010,sv8-25,Reverse Holofoil
7011,dp2-33,Reverse Holofoil
7012,bw8-109,Reverse Holofoil
7013,dp6-98,Reverse Holofoil
7015,dp2-35,Reverse Holofoil
7018,sv7-55,Reverse Holofoil
7019,sm12-96,Reverse Holofoil
7021,pl2-23,Reverse Holofoil
7022,xy4-55,Reverse Holofoil
7030,sv7-121,Reverse Holofoil
7034,sv2-107,Reverse Holofoil
7035,swsh12pt5-71,Reverse Holofoil
7037,pl1-111,Reverse Holofoil
7038,sm8-42,Reverse Holofoil
7039,ex2-7,Reverse Holofoil
7040,sm12-29,Reverse Holofoil
7042,hgss1-68,Reverse Holofoil
7043,ex6-39,Reverse Holofoil
7045,xy10-109,Reverse Holofoil
7046,xy6-50,Reverse Holofoil
7047,swsh12pt5-85,Reverse Holofoil
7048,hgss1-7,Reverse Holofoil
7050,sv9-142,Reverse Holofoil
7051,swsh45-16,Reverse Holofoil
7052,sm9-138,Reverse Holofoil
7053,hgss1-12,Reverse Holofoil
7054,sm3-76,Reverse Holofoil
7055,ex11-53,Reverse Holofoil
7058,sm12-207,Reverse Holofoil
7063,sv9-105,Reverse Holofoil
7067,swsh6-69,Reverse Holofoil
7071,ecard3-6,Reverse Holofoil
7072,swsh10-71,Reverse Holofoil
7076,sv2-1,Reverse Holofoil
7078,sv3pt5-148,Reverse Holofoil
7080,bw4-25,Reverse Holofoil
7084,ecard1-91,Reverse Holofoil
7085,pl4-83,Reverse Holofoil
7093,sm1-54,Reverse Holofoil
7094,base6-10,Reverse Holofoil
7096,ex14-56,Reverse Holofoil
7099,sv3-112,Reverse Holofoil
7103,xy5-87,Reverse Holofoil
7105,pl3-34,Reverse Holofoil
7106,swsh8-124,Reverse Holofoil
7107,sm8-3,Reverse Holofoil
7111,ex13-51,Reverse Holofoil
7114,swsh12-4,Reverse Holofoil
7117,sv1-150,Reverse Holofoil
7118,sm9-57,Reverse Holofoil
7119,sv5-1,Reverse Holofoil
7121,sv5-156,Reverse Holofoil
7123,sv7-4,Reverse Holofoil
7124,sv3pt5-95,Reverse Holofoil
7125,sm75-46,Reverse Holofoil
7126,bw5-14,Reverse Holofoil
7131,sv7-103,Reverse Holofoil
7133,sv8pt5-106,Reverse Holofoil
7135,pl4-38,Reverse Holofoil
7137,ex7-60,Reverse Holofoil
7138,sm7-47,Reverse Holofoil
7139,hgss4-67,Reverse Holofoil
7141,xy8-97,Reverse Holofoil
7144,sv6-99,Reverse Holofoil
7146,sv7-112,Reverse Holofoil
7148,dp6-111,Reverse Holofoil
7151,pgo-6,Reverse Holofoil
7152,dp5-1,Reverse Holofoil
7154,sm2-96,Reverse Holofoil
7161,xy11-43,Reverse Holofoil
7162,sm4-69,Reverse Holofoil
7163,sm7-114,Reverse Holofoil
7165,swsh8-129,Reverse Holofoil
7167,sv8-60,Reverse Holofoil
7170,xy2-45,Reverse Holofoil
7176,bw11-73,Reverse Holofoil
7180,swsh3-41,Reverse Holofoil
7181,ex1-30,Reverse Holofoil
7185,bw8-35,Reverse Holofoil
7186,swsh7-16,Reverse Holofoil
7188,sv10-50,Reverse Holofoil
7191,swsh3-80,Reverse Holofoil
7194,swsh7-144,Reverse Holofoil
7195,sm2-27,Reverse Holofoil
7196,xy4-88,Reverse Holofoil
7201,swsh12-91,Reverse Holofoil
7205,sm8-74,Reverse Holofoil
7208,bw1-85,Reverse Holofoil
7209,dp7-60,Reverse Holofoil
7210,dp5-3,Reverse Holofoil
7212,xy5-117,Reverse Holofoil
7217,dp1-48,Reverse Holofoil
7218,sm2-97,Reverse Holofoil
7219,sv7-47,Reverse Holofoil
7220,sv2-47,Reverse Holofoil
7222,dp3-18,Reverse Holofoil
7223,bw11-68,Reverse Holofoil
7224,me2-89,Reverse Holofoil
7227,ex7-28,Reverse Holofoil
7230,dp4-93,Reverse Holofoil
7231,zsv10pt5-52,Reverse Holofoil
7233,dp7-89,Reverse Holofoil
7234,xy1-81,Reverse Holofoil
7235,swsh7-73,Reverse Holofoil
7241,sv9-91,Reverse Holofoil
7243,ex11-43,Reverse Holofoil
7244,ex14-48,Reverse Holofoil
7246,sm5-128,Reverse Holofoil
7250,ex7-25,Reverse Holofoil
7253,bw1-44,Reverse Holofoil
7255,ecard2-27,Reverse Holofoil
7256,sv3pt5-56,Reverse Holofoil
7259,ex9-28,Reverse Holofoil
7261,dp7-28,Reverse Holofoil
7262,xy8-2,Reverse Holofoil
7263,sm5-67,Reverse Holofoil
7268,ex13-2,Reverse Holofoil
7269,sv4pt5-42,Reverse Holofoil
7272,sv3pt5-52,Reverse Holofoil
7277,dp6-75,Reverse Holofoil
7278,ecard3-37,Reverse Holofoil
7279,bw6-15,Reverse Holofoil
7280,sv3-181,Reverse Holofoil
7282,dp3-89,Reverse Holofoil
7283,swsh3-43,Reverse Holofoil
7285,sm10-114,Reverse Holofoil
7286,sv6-119,Reverse Holofoil
7289,sm7-100,Reverse Holofoil
7292,pl4-62,Reverse Holofoil
7302,swsh35-2,Reverse Holofoil
7303,ex5-20,Reverse Holofoil
7306,dp5-18,Reverse Holofoil
7312,sm7-75,Reverse Holofoil
7313,sm12-70,Reverse Holofoil
7316,ex3-30,Reverse Holofoil
7319,sv3pt5-15,Reverse Holofoil
7322,pl1-SH4,Reverse Holofoil
7323,sm4-30,Reverse Holofoil
7324,xy7-30,Reverse Holofoil
7325,ex13-34,Reverse Holofoil
7328,bw9-33,Reverse Holofoil
7329,bw3-94,Reverse Holofoil
7332,base6-7,Reverse Holofoil
7335,bw1-41,Reverse Holofoil
7341,swsh8-241,Reverse Holofoil
7344,dp4-19,Reverse Holofoil
7351,dp4-34,Reverse Holofoil
7352,sv6-76,Reverse Holofoil
7353,bw2-16,Reverse Holofoil
7355,bw11-27,Reverse Holofoil
7357,dp2-52,Reverse Holofoil
7361,ex14-13,Reverse Holofoil
7362,me2-46,Reverse Holofoil
7364,ex12-82,Reverse Holofoil
7370,xy8-6,Reverse Holofoil
7374,pgo-25,Reverse Holofoil
7379,ecard2-2,Reverse Holofoil
7380,sv4pt5-80,Reverse Holofoil
7382,bw7-64,Reverse Holofoil
7386,swsh6-82,Reverse Holofoil
7387,sv3pt5-108,Reverse Holofoil
7388,swsh3-112,Reverse Holofoil
7393,sv6pt5-51,Reverse Holofoil
7394,pl2-8,Reverse Holofoil
7400,ecard1-87,Reverse Holofoil
7404,swsh6-143,Reverse Holofoil
7405,ex15-82,Reverse Holofoil
7408,sm2-117,Reverse Holofoil
7409,dp4-76,Reverse Holofoil
7410,ex15-53,Reverse Holofoil
7413,bw11-86,Reverse Holofoil
7419,bw3-62,Reverse Holofoil
7421,sv2-129,Reverse Holofoil
7422,sm12-13,Reverse Holofoil
7424,xy8-114,Reverse Holofoil
7427,sm9-23,Reverse Holofoil
7428,sv3-162,Reverse Holofoil
7434,sm10-43,Reverse Holofoil
7436,bw3-65,Reverse Holofoil
7437,sv3pt5-162,Reverse Holofoil
7444,ex15-71,Reverse Holofoil
7446,swsh9-23,Reverse Holofoil
7450,pl4-86,Reverse Holofoil
7454,ecard3-8,Reverse Holofoil
7455,ex11-12,Reverse Holofoil
7458,sm6-46,Reverse Holofoil
7460,sv3-178,Reverse Holofoil
7465,sm2-53,Reverse Holofoil
7466,sm5-119,Reverse Holofoil
7467,sv6-11,Reverse Holofoil
7468,sm9-122,Reverse Holofoil
7472,dp6-81,Reverse Holofoil
7473,ex14-81,Reverse Holofoil
7475,sv10-43,Reverse Holofoil
7479,ex2-18,Reverse Holofoil
7483,dp5-77,Reverse Holofoil
7485,sv8pt5-123,Reverse Holofoil
7486,swsh7-96,Reverse Holofoil
7487,sv5-77,Reverse Holofoil
7491,hgss1-46,Reverse Holofoil
7494,swsh45-62,Reverse Holofoil
7495,ex11-2,Reverse Holofoil
7498,xy11-93,Reverse Holofoil
7499,swsh7-130,Reverse Holofoil
7500,ex14-43,Reverse Holofoil
7503,pl3-20,Reverse Holofoil
7506,swsh8-109,Reverse Holofoil
7508,dp1-53,Reverse Holofoil
7518,ex6-83,Reverse Holofoil
7519,xy6-14,Reverse Holofoil
7520,xy1-83,Reverse Holofoil
7522,bw1-2,Reverse Holofoil
7523,me1-15,Reverse Holofoil
7527,sv9-4,Reverse Holofoil
7530,swsh4-23,Reverse Holofoil
7536,xy1-118,Reverse Holofoil
7538,sm75-38,Reverse Holofoil
7542,sv2-13,Reverse Holofoil
7545,sv3pt5-90,Reverse Holofoil
7549,swsh6-155,Reverse Holofoil
7550,bw5-33,Reverse Holofoil
7551,bw1-78,Reverse Holofoil
7561,bw11-89,Reverse Holofoil
7564,ex16-86,Reverse Holofoil
7565,ex5-79,Reverse Holofoil
7566,sv7-118,Reverse Holofoil
7567,sv6-21,Reverse Holofoil
7568,xy2-87,Reverse Holofoil
7569,bw8-74,Reverse Holofoil
7573,swsh7-134,Reverse Holofoil
7578,swsh12-12,Reverse Holofoil
7583,pl3-38,Reverse Holofoil
7586,sv6-156,Reverse Holofoil
7587,xy8-108,Reverse Holofoil
7592,dp3-130,Reverse Holofoil
7595,pl1-119,Reverse Holofoil
7597,ex6-7,Reverse Holofoil
7599,ecard1-27,Reverse Holofoil
7604,sm1-93,Reverse Holofoil
7607,sv2-67,Reverse Holofoil
7608,sm10-185,Reverse Holofoil
7614,dp1-77,Reverse Holofoil
7623,swsh12-95,Reverse Holofoil
7625,swsh10-119,Reverse Holofoil
7626,xy9-21,Reverse Holofoil
7630,sm75-26,Reverse Holofoil
7633,rsv10pt5-29,Reverse Holofoil
7634,bw11-21,Reverse Holofoil
7636,ecard1-106,Reverse Holofoil
7638,bw11-83,Reverse Holofoil
7643,sv9-144,Reverse Holofoil
7649,ex6-40,Reverse Holofoil
7652,hgss3-58,Reverse Holofoil
7656,sm10-111,Reverse Holofoil
7658,xy1-51,Reverse Holofoil
7662,ex5-6,Reverse Holofoil
7664,sm10-77,Reverse Holofoil
7666,dp2-4,Reverse Holofoil
7672,ex13-77,Reverse Holofoil
7673,swsh2-169,Reverse Holofoil
7674,bw2-53,Reverse Holofoil
7675,sm2-120,Reverse Holofoil
7685,ex3-18,Reverse Holofoil
7686,col1-25,Reverse Holofoil
7689,xy5-127,Reverse Holofoil
7693,xy8-18,Reverse Holofoil
7694,bw3-4,Reverse Holofoil
7700,ex4-44,Reverse Holofoil
7704,ex3-53,Reverse Holofoil
7707,sm9-52,Reverse Holofoil
7708,swsh4-26,Reverse Holofoil
7712,sv3pt5-100,Reverse Holofoil
7713,swsh12pt5-49,Reverse Holofoil
7714,sv1-177,Reverse Holofoil
7715,dp1-94,Reverse Holofoil
7718,sv10-64,Reverse Holofoil
7720,dp2-56,Reverse Holofoil
7721,swsh1-39,Reverse Holofoil
7723,sv1-53,Reverse Holofoil
7727,sv9-74,Reverse Holofoil
7729,me1-18,Reverse Holofoil
7730,sv3-167,Reverse Holofoil
7731,bw2-84,Reverse Holofoil
7732,base6-96,Reverse Holofoil
7735,xy12-81,Reverse Holofoil
7737,xy6-24,Reverse Holofoil
7738,swsh12pt5-75,Reverse Holofoil
7739,sv7-52,Reverse Holofoil
7740,sv5-148,Reverse Holofoil
7742,xy7-53,Reverse Holofoil
7744,swsh10-92,Reverse Holofoil
7747,swsh12-42,Reverse Holofoil
7748,swsh8-80,Reverse Holofoil
7751,sm35-5,Reverse Holofoil
7752,swsh5-57,Reverse Holofoil
7754,sv6-91,Reverse Holofoil
7755,sv8-12,Reverse Holofoil
7756,sm12-168,Reverse Holofoil
7758,sv7-56,Reverse Holofoil
7760,dp3-119,Reverse Holofoil
7761,dp3-78,Reverse Holofoil
7762,ex16-44,Reverse Holofoil
7764,ex15-55,Reverse Holofoil
7765,dp4-24,Reverse Holofoil
7766,xy3-34,Reverse Holofoil
7770,bw3-68,Reverse Holofoil
7771,dp1-83,Reverse Holofoil
7772,bw10-33,Reverse Holofoil
7773,xy1-98,Reverse Holofoil
7777,swsh6-6,Reverse Holofoil
7778,sm6-105,Reverse Holofoil
7779,sm2-89,Reverse Holofoil
7783,swsh12pt5-35,Reverse Holofoil
7784,xy1-114,Reverse Holofoil
7787,sv4-157,Reverse Holofoil
7791,sm5-129,Reverse Holofoil
7794,xy11-84,Reverse Holofoil
7795,sv2-132,Reverse Holofoil
7797,swsh7-62,Reverse Holofoil
7799,swsh3-84,Reverse Holofoil
7804,g1-5,Reverse Holofoil
7809,ex13-13,Reverse Holofoil
7811,ex4-27,Reverse Holofoil
7815,swsh8-30,Reverse Holofoil
7824,ecard2-69,Reverse Holofoil
7828,swsh3-146,Reverse Holofoil
7829,ex11-90,Reverse Holofoil
7830,swsh4-155,Reverse Holofoil
7834,swsh9-90,Reverse Holofoil
7837,me1-28,Reverse Holofoil
7838,swsh10-140,Reverse Holofoil
7839,swsh7-137,Reverse Holofoil
7842,sv3pt5-11,Reverse Holofoil
7847,ex10-57,Reverse Holofoil
7849,sm11-104,Reverse Holofoil
7853,swsh12-68,Reverse Holofoil
7855,sv9-68,Reverse Holofoil
7856,hgss3-65,Reverse Holofoil
7859,sv6-150,Reverse Holofoil
7861,sm4-68,Reverse Holofoil
7867,sm10-33,Reverse Holofoil
7871,bw6-57,Reverse Holofoil
7872,bw9-3,Reverse Holofoil
7874,bw7-22,Reverse Holofoil
7875,sv8pt5-78,Reverse Holofoil
7877,xy11-58,Reverse Holofoil
7879,ex16-83,Reverse Holofoil
7880,swsh35-61,Reverse Holofoil
7882,sv4pt5-43,Reverse Holofoil
7884,sv1-83,Reverse Holofoil
7887,sv4-78,Reverse Holofoil
7888,ex11-34,Reverse Holofoil
7889,sm9-7,Reverse Holofoil
7892,swsh5-90,Reverse Holofoil
7893,xy11-94,Reverse Holofoil
7898,hgss2-63,Reverse Holofoil
7899,sv6-131,Reverse Holofoil
7900,xy8-49,Reverse Holofoil
7902,sm35-18,Reverse Holofoil
7907,sv5-110,Reverse Holofoil
7908,sv2-114,Reverse Holofoil
7909,dp6-91,Reverse Holofoil
7913,swsh2-10,Reverse Holofoil
7914,sv2-12,Reverse Holofoil
7918,ex6-44,Reverse Holofoil
7919,xy9-57,Reverse Holofoil
7921,hgss3-43,Reverse Holofoil
7923,rsv10pt5-14,Reverse Holofoil
7926,sv6-137,Reverse Holofoil
7928,swsh5-135,Reverse Holofoil
7931,dp2-90,Reverse Holofoil
7932,swsh10-24,Reverse Holofoil
7935,ecard1-52,Reverse Holofoil
7938,sm8-1,Reverse Holofoil
7940,bw11-60,Reverse Holofoil
7945,sv5-14,Reverse Holofoil
7946,xy5-124,Reverse Holofoil
7953,me1-13,Reverse Holofoil
7954,ex5-86,Reverse Holofoil
7955,pgo-28,Reverse Holofoil
7956,ex2-85,Reverse Holofoil
7959,dp5-72,Reverse Holofoil
7960,rsv10pt5-65,Reverse Holofoil
7963,swsh8-202,Reverse Holofoil
7965,ex3-36,Reverse Holofoil
7966,me2-90,Reverse Holofoil
7971,swsh12pt5-124,Reverse Holofoil
7974,xy4-94,Reverse Holofoil
7976,ex1-49,Reverse Holofoil
7979,xy12-18,Reverse Holofoil
7980,xy12-80,Reverse Holofoil
7982,swsh3-52,Reverse Holofoil
7983,sv4-109,Reverse Holofoil
7987,me2-73,Reverse Holofoil
7990,dp3-3,Reverse Holofoil
7996,bw2-62,Reverse Holofoil
8005,swsh8-120,Reverse Holofoil
8011,sm11-129,Reverse Holofoil
8012,xy11-65,Reverse Holofoil
8013,sv7-71,Reverse Holofoil
8017,bw10-72,Reverse Holofoil
8018,sv2-56,Reverse Holofoil
8019,sv5-13,Reverse Holofoil
8021,sm3-62,Reverse Holofoil
8022,ex10-45,Reverse Holofoil
8023,sv9-17,Reverse Holofoil
8024,sm4-21,Reverse Holofoil
8025,dp4-10,Reverse Holofoil
8026,ex7-47,Reverse Holofoil
8028,sm11-93,Reverse Holofoil
8030,swsh35-44,Reverse Holofoil
8031,sv4pt5-83,Reverse Holofoil
8033,swsh10-44,Reverse Holofoil
8038,pl2-83,Reverse Holofoil
8042,swsh3-17,Reverse Holofoil
8045,xy10-113,Reverse Holofoil
8048,ecard1-56,Reverse Holofoil
8057,xy3-101,Reverse Holofoil
8061,xy1-67,Reverse Holofoil
8068,sv4pt5-41,Reverse Holofoil
8072,swsh3-102,Reverse Holofoil
8076,sv3-150,Reverse Holofoil
8080,dp6-94,Reverse Holofoil
8081,sv8-73,Reverse Holofoil
8085,swsh12pt5-146,Reverse Holofoil
8086,dp3-123,Reverse Holofoil
8088,sv7-74,Reverse Holofoil
8090,xy10-115,Reverse Holofoil
8092,g1-31,Reverse Holofoil
8095,sm7-132,Reverse Holofoil
8096,sm11-9,Reverse Holofoil
8097,xy12-53,Reverse Holofoil
8100,sv3-39,Reverse Holofoil
8102,sv6pt5-55,Reverse Holofoil
8107,bw6-28,Reverse Holofoil
8111,bw5-68,Reverse Holofoil
8112,sv8-56,Reverse Holofoil
8113,g1-67,Reverse Holofoil
8118,sv1-51,Reverse Holofoil
8120,swsh9-59,Reverse Holofoil
8123,xy12-48,Reverse Holofoil
8124,pl3-117,Reverse Holofoil
8125,ex3-62,Reverse Holofoil
8133,base6-54,Reverse Holofoil
8138,sm10-188,Reverse Holofoil
8141,swsh8-199,Reverse Holofoil
8144,sv8-110,Reverse Holofoil
8145,sv6-96,Reverse Holofoil
8146,bw7-38,Reverse Holofoil
8147,ex9-19,Reverse Holofoil
8149,swsh5-66,Reverse Holofoil
8153,sv10-121,Reverse Holofoil
8154,swsh9-32,Reverse Holofoil
8157,bw5-62,Reverse Holofoil
8159,sm12-79,Reverse Holofoil
8160,dp2-46,Reverse Holofoil
8164,bw5-19,Reverse Holofoil
8167,ecard2-105,Reverse Holofoil
8172,sm8-61,Reverse Holofoil
8175,zsv10pt5-74,Reverse Holofoil
8178,ex1-16,Reverse Holofoil
8179,dp2-77,Reverse Holofoil
8182,ecard2-24,Reverse Holofoil
8185,sv10-53,Reverse Holofoil
8186,ex15-33,Reverse Holofoil
8193,ex4-84,Reverse Holofoil
8195,hgss3-51,Reverse Holofoil
8201,dp1-25,Reverse Holofoil
8202,sm8-193,Reverse Holofoil
8203,xy8-71,Reverse Holofoil
8205,sm1-95,Reverse Holofoil
8207,swsh6-9,Reverse Holofoil
8211,dp3-17,Reverse Holofoil
8213,swsh9-24,Reverse Holofoil
8214,swsh6-31,Reverse Holofoil
8215,dp1-118,Reverse Holofoil
8216,ex11-38,Reverse Holofoil
8217,sv3pt5-73,Reverse Holofoil
8220,swsh4-72,Reverse Holofoil
8223,xy3-31,Reverse Holofoil
8228,sm35-34,Reverse Holofoil
8231,ex7-13,Reverse Holofoil
8238,dp1-58,Reverse Holofoil
8242,ex8-26,Reverse Holofoil
8243,hgss3-57,Reverse Holofoil
8245,sv5-87,Reverse Holofoil
8249,pl4-21,Reverse Holofoil
8250,me2-26,Reverse Holofoil
8251,hgss4-31,Reverse Holofoil
8252,sm6-38,Reverse Holofoil
8258,swsh6-14,Reverse Holofoil
8263,bw2-17,Reverse Holofoil
8264,bw5-9,Reverse Holofoil
8268,bw7-80,Reverse Holofoil
8269,dp4-31,Reverse Holofoil
8271,pl4-59,Reverse Holofoil
8272,swsh12-36,Reverse Holofoil
8274,sv2-110,Reverse Holofoil
8275,sm75-56,Reverse Holofoil
8278,sv10-103,Reverse Holofoil
8280,pl1-91,Reverse Holofoil
8281,xy8-46,Reverse Holofoil
8282,swsh9-140,Reverse Holofoil
8288,me1-85,Reverse Holofoil
8290,sv8pt5-72,Reverse Holofoil
8291,hgss1-81,Reverse Holofoil
8293,xy12-56,Reverse Holofoil
8296,sv8-52,Reverse Holofoil
8298,swsh5-77,Reverse Holofoil
8299,sm115-48,Reverse Holofoil
8300,sv4-182,Reverse Holofoil
8302,sv8pt5-98,Reverse Holofoil
8304,ex10-6,Reverse Holofoil
8310,me1-29,Reverse Holofoil
8312,sv3pt5-17,Reverse Holofoil
8313,sm4-77,Reverse Holofoil
8317,swsh6-153,Reverse Holofoil
8319,xy11-48,Reverse Holofoil
8321,ex1-48,Reverse Holofoil
8325,swsh1-3,Reverse Holofoil
8330,sv2-10,Reverse Holofoil
8331,dp1-112,Reverse Holofoil
8335,pl4-15,Reverse Holofoil
8339,sm12-197,Reverse Holofoil
8340,swsh2-57,Reverse Holofoil
8343,sv1-182,Reverse Holofoil
8346,col1-64,Reverse Holofoil
8348,swsh9-121,Reverse Holofoil
8349,dp2-30,Reverse Holofoil
8352,xy4-10,Reverse Holofoil
8356,sv7-44,Reverse Holofoil
8357,sv3-180,Reverse Holofoil
8359,bw6-49,Reverse Holofoil
8367,swsh8-207,Reverse Holofoil
8369,ex6-22,Reverse Holofoil
8372,swsh10-8,Reverse Holofoil
8376,swsh8-165,Reverse Holofoil
8377,swsh7-44,Reverse Holofoil
8379,ex3-21,Reverse Holofoil
8381,sv6-37,Reverse Holofoil
8382,sv4pt5-13,Reverse Holofoil
8386,xy2-67,Reverse Holofoil
8387,swsh10-68,Reverse Holofoil
8388,sm7-40,Reverse Holofoil
8399,ex14-33,Reverse Holofoil
8400,sv5-52,Reverse Holofoil
8401,sv3pt5-77,Reverse Holofoil
8403,me2-48,Reverse Holofoil
8404,sm9-102,Reverse Holofoil
8405,sm6-93,Reverse Holofoil
8407,swsh6-130,Reverse Holofoil
8409,swsh6-79,Reverse Holofoil
8410,swsh4-3,Reverse Holofoil
8414,sm5-60,Reverse Holofoil
8416,sv1-156,Reverse Holofoil
8417,ex3-65,Reverse Holofoil
8419,ecard2-85,Reverse Holofoil
8427,me2-17,Reverse Holofoil
8428,xy4-38,Reverse Holofoil
8433,swsh8-221,Reverse Holofoil
8435,sv10-87,Reverse Holofoil
8439,ex4-37,Reverse Holofoil
8442,swsh12pt5-142,Reverse Holofoil
8444,xy9-88,Reverse Holofoil
8445,dp6-137,Reverse Holofoil
8446,swsh10-118,Reverse Holofoil
8448,me2-79,Reverse Holofoil
8449,sm10-69,Reverse Holofoil
8451,sv8pt5-80,Reverse Holofoil
8452,ex16-59,Reverse Holofoil
8453,sv2-104,Reverse Holofoil
8455,ecard3-119,Reverse Holofoil
8458,xy2-71,Reverse Holofoil
8461,sv4-37,Reverse Holofoil
8465,ex11-61,Reverse Holofoil
8471,dp7-38,Reverse Holofoil
8472,swsh5-121,Reverse Holofoil
8473,ex4-51,Reverse Holofoil
8475,swsh1-16,Reverse Holofoil
8476,hgss4-1,Reverse Holofoil
8477,me1-24,Reverse Holofoil
8484,swsh3-48,Reverse Holofoil
8487,bw5-80,Reverse Holofoil
8488,ex16-17,Reverse Holofoil
8492,bw8-38,Reverse Holofoil
8493,basep-35,Reverse Holofoil
8496,dp1-111,Reverse Holofoil
8497,hgss2-82,Reverse Holofoil
8502,xy2-75,Reverse Holofoil
8503,swsh5-116,Reverse Holofoil
8504,bw5-30,Reverse Holofoil
8508,swsh8-152,Reverse Holofoil
8510,swsh3-125,Reverse Holofoil
8511,sm3-11,Reverse Holofoil
8512,ex5-30,Reverse Holofoil
8513,ex2-45,Reverse Holofoil
8514,bw7-98,Reverse Holofoil
8525,dp1-86,Reverse Holofoil
8528,sm9-123,Reverse Holofoil
8532,zsv10pt5-59,Reverse Holofoil
8533,sv4pt5-90,Reverse Holofoil
8536,swsh3-75,Reverse Holofoil
8537,bw3-22,Reverse Holofoil
8540,ecard3-121,Reverse Holofoil
8546,xy6-87,Reverse Holofoil
8547,ex3-39,Reverse Holofoil
8548,bw2-50,Reverse Holofoil
8549,ex4-71,Reverse Holofoil
8550,ex4-56,Reverse Holofoil
8551,sv3-106,Reverse Holofoil
8555,ex14-87,Reverse Holofoil
8556,rsv10pt5-62,Reverse Holofoil
8558,zsv10pt5-86,Reverse Holofoil
8559,sv5-90,Reverse Holofoil
8560,pl1-59,Reverse Holofoil
8562,dp3-49,Reverse Holofoil
8564,ex15-83,Reverse Holofoil
8579,sv9-64,Reverse Holofoil
8580,swsh7-81,Reverse Holofoil
8587,sv1-139,Reverse Holofoil
8588,swsh9-1,Reverse Holofoil
8596,sv6-43,Reverse Holofoil
8597,bw4-34,Reverse Holofoil
8598,pl4-47,Reverse Holofoil
8600,pl2-81,Reverse Holofoil
8601,ecard1-112,Reverse Holofoil
8604,sm5-85,Reverse Holofoil
8606,sm7-98,Reverse Holofoil
8607,hgss4-39,Reverse Holofoil
8609,sv4-7,Reverse Holofoil
8610,ecard2-67,Reverse Holofoil
8611,sm1-56,Reverse Holofoil
8612,dc1-3,Reverse Holofoil
8614,swsh5-76,Reverse Holofoil
8616,bw1-76,Reverse Holofoil
8618,bw3-1,Reverse Holofoil
8619,xy10-65,Reverse Holofoil
8622,me2-12,Reverse Holofoil
8623,swsh12-73,Reverse Holofoil
8630,bw1-91,Reverse Holofoil
8631,dp6-80,Reverse Holofoil
8634,bw11-76,Reverse Holofoil
8635,sm1-16,Reverse Holofoil
8636,sm7-129,Reverse Holofoil
8640,sv5-105,Reverse Holofoil
8645,swsh12-22,Reverse Holofoil
8648,ecard2-87,Reverse Holofoil
8650,swsh45-31,Reverse Holofoil
8653,hgss4-66,Reverse Holofoil
8656,sv3pt5-62,Reverse Holofoil
8657,swsh1-61,Reverse Holofoil
8659,bw6-73,Reverse Holofoil
8666,ex14-54,Reverse Holofoil
8667,sv3pt5-23,Reverse Holofoil
8669,sm11-42,Reverse Holofoil
8670,ex9-42,Reverse Holofoil
8671,pl2-35,Reverse Holofoil
8672,xy3-87,Reverse Holofoil
8673,bw9-24,Reverse Holofoil
8674,sv3-85,Reverse Holofoil
8675,swsh8-118,Reverse Holofoil
8676,xy1-22,Reverse Holofoil
8684,swsh3-40,Reverse Holofoil
8685,bw3-63,Reverse Holofoil
8688,bw5-101,Reverse Holofoil
8689,sm12-86,Reverse Holofoil
8695,bw11-84,Reverse Holofoil
8698,dp4-2,Reverse Holofoil
8699,ex8-76,Reverse Holofoil
8707,sv8-190,Reverse Holofoil
8710,sm11-211,Reverse Holofoil
8711,xy12-30,Reverse Holofoil
8722,swsh5-25,Reverse Holofoil
8723,ex7-22,Reverse Holofoil
8727,ex2-40,Reverse Holofoil
8729,swsh12pt5-41,Reverse Holofoil
8732,sm12-204,Reverse Holofoil
8734,xy10-82,Reverse Holofoil
8736,ex14-61,Reverse Holofoil
8739,swsh5-101,Reverse Holofoil
8747,sv8-23,Reverse Holofoil
8748,pl2-38,Reverse Holofoil
8750,swsh1-93,Reverse Holofoil
8751,xy6-9,Reverse Holofoil
8753,sv10-131,Reverse Holofoil
8757,ex12-57,Reverse Holofoil
8761,sm7-127,Reverse Holofoil
8763,swsh4-89,Reverse Holofoil
8768,xy8-82,Reverse Holofoil
8770,ex2-79,Reverse Holofoil
8778,swsh9-42,Reverse Holofoil
8780,pl1-96,Reverse Holofoil
8783,sv2-6,Reverse Holofoil
8786,xy1-5,Reverse Holofoil
8787,xy12-36,Reverse Holofoil
8788,bw2-92,Reverse Holofoil
8794,sv7-5,Reverse Holofoil
8796,sm115-56,Reverse Holofoil
8798,sm12-45,Reverse Holofoil
8799,swsh1-185,Reverse Holofoil
8800,sm2-63,Reverse Holofoil
8805,pl2-76,Reverse Holofoil
8811,sm8-186,Reverse Holofoil
8813,sv1-60,Reverse Holofoil
8816,sm8-153,Reverse Holofoil
8817,hgss2-56,Reverse Holofoil
8818,dp2-38,Reverse Holofoil
8820,swsh2-111,Reverse Holofoil
8823,pl2-84,Reverse Holofoil
8824,swsh2-131,Reverse Holofoil
8825,sm6-102,Reverse Holofoil
8831,sv4-130,Reverse Holofoil
8833,zsv10pt5-80,Reverse Holofoil
8834,ex11-97,Reverse Holofoil
8835,xy6-39,Reverse Holofoil
8837,sv9-84,Reverse Holofoil
8838,pl2-93,Reverse Holofoil
8839,swsh5-54,Reverse Holofoil
8840,swsh10-95,Reverse Holofoil
8845,sv4pt5-1,Reverse Holofoil
8846,pgo-38,Reverse Holofoil
8851,sv1-50,Reverse Holofoil
8855,sm10-113,Reverse Holofoil
8860,swsh1-6,Reverse Holofoil
8861,ex14-24,Reverse Holofoil
8863,ex1-104,Reverse Holofoil
8866,sv9-90,Reverse Holofoil
8869,sm75-60,Reverse Holofoil
8872,me1-9,Reverse Holofoil
8874,sm11-88,Reverse Holofoil
8876,swsh12-77,Reverse Holofoil
8878,xy8-60,Reverse Holofoil
8882,sm12-122,Reverse Holofoil
8883,bw1-71,Reverse Holofoil
8884,base6-18,Reverse Holofoil
8892,sv3pt5-72,Reverse Holofoil
8893,swsh3-7,Reverse Holofoil
8894,sv3-75,Reverse Holofoil
8898,sm6-18,Reverse Holofoil
8900,ecard1-76,Reverse Holofoil
8901,ex11-28,Reverse Holofoil
8904,ecard1-153,Reverse Holofoil
8906,sm2-9,Reverse Holofoil
8909,sv2-30,Reverse Holofoil
8914,swsh12-103,Reverse Holofoil
8915,me2-92,Reverse Holofoil
8922,sm9-24,Reverse Holofoil
8927,xy12-6,Reverse Holofoil
8929,sm6-69,Reverse Holofoil
8930,xy2-26,Reverse Holofoil
8932,me2-82,Reverse Holofoil
8935,sv7-62,Reverse Holofoil
8938,swsh35-45,Reverse Holofoil
8940,xy11-80,Reverse Holofoil
8948,sm3-56,Reverse Holofoil
8949,sm12-131,Reverse Holofoil
8954,ecard1-30,Reverse Holofoil
8955,ex6-1,Reverse Holofoil
8958,bw1-94,Reverse Holofoil
8959,bw10-81,Reverse Holofoil
8960,dp1-30,Reverse Holofoil
8961,swsh7-124,Reverse Holofoil
8963,ecard3-33,Reverse Holofoil
8968,dp7-8,Reverse Holofoil
8969,ecard2-92,Reverse Holofoil
8971,sm4-41,Reverse Holofoil
8974,ex6-61,Reverse Holofoil
8977,swsh5-47,Reverse Holofoil
8981,sm8-190,Reverse Holofoil
8985,sm35-13,Reverse Holofoil
8988,sv4pt5-33,Reverse Holofoil
8992,rsv10pt5-82,Reverse Holofoil
8998,sv10-4,Reverse Holofoil
8999,swsh8-35,Reverse Holofoil
9002,pgo-27,Reverse Holofoil
9003,xy12-87,Reverse Holofoil
9008,sv10-83,Reverse Holofoil
9009,ecard1-31,Reverse Holofoil
9010,sv3pt5-61,Reverse Holofoil
9012,sm12-133,Reverse Holofoil
9018,ecard2-11,Reverse Holofoil
9022,ex2-53,Reverse Holofoil
9025,swsh8-187,Reverse Holofoil
9028,ex14-59,Reverse Holofoil
9029,sm5-52,Reverse Holofoil
9030,sv10-84,Reverse Holofoil
9033,sv8-22,Reverse Holofoil
9035,ex6-41,Reverse Holofoil
9040,sv3-113,Reverse Holofoil
9044,swsh8-214,Reverse Holofoil
9045,dp2-93,Reverse Holofoil
9049,xy8-91,Reverse Holofoil
9050,sm2-113,Reverse Holofoil
9058,sv3pt5-114,Reverse Holofoil
9060,sm7-21,Reverse Holofoil
9061,ecard2-109,Reverse Holofoil
9062,g1-16,Reverse Holofoil
9063,xy6-96,Reverse Holofoil
9066,swsh4-113,Reverse Holofoil
9068,sv4pt5-7,Reverse Holofoil
9077,swsh9-52,Reverse Holofoil
9081,dp2-89,Reverse Holofoil
9084,dp5-55,Reverse Holofoil
9085,ex14-86,Reverse Holofoil
9086,ex7-62,Reverse Holofoil
9088,swsh6-24,Reverse Holofoil
9089,ex15-37,Reverse Holofoil
9091,sv3pt5-98,Reverse Holofoil
9092,pl1-68,Reverse Holofoil
9093,base6-45,Reverse Holofoil
9094,xy12-54,Reverse Holofoil
9099,bw11-53,Reverse Holofoil
9102,sv9-19,Reverse Holofoil
9103,swsh9-143,Reverse Holofoil
9108,sm9-137,Reverse Holofoil
9110,xy7-77,Reverse Holofoil
9112,xy8-25,Reverse Holofoil
9113,swsh6-132,Reverse Holofoil
9114,ecard3-26,Reverse Holofoil
9118,me2-53,Reverse Holofoil
9123,bw3-14,Reverse Holofoil
9135,sm4-11,Reverse Holofoil
9150,sv8-19,Reverse Holofoil
9153,bw4-90,Reverse Holofoil
9155,sv1-11,Reverse Holofoil
9158,pl1-113,Reverse Holofoil
9159,sm11-110,Reverse Holofoil
9160,sv2-70,Reverse Holofoil
9161,ecard2-62,Reverse Holofoil
9162,sm12-118,Reverse Holofoil
9164,dp7-88,Reverse Holofoil
9165,ex15-42,Reverse Holofoil
9169,bw9-55,Reverse Holofoil
9170,sv5-145,Reverse Holofoil
9172,hgss1-1,Reverse Holofoil
9175,sm2-65,Reverse Holofoil
9176,pl1-52,Reverse Holofoil
9177,swsh45-28,Reverse Holofoil
9178,hgss4-38,Reverse Holofoil
9179,hgss2-36,Reverse Holofoil
9180,me1-75,Reverse Holofoil
9190,ex3-15,Reverse Holofoil
9194,xy2-91,Reverse Holofoil
9196,hgss1-104,Reverse Holofoil
9202,pl4-SH11,Reverse Holofoil
9204,sv2-131,Reverse Holofoil
9207,pl3-132,Reverse Holofoil
9212,bw7-1,Reverse Holofoil
9213,sm10-86,Reverse Holofoil
9219,dp6-5,Reverse Holofoil
9220,swsh6-30,Reverse Holofoil
9221,pl4-63,Reverse Holofoil
9222,bw10-82,Reverse Holofoil
9225,swsh12-53,Reverse Holofoil
9226,xy9-20,Reverse Holofoil
9227,bw9-5,Reverse Holofoil
9229,me2-25,Reverse Holofoil
9234,sv8-5,Reverse Holofoil
9237,ex8-53,Reverse Holofoil
9239,sv5-143,Reverse Holofoil
9244,swsh10-3,Reverse Holofoil
9249,ex8-49,Reverse Holofoil
9252,hgss4-3,Reverse Holofoil
9253,rsv10pt5-75,Reverse Holofoil
9254,sv4-147,Reverse Holofoil
9256,swsh5-65,Reverse Holofoil
9257,sv4pt5-49,Reverse Holofoil
9262,sv6-126,Reverse Holofoil
9264,bw11-70,Reverse Holofoil
9268,xy1-121,Reverse Holofoil
9273,sm1-50,Reverse Holofoil
9275,sm5-125,Reverse Holofoil
9277,bw10-80,Reverse Holofoil
9279,ex2-49,Reverse Holofoil
9284,bw6-83,Reverse Holofoil
9286,ex8-66,Reverse Holofoil
9287,ecard2-54,Reverse Holofoil
9288,pgo-26,Reverse Holofoil
9290,base6-43,Reverse Holofoil
9292,sv3-163,Reverse Holofoil
9294,sv1-95,Reverse Holofoil
9295,sv1-43,Reverse Holofoil
9296,swsh12pt5-89,Reverse Holofoil
9297,swsh9-104,Reverse Holofoil
9298,ex1-57,Reverse Holofoil
9299,sv1-191,Reverse Holofoil
9303,sm115-29,Reverse Holofoil
9304,sv7-109,Reverse Holofoil
9305,dp1-56,Reverse Holofoil
9307,dp3-127,Reverse Holofoil
9309,bw6-52,Reverse Holofoil
9312,dp6-50,Reverse Holofoil
9313,ex5-80,Reverse Holofoil
9316,xy7-2,Reverse Holofoil
9317,swsh8-116,Reverse Holofoil
9320,swsh12-44,Reverse Holofoil
9321,pl1-47,Reverse Holofoil
9327,swsh9-109,Reverse Holofoil
9328,pl2-20,Reverse Holofoil
9336,me2-39,Reverse Holofoil
9337,bw10-69,Reverse Holofoil
9339,xy3-66,Reverse Holofoil
9340,swsh6-92,Reverse Holofoil
9341,dp1-61,Reverse Holofoil
9342,sm35-31,Reverse Holofoil
9343,bw3-15,Reverse Holofoil
9344,dp7-92,Reverse Holofoil
9345,xy3-15,Reverse Holofoil
9347,swsh3-107,Reverse Holofoil
9349,ex10-84,Reverse Holofoil
9352,swsh8-197,Reverse Holofoil
9354,bw8-16,Reverse Holofoil
9358,swsh7-141,Reverse Holofoil
9361,xy6-90,Reverse Holofoil
9363,ex2-37,Reverse Holofoil
9364,me1-72,Reverse Holofoil
9372,sv4-138,Reverse Holofoil
9375,sv8pt5-105,Reverse Holofoil
9376,swsh10-97,Reverse Holofoil
9378,zsv10pt5-32,Reverse Holofoil
9381,sm9-117,Reverse Holofoil
9382,sv3pt5-153,Reverse Holofoil
9383,swsh10-130,Reverse Holofoil
9399,ex7-64,Reverse Holofoil
9400,xy3-42,Reverse Holofoil
9405,sm10-175,Reverse Holofoil
9406,dp4-43,Reverse Holofoil
9408,swsh1-85,Reverse Holofoil
9412,ex2-42,Reverse Holofoil
9414,xy5-40,Reverse Holofoil
9416,swsh8-186,Reverse Holofoil
9420,sv1-196,Reverse Holofoil
9423,sv4-19,Reverse Holofoil
9424,ecard3-76,Reverse Holofoil
9425,sv3-118,Reverse Holofoil
9426,dp6-114,Reverse Holofoil
9429,bw5-88,Reverse Holofoil
9432,sv10-82,Reverse Holofoil
9435,sv3-52,Reverse Holofoil
9438,col1-81,Reverse Holofoil
9442,xy3-39,Reverse Holofoil
9445,sv10-59,Reverse Holofoil
9448,sv4pt5-11,Reverse Holofoil
9450,ex11-57,Reverse Holofoil
9453,ex5-68,Reverse Holofoil
9454,dp1-16,Reverse Holofoil
9455,sv10-80,Reverse Holofoil
9460,hgss2-71,Reverse Holofoil
9461,swsh7-165,Reverse Holofoil
9462,dp6-42,Reverse Holofoil
9463,col1-13,Reverse Holofoil
9465,rsv10pt5-6,Reverse Holofoil
9466,bw7-135,Reverse Holofoil
9468,ex12-71,Reverse Holofoil
9469,sv8pt5-130,Reverse Holofoil
9470,xy10-9,Reverse Holofoil
9472,sv2-49,Reverse Holofoil
9475,dp6-22,Reverse Holofoil
9485,ex10-92,Reverse Holofoil
9487,swsh2-157,Reverse Holofoil
9489,sv6pt5-14,Reverse Holofoil
9491,xy7-58,Reverse Holofoil
9492,sm1-65,Reverse Holofoil
9495,bw7-24,Reverse Holofoil
9496,ex6-24,Reverse Holofoil
9498,swsh2-65,Reverse Holofoil
9505,dp6-9,Reverse Holofoil
9508,hgss1-73,Reverse Holofoil
9510,bwp-BW41,Reverse Holofoil
9511,sm8-96,Reverse Holofoil
9512,ex9-84,Reverse Holofoil
9514,swsh10-42,Reverse Holofoil
9519,sv6pt5-47,Reverse Holofoil
9521,xy1-76,Reverse Holofoil
9527,dp6-45,Reverse Holofoil
9530,sm9-56,Reverse Holofoil
9531,pl1-29,Reverse Holofoil
9536,hgss1-89,Reverse Holofoil
9539,xy1-93,Reverse Holofoil
9546,xy3-67,Reverse Holofoil
9549,sm12-169,Reverse Holofoil
9550,bw3-36,Reverse Holofoil
9552,xy10-29,Reverse Holofoil
9553,xy11-51,Reverse Holofoil
9558,ex13-20,Reverse Holofoil
9563,swsh10-123,Reverse Holofoil
9565,sm8-59,Reverse Holofoil
9566,rsv10pt5-56,Reverse Holofoil
9568,sv4-22,Reverse Holofoil
9571,swsh12-64,Reverse Holofoil
9575,xy10-11,Reverse Holofoil
9577,xy12-97,Reverse Holofoil
9581,sv6-17,Reverse Holofoil
9582,sm4-61,Reverse Holofoil
9583,sv7-13,Reverse Holofoil
9586,swsh35-48,Reverse Holofoil
9587,bw10-20,Reverse Holofoil
9590,sv9-29,Reverse Holofoil
9592,xy7-17,Reverse Holofoil
9594,sv10-141,Reverse Holofoil
9595,me1-59,Reverse Holofoil
9605,pl1-94,Reverse Holofoil
9609,swsh4-156,Reverse Holofoil
9610,sm8-66,Reverse Holofoil
9611,bw10-46,Reverse Holofoil
9612,swsh5-64,Reverse Holofoil
9615,col1-38,Reverse Holofoil
9616,ex4-24,Reverse Holofoil
9618,bw7-25,Reverse Holofoil
9619,pl3-118,Reverse Holofoil
9620,sv4pt5-23,Reverse Holofoil
9622,bw8-94,Reverse Holofoil
9624,dp3-81,Reverse Holofoil
9627,pl3-33,Reverse Holofoil
9635,hgss4-72,Reverse Holofoil
9637,sm1-82,Reverse Holofoil
9644,swsh2-32,Reverse Holofoil
9652,sm115-13,Reverse Holofoil
9653,g1-35,Reverse Holofoil
9656,hgss3-49,Reverse Holofoil
9658,ex3-13,Reverse Holofoil
9659,swsh5-13,Reverse Holofoil
9660,ecard2-26,Reverse Holofoil
9668,bw2-46,Reverse Holofoil
9672,bw9-42,Reverse Holofoil
9674,sv10-71,Reverse Holofoil
9675,ex15-73,Reverse Holofoil
9676,hgss1-84,Reverse Holofoil
9678,ex16-84,Reverse Holofoil
9687,sv9-42,Reverse Holofoil
9688,ex16-46,Reverse Holofoil
9689,swsh12pt5-119,Reverse Holofoil
9692,pl2-RT4,Reverse Holofoil
9699,sv3-89,Reverse Holofoil
9701,swsh8-29,Reverse Holofoil
9702,pl2-21,Reverse Holofoil
9704,bw10-6,Reverse Holofoil
9705,pl2-34,Reverse Holofoil
9706,sv10-107,Reverse Holofoil
9710,sv3pt5-50,Reverse Holofoil
9715,bw6-74,Reverse Holofoil
9716,sv8pt5-8,Reverse Holofoil
9720,col1-77,Reverse Holofoil
9721,ex9-15,Reverse Holofoil
9722,xy6-8,Reverse Holofoil
9724,ex9-63,Reverse Holofoil
9728,dp7-42,Reverse Holofoil
9733,dp3-29,Reverse Holofoil
9734,sv6-86,Reverse Holofoil
9737,swsh12pt5-83,Reverse Holofoil
9738,sv4-8,Reverse Holofoil
9740,sv6-161,Reverse Holofoil
9750,dp6-33,Reverse Holofoil
9752,sm7-35,Reverse Holofoil
9757,xy12-66,Reverse Holofoil
9759,swsh12-51,Reverse Holofoil
9760,sv6-42,Reverse Holofoil
9761,sv4-132,Reverse Holofoil
9763,swsh4-93,Reverse Holofoil
9766,swsh8-181,Reverse Holofoil
9772,swsh45-41,Reverse Holofoil
9774,ecard2-139,Reverse Holofoil
9776,sv6-4,Reverse Holofoil
9777,swsh6-154,Reverse Holofoil
9778,hgss3-66,Reverse Holofoil
9779,ecard3-29,Reverse Holofoil
9780,bw1-84,Reverse Holofoil
9782,ex11-40,Reverse Holofoil
9783,dp1-98,Reverse Holofoil
9786,ex8-52,Reverse Holofoil
9787,dp1-12,Reverse Holofoil
9789,hgss1-103,Reverse Holofoil
9792,swsh7-150,Reverse Holofoil
9799,sv3pt5-140,Reverse Holofoil
9800,sv2-18,Reverse Holofoil
9803,swsh9-144,Reverse Holofoil
9804,sv4-64,Reverse Holofoil
9805,sm10-67,Reverse Holofoil
9808,ex2-44,Reverse Holofoil
9818,ex11-45,Reverse Holofoil
9819,xy11-97,Reverse Holofoil
9820,sv3-193,Reverse Holofoil
9825,sm115-46,Reverse Holofoil
9828,sv2-82,Reverse Holofoil
9830,ex5-19,Reverse Holofoil
9831,swsh5-68,Reverse Holofoil
9837,pl2-95,Reverse Holofoil
9839,col1-5,Reverse Holofoil
9840,sm35-8,Reverse Holofoil
9849,xy4-92,Reverse Holofoil
9852,sm5-95,Reverse Holofoil
9853,ex1-37,Reverse Holofoil
9858,swsh4-17,Reverse Holofoil
9860,sv6pt5-3,Reverse Holofoil
9866,ex3-38,Reverse Holofoil
9871,xy2-53,Reverse Holofoil
9873,sm10-187,Reverse Holofoil
9875,swsh10-5,Reverse Holofoil
9876,ex7-83,Reverse Holofoil
9877,ex2-36,Reverse Holofoil
9878,sm12-40,Reverse Holofoil
9880,pl4-16,Reverse Holofoil
9884,sm5-49,Reverse Holofoil
9885,dp2-15,Reverse Holofoil
9888,bw4-15,Reverse Holofoil
9890,bw8-115,Reverse Holofoil
9895,sm1-3,Reverse Holofoil
9896,sm75-1,Reverse Holofoil
9897,ex13-61,Reverse Holofoil
9902,sv7-79,Reverse Holofoil
9903,swsh3-150,Reverse Holofoil
9906,swsh10-148,Reverse Holofoil
9910,ex10-85,Reverse Holofoil
9912,sm1-119,Reverse Holofoil
9914,bw10-74,Reverse Holofoil
9924,sv4-85,Reverse Holofoil
9925,xy3-58,Reverse Holofoil
9932,sv8pt5-45,Reverse Holofoil
9933,bw3-43,Reverse Holofoil
9934,ex13-48,Reverse Holofoil
9937,sv6-66,Reverse Holofoil
9938,xy7-47,Reverse Holofoil
9941,swsh9-41,Reverse Holofoil
9946,dp7-10,Reverse Holofoil
9952,sm75-13,Reverse Holofoil
9955,ex10-5,Reverse Holofoil
9956,ex7-54,Reverse Holofoil
9962,bw5-1,Reverse Holofoil
9966,ex15-8,Reverse Holofoil
9976,ex12-77,Reverse Holofoil
9978,ex11-78,Reverse Holofoil
9982,ex10-26,Reverse Holofoil
9989,bw5-31,Reverse Holofoil
9990,sv5-161,Reverse Holofoil
9991,sv1-132,Reverse Holofoil
9994,sv4-146,Reverse Holofoil
9996,sv4-152,Reverse Holofoil
10000,rsv10pt5-73,Reverse Holofoil
10003,xy1-96,Reverse Holofoil
10005,dp2-61,Reverse Holofoil
10007,bw3-54,Reverse Holofoil
10009,ex11-68,Reverse Holofoil
10011,bw8-13,Reverse Holofoil
10012,hgss4-59,Reverse Holofoil
10013,pgo-42,Reverse Holofoil
10014,xy4-86,Reverse Holofoil
10015,bw6-11,Reverse Holofoil
10019,sm10-60,Reverse Holofoil
10021,sv9-70,Reverse Holofoil
10024,dp6-57,Reverse Holofoil
10027,sm9-32,Reverse Holofoil
10028,ex6-95,Reverse Holofoil
10029,swsh7-163,Reverse Holofoil
10031,hgss4-12,Reverse Holofoil
10036,swsh7-55,Reverse Holofoil
10037,xy11-72,Reverse Holofoil
10039,swsh10-37,Reverse Holofoil
10043,swsh4-60,Reverse Holofoil
10044,bw3-7,Reverse Holofoil
10050,sv2-98,Reverse Holofoil
10051,zsv10pt5-39,Reverse Holofoil
10054,xy9-36,Reverse Holofoil
10057,pl3-128,Reverse Holofoil
10063,ecard3-16,Reverse Holofoil
10064,bw10-83,Reverse Holofoil
10066,hgss4-18,Reverse Holofoil
10069,bw10-1,Reverse Holofoil
10072,bw8-107,Reverse Holofoil
10073,swsh7-35,Reverse Holofoil
10074,sv5-82,Reverse Holofoil
10076,xy2-15,Reverse Holofoil
10078,swsh1-37,Reverse Holofoil
10079,swsh45-36,Reverse Holofoil
10080,swsh6-12,Reverse Holofoil
10087,ex8-29,Reverse Holofoil
10089,bw9-9,Reverse Holofoil
10093,rsv10pt5-17,Reverse Holofoil
10095,pl2-25,Reverse Holofoil
10097,xy3-1,Reverse Holofoil
10099,sm11-57,Reverse Holofoil
10107,sm3-72,Reverse Holofoil
10109,swsh8-63,Reverse Holofoil
10110,xy7-81,Reverse Holofoil
10112,swsh12pt5-31,Reverse Holofoil
10117,sm1-23,Reverse Holofoil
10118,swsh45-23,Reverse Holofoil
10123,xy11-42,Reverse Holofoil
10126,bw7-136,Reverse Holofoil
10127,swsh12-9,Reverse Holofoil
10133,ex5-62,Reverse Holofoil
10139,ex5-84,Reverse Holofoil
10142,swsh6-156,Reverse Holofoil
10143,sm10-108,Reverse Holofoil
10146,swsh8-151,Reverse Holofoil
10148,bw7-10,Reverse Holofoil
10149,xy12-49,Reverse Holofoil
10152,ecard1-75,Reverse Holofoil
10153,sm6-45,Reverse Holofoil
10158,swsh6-133,Reverse Holofoil
10161,sv10-158,Reverse Holofoil
10167,sm3-55,Reverse Holofoil
10169,ex3-83,Reverse Holofoil
10174,bw1-26,Reverse Holofoil
10179,dp4-59,Reverse Holofoil
10180,ex16-52,Reverse Holofoil
10181,pl4-57,Reverse Holofoil
10182,bw7-119,Reverse Holofoil
10183,bw5-11,Reverse Holofoil
10189,swsh7-38,Reverse Holofoil
10190,sm1-36,Reverse Holofoil
10192,ex12-2,Reverse Holofoil
10193,sv9-102,Reverse Holofoil
10194,sv8pt5-84,Reverse Holofoil
10196,xy2-5,Reverse Holofoil
10202,pl2-80,Reverse Holofoil
10204,sv7-133,Reverse Holofoil
10206,swsh12-19,Reverse Holofoil
10208,ex10-97,Reverse Holofoil
10213,ex14-2,Reverse Holofoil
10214,hgss2-80,Reverse Holofoil
10215,swsh7-11,Reverse Holofoil
10218,sm1-81,Reverse Holofoil
10222,swsh1-114,Reverse Holofoil
10223,sm10-45,Reverse Holofoil
10224,ex5-9,Reverse Holofoil
10225,sv8pt5-5,Reverse Holofoil
10228,xy3-27,Reverse Holofoil
10231,xy1-113,Reverse Holofoil
10237,ex3-3,Reverse Holofoil
10241,me1-31,Reverse Holofoil
10242,ecard3-95,Reverse Holofoil
10247,swsh12pt5-6,Reverse Holofoil
10249,ecard2-28,Reverse Holofoil
10250,ecard3-124,Reverse Holofoil
10252,sv5-37,Reverse Holofoil
10254,ex16-15,Reverse Holofoil
10255,xy10-93,Reverse Holofoil
10256,hgss3-68,Reverse Holofoil
10258,dp6-78,Reverse Holofoil
10260,swsh8-182,Reverse Holofoil
10262,ex8-22,Reverse Holofoil
10268,sv1-35,Reverse Holofoil
10270,sm7-96,Reverse Holofoil
10271,hgss2-41,Reverse Holofoil
10273,dc1-31,Reverse Holofoil
10276,sm4-46,Reverse Holofoil
10279,sv4pt5-36,Reverse Holofoil
10280,xy3-51,Reverse Holofoil
10281,bw4-46,Reverse Holofoil
10286,hgss1-8,Reverse Holofoil
10288,dp5-60,Reverse Holofoil
10289,sv2-19,Reverse Holofoil
10291,sm9-46,Reverse Holofoil
10296,swsh4-130,Reverse Holofoil
10298,sv3pt5-109,Reverse Holofoil
10301,pl3-113,Reverse Holofoil
10302,sv9-36,Reverse Holofoil
10306,ex10-94,Reverse Holofoil
10307,xy12-82,Reverse Holofoil
10311,xy4-20,Reverse Holofoil
10314,sm4-67,Reverse Holofoil
10315,swsh6-109,Reverse Holofoil
10319,swsh1-95,Reverse Holofoil
10322,xy11-50,Reverse Holofoil
10324,bw2-88,Reverse Holofoil
10325,bw8-44,Reverse Holofoil
10326,swsh10-76,Reverse Holofoil
10327,swsh7-157,Reverse Holofoil
10330,ex10-52,Reverse Holofoil
10335,ex14-25,Reverse Holofoil
10338,pl1-69,Reverse Holofoil
10340,hgss3-64,Reverse Holofoil
10341,sm10-155,Reverse Holofoil
10342,pl4-53,Reverse Holofoil
10344,swsh1-158,Reverse Holofoil
10348,swsh9-145,Reverse Holofoil
10352,ecard2-135,Reverse Holofoil
10353,sm9-121,Reverse Holofoil
10355,sv4pt5-3,Reverse Holofoil
10356,sv6-36,Reverse Holofoil
10359,sv4pt5-12,Reverse Holofoil
10361,bw8-9,Reverse Holofoil
10362,sm115-2,Reverse Holofoil
10363,swsh35-54,Reverse Holofoil
10364,hgss1-5,Reverse Holofoil
10371,ex3-68,Reverse Holofoil
10376,sv8pt5-93,Reverse Holofoil
10378,ex3-24,Reverse Holofoil
10382,swsh5-91,Reverse Holofoil
10383,sv4-162,Reverse Holofoil
10386,sv7-135,Reverse Holofoil
10393,dp5-34,Reverse Holofoil
10394,sv6-69,Reverse Holofoil
10397,swsh35-4,Reverse Holofoil
10400,ex9-12,Reverse Holofoil
10402,sm12-196,Reverse Holofoil
10408,bw8-127,Reverse Holofoil
10409,sv8-116,Reverse Holofoil
10410,ex13-84,Reverse Holofoil
10412,sm4-75,Reverse Holofoil
10415,sv10-51,Reverse Holofoil
10418,bw5-50,Reverse Holofoil
10419,bw8-45,Reverse Holofoil
10423,bw4-4,Reverse Holofoil
10424,zsv10pt5-60,Reverse Holofoil
10427,sm4-16,Reverse Holofoil
10431,sv9-138,Reverse Holofoil
10435,bw6-80,Reverse Holofoil
10437,dp5-41,Reverse Holofoil
10438,sv1-22,Reverse Holofoil
10444,sv5-101,Reverse Holofoil
10446,sv5-11,Reverse Holofoil
10450,ecard3-32,Reverse Holofoil
10451,sv9-16,Reverse Holofoil
10452,sv1-178,Reverse Holofoil
10455,pl3-133,Reverse Holofoil
10458,sm4-10,Reverse Holofoil
10461,bw7-115,Reverse Holofoil
10463,me2-59,Reverse Holofoil
10466,ex11-86,Reverse Holofoil
10467,xy6-94,Reverse Holofoil
10468,swsh8-99,Reverse Holofoil
10472,sm6-108,Reverse Holofoil
10474,sv6-138,Reverse Holofoil
10477,sv1-105,Reverse Holofoil
10478,rsv10pt5-25,Reverse Holofoil
10485,bw3-88,Reverse Holofoil
10488,swsh2-31,Reverse Holofoil
10492,pgo-41,Reverse Holofoil
10493,swsh10-56,Reverse Holofoil
10494,sm10-105,Reverse Holofoil
10495,xy9-9,Reverse Holofoil
10496,swsh5-104,Reverse Holofoil
10497,swsh2-46,Reverse Holofoil
10498,sv7-122,Reverse Holofoil
10500,bw11-28,Reverse Holofoil
10503,pl1-22,Reverse Holofoil
10504,swsh5-24,Reverse Holofoil
10507,sv8pt5-25,Reverse Holofoil
10508,swsh2-79,Reverse Holofoil
10512,pgo-22,Reverse Holofoil
10513,ex10-95,Reverse Holofoil
10514,sm7-37,Reverse Holofoil
10515,sv10-6,Reverse Holofoil
10516,swsh8-52,Reverse Holofoil
10518,sv7-42,Reverse Holofoil
10519,dp3-107,Reverse Holofoil
10528,ex13-74,Reverse Holofoil
10530,sm2-111,Reverse Holofoil
10535,sm8-152,Reverse Holofoil
10536,ecard2-76,Reverse Holofoil
10539,sm11-37,Reverse Holofoil
10544,xy3-7,Reverse Holofoil
10548,sm12-51,Reverse Holofoil
10550,sv5-86,Reverse Holofoil
10560,sv3-122,Reverse Holofoil
10561,bw8-106,Reverse Holofoil
10562,sm1-48,Reverse Holofoil
10567,sm8-107,Reverse Holofoil
10570,xy8-129,Reverse Holofoil
10577,sm2-12,Reverse Holofoil
10580,sv9-9,Reverse Holofoil
10582,ecard2-131,Reverse Holofoil
10583,sm35-38,Reverse Holofoil
10587,swsh2-30,Reverse Holofoil
10589,sm11-202,Reverse Holofoil
10591,hgss2-11,Reverse Holofoil
10593,ex5-16,Reverse Holofoil
10594,zsv10pt5-12,Reverse Holofoil
10596,sm8-43,Reverse Holofoil
10600,base6-71,Reverse Holofoil
10604,sm2-20,Reverse Holofoil
10606,sm10-74,Reverse Holofoil
10609,sm11-114,Reverse Holofoil
10610,bw6-54,Reverse Holofoil
10612,sm7-61,Reverse Holofoil
10616,xy11-53,Reverse Holofoil
10617,dp7-39,Reverse Holofoil
10618,sm2-3,Reverse Holofoil
10626,swsh10-147,Reverse Holofoil
10631,ecard1-88,Reverse Holofoil
10633,hgss1-3,Reverse Holofoil
10637,swsh35-38,Reverse Holofoil
10640,ex10-83,Reverse Holofoil
10641,bw5-59,Reverse Holofoil
10642,swsh8-9,Reverse Holofoil
10646,sv2-65,Reverse Holofoil
10647,bw8-24,Reverse Holofoil
10651,ecard1-20,Reverse Holofoil
10664,swsh10-156,Reverse Holofoil
10665,ex11-80,Reverse Holofoil
10667,xy11-18,Reverse Holofoil
10668,hgss2-22,Reverse Holofoil
10674,bw4-83,Reverse Holofoil
10681,xy12-45,Reverse Holofoil
10682,sv9-6,Reverse Holofoil
10683,swsh8-232,Reverse Holofoil
10686,sv6-15,Reverse Holofoil
10687,swsh6-51,Reverse Holofoil
10688,ex11-36,Reverse Holofoil
10690,ex2-75,Reverse Holofoil
10691,sm6-42,Reverse Holofoil
10692,sm7-81,Reverse Holofoil
10698,swsh5-38,Reverse Holofoil
10701,ex10-98,Reverse Holofoil
10703,pl4-3,Reverse Holofoil
10708,sv9-40,Reverse Holofoil
10710,sv5-64,Reverse Holofoil
10713,xy5-102,Reverse Holofoil
10717,hgss2-28,Reverse Holofoil
10721,sm9-37,Reverse Holofoil
10722,dp7-54,Reverse Holofoil
10726,sv1-39,Reverse Holofoil
10728,xy6-97,Reverse Holofoil
10729,xy3-86,Reverse Holofoil
10731,sv4-44,Reverse Holofoil
10732,xy12-37,Reverse Holofoil
10734,xy5-89,Reverse Holofoil
10735,xy3-49,Reverse Holofoil
10738,hgss2-66,Reverse Holofoil
10745,hgss3-13,Reverse Holofoil
10752,pl1-77,Reverse Holofoil
10760,dp1-54,Reverse Holofoil
10762,sv7-48,Reverse Holofoil
10763,swsh1-2,Reverse Holofoil
10768,dp3-8,Reverse Holofoil
10771,swsh12-5,Reverse Holofoil
10772,xy9-10,Reverse Holofoil
10783,sm9-18,Reverse Holofoil
10784,sm6-5,Reverse Holofoil
10785,swsh5-98,Reverse Holofoil
10790,swsh7-5,Reverse Holofoil
10792,ex10-13,Reverse Holofoil
10793,ex12-69,Reverse Holofoil
10797,dp2-64,Reverse Holofoil
10798,dp1-119,Reverse Holofoil
10802,xy5-97,Reverse Holofoil
10806,swsh8-131,Reverse Holofoil
10807,sv10-112,Reverse Holofoil
10809,col1-1,Reverse Holofoil
10812,bw10-87,Reverse Holofoil
10813,xy12-75,Reverse Holofoil
10817,sm12-59,Reverse Holofoil
10818,ecard1-9,Reverse Holofoil
10819,ecard1-16,Reverse Holofoil
10822,swsh9-20,Reverse Holofoil
10823,ex13-24,Reverse Holofoil
10824,sv6pt5-32,Reverse Holofoil
10825,sv6pt5-7,Reverse Holofoil
10828,swsh8-180,Reverse Holofoil
10829,sm10-42,Reverse Holofoil
10830,me1-91,Reverse Holofoil
10831,sm5-93,Reverse Holofoil
10847,sm5-75,Reverse Holofoil
10849,bw6-45,Reverse Holofoil
10859,xy1-100,Reverse Holofoil
10861,ex7-11,Reverse Holofoil
10864,bw4-67,Reverse Holofoil
10880,dp7-91,Reverse Holofoil
10882,sv1-145,Reverse Holofoil
10884,sv3-175,Reverse Holofoil
10885,hgss2-8,Reverse Holofoil
10887,sm8-87,Reverse Holofoil
10890,sv3-108,Reverse Holofoil
10892,sm1-2,Reverse Holofoil
10897,pl2-94,Reverse Holofoil
10898,ex13-98,Reverse Holofoil
10900,xy5-22,Reverse Holofoil
10907,sm5-16,Reverse Holofoil
10909,ex13-12,Reverse Holofoil
10913,sv8-8,Reverse Holofoil
10915,sv6-127,Reverse Holofoil
10916,swsh10-126,Reverse Holofoil
10928,ecard2-30,Reverse Holofoil
10929,swsh5-49,Reverse Holofoil
10931,sv7-10,Reverse Holofoil
10933,xy8-106,Reverse Holofoil
10941,sv9-139,Reverse Holofoil
10945,swsh6-54,Reverse Holofoil
10948,sm6-62,Reverse Holofoil
10949,sv8-102,Reverse Holofoil
10951,sv3pt5-58,Reverse Holofoil
10953,sv7-22,Reverse Holofoil
10954,swsh6-102,Reverse Holofoil
10956,xy11-81,Reverse Holofoil
10959,sm11-44,Reverse Holofoil
10960,sm2-99,Reverse Holofoil
10961,sm4-76,Reverse Holofoil
10962,dp6-120,Reverse Holofoil
10963,sm2-83,Reverse Holofoil
10965,sm11-85,Reverse Holofoil
10966,ex8-27,Reverse Holofoil
10967,sm35-20,Reverse Holofoil
10968,pl3-110,Reverse Holofoil
10972,pl1-50,Reverse Holofoil
10975,bw11-56,Reverse Holofoil
10976,sm115-52,Reverse Holofoil
10977,swsh9-79,Reverse Holofoil
10979,ex10-9,Reverse Holofoil
10981,bw11-58,Reverse Holofoil
10982,swsh1-48,Reverse Holofoil
10984,pl1-28,Reverse Holofoil
10985,hgss2-12,Reverse Holofoil
10986,sv8-129,Reverse Holofoil
10989,ex2-52,Reverse Holofoil
10994,swsh3-151,Reverse Holofoil
10996,swsh9-131,Reverse Holofoil
10997,bw9-95,Reverse Holofoil
10998,ex13-37,Reverse Holofoil
10999,xy2-46,Reverse Holofoil
11000,sv3pt5-154,Reverse Holofoil
11003,bw6-44,Reverse Holofoil
11004,sv8-81,Reverse Holofoil
11005,bw1-80,Reverse Holofoil
11006,xy6-27,Reverse Holofoil
11014,swsh8-237,Reverse Holofoil
11018,sv10-16,Reverse Holofoil
11020,bw9-1,Reverse Holofoil
11021,me2-37,Reverse Holofoil
11022,sv5-23,Reverse Holofoil
11027,rsv10pt5-39,Reverse Holofoil
11028,swsh9-136,Reverse Holofoil
11029,ex2-9,Reverse Holofoil
11033,sm7-12,Reverse Holofoil
11039,sv10-166,Reverse Holofoil
11040,sv8pt5-110,Reverse Holofoil
11042,xy7-5,Reverse Holofoil
11044,col1-2,Reverse Holofoil
11049,dp6-46,Reverse Holofoil
11050,bw9-39,Reverse Holofoil
11051,swsh35-19,Reverse Holofoil
11054,sv3pt5-133,Reverse Holofoil
11056,sm1-131,Reverse Holofoil
11060,sv5-10,Reverse Holofoil
11061,swsh9-55,Reverse Holofoil
11062,xy10-46,Reverse Holofoil
11063,sv4-93,Reverse Holofoil
11066,sv8pt5-87,Reverse Holofoil
11069,ex9-2,Reverse Holofoil
11070,sv3pt5-150,Reverse Holofoil
11071,ex6-52,Reverse Holofoil
11073,swsh12pt5-117,Reverse Holofoil
11074,xy1-27,Reverse Holofoil
11075,sm2-127,Reverse Holofoil
11079,pl3-59,Reverse Holofoil
11081,sv3pt5-120,Reverse Holofoil
11082,swsh8-130,Reverse Holofoil
11085,sm11-30,Reverse Holofoil
11086,sv7-12,Reverse Holofoil
11087,xy6-73,Reverse Holofoil
11088,swsh4-63,Reverse Holofoil
11089,swsh35-55,Reverse Holofoil
11092,swsh1-119,Reverse Holofoil
11094,sv8-14,Reverse Holofoil
11096,dp5-6,Reverse Holofoil
11098,sv7-131,Reverse Holofoil
11100,bw7-81,Reverse Holofoil
11105,swsh5-17,Reverse Holofoil
11107,sv8-61,Reverse Holofoil
11112,sv8-104,Reverse Holofoil
11113,sv5-20,Reverse Holofoil
11114,pl3-57,Reverse Holofoil
11118,sm8-113,Reverse Holofoil
11120,sv3-154,Reverse Holofoil
11125,ex11-18,Reverse Holofoil
11126,ex8-4,Reverse Holofoil
11127,swsh8-198,Reverse Holofoil
11128,bw1-51,Reverse Holofoil
11130,pl3-53,Reverse Holofoil
11131,dp2-73,Reverse Holofoil
11132,swsh10-29,Reverse Holofoil
11135,col1-62,Reverse Holofoil
11136,xy9-5,Reverse Holofoil
11137,swsh45-29,Reverse Holofoil
11138,sv7-25,Reverse Holofoil
11141,bw6-84,Reverse Holofoil
11142,swsh8-205,Reverse Holofoil
11144,xy5-101,Reverse Holofoil
11146,sv10-63,Reverse Holofoil
11152,dp6-63,Reverse Holofoil
11153,sm10-29,Reverse Holofoil
11155,sm12-83,Reverse Holofoil
11158,xy8-43,Reverse Holofoil
11161,swsh10-112,Reverse Holofoil
11166,hgss4-23,Reverse Holofoil
11167,sm12-85,Reverse Holofoil
11172,me1-70,Reverse Holofoil
11175,swsh8-53,Reverse Holofoil
11176,xy11-12,Reverse Holofoil
11180,swsh8-162,Reverse Holofoil
11185,sv10-1,Reverse Holofoil
11191,xy4-95,Reverse Holofoil
11192,hgss3-67,Reverse Holofoil
11195,bw1-22,Reverse Holofoil
11196,ecard3-36,Reverse Holofoil
11200,sm12-77,Reverse Holofoil
11201,sm7-23,Reverse Holofoil
11206,sm7-6,Reverse Holofoil
11207,sv6pt5-26,Reverse Holofoil
11208,pl3-82,Reverse Holofoil
11210,xy3-25,Reverse Holofoil
11211,sm8-67,Reverse Holofoil
11212,ex11-42,Reverse Holofoil
11213,ex14-8,Reverse Holofoil
11216,ecard1-44,Reverse Holofoil
11218,col1-76,Reverse Holofoil
11219,swsh9-102,Reverse Holofoil
11220,dp1-14,Reverse Holofoil
11221,swsh9-146,Reverse Holofoil
11223,sv1-3,Reverse Holofoil
11225,ex5-72,Reverse Holofoil
11226,xy6-13,Reverse Holofoil
11227,sv10-72,Reverse Holofoil
11232,sm8-29,Reverse Holofoil
11236,dp3-19,Reverse Holofoil
11241,sm5-53,Reverse Holofoil
11243,swsh1-111,Reverse Holofoil
11244,pl2-22,Reverse Holofoil
11246,sm35-69,Reverse Holofoil
11252,sv1-74,Reverse Holofoil
11253,sm11-190,Reverse Holofoil
11256,xy2-92,Reverse Holofoil
11257,pl2-78,Reverse Holofoil
11258,sv3pt5-93,Reverse Holofoil
11276,sv8pt5-68,Reverse Holofoil
11289,sv3pt5-107,Reverse Holofoil
11290,base6-57,Reverse Holofoil
11292,base6-12,Reverse Holofoil
11295,me1-1,Reverse Holofoil
11296,xy9-84,Reverse Holofoil
11299,xy7-59,Reverse Holofoil
11303,sv6pt5-59,Reverse Holofoil
11304,sv1-71,Reverse Holofoil
11305,ex11-77,Reverse Holofoil
11310,sv9-34,Reverse Holofoil
11315,xy12-70,Reverse Holofoil
11318,np-3,Reverse Holofoil
11322,bw11-25,Reverse Holofoil
11324,swsh9-112,Reverse Holofoil
11326,swsh12pt5-57,Reverse Holofoil
11327,ex13-38,Reverse Holofoil
11328,sm11-150,Reverse Holofoil
11333,swsh12pt5-27,Reverse Holofoil
11339,sv7-31,Reverse Holofoil
11341,rsv10pt5-1,Reverse Holofoil
11345,dp6-6,Reverse Holofoil
11347,col1-60,Reverse Holofoil
11351,sv8pt5-21,Reverse Holofoil
11352,dp1-65,Reverse Holofoil
11356,sm2-56,Reverse Holofoil
11358,xy5-129,Reverse Holofoil
11361,ex2-32,Reverse Holofoil
11363,pl3-63,Reverse Holofoil
11367,me2-93,Reverse Holofoil
11369,sv3-116,Reverse Holofoil
11372,dp2-68,Reverse Holofoil
11375,sm12-64,Reverse Holofoil
11380,swsh7-53,Reverse Holofoil
11382,bw6-118,Reverse Holofoil
11388,sv2-118,Reverse Holofoil
11390,pl2-6,Reverse Holofoil
11391,sv3pt5-75,Reverse Holofoil
11394,sm6-116,Reverse Holofoil
11395,swsh8-11,Reverse Holofoil
11397,sv5-8,Reverse Holofoil
11401,xy9-15,Reverse Holofoil
11402,bw6-56,Reverse Holofoil
11406,sv3pt5-141,Reverse Holofoil
11412,sm115-18,Reverse Holofoil
11415,sm1-134,Reverse Holofoil
11419,sm12-28,Reverse Holofoil
11421,sv8pt5-101,Reverse Holofoil
11426,me2-31,Reverse Holofoil
11427,sv8pt5-52,Reverse Holofoil
11429,sm2-110,Reverse Holofoil
11442,sv4pt5-26,Reverse Holofoil
11444,sv2-58,Reverse Holofoil
11446,ex15-74,Reverse Holofoil
11448,xy5-3,Reverse Holofoil
11449,bw6-95,Reverse Holofoil
11456,bw7-134,Reverse Holofoil
11459,sv2-94,Reverse Holofoil
11463,xy12-77,Reverse Holofoil
11467,hgss1-65,Reverse Holofoil
11474,ex1-108,Reverse Holofoil
11475,bw2-66,Reverse Holofoil
11476,sv8-44,Reverse Holofoil
11477,sv4-160,Reverse Holofoil
11479,sm1-22,Reverse Holofoil
11486,sm8-51,Reverse Holofoil
11490,sm6-84,Reverse Holofoil
11496,ex13-26,Reverse Holofoil
11497,xy5-13,Reverse Holofoil
11499,hgss1-27,Reverse Holofoil
11500,sm8-2,Reverse Holofoil
11503,sv6pt5-13,Reverse Holofoil
11504,hgss2-45,Reverse Holofoil
11506,ex15-68,Reverse Holofoil
11508,xy3-41,Reverse Holofoil
11509,me2-27,Reverse Holofoil
11511,dp7-77,Reverse Holofoil
11513,sv3-105,Reverse Holofoil
11516,ecard3-148,Reverse Holofoil
11519,ex9-38,Reverse Holofoil
11520,ex14-75,Reverse Holofoil
11521,col1-15,Reverse Holofoil
11522,sm12-136,Reverse Holofoil
11523,swsh1-77,Reverse Holofoil
11524,ex7-72,Reverse Holofoil
11525,swsh6-103,Reverse Holofoil
11527,xy3-3,Reverse Holofoil
11532,xy3-18,Reverse Holofoil
11534,xy7-60,Reverse Holofoil
11535,sv7-116,Reverse Holofoil
11536,bw3-82,Reverse Holofoil
11537,dp6-3,Reverse Holofoil
11539,pl1-117,Reverse Holofoil
11541,ex15-30,Reverse Holofoil
11544,bw1-25,Reverse Holofoil
11545,pgo-10,Reverse Holofoil
11549,sm11-157,Reverse Holofoil
11550,swsh6-111,Reverse Holofoil
11559,ecard1-62,Reverse Holofoil
11561,ex15-48,Reverse Holofoil
11564,swsh8-14,Reverse Holofoil
11566,dp5-76,Reverse Holofoil
11567,ex1-39,Reverse Holofoil
11570,zsv10pt5-84,Reverse Holofoil
11573,sm5-47,Reverse Holofoil
11577,xy10-114,Reverse Holofoil
11585,sv4-12,Reverse Holofoil
11589,sv8-84,Reverse Holofoil
11591,pop8-16,Reverse Holofoil
11594,ecard1-155,Reverse Holofoil
11595,xy10-112,Reverse Holofoil
11600,sv8-152,Reverse Holofoil
11603,ecard1-33,Reverse Holofoil
11607,dp4-14,Reverse Holofoil
11609,ex7-23,Reverse Holofoil
11614,sm2-36,Reverse Holofoil
11616,sm5-66,Reverse Holofoil
11618,pl1-97,Reverse Holofoil
11620,pl4-51,Reverse Holofoil
11624,hgss3-75,Reverse Holofoil
11626,sm8-27,Reverse Holofoil
11627,xy2-30,Reverse Holofoil
11628,ex8-51,Reverse Holofoil
11631,xy1-12,Reverse Holofoil
11633,sv4pt5-35,Reverse Holofoil
11634,hgss4-6,Reverse Holofoil
11636,sv3pt5-138,Reverse Holofoil
11642,ecard3-52,Reverse Holofoil
11648,xy5-23,Reverse Holofoil
11649,swsh12-14,Reverse Holofoil
11652,dp5-31,Reverse Holofoil
11654,sm3-106,Reverse Holofoil
11655,xy11-32,Reverse Holofoil
11656,swsh8-226,Reverse Holofoil
11660,swsh6-26,Reverse Holofoil
11664,zsv10pt5-38,Reverse Holofoil
11667,sv4pt5-78,Reverse Holofoil
11668,g1-55,Reverse Holofoil
11669,xy2-1,Reverse Holofoil
11674,sm10-100,Reverse Holofoil
11677,dp4-23,Reverse Holofoil
11678,ecard3-1,Reverse Holofoil
11681,swsh4-45,Reverse Holofoil
11682,dp5-2,Reverse Holofoil
11684,ecard3-25,Reverse Holofoil
11687,sm35-6,Reverse Holofoil
11692,me1-45,Reverse Holofoil
11693,sm8-108,Reverse Holofoil
11694,xy2-64,Reverse Holofoil
11695,sm10-10,Reverse Holofoil
11700,swsh4-150,Reverse Holofoil
11707,sm3-65,Reverse Holofoil
11710,ecard2-106,Reverse Holofoil
11711,sm10-123,Reverse Holofoil
11712,sv2-111,Reverse Holofoil
11713,ex14-37,Reverse Holofoil
11718,ex5-71,Reverse Holofoil
11721,sv6-71,Reverse Holofoil
11725,me1-127,Reverse Holofoil
11728,sv8-108,Reverse Holofoil
11731,sm10-152,Reverse Holofoil
11732,sv5-92,Reverse Holofoil
11733,sv1-138,Reverse Holofoil
11734,swsh5-3,Reverse Holofoil
11736,ex3-79,Reverse Holofoil
11737,zsv10pt5-25,Reverse Holofoil
11738,ex7-49,Reverse Holofoil
11742,pl3-70,Reverse Holofoil
11756,sv4-123,Reverse Holofoil
11757,swsh12pt5-93,Reverse Holofoil
11758,ex9-67,Reverse Holofoil
11760,base6-24,Reverse Holofoil
11765,sv10-52,Reverse Holofoil
11768,bw5-102,Reverse Holofoil
11771,zsv10pt5-37,Reverse Holofoil
11772,swsh10-58,Reverse Holofoil
11774,sv6-32,Reverse Holofoil
11775,sv3pt5-163,Reverse Holofoil
11781,zsv10pt5-51,Reverse Holofoil
11785,xy2-66,Reverse Holofoil
11788,pl4-60,Reverse Holofoil
11792,ex12-12,Reverse Holofoil
11793,xy8-75,Reverse Holofoil
11795,swsh6-81,Reverse Holofoil
11796,ex4-61,Reverse Holofoil
11797,sm6-72,Reverse Holofoil
11799,swsh10-144,Reverse Holofoil
11800,sm7-19,Reverse Holofoil
11802,sv4-96,Reverse Holofoil
11805,me2-38,Reverse Holofoil
11808,swsh8-179,Reverse Holofoil
11809,dp6-56,Reverse Holofoil
11810,sv8-31,Reverse Holofoil
11812,xy11-13,Reverse Holofoil
11813,sm6-64,Reverse Holofoil
11814,sv1-36,Reverse Holofoil
11816,dp7-61,Reverse Holofoil
11820,ex10-53,Reverse Holofoil
11821,g1-7,Reverse Holofoil
11822,sv9-143,Reverse Holofoil
11823,bw7-78,Reverse Holofoil
11824,hgss4-55,Reverse Holofoil
11827,bw5-60,Reverse Holofoil
11828,ex8-3,Reverse Holofoil
11830,sv10-135,Reverse Holofoil
11831,sm4-82,Reverse Holofoil
11833,swsh12-79,Reverse Holofoil
11837,ecard3-50,Reverse Holofoil
11838,pl1-67,Reverse Holofoil
11839,bwp-BW42,Reverse Holofoil
11840,bw5-56,Reverse Holofoil
11841,swsh12pt5-67,Reverse Holofoil
11847,xy4-106,Reverse Holofoil
11855,xy9-17,Reverse Holofoil
11858,bw9-26,Reverse Holofoil
11859,sv5-93,Reverse Holofoil
11862,dp2-79,Reverse Holofoil
11865,dp6-112,Reverse Holofoil
11872,sm12-189,Reverse Holofoil
11873,sv2-71,Reverse Holofoil
11875,rsv10pt5-51,Reverse Holofoil
11876,hgss4-42,Reverse Holofoil
11877,xy5-95,Reverse Holofoil
11886,bw8-79,Reverse Holofoil
11891,xy10-111,Reverse Holofoil
11894,swsh6-122,Reverse Holofoil
11895,sv9-133,Reverse Holofoil
11897,ex15-2,Reverse Holofoil
11898,sm1-11,Reverse Holofoil
11899,ex7-74,Reverse Holofoil
11901,col1-50,Reverse Holofoil
11903,sv3pt5-18,Reverse Holofoil
11904,sv3-127,Reverse Holofoil
11905,bw5-70,Reverse Holofoil
11907,swsh4-40,Reverse Holofoil
11910,ex4-66,Reverse Holofoil
11913,ex2-10,Reverse Holofoil
11914,ex7-26,Reverse Holofoil
11915,me2-85,Reverse Holofoil
11918,sm8-24,Reverse Holofoil
11919,rsv10pt5-33,Reverse Holofoil
11921,swsh1-98,Reverse Holofoil
11922,g1-63,Reverse Holofoil
11923,ex2-47,Reverse Holofoil
11925,xy2-21,Reverse Holofoil
11927,sv2-68,Reverse Holofoil
11928,col1-68,Reverse Holofoil
11931,bw4-31,Reverse Holofoil
11932,sv4-39,Reverse Holofoil
11934,sv8-45,Reverse Holofoil
11936,rsv10pt5-59,Reverse Holofoil
11938,bw9-37,Reverse Holofoil
11941,swsh10-88,Reverse Holofoil
11942,ex4-43,Reverse Holofoil
11944,dp4-39,Reverse Holofoil
11949,swsh12-133,Reverse Holofoil
11950,sv4pt5-85,Reverse Holofoil
11952,ex7-89,Reverse Holofoil
11956,g1-8,Reverse Holofoil
11963,pl2-62,Reverse Holofoil
11966,sv8pt5-85,Reverse Holofoil
11967,ex11-44,Reverse Holofoil
11969,sv3-91,Reverse Holofoil
11970,swsh12pt5-79,Reverse Holofoil
11972,ex14-35,Reverse Holofoil
11973,zsv10pt5-48,Reverse Holofoil
11975,ex12-37,Reverse Holofoil
11976,bw11-48,Reverse Holofoil
11977,bw3-60,Reverse Holofoil
11979,sv3-98,Reverse Holofoil
11983,sv10-56,Reverse Holofoil
11985,dp7-5,Reverse Holofoil
11986,swsh9-93,Reverse Holofoil
11987,sm10-124,Reverse Holofoil
11990,bw5-43,Reverse Holofoil
11991,bw9-92,Reverse Holofoil
11992,bw6-77,Reverse Holofoil
11993,swsh2-159,Reverse Holofoil
11994,dp6-124,Reverse Holofoil
11995,xy10-52,Reverse Holofoil
11996,xy8-44,Reverse Holofoil
11997,sv5-24,Reverse Holofoil
11999,sv6-81,Reverse Holofoil
12003,swsh8-28,Reverse Holofoil
12004,swsh2-76,Reverse Holofoil
12007,ex12-21,Reverse Holofoil
12008,xy8-131,Reverse Holofoil
12010,bw2-43,Reverse Holofoil
12012,xy5-37,Reverse Holofoil
12015,ex3-86,Reverse Holofoil
12016,ex2-59,Reverse Holofoil
12018,bw1-35,Reverse Holofoil
12019,bw7-14,Reverse Holofoil
12021,hgss4-56,Reverse Holofoil
12023,sv4-42,Reverse Holofoil
12024,base6-91,Reverse Holofoil
12025,sm8-90,Reverse Holofoil
12031,ex11-19,Reverse Holofoil
12032,me2-8,Reverse Holofoil
12033,swsh2-22,Reverse Holofoil
12035,sv6-115,Reverse Holofoil
12036,sv4-148,Reverse Holofoil
12040,dp7-57,Reverse Holofoil
12042,pl4-77,Reverse Holofoil
12045,sv4-117,Reverse Holofoil
12051,swsh12pt5-126,Reverse Holofoil
12052,xy2-68,Reverse Holofoil
12055,ex6-21,Reverse Holofoil
12057,sv10-92,Reverse Holofoil
12060,ex2-55,Reverse Holofoil
12062,swsh9-116,Reverse Holofoil
12063,swsh9-61,Reverse Holofoil
12065,swsh8-49,Reverse Holofoil
12067,swsh10-103,Reverse Holofoil
12070,sm4-29,Reverse Holofoil
12071,xy3-38,Reverse Holofoil
12076,dc1-20,Reverse Holofoil
12077,sm12-187,Reverse Holofoil
12083,xy5-118,Reverse Holofoil
12084,pl4-6,Reverse Holofoil
12085,sm12-130,Reverse Holofoil
12086,sm1-75,Reverse Holofoil
12089,swsh1-186,Reverse Holofoil
12092,ecard1-74,Reverse Holofoil
12093,xy7-62,Reverse Holofoil
12098,sm115-27,Reverse Holofoil
12104,sv3pt5-126,Reverse Holofoil
12106,swsh3-47,Reverse Holofoil
12107,sm9-85,Reverse Holofoil
12109,swsh8-61,Reverse Holofoil
12111,xy11-2,Reverse Holofoil
12114,ecard3-122,Reverse Holofoil
12119,sv1-44,Reverse Holofoil
12120,sv5-18,Reverse Holofoil
12121,ecard2-107,Reverse Holofoil
12122,swsh5-106,Reverse Holofoil
12126,hgss1-13,Reverse Holofoil
12129,sm9-118,Reverse Holofoil
12134,swsh8-174,Reverse Holofoil
12135,sm4-54,Reverse Holofoil
12137,sv8-11,Reverse Holofoil
12139,ex16-42,Reverse Holofoil
12140,sv4-97,Reverse Holofoil
12143,sm8-50,Reverse Holofoil
12147,sm9-65,Reverse Holofoil
12154,zsv10pt5-62,Reverse Holofoil
12155,sv10-102,Reverse Holofoil
12157,sv3pt5-84,Reverse Holofoil
12159,xy12-34,Reverse Holofoil
12160,sv2-31,Reverse Holofoil
12163,sv4-101,Reverse Holofoil
12164,rsv10pt5-28,Reverse Holofoil
12166,base6-94,Reverse Holofoil
12169,base6-65,Reverse Holofoil
12172,sv6pt5-33,Reverse Holofoil
12178,ex4-68,Reverse Holofoil
12180,ex3-48,Reverse Holofoil
12184,sm115-30,Reverse Holofoil
12187,xy12-19,Reverse Holofoil
12191,sm35-41,Reverse Holofoil
12196,dp1-9,Reverse Holofoil
12199,dp3-5,Reverse Holofoil
12200,sv4-45,Reverse Holofoil
12203,xy4-5,Reverse Holofoil
12205,sm12-114,Reverse Holofoil
12207,bw6-1,Reverse Holofoil
12211,sv6-24,Reverse Holofoil
12216,xy5-24,Reverse Holofoil
12218,xy8-38,Reverse Holofoil
12222,sv6pt5-25,Reverse Holofoil
12224,dp2-72,Reverse Holofoil
12225,ex4-86,Reverse Holofoil
12228,sv8pt5-42,Reverse Holofoil
12229,bw2-72,Reverse Holofoil
12230,swsh45-20,Reverse Holofoil
12231,xy8-31,Reverse Holofoil
12234,bw11-41,Reverse Holofoil
12236,swsh4-96,Reverse Holofoil
12237,ex4-12,Reverse Holofoil
12241,zsv10pt5-17,Reverse Holofoil
12242,sv8pt5-24,Reverse Holofoil
12246,dp3-13,Reverse Holofoil
12248,dp3-27,Reverse Holofoil
12251,swsh12pt5-29,Reverse Holofoil
12252,xy10-59,Reverse Holofoil
12253,bw1-54,Reverse Holofoil
12255,swsh7-116,Reverse Holofoil
12258,xy6-21,Reverse Holofoil
12260,swsh12pt5-97,Reverse Holofoil
12266,sv3pt5-59,Reverse Holofoil
12267,hgss1-48,Reverse Holofoil
12269,ex10-14,Reverse Holofoil
12270,xy3-68,Reverse Holofoil
12272,pl3-77,Reverse Holofoil
12276,sv9-100,Reverse Holofoil
12279,ex5-38,Reverse Holofoil
12285,sv6-148,Reverse Holofoil
12286,xy6-78,Reverse Holofoil
12288,swsh7-90,Reverse Holofoil
12296,sv1-183,Reverse Holofoil
12298,swsh8-92,Reverse Holofoil
12301,bw7-46,Reverse Holofoil
12306,bw3-95,Reverse Holofoil
12312,sv6-31,Reverse Holofoil
12314,ex15-50,Reverse Holofoil
12316,swsh6-149,Reverse Holofoil
12317,base6-87,Reverse Holofoil
12318,bw4-49,Reverse Holofoil
12322,bw1-3,Reverse Holofoil
12324,sv7-95,Reverse Holofoil
12325,rsv10pt5-72,Reverse Holofoil
12326,sv10-161,Reverse Holofoil
12327,sm4-50,Reverse Holofoil
12329,dp5-46,Reverse Holofoil
12337,swsh8-231,Reverse Holofoil
12341,sm6-91,Reverse Holofoil
12343,swsh5-44,Reverse Holofoil
12346,dp5-88,Reverse Holofoil
12348,xy5-28,Reverse Holofoil
12354,ecard1-48,Reverse Holofoil
12357,ecard1-32,Reverse Holofoil
12361,swsh9-138,Reverse Holofoil
12362,sm12-123,Reverse Holofoil
12364,sv4-144,Reverse Holofoil
12367,dp3-58,Reverse Holofoil
12370,ex11-3,Reverse Holofoil
12371,me1-64,Reverse Holofoil
12382,dc1-9,Reverse Holofoil
12384,sm9-68,Reverse Holofoil
12385,sv2-106,Reverse Holofoil
12387,me2-43,Reverse Holofoil
12389,ecard1-82,Reverse Holofoil
12391,ecard3-67,Reverse Holofoil
12394,hgss3-73,Reverse Holofoil
12395,swsh8-7,Reverse Holofoil
12396,ex14-41,Reverse Holofoil
12399,pl3-60,Reverse Holofoil
12400,hgss1-91,Reverse Holofoil
12401,ex13-82,Reverse Holofoil
12407,ex4-52,Reverse Holofoil
12409,sm4-35,Reverse Holofoil
12411,swsh12pt5-122,Reverse Holofoil
12416,sv3pt5-49,Reverse Holofoil
12419,ex12-41,Reverse Holofoil
12420,sv2-11,Reverse Holofoil
12424,swsh8-206,Reverse Holofoil
12430,bw2-61,Reverse Holofoil
12432,xy10-57,Reverse Holofoil
12435,ex1-42,Reverse Holofoil
12438,hgss1-67,Reverse Holofoil
12439,xy1-59,Reverse Holofoil
12443,bw3-96,Reverse Holofoil
12446,sm5-4,Reverse Holofoil
12448,dp7-93,Reverse Holofoil
12453,hgss4-89,Reverse Holofoil
12458,bw6-31,Reverse Holofoil
12459,swsh6-146,Reverse Holofoil
12461,swsh8-133,Reverse Holofoil
12462,xy9-106,Reverse Holofoil
12464,dp7-46,Reverse Holofoil
12468,bw11-87,Reverse Holofoil
12474,me1-84,Reverse Holofoil
12475,sm12-191,Reverse Holofoil
12478,dp3-50,Reverse Holofoil
12479,bw5-23,Reverse Holofoil
12480,g1-43,Reverse Holofoil
12482,swsh10-91,Reverse Holofoil
12486,pl3-80,Reverse Holofoil
12489,bw3-42,Reverse Holofoil
12491,base6-16,Reverse Holofoil
12492,xy5-70,Reverse Holofoil
12494,xy4-52,Reverse Holofoil
12495,hgss1-52,Reverse Holofoil
12497,ex12-16,Reverse Holofoil
12499,swsh3-110,Reverse Holofoil
12503,sv8-50,Reverse Holofoil
12509,swsh5-95,Reverse Holofoil
12511,sv4pt5-58,Reverse Holofoil
12512,xy9-69,Reverse Holofoil
12519,bw3-35,Reverse Holofoil
12523,swsh3-155,Reverse Holofoil
12524,ex15-14,Reverse Holofoil
12526,si1-17,Reverse Holofoil
12528,swsh1-161,Reverse Holofoil
12531,bw2-29,Reverse Holofoil
12534,ex14-76,Reverse Holofoil
12542,dp4-72,Reverse Holofoil
12543,swsh5-42,Reverse Holofoil
12544,dp7-75,Reverse Holofoil
12545,bw5-92,Reverse Holofoil
12548,base6-27,Reverse Holofoil
12549,hgss3-79,Reverse Holofoil
12550,dp1-28,Reverse Holofoil
12555,sv4-104,Reverse Holofoil
12556,ex3-28,Reverse Holofoil
12559,bw11-57,Reverse Holofoil
12562,ex8-23,Reverse Holofoil
12565,xy8-73,Reverse Holofoil
12568,ecard1-127,Reverse Holofoil
12569,ex12-17,Reverse Holofoil
12570,sv3pt5-135,Reverse Holofoil
12573,bw3-92,Reverse Holofoil
12576,ex10-64,Reverse Holofoil
12577,base6-90,Reverse Holofoil
12580,ex7-17,Reverse Holofoil
12582,sv5-4,Reverse Holofoil
12583,swsh8-238,Reverse Holofoil
12585,sv1-168,Reverse Holofoil
12592,swsh3-71,Reverse Holofoil
12593,xy8-96,Reverse Holofoil
12595,ex15-6,Reverse Holofoil
12605,dp7-68,Reverse Holofoil
12606,swsh9-72,Reverse Holofoil
12607,sm9-94,Reverse Holofoil
12611,xy11-19,Reverse Holofoil
12615,xy6-23,Reverse Holofoil
12618,bw9-84,Reverse Holofoil
12619,pl1-54,Reverse Holofoil
12622,ex10-17,Reverse Holofoil
12625,sm12-134,Reverse Holofoil
12626,dp2-29,Reverse Holofoil
12627,bw3-20,Reverse Holofoil
12628,bw5-77,Reverse Holofoil
12633,ex15-69,Reverse Holofoil
12634,swsh12pt5-34,Reverse Holofoil
12635,sv4-116,Reverse Holofoil
12637,swsh8-175,Reverse Holofoil
12638,xy10-13,Reverse Holofoil
12640,dp6-44,Reverse Holofoil
12641,dp2-1,Reverse Holofoil
12649,sv1-179,Reverse Holofoil
12651,swsh4-41,Reverse Holofoil
12652,sv4-176,Reverse Holofoil
12659,ex13-92,Reverse Holofoil
12660,ex11-46,Reverse Holofoil
12661,ex3-52,Reverse Holofoil
12663,dp4-22,Reverse Holofoil
12665,sm3-1,Reverse Holofoil
12667,ex6-48,Reverse Holofoil
12671,dp6-59,Reverse Holofoil
12674,base6-89,Reverse Holofoil
12679,sv4-159,Reverse Holofoil
12681,bw6-68,Reverse Holofoil
12686,base6-74,Reverse Holofoil
12687,me1-32,Reverse Holofoil
12691,zsv10pt5-11,Reverse Holofoil
12694,bw7-11,Reverse Holofoil
12702,sv5-142,Reverse Holofoil
12703,xy4-4,Reverse Holofoil
12705,pl2-96,Reverse Holofoil
12707,ex11-89,Reverse Holofoil
12710,sv4-128,Reverse Holofoil
12711,sm75-51,Reverse Holofoil
12712,me1-46,Reverse Holofoil
12713,sv10-95,Reverse Holofoil
12714,sv9-115,Reverse Holofoil
12718,sv4pt5-56,Reverse Holofoil
12719,rsv10pt5-85,Reverse Holofoil
12728,sv10-148,Reverse Holofoil
12735,hgss2-42,Reverse Holofoil
12737,hgss4-2,Reverse Holofoil
12739,sm3-71,Reverse Holofoil
12742,swsh2-8,Reverse Holofoil
12743,sv6pt5-48,Reverse Holofoil
12747,sv1-49,Reverse Holofoil
12755,xy5-103,Reverse Holofoil
12757,ex10-70,Reverse Holofoil
12758,bw10-63,Reverse Holofoil
12764,swsh3-149,Reverse Holofoil
12766,sv3pt5-112,Reverse Holofoil
12767,ex16-2,Reverse Holofoil
12769,sv9-63,Reverse Holofoil
12771,dp6-117,Reverse Holofoil
12773,sm10-16,Reverse Holofoil
12777,swsh12pt5-137,Reverse Holofoil
12780,swsh10-7,Reverse Holofoil
12782,pl3-46,Reverse Holofoil
12783,xy8-58,Reverse Holofoil
12784,sm10-53,Reverse Holofoil
12785,xy4-44,Reverse Holofoil
12787,swsh3-36,Reverse Holofoil
12795,swsh9-135,Reverse Holofoil
12796,hgss4-40,Reverse Holofoil
12798,bw5-64,Reverse Holofoil
12803,zsv10pt5-29,Reverse Holofoil
12806,bw5-79,Reverse Holofoil
12810,swsh6-152,Reverse Holofoil
12811,swsh5-59,Reverse Holofoil
12819,ex6-60,Reverse Holofoil
12820,sv8pt5-66,Reverse Holofoil
12821,xy10-58,Reverse Holofoil
12822,swsh45-1,Reverse Holofoil
12823,hgss4-60,Reverse Holofoil
12829,sv5-80,Reverse Holofoil
12835,bw8-78,Reverse Holofoil
12837,sm10-31,Reverse Holofoil
12839,sv3-51,Reverse Holofoil
12843,dp7-15,Reverse Holofoil
12846,bw10-75,Reverse Holofoil
12847,sm8-10,Reverse Holofoil
12848,sv3-56,Reverse Holofoil
12850,sv5-35,Reverse Holofoil
12852,xy4-22,Reverse Holofoil
12853,base6-69,Reverse Holofoil
12854,dp2-105,Reverse Holofoil
12857,dp6-119,Reverse Holofoil
12858,bw5-72,Reverse Holofoil
12862,dp4-5,Reverse Holofoil
12866,ex5-47,Reverse Holofoil
12867,pl1-71,Reverse Holofoil
12870,sv3pt5-60,Reverse Holofoil
12871,sv4pt5-64,Reverse Holofoil
12873,sv2-109,Reverse Holofoil
12876,swsh7-128,Reverse Holofoil
12878,dp6-15,Reverse Holofoil
12881,pl3-52,Reverse Holofoil
12883,bw5-94,Reverse Holofoil
12889,swsh1-128,Reverse Holofoil
12892,dp5-62,Reverse Holofoil
12893,me2-50,Reverse Holofoil
12896,swsh8-13,Reverse Holofoil
12898,sv3pt5-29,Reverse Holofoil
12901,ecard1-34,Reverse Holofoil
12908,ecard1-105,Reverse Holofoil
12916,sm75-24,Reverse Holofoil
12917,xy8-112,Reverse Holofoil
12920,bw7-2,Reverse Holofoil
12925,base6-110,Reverse Holofoil
12926,dp6-133,Reverse Holofoil
12927,swsh12-112,Reverse Holofoil
12935,pl3-9,Reverse Holofoil
12936,sm5-5,Reverse Holofoil
12937,swsh10-62,Reverse Holofoil
12939,sv8-62,Reverse Holofoil
12940,swsh6-85,Reverse Holofoil
12941,ex5-40,Reverse Holofoil
12942,pl3-36,Reverse Holofoil
12945,sv3-155,Reverse Holofoil
12946,swsh9-127,Reverse Holofoil
12947,swsh3-124,Reverse Holofoil
12949,hgss1-94,Reverse Holofoil
12953,xy12-95,Reverse Holofoil
12954,sm3-43,Reverse Holofoil
12959,sm1-115,Reverse Holofoil
12960,base6-62,Reverse Holofoil
12967,ex16-3,Reverse Holofoil
12971,swsh10-2,Reverse Holofoil
12972,me1-129,Reverse Holofoil
12973,sm12-43,Reverse Holofoil
12974,sm9-13,Reverse Holofoil
12976,ex1-36,Reverse Holofoil
12982,sm75-20,Reverse Holofoil
12984,rsv10pt5-16,Reverse Holofoil
12989,pl3-54,Reverse Holofoil
12992,sm7-8,Reverse Holofoil
12994,sv8-156,Reverse Holofoil
12995,dp3-40,Reverse Holofoil
12996,sv3-99,Reverse Holofoil
12997,sm35-43,Reverse Holofoil
13000,xy2-94,Reverse Holofoil
13001,swsh12pt5-1,Reverse Holofoil
13007,me1-56,Reverse Holofoil
13009,hgss3-26,Reverse Holofoil
13012,bw1-15,Reverse Holofoil
13017,swsh12-150,Reverse Holofoil
13022,dp7-6,Reverse Holofoil
13028,ecard1-61,Reverse Holofoil
13029,bw10-59,Reverse Holofoil
13031,sm6-39,Reverse Holofoil
13040,sv8pt5-54,Reverse Holofoil
13043,xy3-26,Reverse Holofoil
13044,ex5-51,Reverse Holofoil
13048,sv8-32,Reverse Holofoil
13050,sv1-164,Reverse Holofoil
13053,hgss3-1,Reverse Holofoil
13054,sv8-30,Reverse Holofoil
13056,ex7-65,Reverse Holofoil
13057,dp2-48,Reverse Holofoil
13058,ex6-10,Reverse Holofoil
13064,sm2-73,Reverse Holofoil
13072,sv9-135,Reverse Holofoil
13074,sm75-19,Reverse Holofoil
13077,swsh2-107,Reverse Holofoil
13080,sv1-10,Reverse Holofoil
13085,ex10-3,Reverse Holofoil
13088,swsh10-141,Reverse Holofoil
13090,sv10-17,Reverse Holofoil
13091,ex12-45,Reverse Holofoil
13095,dp3-51,Reverse Holofoil
13101,dp4-9,Reverse Holofoil
13102,swsh2-115,Reverse Holofoil
13105,bw4-52,Reverse Holofoil
13107,pl1-95,Reverse Holofoil
13109,me2-58,Reverse Holofoil
13111,sv10-35,Reverse Holofoil
13112,dp7-32,Reverse Holofoil
13115,sm7-70,Reverse Holofoil
13117,sv1-190,Reverse Holofoil
13123,pl1-38,Reverse Holofoil
13124,swsh6-123,Reverse Holofoil
13134,me2-45,Reverse Holofoil
13135,ex15-15,Reverse Holofoil
13136,dp6-47,Reverse Holofoil
13137,ex10-51,Reverse Holofoil
13141,swsh7-52,Reverse Holofoil
13142,hgss3-59,Reverse Holofoil
13143,xy5-47,Reverse Holofoil
13146,sv2-116,Reverse Holofoil
13150,sv8-140,Reverse Holofoil
13151,ex16-1,Reverse Holofoil
13155,sv8-39,Reverse Holofoil
13156,swsh9-149,Reverse Holofoil
13157,dp7-SH3,Reverse Holofoil
13158,sm115-60,Reverse Holofoil
13159,ex15-40,Reverse Holofoil
13161,swsh2-132,Reverse Holofoil
13167,sm2-39,Reverse Holofoil
13175,bw8-55,Reverse Holofoil
13182,sv1-34,Reverse Holofoil
13183,bw5-18,Reverse Holofoil
13187,swsh8-195,Reverse Holofoil
13189,rsv10pt5-19,Reverse Holofoil
13190,hgss2-67,Reverse Holofoil
13191,col1-29,Reverse Holofoil
13194,sv1-38,Reverse Holofoil
13200,sv6-41,Reverse Holofoil
13201,hgss2-38,Reverse Holofoil
13202,dp5-20,Reverse Holofoil
13203,sv5-71,Reverse Holofoil
13206,sm7-11,Reverse Holofoil
13207,sm6-17,Reverse Holofoil
13208,swsh8-137,Reverse Holofoil
13211,basep-34,Reverse Holofoil
13213,swsh6-73,Reverse Holofoil
13214,sm4-32,Reverse Holofoil
13216,swsh2-88,Reverse Holofoil
13217,ex10-21,Reverse Holofoil
13219,sm3-44,Reverse Holofoil
13221,swsh10-60,Reverse Holofoil
13222,swsh6-127,Reverse Holofoil
13223,xy4-40,Reverse Holofoil
13225,bw7-54,Reverse Holofoil
13226,xy4-61,Reverse Holofoil
13231,pl3-42,Reverse Holofoil
13233,sm3-10,Reverse Holofoil
13234,swsh2-47,Reverse Holofoil
13236,dp1-37,Reverse Holofoil
13238,zsv10pt5-26,Reverse Holofoil
13241,ex8-92,Reverse Holofoil
13243,pl4-4,Reverse Holofoil
13247,swsh5-56,Reverse Holofoil
13248,sm1-111,Reverse Holofoil
13249,sv8-35,Reverse Holofoil
13250,sv1-16,Reverse Holofoil
13252,ecard1-158,Reverse Holofoil
13253,ex10-96,Reverse Holofoil
13258,sv6-110,Reverse Holofoil
13260,ex6-84,Reverse Holofoil
13262,hgss2-17,Reverse Holofoil
13263,sv5-67,Reverse Holofoil
13264,xy12-83,Reverse Holofoil
13269,bw8-40,Reverse Holofoil
13270,swsh9-5,Reverse Holofoil
13283,swsh12-123,Reverse Holofoil
13285,hgss4-5,Reverse Holofoil
13287,xy1-54,Reverse Holofoil
13290,sm9-27,Reverse Holofoil
13291,sm11-158,Reverse Holofoil
13292,ex7-39,Reverse Holofoil
13293,me1-79,Reverse Holofoil
13294,dp7-72,Reverse Holofoil
13295,dp5-59,Reverse Holofoil
13297,sm9-95,Reverse Holofoil
13298,ex8-41,Reverse Holofoil
13299,ex14-1,Reverse Holofoil
13300,sv10-85,Reverse Holofoil
13302,bw5-51,Reverse Holofoil
13305,dp4-91,Reverse Holofoil
13306,sm5-51,Reverse Holofoil
13307,sv1-198,Reverse Holofoil
13310,swsh45-33,Reverse Holofoil
13311,dp6-14,Reverse Holofoil
13312,dp2-41,Reverse Holofoil
13326,swsh9-6,Reverse Holofoil
13333,sv6-79,Reverse Holofoil
13334,sv3-126,Reverse Holofoil
13335,xy4-103,Reverse Holofoil
13337,xy10-91,Reverse Holofoil
13338,hgss2-62,Reverse Holofoil
13340,bw11-66,Reverse Holofoil
13341,sv3-100,Reverse Holofoil
13343,swsh12-60,Reverse Holofoil
13346,xy2-6,Reverse Holofoil
13347,sv8pt5-86,Reverse Holofoil
13349,swsh5-20,Reverse Holofoil
13352,ex14-71,Reverse Holofoil
13354,swsh6-48,Reverse Holofoil
13355,bw11-12,Reverse Holofoil
13356,xy8-9,Reverse Holofoil
13362,ex8-28,Reverse Holofoil
13364,sv5-61,Reverse Holofoil
13368,xy9-100,Reverse Holofoil
13370,sv7-76,Reverse Holofoil
13374,ex13-93,Reverse Holofoil
13375,sv8-139,Reverse Holofoil
13377,col1-30,Reverse Holofoil
13379,ex10-50,Reverse Holofoil
13381,ecard1-92,Reverse Holofoil
13388,sm6-7,Reverse Holofoil
13389,xy8-8,Reverse Holofoil
13394,sv6-88,Reverse Holofoil
13396,sv1-192,Reverse Holofoil
13397,sm9-62,Reverse Holofoil
13399,sm5-12,Reverse Holofoil
13401,dp2-16,Reverse Holofoil
13402,swsh9-66,Reverse Holofoil
13404,sv6pt5-41,Reverse Holofoil
13406,swsh12-75,Reverse Holofoil
13408,swsh45-6,Reverse Holofoil
13409,xy7-70,Reverse Holofoil
13411,sm12-46,Reverse Holofoil
13420,swsh12-93,Reverse Holofoil
13422,xy10-24,Reverse Holofoil
13423,zsv10pt5-54,Reverse Holofoil
13425,swsh8-196,Reverse Holofoil
13427,sm2-70,Reverse Holofoil
13428,sv4pt5-76,Reverse Holofoil
13431,xy5-51,Reverse Holofoil
13435,sm2-75,Reverse Holofoil
13436,dp7-47,Reverse Holofoil
13438,sv2-39,Reverse Holofoil
13441,swsh8-96,Reverse Holofoil
13442,swsh6-62,Reverse Holofoil
13445,ex11-82,Reverse Holofoil
13450,ex8-82,Reverse Holofoil
13452,pgo-19,Reverse Holofoil
13454,swsh4-35,Reverse Holofoil
13459,ex8-38,Reverse Holofoil
13466,sm5-2,Reverse Holofoil
13468,bw5-40,Reverse Holofoil
13470,sm75-36,Reverse Holofoil
13472,bw5-4,Reverse Holofoil
13475,ex12-42,Reverse Holofoil
13477,sv10-162,Reverse Holofoil
13478,ex4-50,Reverse Holofoil
13479,rsv10pt5-46,Reverse Holofoil
13484,xy11-52,Reverse Holofoil
13489,sm4-59,Reverse Holofoil
13492,pl3-74,Reverse Holofoil
13494,swsh9-21,Reverse Holofoil
13499,sv9-72,Reverse Holofoil
13500,bw10-34,Reverse Holofoil
13504,ex4-63,Reverse Holofoil
13512,swsh12-52,Reverse Holofoil
13513,ex5-73,Reverse Holofoil
13514,ex4-36,Reverse Holofoil
13515,bw3-52,Reverse Holofoil
13525,ex7-93,Reverse Holofoil
13526,ex6-56,Reverse Holofoil
13527,swsh10-79,Reverse Holofoil
13529,bw6-78,Reverse Holofoil
13534,sv2-45,Reverse Holofoil
13537,me1-7,Reverse Holofoil
13539,xy5-48,Reverse Holofoil
13540,swsh3-24,Reverse Holofoil
13545,sv4-173,Reverse Holofoil
13546,sv1-175,Reverse Holofoil
13551,ex9-56,Reverse Holofoil
13552,me2-33,Reverse Holofoil
13553,swsh7-160,Reverse Holofoil
13554,xy7-64,Reverse Holofoil
13556,ex5-63,Reverse Holofoil
13558,sv6-84,Reverse Holofoil
13559,bw11-55,Reverse Holofoil
13562,sv9-18,Reverse Holofoil
13564,ecard3-64,Reverse Holofoil
13567,hgss4-51,Reverse Holofoil
13569,hgss3-42,Reverse Holofoil
13571,pl2-63,Reverse Holofoil
13574,xy6-70,Reverse Holofoil
13575,dp6-41,Reverse Holofoil
13583,xy8-72,Reverse Holofoil
13584,hgss2-46,Reverse Holofoil
13588,sm11-23,Reverse Holofoil
13591,bw7-48,Reverse Holofoil
13593,sm35-60,Reverse Holofoil
13594,bw4-53,Reverse Holofoil
13596,dp7-69,Reverse Holofoil
13599,pl1-85,Reverse Holofoil
13605,ex5-77,Reverse Holofoil
13606,dp1-64,Reverse Holofoil
13608,bw3-23,Reverse Holofoil
13615,xy1-62,Reverse Holofoil
13619,dp7-87,Reverse Holofoil
13621,sv2-50,Reverse Holofoil
13626,sv8-166,Reverse Holofoil
13627,sv3pt5-21,Reverse Holofoil
13632,sm4-6,Reverse Holofoil
13634,sm2-129,Reverse Holofoil
13637,swsh12-13,Reverse Holofoil
13640,sv6-159,Reverse Holofoil
13644,swsh8-94,Reverse Holofoil
13645,sm6-87,Reverse Holofoil
13646,sv8-34,Reverse Holofoil
13649,sv6-93,Reverse Holofoil
13652,ex13-41,Reverse Holofoil
13653,ex3-26,Reverse Holofoil
13656,sv3-104,Reverse Holofoil
13657,ex8-43,Reverse Holofoil
13658,sv7-59,Reverse Holofoil
13659,swsh1-26,Reverse Holofoil
13660,sm5-36,Reverse Holofoil
13661,ex16-55,Reverse Holofoil
13663,hgss4-13,Reverse Holofoil
13664,ex6-75,Reverse Holofoil
13666,g1-49,Reverse Holofoil
13671,sm9-86,Reverse Holofoil
13673,xy2-48,Reverse Holofoil
13676,pl4-28,Reverse Holofoil
13677,zsv10pt5-69,Reverse Holofoil
13678,ex1-10,Reverse Holofoil
13681,me2-81,Reverse Holofoil
13682,swsh5-102,Reverse Holofoil
13683,ex11-55,Reverse Holofoil
13686,dp6-131,Reverse Holofoil
13689,swsh5-103,Reverse Holofoil
13700,pl1-49,Reverse Holofoil
13701,xy2-58,Reverse Holofoil
13702,xy11-44,Reverse Holofoil
13703,pl1-101,Reverse Holofoil
13704,swsh5-114,Reverse Holofoil
13706,rsv10pt5-74,Reverse Holofoil
13712,sv7-124,Reverse Holofoil
13713,sm35-67,Reverse Holofoil
13714,swsh9-39,Reverse Holofoil
13720,sv1-160,Reverse Holofoil
13722,swsh3-53,Reverse Holofoil
13723,ex9-43,Reverse Holofoil
13731,ecard2-19,Reverse Holofoil
13732,bw8-52,Reverse Holofoil
13739,sv4pt5-87,Reverse Holofoil
13743,dp5-90,Reverse Holofoil
13745,xy1-23,Reverse Holofoil
13750,sm11-90,Reverse Holofoil
13752,sv9-108,Reverse Holofoil
13757,sm35-46,Reverse Holofoil
13758,swsh8-128,Reverse Holofoil
13759,xy6-86,Reverse Holofoil
13763,sv8-121,Reverse Holofoil
13764,pl3-131,Reverse Holofoil
13765,pl4-76,Reverse Holofoil
13766,swsh45-5,Reverse Holofoil
13769,sm4-4,Reverse Holofoil
13770,sm11-8,Reverse Holofoil
13771,swsh2-64,Reverse Holofoil
13773,hgss1-69,Reverse Holofoil
13776,sv8pt5-121,Reverse Holofoil
13777,sv5-79,Reverse Holofoil
13780,sv8-27,Reverse Holofoil
13781,bw9-83,Reverse Holofoil
13787,sm11-113,Reverse Holofoil
13792,sv7-114,Reverse Holofoil
13794,swsh45-35,Reverse Holofoil
13797,xy9-85,Reverse Holofoil
13798,ex3-40,Reverse Holofoil
13802,ecard2-32,Reverse Holofoil
13811,swsh5-113,Reverse Holofoil
13812,ex7-68,Reverse Holofoil
13813,sm8-77,Reverse Holofoil
13816,xy1-71,Reverse Holofoil
13817,ex10-78,Reverse Holofoil
13818,sv8-174,Reverse Holofoil
13820,sv9-120,Reverse Holofoil
13822,sv6pt5-23,Reverse Holofoil
13824,sv6-136,Reverse Holofoil
13825,xy4-109,Reverse Holofoil
13827,sm6-36,Reverse Holofoil
13828,sv7-69,Reverse Holofoil
13829,ex10-39,Reverse Holofoil
13830,ex5-21,Reverse Holofoil
13835,ex13-40,Reverse Holofoil
13836,xy12-89,Reverse Holofoil
13837,hgss1-93,Reverse Holofoil
13841,ex10-90,Reverse Holofoil
13844,ex6-76,Reverse Holofoil
13845,ex3-57,Reverse Holofoil
13848,pl4-39,Reverse Holofoil
13849,swsh3-9,Reverse Holofoil
13850,swsh2-44,Reverse Holofoil
13853,sm2-119,Reverse Holofoil
13855,sm35-36,Reverse Holofoil
13856,sv9-50,Reverse Holofoil
13857,xy8-26,Reverse Holofoil
13873,ex11-67,Reverse Holofoil
13874,sm3-4,Reverse Holofoil
13883,ex8-13,Reverse Holofoil
13885,dp2-102,Reverse Holofoil
13889,hgss3-33,Reverse Holofoil
13890,swsh8-37,Reverse Holofoil
13891,ecard1-67,Reverse Holofoil
13893,swsh1-44,Reverse Holofoil
13894,sv4pt5-71,Reverse Holofoil
13895,sv1-181,Reverse Holofoil
13896,swsh6-59,Reverse Holofoil
13900,swsh9-83,Reverse Holofoil
13903,dp7-14,Reverse Holofoil
13906,xy2-52,Reverse Holofoil
13909,sm2-79,Reverse Holofoil
13911,base6-3,Reverse Holofoil
13912,hgss4-49,Reverse Holofoil
13918,xy7-82,Reverse Holofoil
13924,swsh3-148,Reverse Holofoil
13926,dp1-71,Reverse Holofoil
13929,sv9-141,Reverse Holofoil
13937,bw9-22,Reverse Holofoil
13938,sm11-34,Reverse Holofoil
13940,ex16-32,Reverse Holofoil
13941,swsh6-70,Reverse Holofoil
13944,xy10-86,Reverse Holofoil
13949,sm3-47,Reverse Holofoil
13959,swsh12-46,Reverse Holofoil
13966,dp5-63,Reverse Holofoil
13968,swsh10-67,Reverse Holofoil
13970,swsh12-96,Reverse Holofoil
13973,sm3-97,Reverse Holofoil
13974,bw7-95,Reverse Holofoil
13975,xy10-39,Reverse Holofoil
13978,sm7-57,Reverse Holofoil
13981,sv3pt5-71,Reverse Holofoil
13982,dp7-4,Reverse Holofoil
13983,sm5-24,Reverse Holofoil
13985,sv4-115,Reverse Holofoil
13986,sm11-178,Reverse Holofoil
13992,xy7-44,Reverse Holofoil
13996,swsh9-30,Reverse Holofoil
13998,bw8-62,Reverse Holofoil
13999,dp1-93,Reverse Holofoil
14000,dp6-72,Reverse Holofoil
14001,me2-5,Reverse Holofoil
14004,sm4-48,Reverse Holofoil
14005,sv8pt5-70,Reverse Holofoil
14010,ex16-13,Reverse Holofoil
14011,ex5-23,Reverse Holofoil
14013,sm11-204,Reverse Holofoil
14017,sm7-53,Reverse Holofoil
14019,me1-25,Reverse Holofoil
14020,sv1-8,Reverse Holofoil
14021,sv6-18,Reverse Holofoil
14026,hgss4-24,Reverse Holofoil
14028,swsh8-184,Reverse Holofoil
14029,ex9-74,Reverse Holofoil
14030,sv3pt5-159,Reverse Holofoil
14034,sv3-185,Reverse Holofoil
14035,sv7-132,Reverse Holofoil
14038,xy5-59,Reverse Holofoil
14039,hgss3-6,Reverse Holofoil
14040,sm11-209,Reverse Holofoil
14043,sv9-154,Reverse Holofoil
14046,bw8-123,Reverse Holofoil
14056,zsv10pt5-4,Reverse Holofoil
14058,sv4-47,Reverse Holofoil
14062,swsh2-91,Reverse Holofoil
14063,ecard3-123,Reverse Holofoil
14064,ecard2-71,Reverse Holofoil
14067,xy3-14,Reverse Holofoil
14069,me2-3,Reverse Holofoil
14077,zsv10pt5-5,Reverse Holofoil
14078,sv10-7,Reverse Holofoil
14082,bw7-61,Reverse Holofoil
14083,ex11-16,Reverse Holofoil
14086,sv4-49,Reverse Holofoil
14092,swsh12pt5-33,Reverse Holofoil
14093,dp7-41,Reverse Holofoil
14095,swsh7-99,Reverse Holofoil
14097,me2-14,Reverse Holofoil
14100,swsh1-181,Reverse Holofoil
14102,xy12-44,Reverse Holofoil
14108,ex2-48,Reverse Holofoil
14109,xy3-85,Reverse Holofoil
14111,sm6-47,Reverse Holofoil
14114,swsh1-10,Reverse Holofoil
14115,sm4-97,Reverse Holofoil
14117,xy5-68,Reverse Holofoil
14120,ex5-91,Reverse Holofoil
14127,swsh35-64,Reverse Holofoil
14131,sv3pt5-110,Reverse Holofoil
14132,sv6-45,Reverse Holofoil
14139,sm4-2,Reverse Holofoil
14142,bw2-55,Reverse Holofoil
14145,hgss1-64,Reverse Holofoil
14147,g1-68,Reverse Holofoil
14153,sv10-79,Reverse Holofoil
14154,bw4-70,Reverse Holofoil
14155,bw3-50,Reverse Holofoil
14157,xy2-19,Reverse Holofoil
14158,sv5-109,Reverse Holofoil
14160,sm6-11,Reverse Holofoil
14167,bw5-12,Reverse Holofoil
14169,dp6-62,Reverse Holofoil
14174,sv8-6,Reverse Holofoil
14175,ex1-73,Reverse Holofoil
14177,sm11-156,Reverse Holofoil
14181,sm6-9,Reverse Holofoil
14184,swsh7-106,Reverse Holofoil
14185,bw8-60,Reverse Holofoil
14186,ex16-47,Reverse Holofoil
14187,sv9-80,Reverse Holofoil
14188,ex9-44,Reverse Holofoil
14191,swsh7-119,Reverse Holofoil
14194,sv10-58,Reverse Holofoil
14196,swsh1-51,Reverse Holofoil
14198,swsh10-15,Reverse Holofoil
14202,rsv10pt5-69,Reverse Holofoil
14203,ecard2-15,Reverse Holofoil
14206,dp4-102,Reverse Holofoil
14209,swsh1-28,Reverse Holofoil
14211,swsh5-96,Reverse Holofoil
14213,me2-80,Reverse Holofoil
14219,swsh2-116,Reverse Holofoil
14220,bw4-43,Reverse Holofoil
14221,swsh12-3,Reverse Holofoil
14225,dp5-73,Reverse Holofoil
14228,hgss2-5,Reverse Holofoil
14234,dp5-86,Reverse Holofoil
14238,bw1-73,Reverse Holofoil
14242,dp2-54,Reverse Holofoil
14243,pop9-3,Reverse Holofoil
14245,swsh12-82,Reverse Holofoil
14246,xy10-38,Reverse Holofoil
14248,bw6-12,Reverse Holofoil
14250,xy2-17,Reverse Holofoil
14251,sm9-47,Reverse Holofoil
14254,sv10-140,Reverse Holofoil
14255,swsh7-135,Reverse Holofoil
14259,sv4-17,Reverse Holofoil
14260,sv8pt5-79,Reverse Holofoil
14263,xy2-7,Reverse Holofoil
14264,swsh7-121,Reverse Holofoil
14270,sv6-1,Reverse Holofoil
14271,sv6-2,Reverse Holofoil
14272,sv4-167,Reverse Holofoil
14273,xy12-57,Reverse Holofoil
14274,ex2-68,Reverse Holofoil
14275,dp7-13,Reverse Holofoil
14276,pl1-6,Reverse Holofoil
14277,swsh3-120,Reverse Holofoil
14278,swsh2-161,Reverse Holofoil
14281,zsv10pt5-16,Reverse Holofoil
14282,sv3-177,Reverse Holofoil
14290,ex13-33,Reverse Holofoil
14292,sv2-46,Reverse Holofoil
14294,xy8-81,Reverse Holofoil
14296,me1-132,Reverse Holofoil
14298,dp4-1,Reverse Holofoil
14299,zsv10pt5-18,Reverse Holofoil
14304,sm9-15,Reverse Holofoil
14309,sv4-90,Reverse Holofoil
14310,xy11-49,Reverse Holofoil
14315,sm8-39,Reverse Holofoil
14316,sm1-92,Reverse Holofoil
14318,bw1-66,Reverse Holofoil
14319,sv9-46,Reverse Holofoil
14320,dp6-54,Reverse Holofoil
14323,sm3-128,Reverse Holofoil
14327,zsv10pt5-75,Reverse Holofoil
14329,bw3-18,Reverse Holofoil
14331,sm1-9,Reverse Holofoil
14332,ex7-80,Reverse Holofoil
14333,ex1-35,Reverse Holofoil
14335,sv3pt5-161,Reverse Holofoil
14336,sm75-58,Reverse Holofoil
14337,bw11-40,Reverse Holofoil
14338,sm9-81,Reverse Holofoil
14344,dp4-58,Reverse Holofoil
14350,bw8-1,Reverse Holofoil
14355,sm8-11,Reverse Holofoil
14360,swsh4-34,Reverse Holofoil
14361,bw9-78,Reverse Holofoil
14362,bw9-71,Reverse Holofoil
14363,dp1-68,Reverse Holofoil
14367,sv1-112,Reverse Holofoil
14368,sv3pt5-12,Reverse Holofoil
14376,xy4-91,Reverse Holofoil
14383,dp4-94,Reverse Holofoil
14384,dp5-53,Reverse Holofoil
14388,sv10-113,Reverse Holofoil
14390,xy8-107,Reverse Holofoil
14391,swsh1-102,Reverse Holofoil
14393,ex9-59,Reverse Holofoil
14399,pl3-115,Reverse Holofoil
14401,bw1-34,Reverse Holofoil
14405,dp5-13,Reverse Holofoil
14411,bw7-70,Reverse Holofoil
14414,swsh2-4,Reverse Holofoil
14417,sv1-124,Reverse Holofoil
14421,sv3pt5-97,Reverse Holofoil
14426,swsh1-60,Reverse Holofoil
14428,xy10-21,Reverse Holofoil
14432,swsh4-97,Reverse Holofoil
14436,xy11-83,Reverse Holofoil
14437,sm11-19,Reverse Holofoil
14439,bw5-35,Reverse Holofoil
14441,sm35-50,Reverse Holofoil
14446,xy5-2,Reverse Holofoil
14448,ex7-51,Reverse Holofoil
14449,ex9-31,Reverse Holofoil
14452,me2-86,Reverse Holofoil
14454,xy8-88,Reverse Holofoil
14458,swsh3-111,Reverse Holofoil
14460,swsh2-39,Reverse Holofoil
14464,dp5-16,Reverse Holofoil
14465,pgo-7,Reverse Holofoil
14467,bw5-73,Reverse Holofoil
14468,dp7-58,Reverse Holofoil
14473,sm7-117,Reverse Holofoil
14475,dp4-50,Reverse Holofoil
14476,ex3-1,Reverse Holofoil
14479,sm11-62,Reverse Holofoil
14480,bw9-91,Reverse Holofoil
14481,bw6-13,Reverse Holofoil
14484,ex6-98,Reverse Holofoil
14485,sv8pt5-100,Reverse Holofoil
14488,swsh7-147,Reverse Holofoil
14489,sv3pt5-118,Reverse Holofoil
14491,sv8-47,Reverse Holofoil
14494,sm2-121,Reverse Holofoil
14495,bw9-11,Reverse Holofoil
14500,sv4pt5-62,Reverse Holofoil
14501,ex16-56,Reverse Holofoil
14503,sm35-48,Reverse Holofoil
14504,sv6pt5-10,Reverse Holofoil
14507,xy12-4,Reverse Holofoil
14508,ex16-53,Reverse Holofoil
14509,ecard1-57,Reverse Holofoil
14510,sv1-33,Reverse Holofoil
14514,dp7-82,Reverse Holofoil
14517,ex9-65,Reverse Holofoil
14520,sv9-76,Reverse Holofoil
14522,sv1-189,Reverse Holofoil
14523,ex1-63,Reverse Holofoil
14528,zsv10pt5-61,Reverse Holofoil
14530,pgo-37,Reverse Holofoil
14535,sv4-163,Reverse Holofoil
14536,sv3pt5-85,Reverse Holofoil
14548,sv6-105,Reverse Holofoil
14550,ex3-11,Reverse Holofoil
14551,sv10-173,Reverse Holofoil
14553,bw7-117,Reverse Holofoil
14554,swsh10-158,Reverse Holofoil
14560,sv9-5,Reverse Holofoil
14562,sv1-13,Reverse Holofoil
14566,swsh6-71,Reverse Holofoil
14571,ex16-82,Reverse Holofoil
14575,ex12-4,Reverse Holofoil
14580,xy7-78,Reverse Holofoil
14582,sm9-59,Reverse Holofoil
14583,sv5-73,Reverse Holofoil
14589,sv10-114,Reverse Holofoil
14590,sv3-53,Reverse Holofoil
14592,sm11-29,Reverse Holofoil
14593,xy10-94,Reverse Holofoil
14597,sm2-6,Reverse Holofoil
14599,sm75-21,Reverse Holofoil
14601,xy9-40,Reverse Holofoil
14606,hgss2-16,Reverse Holofoil
14609,sm5-54,Reverse Holofoil
14611,hgss1-90,Reverse Holofoil
14613,swsh7-158,Reverse Holofoil
14616,sv5-119,Reverse Holofoil
14618,base6-81,Reverse Holofoil
14622,bw3-72,Reverse Holofoil
14625,sv7-21,Reverse Holofoil
14626,ecard3-17,Reverse Holofoil
14627,xy4-26,Reverse Holofoil
14629,sm3-60,Reverse Holofoil
14630,pl3-43,Reverse Holofoil
14631,swsh3-103,Reverse Holofoil
14633,sv6-33,Reverse Holofoil
14634,hgss3-41,Reverse Holofoil
14637,hgss4-68,Reverse Holofoil
14643,sv9-83,Reverse Holofoil
14647,sv3-191,Reverse Holofoil
14648,sm3-42,Reverse Holofoil
14649,bw6-30,Reverse Holofoil
14650,ex10-12,Reverse Holofoil
14654,bw3-44,Reverse Holofoil
14655,swsh12-31,Reverse Holofoil
14656,sv7-9,Reverse Holofoil
14660,xy6-38,Reverse Holofoil
14661,ex11-6,Reverse Holofoil
14662,bw8-80,Reverse Holofoil
14665,col1-11,Reverse Holofoil
14667,bw5-5,Reverse Holofoil
14670,ex3-76,Reverse Holofoil
14671,sm11-206,Reverse Holofoil
14672,me1-111,Reverse Holofoil
14678,ecard3-125,Reverse Holofoil
14680,ex13-35,Reverse Holofoil
14681,bw3-10,Reverse Holofoil
14683,sm9-54,Reverse Holofoil
14684,bw5-32,Reverse Holofoil
14685,sv1-133,Reverse Holofoil
14689,xy2-51,Reverse Holofoil
14698,xy7-55,Reverse Holofoil
14703,sm10-184,Reverse Holofoil
14704,xy8-115,Reverse Holofoil
14705,pl4-2,Reverse Holofoil
14706,sv10-157,Reverse Holofoil
14707,swsh12-148,Reverse Holofoil
14710,swsh6-72,Reverse Holofoil
14711,sv3-50,Reverse Holofoil
14713,sm3-107,Reverse Holofoil
14716,xy2-86,Reverse Holofoil
14717,ex2-16,Reverse Holofoil
14720,sm9-48,Reverse Holofoil
14721,ex1-75,Reverse Holofoil
14722,swsh1-41,Reverse Holofoil
14723,swsh12-27,Reverse Holofoil
14724,swsh8-89,Reverse Holofoil
14725,swsh2-99,Reverse Holofoil
14727,xy3-102,Reverse Holofoil
14728,dp2-75,Reverse Holofoil
14730,dp6-77,Reverse Holofoil
14732,ex15-89,Reverse Holofoil
14736,bw5-52,Reverse Holofoil
14738,sm7-77,Reverse Holofoil
14739,sm12-42,Reverse Holofoil
14741,sv9-97,Reverse Holofoil
14745,sm8-117,Reverse Holofoil
14746,swsh9-43,Reverse Holofoil
14751,swsh2-160,Reverse Holofoil
14754,sm9-60,Reverse Holofoil
14760,swsh5-132,Reverse Holofoil
14763,ecard2-88,Reverse Holofoil
14764,sv10-156,Reverse Holofoil
14766,dp1-117,Reverse Holofoil
14768,xy4-2,Reverse Holofoil
14769,dp5-4,Reverse Holofoil
14772,swsh6-131,Reverse Holofoil
14777,sm10-18,Reverse Holofoil
14781,sm35-66,Reverse Holofoil
14783,sm4-83,Reverse Holofoil
14784,ex7-77,Reverse Holofoil
14785,sv4-178,Reverse Holofoil
14789,sm5-29,Reverse Holofoil
14793,sv4-4,Reverse Holofoil
14794,ex1-74,Reverse Holofoil
14798,xy10-23,Reverse Holofoil
14804,pl3-87,Reverse Holofoil
14805,g1-65,Reverse Holofoil
14810,sv9-23,Reverse Holofoil
14812,swsh12-152,Reverse Holofoil
14814,ecard3-147,Reverse Holofoil
14816,sv6pt5-20,Reverse Holofoil
14818,xy2-28,Reverse Holofoil
14823,sv5-76,Reverse Holofoil
14825,sv8-109,Reverse Holofoil
14826,hgss3-74,Reverse Holofoil
14830,swsh10-45,Reverse Holofoil
14835,sv2-95,Reverse Holofoil
14837,ex6-11,Reverse Holofoil
14840,xy9-75,Reverse Holofoil
14842,dp6-92,Reverse Holofoil
14848,ex6-26,Reverse Holofoil
14849,bw3-75,Reverse Holofoil
14851,col1-10,Reverse Holofoil
14853,swsh1-180,Reverse Holofoil
14854,bw4-65,Reverse Holofoil
14856,sv3-161,Reverse Holofoil
14858,sv1-80,Reverse Holofoil
14861,swsh2-40,Reverse Holofoil
14864,sv6-51,Reverse Holofoil
14866,dp5-40,Reverse Holofoil
14868,pl4-84,Reverse Holofoil
14869,swsh9-75,Reverse Holofoil
14872,swsh7-12,Reverse Holofoil
14876,swsh5-1,Reverse Holofoil
14880,sv6pt5-34,Reverse Holofoil
14882,sm2-91,Reverse Holofoil
14883,dp3-128,Reverse Holofoil
14884,g1-83,Reverse Holofoil
14886,swsh7-33,Reverse Holofoil
14887,sm10-183,Reverse Holofoil
14888,bw5-10,Reverse Holofoil
14889,ecard1-8,Reverse Holofoil
14896,sv6-123,Reverse Holofoil
14904,ex16-33,Reverse Holofoil
14905,sv6-13,Reverse Holofoil
14914,ex11-65,Reverse Holofoil
14915,sv3pt5-123,Reverse Holofoil
14916,g1-52,Reverse Holofoil
14917,me2-77,Reverse Holofoil
14919,me1-118,Reverse Holofoil
14925,sv2-20,Reverse Holofoil
14926,swsh2-12,Reverse Holofoil
14927,sv7-86,Reverse Holofoil
14929,ex14-73,Reverse Holofoil
14930,dp3-62,Reverse Holofoil
14931,swsh1-47,Reverse Holofoil
14933,swsh2-117,Reverse Holofoil
14938,swsh12-105,Reverse Holofoil
14939,xy12-43,Reverse Holofoil
14940,xy8-41,Reverse Holofoil
14943,ex1-80,Reverse Holofoil
14944,xy3-53,Reverse Holofoil
14945,bw8-126,Reverse Holofoil
14946,ex11-107,Reverse Holofoil
14947,bw8-50,Reverse Holofoil
14948,hgss4-46,Reverse Holofoil
14951,xy6-91,Reverse Holofoil
14954,ex12-1,Reverse Holofoil
14956,sm9-5,Reverse Holofoil
14958,dp7-71,Reverse Holofoil
14961,sm2-10,Reverse Holofoil
14963,bw3-51,Reverse Holofoil
14964,bw3-37,Reverse Holofoil
14967,dp3-122,Reverse Holofoil
14968,sv5-116,Reverse Holofoil
14971,pl3-119,Reverse Holofoil
14974,sm1-130,Reverse Holofoil
14978,sv6pt5-44,Reverse Holofoil
14980,swsh4-38,Reverse Holofoil
14984,pl3-39,Reverse Holofoil
14985,sm7-91,Reverse Holofoil
14987,zsv10pt5-49,Reverse Holofoil
14990,sm3-82,Reverse Holofoil
14997,swsh8-108,Reverse Holofoil
14999,col1-51,Reverse Holofoil
15000,pl2-32,Reverse Holofoil
15001,ecard1-71,Reverse Holofoil
15002,sm4-51,Reverse Holofoil
15005,sv4pt5-79,Reverse Holofoil
15006,g1-15,Reverse Holofoil
15011,swsh12pt5-87,Reverse Holofoil
15015,sm11-112,Reverse Holofoil
15026,col1-86,Reverse Holofoil
15028,col1-82,Reverse Holofoil
15029,g1-34,Reverse Holofoil
15030,hgss4-84,Reverse Holofoil
15032,sv6-157,Reverse Holofoil
15033,swsh4-66,Reverse Holofoil
15034,xy10-12,Reverse Holofoil
15036,swsh12-11,Reverse Holofoil
15038,swsh8-159,Reverse Holofoil
15039,xy9-82,Reverse Holofoil
15042,ecard3-10,Reverse Holofoil
15044,swsh7-37,Reverse Holofoil
15045,xy2-42,Reverse Holofoil
15047,sv6-39,Reverse Holofoil
15050,sm3-83,Reverse Holofoil
15052,swsh10-106,Reverse Holofoil
15055,sm6-101,Reverse Holofoil
15056,sv3-81,Reverse Holofoil
15057,me1-8,Reverse Holofoil
15060,sm1-108,Reverse Holofoil
15061,sm5-108,Reverse Holofoil
15062,dp1-97,Reverse Holofoil
15068,swsh45-34,Reverse Holofoil
15071,zsv10pt5-1,Reverse Holofoil
15073,pl3-3,Reverse Holofoil
15076,hgss2-57,Reverse Holofoil
15077,sv1-111,Reverse Holofoil
15079,sm1-49,Reverse Holofoil
15087,bw10-84,Reverse Holofoil
15088,swsh12pt5-134,Reverse Holofoil
15090,sm2-61,Reverse Holofoil
15091,sm9-125,Reverse Holofoil
15092,sm3-105,Reverse Holofoil
15096,sv2-8,Reverse Holofoil
15098,dp7-43,Reverse Holofoil
15101,sv3-114,Reverse Holofoil
15106,dp4-41,Reverse Holofoil
15107,swsh3-73,Reverse Holofoil
15115,dp7-1,Reverse Holofoil
15119,sm6-71,Reverse Holofoil
15121,swsh12-160,Reverse Holofoil
15124,swsh12pt5-81,Reverse Holofoil
15125,dp1-44,Reverse Holofoil
15131,sv8pt5-90,Reverse Holofoil
15133,sv6pt5-46,Reverse Holofoil
15135,xy2-73,Reverse Holofoil
15142,dp6-4,Reverse Holofoil
15143,bw7-26,Reverse Holofoil
15149,pl2-100,Reverse Holofoil
15151,swsh12-118,Reverse Holofoil
15152,ecard1-90,Reverse Holofoil
15153,pl3-18,Reverse Holofoil
15154,sm115-51,Reverse Holofoil
15160,sm12-62,Reverse Holofoil
15162,sv1-146,Reverse Holofoil
15165,bw6-4,Reverse Holofoil
15167,ecard1-10,Reverse Holofoil
15169,hgss1-70,Reverse Holofoil
15172,ex1-54,Reverse Holofoil
15174,ecard1-84,Reverse Holofoil
15178,sm2-5,Reverse Holofoil
15179,swsh3-154,Reverse Holofoil
15182,sm6-106,Reverse Holofoil
15184,sm10-55,Reverse Holofoil
15185,swsh9-10,Reverse Holofoil
15186,hgss3-35,Reverse Holofoil
15187,swsh12-117,Reverse Holofoil
15188,dp7-66,Reverse Holofoil
15193,xy11-98,Reverse Holofoil
15194,ex9-75,Reverse Holofoil
15196,col1-37,Reverse Holofoil
15200,dp7-73,Reverse Holofoil
15201,swsh5-32,Reverse Holofoil
15203,dp3-72,Reverse Holofoil
15208,swsh8-84,Reverse Holofoil
15210,dp6-123,Reverse Holofoil
15213,hgss2-49,Reverse Holofoil
15222,ex1-38,Reverse Holofoil
15227,swsh12pt5-131,Reverse Holofoil
15228,bw3-64,Reverse Holofoil
15229,me1-48,Reverse Holofoil
15232,sv8-158,Reverse Holofoil
15235,xy3-29,Reverse Holofoil
15236,pgo-3,Reverse Holofoil
15237,ex1-90,Reverse Holofoil
15239,ex2-57,Reverse Holofoil
15245,bw4-58,Reverse Holofoil
15249,pop8-6,Reverse Holofoil
15252,ex4-53,Reverse Holofoil
15255,xy5-82,Reverse Holofoil
15261,pl3-88,Reverse Holofoil
15262,sv6pt5-28,Reverse Holofoil
15265,hgss4-83,Reverse Holofoil
15266,dp6-7,Reverse Holofoil
15271,ex8-86,Reverse Holofoil
15272,sv4-52,Reverse Holofoil
15273,bw7-126,Reverse Holofoil
15274,pl2-101,Reverse Holofoil
15276,sv3pt5-99,Reverse Holofoil
15278,pl3-49,Reverse Holofoil
15280,swsh7-26,Reverse Holofoil
15282,sv8-127,Reverse Holofoil
15283,xy9-68,Reverse Holofoil
15284,sm9-22,Reverse Holofoil
15290,dp5-37,Reverse Holofoil
15293,sm5-126,Reverse Holofoil
15297,sv4-32,Reverse Holofoil
15298,swsh12-78,Reverse Holofoil
15299,swsh4-116,Reverse Holofoil
15301,sv4pt5-27,Reverse Holofoil
15304,ex16-87,Reverse Holofoil
15309,sv7-68,Reverse Holofoil
15314,sv1-15,Reverse Holofoil
15315,sv9-119,Reverse Holofoil
15318,sv7-83,Reverse Holofoil
15323,swsh9-51,Reverse Holofoil
15326,sm10-173,Reverse Holofoil
15335,xy9-39,Reverse Holofoil
15338,rsv10pt5-40,Reverse Holofoil
15340,bw7-58,Reverse Holofoil
15343,bw8-28,Reverse Holofoil
15344,sv8-114,Reverse Holofoil
15347,swsh12pt5-16,Reverse Holofoil
15348,xy4-17,Reverse Holofoil
15350,dp2-11,Reverse Holofoil
15356,ecard3-60,Reverse Holofoil
15359,pgo-29,Reverse Holofoil
15360,sv1-121,Reverse Holofoil
15364,sv2-97,Reverse Holofoil
15370,sm5-115,Reverse Holofoil
15371,bw5-44,Reverse Holofoil
15373,xy6-52,Reverse Holofoil
15375,me1-109,Reverse Holofoil
15377,xy4-51,Reverse Holofoil
15378,sm11-41,Reverse Holofoil
15379,swsh1-117,Reverse Holofoil
15382,sm5-112,Reverse Holofoil
15383,ex2-29,Reverse Holofoil
15387,sv5-118,Reverse Holofoil
15388,g1-23,Reverse Holofoil
15390,sm3-49,Reverse Holofoil
15395,ex12-51,Reverse Holofoil
15396,sv7-115,Reverse Holofoil
15398,ex2-58,Reverse Holofoil
15406,bw8-5,Reverse Holofoil
15408,ex11-52,Reverse Holofoil
15413,sv9-61,Reverse Holofoil
15414,sm35-33,Reverse Holofoil
15418,dp2-67,Reverse Holofoil
15421,ecard3-90,Reverse Holofoil
15422,sv8-43,Reverse Holofoil
15423,xy10-47,Reverse Holofoil
15424,ex5-35,Reverse Holofoil
15425,xy11-95,Reverse Holofoil
15427,ex8-83,Reverse Holofoil
15435,ex1-59,Reverse Holofoil
15436,sv4pt5-63,Reverse Holofoil
15439,dp1-11,Reverse Holofoil
15444,col1-4,Reverse Holofoil
15445,sm12-206,Reverse Holofoil
15446,ex1-21,Reverse Holofoil
15448,ex11-74,Reverse Holofoil
15449,xy8-48,Reverse Holofoil
15451,sv4-14,Reverse Holofoil
15452,ecard1-66,Reverse Holofoil
15458,sv1-144,Reverse Holofoil
15460,sm12-102,Reverse Holofoil
15469,ex14-70,Reverse Holofoil
15472,bw10-2,Reverse Holofoil
15473,swsh10-120,Reverse Holofoil
15475,bw11-113,Reverse Holofoil
15476,ecard3-30,Reverse Holofoil
15477,ex6-58,Reverse Holofoil
15480,swsh10-131,Reverse Holofoil
15483,sv10-180,Reverse Holofoil
15484,swsh5-70,Reverse Holofoil
15487,ecard3-40,Reverse Holofoil
15488,ecard2-9,Reverse Holofoil
15491,ecard2-136,Reverse Holofoil
15495,sv10-32,Reverse Holofoil
15497,ecard2-137,Reverse Holofoil
15498,bw10-90,Reverse Holofoil
15500,sv8pt5-18,Reverse Holofoil
15510,ex1-45,Reverse Holofoil
15517,xy8-80,Reverse Holofoil
15518,swsh8-155,Reverse Holofoil
15519,sm11-123,Reverse Holofoil
15520,bw6-51,Reverse Holofoil
15521,dp7-78,Reverse Holofoil
15522,bw11-51,Reverse Holofoil
15524,swsh4-77,Reverse Holofoil
15525,swsh45-42,Reverse Holofoil
15530,dp2-14,Reverse Holofoil
15542,swsh9-73,Reverse Holofoil
15544,hgss1-47,Reverse Holofoil
15546,sv10-118,Reverse Holofoil
15547,ex4-60,Reverse Holofoil
15549,sv1-56,Reverse Holofoil
15556,sv4-106,Reverse Holofoil
15557,sm2-49,Reverse Holofoil
15561,ex5-89,Reverse Holofoil
15563,sv8-168,Reverse Holofoil
15565,swsh12-54,Reverse Holofoil
15566,xy10-27,Reverse Holofoil
15567,bw11-63,Reverse Holofoil
15571,swsh2-9,Reverse Holofoil
15572,pl1-37,Reverse Holofoil
15576,sv2-89,Reverse Holofoil
15578,sv10-45,Reverse Holofoil
15580,sv1-195,Reverse Holofoil
15584,hgss2-10,Reverse Holofoil
15587,sv4pt5-28,Reverse Holofoil
15588,swsh2-129,Reverse Holofoil
15590,dc1-32,Reverse Holofoil
15595,sm1-59,Reverse Holofoil
15596,sv5-27,Reverse Holofoil
15598,hgss2-35,Reverse Holofoil
15602,dc1-8,Reverse Holofoil
15604,ex11-49,Reverse Holofoil
15605,bw10-14,Reverse Holofoil
15609,ex2-76,Reverse Holofoil
15613,pl1-57,Reverse Holofoil
15615,sm35-52,Reverse Holofoil
15617,swsh8-141,Reverse Holofoil
15618,swsh6-157,Reverse Holofoil
15619,swsh9-33,Reverse Holofoil
15622,swsh10-100,Reverse Holofoil
15623,ecard1-125,Reverse Holofoil
15632,xy8-57,Reverse Holofoil
15634,sv10-99,Reverse Holofoil
15635,g1-42,Reverse Holofoil
15637,ex7-55,Reverse Holofoil
15638,bw6-24,Reverse Holofoil
15639,zsv10pt5-77,Reverse Holofoil
15641,swsh10-31,Reverse Holofoil
15649,xy1-42,Reverse Holofoil
15651,sm11-7,Reverse Holofoil
15658,sm75-2,Reverse Holofoil
15659,sv7-123,Reverse Holofoil
15660,swsh2-15,Reverse Holofoil
15663,sv9-39,Reverse Holofoil
15664,sv6pt5-9,Reverse Holofoil
15667,bw5-41,Reverse Holofoil
15670,ex4-87,Reverse Holofoil
15672,swsh6-39,Reverse Holofoil
15673,sm10-85,Reverse Holofoil
15675,swsh4-107,Reverse Holofoil
15676,xy1-88,Reverse Holofoil
15678,dp6-12,Reverse Holofoil
15680,sv10-177,Reverse Holofoil
15683,xy11-70,Reverse Holofoil
15684,sv4-10,Reverse Holofoil
15688,dp3-4,Reverse Holofoil
15691,bw10-61,Reverse Holofoil
15692,bw11-71,Reverse Holofoil
15697,pl2-45,Reverse Holofoil
15701,swsh8-74,Reverse Holofoil
15704,sv10-78,Reverse Holofoil
15705,sv9-57,Reverse Holofoil
15709,sv3-59,Reverse Holofoil
15711,sv3-170,Reverse Holofoil
15713,bw2-74,Reverse Holofoil
15714,me2-71,Reverse Holofoil
15716,swsh12-86,Reverse Holofoil
15729,ex3-67,Reverse Holofoil
15734,sm2-26,Reverse Holofoil
15740,ex13-90,Reverse Holofoil
15742,dp3-65,Reverse Holofoil
15743,bw7-15,Reverse Holofoil
15750,ex16-36,Reverse Holofoil
15754,me2-11,Reverse Holofoil
15758,swsh3-86,Reverse Holofoil
15759,bw1-10,Reverse Holofoil
15764,xy3-77,Reverse Holofoil
15766,sv4pt5-31,Reverse Holofoil
15767,xy11-61,Reverse Holofoil
15770,swsh9-78,Reverse Holofoil
15771,dp5-58,Reverse Holofoil
15772,xy5-4,Reverse Holofoil
15773,swsh12-2,Reverse Holofoil
15774,ecard1-100,Reverse Holofoil
15779,sv1-28,Reverse Holofoil
15780,ex15-65,Reverse Holofoil
15781,sv5-41,Reverse Holofoil
15782,sm3-123,Reverse Holofoil
15785,sv8pt5-99,Reverse Holofoil
15789,sv2-42,Reverse Holofoil
15790,xy10-107,Reverse Holofoil
15792,swsh1-57,Reverse Holofoil
15793,sv8pt5-63,Reverse Holofoil
15794,swsh7-125,Reverse Holofoil
15798,bw8-21,Reverse Holofoil
15805,dp5-92,Reverse Holofoil
15806,ex7-88,Reverse Holofoil
15812,ex11-8,Reverse Holofoil
15813,sm35-7,Reverse Holofoil
15819,swsh6-83,Reverse Holofoil
15821,sm6-3,Reverse Holofoil
15824,me1-53,Reverse Holofoil
15829,sm3-37,Reverse Holofoil
15830,dp6-79,Reverse Holofoil
15833,swsh10-57,Reverse Holofoil
15834,bw8-15,Reverse Holofoil
15835,me1-23,Reverse Holofoil
15836,bw7-93,Reverse Holofoil
15842,sv8-146,Reverse Holofoil
15845,sm1-99,Reverse Holofoil
15851,sv4-175,Reverse Holofoil
15854,xy11-47,Reverse Holofoil
15857,pl3-22,Reverse Holofoil
15859,dp3-69,Reverse Holofoil
15861,swsh5-48,Reverse Holofoil
15863,base6-40,Reverse Holofoil
15865,ex6-71,Reverse Holofoil
15866,bw2-37,Reverse Holofoil
15870,pl2-53,Reverse Holofoil
15872,swsh8-169,Reverse Holofoil
15874,ex8-69,Reverse Holofoil
15876,swsh3-49,Reverse Holofoil
15879,ex12-52,Reverse Holofoil
15881,bw2-35,Reverse Holofoil
15884,ecard1-79,Reverse Holofoil
15885,base6-46,Reverse Holofoil
15886,ex4-79,Reverse Holofoil
15887,sv1-184,Reverse Holofoil
15892,xy3-30,Reverse Holofoil
15894,bw6-79,Reverse Holofoil
15896,sv1-166,Reverse Holofoil
15903,sv9-87,Reverse Holofoil
15911,zsv10pt5-45,Reverse Holofoil
15919,bw3-73,Reverse Holofoil
15923,sm12-84,Reverse Holofoil
15930,pl1-74,Reverse Holofoil
15931,sv7-96,Reverse Holofoil
15937,g1-54,Reverse Holofoil
15938,xy9-13,Reverse Holofoil
15943,dp3-33,Reverse Holofoil
15944,ex5-88,Reverse Holofoil
15949,sv10-120,Reverse Holofoil
15950,sv1-91,Reverse Holofoil
15952,dp3-80,Reverse Holofoil
15953,bw4-79,Reverse Holofoil
15955,bw2-82,Reverse Holofoil
15963,sv4-62,Reverse Holofoil
15964,xy1-24,Reverse Holofoil
15968,ex2-13,Reverse Holofoil
15972,sv9-67,Reverse Holofoil
15974,xy10-28,Reverse Holofoil
15977,swsh6-65,Reverse Holofoil
15978,sm3-16,Reverse Holofoil
15979,ex9-78,Reverse Holofoil
15981,ecard2-90,Reverse Holofoil
15982,xy6-49,Reverse Holofoil
15983,zsv10pt5-71,Reverse Holofoil
15986,dp6-20,Reverse Holofoil
15988,swsh12pt5-68,Reverse Holofoil
15989,ex11-26,Reverse Holofoil
15990,pl3-92,Reverse Holofoil
15991,dp4-67,Reverse Holofoil
15992,swsh5-14,Reverse Holofoil
15998,bw5-91,Reverse Holofoil
16001,ex6-66,Reverse Holofoil
16002,sm10-89,Reverse Holofoil
16004,ex3-42,Reverse Holofoil
16006,ecard1-68,Reverse Holofoil
16007,sv1-162,Reverse Holofoil
16011,dp3-129,Reverse Holofoil
16017,dp4-74,Reverse Holofoil
16019,sv1-73,Reverse Holofoil
16021,bw3-21,Reverse Holofoil
16023,g1-62,Reverse Holofoil
16024,swsh8-54,Reverse Holofoil
16041,xy12-74,Reverse Holofoil
16042,ex12-64,Reverse Holofoil
16049,swsh2-95,Reverse Holofoil
16050,xy4-53,Reverse Holofoil
16051,bw7-30,Reverse Holofoil
16052,bw3-76,Reverse Holofoil
16053,ecard1-70,Reverse Holofoil
16054,ex5-85,Reverse Holofoil
16055,sm2-84,Reverse Holofoil
16056,dp3-39,Reverse Holofoil
16058,hgss1-30,Reverse Holofoil
16059,swsh8-212,Reverse Holofoil
16063,bw1-97,Reverse Holofoil
16066,sv10-27,Reverse Holofoil
16072,swsh3-93,Reverse Holofoil
16076,sv5-3,Reverse Holofoil
16083,hgss3-61,Reverse Holofoil
16092,sm1-58,Reverse Holofoil
16093,ex4-69,Reverse Holofoil
16101,xy7-61,Reverse Holofoil
16103,col1-26,Reverse Holofoil
16109,xy5-119,Reverse Holofoil
16111,sv8-125,Reverse Holofoil
16113,swsh5-99,Reverse Holofoil
16114,ecard1-104,Reverse Holofoil
16115,sv3pt5-33,Reverse Holofoil
16118,swsh2-61,Reverse Holofoil
16120,bw10-24,Reverse Holofoil
16123,pl4-7,Reverse Holofoil
16127,swsh3-90,Reverse Holofoil
16131,xy11-96,Reverse Holofoil
16136,me2-44,Reverse Holofoil
16137,ex4-6,Reverse Holofoil
16141,swsh12-146,Reverse Holofoil
16145,sv5-149,Reverse Holofoil
16146,sv9-52,Reverse Holofoil
16151,ex11-63,Reverse Holofoil
16153,sm8-13,Reverse Holofoil
16160,ex13-91,Reverse Holofoil
16164,sm6-2,Reverse Holofoil
16165,xy1-65,Reverse Holofoil
16167,ex13-78,Reverse Holofoil
16168,sv10-14,Reverse Holofoil
16169,sv7-102,Reverse Holofoil
16173,dp6-64,Reverse Holofoil
16179,sv10-178,Reverse Holofoil
16180,dp2-109,Reverse Holofoil
16181,swsh12-126,Reverse Holofoil
16187,xy12-96,Reverse Holofoil
16194,me1-65,Reverse Holofoil
16199,dp6-35,Reverse Holofoil
16200,bw4-2,Reverse Holofoil
16205,sv3pt5-7,Reverse Holofoil
16207,me1-49,Reverse Holofoil
16209,dp5-56,Reverse Holofoil
16211,sv8pt5-15,Reverse Holofoil
16214,sv6-67,Reverse Holofoil
16220,sv4pt5-14,Reverse Holofoil
16223,hgss3-25,Reverse Holofoil
16225,hgss3-22,Reverse Holofoil
16230,sv3-109,Reverse Holofoil
16235,sv2-91,Reverse Holofoil
16242,hgss4-17,Reverse Holofoil
16244,rsv10pt5-12,Reverse Holofoil
16245,sv10-41,Reverse Holofoil
16247,ecard3-19,Reverse Holofoil
16249,swsh7-129,Reverse Holofoil
16251,ex3-4,Reverse Holofoil
16253,dp5-12,Reverse Holofoil
16256,xy1-28,Reverse Holofoil
16258,bw6-113,Reverse Holofoil
16262,xy8-40,Reverse Holofoil
16263,sv6-122,Reverse Holofoil
16266,pl3-13,Reverse Holofoil
16268,bw6-18,Reverse Holofoil
16271,sm3-110,Reverse Holofoil
16273,sv6pt5-22,Reverse Holofoil
16285,xy12-9,Reverse Holofoil
16287,hgss4-4,Reverse Holofoil
16290,bw8-59,Reverse Holofoil
16300,sv3-131,Reverse Holofoil
16303,ecard3-79,Reverse Holofoil
16307,sm11-51,Reverse Holofoil
16308,sm10-36,Reverse Holofoil
16312,bw2-30,Reverse Holofoil
16313,me2-67,Reverse Holofoil
16314,swsh8-167,Reverse Holofoil
16319,sm11-76,Reverse Holofoil
16320,sm2-108,Reverse Holofoil
16321,ex10-56,Reverse Holofoil
16322,sm75-12,Reverse Holofoil
16324,swsh2-48,Reverse Holofoil
16325,swsh4-19,Reverse Holofoil
16327,swsh12pt5-128,Reverse Holofoil
16330,sv10-12,Reverse Holofoil
16333,sv1-66,Reverse Holofoil
16335,sm11-5,Reverse Holofoil
16336,swsh5-33,Reverse Holofoil
16338,ex7-63,Reverse Holofoil
16340,sm9-72,Reverse Holofoil
16341,swsh12pt5-107,Reverse Holofoil
16342,sm8-187,Reverse Holofoil
16345,xy2-59,Reverse Holofoil
16346,sm10-22,Reverse Holofoil
16349,ex6-49,Reverse Holofoil
16353,sv9-145,Reverse Holofoil
16354,pl4-87,Reverse Holofoil
16355,swsh6-128,Reverse Holofoil
16356,ex2-91,Reverse Holofoil
16362,bw6-27,Reverse Holofoil
16365,sm6-58,Reverse Holofoil
16366,swsh4-11,Reverse Holofoil
16368,swsh8-148,Reverse Holofoil
16371,g1-80,Reverse Holofoil
16372,sm9-66,Reverse Holofoil
16375,swsh1-100,Reverse Holofoil
16383,swsh8-123,Reverse Holofoil
16385,sv8pt5-4,Reverse Holofoil
16386,xy6-15,Reverse Holofoil
16390,xy6-51,Reverse Holofoil
16392,ex8-39,Reverse Holofoil
16396,swsh12-80,Reverse Holofoil
16403,sm4-56,Reverse Holofoil
16405,pl1-110,Reverse Holofoil
16406,dp5-64,Reverse Holofoil
16409,swsh7-164,Reverse Holofoil
16410,sm75-28,Reverse Holofoil
16412,swsh8-111,Reverse Holofoil
16414,xy4-75,Reverse Holofoil
16417,zsv10pt5-50,Reverse Holofoil
16418,sm4-22,Reverse Holofoil
16419,xy8-95,Reverse Holofoil
16422,bw11-43,Reverse Holofoil
16423,sm11-15,Reverse Holofoil
16425,sv6pt5-54,Reverse Holofoil
16426,me1-11,Reverse Holofoil
16432,sv3pt5-83,Reverse Holofoil
16433,swsh8-67,Reverse Holofoil
16435,swsh1-15,Reverse Holofoil
16436,sv1-63,Reverse Holofoil
16438,sv10-110,Reverse Holofoil
16444,sv9-128,Reverse Holofoil
16447,xy4-42,Reverse Holofoil
16449,me2-21,Reverse Holofoil
16451,me2-91,Reverse Holofoil
16454,sm75-22,Reverse Holofoil
16459,swsh10-96,Reverse Holofoil
16461,pl2-44,Reverse Holofoil
16463,base6-106,Reverse Holofoil
16464,sm4-55,Reverse Holofoil
16465,sv6-120,Reverse Holofoil
16471,hgss1-53,Reverse Holofoil
16474,sv2-75,Reverse Holofoil
16475,ex12-25,Reverse Holofoil
16476,ex2-72,Reverse Holofoil
16477,swsh1-134,Reverse Holofoil
16478,swsh12-115,Reverse Holofoil
16480,bw5-93,Reverse Holofoil
16481,me2-47,Reverse Holofoil
16484,dp3-54,Reverse Holofoil
16492,base6-11,Reverse Holofoil
16495,pl4-23,Reverse Holofoil
16498,rsv10pt5-2,Reverse Holofoil
16500,swsh10-157,Reverse Holofoil
16501,sm7-110,Reverse Holofoil
16505,swsh8-243,Reverse Holofoil
16507,xy7-18,Reverse Holofoil
16510,sm3-52,Reverse Holofoil
16512,swsh8-168,Reverse Holofoil
16513,me2-57,Reverse Holofoil
16514,me1-78,Reverse Holofoil
16515,dp4-48,Reverse Holofoil
16522,xy2-76,Reverse Holofoil
16523,ex13-10,Reverse Holofoil
16525,ex9-14,Reverse Holofoil
16527,ex3-45,Reverse Holofoil
16528,xy6-53,Reverse Holofoil
16531,sm4-81,Reverse Holofoil
16533,base6-107,Reverse Holofoil
16535,sv9-150,Reverse Holofoil
16536,sv5-44,Reverse Holofoil
16538,ex3-55,Reverse Holofoil
16540,ex12-67,Reverse Holofoil
16544,swsh8-229,Reverse Holofoil
16547,rsv10pt5-54,Reverse Holofoil
16550,xy4-79,Reverse Holofoil
16552,xy3-52,Reverse Holofoil
16556,xy1-61,Reverse Holofoil
16558,sv2-23,Reverse Holofoil
16563,bw6-53,Reverse Holofoil
16564,zsv10pt5-78,Reverse Holofoil
16565,xy4-43,Reverse Holofoil
16566,ecard2-51,Reverse Holofoil
16569,sv1-141,Reverse Holofoil
16570,ex15-27,Reverse Holofoil
16571,dp1-22,Reverse Holofoil
16574,xy9-108,Reverse Holofoil
16576,ex10-28,Reverse Holofoil
16580,bw9-60,Reverse Holofoil
16582,bw2-5,Reverse Holofoil
16583,sm7-93,Reverse Holofoil
16587,sm1-112,Reverse Holofoil
16588,bw1-65,Reverse Holofoil
16591,sv1-118,Reverse Holofoil
16592,swsh45-60,Reverse Holofoil
16593,pl1-76,Reverse Holofoil
16595,zsv10pt5-47,Reverse Holofoil
16603,swsh4-79,Reverse Holofoil
16609,ex2-23,Reverse Holofoil
16612,ex2-88,Reverse Holofoil
16614,sv1-171,Reverse Holofoil
16618,sv4-134,Reverse Holofoil
16621,sm5-3,Reverse Holofoil
16626,xy7-1,Reverse Holofoil
16632,xy3-96,Reverse Holofoil
16635,xy11-86,Reverse Holofoil
16636,bw11-13,Reverse Holofoil
16637,sv9-8,Reverse Holofoil
16639,sm7-94,Reverse Holofoil
16640,pl3-15,Reverse Holofoil
16642,hgss1-63,Reverse Holofoil
16645,dp1-10,Reverse Holofoil
16647,sv8-55,Reverse Holofoil
16648,swsh2-11,Reverse Holofoil
16651,hgss2-48,Reverse Holofoil
16652,swsh4-78,Reverse Holofoil
16657,sv4-16,Reverse Holofoil
16660,sm35-61,Reverse Holofoil
16665,sm8-26,Reverse Holofoil
16666,ex8-54,Reverse Holofoil
16669,sm10-56,Reverse Holofoil
16671,sv3-166,Reverse Holofoil
16672,sm12-80,Reverse Holofoil
16673,bw7-17,Reverse Holofoil
16676,sm11-198,Reverse Holofoil
16682,pl1-79,Reverse Holofoil
16687,sm6-53,Reverse Holofoil
16688,sv8pt5-115,Reverse Holofoil
16691,ex11-73,Reverse Holofoil
16692,sv9-126,Reverse Holofoil
16693,bw4-62,Reverse Holofoil
16696,swsh5-74,Reverse Holofoil
16698,swsh6-41,Reverse Holofoil
16699,bw1-4,Reverse Holofoil
16700,ecard3-49,Reverse Holofoil
16701,sv9-73,Reverse Holofoil
16702,sm7-1,Reverse Holofoil
16707,bw6-3,Reverse Holofoil
16708,sm12-190,Reverse Holofoil
16709,sv5-36,Reverse Holofoil
16712,hgss3-23,Reverse Holofoil
16715,ex3-63,Reverse Holofoil
16716,pl2-50,Reverse Holofoil
16717,swsh6-95,Reverse Holofoil
16718,hgss4-43,Reverse Holofoil
16721,me1-130,Reverse Holofoil
16725,sm11-91,Reverse Holofoil
16730,sv4-151,Reverse Holofoil
16734,swsh12-40,Reverse Holofoil
16737,pl3-109,Reverse Holofoil
16738,ex2-15,Reverse Holofoil
16740,dp4-86,Reverse Holofoil
16746,ex10-54,Reverse Holofoil
16749,sm1-133,Reverse Holofoil
16750,ex10-41,Reverse Holofoil
16752,sv9-81,Reverse Holofoil
16753,sv1-134,Reverse Holofoil
16757,ex2-34,Reverse Holofoil
16758,xy2-57,Reverse Holofoil
16762,bw10-28,Reverse Holofoil
16766,bw5-86,Reverse Holofoil
16768,bw7-69,Reverse Holofoil
16769,xy8-20,Reverse Holofoil
16774,swsh12-74,Reverse Holofoil
16783,swsh6-64,Reverse Holofoil
16785,dp3-100,Reverse Holofoil
16788,sm5-83,Reverse Holofoil
16789,sm9-61,Reverse Holofoil
16795,swsh8-46,Reverse Holofoil
16797,sm115-5,Reverse Holofoil
16802,bw1-109,Reverse Holofoil
16803,dp2-110,Reverse Holofoil
16806,dc1-13,Reverse Holofoil
16809,bw2-1,Reverse Holofoil
16812,ex8-55,Reverse Holofoil
16814,swsh12-104,Reverse Holofoil
16818,pgo-13,Reverse Holofoil
16821,swsh7-61,Reverse Holofoil
16823,sv3-169,Reverse Holofoil
16826,ex3-81,Reverse Holofoil
16827,xy12-17,Reverse Holofoil
16829,swsh12pt5-52,Reverse Holofoil
16830,ex11-50,Reverse Holofoil
16835,sv4pt5-89,Reverse Holofoil
16836,sv3-92,Reverse Holofoil
16840,sm8-80,Reverse Holofoil
16848,ex11-4,Reverse Holofoil
16856,sm5-19,Reverse Holofoil
16857,sm11-208,Reverse Holofoil
16860,ex10-18,Reverse Holofoil
16863,sm11-151,Reverse Holofoil
16864,swsh7-15,Reverse Holofoil
16865,sm75-43,Reverse Holofoil
16869,swsh12-56,Reverse Holofoil
16870,sv3pt5-92,Reverse Holofoil
16874,ecard3-31,Reverse Holofoil
16876,bw11-4,Reverse Holofoil
16877,ex5-44,Reverse Holofoil
16879,sm8-8,Reverse Holofoil
16883,hgss4-76,Reverse Holofoil
16885,dp3-1,Reverse Holofoil
16886,ex10-37,Reverse Holofoil
16888,pl4-71,Reverse Holofoil
16890,sv3pt5-130,Reverse Holofoil
16892,sv9-48,Reverse Holofoil
16893,sv6-7,Reverse Holofoil
16894,sm12-57,Reverse Holofoil
16896,swsh5-78,Reverse Holofoil
16903,xy7-24,Reverse Holofoil
16911,ex9-48,Reverse Holofoil
16915,sm9-6,Reverse Holofoil
16917,zsv10pt5-19,Reverse Holofoil
16922,sv1-4,Reverse Holofoil
16929,pl1-53,Reverse Holofoil
16930,bw8-64,Reverse Holofoil
16934,bw4-41,Reverse Holofoil
16937,bw11-61,Reverse Holofoil
16940,ex13-36,Reverse Holofoil
16942,sv8pt5-94,Reverse Holofoil
16947,pl3-66,Reverse Holofoil
16952,me1-96,Reverse Holofoil
16954,swsh12pt5-118,Reverse Holofoil
16960,xy4-87,Reverse Holofoil
16961,xy6-37,Reverse Holofoil
16971,xy3-47,Reverse Holofoil
16973,sv8pt5-20,Reverse Holofoil
16974,swsh9-151,Reverse Holofoil
16979,sv4-82,Reverse Holofoil
16980,dp5-15,Reverse Holofoil
16981,sv3-40,Reverse Holofoil
16982,sv10-40,Reverse Holofoil
16983,swsh3-88,Reverse Holofoil
16988,dp4-36,Reverse Holofoil
16989,xy10-15,Reverse Holofoil
16991,sv4pt5-47,Reverse Holofoil
16994,pl1-61,Reverse Holofoil
16995,sm115-23,Reverse Holofoil
16997,sm10-189,Reverse Holofoil
16998,xy8-105,Reverse Holofoil
17002,me1-38,Reverse Holofoil
17004,swsh10-90,Reverse Holofoil
17005,pl3-79,Reverse Holofoil
17008,sv8-171,Reverse Holofoil
17010,dp1-5,Reverse Holofoil
17011,swsh10-9,Reverse Holofoil
17012,sm12-112,Reverse Holofoil
17013,ex9-45,Reverse Holofoil
17017,dp7-45,Reverse Holofoil
17019,ex6-17,Reverse Holofoil
17024,swsh8-71,Reverse Holofoil
17027,sv5-160,Reverse Holofoil
17030,sm4-14,Reverse Holofoil
17034,sv1-62,Reverse Holofoil
17039,swsh7-149,Reverse Holofoil
17042,sm1-40,Reverse Holofoil
17043,xy11-88,Reverse Holofoil
17045,pl3-116,Reverse Holofoil
17046,sm5-20,Reverse Holofoil
17048,dp1-92,Reverse Holofoil
17051,xy11-62,Reverse Holofoil
17055,swsh9-70,Reverse Holofoil
17057,sm8-54,Reverse Holofoil
17058,xy9-4,Reverse Holofoil
17059,hgss3-77,Reverse Holofoil
17062,zsv10pt5-24,Reverse Holofoil
17063,sv10-170,Reverse Holofoil
17064,swsh5-133,Reverse Holofoil
17065,dp3-124,Reverse Holofoil
17069,sv2-112,Reverse Holofoil
17075,ecard2-14,Reverse Holofoil
17077,sv8-66,Reverse Holofoil
17086,sm10-66,Reverse Holofoil
17088,sm2-2,Reverse Holofoil
17089,hgss4-65,Reverse Holofoil
17098,g1-47,Reverse Holofoil
17099,hgss2-9,Reverse Holofoil
17102,ex12-58,Reverse Holofoil
17103,xy8-36,Reverse Holofoil
17108,swsh12-106,Reverse Holofoil
17109,swsh8-166,Reverse Holofoil
17110,sm6-103,Reverse Holofoil
17114,dp7-SH1,Reverse Holofoil
17116,sv6-145,Reverse Holofoil
17120,dp3-84,Reverse Holofoil
17128,me1-40,Reverse Holofoil
17129,sv10-88,Reverse Holofoil
17133,sv8pt5-126,Reverse Holofoil
17134,bw7-118,Reverse Holofoil
17135,dp4-25,Reverse Holofoil
17137,swsh2-52,Reverse Holofoil
17138,ex16-81,Reverse Holofoil
17140,ex2-30,Reverse Holofoil
17144,sv5-68,Reverse Holofoil
17145,sv7-2,Reverse Holofoil
17152,bw5-34,Reverse Holofoil
17154,ecard1-3,Reverse Holofoil
17155,swsh5-71,Reverse Holofoil
17156,swsh12-94,Reverse Holofoil
17157,hgss3-14,Reverse Holofoil
17159,swsh35-26,Reverse Holofoil
17160,sv4pt5-50,Reverse Holofoil
17161,pl1-81,Reverse Holofoil
17163,me1-106,Reverse Holofoil
17168,xy8-42,Reverse Holofoil
17170,sv1-17,Reverse Holofoil
17175,swsh6-159,Reverse Holofoil
17177,rsv10pt5-41,Reverse Holofoil
17178,dp6-53,Reverse Holofoil
17179,sm12-209,Reverse Holofoil
17182,sv6-57,Reverse Holofoil
17184,ex11-39,Reverse Holofoil
17187,swsh12pt5-94,Reverse Holofoil
17190,pl4-13,Reverse Holofoil
17194,me1-14,Reverse Holofoil
17195,ex15-57,Reverse Holofoil
17196,ex4-57,Reverse Holofoil
17201,bw9-80,Reverse Holofoil
17202,swsh8-219,Reverse Holofoil
17208,ex8-50,Reverse Holofoil
17209,rsv10pt5-64,Reverse Holofoil
17210,sv4-150,Reverse Holofoil
17211,swsh45-22,Reverse Holofoil
17214,swsh4-75,Reverse Holofoil
17219,bw2-7,Reverse Holofoil
17221,sv4-172,Reverse Holofoil
17224,swsh7-71,Reverse Holofoil
17225,sv1-46,Reverse Holofoil
17227,swsh8-58,Reverse Holofoil
17228,sm115-37,Reverse Holofoil
17230,swsh1-99,Reverse Holofoil
17233,bw2-59,Reverse Holofoil
17234,swsh3-5,Reverse Holofoil
17235,bw9-34,Reverse Holofoil
17239,swsh1-110,Reverse Holofoil
17241,bw1-21,Reverse Holofoil
17243,xy10-76,Reverse Holofoil
17244,swsh6-84,Reverse Holofoil
17246,swsh3-6,Reverse Holofoil
17247,sv1-9,Reverse Holofoil
17252,dp7-30,Reverse Holofoil
17255,ex13-79,Reverse Holofoil
17256,xy7-41,Reverse Holofoil
17257,sm5-56,Reverse Holofoil
17258,sv3-83,Reverse Holofoil
17263,sv10-60,Reverse Holofoil
17265,pl1-70,Reverse Holofoil
17268,sv1-148,Reverse Holofoil
17270,sm6-80,Reverse Holofoil
17271,xy9-3,Reverse Holofoil
17275,swsh2-87,Reverse Holofoil
17280,ecard1-152,Reverse Holofoil
17283,xy6-44,Reverse Holofoil
17287,swsh7-114,Reverse Holofoil
17290,swsh3-31,Reverse Holofoil
17297,dp2-108,Reverse Holofoil
17298,dc1-7,Reverse Holofoil
17301,xy5-140,Reverse Holofoil
17314,sv8-181,Reverse Holofoil
17316,ex6-74,Reverse Holofoil
17317,dp6-13,Reverse Holofoil
17325,dp2-86,Reverse Holofoil
17330,ex10-16,Reverse Holofoil
17335,bw10-26,Reverse Holofoil
17337,swsh12pt5-90,Reverse Holofoil
17338,sm10-40,Reverse Holofoil
17339,swsh12-45,Reverse Holofoil
17340,swsh45-3,Reverse Holofoil
17346,sm5-97,Reverse Holofoil
17352,swsh6-129,Reverse Holofoil
17353,g1-57,Reverse Holofoil
17358,pl3-37,Reverse Holofoil
17361,swsh12pt5-3,Reverse Holofoil
17363,xy3-6,Reverse Holofoil
17369,pl4-85,Reverse Holofoil
17372,hgss4-61,Reverse Holofoil
17375,swsh9-81,Reverse Holofoil
17377,swsh45-30,Reverse Holofoil
17378,me1-83,Reverse Holofoil
17384,sv7-36,Reverse Holofoil
17385,pgo-21,Reverse Holofoil
17388,xy7-79,Reverse Holofoil
17389,sm11-6,Reverse Holofoil
17393,sm12-18,Reverse Holofoil
17399,sm8-20,Reverse Holofoil
17401,me2-30,Reverse Holofoil
17402,xy12-38,Reverse Holofoil
17408,me1-51,Reverse Holofoil
17409,swsh1-55,Reverse Holofoil
17410,sv8-94,Reverse Holofoil
17411,swsh6-150,Reverse Holofoil
17412,xy3-72,Reverse Holofoil
17416,swsh2-130,Reverse Holofoil
17418,bw11-42,Reverse Holofoil
17420,xy5-49,Reverse Holofoil
17421,xy2-62,Reverse Holofoil
17428,swsh1-14,Reverse Holofoil
17430,swsh35-53,Reverse Holofoil
17431,pl4-64,Reverse Holofoil
17436,bw10-88,Reverse Holofoil
17443,sv10-62,Reverse Holofoil
17445,me1-103,Reverse Holofoil
17447,bw4-42,Reverse Holofoil
17450,ex14-40,Reverse Holofoil
17455,swsh6-56,Reverse Holofoil
17456,bw7-102,Reverse Holofoil
17457,base6-64,Reverse Holofoil
17459,sv3-188,Reverse Holofoil
17460,bw8-41,Reverse Holofoil
17462,swsh12-26,Reverse Holofoil
17467,sm10-23,Reverse Holofoil
17468,swsh7-1,Reverse Holofoil
17471,ex8-1,Reverse Holofoil
17475,bw9-25,Reverse Holofoil
17476,sv7-15,Reverse Holofoil
17481,sv8-145,Reverse Holofoil
17484,xy3-83,Reverse Holofoil
17489,sv10-13,Reverse Holofoil
17490,sv3pt5-119,Reverse Holofoil
17491,swsh5-115,Reverse Holofoil
17492,xy1-84,Reverse Holofoil
17496,sv1-126,Reverse Holofoil
17498,sm35-16,Reverse Holofoil
17501,sm11-49,Reverse Holofoil
17502,me1-27,Reverse Holofoil
17505,sm7-125,Reverse Holofoil
17510,xy5-50,Reverse Holofoil
17511,ecard3-57,Reverse Holofoil
17512,bw2-85,Reverse Holofoil
17514,xy5-67,Reverse Holofoil
17515,ex13-28,Reverse Holofoil
17516,dp3-105,Reverse Holofoil
17520,swsh1-63,Reverse Holofoil
17524,bw7-57,Reverse Holofoil
17525,sv1-82,Reverse Holofoil
17526,ecard2-134,Reverse Holofoil
17532,swsh7-36,Reverse Holofoil
17535,pl1-44,Reverse Holofoil
17536,swsh3-126,Reverse Holofoil
17537,sv6-20,Reverse Holofoil
17539,sv9-93,Reverse Holofoil
17544,swsh10-28,Reverse Holofoil
17546,swsh7-19,Reverse Holofoil
17549,xy12-39,Reverse Holofoil
17551,sv3pt5-137,Reverse Holofoil
17552,swsh7-50,Reverse Holofoil
17559,dp3-91,Reverse Holofoil
17560,dp6-38,Reverse Holofoil
17561,pl1-36,Reverse Holofoil
17563,sv5-100,Reverse Holofoil
17565,sm75-15,Reverse Holofoil
17568,bw9-101,Reverse Holofoil
17573,ex13-57,Reverse Holofoil
17575,sv7-23,Reverse Holofoil
17577,sv1-101,Reverse Holofoil
17581,sv3-129,Reverse Holofoil
17582,ex11-95,Reverse Holofoil
17583,ex16-77,Reverse Holofoil
17584,xy11-101,Reverse Holofoil
17586,xy7-4,Reverse Holofoil
17588,sv8pt5-127,Reverse Holofoil
17589,swsh10-16,Reverse Holofoil
17590,sv9-35,Reverse Holofoil
17591,xy9-73,Reverse Holofoil
17592,ex4-80,Reverse Holofoil
17593,ecard2-35,Reverse Holofoil
17596,swsh7-45,Reverse Holofoil
17597,bw8-91,Reverse Holofoil
17602,xy5-79,Reverse Holofoil
17603,bw2-77,Reverse Holofoil
17610,ex9-76,Reverse Holofoil
17613,sm115-50,Reverse Holofoil
17616,swsh2-170,Reverse Holofoil
17618,xy10-88,Reverse Holofoil
17620,zsv10pt5-56,Reverse Holofoil
17621,swsh7-133,Reverse Holofoil
17623,swsh4-25,Reverse Holofoil
17628,pgo-12,Reverse Holofoil
17629,swsh5-81,Reverse Holofoil
17631,sm11-188,Reverse Holofoil
17645,sv4-121,Reverse Holofoil
17653,swsh45-40,Reverse Holofoil
17654,bw6-65,Reverse Holofoil
17656,sv6pt5-6,Reverse Holofoil
17662,pl4-54,Reverse Holofoil
17663,sv10-174,Reverse Holofoil
17668,swsh12-21,Reverse Holofoil
17674,sm35-70,Reverse Holofoil
17675,bw5-21,Reverse Holofoil
17677,sm115-53,Reverse Holofoil
17680,swsh1-59,Reverse Holofoil
17683,swsh12pt5-74,Reverse Holofoil
17685,pl2-36,Reverse Holofoil
17688,swsh7-39,Reverse Holofoil
17690,xy5-116,Reverse Holofoil
17691,sm12-53,Reverse Holofoil
17693,dp6-2,Reverse Holofoil
17694,sv4-6,Reverse Holofoil
17696,ex6-16,Reverse Holofoil
17698,dp1-36,Reverse Holofoil
17699,swsh4-14,Reverse Holofoil
17703,sv3-144,Reverse Holofoil
17707,ecard1-151,Reverse Holofoil
17708,xy5-125,Reverse Holofoil
17710,sm12-117,Reverse Holofoil
17712,bw7-79,Reverse Holofoil
17714,swsh7-42,Reverse Holofoil
17715,sv9-44,Reverse Holofoil
17717,sv2-21,Reverse Holofoil
17719,sm5-82,Reverse Holofoil
17720,swsh12pt5-42,Reverse Holofoil
17722,swsh10-124,Reverse Holofoil
17723,g1-14,Reverse Holofoil
17725,bw3-79,Reverse Holofoil
17726,sm5-11,Reverse Holofoil
17729,sv6-62,Reverse Holofoil
17731,sm5-73,Reverse Holofoil
17734,bw10-70,Reverse Holofoil
17736,xy5-72,Reverse Holofoil
17737,bw10-13,Reverse Holofoil
17738,swsh2-80,Reverse Holofoil
17743,sv4-168,Reverse Holofoil
17744,swsh3-59,Reverse Holofoil
17745,sv8-79,Reverse Holofoil
17746,sm9-2,Reverse Holofoil
17748,sv3pt5-36,Reverse Holofoil
17749,ex12-44,Reverse Holofoil
17752,me2-75,Reverse Holofoil
17753,sm2-130,Reverse Holofoil
17760,xy5-143,Reverse Holofoil
17762,sv6-125,Reverse Holofoil
17763,sv4-131,Reverse Holofoil
17764,swsh12-113,Reverse Holofoil
17768,sm12-12,Reverse Holofoil
17770,ex11-54,Reverse Holofoil
17773,sv7-7,Reverse Holofoil
17774,xy6-88,Reverse Holofoil
17775,swsh8-222,Reverse Holofoil
17776,ex8-81,Reverse Holofoil
17780,bw11-62,Reverse Holofoil
17781,sv6pt5-30,Reverse Holofoil
17783,sv5-112,Reverse Holofoil
17788,sm4-65,Reverse Holofoil
17789,ex10-22,Reverse Holofoil
17790,si1-4,Reverse Holofoil
17791,sv8-33,Reverse Holofoil
17792,sm12-26,Reverse Holofoil
17797,sv7-6,Reverse Holofoil
17798,sv6-19,Reverse Holofoil
17800,swsh8-171,Reverse Holofoil
17807,pl2-90,Reverse Holofoil
17809,sm8-179,Reverse Holofoil
17813,sm11-13,Reverse Holofoil
17814,sm11-192,Reverse Holofoil
17820,sv3pt5-79,Reverse Holofoil
17822,sv9-104,Reverse Holofoil
17823,pl3-48,Reverse Holofoil
17825,xy3-43,Reverse Holofoil
17827,bw6-40,Reverse Holofoil
17828,dp3-22,Reverse Holofoil
17830,ex14-38,Reverse Holofoil
17831,hgss2-55,Reverse Holofoil
17832,bw6-6,Reverse Holofoil
17833,xy8-69,Reverse Holofoil
17834,ex5-5,Reverse Holofoil
17836,col1-6,Reverse Holofoil
17838,ecard3-59,Reverse Holofoil
17839,xy4-78,Reverse Holofoil
17840,ex14-26,Reverse Holofoil
17843,swsh7-54,Reverse Holofoil
17851,swsh4-81,Reverse Holofoil
17852,bw5-22,Reverse Holofoil
17853,ex7-5,Reverse Holofoil
17854,pl2-102,Reverse Holofoil
17855,sm10-84,Reverse Holofoil
17859,dp1-115,Reverse Holofoil
17860,bw6-91,Reverse Holofoil
17861,xy11-20,Reverse Holofoil
17864,sv6-144,Reverse Holofoil
17865,bw4-11,Reverse Holofoil
17872,ex1-56,Reverse Holofoil
17875,pl3-114,Reverse Holofoil
17876,bw4-81,Reverse Holofoil
17877,ex16-35,Reverse Holofoil
17878,ex9-80,Reverse Holofoil
17881,sv7-65,Reverse Holofoil
17883,bw6-63,Reverse Holofoil
17884,sm11-55,Reverse Holofoil
17885,sv4-35,Reverse Holofoil
17890,sm4-73,Reverse Holofoil
17893,dp7-62,Reverse Holofoil
17894,swsh3-16,Reverse Holofoil
17895,sv4-20,Reverse Holofoil
17896,ecard2-53,Reverse Holofoil
17897,dp2-62,Reverse Holofoil
17900,sv8-178,Reverse Holofoil
17909,sm6-51,Reverse Holofoil
17910,sv4-71,Reverse Holofoil
17913,sv5-136,Reverse Holofoil
17914,ex14-58,Reverse Holofoil
17916,hgss1-31,Reverse Holofoil
17917,sm5-48,Reverse Holofoil
17918,swsh5-16,Reverse Holofoil
17921,sv3-137,Reverse Holofoil
17924,sv3pt5-82,Reverse Holofoil
17925,sv3-37,Reverse Holofoil
17928,sv10-163,Reverse Holofoil
17932,xy9-29,Reverse Holofoil
17935,col1-41,Reverse Holofoil
17936,swsh12pt5-21,Reverse Holofoil
17939,dp5-74,Reverse Holofoil
17941,sm8-48,Reverse Holofoil
17944,swsh6-114,Reverse Holofoil
17951,sv4-77,Reverse Holofoil
17954,sv5-130,Reverse Holofoil
17956,hgss2-44,Reverse Holofoil
17958,ecard1-110,Reverse Holofoil
17959,swsh35-3,Reverse Holofoil
17963,dp6-43,Reverse Holofoil
17966,swsh3-4,Reverse Holofoil
17973,sm1-47,Reverse Holofoil
17974,me2-54,Reverse Holofoil
17976,ex12-38,Reverse Holofoil
17977,dp3-70,Reverse Holofoil
17978,ex8-58,Reverse Holofoil
17980,swsh1-65,Reverse Holofoil
17984,sm4-58,Reverse Holofoil
17989,sm8-160,Reverse Holofoil
17995,swsh6-87,Reverse Holofoil
17996,sm4-7,Reverse Holofoil
17997,sm11-176,Reverse Holofoil
18004,ex11-13,Reverse Holofoil
18006,ex16-76,Reverse Holofoil
18007,pl3-91,Reverse Holofoil
18011,sv9-109,Reverse Holofoil
18015,sm7-83,Reverse Holofoil
18016,sv9-153,Reverse Holofoil
18018,xy5-7,Reverse Holofoil
18019,swsh7-118,Reverse Holofoil
18020,swsh8-34,Reverse Holofoil
18023,ecard2-94,Reverse Holofoil
18028,ex5-90,Reverse Holofoil
18031,sv4pt5-60,Reverse Holofoil
18032,ex11-79,Reverse Holofoil
18036,ex10-44,Reverse Holofoil
18042,xy6-79,Reverse Holofoil
18046,dp5-93,Reverse Holofoil
18047,sv1-142,Reverse Holofoil
18050,swsh4-57,Reverse Holofoil
18051,dp1-24,Reverse Holofoil
18052,pl3-76,Reverse Holofoil
18054,ecard3-83,Reverse Holofoil
18055,xy2-93,Reverse Holofoil
18056,dp3-79,Reverse Holofoil
18059,sm5-80,Reverse Holofoil
18065,xy11-54,Reverse Holofoil
18066,xy7-6,Reverse Holofoil
18067,pl4-67,Reverse Holofoil
18074,xy9-43,Reverse Holofoil
18088,xy10-92,Reverse Holofoil
18091,sv7-27,Reverse Holofoil
18093,sm6-78,Reverse Holofoil
18096,swsh1-40,Reverse Holofoil
18098,g1-64,Reverse Holofoil
18099,xy8-59,Reverse Holofoil
18100,g1-58,Reverse Holofoil
18102,ecard3-27,Reverse Holofoil
18103,sm12-119,Reverse Holofoil
18104,col1-59,Reverse Holofoil
18108,sv2-2,Reverse Holofoil
18111,swsh3-39,Reverse Holofoil
18117,sv5-127,Reverse Holofoil
18121,swsh3-15,Reverse Holofoil
18123,swsh4-74,Reverse Holofoil
18124,bw3-57,Reverse Holofoil
18126,ex8-62,Reverse Holofoil
18127,sv1-64,Reverse Holofoil
18132,sm8-47,Reverse Holofoil
18139,swsh3-76,Reverse Holofoil
18141,zsv10pt5-27,Reverse Holofoil
18142,ex13-64,Reverse Holofoil
18147,swsh10-110,Reverse Holofoil
18152,base6-15,Reverse Holofoil
18153,sv2-78,Reverse Holofoil
18156,sv10-111,Reverse Holofoil
18161,ex10-77,Reverse Holofoil
18162,sm1-78,Reverse Holofoil
18164,ecard1-126,Reverse Holofoil
18167,sm5-92,Reverse Holofoil
18172,ex1-69,Reverse Holofoil
18173,ex12-50,Reverse Holofoil
18176,dp2-76,Reverse Holofoil
18178,g1-38,Reverse Holofoil
18180,sm9-42,Reverse Holofoil
18185,ex3-16,Reverse Holofoil
18186,ex9-13,Reverse Holofoil
18187,me2-22,Reverse Holofoil
18191,dp6-96,Reverse Holofoil
18192,ex10-86,Reverse Holofoil
18199,swsh35-52,Reverse Holofoil
18202,xy3-97,Reverse Holofoil
18203,xy1-86,Reverse Holofoil
18205,sm10-154,Reverse Holofoil
18206,hgss4-28,Reverse Holofoil
18207,me1-116,Reverse Holofoil
18209,bw2-44,Reverse Holofoil
18212,sm115-7,Reverse Holofoil
18213,swsh7-49,Reverse Holofoil
18216,swsh3-23,Reverse Holofoil
18218,bw6-16,Reverse Holofoil
18222,swsh9-77,Reverse Holofoil
18223,me1-93,Reverse Holofoil
18226,ex1-33,Reverse Holofoil
18227,sm1-96,Reverse Holofoil
18228,ecard1-59,Reverse Holofoil
18230,sv1-130,Reverse Holofoil
18231,bw3-49,Reverse Holofoil
18233,sm9-104,Reverse Holofoil
18234,sv3-140,Reverse Holofoil
18235,swsh1-75,Reverse Holofoil
18236,bw6-50,Reverse Holofoil
18237,bw7-83,Reverse Holofoil
18241,ecard3-35,Reverse Holofoil
18245,sm5-30,Reverse Holofoil
18247,base6-38,Reverse Holofoil
18249,swsh8-50,Reverse Holofoil
18250,sm115-47,Reverse Holofoil
18251,pgo-45,Reverse Holofoil
18254,pl1-43,Reverse Holofoil
18255,bw9-14,Reverse Holofoil
18259,ex9-69,Reverse Holofoil
18263,pl4-40,Reverse Holofoil
18264,bw4-30,Reverse Holofoil
18268,ex15-32,Reverse Holofoil
18269,ex4-8,Reverse Holofoil
18271,pgo-36,Reverse Holofoil
18273,sv10-44,Reverse Holofoil
18278,hgss1-83,Reverse Holofoil
18280,xy6-82,Reverse Holofoil
18282,col1-12,Reverse Holofoil
18286,sm7-62,Reverse Holofoil
18289,sm8-23,Reverse Holofoil
18290,sm35-59,Reverse Holofoil
18291,xy4-74,Reverse Holofoil
18293,xy4-15,Reverse Holofoil
18294,sm4-36,Reverse Holofoil
18296,ex14-57,Reverse Holofoil
18297,xy8-1,Reverse Holofoil
18299,sv6pt5-40,Reverse Holofoil
18306,xy5-17,Reverse Holofoil
18313,swsh6-158,Reverse Holofoil
18314,ex5-70,Reverse Holofoil
18320,bw2-14,Reverse Holofoil
18321,sv10-116,Reverse Holofoil
18324,ex16-34,Reverse Holofoil
18325,xy5-14,Reverse Holofoil
18327,sv1-79,Reverse Holofoil
18329,swsh3-122,Reverse Holofoil
18333,sv2-33,Reverse Holofoil
18338,ex10-63,Reverse Holofoil
18339,xy3-62,Reverse Holofoil
18346,xy3-16,Reverse Holofoil
18349,pl1-82,Reverse Holofoil
18353,swsh4-157,Reverse Holofoil
18356,sv3pt5-53,Reverse Holofoil
18357,xy6-71,Reverse Holofoil
18358,sm8-127,Reverse Holofoil
18363,ex15-88,Reverse Holofoil
18368,sm12-81,Reverse Holofoil
18373,swsh1-70,Reverse Holofoil
18374,swsh7-143,Reverse Holofoil
18375,swsh10-142,Reverse Holofoil
18377,ex5-74,Reverse Holofoil
18381,swsh12pt5-145,Reverse Holofoil
18383,ex10-11,Reverse Holofoil
18385,bw8-3,Reverse Holofoil
18386,sm7-59,Reverse Holofoil
18387,sv5-133,Reverse Holofoil
18388,ex7-94,Reverse Holofoil
18391,bw8-89,Reverse Holofoil
18392,sv8-46,Reverse Holofoil
18394,hgss3-63,Reverse Holofoil
18395,ex15-49,Reverse Holofoil
18398,ex14-80,Reverse Holofoil
18399,ex12-39,Reverse Holofoil
18400,bw9-47,Reverse Holofoil
18401,dp6-8,Reverse Holofoil
18404,sv7-72,Reverse Holofoil
18406,hgss4-79,Reverse Holofoil
18408,dp1-18,Reverse Holofoil
18411,xy7-69,Reverse Holofoil
18412,sm8-37,Reverse Holofoil
18413,dp2-43,Reverse Holofoil
18424,swsh6-144,Reverse Holofoil
18429,swsh8-188,Reverse Holofoil
18432,pl3-73,Reverse Holofoil
18434,ex11-17,Reverse Holofoil
18435,xy1-53,Reverse Holofoil
18437,hgss4-11,Reverse Holofoil
18444,ex2-80,Reverse Holofoil
18445,sv10-37,Reverse Holofoil
18450,ecard3-5,Reverse Holofoil
18451,ex8-46,Reverse Holofoil
18457,swsh35-67,Reverse Holofoil
18460,dp4-6,Reverse Holofoil
18461,sm2-35,Reverse Holofoil
18468,ex5-57,Reverse Holofoil
18469,sm12-25,Reverse Holofoil
18470,sv1-159,Reverse Holofoil
18471,ex1-64,Reverse Holofoil
18472,ex1-9,Reverse Holofoil
18475,ex6-33,Reverse Holofoil
18479,ex9-83,Reverse Holofoil
18480,ex7-10,Reverse Holofoil
18482,me1-63,Reverse Holofoil
18485,sv8pt5-125,Reverse Holofoil
18487,xy5-26,Reverse Holofoil
18488,swsh7-72,Reverse Holofoil
18489,pl1-115,Reverse Holofoil
18490,bw6-47,Reverse Holofoil
18492,dp1-70,Reverse Holofoil
18495,bw11-81,Reverse Holofoil
18498,bw2-79,Reverse Holofoil
18501,sv8pt5-16,Reverse Holofoil
18503,dp2-114,Reverse Holofoil
18508,swsh12-142,Reverse Holofoil
18517,xy1-85,Reverse Holofoil
18521,me1-101,Reverse Holofoil
18522,sv8pt5-50,Reverse Holofoil
18523,swsh5-130,Reverse Holofoil
18525,sv6pt5-52,Reverse Holofoil
18529,ex1-51,Reverse Holofoil
18530,pgo-17,Reverse Holofoil
18531,sv7-120,Reverse Holofoil
18532,sv9-77,Reverse Holofoil
18534,sv5-15,Reverse Holofoil
18535,xy9-54,Reverse Holofoil
18538,sv3-139,Reverse Holofoil
18540,ex2-60,Reverse Holofoil
18541,sv9-21,Reverse Holofoil
18543,me2-2,Reverse Holofoil
18544,rsv10pt5-32,Reverse Holofoil
18546,dp4-78,Reverse Holofoil
18553,bw2-19,Reverse Holofoil
18555,sm6-6,Reverse Holofoil
18565,ex7-12,Reverse Holofoil
18569,ex7-46,Reverse Holofoil
18572,pl4-SH12,Reverse Holofoil
18582,swsh8-102,Reverse Holofoil
18583,ex14-64,Reverse Holofoil
18585,sm8-62,Reverse Holofoil
18587,sv3-61,Reverse Holofoil
18592,bw4-45,Reverse Holofoil
18595,xy12-24,Reverse Holofoil
18596,sv4-1,Reverse Holofoil
18601,ex7-48,Reverse Holofoil
18602,sm8-35,Reverse Holofoil
18611,dp6-58,Reverse Holofoil
18612,dp7-37,Reverse Holofoil
18613,sv4-81,Reverse Holofoil
18617,sv8-65,Reverse Holofoil
18624,pl1-41,Reverse Holofoil
18633,ex2-11,Reverse Holofoil
18634,ecard1-63,Reverse Holofoil
18636,bw1-38,Reverse Holofoil
18637,ex5-55,Reverse Holofoil
18639,ecard1-14,Reverse Holofoil
18644,dp2-70,Reverse Holofoil
18646,ex3-22,Reverse Holofoil
18653,bw1-93,Reverse Holofoil
18655,bw2-51,Reverse Holofoil
18657,sv2-84,Reverse Holofoil
18658,sv6-132,Reverse Holofoil
18662,sv8-88,Reverse Holofoil
18663,swsh8-177,Reverse Holofoil
18664,zsv10pt5-10,Reverse Holofoil
18665,ex15-81,Reverse Holofoil
18666,xy5-99,Reverse Holofoil
18667,ex3-14,Reverse Holofoil
18669,ex15-84,Reverse Holofoil
18674,ex11-47,Reverse Holofoil
18677,swsh8-194,Reverse Holofoil
18683,sv6pt5-57,Reverse Holofoil
18687,sm2-15,Reverse Holofoil
18694,swsh12-63,Reverse Holofoil
18696,ex4-17,Reverse Holofoil
18697,bw7-44,Reverse Holofoil
18698,ecard3-150,Reverse Holofoil
18702,swsh8-134,Reverse Holofoil
18708,sm2-71,Reverse Holofoil
18709,ex8-78,Reverse Holofoil
18710,xy9-59,Reverse Holofoil
18714,bw9-82,Reverse Holofoil
18715,sv4pt5-19,Reverse Holofoil
18717,sv4-9,Reverse Holofoil
18718,sv8pt5-48,Reverse Holofoil
18721,bw10-56,Reverse Holofoil
18725,bw8-26,Reverse Holofoil
18727,swsh12-101,Reverse Holofoil
18728,ecard2-21,Reverse Holofoil
18729,dp6-29,Reverse Holofoil
18730,sv8pt5-104,Reverse Holofoil
18732,swsh12-32,Reverse Holofoil
18737,dp6-101,Reverse Holofoil
18739,sv4-83,Reverse Holofoil
18740,ex13-53,Reverse Holofoil
18742,bp-9,Reverse Holofoil
18743,dp2-40,Reverse Holofoil
18745,bw5-74,Reverse Holofoil
18746,me2-66,Reverse Holofoil
18751,xy10-105,Reverse Holofoil
18753,sv3pt5-19,Reverse Holofoil
18754,ex10-74,Reverse Holofoil
18757,sm8-181,Reverse Holofoil
18759,sv3pt5-147,Reverse Holofoil
18760,bw3-91,Reverse Holofoil
18768,bw7-133,Reverse Holofoil
18772,swsh12pt5-141,Reverse Holofoil
18775,dp3-61,Reverse Holofoil
18780,pl3-6,Reverse Holofoil
18781,sm7-119,Reverse Holofoil
18782,dp1-51,Reverse Holofoil
18785,sv3-101,Reverse Holofoil
18786,rsv10pt5-10,Reverse Holofoil
18787,sv1-104,Reverse Holofoil
18791,sm35-17,Reverse Holofoil
18792,dp1-13,Reverse Holofoil
18793,bw10-3,Reverse Holofoil
18794,ex10-47,Reverse Holofoil
18796,bw4-55,Reverse Holofoil
18800,pgo-20,Reverse Holofoil
18801,sm5-14,Reverse Holofoil
18807,bw8-42,Reverse Holofoil
18810,pl1-98,Reverse Holofoil
18815,ex1-31,Reverse Holofoil
18816,sv1-169,Reverse Holofoil
18818,ex5-76,Reverse Holofoil
18819,xy5-69,Reverse Holofoil
18821,swsh35-18,Reverse Holofoil
18823,sv9-25,Reverse Holofoil
18824,sm3-41,Reverse Holofoil
18825,bw3-5,Reverse Holofoil
18829,ex13-68,Reverse Holofoil
18830,sm10-32,Reverse Holofoil
18837,swsh9-124,Reverse Holofoil
18838,bw4-61,Reverse Holofoil
18839,sm11-21,Reverse Holofoil
18845,bw1-79,Reverse Holofoil
18846,sm1-114,Reverse Holofoil
18847,sm2-25,Reverse Holofoil
18848,sv6-6,Reverse Holofoil
18851,dp6-55,Reverse Holofoil
18852,me1-123,Reverse Holofoil
18854,swsh5-123,Reverse Holofoil
18859,sm7-50,Reverse Holofoil
18861,bw9-2,Reverse Holofoil
18869,ecard1-154,Reverse Holofoil
18872,swsh2-51,Reverse Holofoil
18873,sv3-152,Reverse Holofoil
18884,sv5-121,Reverse Holofoil
18885,ex3-69,Reverse Holofoil
18887,sv8-85,Reverse Holofoil
18889,ecard1-28,Reverse Holofoil
18891,swsh35-63,Reverse Holofoil
18897,xy4-16,Reverse Holofoil
18898,sm10-181,Reverse Holofoil
18907,sm3-70,Reverse Holofoil
18908,hgss2-40,Reverse Holofoil
18909,ex6-59,Reverse Holofoil
18910,xy12-7,Reverse Holofoil
18912,sv3-43,Reverse Holofoil
18915,sv8-154,Reverse Holofoil
18916,sm1-46,Reverse Holofoil
18919,bw1-62,Reverse Holofoil
18921,bw1-16,Reverse Holofoil
18922,bw1-72,Reverse Holofoil
18923,swsh6-33,Reverse Holofoil
18926,sv2-59,Reverse Holofoil
18927,swsh5-93,Reverse Holofoil
18933,sm3-67,Reverse Holofoil
18937,pop8-7,Reverse Holofoil
18938,swsh3-113,Reverse Holofoil
18942,ecard1-69,Reverse Holofoil
18949,swsh8-210,Reverse Holofoil
18951,pl4-55,Reverse Holofoil
18956,pl1-83,Reverse Holofoil
18958,ecard1-37,Reverse Holofoil
18964,swsh8-62,Reverse Holofoil
18970,pl1-92,Reverse Holofoil
18974,swsh9-120,Reverse Holofoil
18977,sv7-75,Reverse Holofoil
18978,pl4-69,Reverse Holofoil
18981,ex9-50,Reverse Holofoil
18983,dp1-21,Reverse Holofoil
18985,swsh5-107,Reverse Holofoil
18989,swsh12-25,Reverse Holofoil
18991,sv5-97,Reverse Holofoil
18992,ex16-45,Reverse Holofoil
18996,sv4pt5-44,Reverse Holofoil
18997,swsh10-63,Reverse Holofoil
18998,ex3-43,Reverse Holofoil
19001,swsh1-163,Reverse Holofoil
19002,pl1-116,Reverse Holofoil
19005,swsh12pt5-40,Reverse Holofoil
19006,ex15-67,Reverse Holofoil
19007,sm3-113,Reverse Holofoil
19012,sv7-98,Reverse Holofoil
19015,bw2-20,Reverse Holofoil
19016,dp3-121,Reverse Holofoil
19018,xy12-61,Reverse Holofoil
19025,xy4-108,Reverse Holofoil
19027,xy11-15,Reverse Holofoil
19028,swsh3-175,Reverse Holofoil
19031,sv8-59,Reverse Holofoil
19034,swsh2-6,Reverse Holofoil
19036,ex1-28,Reverse Holofoil
19038,g1-6,Reverse Holofoil
19044,sv3pt5-48,Reverse Holofoil
19047,bw7-3,Reverse Holofoil
19052,hgss2-59,Reverse Holofoil
19053,bw7-21,Reverse Holofoil
19054,sv8pt5-109,Reverse Holofoil
19055,bw7-47,Reverse Holofoil
19056,sv3-189,Reverse Holofoil
19057,sv8-144,Reverse Holofoil
19063,col1-53,Reverse Holofoil
19065,swsh10-128,Reverse Holofoil
19075,swsh1-62,Reverse Holofoil
19083,bw8-67,Reverse Holofoil
19084,ex7-61,Reverse Holofoil
19087,ex8-57,Reverse Holofoil
19090,swsh8-230,Reverse Holofoil
19092,sv3-143,Reverse Holofoil
19093,sv6-56,Reverse Holofoil
19096,bw10-55,Reverse Holofoil
19100,dp5-38,Reverse Holofoil
19102,dp5-32,Reverse Holofoil
19104,sv8-124,Reverse Holofoil
19107,swsh12pt5-59,Reverse Holofoil
19110,sm10-102,Reverse Holofoil
19116,xy11-4,Reverse Holofoil
19123,swsh12pt5-135,Reverse Holofoil
19124,pl2-91,Reverse Holofoil
19130,swsh7-156,Reverse Holofoil
19131,dp3-30,Reverse Holofoil
19135,ex15-16,Reverse Holofoil
19137,sv3pt5-104,Reverse Holofoil
19139,xy11-38,Reverse Holofoil
19140,ex16-8,Reverse Holofoil
19142,ex1-72,Reverse Holofoil
19143,hgss1-40,Reverse Holofoil
19147,swsh9-37,Reverse Holofoil
19148,swsh12pt5-144,Reverse Holofoil
19149,sm8-114,Reverse Holofoil
19151,ex5-60,Reverse Holofoil
19153,swsh2-7,Reverse Holofoil
19156,ex7-14,Reverse Holofoil
19158,pgo-35,Reverse Holofoil
19160,dp1-6,Reverse Holofoil
19162,sv1-25,Reverse Holofoil
19165,swsh8-190,Reverse Holofoil
19167,ex7-73,Reverse Holofoil
19171,sv3pt5-14,Reverse Holofoil
19175,hgss1-9,Reverse Holofoil
19176,sm7-111,Reverse Holofoil
19177,sm11-59,Reverse Holofoil
19178,xy1-44,Reverse Holofoil
19179,swsh12-167,Reverse Holofoil
19180,bw8-114,Reverse Holofoil
19193,sm11-50,Reverse Holofoil
19194,sv10-24,Reverse Holofoil
19196,sm12-132,Reverse Holofoil
19197,me1-131,Reverse Holofoil
19200,ex7-53,Reverse Holofoil
19201,sv7-49,Reverse Holofoil
19203,xy10-63,Reverse Holofoil
19205,pl3-81,Reverse Holofoil
19213,dp3-73,Reverse Holofoil
19217,dp2-85,Reverse Holofoil
19222,dp1-85,Reverse Holofoil
19223,ex16-43,Reverse Holofoil
19230,dp1-102,Reverse Holofoil
19236,swsh6-121,Reverse Holofoil
19242,sv5-129,Reverse Holofoil
19245,sv3pt5-1,Reverse Holofoil
19246,xy9-45,Reverse Holofoil
19247,ex2-17,Reverse Holofoil
19249,xy5-130,Reverse Holofoil
19258,swsh8-93,Reverse Holofoil
19259,hgss2-21,Reverse Holofoil
19261,swsh6-55,Reverse Holofoil
19262,swsh8-83,Reverse Holofoil
19264,sm8-189,Reverse Holofoil
19265,bw7-31,Reverse Holofoil
19274,dp4-61,Reverse Holofoil
19276,swsh7-3,Reverse Holofoil
19277,bw11-32,Reverse Holofoil
19282,ecard1-85,Reverse Holofoil
19283,sm6-86,Reverse Holofoil
19284,sv4-129,Reverse Holofoil
19294,sm10-14,Reverse Holofoil
19295,dp5-36,Reverse Holofoil
19299,sv6pt5-24,Reverse Holofoil
19305,sm10-70,Reverse Holofoil
19306,bw3-69,Reverse Holofoil
19307,pl2-55,Reverse Holofoil
19310,ex15-59,Reverse Holofoil
19311,sm11-52,Reverse Holofoil
19315,sv9-82,Reverse Holofoil
19316,ex13-86,Reverse Holofoil
19319,sm75-3,Reverse Holofoil
19320,swsh6-18,Reverse Holofoil
19321,sm9-25,Reverse Holofoil
19323,hgss4-29,Reverse Holofoil
19325,dp3-106,Reverse Holofoil
19327,sv8-70,Reverse Holofoil
19329,sm115-54,Reverse Holofoil
19331,bw8-116,Reverse Holofoil
19332,swsh45-61,Reverse Holofoil
19334,sv5-144,Reverse Holofoil
19335,swsh8-98,Reverse Holofoil
19337,rsv10pt5-38,Reverse Holofoil
19338,sm5-46,Reverse Holofoil
19342,swsh8-178,Reverse Holofoil
19345,ex16-20,Reverse Holofoil
19348,sv9-88,Reverse Holofoil
19351,sm6-77,Reverse Holofoil
19353,sv5-114,Reverse Holofoil
19355,swsh8-150,Reverse Holofoil
19356,swsh8-107,Reverse Holofoil
19359,base6-63,Reverse Holofoil
19360,sv3pt5-45,Reverse Holofoil
19361,sv2-64,Reverse Holofoil
19365,pl1-56,Reverse Holofoil
19367,me2-15,Reverse Holofoil
19368,ex4-77,Reverse Holofoil
19371,sm11-107,Reverse Holofoil
19373,swsh5-140,Reverse Holofoil
19374,me2-34,Reverse Holofoil
19377,base6-51,Reverse Holofoil
19380,sv7-64,Reverse Holofoil
19382,xy3-100,Reverse Holofoil
19383,sv10-98,Reverse Holofoil
19385,sm1-37,Reverse Holofoil
19386,me1-58,Reverse Holofoil
19389,base6-25,Reverse Holofoil
19390,bw8-49,Reverse Holofoil
19391,ex9-89,Reverse Holofoil
19393,ex12-47,Reverse Holofoil
19394,sm8-70,Reverse Holofoil
19398,sv3pt5-8,Reverse Holofoil
19404,bw10-48,Reverse Holofoil
19408,xy3-8,Reverse Holofoil
19409,swsh8-20,Reverse Holofoil
19411,swsh5-122,Reverse Holofoil
19413,me2-62,Reverse Holofoil
19418,bw7-60,Reverse Holofoil
19424,sm10-41,Reverse Holofoil
19430,col1-61,Reverse Holofoil
19431,sm1-1,Reverse Holofoil
19432,xy7-46,Reverse Holofoil
19437,ex10-43,Reverse Holofoil
19439,ex9-18,Reverse Holofoil
19442,sm4-42,Reverse Holofoil
19443,hgss4-32,Reverse Holofoil
19444,xy3-21,Reverse Holofoil
19447,sv1-103,Reverse Holofoil
19450,swsh7-109,Reverse Holofoil
19452,swsh1-29,Reverse Holofoil
19454,sv3-117,Reverse Holofoil
19458,sv10-8,Reverse Holofoil
19460,ex14-15,Reverse Holofoil
19463,sv10-105,Reverse Holofoil
19466,bw1-60,Reverse Holofoil
19472,swsh8-135,Reverse Holofoil
19473,sv3-146,Reverse Holofoil
19477,xy10-53,Reverse Holofoil
19480,bw8-82,Reverse Holofoil
19481,xy12-41,Reverse Holofoil
19484,ex14-20,Reverse Holofoil
19485,bw6-14,Reverse Holofoil
19486,xy1-101,Reverse Holofoil
19489,sm5-43,Reverse Holofoil
19491,swsh7-57,Reverse Holofoil
19492,xy8-116,Reverse Holofoil
19495,sv10-26,Reverse Holofoil
19496,sm75-50,Reverse Holofoil
19497,ex15-39,Reverse Holofoil
19499,sv3-55,Reverse Holofoil
19503,sv8-123,Reverse Holofoil
19506,xy5-98,Reverse Holofoil
19507,ex7-45,Reverse Holofoil
19509,sm4-19,Reverse Holofoil
19518,col1-65,Reverse Holofoil
19523,g1-45,Reverse Holofoil
19524,zsv10pt5-66,Reverse Holofoil
19525,dp1-99,Reverse Holofoil
19526,bw4-64,Reverse Holofoil
19542,ex14-23,Reverse Holofoil
19543,bw2-15,Reverse Holofoil
19544,sv3pt5-158,Reverse Holofoil
19545,swsh3-37,Reverse Holofoil
19548,sm11-184,Reverse Holofoil
19553,sv4-170,Reverse Holofoil
19558,swsh1-67,Reverse Holofoil
19559,ex8-36,Reverse Holofoil
19560,xy2-44,Reverse Holofoil
19564,xy7-15,Reverse Holofoil
19567,dp2-111,Reverse Holofoil
19568,ex13-97,Reverse Holofoil
19569,ex5-53,Reverse Holofoil
19572,swsh1-133,Reverse Holofoil
19573,swsh6-37,Reverse Holofoil
19574,sv7-18,Reverse Holofoil
19575,swsh12-6,Reverse Holofoil
19588,sm7-43,Reverse Holofoil
19589,ex12-59,Reverse Holofoil
19590,xy4-112,Reverse Holofoil
19591,sv5-135,Reverse Holofoil
19594,swsh7-20,Reverse Holofoil
19595,sm11-96,Reverse Holofoil
19596,bw9-49,Reverse Holofoil
19601,swsh6-126,Reverse Holofoil
19606,sv5-70,Reverse Holofoil
19607,sv6-5,Reverse Holofoil
19609,ex6-78,Reverse Holofoil
19613,col1-70,Reverse Holofoil
19616,bw10-85,Reverse Holofoil
19621,sv6-28,Reverse Holofoil
19622,swsh9-111,Reverse Holofoil
19623,ex6-5,Reverse Holofoil
19626,swsh12-129,Reverse Holofoil
19630,sm6-89,Reverse Holofoil
19633,ex4-35,Reverse Holofoil
19638,xy10-41,Reverse Holofoil
19639,swsh5-108,Reverse Holofoil
19643,hgss2-23,Reverse Holofoil
19645,sm3-90,Reverse Holofoil
19650,sv7-119,Reverse Holofoil
19652,ex16-61,Reverse Holofoil
19657,bw11-64,Reverse Holofoil
19661,sv6pt5-50,Reverse Holofoil
19662,sv4pt5-17,Reverse Holofoil
19663,dp7-76,Reverse Holofoil
19664,bw1-11,Reverse Holofoil
19668,sv1-154,Reverse Holofoil
19673,xy10-95,Reverse Holofoil
19674,swsh12pt5-4,Reverse Holofoil
19681,sm4-8,Reverse Holofoil
19687,sm2-88,Reverse Holofoil
19688,sv3pt5-42,Reverse Holofoil
19690,dc1-26,Reverse Holofoil
19694,bw2-42,Reverse Holofoil
19696,dp7-84,Reverse Holofoil
19698,ex15-41,Reverse Holofoil
19701,dp3-86,Reverse Holofoil
19702,xy11-57,Reverse Holofoil
19704,ex7-4,Reverse Holofoil
19707,bw11-14,Reverse Holofoil
19708,xy3-84,Reverse Holofoil
19714,sv4-122,Reverse Holofoil
19717,col1-83,Reverse Holofoil
19719,swsh5-8,Reverse Holofoil
19725,sv10-109,Reverse Holofoil
19732,sv6-135,Reverse Holofoil
19735,ex13-50,Reverse Holofoil
19736,swsh2-34,Reverse Holofoil
19737,g1-82,Reverse Holofoil
19738,ex16-40,Reverse Holofoil
19739,sv7-50,Reverse Holofoil
19742,sm10-125,Reverse Holofoil
19745,ecard2-59,Reverse Holofoil
19746,sv6-59,Reverse Holofoil
19748,swsh12-107,Reverse Holofoil
19749,sm115-25,Reverse Holofoil
19750,sv5-117,Reverse Holofoil
19751,col1-85,Reverse Holofoil
19755,sm8-188,Reverse Holofoil
19757,sv1-117,Reverse Holofoil
19762,ex15-29,Reverse Holofoil
19765,pl1-51,Reverse Holofoil
19770,swsh2-75,Reverse Holofoil
19771,ex11-59,Reverse Holofoil
19773,xy5-43,Reverse Holofoil
19778,sm11-45,Reverse Holofoil
19779,bw9-12,Reverse Holofoil
19782,sv2-66,Reverse Holofoil
19784,swsh12pt5-132,Reverse Holofoil
19786,ex4-58,Reverse Holofoil
19788,sm11-194,Reverse Holofoil
19789,dp2-47,Reverse Holofoil
19790,sm10-126,Reverse Holofoil
19797,swsh12pt5-63,Reverse Holofoil
19798,sm11-97,Reverse Holofoil
19799,xy9-30,Reverse Holofoil
19803,sv9-157,Reverse Holofoil
19807,sm10-176,Reverse Holofoil
19811,dp7-33,Reverse Holofoil
19814,ecard3-2,Reverse Holofoil
19815,hgss4-73,Reverse Holofoil
19816,xy4-46,Reverse Holofoil
19818,sv3pt5-89,Reverse Holofoil
19819,swsh5-23,Reverse Holofoil
19821,hgss2-79,Reverse Holofoil
19822,sm12-33,Reverse Holofoil
19824,bw9-44,Reverse Holofoil
19825,swsh9-103,Reverse Holofoil
19829,sm1-38,Reverse Holofoil
19832,xy5-144,Reverse Holofoil
19834,sm5-57,Reverse Holofoil
19835,sm7-49,Reverse Holofoil
19836,ex4-15,Reverse Holofoil
19837,ex3-85,Reverse Holofoil
19842,bw9-100,Reverse Holofoil
19843,sm12-3,Reverse Holofoil
19844,sv8pt5-122,Reverse Holofoil
19845,sm12-162,Reverse Holofoil
19847,me1-97,Reverse Holofoil
19848,sm12-115,Reverse Holofoil
19849,dp5-54,Reverse Holofoil
19851,sm8-110,Reverse Holofoil
19856,sv10-67,Reverse Holofoil
19860,swsh10-32,Reverse Holofoil
19861,bw3-9,Reverse Holofoil
19862,sm11-127,Reverse Holofoil
19866,xy1-75,Reverse Holofoil
19868,bw8-66,Reverse Holofoil
19870,swsh12pt5-10,Reverse Holofoil
19874,swsh10-145,Reverse Holofoil
19877,swsh7-138,Reverse Holofoil
19884,sv7-26,Reverse Holofoil
19887,bw6-86,Reverse Holofoil
19889,hgss3-60,Reverse Holofoil
19895,swsh7-88,Reverse Holofoil
19896,xy1-120,Reverse Holofoil
19898,sv8pt5-22,Reverse Holofoil
19903,ex16-72,Reverse Holofoil
19907,xy9-8,Reverse Holofoil
19910,sm10-91,Reverse Holofoil
19911,bw5-45,Reverse Holofoil
19912,ex15-58,Reverse Holofoil
19914,sv4-113,Reverse Holofoil
19915,sm7-2,Reverse Holofoil
19917,xy1-48,Reverse Holofoil
19918,bw1-43,Reverse Holofoil
19923,sv9-58,Reverse Holofoil
19926,swsh8-15,Reverse Holofoil
19930,swsh4-24,Reverse Holofoil
19931,swsh12-155,Reverse Holofoil
19936,sv10-128,Reverse Holofoil
19938,ex5-34,Reverse Holofoil
19941,xy11-31,Reverse Holofoil
19942,xy7-19,Reverse Holofoil
19949,bw7-86,Reverse Holofoil
19950,bw6-29,Reverse Holofoil
19952,xy1-35,Reverse Holofoil
19953,base6-14,Reverse Holofoil
19956,pl1-99,Reverse Holofoil
19961,swsh12-88,Reverse Holofoil
19965,dp4-53,Reverse Holofoil
19966,xy6-92,Reverse Holofoil
19971,swsh9-49,Reverse Holofoil
19972,sv6-166,Reverse Holofoil
19974,swsh8-16,Reverse Holofoil
19975,base6-2,Reverse Holofoil
19976,dp2-94,Reverse Holofoil
19980,ex3-9,Reverse Holofoil
19983,sm4-60,Reverse Holofoil
19984,ex9-6,Reverse Holofoil
19985,xy9-112,Reverse Holofoil
19986,base6-41,Reverse Holofoil
19989,hgss3-9,Reverse Holofoil
19991,xy8-32,Reverse Holofoil
19993,base6-93,Reverse Holofoil
19999,pl4-70,Reverse Holofoil
20001,sm2-78,Reverse Holofoil
20006,swsh8-17,Reverse Holofoil
20009,ex10-76,Reverse Holofoil
20010,xy5-141,Reverse Holofoil
20011,sm9-79,Reverse Holofoil
20013,sv4-36,Reverse Holofoil
20015,xy7-83,Reverse Holofoil
20018,swsh8-12,Reverse Holofoil
20022,sv4pt5-51,Reverse Holofoil
20026,swsh6-1,Reverse Holofoil
20029,sv1-194,Reverse Holofoil
20031,sv3pt5-117,Reverse Holofoil
20033,swsh12pt5-72,Reverse Holofoil
20041,ex5-39,Reverse Holofoil
20043,rsv10pt5-11,Reverse Holofoil
20044,sv6pt5-11,Reverse Holofoil
20046,sm11-39,Reverse Holofoil
20054,sv3-196,Reverse Holofoil
20056,swsh7-47,Reverse Holofoil
20057,pgo-8,Reverse Holofoil
20061,swsh3-32,Reverse Holofoil
20062,sm115-28,Reverse Holofoil
20066,pl1-80,Reverse Holofoil
20067,rsv10pt5-60,Reverse Holofoil
20073,pl4-20,Reverse Holofoil
20074,sm3-126,Reverse Holofoil
20076,xy8-87,Reverse Holofoil
20077,swsh12pt5-47,Reverse Holofoil
20078,sm10-5,Reverse Holofoil
20080,pl3-111,Reverse Holofoil
20081,ex15-63,Reverse Holofoil
20091,sv3-145,Reverse Holofoil
20098,sv4-120,Reverse Holofoil
20099,ex13-14,Reverse Holofoil
20100,dp2-103,Reverse Holofoil
20102,sm9-38,Reverse Holofoil
20105,ex10-100,Reverse Holofoil
20106,bw1-14,Reverse Holofoil
20111,sv3pt5-57,Reverse Holofoil
20112,swsh12-143,Reverse Holofoil
20114,ex11-25,Reverse Holofoil
20116,ex3-60,Reverse Holofoil
20117,ex4-11,Reverse Holofoil
20119,swsh12-48,Reverse Holofoil
20126,hgss1-87,Reverse Holofoil
20134,ex11-56,Reverse Holofoil
20136,sm9-19,Reverse Holofoil
20142,sv10-151,Reverse Holofoil
20147,bw10-54,Reverse Holofoil
20153,bw1-92,Reverse Holofoil
20154,base6-80,Reverse Holofoil
20157,sv8pt5-19,Reverse Holofoil
20160,dp3-71,Reverse Holofoil
20161,bw7-43,Reverse Holofoil
20166,pl2-48,Reverse Holofoil
20168,ex6-34,Reverse Holofoil
20171,swsh35-68,Reverse Holofoil
20176,hgss3-12,Reverse Holofoil
20177,sm8-156,Reverse Holofoil
20179,sm5-38,Reverse Holofoil
20180,pl1-24,Reverse Holofoil
20181,bw3-3,Reverse Holofoil
20182,ecard2-37,Reverse Holofoil
20183,sv1-137,Reverse Holofoil
20185,sm9-49,Reverse Holofoil
20186,dp5-30,Reverse Holofoil
20189,bw11-39,Reverse Holofoil
20191,sv9-155,Reverse Holofoil
20194,swsh10-64,Reverse Holofoil
20197,dp7-19,Reverse Holofoil
20199,pl2-75,Reverse Holofoil
20200,swsh3-63,Reverse Holofoil
20202,ecard3-56,Reverse Holofoil
20203,xy8-70,Reverse Holofoil
20204,swsh6-78,Reverse Holofoil
20207,swsh1-135,Reverse Holofoil
20208,sm75-42,Reverse Holofoil
20210,sv1-5,Reverse Holofoil
20211,sv4-136,Reverse Holofoil
20212,sv8-78,Reverse Holofoil
20213,swsh8-142,Reverse Holofoil
20216,ex16-48,Reverse Holofoil
20217,bw7-27,Reverse Holofoil
20218,swsh7-86,Reverse Holofoil
20221,swsh9-7,Reverse Holofoil
20224,sm3-50,Reverse Holofoil
20229,xy1-52,Reverse Holofoil
20248,ecard1-41,Reverse Holofoil
20249,ex7-90,Reverse Holofoil
20250,swsh4-51,Reverse Holofoil
20251,pgo-44,Reverse Holofoil
20254,hgss2-37,Reverse Holofoil
20257,sv6-58,Reverse Holofoil
20258,sv1-72,Reverse Holofoil
20259,ex15-86,Reverse Holofoil
20260,ex9-73,Reverse Holofoil
20262,sm6-59,Reverse Holofoil
20267,sm7-68,Reverse Holofoil
20269,xy4-60,Reverse Holofoil
20270,sm12-14,Reverse Holofoil
20271,swsh9-2,Reverse Holofoil
20273,sm11-75,Reverse Holofoil
20277,dp1-55,Reverse Holofoil
20278,sv8pt5-3,Reverse Holofoil
20280,base6-42,Reverse Holofoil
20282,dp1-1,Reverse Holofoil
20283,sv5-155,Reverse Holofoil
20284,swsh1-118,Reverse Holofoil
20287,sm3-38,Reverse Holofoil
20288,sm11-4,Reverse Holofoil
20291,sv9-13,Reverse Holofoil
20292,bw8-36,Reverse Holofoil
20294,swsh5-79,Reverse Holofoil
20305,dp7-35,Reverse Holofoil
20308,ex13-1,Reverse Holofoil
20310,swsh12pt5-11,Reverse Holofoil
20314,dp1-59,Reverse Holofoil
20315,swsh4-76,Reverse Holofoil
20320,sm8-89,Reverse Holofoil
20324,pl4-27,Reverse Holofoil
20325,pgo-16,Reverse Holofoil
20329,swsh7-34,Reverse Holofoil
20332,xy3-36,Reverse Holofoil
20333,sv7-63,Reverse Holofoil
20336,sm9-14,Reverse Holofoil
20337,dp4-49,Reverse Holofoil
20339,sv6pt5-8,Reverse Holofoil
20342,swsh3-105,Reverse Holofoil
20343,pl3-108,Reverse Holofoil
20347,swsh5-27,Reverse Holofoil
20349,me1-92,Reverse Holofoil
20359,sm12-60,Reverse Holofoil
20360,sm2-42,Reverse Holofoil
20363,swsh12-72,Reverse Holofoil
20367,pgo-15,Reverse Holofoil
20370,swsh8-5,Reverse Holofoil
20372,swsh5-75,Reverse Holofoil
20377,xy10-5,Reverse Holofoil
20378,swsh12pt5-8,Reverse Holofoil
20381,hgss1-100,Reverse Holofoil
20384,xy9-34,Reverse Holofoil
20388,xy6-22,Reverse Holofoil
20389,hgss4-15,Reverse Holofoil
20394,sv8pt5-59,Reverse Holofoil
20396,swsh9-50,Reverse Holofoil
20399,ex2-39,Reverse Holofoil
20400,sv9-59,Reverse Holofoil
20402,swsh2-158,Reverse Holofoil
20404,sm11-43,Reverse Holofoil
20406,sv6pt5-27,Reverse Holofoil
20408,swsh12-41,Reverse Holofoil
20415,sv3pt5-165,Reverse Holofoil
20417,xy4-37,Reverse Holofoil
20426,swsh6-93,Reverse Holofoil
20427,ex11-93,Reverse Holofoil
20431,sv8-184,Reverse Holofoil
20434,sv4pt5-86,Reverse Holofoil
20435,xy11-14,Reverse Holofoil
20436,swsh8-163,Reverse Holofoil
20437,xy12-8,Reverse Holofoil
20442,xy9-78,Reverse Holofoil
20443,hgss1-24,Reverse Holofoil
20450,xy8-89,Reverse Holofoil
20453,sv4-141,Reverse Holofoil
20455,sv4-60,Reverse Holofoil
20457,bw7-123,Reverse Holofoil
20458,bw6-58,Reverse Holofoil
20459,sm1-45,Reverse Holofoil
20461,xy9-60,Reverse Holofoil
20464,sm8-55,Reverse Holofoil
20465,sm9-99,Reverse Holofoil
20466,swsh3-61,Reverse Holofoil
20469,bw4-27,Reverse Holofoil
20471,swsh8-95,Reverse Holofoil
20473,xy9-61,Reverse Holofoil
20474,sm7-115,Reverse Holofoil
20475,ex13-94,Reverse Holofoil
20478,xy7-48,Reverse Holofoil
20480,ex12-23,Reverse Holofoil
20483,sv6pt5-21,Reverse Holofoil
20484,swsh35-59,Reverse Holofoil
20488,sv8pt5-65,Reverse Holofoil
20491,xy2-96,Reverse Holofoil
20493,xy9-2,Reverse Holofoil
20496,col1-54,Reverse Holofoil
20497,sm1-109,Reverse Holofoil
20498,bp-2,Reverse Holofoil
20503,sm2-43,Reverse Holofoil
20504,sv3-148,Reverse Holofoil
20505,swsh12-92,Reverse Holofoil
20511,ex1-105,Reverse Holofoil
20512,dp5-5,Reverse Holofoil
20513,base6-49,Reverse Holofoil
20518,xy11-77,Reverse Holofoil
20519,swsh7-139,Reverse Holofoil
20527,sm7-151,Reverse Holofoil
20530,pl4-80,Reverse Holofoil
20531,swsh8-223,Reverse Holofoil
20535,bw2-57,Reverse Holofoil
20537,dp1-67,Reverse Holofoil
20540,swsh35-12,Reverse Holofoil
20541,sv8pt5-57,Reverse Holofoil
20543,sv1-30,Reverse Holofoil
20544,sv10-143,Reverse Holofoil
20547,xy1-11,Reverse Holofoil
20553,swsh2-81,Reverse Holofoil
20554,swsh12-131,Reverse Holofoil
20555,ex9-58,Reverse Holofoil
20556,me1-5,Reverse Holofoil
20557,sv3pt5-122,Reverse Holofoil
20558,dp5-47,Reverse Holofoil
20560,dp5-44,Reverse Holofoil
20566,hgss2-50,Reverse Holofoil
20567,sm8-97,Reverse Holofoil
20570,swsh5-36,Reverse Holofoil
20575,ex16-30,Reverse Holofoil
20584,zsv10pt5-58,Reverse Holofoil
20585,bw6-76,Reverse Holofoil
20586,sv5-147,Reverse Holofoil
20587,dp6-122,Reverse Holofoil
20591,ecard2-31,Reverse Holofoil
20593,xy5-25,Reverse Holofoil
20594,sv7-54,Reverse Holofoil
20597,xy1-17,Reverse Holofoil
20602,sv1-153,Reverse Holofoil
20603,sv5-137,Reverse Holofoil
20605,sm12-97,Reverse Holofoil
20607,dp4-3,Reverse Holofoil
20608,ex14-44,Reverse Holofoil
20611,ex8-44,Reverse Holofoil
20614,sv4-61,Reverse Holofoil
20622,xy9-35,Reverse Holofoil
20626,bw8-47,Reverse Holofoil
20629,xy1-60,Reverse Holofoil
20633,swsh6-5,Reverse Holofoil
20636,bw9-27,Reverse Holofoil
20638,sm1-91,Reverse Holofoil
20639,sv10-168,Reverse Holofoil
20643,swsh2-78,Reverse Holofoil
20645,ex2-6,Reverse Holofoil
20646,ecard1-53,Reverse Holofoil
20648,sm11-17,Reverse Holofoil
20650,xy6-74,Reverse Holofoil
20653,ex6-82,Reverse Holofoil
20654,sm2-80,Reverse Holofoil
20656,ex9-60,Reverse Holofoil
20657,xy7-54,Reverse Holofoil
20658,xy2-25,Reverse Holofoil
20659,sv1-120,Reverse Holofoil
20662,xy4-72,Reverse Holofoil
20663,pl1-121,Reverse Holofoil
20667,ecard1-13,Reverse Holofoil
20669,xy6-72,Reverse Holofoil
20671,ex1-55,Reverse Holofoil
20676,ex14-14,Reverse Holofoil
20679,ex15-17,Reverse Holofoil
20682,sv8pt5-111,Reverse Holofoil
20683,sm3-125,Reverse Holofoil
20687,ex5-42,Reverse Holofoil
20688,xy2-22,Reverse Holofoil
20690,swsh12-110,Reverse Holofoil
20693,swsh2-42,Reverse Holofoil
20697,swsh9-74,Reverse Holofoil
20699,ex6-62,Reverse Holofoil
20703,bw3-56,Reverse Holofoil
20704,xy1-58,Reverse Holofoil
20709,sm8-73,Reverse Holofoil
20712,swsh4-73,Reverse Holofoil
20713,ex2-67,Reverse Holofoil
20718,sm3-35,Reverse Holofoil
20719,swsh9-26,Reverse Holofoil
20721,sv4-48,Reverse Holofoil
20722,dp3-97,Reverse Holofoil
20727,bw2-78,Reverse Holofoil
20728,sv8pt5-102,Reverse Holofoil
20736,swsh12-99,Reverse Holofoil
20737,dp1-27,Reverse Holofoil
20743,ex9-27,Reverse Holofoil
20750,swsh2-38,Reverse Holofoil
20751,sv3pt5-139,Reverse Holofoil
20756,dp3-12,Reverse Holofoil
20761,ex9-53,Reverse Holofoil
20767,ex1-47,Reverse Holofoil
20768,sm7-7,Reverse Holofoil
20771,xy9-104,Reverse Holofoil
20774,sv3pt5-20,Reverse Holofoil
20777,sv2-102,Reverse Holofoil
20779,xy6-43,Reverse Holofoil
20782,xy11-89,Reverse Holofoil
20793,sm9-4,Reverse Holofoil
20795,me1-2,Reverse Holofoil
20800,me1-55,Reverse Holofoil
20806,xy5-12,Reverse Holofoil
20818,ex11-66,Reverse Holofoil
20819,sv7-77,Reverse Holofoil
20821,bw2-32,Reverse Holofoil
20823,bw2-6,Reverse Holofoil
20826,sv8-143,Reverse Holofoil
20827,swsh1-81,Reverse Holofoil
20829,sm11-203,Reverse Holofoil
20830,sm7-86,Reverse Holofoil
20837,sv3pt5-121,Reverse Holofoil
20838,sv2-87,Reverse Holofoil
20843,xy6-28,Reverse Holofoil
20844,sm3-15,Reverse Holofoil
20847,ex2-14,Reverse Holofoil
20848,sv1-161,Reverse Holofoil
20854,sm11-128,Reverse Holofoil
20856,ex5-17,Reverse Holofoil
20860,ex11-62,Reverse Holofoil
20863,ex9-30,Reverse Holofoil
20865,pl2-47,Reverse Holofoil
20869,sm11-63,Reverse Holofoil
20871,sm4-39,Reverse Holofoil
20874,swsh4-105,Reverse Holofoil
20875,sv6-92,Reverse Holofoil
20877,bw8-124,Reverse Holofoil
20881,swsh3-108,Reverse Holofoil
20883,swsh35-56,Reverse Holofoil
20884,sm115-26,Reverse Holofoil
20885,sv8pt5-36,Reverse Holofoil
20889,sv6-124,Reverse Holofoil
20892,swsh9-113,Reverse Holofoil
20895,bw1-33,Reverse Holofoil
20897,sv8pt5-69,Reverse Holofoil
20899,sm10-49,Reverse Holofoil
20900,hgss3-46,Reverse Holofoil
20904,swsh6-38,Reverse Holofoil
20908,swsh5-34,Reverse Holofoil
20911,sv5-125,Reverse Holofoil
20917,pl3-5,Reverse Holofoil
20918,sv9-134,Reverse Holofoil
20923,ecard3-63,Reverse Holofoil
20927,swsh45-7,Reverse Holofoil
20928,sv3-38,Reverse Holofoil
20931,me1-128,Reverse Holofoil
20932,sv4pt5-9,Reverse Holofoil
20933,sv4-65,Reverse Holofoil
20936,ex2-71,Reverse Holofoil
20939,bw8-58,Reverse Holofoil
20940,sv4-179,Reverse Holofoil
20941,sv6pt5-42,Reverse Holofoil
20943,dp3-64,Reverse Holofoil
20948,sm6-65,Reverse Holofoil
20953,swsh1-18,Reverse Holofoil
20955,sv2-74,Reverse Holofoil
20960,ex16-49,Reverse Holofoil
20961,sm10-178,Reverse Holofoil
20965,ex15-20,Reverse Holofoil
20966,dp6-121,Reverse Holofoil
20973,sv8-131,Reverse Holofoil
20977,sm12-137,Reverse Holofoil
20979,zsv10pt5-82,Reverse Holofoil
20980,swsh12pt5-91,Reverse Holofoil
20983,dp2-58,Reverse Holofoil
20989,sv7-88,Reverse Holofoil
20992,bw4-18,Reverse Holofoil
20994,dp4-54,Reverse Holofoil
20997,ex15-47,Reverse Holofoil
20998,ex2-51,Reverse Holofoil
21000,sv6-102,Reverse Holofoil
21001,sm7-54,Reverse Holofoil
21003,bw4-87,Reverse Holofoil
21006,bw9-62,Reverse Holofoil
21008,swsh1-23,Reverse Holofoil
21011,ex12-8,Reverse Holofoil
21013,sm5-59,Reverse Holofoil
21018,sm11-177,Reverse Holofoil
21020,sm11-109,Reverse Holofoil
21024,bw8-81,Reverse Holofoil
21025,bw9-74,Reverse Holofoil
21026,sv8pt5-62,Reverse Holofoil
21033,dp7-2,Reverse Holofoil
21038,sm7-113,Reverse Holofoil
21040,sv10-75,Reverse Holofoil
21043,sm10-30,Reverse Holofoil
21048,sv1-77,Reverse Holofoil
21050,swsh1-82,Reverse Holofoil
21052,sv5-151,Reverse Holofoil
21053,sv8-112,Reverse Holofoil
21059,xy10-10,Reverse Holofoil
21065,ex11-58,Reverse Holofoil
21066,sv5-113,Reverse Holofoil
21067,swsh8-164,Reverse Holofoil
21070,ecard2-17,Reverse Holofoil
21071,sm3-6,Reverse Holofoil
21074,sv6-44,Reverse Holofoil
21077,ex9-79,Reverse Holofoil
21078,sm7-76,Reverse Holofoil
21079,sm4-9,Reverse Holofoil
21081,sv1-26,Reverse Holofoil
21083,ex16-5,Reverse Holofoil
21085,dp3-125,Reverse Holofoil
21087,sv3-172,Reverse Holofoil
21091,sv8-128,Reverse Holofoil
21093,swsh10-21,Reverse Holofoil
21094,xy8-110,Reverse Holofoil
21100,ex12-55,Reverse Holofoil
21101,pl2-40,Reverse Holofoil
21109,swsh12-149,Reverse Holofoil
21114,rsv10pt5-23,Reverse Holofoil
21115,pgo-39,Reverse Holofoil
21117,dp3-52,Reverse Holofoil
21123,sm2-54,Reverse Holofoil
21125,sv6-107,Reverse Holofoil
21126,sv5-9,Reverse Holofoil
21130,bw9-41,Reverse Holofoil
21132,bw1-89,Reverse Holofoil
21139,bw4-10,Reverse Holofoil
21141,ecard2-55,Reverse Holofoil
21143,ex16-88,Reverse Holofoil
21146,col1-67,Reverse Holofoil
21147,ecard1-156,Reverse Holofoil
21148,sm1-4,Reverse Holofoil
21151,sv10-149,Reverse Holofoil
21152,swsh7-102,Reverse Holofoil
21154,hgss1-99,Reverse Holofoil
21159,sm1-28,Reverse Holofoil
21160,pl2-42,Reverse Holofoil
21161,swsh6-67,Reverse Holofoil
21167,ex11-48,Reverse Holofoil
21169,sm10-59,Reverse Holofoil
21173,ecard3-9,Reverse Holofoil
21176,sv6-95,Reverse Holofoil
21178,bp-8,Reverse Holofoil
21179,ex6-38,Reverse Holofoil
21181,ex16-31,Reverse Holofoil
21186,xy9-46,Reverse Holofoil
21187,sm11-195,Reverse Holofoil
21191,dp3-6,Reverse Holofoil
21194,swsh4-65,Reverse Holofoil
21197,ecard1-86,Reverse Holofoil
21202,ex14-46,Reverse Holofoil
21203,sv3pt5-31,Reverse Holofoil
21206,ex10-25,Reverse Holofoil
21211,bw4-17,Reverse Holofoil
21213,swsh12-124,Reverse Holofoil
21214,col1-31,Reverse Holofoil
21217,rsv10pt5-68,Reverse Holofoil
21219,bw11-19,Reverse Holofoil
21220,dp6-1,Reverse Holofoil
21221,swsh8-65,Reverse Holofoil
21235,bw11-90,Reverse Holofoil
21239,xy12-51,Reverse Holofoil
21241,bw7-85,Reverse Holofoil
21242,bw1-36,Reverse Holofoil
21244,ex13-21,Reverse Holofoil
21247,ex1-67,Reverse Holofoil
21249,ex13-60,Reverse Holofoil
21250,sv3-111,Reverse Holofoil
21253,sv3pt5-88,Reverse Holofoil
21256,sm35-44,Reverse Holofoil
21258,xy4-41,Reverse Holofoil
21259,sv6-108,Reverse Holofoil
21263,hgss3-21,Reverse Holofoil
21272,dp3-15,Reverse Holofoil
21276,xy8-130,Reverse Holofoil
21278,sv1-70,Reverse Holofoil
21279,hgss3-48,Reverse Holofoil
21280,ex16-89,Reverse Holofoil
21281,sm6-19,Reverse Holofoil
21284,xy6-46,Reverse Holofoil
21288,sv6-74,Reverse Holofoil
21289,swsh9-15,Reverse Holofoil
21291,ex10-69,Reverse Holofoil
21292,dp4-51,Reverse Holofoil
21294,dp6-82,Reverse Holofoil
21296,sv10-46,Reverse Holofoil
21297,me1-62,Reverse Holofoil
21300,bw2-86,Reverse Holofoil
21302,pl1-45,Reverse Holofoil
21304,sv9-123,Reverse Holofoil
21309,sm35-3,Reverse Holofoil
21311,bw3-17,Reverse Holofoil
21314,zsv10pt5-72,Reverse Holofoil
21315,swsh3-87,Reverse Holofoil
21317,me1-114,Reverse Holofoil
21323,sv9-125,Reverse Holofoil
21326,swsh9-119,Reverse Holofoil
21329,swsh8-60,Reverse Holofoil
21332,sm5-96,Reverse Holofoil
21342,sv9-37,Reverse Holofoil
21346,ex5-54,Reverse Holofoil
21349,hgss1-33,Reverse Holofoil
21351,ex2-8,Reverse Holofoil
21353,xy5-138,Reverse Holofoil
21354,pl3-56,Reverse Holofoil
21355,swsh5-73,Reverse Holofoil
21356,sm3-109,Reverse Holofoil
21357,swsh6-16,Reverse Holofoil
21359,xy9-55,Reverse Holofoil
21360,swsh45-8,Reverse Holofoil
21362,hgss4-26,Reverse Holofoil
21365,sv4pt5-22,Reverse Holofoil
21366,sv4pt5-34,Reverse Holofoil
21369,sv1-87,Reverse Holofoil
21373,sv1-129,Reverse Holofoil
21378,rsv10pt5-34,Reverse Holofoil
21379,pl1-78,Reverse Holofoil
21380,dp4-38,Reverse Holofoil
21381,xy1-55,Reverse Holofoil
21384,g1-27,Reverse Holofoil
21385,swsh12-137,Reverse Holofoil
21386,hgss3-11,Reverse Holofoil
21387,swsh1-131,Reverse Holofoil
21389,sm3-58,Reverse Holofoil
21396,xy1-128,Reverse Holofoil
21400,sv9-130,Reverse Holofoil
21402,sm7-67,Reverse Holofoil
21405,ex9-81,Reverse Holofoil
21410,bw1-45,Reverse Holofoil
21411,sv8-63,Reverse Holofoil
21414,ex10-75,Reverse Holofoil
21417,xy10-110,Reverse Holofoil
21418,xy1-57,Reverse Holofoil
21420,dc1-16,Reverse Holofoil
21423,ex1-87,Reverse Holofoil
21425,rsv10pt5-55,Reverse Holofoil
21430,xy3-98,Reverse Holofoil
21432,bw3-19,Reverse Holofoil
21434,bw5-17,Reverse Holofoil
21435,sm4-88,Reverse Holofoil
21438,swsh4-61,Reverse Holofoil
21443,ex8-90,Reverse Holofoil
21447,xy7-52,Reverse Holofoil
21450,swsh6-76,Reverse Holofoil
21451,xy8-111,Reverse Holofoil
21453,sm12-6,Reverse Holofoil
21456,swsh7-56,Reverse Holofoil
21460,ecard1-5,Reverse Holofoil
21463,xy10-80,Reverse Holofoil
21465,xy11-1,Reverse Holofoil
21469,dc1-28,Reverse Holofoil
21472,bw3-70,Reverse Holofoil
21473,bw1-67,Reverse Holofoil
21475,sv10-175,Reverse Holofoil
21476,swsh45-27,Reverse Holofoil
21478,bw8-43,Reverse Holofoil
21479,swsh2-74,Reverse Holofoil
21480,sv4-99,Reverse Holofoil
21481,sv1-57,Reverse Holofoil
21484,sm7-55,Reverse Holofoil
21485,pl2-19,Reverse Holofoil
21490,swsh12-97,Reverse Holofoil
21493,me1-80,Reverse Holofoil
21495,bw10-5,Reverse Holofoil
21497,swsh6-140,Reverse Holofoil
21501,swsh12-62,Reverse Holofoil
21502,sv1-59,Reverse Holofoil
21505,ex15-19,Reverse Holofoil
21506,xy2-61,Reverse Holofoil
21508,sv2-90,Reverse Holofoil
21510,rsv10pt5-3,Reverse Holofoil
21513,ex7-44,Reverse Holofoil
21515,swsh4-110,Reverse Holofoil
21524,sv1-2,Reverse Holofoil
21527,swsh4-33,Reverse Holofoil
21528,sm75-23,Reverse Holofoil
21530,zsv10pt5-57,Reverse Holofoil
21543,swsh7-112,Reverse Holofoil
21544,ecard1-47,Reverse Holofoil
21550,sv3pt5-143,Reverse Holofoil
21552,dp4-79,Reverse Holofoil
21553,sm12-31,Reverse Holofoil
21560,bw9-81,Reverse Holofoil
21561,sv3pt5-87,Reverse Holofoil
21565,ex16-50,Reverse Holofoil
21569,swsh1-12,Reverse Holofoil
21570,swsh5-26,Reverse Holofoil
21572,ex3-58,Reverse Holofoil
21578,xy3-45,Reverse Holofoil
21579,bw6-96,Reverse Holofoil
21584,sm35-51,Reverse Holofoil
21585,xy1-36,Reverse Holofoil
21589,ex16-69,Reverse Holofoil
21595,swsh45-48,Reverse Holofoil
21598,sm10-58,Reverse Holofoil
21602,xy6-81,Reverse Holofoil
21608,dp6-34,Reverse Holofoil
21609,swsh2-60,Reverse Holofoil
21610,dp5-45,Reverse Holofoil
21611,ex11-83,Reverse Holofoil
21612,sv3pt5-16,Reverse Holofoil
21616,xy8-90,Reverse Holofoil
21621,col1-16,Reverse Holofoil
21622,sv4-30,Reverse Holofoil
21625,sv6-89,Reverse Holofoil
21626,bw7-96,Reverse Holofoil
21629,sv8pt5-40,Reverse Holofoil
21636,xy4-50,Reverse Holofoil
21638,pl2-60,Reverse Holofoil
21639,ex14-36,Reverse Holofoil
21648,sv6-12,Reverse Holofoil
21650,sv8-105,Reverse Holofoil
21651,xy4-69,Reverse Holofoil
21652,ex16-7,Reverse Holofoil
21653,swsh12-144,Reverse Holofoil
21655,pl1-40,Reverse Holofoil
21656,sm3-115,Reverse Holofoil
21660,hgss4-20,Reverse Holofoil
21662,bw11-97,Reverse Holofoil
21664,swsh4-114,Reverse Holofoil
21668,swsh3-42,Reverse Holofoil
21669,sv9-49,Reverse Holofoil
21670,swsh5-30,Reverse Holofoil
21674,sv8-40,Reverse Holofoil
21675,sm12-205,Reverse Holofoil
21676,ecard2-18,Reverse Holofoil
21680,ex9-5,Reverse Holofoil
21682,ecard3-23,Reverse Holofoil
21686,sm12-116,Reverse Holofoil
21687,xy11-69,Reverse Holofoil
21688,sv5-43,Reverse Holofoil
21694,ex14-63,Reverse Holofoil
21695,ex11-96,Reverse Holofoil
21697,g1-73,Reverse Holofoil
21699,swsh8-68,Reverse Holofoil
21700,sm12-164,Reverse Holofoil
21701,bw11-94,Reverse Holofoil
21702,sm9-26,Reverse Holofoil
21704,sm7-44,Reverse Holofoil
21705,sv7-17,Reverse Holofoil
21706,ex3-64,Reverse Holofoil
21709,dp6-97,Reverse Holofoil
21712,zsv10pt5-22,Reverse Holofoil
21713,sm7-52,Reverse Holofoil
21714,dp5-8,Reverse Holofoil
21715,bw8-56,Reverse Holofoil
21720,ex9-24,Reverse Holofoil
21722,bw9-75,Reverse Holofoil
21725,bw11-46,Reverse Holofoil
21730,sv10-77,Reverse Holofoil
21732,sv4pt5-10,Reverse Holofoil
21735,sm7-22,Reverse Holofoil
21746,sv8-163,Reverse Holofoil
21748,ex8-61,Reverse Holofoil
21749,sv8-188,Reverse Holofoil
21752,sv5-2,Reverse Holofoil
21753,sm11-74,Reverse Holofoil
21755,sm1-17,Reverse Holofoil
21756,ex14-10,Reverse Holofoil
21757,ex12-15,Reverse Holofoil
21759,ex8-84,Reverse Holofoil
21761,sv4pt5-84,Reverse Holofoil
21763,sm12-160,Reverse Holofoil
21765,sv8-117,Reverse Holofoil
21767,swsh6-94,Reverse Holofoil
21768,xy3-17,Reverse Holofoil
21774,bw3-47,Reverse Holofoil
21777,hgss2-68,Reverse Holofoil
21778,bw1-40,Reverse Holofoil
21780,ex15-36,Reverse Holofoil
21782,swsh6-11,Reverse Holofoil
21783,bw6-64,Reverse Holofoil
21785,swsh5-128,Reverse Holofoil
21786,ex3-61,Reverse Holofoil
21790,sv2-99,Reverse Holofoil
21794,sm10-87,Reverse Holofoil
21798,ex16-18,Reverse Holofoil
21802,xy6-25,Reverse Holofoil
21803,zsv10pt5-15,Reverse Holofoil
21805,dp1-43,Reverse Holofoil
21808,xy10-48,Reverse Holofoil
21809,swsh12pt5-127,Reverse Holofoil
21810,swsh12-159,Reverse Holofoil
21811,bw9-68,Reverse Holofoil
21814,sm6-4,Reverse Holofoil
21817,xy3-99,Reverse Holofoil
21822,ecard3-91,Reverse Holofoil
21823,base6-75,Reverse Holofoil
21829,sv1-24,Reverse Holofoil
21830,sv6-113,Reverse Holofoil
21832,xy10-22,Reverse Holofoil
21833,dp6-84,Reverse Holofoil
21840,ex13-80,Reverse Holofoil
21845,sv2-36,Reverse Holofoil
21846,xy12-59,Reverse Holofoil
21849,ex11-81,Reverse Holofoil
21850,sv9-131,Reverse Holofoil
21853,bw6-2,Reverse Holofoil
21857,sm11-20,Reverse Holofoil
21858,me1-47,Reverse Holofoil
21859,sv8-71,Reverse Holofoil
21861,base6-34,Reverse Holofoil
21862,sv1-197,Reverse Holofoil
21864,swsh8-1,Reverse Holofoil
21865,me2-20,Reverse Holofoil
21876,sv5-47,Reverse Holofoil
21877,ex1-6,Reverse Holofoil
21878,swsh10-70,Reverse Holofoil
21883,sv5-89,Reverse Holofoil
21884,sm9-71,Reverse Holofoil
21885,dp4-80,Reverse Holofoil
21886,sv3-110,Reverse Holofoil
21887,hgss2-65,Reverse Holofoil
21889,dp3-90,Reverse Holofoil
21891,sv1-127,Reverse Holofoil
21892,swsh9-8,Reverse Holofoil
21898,xy4-71,Reverse Holofoil
21899,ex12-61,Reverse Holofoil
21903,sv7-92,Reverse Holofoil
21904,sv4pt5-30,Reverse Holofoil
21906,pl3-61,Reverse Holofoil
21909,sm6-30,Reverse Holofoil
21912,pl1-25,Reverse Holofoil
21913,sv8-24,Reverse Holofoil
21915,swsh10-137,Reverse Holofoil
21920,ex15-3,Reverse Holofoil
21926,bw8-10,Reverse Holofoil
21927,xy5-107,Reverse Holofoil
21928,pl1-114,Reverse Holofoil
21929,ex6-42,Reverse Holofoil
21930,dp5-79,Reverse Holofoil
21934,sm75-57,Reverse Holofoil
21938,sv10-159,Reverse Holofoil
21940,bw6-23,Reverse Holofoil
21941,dp5-96,Reverse Holofoil
21945,si1-14,Reverse Holofoil
21949,xy12-94,Reverse Holofoil
21951,ex11-41,Reverse Holofoil
21955,ex9-46,Reverse Holofoil
21956,ex14-42,Reverse Holofoil
21959,sv8-96,Reverse Holofoil
21962,swsh1-22,Reverse Holofoil
21964,xy5-46,Reverse Holofoil
21968,sm8-72,Reverse Holofoil
21969,sv3-77,Reverse Holofoil
21970,swsh6-13,Reverse Holofoil
21972,bw9-15,Reverse Holofoil
21976,sm3-51,Reverse Holofoil
21977,sv5-78,Reverse Holofoil
21979,pl1-66,Reverse Holofoil
21980,xy9-51,Reverse Holofoil
21985,bw4-80,Reverse Holofoil
21986,sm12-47,Reverse Holofoil
21989,sv6-46,Reverse Holofoil
21995,ecard2-49,Reverse Holofoil
21998,xy8-17,Reverse Holofoil
21999,xy5-27,Reverse Holofoil
22000,sm12-111,Reverse Holofoil
22006,xy3-70,Reverse Holofoil
22007,dp6-118,Reverse Holofoil
22010,dp7-67,Reverse Holofoil
22011,swsh5-141,Reverse Holofoil
22013,bw7-37,Reverse Holofoil
22016,xy2-2,Reverse Holofoil
22017,swsh2-166,Reverse Holofoil
22018,rsv10pt5-84,Reverse Holofoil
22020,sm5-64,Reverse Holofoil
22022,sm9-40,Reverse Holofoil
22025,swsh35-42,Reverse Holofoil
22032,sv4-31,Reverse Holofoil
22034,bw7-65,Reverse Holofoil
22036,xy9-58,Reverse Holofoil
22041,sm6-44,Reverse Holofoil
22043,swsh9-139,Reverse Holofoil
22047,hgss1-49,Reverse Holofoil
22049,bw2-69,Reverse Holofoil
22051,swsh1-46,Reverse Holofoil
22055,sm8-126,Reverse Holofoil
22056,ex7-38,Reverse Holofoil
22057,sv2-25,Reverse Holofoil
22060,hgss4-27,Reverse Holofoil
22061,ex5-12,Reverse Holofoil
22062,swsh8-51,Reverse Holofoil
22070,sm6-92,Reverse Holofoil
22071,pgo-33,Reverse Holofoil
22073,swsh12-100,Reverse Holofoil
22076,sm2-14,Reverse Holofoil
22077,swsh5-127,Reverse Holofoil
22078,sm12-68,Reverse Holofoil
22082,swsh3-172,Reverse Holofoil
22094,sv8pt5-95,Reverse Holofoil
22095,bw9-69,Reverse Holofoil
22097,dp5-91,Reverse Holofoil
22098,sv10-19,Reverse Holofoil
22099,xy9-37,Reverse Holofoil
22100,pl3-75,Reverse Holofoil
22106,bw3-71,Reverse Holofoil
22112,sv4-28,Reverse Holofoil
22114,xy1-102,Reverse Holofoil
22115,sm10-51,Reverse Holofoil
22118,sv4-66,Reverse Holofoil
22119,swsh5-118,Reverse Holofoil
22124,xy9-102,Reverse Holofoil
22125,pl1-17,Reverse Holofoil
22126,swsh10-135,Reverse Holofoil
22128,swsh12-157,Reverse Holofoil
22129,bw11-103,Reverse Holofoil
22142,sv7-66,Reverse Holofoil
22143,sv4-2,Reverse Holofoil
22145,base6-35,Reverse Holofoil
22148,sm11-201,Reverse Holofoil
22151,ex16-62,Reverse Holofoil
22158,g1-70,Reverse Holofoil
22160,xy1-3,Reverse Holofoil
22161,dp5-9,Reverse Holofoil
22170,sm3-124,Reverse Holofoil
22173,ex15-70,Reverse Holofoil
22174,sv9-10,Reverse Holofoil
22178,sm9-28,Reverse Holofoil
22180,sm2-52,Reverse Holofoil
22182,hgss4-71,Reverse Holofoil
22183,bw4-74,Reverse Holofoil
22184,swsh3-79,Reverse Holofoil
22186,ex5-43,Reverse Holofoil
22189,sv9-20,Reverse Holofoil
22193,sv7-33,Reverse Holofoil
22201,ex1-44,Reverse Holofoil
22202,sm2-72,Reverse Holofoil
22204,pl1-1,Reverse Holofoil
22205,sv3pt5-94,Reverse Holofoil
22206,dp6-73,Reverse Holofoil
22207,bw4-12,Reverse Holofoil
22210,swsh6-145,Reverse Holofoil
22212,bw10-18,Reverse Holofoil
22215,swsh2-118,Reverse Holofoil
22216,xy10-87,Reverse Holofoil
22219,sv3pt5-43,Reverse Holofoil
22222,swsh4-58,Reverse Holofoil
22227,col1-40,Reverse Holofoil
22228,sv10-86,Reverse Holofoil
22230,swsh12pt5-25,Reverse Holofoil
22232,sm4-33,Reverse Holofoil
22233,sv3pt5-81,Reverse Holofoil
22237,sm3-108,Reverse Holofoil
22238,hgss2-53,Reverse Holofoil
22239,xy5-39,Reverse Holofoil
22240,swsh35-60,Reverse Holofoil
22242,sm8-53,Reverse Holofoil
22243,xy5-104,Reverse Holofoil
22246,bw10-4,Reverse Holofoil
22248,swsh6-22,Reverse Holofoil
22250,hgss4-81,Reverse Holofoil
22257,rsv10pt5-83,Reverse Holofoil
22258,ex8-40,Reverse Holofoil
22261,ex12-80,Reverse Holofoil
22262,xy10-50,Reverse Holofoil
22267,pgo-46,Reverse Holofoil
22269,ex11-22,Reverse Holofoil
22270,ex7-18,Reverse Holofoil
22274,dp5-49,Reverse Holofoil
22275,xy7-11,Reverse Holofoil
22278,swsh7-159,Reverse Holofoil
22279,ex4-23,Reverse Holofoil
22280,dp6-132,Reverse Holofoil
22281,ex1-82,Reverse Holofoil
22286,ex5-87,Reverse Holofoil
22289,ex16-63,Reverse Holofoil
22294,xy3-73,Reverse Holofoil
22301,swsh10-93,Reverse Holofoil
22302,ex10-99,Reverse Holofoil
22305,col1-47,Reverse Holofoil
22308,swsh6-40,Reverse Holofoil
22310,bw6-115,Reverse Holofoil
22315,sv6-82,Reverse Holofoil
22319,sm10-11,Reverse Holofoil
22320,sm4-45,Reverse Holofoil
22321,sv9-106,Reverse Holofoil
22322,ex8-73,Reverse Holofoil
22323,bw2-8,Reverse Holofoil
22325,sv8-157,Reverse Holofoil
22326,ex8-63,Reverse Holofoil
22328,ex3-27,Reverse Holofoil
22329,sm35-68,Reverse Holofoil
22330,sm115-17,Reverse Holofoil
22332,sv8-136,Reverse Holofoil
22336,sm8-49,Reverse Holofoil
22337,bw4-3,Reverse Holofoil
22340,sm5-99,Reverse Holofoil
22344,ex14-88,Reverse Holofoil
22345,me2-65,Reverse Holofoil
22346,sv9-15,Reverse Holofoil
22348,sm5-78,Reverse Holofoil
22350,dp1-84,Reverse Holofoil
22351,sv3pt5-13,Reverse Holofoil
22352,dp2-42,Reverse Holofoil
22356,swsh4-161,Reverse Holofoil
22362,xy12-31,Reverse Holofoil
22364,dp7-44,Reverse Holofoil
22366,bw10-89,Reverse Holofoil
22368,swsh5-72,Reverse Holofoil
22369,ex1-19,Reverse Holofoil
22371,ex15-38,Reverse Holofoil
22372,sv8-10,Reverse Holofoil
22373,dp4-88,Reverse Holofoil
22376,sv8pt5-89,Reverse Holofoil
22380,ex6-73,Reverse Holofoil
22386,dp7-51,Reverse Holofoil
22387,hgss3-37,Reverse Holofoil
22388,sv8-170,Reverse Holofoil
22389,zsv10pt5-30,Reverse Holofoil
22395,xy5-66,Reverse Holofoil
22396,sv5-42,Reverse Holofoil
22401,xy6-6,Reverse Holofoil
22402,sv4-107,Reverse Holofoil
22404,sv7-127,Reverse Holofoil
22414,sm2-114,Reverse Holofoil
22415,xy8-30,Reverse Holofoil
22416,ex6-51,Reverse Holofoil
22418,sm10-46,Reverse Holofoil
22419,xy1-10,Reverse Holofoil
22422,bw8-4,Reverse Holofoil
22423,bw9-64,Reverse Holofoil
22425,sv3pt5-68,Reverse Holofoil
22426,swsh8-144,Reverse Holofoil
22428,pl1-60,Reverse Holofoil
22431,sm6-88,Reverse Holofoil
22432,bw4-40,Reverse Holofoil
22434,xy12-93,Reverse Holofoil
22436,swsh12-164,Reverse Holofoil
22437,bw10-64,Reverse Holofoil
22444,sm12-66,Reverse Holofoil
22445,hgss2-60,Reverse Holofoil
22446,bw5-48,Reverse Holofoil
22449,swsh7-161,Reverse Holofoil
22452,swsh10-105,Reverse Holofoil
22453,bw3-38,Reverse Holofoil
22457,sm3-36,Reverse Holofoil
22458,dp5-22,Reverse Holofoil
22470,sm10-182,Reverse Holofoil
22475,xy5-84,Reverse Holofoil
22476,bw1-5,Reverse Holofoil
22477,sv10-147,Reverse Holofoil
22483,sv5-91,Reverse Holofoil
22484,swsh3-106,Reverse Holofoil
22487,zsv10pt5-31,Reverse Holofoil
22488,sv1-100,Reverse Holofoil
22490,sv6-73,Reverse Holofoil
22498,swsh3-89,Reverse Holofoil
22499,ex6-90,Reverse Holofoil
22502,hgss3-8,Reverse Holofoil
22503,sv8-7,Reverse Holofoil
22508,swsh2-66,Reverse Holofoil
22510,swsh35-30,Reverse Holofoil
22511,me1-89,Reverse Holofoil
22512,sv10-146,Reverse Holofoil
22513,swsh2-167,Reverse Holofoil
22514,dp7-3,Reverse Holofoil
22518,xy1-82,Reverse Holofoil
22521,ex1-5,Reverse Holofoil
22523,swsh35-50,Reverse Holofoil
22526,sv4-87,Reverse Holofoil
22528,ecard3-118,Reverse Holofoil
22530,zsv10pt5-55,Reverse Holofoil
22532,sm2-23,Reverse Holofoil
22536,sv4-95,Reverse Holofoil
22540,sv4-33,Reverse Holofoil
22541,ex5-58,Reverse Holofoil
22542,ex14-51,Reverse Holofoil
22543,sv2-113,Reverse Holofoil
22545,sv7-91,Reverse Holofoil
22546,sv2-69,Reverse Holofoil
22553,ex6-43,Reverse Holofoil
22554,ecard2-43,Reverse Holofoil
22557,sm4-78,Reverse Holofoil
22558,g1-61,Reverse Holofoil
22559,xy2-8,Reverse Holofoil
22562,xy2-63,Reverse Holofoil
22564,swsh6-101,Reverse Holofoil
22567,bw1-42,Reverse Holofoil
22568,swsh6-42,Reverse Holofoil
22569,xy2-88,Reverse Holofoil
22571,swsh1-159,Reverse Holofoil
22573,ex3-34,Reverse Holofoil
22575,pl2-49,Reverse Holofoil
22583,ex1-17,Reverse Holofoil
22584,xy2-14,Reverse Holofoil
22589,sm8-119,Reverse Holofoil
22590,bw6-93,Reverse Holofoil
22594,xy2-18,Reverse Holofoil
22598,bw7-71,Reverse Holofoil
22599,pl3-2,Reverse Holofoil
22602,sv2-4,Reverse Holofoil
22604,bw3-87,Reverse Holofoil
22605,ex4-26,Reverse Holofoil
22606,xy11-27,Reverse Holofoil
22607,sv8-15,Reverse Holofoil
22608,dc1-27,Reverse Holofoil
22609,dp6-67,Reverse Holofoil
22610,me1-54,Reverse Holofoil
22620,bw8-88,Reverse Holofoil
22622,dp4-47,Reverse Holofoil
22626,sm9-80,Reverse Holofoil
22628,ecard1-50,Reverse Holofoil
22634,sv8-135,Reverse Holofoil
22639,sm9-41,Reverse Holofoil
22640,swsh2-133,Reverse Holofoil
22642,sm9-100,Reverse Holofoil
22644,swsh3-11,Reverse Holofoil
22646,sm1-71,Reverse Holofoil
22647,sv6-118,Reverse Holofoil
22649,base6-73,Reverse Holofoil
22650,dp7-36,Reverse Holofoil
22651,sv8-189,Reverse Holofoil
22652,ecard2-44,Reverse Holofoil
22653,swsh3-57,Reverse Holofoil
22657,xy5-88,Reverse Holofoil
22668,dp2-91,Reverse Holofoil
22669,swsh6-15,Reverse Holofoil
22673,sm115-3,Reverse Holofoil
22678,bw1-59,Reverse Holofoil
22680,me2-94,Reverse Holofoil
22681,swsh10-122,Reverse Holofoil
22683,bw8-110,Reverse Holofoil
22684,bw5-3,Reverse Holofoil
22685,sv2-85,Reverse Holofoil
22689,sm115-24,Reverse Holofoil
22692,sm75-54,Reverse Holofoil
22693,ex10-48,Reverse Holofoil
22696,swsh12pt5-24,Reverse Holofoil
22699,dp4-71,Reverse Holofoil
22701,sm8-118,Reverse Holofoil
22705,ex9-41,Reverse Holofoil
22710,sm6-50,Reverse Holofoil
22712,ecard3-47,Reverse Holofoil
22718,bw8-11,Reverse Holofoil
22722,sm7-20,Reverse Holofoil
22725,swsh8-69,Reverse Holofoil
22731,xy6-57,Reverse Holofoil
22734,dp7-85,Reverse Holofoil
22738,sv4-23,Reverse Holofoil
22739,sv8pt5-33,Reverse Holofoil
22740,swsh45-52,Reverse Holofoil
22742,sv6pt5-16,Reverse Holofoil
22746,hgss2-4,Reverse Holofoil
22747,ex3-17,Reverse Holofoil
22749,dp3-60,Reverse Holofoil
22755,bw7-59,Reverse Holofoil
22757,swsh6-44,Reverse Holofoil
22758,ex10-42,Reverse Holofoil
22762,sv1-42,Reverse Holofoil
22763,xy1-6,Reverse Holofoil
22765,base6-108,Reverse Holofoil
22771,swsh10-13,Reverse Holofoil
22772,sv1-151,Reverse Holofoil
22773,bw1-52,Reverse Holofoil
22775,ex10-66,Reverse Holofoil
22776,dp6-37,Reverse Holofoil
22781,ex11-23,Reverse Holofoil
22782,sv3-72,Reverse Holofoil
22784,g1-81,Reverse Holofoil
22785,hgss4-58,Reverse Holofoil
22792,sv3-44,Reverse Holofoil
22799,swsh7-63,Reverse Holofoil
22800,sv9-116,Reverse Holofoil
22801,sv5-124,Reverse Holofoil
22805,sm12-101,Reverse Holofoil
22808,sv1-41,Reverse Holofoil
22811,sm6-100,Reverse Holofoil
22814,sm4-5,Reverse Holofoil
22816,ex13-44,Reverse Holofoil
22817,sm7-80,Reverse Holofoil
22819,sv9-112,Reverse Holofoil
22820,xy4-59,Reverse Holofoil
22821,pl1-39,Reverse Holofoil
22823,ex6-6,Reverse Holofoil
22829,sv9-54,Reverse Holofoil
22840,si1-1,Reverse Holofoil
22841,bw2-31,Reverse Holofoil
22843,base6-39,Reverse Holofoil
22846,swsh1-27,Reverse Holofoil
22847,ex4-5,Reverse Holofoil
22848,xy7-3,Reverse Holofoil
22853,sv9-99,Reverse Holofoil
22854,sm5-17,Reverse Holofoil
22857,swsh7-145,Reverse Holofoil
22859,swsh7-84,Reverse Holofoil
22860,bw1-64,Reverse Holofoil
22861,bw1-39,Reverse Holofoil
22865,sv7-137,Reverse Holofoil
22867,sv10-9,Reverse Holofoil
22868,sv1-76,Reverse Holofoil
22874,sm7-18,Reverse Holofoil
22876,sv5-84,Reverse Holofoil
22878,bw3-86,Reverse Holofoil
22880,sm9-16,Reverse Holofoil
22881,sv9-86,Reverse Holofoil
22882,swsh10-66,Reverse Holofoil
22883,swsh8-87,Reverse Holofoil
22888,bw8-77,Reverse Holofoil
22889,sv3-171,Reverse Holofoil
22890,sm8-116,Reverse Holofoil
22892,sv2-88,Reverse Holofoil
22893,sm2-94,Reverse Holofoil
22895,sv6pt5-4,Reverse Holofoil
22898,sm9-12,Reverse Holofoil
22899,swsh6-77,Reverse Holofoil
22903,swsh12-147,Reverse Holofoil
22909,sm12-200,Reverse Holofoil
22913,sv4-79,Reverse Holofoil
22915,bw2-33,Reverse Holofoil
22926,dp6-52,Reverse Holofoil
22928,sv8-29,Reverse Holofoil
22929,zsv10pt5-6,Reverse Holofoil
22936,dp6-100,Reverse Holofoil
22939,bw5-39,Reverse Holofoil
22940,sv2-103,Reverse Holofoil
22945,sv2-81,Reverse Holofoil
22948,swsh1-11,Reverse Holofoil
22949,col1-84,Reverse Holofoil
22951,sm8-71,Reverse Holofoil
22953,xy5-60,Reverse Holofoil
22955,ex5-92,Reverse Holofoil
22957,ex3-37,Reverse Holofoil
22959,xy10-49,Reverse Holofoil
22961,sv2-60,Reverse Holofoil
22965,base6-56,Reverse Holofoil
22966,xy11-45,Reverse Holofoil
22968,bw2-45,Reverse Holofoil
22969,ex4-7,Reverse Holofoil
22970,xy5-121,Reverse Holofoil
22972,sm10-9,Reverse Holofoil
22973,ecard2-38,Reverse Holofoil
22975,ex11-24,Reverse Holofoil
22979,pl4-5,Reverse Holofoil
22982,sv6-63,Reverse Holofoil
22983,ex13-55,Reverse Holofoil
22985,xy9-107,Reverse Holofoil
22991,ex12-48,Reverse Holofoil
22992,sv6-158,Reverse Holofoil
22997,ex8-64,Reverse Holofoil
22998,ex7-16,Reverse Holofoil
22999,sv3pt5-66,Reverse Holofoil
23001,ex15-5,Reverse Holofoil
23003,xy7-71,Reverse Holofoil
23006,me1-73,Reverse Holofoil
23008,dp7-16,Reverse Holofoil
23012,sm4-3,Reverse Holofoil
23019,hgss1-23,Reverse Holofoil
23021,bw11-26,Reverse Holofoil
23026,sv3-67,Reverse Holofoil
23027,swsh10-146,Reverse Holofoil
23032,sm75-5,Reverse Holofoil
23038,dp5-95,Reverse Holofoil
23041,sm3-34,Reverse Holofoil
23042,xy7-16,Reverse Holofoil
23052,sv5-88,Reverse Holofoil
23053,sm5-10,Reverse Holofoil
23057,ex2-77,Reverse Holofoil
23059,pl3-71,Reverse Holofoil
23060,pl4-58,Reverse Holofoil
23062,sm1-29,Reverse Holofoil
23067,col1-52,Reverse Holofoil
23074,pl1-86,Reverse Holofoil
23078,sv9-148,Reverse Holofoil
23079,sm1-98,Reverse Holofoil
23084,sv10-179,Reverse Holofoil
23085,sv9-103,Reverse Holofoil
23086,pl2-65,Reverse Holofoil
23088,swsh6-135,Reverse Holofoil
23092,sm11-65,Reverse Holofoil
23094,bw9-63,Reverse Holofoil
23097,swsh10-52,Reverse Holofoil
23104,bw4-84,Reverse Holofoil
23108,ecard1-107,Reverse Holofoil
23109,sv4-56,Reverse Holofoil
23110,bw9-36,Reverse Holofoil
23113,sm1-52,Reverse Holofoil
23114,swsh4-47,Reverse Holofoil
23116,xy8-98,Reverse Holofoil
23118,pl3-112,Reverse Holofoil
23127,hgss3-62,Reverse Holofoil
23129,swsh4-92,Reverse Holofoil
23134,ex13-49,Reverse Holofoil
23135,sm35-19,Reverse Holofoil
23139,swsh8-147,Reverse Holofoil
23142,dp1-2,Reverse Holofoil
23145,base6-22,Reverse Holofoil
23149,swsh2-58,Reverse Holofoil
23158,sv7-87,Reverse Holofoil
23161,sv7-58,Reverse Holofoil
23163,sv2-77,Reverse Holofoil
23168,bw7-72,Reverse Holofoil
23169,sv3pt5-156,Reverse Holofoil
23171,me1-124,Reverse Holofoil
23174,xy7-40,Reverse Holofoil
23176,xy3-32,Reverse Holofoil
23179,ex2-50,Reverse Holofoil
23180,xy2-27,Reverse Holofoil
23184,sm7-38,Reverse Holofoil
23186,ex3-29,Reverse Holofoil
23188,bw6-32,Reverse Holofoil
23189,sm12-188,Reverse Holofoil
23190,bw4-89,Reverse Holofoil
23191,hgss4-25,Reverse Holofoil
23194,swsh7-79,Reverse Holofoil
23199,xy11-39,Reverse Holofoil
23202,ecard3-45,Reverse Holofoil
23203,sm2-69,Reverse Holofoil
23206,sv9-89,Reverse Holofoil
23209,ex11-29,Reverse Holofoil
23210,xy12-40,Reverse Holofoil
23212,bw8-83,Reverse Holofoil
23214,pl4-14,Reverse Holofoil
23216,sm8-81,Reverse Holofoil
23221,sm12-194,Reverse Holofoil
23228,ecard2-132,Reverse Holofoil
23235,swsh8-176,Reverse Holofoil
23239,dp3-2,Reverse Holofoil
23241,sv9-101,Reverse Holofoil
23242,bw7-7,Reverse Holofoil
23243,ex14-55,Reverse Holofoil
23244,sv1-110,Reverse Holofoil
23245,bw4-68,Reverse Holofoil
23246,sm11-179,Reverse Holofoil
23252,sv10-10,Reverse Holofoil
23254,sm6-68,Reverse Holofoil
23256,swsh8-81,Reverse Holofoil
23260,xy2-43,Reverse Holofoil
23268,sm8-185,Reverse Holofoil
23269,swsh2-112,Reverse Holofoil
23271,sv3pt5-134,Reverse Holofoil
23273,sm1-43,Reverse Holofoil
23280,xy1-43,Reverse Holofoil
23283,bw2-90,Reverse Holofoil
23284,bw8-73,Reverse Holofoil
23292,sv8-153,Reverse Holofoil
23294,sv8-20,Reverse Holofoil
23296,ex8-30,Reverse Holofoil
23297,dp1-40,Reverse Holofoil
23298,sm3-122,Reverse Holofoil
23302,hgss3-52,Reverse Holofoil
23305,sm3-78,Reverse Holofoil
23308,swsh8-38,Reverse Holofoil
23309,bw3-77,Reverse Holofoil
23310,sv4pt5-82,Reverse Holofoil
23312,sm8-41,Reverse Holofoil
23313,swsh8-122,Reverse Holofoil
23318,bw7-77,Reverse Holofoil
23319,rsv10pt5-36,Reverse Holofoil
23321,sm11-87,Reverse Holofoil
23324,swsh9-125,Reverse Holofoil
23325,swsh7-98,Reverse Holofoil
23327,col1-43,Reverse Holofoil
23328,ex13-15,Reverse Holofoil
23329,sm12-16,Reverse Holofoil
23337,sv4-15,Reverse Holofoil
23338,pl4-68,Reverse Holofoil
23342,bw11-96,Reverse Holofoil
23344,swsh10-35,Reverse Holofoil
23345,swsh45-49,Reverse Holofoil
23346,xy9-87,Reverse Holofoil
23348,bw10-57,Reverse Holofoil
23350,ex8-91,Reverse Holofoil
23352,xy12-73,Reverse Holofoil
23355,ex1-52,Reverse Holofoil
23356,sv7-117,Reverse Holofoil
23357,sv4-11,Reverse Holofoil
23358,xy6-10,Reverse Holofoil
23361,pl2-64,Reverse Holofoil
23364,sm5-127,Reverse Holofoil
23365,hgss2-27,Reverse Holofoil
23367,sm10-21,Reverse Holofoil
23370,ex4-62,Reverse Holofoil
23371,sm12-99,Reverse Holofoil
23374,sv6-98,Reverse Holofoil
23377,ex13-27,Reverse Holofoil
23379,sm6-70,Reverse Holofoil
23381,swsh5-12,Reverse Holofoil
23382,ex1-27,Reverse Holofoil
23384,swsh10-125,Reverse Holofoil
23385,ex3-84,Reverse Holofoil
23388,sv3pt5-129,Reverse Holofoil
23392,sv8pt5-53,Reverse Holofoil
23394,sv4-29,Reverse Holofoil
23397,hgss2-75,Reverse Holofoil
23399,swsh6-68,Reverse Holofoil
23402,swsh12-29,Reverse Holofoil
23403,sm7-65,Reverse Holofoil
23407,sv10-42,Reverse Holofoil
23410,pl3-51,Reverse Holofoil
23415,swsh35-51,Reverse Holofoil
23418,ecard3-127,Reverse Holofoil
23420,dp4-46,Reverse Holofoil
23421,sv3-90,Reverse Holofoil
23426,me2-28,Reverse Holofoil
23428,sv1-78,Reverse Holofoil
23430,sm1-63,Reverse Holofoil
23434,swsh2-163,Reverse Holofoil
23435,ecard1-83,Reverse Holofoil
23438,sv4-181,Reverse Holofoil
23439,ex5-22,Reverse Holofoil
23441,swsh5-15,Reverse Holofoil
23443,g1-40,Reverse Holofoil
23444,col1-57,Reverse Holofoil
23445,xy7-22,Reverse Holofoil
23449,xy8-109,Reverse Holofoil
23450,sv5-74,Reverse Holofoil
23454,ex8-77,Reverse Holofoil
23456,swsh4-53,Reverse Holofoil
23458,sv9-66,Reverse Holofoil
23461,sv1-176,Reverse Holofoil
23463,swsh10-115,Reverse Holofoil
23464,sm2-107,Reverse Holofoil
23466,sm3-57,Reverse Holofoil
23467,sv9-55,Reverse Holofoil
23468,ex14-7,Reverse Holofoil
23470,bw2-71,Reverse Holofoil
23475,sv7-78,Reverse Holofoil
23480,swsh6-151,Reverse Holofoil
23481,ex4-59,Reverse Holofoil
23484,sv7-99,Reverse Holofoil
23489,sv3pt5-96,Reverse Holofoil
23490,swsh9-84,Reverse Holofoil
23491,dp2-21,Reverse Holofoil
23495,ex14-78,Reverse Holofoil
23496,ex6-91,Reverse Holofoil
23502,swsh6-2,Reverse Holofoil
23503,swsh7-76,Reverse Holofoil
23505,pl1-109,Reverse Holofoil
23506,dp1-72,Reverse Holofoil
23510,swsh10-47,Reverse Holofoil
23514,swsh10-154,Reverse Holofoil
23515,g1-72,Reverse Holofoil
23516,bw6-60,Reverse Holofoil
23518,sm5-117,Reverse Holofoil
23529,xy8-10,Reverse Holofoil
23532,dp3-25,Reverse Holofoil
23533,ex13-5,Reverse Holofoil
23535,sv1-187,Reverse Holofoil
23537,sv2-3,Reverse Holofoil
23541,ex7-57,Reverse Holofoil
23542,swsh12pt5-109,Reverse Holofoil
23544,sm11-200,Reverse Holofoil
23545,sm8-131,Reverse Holofoil
23547,hgss2-77,Reverse Holofoil
23548,hgss1-61,Reverse Holofoil
23552,pl2-79,Reverse Holofoil
23554,ex6-12,Reverse Holofoil
23556,bw8-69,Reverse Holofoil
23558,sm8-162,Reverse Holofoil
23559,sv5-49,Reverse Holofoil
23560,xy5-126,Reverse Holofoil
23561,xy11-59,Reverse Holofoil
23562,ecard3-68,Reverse Holofoil
23568,sm9-78,Reverse Holofoil
23571,sm3-53,Reverse Holofoil
23572,sm5-69,Reverse Holofoil
23573,swsh3-176,Reverse Holofoil
23576,sv5-7,Reverse Holofoil
23580,ex7-36,Reverse Holofoil
23581,sv2-108,Reverse Holofoil
23582,sv8pt5-103,Reverse Holofoil
23588,ex7-7,Reverse Holofoil
23591,sv10-47,Reverse Holofoil
23596,hgss3-5,Reverse Holofoil
23605,dp4-44,Reverse Holofoil
23606,sm11-149,Reverse Holofoil
23609,sv6-60,Reverse Holofoil
23612,swsh4-46,Reverse Holofoil
23616,ex2-87,Reverse Holofoil
23617,swsh5-10,Reverse Holofoil
23618,xy4-45,Reverse Holofoil
23622,dp7-53,Reverse Holofoil
23625,sv3-93,Reverse Holofoil
23629,dp3-9,Reverse Holofoil
23630,g1-50,Reverse Holofoil
23632,sm75-35,Reverse Holofoil
23634,sm5-41,Reverse Holofoil
23635,bw10-50,Reverse Holofoil
23638,ex9-62,Reverse Holofoil
23641,swsh10-61,Reverse Holofoil
23642,xy8-55,Reverse Holofoil
23648,swsh35-39,Reverse Holofoil
23649,ex1-3,Reverse Holofoil
23650,sv10-2,Reverse Holofoil
23652,bw7-29,Reverse Holofoil
23654,bp-1,Reverse Holofoil
23655,sv8pt5-114,Reverse Holofoil
23668,ex14-11,Reverse Holofoil
23669,swsh1-5,Reverse Holofoil
23673,xy1-116,Reverse Holofoil
23675,pl2-70,Reverse Holofoil
23676,swsh9-35,Reverse Holofoil
23679,bw4-33,Reverse Holofoil
23682,sv1-163,Reverse Holofoil
23683,swsh12pt5-106,Reverse Holofoil
23685,ex13-46,Reverse Holofoil
23691,sv8-72,Reverse Holofoil
23694,pl3-40,Reverse Holofoil
23697,bw5-20,Reverse Holofoil
23699,xy11-37,Reverse Holofoil
23701,swsh12pt5-138,Reverse Holofoil
23703,sv1-48,Reverse Holofoil
23706,sv1-31,Reverse Holofoil
23708,ex9-36,Reverse Holofoil
23713,swsh12pt5-82,Reverse Holofoil
23715,dp1-76,Reverse Holofoil
23716,xy4-27,Reverse Holofoil
23717,bw5-58,Reverse Holofoil
23718,dp1-81,Reverse Holofoil
23719,pl2-73,Reverse Holofoil
23720,zsv10pt5-63,Reverse Holofoil
23721,sm7-128,Reverse Holofoil
23722,sm75-10,Reverse Holofoil
23723,dp6-66,Reverse Holofoil
23726,pl3-17,Reverse Holofoil
23728,sv7-60,Reverse Holofoil
23729,sv2-76,Reverse Holofoil
23730,sv10-22,Reverse Holofoil
23733,sm8-111,Reverse Holofoil
23736,swsh12pt5-136,Reverse Holofoil
23738,dp3-31,Reverse Holofoil
23739,sv8-187,Reverse Holofoil
23741,sv5-19,Reverse Holofoil
23742,sm3-13,Reverse Holofoil
23743,me1-34,Reverse Holofoil
23744,sv10-138,Reverse Holofoil
23748,ex6-46,Reverse Holofoil
23749,sv9-41,Reverse Holofoil
23751,ex10-4,Reverse Holofoil
23754,ex2-78,Reverse Holofoil
23757,sm3-23,Reverse Holofoil
23758,swsh6-106,Reverse Holofoil
23761,sv3pt5-5,Reverse Holofoil
23767,swsh7-140,Reverse Holofoil
23768,swsh1-69,Reverse Holofoil
23770,xy10-78,Reverse Holofoil
23771,ecard1-36,Reverse Holofoil
23777,bw1-8,Reverse Holofoil
23783,swsh5-92,Reverse Holofoil
23788,xy2-89,Reverse Holofoil
23790,swsh10-77,Reverse Holofoil
23794,sm8-57,Reverse Holofoil
23795,swsh9-3,Reverse Holofoil
23796,ecard1-58,Reverse Holofoil
23798,swsh5-134,Reverse Holofoil
23803,ecard1-21,Reverse Holofoil
23805,sv1-23,Reverse Holofoil
23809,sv3-115,Reverse Holofoil
23815,ex16-73,Reverse Holofoil
23816,ex12-29,Reverse Holofoil
23820,sv2-24,Reverse Holofoil
23824,sm11-213,Reverse Holofoil
23828,sv10-164,Reverse Holofoil
23831,sm11-31,Reverse Holofoil
23834,sm12-39,Reverse Holofoil
23840,bw10-42,Reverse Holofoil
23846,dp1-38,Reverse Holofoil
23847,xy8-24,Reverse Holofoil
23849,bw5-57,Reverse Holofoil
23850,sm11-18,Reverse Holofoil
23854,xy8-39,Reverse Holofoil
23855,dp3-26,Reverse Holofoil
23857,sv10-160,Reverse Holofoil
23859,hgss2-52,Reverse Holofoil
23864,swsh5-126,Reverse Holofoil
23866,ex3-46,Reverse Holofoil
23869,sm10-4,Reverse Holofoil
23873,sm5-55,Reverse Holofoil
23874,hgss1-25,Reverse Holofoil
23876,swsh35-11,Reverse Holofoil
23878,ex3-59,Reverse Holofoil
23882,sv3pt5-41,Reverse Holofoil
23885,bw7-122,Reverse Holofoil
23887,bw3-58,Reverse Holofoil
23891,dp5-81,Reverse Holofoil
23897,sv2-22,Reverse Holofoil
23898,swsh9-38,Reverse Holofoil
23899,sv8-141,Reverse Holofoil
23905,sv10-29,Reverse Holofoil
23906,sv8-58,Reverse Holofoil
23908,ex4-81,Reverse Holofoil
23909,ecard1-124,Reverse Holofoil
23911,dp2-9,Reverse Holofoil
23912,ex12-63,Reverse Holofoil
23913,sv10-153,Reverse Holofoil
23915,sm5-68,Reverse Holofoil
23916,sm11-89,Reverse Holofoil
23918,pl3-24,Reverse Holofoil
23920,swsh8-204,Reverse Holofoil
23924,g1-30,Reverse Holofoil
23925,xy11-73,Reverse Holofoil
23927,ex11-91,Reverse Holofoil
23929,sm10-47,Reverse Holofoil
23930,swsh7-131,Reverse Holofoil
23931,ex6-18,Reverse Holofoil
23933,swsh45-13,Reverse Holofoil
23935,swsh6-61,Reverse Holofoil
23937,sv5-29,Reverse Holofoil
23941,bw11-93,Reverse Holofoil
23942,ex16-39,Reverse Holofoil
23947,sm6-54,Reverse Holofoil
23959,swsh10-36,Reverse Holofoil
23962,sv5-103,Reverse Holofoil
23965,xy1-14,Reverse Holofoil
23966,sv2-7,Reverse Holofoil
23970,sv4pt5-15,Reverse Holofoil
23971,sm12-186,Reverse Holofoil
23973,ex5-52,Reverse Holofoil
23975,sv9-2,Reverse Holofoil
23978,ex2-46,Reverse Holofoil
23979,bw8-46,Reverse Holofoil
23980,sv5-106,Reverse Holofoil
23983,sm6-23,Reverse Holofoil
23989,sv6pt5-45,Reverse Holofoil
23990,dp2-71,Reverse Holofoil
23992,sv8-95,Reverse Holofoil
23994,sv3pt5-125,Reverse Holofoil
23995,sv8pt5-13,Reverse Holofoil
23996,sv3-195,Reverse Holofoil
24000,col1-71,Reverse Holofoil
24002,bw1-23,Reverse Holofoil
24003,xy11-29,Reverse Holofoil
24006,bw3-32,Reverse Holofoil
24007,ecard2-91,Reverse Holofoil
24008,xy1-15,Reverse Holofoil
24017,sm3-3,Reverse Holofoil
24019,sv6-9,Reverse Holofoil
24020,sm8-46,Reverse Holofoil
24021,sv10-124,Reverse Holofoil
24022,sm1-39,Reverse Holofoil
24024,swsh7-82,Reverse Holofoil
24025,bw10-86,Reverse Holofoil
24027,swsh6-142,Reverse Holofoil
24028,pl4-46,Reverse Holofoil
24030,sm7-74,Reverse Holofoil
24031,xy8-56,Reverse Holofoil
24035,sv3pt5-113,Reverse Holofoil
24036,xy1-119,Reverse Holofoil
24037,ecard1-4,Reverse Holofoil
24038,xy9-109,Reverse Holofoil
24039,sv8-100,Reverse Holofoil
24043,swsh8-115,Reverse Holofoil
24045,xy7-49,Reverse Holofoil
24047,sm8-194,Reverse Holofoil
24049,hgss1-42,Reverse Holofoil
24050,ex12-53,Reverse Holofoil
24051,sm1-25,Reverse Holofoil
24053,dp3-118,Reverse Holofoil
24054,sv9-47,Reverse Holofoil
24056,ex3-49,Reverse Holofoil
24063,sm11-36,Reverse Holofoil
24068,hgss1-56,Reverse Holofoil
24070,swsh1-157,Reverse Holofoil
24071,sv1-61,Reverse Holofoil
24072,ex9-66,Reverse Holofoil
24074,ex13-43,Reverse Holofoil
24076,bw4-26,Reverse Holofoil
24077,base6-33,Reverse Holofoil
24080,sm9-44,Reverse Holofoil
24086,ex5-59,Reverse Holofoil
24087,swsh1-43,Reverse Holofoil
24088,xy1-63,Reverse Holofoil
24090,sv1-122,Reverse Holofoil
24093,bw2-87,Reverse Holofoil
24097,sm7-25,Reverse Holofoil
24098,swsh7-108,Reverse Holofoil
24101,sv7-129,Reverse Holofoil
24105,bw8-39,Reverse Holofoil
24108,sv3pt5-106,Reverse Holofoil
24112,xy4-77,Reverse Holofoil
24113,g1-3,Reverse Holofoil
24116,ecard3-126,Reverse Holofoil
24117,hgss3-24,Reverse Holofoil
24119,bw2-60,Reverse Holofoil
24120,bw8-63,Reverse Holofoil
24121,ex4-25,Reverse Holofoil
24123,sm35-12,Reverse Holofoil
24124,swsh6-60,Reverse Holofoil
24126,sm1-60,Reverse Holofoil
24127,ex3-41,Reverse Holofoil
24133,sm7-126,Reverse Holofoil
24134,bw9-20,Reverse Holofoil
24138,swsh10-85,Reverse Holofoil
24141,dp1-100,Reverse Holofoil
24142,ex4-45,Reverse Holofoil
24143,sv8-167,Reverse Holofoil
24145,sm10-156,Reverse Holofoil
24147,sm9-92,Reverse Holofoil
24148,sm4-43,Reverse Holofoil
24149,sm5-42,Reverse Holofoil
24150,ex14-19,Reverse Holofoil
24151,sv10-11,Reverse Holofoil
24152,swsh5-4,Reverse Holofoil
24153,swsh3-10,Reverse Holofoil
24154,rsv10pt5-15,Reverse Holofoil
24155,bw4-32,Reverse Holofoil
24156,swsh8-18,Reverse Holofoil
24157,sm11-116,Reverse Holofoil
24163,bw9-40,Reverse Holofoil
24164,dp7-20,Reverse Holofoil
24165,swsh9-46,Reverse Holofoil
24169,xy12-10,Reverse Holofoil
24171,sv2-73,Reverse Holofoil
24172,xy4-85,Reverse Holofoil
24176,sv3pt5-37,Reverse Holofoil
24178,xy3-50,Reverse Holofoil
24179,ex7-37,Reverse Holofoil
24180,sv9-7,Reverse Holofoil
24181,xy4-12,Reverse Holofoil
24182,sv10-15,Reverse Holofoil
24183,hgss4-16,Reverse Holofoil
24184,swsh2-109,Reverse Holofoil
24185,sv3-157,Reverse Holofoil
24187,sv3-190,Reverse Holofoil
24191,xy12-20,Reverse Holofoil
24192,sv6pt5-56,Reverse Holofoil
24193,ex12-7,Reverse Holofoil
24195,bw4-56,Reverse Holofoil
24197,pl3-65,Reverse Holofoil
24201,swsh1-156,Reverse Holofoil
24204,ex12-20,Reverse Holofoil
24205,sv7-107,Reverse Holofoil
24206,sm10-103,Reverse Holofoil
24209,swsh2-62,Reverse Holofoil
24210,bw7-12,Reverse Holofoil
24211,sm5-111,Reverse Holofoil
24212,ex8-94,Reverse Holofoil
24214,sv8pt5-44,Reverse Holofoil
24215,sm3-112,Reverse Holofoil
24218,bw6-110,Reverse Holofoil
24219,dp4-33,Reverse Holofoil
24224,bw11-50,Reverse Holofoil
24225,xy8-19,Reverse Holofoil
24226,sv3-168,Reverse Holofoil
24227,swsh8-216,Reverse Holofoil
24229,sm1-132,Reverse Holofoil
24230,bw8-22,Reverse Holofoil
24235,swsh6-17,Reverse Holofoil
24236,sv1-12,Reverse Holofoil
24237,xy12-55,Reverse Holofoil
24240,xy5-42,Reverse Holofoil
24244,sm8-109,Reverse Holofoil
24245,sv2-100,Reverse Holofoil
24250,sm2-59,Reverse Holofoil
24252,ex8-21,Reverse Holofoil
24253,sv10-28,Reverse Holofoil
24257,sv5-53,Reverse Holofoil
24262,swsh35-41,Reverse Holofoil
24265,me1-81,Reverse Holofoil
24267,ex8-37,Reverse Holofoil
24270,swsh7-22,Reverse Holofoil
24271,swsh6-96,Reverse Holofoil
24272,zsv10pt5-76,Reverse Holofoil
24274,sm2-90,Reverse Holofoil
24284,swsh12-37,Reverse Holofoil
24287,zsv10pt5-13,Reverse Holofoil
24291,ex7-59,Reverse Holofoil
24292,xy2-31,Reverse Holofoil
24293,sv5-46,Reverse Holofoil
24294,hgss2-70,Reverse Holofoil
24297,swsh8-24,Reverse Holofoil
24300,ex5-36,Reverse Holofoil
24301,swsh12pt5-9,Reverse Holofoil
24303,swsh6-19,Reverse Holofoil
24305,bw10-27,Reverse Holofoil
24308,sv1-20,Reverse Holofoil
24313,xy4-84,Reverse Holofoil
24317,dp4-56,Reverse Holofoil
24318,dp1-4,Reverse Holofoil
24323,sm4-71,Reverse Holofoil
24324,sm7-116,Reverse Holofoil
24329,me1-42,Reverse Holofoil
24336,bw10-47,Reverse Holofoil
24337,bw6-116,Reverse Holofoil
24339,zsv10pt5-14,Reverse Holofoil
24340,ecard2-61,Reverse Holofoil
24352,swsh12-67,Reverse Holofoil
24354,bw2-93,Reverse Holofoil
24356,sv8-26,Reverse Holofoil
24357,sv9-14,Reverse Holofoil
24358,swsh8-225,Reverse Holofoil
24363,swsh8-215,Reverse Holofoil
24366,swsh5-58,Reverse Holofoil
24368,swsh12pt5-111,Reverse Holofoil
24373,ecard3-80,Reverse Holofoil
24374,swsh10-4,Reverse Holofoil
24378,ex12-73,Reverse Holofoil
24382,xy2-56,Reverse Holofoil
24384,sv9-26,Reverse Holofoil
24395,sm8-64,Reverse Holofoil
24397,sm7-69,Reverse Holofoil
24400,ex1-106,Reverse Holofoil
24401,bw7-112,Reverse Holofoil
24403,bw5-55,Reverse Holofoil
24407,sv8-75,Reverse Holofoil
24413,swsh12-116,Reverse Holofoil
24414,ex14-72,Reverse Holofoil
24415,bw6-94,Reverse Holofoil
24417,ex11-76,Reverse Holofoil
24419,swsh9-132,Reverse Holofoil
24421,ex3-78,Reverse Holofoil
24425,dp7-50,Reverse Holofoil
24427,swsh5-37,Reverse Holofoil
24429,sv10-155,Reverse Holofoil
24432,dp4-42,Reverse Holofoil
24433,sv10-76,Reverse Holofoil
24437,swsh3-51,Reverse Holofoil
24439,rsv10pt5-43,Reverse Holofoil
24444,xy9-44,Reverse Holofoil
24450,swsh12pt5-69,Reverse Holofoil
24452,hgss4-64,Reverse Holofoil
24458,swsh7-25,Reverse Holofoil
24460,sv3pt5-69,Reverse Holofoil
24464,sm9-98,Reverse Holofoil
24465,ecard2-34,Reverse Holofoil
24466,swsh3-55,Reverse Holofoil
24471,bw1-90,Reverse Holofoil
24472,sv1-135,Reverse Holofoil
24473,sv5-5,Reverse Holofoil
24476,sv5-134,Reverse Holofoil
24477,ex1-85,Reverse Holofoil
24480,ex7-35,Reverse Holofoil
24482,bw9-66,Reverse Holofoil
24483,sv8pt5-7,Reverse Holofoil
24484,dp5-35,Reverse Holofoil
24486,ex2-1,Reverse Holofoil
24488,ex6-70,Reverse Holofoil
24493,swsh3-44,Reverse Holofoil
24500,hgss1-101,Reverse Holofoil
24501,ex4-28,Reverse Holofoil
24502,zsv10pt5-70,Reverse Holofoil
24503,swsh2-162,Reverse Holofoil
24508,sv7-70,Reverse Holofoil
24509,ecard2-130,Reverse Holofoil
24514,swsh10-121,Reverse Holofoil
24516,xy3-56,Reverse Holofoil
24519,bw3-33,Reverse Holofoil
24520,sm8-92,Reverse Holofoil
24521,sv8pt5-88,Reverse Holofoil
24526,xy11-17,Reverse Holofoil
24528,sv2-51,Reverse Holofoil
24529,swsh1-130,Reverse Holofoil
24531,swsh6-107,Reverse Holofoil
24532,hgss4-44,Reverse Holofoil
24534,xy4-11,Reverse Holofoil
24538,dp2-44,Reverse Holofoil
24539,sv6-65,Reverse Holofoil
24542,sm12-58,Reverse Holofoil
24547,sv4pt5-67,Reverse Holofoil
24549,hgss2-47,Reverse Holofoil
24550,xy4-14,Reverse Holofoil
24552,dp3-95,Reverse Holofoil
24554,dp4-85,Reverse Holofoil
24555,sm5-50,Reverse Holofoil
24560,pl1-4,Reverse Holofoil
24561,sv6pt5-35,Reverse Holofoil
24562,col1-79,Reverse Holofoil
24566,bw3-93,Reverse Holofoil
24567,sm11-189,Reverse Holofoil
24571,sm11-175,Reverse Holofoil
24575,sv9-27,Reverse Holofoil
24577,ex9-82,Reverse Holofoil
24578,sm3-14,Reverse Holofoil
24580,sv4-80,Reverse Holofoil
24582,bw1-24,Reverse Holofoil
24587,bw10-62,Reverse Holofoil
24588,swsh9-85,Reverse Holofoil
24592,ex4-64,Reverse Holofoil
24595,hgss4-19,Reverse Holofoil
24596,hgss2-61,Reverse Holofoil
24608,hgss2-14,Reverse Holofoil
24609,xy10-2,Reverse Holofoil
24612,sm5-110,Reverse Holofoil
24613,bw2-49,Reverse Holofoil
24619,ex7-3,Reverse Holofoil
24620,sv10-54,Reverse Holofoil
24629,col1-49,Reverse Holofoil
24636,base6-95,Reverse Holofoil
24638,pl1-18,Reverse Holofoil
24639,col1-36,Reverse Holofoil
24640,ex3-25,Reverse Holofoil
24642,sv1-115,Reverse Holofoil
24643,swsh3-38,Reverse Holofoil
24645,dp3-48,Reverse Holofoil
24650,sm35-54,Reverse Holofoil
24656,ex15-18,Reverse Holofoil
24665,ex8-79,Reverse Holofoil
24672,xy8-45,Reverse Holofoil
24674,dp1-23,Reverse Holofoil
24675,sv1-140,Reverse Holofoil
24677,base6-88,Reverse Holofoil
24678,bw2-76,Reverse Holofoil
24680,sv10-38,Reverse Holofoil
24683,sv6-50,Reverse Holofoil
24685,sv4-53,Reverse Holofoil
24689,pl3-11,Reverse Holofoil
24696,sv2-57,Reverse Holofoil
24697,sv3pt5-127,Reverse Holofoil
24698,ex16-57,Reverse Holofoil
24699,sm11-94,Reverse Holofoil
24701,xy2-4,Reverse Holofoil
24703,sm3-22,Reverse Holofoil
24708,dp1-110,Reverse Holofoil
24709,sv3pt5-91,Reverse Holofoil
24711,sv10-34,Reverse Holofoil
24712,sm4-72,Reverse Holofoil
24717,me1-90,Reverse Holofoil
24720,swsh12-30,Reverse Holofoil
24723,dp7-40,Reverse Holofoil
24724,xy1-26,Reverse Holofoil
24725,swsh2-20,Reverse Holofoil
24727,dp2-55,Reverse Holofoil
24732,ex4-18,Reverse Holofoil
24735,swsh6-115,Reverse Holofoil
24737,xy3-81,Reverse Holofoil
24738,ex12-3,Reverse Holofoil
24739,sm1-97,Reverse Holofoil
24742,dp1-46,Reverse Holofoil
24743,pl3-14,Reverse Holofoil
24746,ex2-86,Reverse Holofoil
24748,sv1-67,Reverse Holofoil
24751,ex7-92,Reverse Holofoil
24752,sm1-101,Reverse Holofoil
24755,sm1-64,Reverse Holofoil
24757,swsh7-17,Reverse Holofoil
24760,swsh12-121,Reverse Holofoil
24761,ex7-91,Reverse Holofoil
24762,pl4-78,Reverse Holofoil
24765,xy9-103,Reverse Holofoil
24766,sv7-100,Reverse Holofoil
24767,xy2-60,Reverse Holofoil
24771,xy4-54,Reverse Holofoil
24778,bw3-74,Reverse Holofoil
24779,ex10-23,Reverse Holofoil
24780,bw11-17,Reverse Holofoil
24783,xy4-48,Reverse Holofoil
24790,ex2-69,Reverse Holofoil
24792,pl4-43,Reverse Holofoil
24793,sm5-81,Reverse Holofoil
24800,swsh6-138,Reverse Holofoil
24801,dp5-66,Reverse Holofoil
24802,sv2-115,Reverse Holofoil
24803,swsh6-32,Reverse Holofoil
24805,sm11-69,Reverse Holofoil
24809,ecard2-138,Reverse Holofoil
24810,sv8pt5-9,Reverse Holofoil
24811,hgss2-25,Reverse Holofoil
24812,pl1-30,Reverse Holofoil
24813,sv8pt5-97,Reverse Holofoil
24815,pl4-41,Reverse Holofoil
24816,sm10-73,Reverse Holofoil
24819,pl4-11,Reverse Holofoil
24821,sv9-65,Reverse Holofoil
24822,swsh12pt5-78,Reverse Holofoil
24823,dp5-71,Reverse Holofoil
24824,sv1-40,Reverse Holofoil
24832,ex6-63,Reverse Holofoil
24833,dp1-50,Reverse Holofoil
24834,xy3-33,Reverse Holofoil
24839,ex4-1,Reverse Holofoil
24842,sv8-98,Reverse Holofoil
24843,sv4pt5-61,Reverse Holofoil
24844,ecard1-113,Reverse Holofoil
24848,dp5-65,Reverse Holofoil
24851,ex12-81,Reverse Holofoil
24853,swsh8-160,Reverse Holofoil
24856,ex13-70,Reverse Holofoil
24859,ex7-27,Reverse Holofoil
24863,bw8-19,Reverse Holofoil
24869,sv5-138,Reverse Holofoil
24870,hgss3-56,Reverse Holofoil
24871,ex10-24,Reverse Holofoil
24872,xy3-44,Reverse Holofoil
24874,xy2-3,Reverse Holofoil
24880,swsh35-28,Reverse Holofoil
24884,me1-76,Reverse Holofoil
24885,swsh9-99,Reverse Holofoil
24887,sm8-161,Reverse Holofoil
24893,swsh2-90,Reverse Holofoil
24894,rsv10pt5-86,Reverse Holofoil
24895,sv1-92,Reverse Holofoil
24898,sv3pt5-116,Reverse Holofoil
24901,rsv10pt5-76,Reverse Holofoil
24903,sv6-22,Reverse Holofoil
24904,xy10-17,Reverse Holofoil
24906,pl4-66,Reverse Holofoil
24908,sm115-63,Reverse Holofoil
24911,sm11-207,Reverse Holofoil
24922,sm3-48,Reverse Holofoil
24924,g1-69,Reverse Holofoil
24929,swsh10-11,Reverse Holofoil
24930,pl2-14,Reverse Holofoil
24935,me1-125,Reverse Holofoil
24936,swsh8-41,Reverse Holofoil
24950,dp4-63,Reverse Holofoil
24952,ecard2-41,Reverse Holofoil
24953,pl3-130,Reverse Holofoil
24954,sm5-114,Reverse Holofoil
24956,sm12-5,Reverse Holofoil
24958,bw8-51,Reverse Holofoil
24963,swsh6-28,Reverse Holofoil
24964,sv8-82,Reverse Holofoil
24969,dp7-48,Reverse Holofoil
24971,swsh3-46,Reverse Holofoil
24973,swsh9-19,Reverse Holofoil
24980,xy6-47,Reverse Holofoil
24982,xy3-88,Reverse Holofoil
24985,sv6pt5-29,Reverse Holofoil
24988,sm11-115,Reverse Holofoil
24989,sv6-85,Reverse Holofoil
24990,bw6-75,Reverse Holofoil
24995,ex4-72,Reverse Holofoil
24998,sv6-111,Reverse Holofoil
25001,ex2-33,Reverse Holofoil
25003,sm10-174,Reverse Holofoil
25005,swsh1-162,Reverse Holofoil
25010,sv4-126,Reverse Holofoil
25011,swsh9-92,Reverse Holofoil
25012,bw8-113,Reverse Holofoil
25013,bw6-66,Reverse Holofoil
25015,bw9-16,Reverse Holofoil
25017,swsh1-112,Reverse Holofoil
25018,sm5-79,Reverse Holofoil
25021,pl4-88,Reverse Holofoil
25023,dp2-74,Reverse Holofoil
25027,pl1-120,Reverse Holofoil
25028,bw6-97,Reverse Holofoil
25033,sv7-61,Reverse Holofoil
25037,sm7-79,Reverse Holofoil
25038,dp1-17,Reverse Holofoil
25039,xy5-57,Reverse Holofoil
25040,me2-6,Reverse Holofoil
25047,sv3pt5-111,Reverse Holofoil
25049,sm10-110,Reverse Holofoil
25050,hgss2-3,Reverse Holofoil
25053,ex15-75,Reverse Holofoil
25054,sv5-48,Reverse Holofoil
25055,dp3-43,Reverse Holofoil
25058,swsh10-152,Reverse Holofoil
25064,sv1-155,Reverse Holofoil
25068,pl2-77,Reverse Holofoil
25071,xy7-56,Reverse Holofoil
25074,bw2-38,Reverse Holofoil
25078,xy3-61,Reverse Holofoil
25080,ex8-67,Reverse Holofoil
25081,sm7-45,Reverse Holofoil
25084,dp6-83,Reverse Holofoil
25088,ex15-34,Reverse Holofoil
25092,xy8-53,Reverse Holofoil
25095,ex15-64,Reverse Holofoil
25096,swsh12pt5-12,Reverse Holofoil
25100,sm10-88,Reverse Holofoil
25104,sm8-94,Reverse Holofoil
25107,bw9-21,Reverse Holofoil
25109,rsv10pt5-24,Reverse Holofoil
25110,swsh9-91,Reverse Holofoil
25111,sm7-78,Reverse Holofoil
25115,swsh8-208,Reverse Holofoil
25118,xy1-66,Reverse Holofoil
25120,hgss1-44,Reverse Holofoil
25123,bw2-70,Reverse Holofoil
25125,sv8pt5-2,Reverse Holofoil
25129,sv6-34,Reverse Holofoil
25131,swsh5-120,Reverse Holofoil
25132,sv3pt5-22,Reverse Holofoil
25137,rsv10pt5-78,Reverse Holofoil
25142,swsh4-39,Reverse Holofoil
25146,ex11-60,Reverse Holofoil
25150,swsh7-127,Reverse Holofoil
25152,base6-53,Reverse Holofoil
25153,sm11-46,Reverse Holofoil
25155,swsh4-13,Reverse Holofoil
25156,ecard3-77,Reverse Holofoil
25165,base6-104,Reverse Holofoil
25166,ex13-76,Reverse Holofoil
25168,sm6-85,Reverse Holofoil
25169,xy5-11,Reverse Holofoil
25171,xy9-101,Reverse Holofoil
25172,swsh9-80,Reverse Holofoil
25178,sm10-17,Reverse Holofoil
25179,swsh10-150,Reverse Holofoil
25181,sv6-10,Reverse Holofoil
25185,pl1-15,Reverse Holofoil
25188,sm1-53,Reverse Holofoil
25189,ex10-55,Reverse Holofoil
25192,ex2-5,Reverse Holofoil
25195,sv7-111,Reverse Holofoil
25198,zsv10pt5-64,Reverse Holofoil
25202,ex16-37,Reverse Holofoil
25208,ex1-88,Reverse Holofoil
25209,bw9-87,Reverse Holofoil
25212,ex13-85,Reverse Holofoil
25215,swsh35-24,Reverse Holofoil
25221,xy4-57,Reverse Holofoil
25225,sv4-105,Reverse Holofoil
25229,swsh8-213,Reverse Holofoil
25230,sm2-11,Reverse Holofoil
25232,sv2-41,Reverse Holofoil
25233,sm4-47,Reverse Holofoil
25235,me2-72,Reverse Holofoil
25241,xy3-19,Reverse Holofoil
25243,dp6-134,Reverse Holofoil
25246,sv5-95,Reverse Holofoil
25248,sm1-55,Reverse Holofoil
25249,swsh6-136,Reverse Holofoil
25251,bw6-5,Reverse Holofoil
25254,bw9-65,Reverse Holofoil
25256,dp6-89,Reverse Holofoil
25258,ex16-54,Reverse Holofoil
25259,swsh2-54,Reverse Holofoil
25264,col1-58,Reverse Holofoil
25266,sv3-151,Reverse Holofoil
25271,sv10-94,Reverse Holofoil
25273,pl3-4,Reverse Holofoil
25275,ex2-90,Reverse Holofoil
25280,swsh9-94,Reverse Holofoil
25286,swsh4-67,Reverse Holofoil
25289,bw1-1,Reverse Holofoil
25293,sm2-37,Reverse Holofoil
25295,bw1-96,Reverse Holofoil
25296,swsh2-94,Reverse Holofoil
25301,sm12-100,Reverse Holofoil
25303,sm9-116,Reverse Holofoil
25309,sv4-164,Reverse Holofoil
25310,sv4-13,Reverse Holofoil
25312,hgss2-24,Reverse Holofoil
25320,rsv10pt5-70,Reverse Holofoil
25321,swsh6-137,Reverse Holofoil
25322,sv3pt5-74,Reverse Holofoil
25323,xy8-23,Reverse Holofoil
25324,ex16-14,Reverse Holofoil
25327,sm1-26,Reverse Holofoil
25328,swsh12-43,Reverse Holofoil
25331,dp1-29,Reverse Holofoil
25333,sv10-91,Reverse Holofoil
25334,sv6pt5-49,Reverse Holofoil
25337,base6-105,Reverse Holofoil
25338,xy4-90,Reverse Holofoil
25339,xy5-41,Reverse Holofoil
25340,xy7-26,Reverse Holofoil
25341,pgo-32,Reverse Holofoil
25345,swsh35-37,Reverse Holofoil
25347,dp1-109,Reverse Holofoil
25349,sv10-73,Reverse Holofoil
25350,ex9-52,Reverse Holofoil
25351,pl2-57,Reverse Holofoil
25353,dp6-21,Reverse Holofoil
25354,rsv10pt5-52,Reverse Holofoil
25355,sv9-149,Reverse Holofoil
25356,ex14-39,Reverse Holofoil
25357,hgss1-82,Reverse Holofoil
25360,dp2-60,Reverse Holofoil
25361,dp7-52,Reverse Holofoil
25365,swsh45-26,Reverse Holofoil
25369,sm115-65,Reverse Holofoil
25370,xy2-16,Reverse Holofoil
25372,sv8-99,Reverse Holofoil
25373,sm10-115,Reverse Holofoil
25375,xy4-76,Reverse Holofoil
25380,xy8-125,Reverse Holofoil
25381,dp5-50,Reverse Holofoil
25383,ecard2-66,Reverse Holofoil
25389,ex5-41,Reverse Holofoil
25391,sm10-157,Reverse Holofoil
25394,sv4pt5-81,Reverse Holofoil
25395,swsh12-161,Reverse Holofoil
25397,swsh7-105,Reverse Holofoil
25403,swsh45-11,Reverse Holofoil
25410,swsh12pt5-17,Reverse Holofoil
25412,swsh35-29,Reverse Holofoil
25417,sm7-34,Reverse Holofoil
25420,sv8-54,Reverse Holofoil
25422,sv6-27,Reverse Holofoil
25430,bw3-24,Reverse Holofoil
25436,sv6-103,Reverse Holofoil
25437,xy10-60,Reverse Holofoil
25438,bw10-25,Reverse Holofoil
25439,dp3-83,Reverse Holofoil
25441,hgss2-81,Reverse Holofoil
25444,sv9-110,Reverse Holofoil
25446,sm1-44,Reverse Holofoil
25451,sm115-41,Reverse Holofoil
25455,sm1-88,Reverse Holofoil
25456,ex4-88,Reverse Holofoil
25458,swsh6-34,Reverse Holofoil
25459,ex13-96,Reverse Holofoil
25463,sm8-56,Reverse Holofoil
25468,swsh9-71,Reverse Holofoil
25469,swsh6-141,Reverse Holofoil
25473,sv1-136,Reverse Holofoil
25476,bw11-78,Reverse Holofoil
25477,sv4-5,Reverse Holofoil
25479,sv1-99,Reverse Holofoil
25480,xy5-78,Reverse Holofoil
25481,swsh5-138,Reverse Holofoil
25483,sm7-26,Reverse Holofoil
25484,sv6pt5-53,Reverse Holofoil
25485,base6-23,Reverse Holofoil
25488,xy5-122,Reverse Holofoil
25494,swsh5-94,Reverse Holofoil
25495,swsh2-168,Reverse Holofoil
25499,dp5-23,Reverse Holofoil
25503,sv8pt5-118,Reverse Holofoil
25504,bw2-52,Reverse Holofoil
25505,bw7-121,Reverse Holofoil
25507,hgss3-50,Reverse Holofoil
25513,sv6-160,Reverse Holofoil
25516,xy8-11,Reverse Holofoil
25517,sv4-177,Reverse Holofoil
25519,bw11-7,Reverse Holofoil
25520,dp1-41,Reverse Holofoil
25521,ex6-9,Reverse Holofoil
25522,sm3-121,Reverse Holofoil
25523,hgss2-78,Reverse Holofoil
25524,xy7-12,Reverse Holofoil
25526,sm3-79,Reverse Holofoil
25529,bw7-56,Reverse Holofoil
25530,dp6-49,Reverse Holofoil
25532,xy1-78,Reverse Holofoil
25534,dp6-36,Reverse Holofoil
25538,swsh5-89,Reverse Holofoil
25540,ex15-45,Reverse Holofoil
25544,swsh12-122,Reverse Holofoil
25546,ex7-75,Reverse Holofoil
25547,pgo-2,Reverse Holofoil
25550,swsh8-227,Reverse Holofoil
25552,swsh12pt5-62,Reverse Holofoil
25555,swsh4-1,Reverse Holofoil
25558,xy12-88,Reverse Holofoil
25559,ex2-22,Reverse Holofoil
25562,xy1-112,Reverse Holofoil
25564,xy1-77,Reverse Holofoil
25568,sv3-107,Reverse Holofoil
25575,sm8-40,Reverse Holofoil
25576,sm8-28,Reverse Holofoil
25577,dp1-49,Reverse Holofoil
25578,sv5-31,Reverse Holofoil
25582,me1-6,Reverse Holofoil
25587,me1-71,Reverse Holofoil
25589,xy4-102,Reverse Holofoil
25593,dp7-29,Reverse Holofoil
25594,me2-78,Reverse Holofoil
25595,zsv10pt5-53,Reverse Holofoil
25596,swsh45-59,Reverse Holofoil
25597,xy5-80,Reverse Holofoil
25598,bw5-81,Reverse Holofoil
25605,swsh6-27,Reverse Holofoil
25606,ex9-51,Reverse Holofoil
25608,ex15-46,Reverse Holofoil
25613,xy4-83,Reverse Holofoil
25614,sm1-76,Reverse Holofoil
25620,sv6-151,Reverse Holofoil
25621,base6-92,Reverse Holofoil
25622,ex1-15,Reverse Holofoil
25627,dp1-95,Reverse Holofoil
25629,bw2-73,Reverse Holofoil
25631,bw6-17,Reverse Holofoil
25633,ex13-95,Reverse Holofoil
25634,sv1-165,Reverse Holofoil
25637,ex16-16,Reverse Holofoil
25639,sm12-192,Reverse Holofoil
25643,swsh7-10,Reverse Holofoil
25647,xy7-39,Reverse Holofoil
25650,pl3-1,Reverse Holofoil
25652,me2-64,Reverse Holofoil
25654,sm75-27,Reverse Holofoil
25655,sv9-137,Reverse Holofoil
25656,ex4-65,Reverse Holofoil
25657,ex6-65,Reverse Holofoil
25660,sv7-34,Reverse Holofoil
25667,sm10-121,Reverse Holofoil
25668,bw1-53,Reverse Holofoil
25670,dp2-8,Reverse Holofoil
25671,xy1-69,Reverse Holofoil
25672,ecard2-12,Reverse Holofoil
25675,xy2-29,Reverse Holofoil
25682,ecard1-89,Reverse Holofoil
25683,sm8-93,Reverse Holofoil
25684,sm7-58,Reverse Holofoil
25688,swsh4-94,Reverse Holofoil
25692,sm6-8,Reverse Holofoil
25693,bw11-6,Reverse Holofoil
25694,zsv10pt5-85,Reverse Holofoil
25696,sv2-121,Reverse Holofoil
25698,col1-66,Reverse Holofoil
25712,sv6pt5-31,Reverse Holofoil
25713,bw7-88,Reverse Holofoil
25716,sv3-192,Reverse Holofoil
25720,sv10-18,Reverse Holofoil
25723,sv8pt5-77,Reverse Holofoil
25725,swsh1-56,Reverse Holofoil
25729,sm75-14,Reverse Holofoil
25730,sm5-91,Reverse Holofoil
25735,swsh3-156,Reverse Holofoil
25736,ex16-85,Reverse Holofoil
25738,xy2-70,Reverse Holofoil
25739,sv6-101,Reverse Holofoil
25745,ex8-25,Reverse Holofoil
25747,swsh12pt5-30,Reverse Holofoil
25748,swsh8-25,Reverse Holofoil
25749,sv1-188,Reverse Holofoil
25750,ex1-4,Reverse Holofoil
25752,xy8-126,Reverse Holofoil
25756,xy8-94,Reverse Holofoil
25758,ex5-46,Reverse Holofoil
25759,ecard1-149,Reverse Holofoil
25760,sm9-63,Reverse Holofoil
25763,bw5-47,Reverse Holofoil
25768,ex13-22,Reverse Holofoil
25771,swsh12pt5-44,Reverse Holofoil
25774,pl4-12,Reverse Holofoil
25775,sv6pt5-1,Reverse Holofoil
25777,xy6-83,Reverse Holofoil
25779,dp7-55,Reverse Holofoil
25788,sm35-47,Reverse Holofoil
25791,sv4-94,Reverse Holofoil
25794,bw6-111,Reverse Holofoil
25795,sv6-49,Reverse Holofoil
25796,sv3pt5-64,Reverse Holofoil
25797,rsv10pt5-58,Reverse Holofoil
25798,swsh8-235,Reverse Holofoil
25802,bw1-13,Reverse Holofoil
25805,sm8-155,Reverse Holofoil
25810,ecard1-29,Reverse Holofoil
25814,xy11-102,Reverse Holofoil
25816,ex3-47,Reverse Holofoil
25821,me1-61,Reverse Holofoil
25822,swsh4-154,Reverse Holofoil
25826,ex6-96,Reverse Holofoil
25827,swsh10-10,Reverse Holofoil
25828,sv6-16,Reverse Holofoil
25830,ex3-35,Reverse Holofoil
25831,swsh6-43,Reverse Holofoil
25832,ecard2-65,Reverse Holofoil
25833,ecard2-104,Reverse Holofoil
25838,sv4pt5-48,Reverse Holofoil
25840,swsh12-87,Reverse Holofoil
25841,ex6-72,Reverse Holofoil
25842,dp3-87,Reverse Holofoil
25843,sm2-76,Reverse Holofoil
25847,ex1-40,Reverse Holofoil
25848,sv1-89,Reverse Holofoil
25852,xy11-16,Reverse Holofoil
25854,dp2-50,Reverse Holofoil
25860,sm7-131,Reverse Holofoil
25861,sv3-182,Reverse Holofoil
25870,sv3pt5-2,Reverse Holofoil
25871,sm5-28,Reverse Holofoil
25876,ex6-93,Reverse Holofoil
25879,ex1-60,Reverse Holofoil
25883,xy5-5,Reverse Holofoil
25884,sv3pt5-54,Reverse Holofoil
25888,swsh8-64,Reverse Holofoil
25889,sm10-106,Reverse Holofoil
25890,xy9-99,Reverse Holofoil
25894,ex7-6,Reverse Holofoil
25898,sv6-14,Reverse Holofoil
25899,sv3pt5-160,Reverse Holofoil
25902,sv8pt5-29,Reverse Holofoil
25903,sm12-50,Reverse Holofoil
25905,dp2-80,Reverse Holofoil
25906,swsh7-27,Reverse Holofoil
25911,sm1-74,Reverse Holofoil
25913,col1-18,Reverse Holofoil
25915,swsh12pt5-48,Reverse Holofoil
25916,hgss1-102,Reverse Holofoil
25921,bw11-5,Reverse Holofoil
25926,sm8-106,Reverse Holofoil
25934,pl1-75,Reverse Holofoil
25935,ex4-76,Reverse Holofoil
25936,sv5-32,Reverse Holofoil
25937,sv3-69,Reverse Holofoil
25938,ex16-6,Reverse Holofoil
25939,swsh1-83,Reverse Holofoil
25942,pl2-39,Reverse Holofoil
25943,ecard3-13,Reverse Holofoil
25944,swsh4-12,Reverse Holofoil
25945,me1-44,Reverse Holofoil
25947,xy1-40,Reverse Holofoil
25950,sv6-53,Reverse Holofoil
25953,col1-28,Reverse Holofoil
25954,zsv10pt5-7,Reverse Holofoil
25956,sm11-108,Reverse Holofoil
25957,ex1-41,Reverse Holofoil
25959,sm10-8,Reverse Holofoil
25960,sv6-133,Reverse Holofoil
25963,sv7-20,Reverse Holofoil
25966,ex7-1,Reverse Holofoil
25967,bw11-95,Reverse Holofoil
25970,sm2-41,Reverse Holofoil
25974,xy9-16,Reverse Holofoil
25976,xy1-37,Reverse Holofoil
25978,swsh4-109,Reverse Holofoil
25980,sm9-70,Reverse Holofoil
25981,bw1-83,Reverse Holofoil
25984,xy4-89,Reverse Holofoil
25990,sm11-186,Reverse Holofoil
25992,bw9-57,Reverse Holofoil
25993,dp4-20,Reverse Holofoil
25994,sm5-106,Reverse Holofoil
25995,pl3-78,Reverse Holofoil
25996,ex2-92,Reverse Holofoil
26000,sv4pt5-46,Reverse Holofoil
26003,swsh7-24,Reverse Holofoil
26005,bw5-75,Reverse Holofoil
26006,dp5-51,Reverse Holofoil
26010,sm9-103,Reverse Holofoil
26014,sv5-146,Reverse Holofoil
26017,swsh12pt5-39,Reverse Holofoil
26019,ecard3-130,Reverse Holofoil
26029,xy5-45,Reverse Holofoil
26034,ex13-59,Reverse Holofoil
26035,sv6-114,Reverse Holofoil
26037,sv3pt5-28,Reverse Holofoil
26039,sv4-119,Reverse Holofoil
26040,ex5-15,Reverse Holofoil
26042,xy5-96,Reverse Holofoil
26043,rsv10pt5-53,Reverse Holofoil
26048,sm10-37,Reverse Holofoil
26050,swsh2-23,Reverse Holofoil
26053,ex13-52,Reverse Holofoil
26055,ecard2-10,Reverse Holofoil
26056,bw11-16,Reverse Holofoil
26058,bw8-37,Reverse Holofoil
26059,ex12-70,Reverse Holofoil
26060,ex10-62,Reverse Holofoil
26061,ex8-65,Reverse Holofoil
26063,bw2-36,Reverse Holofoil
26064,bw8-23,Reverse Holofoil
26069,xy9-72,Reverse Holofoil
26070,sm2-48,Reverse Holofoil
26075,swsh7-162,Reverse Holofoil
26076,base6-17,Reverse Holofoil
26079,sv5-94,Reverse Holofoil
26082,xy10-40,Reverse Holofoil
26085,pl2-51,Reverse Holofoil
26086,swsh3-121,Reverse Holofoil
26090,swsh1-154,Reverse Holofoil
26095,xy3-40,Reverse Holofoil
26101,dp4-75,Reverse Holofoil
26106,xy7-45,Reverse Holofoil
26112,sm6-41,Reverse Holofoil
26114,pl2-98,Reverse Holofoil
26117,sv10-117,Reverse Holofoil
26120,swsh2-83,Reverse Holofoil
26125,dp2-7,Reverse Holofoil
26127,swsh8-189,Reverse Holofoil
26128,ex3-56,Reverse Holofoil
26131,rsv10pt5-48,Reverse Holofoil
26132,rsv10pt5-18,Reverse Holofoil
26137,swsh6-120,Reverse Holofoil
26139,sv4-171,Reverse Holofoil
26141,bw2-68,Reverse Holofoil
26142,sv10-36,Reverse Holofoil
26143,sm75-59,Reverse Holofoil
26144,base6-36,Reverse Holofoil
26145,ex13-11,Reverse Holofoil
26147,ex14-4,Reverse Holofoil
26151,sv4-145,Reverse Holofoil
26152,xy8-86,Reverse Holofoil
26154,hgss1-59,Reverse Holofoil
26156,sm10-190,Reverse Holofoil
26163,swsh8-233,Reverse Holofoil
26164,sv1-107,Reverse Holofoil
26166,bw7-45,Reverse Holofoil
26168,sm7-112,Reverse Holofoil
26169,sv3pt5-34,Reverse Holofoil
26171,swsh9-54,Reverse Holofoil
26176,sm3-33,Reverse Holofoil
26177,sm11-61,Reverse Holofoil
26179,swsh12pt5-92,Reverse Holofoil
26181,sm11-14,Reverse Holofoil
26182,sv8-113,Reverse Holofoil
26185,sv2-53,Reverse Holofoil
26186,sm11-95,Reverse Holofoil
26187,swsh1-54,Reverse Holofoil
26189,sm4-44,Reverse Holofoil
26190,sv10-21,Reverse Holofoil
26193,dp2-84,Reverse Holofoil
26196,sm7-39,Reverse Holofoil
26200,base6-13,Reverse Holofoil
26201,ex7-66,Reverse Holofoil
26204,sm12-195,Reverse Holofoil
26213,xy5-77,Reverse Holofoil
26214,swsh7-115,Reverse Holofoil
26215,swsh7-142,Reverse Holofoil
26216,sv8-180,Reverse Holofoil
26218,pl4-SH10,Reverse Holofoil
26220,sm3-19,Reverse Holofoil
26228,dp2-23,Reverse Holofoil
26230,swsh12-125,Reverse Holofoil
26233,hgss1-98,Reverse Holofoil
26236,swsh4-95,Reverse Holofoil
26237,xy1-68,Reverse Holofoil
26239,hgss4-41,Reverse Holofoil
26240,bw1-48,Reverse Holofoil
26243,me1-30,Reverse Holofoil
26244,sv3-187,Reverse Holofoil
26246,pl2-RT6,Reverse Holofoil
26247,sm5-65,Reverse Holofoil
26249,hgss1-28,Reverse Holofoil
26250,ex14-52,Reverse Holofoil
26251,xy2-32,Reverse Holofoil
26254,dp3-103,Reverse Holofoil
26257,dp5-10,Reverse Holofoil
26258,sv10-89,Reverse Holofoil
26259,sv6-87,Reverse Holofoil
26261,swsh9-36,Reverse Holofoil
26262,dp2-45,Reverse Holofoil
26263,sm12-24,Reverse Holofoil
26270,xy10-36,Reverse Holofoil
26273,ex6-97,Reverse Holofoil
26282,ex3-71,Reverse Holofoil
26283,swsh10-22,Reverse Holofoil
26284,sm2-126,Reverse Holofoil
26285,swsh8-161,Reverse Holofoil
26286,dp3-46,Reverse Holofoil
26292,sm9-93,Reverse Holofoil
26293,sv6-83,Reverse Holofoil
26296,swsh7-136,Reverse Holofoil
26297,ex9-64,Reverse Holofoil
26300,sv3-128,Reverse Holofoil
26301,bw7-23,Reverse Holofoil
26302,sv2-26,Reverse Holofoil
26305,sv8-179,Reverse Holofoil
26306,sv8-115,Reverse Holofoil
26308,swsh5-60,Reverse Holofoil
26313,xy10-81,Reverse Holofoil
26315,sm3-96,Reverse Holofoil
26318,me2-63,Reverse Holofoil
26324,rsv10pt5-57,Reverse Holofoil
26325,sm5-107,Reverse Holofoil
26327,swsh12-47,Reverse Holofoil
26330,sm1-79,Reverse Holofoil
26333,swsh5-83,Reverse Holofoil
26334,sv5-102,Reverse Holofoil
26336,sv6-155,Reverse Holofoil
26337,dp6-95,Reverse Holofoil
26338,swsh5-139,Reverse Holofoil
26342,sm10-153,Reverse Holofoil
26346,ecard1-6,Reverse Holofoil
26347,sv7-19,Reverse Holofoil
26350,sm8-192,Reverse Holofoil
26357,ex6-45,Reverse Holofoil
26358,dp3-104,Reverse Holofoil
26359,sv3-84,Reverse Holofoil
26361,me1-107,Reverse Holofoil
26365,ex12-68,Reverse Holofoil
26367,swsh2-135,Reverse Holofoil
26373,xy1-18,Reverse Holofoil
26374,sv1-109,Reverse Holofoil
26375,me1-41,Reverse Holofoil
26379,ecard2-39,Reverse Holofoil
26383,ecard3-96,Reverse Holofoil
26384,xy2-97,Reverse Holofoil
26385,swsh8-209,Reverse Holofoil
26396,sv5-33,Reverse Holofoil
26402,bw11-18,Reverse Holofoil
26404,sv3-158,Reverse Holofoil
26406,swsh8-145,Reverse Holofoil
26407,ex11-87,Reverse Holofoil
26408,bw1-49,Reverse Holofoil
26409,sm11-86,Reverse Holofoil
26411,swsh10-151,Reverse Holofoil
26412,sm10-116,Reverse Holofoil
26414,sv4-180,Reverse Holofoil
26415,sm10-150,Reverse Holofoil
26417,dp2-104,Reverse Holofoil
26420,sv7-35,Reverse Holofoil
26423,hgss4-50,Reverse Holofoil
26426,sv3pt5-4,Reverse Holofoil
26427,ex1-70,Reverse Holofoil
26428,xy1-13,Reverse Holofoil
26431,sm12-87,Reverse Holofoil
26432,sv1-149,Reverse Holofoil
26433,hgss3-78,Reverse Holofoil
26435,swsh4-151,Reverse Holofoil
26437,ex4-47,Reverse Holofoil
26438,ex11-7,Reverse Holofoil
26439,sm75-62,Reverse Holofoil
26446,sm6-16,Reverse Holofoil
26447,sv4-149,Reverse Holofoil
26448,sv8-101,Reverse Holofoil
26449,sv8-132,Reverse Holofoil
26450,sv6-52,Reverse Holofoil
26452,ex4-48,Reverse Holofoil
26454,sm2-62,Reverse Holofoil
26455,swsh3-22,Reverse Holofoil
26458,sv1-193,Reverse Holofoil
26461,ex8-85,Reverse Holofoil
26462,xy1-115,Reverse Holofoil
26464,ex9-26,Reverse Holofoil
26465,sv2-35,Reverse Holofoil
26469,sv9-22,Reverse Holofoil
26471,ex16-74,Reverse Holofoil
26474,sm8-75,Reverse Holofoil
26477,pl2-12,Reverse Holofoil
26478,dp6-40,Reverse Holofoil
26480,ex8-74,Reverse Holofoil
26481,sm10-7,Reverse Holofoil
26483,bw4-48,Reverse Holofoil
26486,xy6-19,Reverse Holofoil
26490,swsh3-173,Reverse Holofoil
26491,swsh2-96,Reverse Holofoil
26493,bw10-44,Reverse Holofoil
26498,xy2-72,Reverse Holofoil
26501,pl4-29,Reverse Holofoil
26502,swsh2-134,Reverse Holofoil
26503,ecard3-66,Reverse Holofoil
26504,bw1-61,Reverse Holofoil
26506,hgss3-36,Reverse Holofoil
26512,ex11-72,Reverse Holofoil
26514,xy2-90,Reverse Holofoil
26517,swsh2-41,Reverse Holofoil
26518,ex12-65,Reverse Holofoil
26519,pl4-61,Reverse Holofoil
26520,swsh9-117,Reverse Holofoil
26521,bw9-51,Reverse Holofoil
26522,bw9-76,Reverse Holofoil
26523,base6-21,Reverse Holofoil
26532,sm3-98,Reverse Holofoil
26534,swsh12-20,Reverse Holofoil
26536,sv6pt5-17,Reverse Holofoil
26537,sv8-122,Reverse Holofoil
26541,sv8-151,Reverse Holofoil
26542,sm3-61,Reverse Holofoil
26543,swsh3-56,Reverse Holofoil
26545,swsh8-85,Reverse Holofoil
26548,ex16-51,Reverse Holofoil
26549,sv3-68,Reverse Holofoil
26550,xy5-15,Reverse Holofoil
26552,hgss1-62,Reverse Holofoil
26555,sm10-24,Reverse Holofoil
26570,bw3-40,Reverse Holofoil
26572,sm7-118,Reverse Holofoil
26574,bw9-94,Reverse Holofoil
26575,sv3-186,Reverse Holofoil
26576,swsh4-91,Reverse Holofoil
26577,sm6-52,Reverse Holofoil
26580,sm9-136,Reverse Holofoil
26581,ex9-55,Reverse Holofoil
26583,sm9-139,Reverse Holofoil
26586,xy3-46,Reverse Holofoil
26587,g1-51,Reverse Holofoil
26589,dp7-7,Reverse Holofoil
26598,sm9-101,Reverse Holofoil
26599,sv5-30,Reverse Holofoil
26602,bw4-59,Reverse Holofoil
26604,sm10-34,Reverse Holofoil
26609,ex15-43,Reverse Holofoil
26612,sv7-106,Reverse Holofoil
26613,sv6-121,Reverse Holofoil
26614,sv3pt5-55,Reverse Holofoil
26619,sv4-143,Reverse Holofoil
26622,hgss1-74,Reverse Holofoil
26624,dp4-90,Reverse Holofoil
26630,ex6-8,Reverse Holofoil
26632,g1-44,Reverse Holofoil
26633,sm35-37,Reverse Holofoil
26636,sm3-114,Reverse Holofoil
26641,bw3-53,Reverse Holofoil
26642,col1-75,Reverse Holofoil
26646,swsh12pt5-58,Reverse Holofoil
26649,swsh8-106,Reverse Holofoil
26652,rsv10pt5-21,Reverse Holofoil
26653,sv2-119,Reverse Holofoil
26655,sm6-76,Reverse Holofoil
26658,xy12-23,Reverse Holofoil
26660,me1-102,Reverse Holofoil
26661,sm11-212,Reverse Holofoil
26666,sm12-49,Reverse Holofoil
26668,sm35-14,Reverse Holofoil
26671,xy3-12,Reverse Holofoil
26674,swsh35-6,Reverse Holofoil
26675,sm12-208,Reverse Holofoil
26676,xy2-65,Reverse Holofoil
26679,pl1-90,Reverse Holofoil
26684,ex3-6,Reverse Holofoil
26685,swsh4-125,Reverse Holofoil
26688,sv3pt5-27,Reverse Holofoil
26690,bw11-11,Reverse Holofoil
26693,swsh45-2,Reverse Holofoil
26696,sm8-76,Reverse Holofoil
26697,xy1-38,Reverse Holofoil
26700,swsh7-113,Reverse Holofoil
26705,ex2-38,Reverse Holofoil
26714,swsh1-129,Reverse Holofoil
26716,bw1-63,Reverse Holofoil
26717,xy5-36,Reverse Holofoil
26719,sv9-32,Reverse Holofoil
26721,me2-88,Reverse Holofoil
26722,sm3-73,Reverse Holofoil
26724,bw4-63,Reverse Holofoil
26728,ecard2-70,Reverse Holofoil
26732,bw6-42,Reverse Holofoil
26737,ecard3-97,Reverse Holofoil
26739,sm11-185,Reverse Holofoil
26740,ex1-7,Reverse Holofoil
26742,sm5-40,Reverse Holofoil
26743,sm8-183,Reverse Holofoil
26744,bw6-117,Reverse Holofoil
26745,ex1-34,Reverse Holofoil
26749,sm115-8,Reverse Holofoil
26750,sv3-147,Reverse Holofoil
26751,sv6pt5-18,Reverse Holofoil
26756,me1-87,Reverse Holofoil
26758,sm7-5,Reverse Holofoil
26759,sv10-33,Reverse Holofoil
26760,pl2-9,Reverse Holofoil
26763,pl1-19,Reverse Holofoil
26764,col1-55,Reverse Holofoil
26767,ecard1-111,Reverse Holofoil
26773,sm9-29,Reverse Holofoil
26774,swsh12-23,Reverse Holofoil
26776,bw8-125,Reverse Holofoil
26779,pl3-107,Reverse Holofoil
26781,sv2-120,Reverse Holofoil
26782,swsh12pt5-32,Reverse Holofoil
26785,sv5-56,Reverse Holofoil
26787,sm4-98,Reverse Holofoil
26788,sm2-17,Reverse Holofoil
26790,sv1-186,Reverse Holofoil
26793,xy6-56,Reverse Holofoil
26796,swsh6-148,Reverse Holofoil
26801,xy6-95,Reverse Holofoil
26804,ex1-32,Reverse Holofoil
26806,ex8-93,Reverse Holofoil
26811,swsh12pt5-5,Reverse Holofoil
26812,swsh8-10,Reverse Holofoil
26813,swsh7-155,Reverse Holofoil
26814,swsh9-86,Reverse Holofoil
26817,swsh35-43,Reverse Holofoil
26823,sv10-61,Reverse Holofoil
26824,pl2-13,Reverse Holofoil
26825,sm12-167,Reverse Holofoil
26826,hgss2-43,Reverse Holofoil
26827,xy10-106,Reverse Holofoil
26829,ex5-48,Reverse Holofoil
26830,sv4pt5-55,Reverse Holofoil
26834,sv3-173,Reverse Holofoil
26839,sm9-135,Reverse Holofoil
26840,sv9-95,Reverse Holofoil
26842,swsh10-159,Reverse Holofoil
26846,sv9-85,Reverse Holofoil
26847,sv6-117,Reverse Holofoil
26848,sm9-45,Reverse Holofoil
26849,xy6-63,Reverse Holofoil
26850,me1-33,Reverse Holofoil
26852,bw4-75,Reverse Holofoil
26853,dp7-59,Reverse Holofoil
26858,sm10-38,Reverse Holofoil
26860,rsv10pt5-27,Reverse Holofoil
26861,xy11-46,Reverse Holofoil
26867,sv1-47,Reverse Holofoil
26868,swsh12-98,Reverse Holofoil
26869,sm75-64,Reverse Holofoil
26870,sm11-33,Reverse Holofoil
26874,sv4-103,Reverse Holofoil
26876,swsh12pt5-139,Reverse Holofoil
26878,dp1-80,Reverse Holofoil
26880,swsh12pt5-15,Reverse Holofoil
26881,dp4-101,Reverse Holofoil
26883,swsh2-89,Reverse Holofoil
26885,bw3-2,Reverse Holofoil
26887,swsh1-30,Reverse Holofoil
26890,sm7-17,Reverse Holofoil
26893,dp2-106,Reverse Holofoil
26901,sv3pt5-25,Reverse Holofoil
26908,sm7-63,Reverse Holofoil
26916,ex1-46,Reverse Holofoil
26920,sv9-71,Reverse Holofoil
26921,dp6-51,Reverse Holofoil
26925,swsh5-45,Reverse Holofoil
26927,hgss4-63,Reverse Holofoil
26929,sv8-177,Reverse Holofoil
26930,swsh7-148,Reverse Holofoil
26932,ex8-60,Reverse Holofoil
26933,pgo-9,Reverse Holofoil
26934,xy1-49,Reverse Holofoil
26936,ex11-64,Reverse Holofoil
26937,ex13-54,Reverse Holofoil
26940,bw7-75,Reverse Holofoil
26941,sv4-112,Reverse Holofoil
26945,ex15-1,Reverse Holofoil
26946,sm12-113,Reverse Holofoil
26949,sm3-89,Reverse Holofoil
26954,bw9-52,Reverse Holofoil
26955,dp6-116,Reverse Holofoil
26956,xy12-33,Reverse Holofoil
26957,ex11-5,Reverse Holofoil
26960,ecard3-120,Reverse Holofoil
26963,ecard3-7,Reverse Holofoil
26964,sv3-76,Reverse Holofoil
26965,sv9-1,Reverse Holofoil
26966,ecard1-19,Reverse Holofoil
26968,bw2-67,Reverse Holofoil
26970,bw3-39,Reverse Holofoil
26975,ex14-3,Reverse Holofoil
26978,zsv10pt5-21,Reverse Holofoil
26979,ex4-14,Reverse Holofoil
26980,pl1-63,Reverse Holofoil
26982,pl4-56,Reverse Holofoil
26984,ex15-51,Reverse Holofoil
26985,dp3-88,Reverse Holofoil
26986,sm2-46,Reverse Holofoil
26987,xy2-33,Reverse Holofoil
26988,ex8-14,Reverse Holofoil
26989,xy1-95,Reverse Holofoil
26999,dp3-41,Reverse Holofoil
27000,pl2-99,Reverse Holofoil
27001,ex15-66,Reverse Holofoil
27002,bw7-50,Reverse Holofoil
27003,bw8-75,Reverse Holofoil
27005,sv1-185,Reverse Holofoil
27009,sv10-106,Reverse Holofoil
27012,sm75-39,Reverse Holofoil
27013,g1-4,Reverse Holofoil
27014,sm5-1,Reverse Holofoil
27020,ex3-70,Reverse Holofoil
27022,dp2-59,Reverse Holofoil
27026,sv7-141,Reverse Holofoil
27028,sm11-32,Reverse Holofoil
27032,bw5-37,Reverse Holofoil
27033,xy3-78,Reverse Holofoil
27039,xy6-48,Reverse Holofoil
27043,swsh12-151,Reverse Holofoil
27044,pl4-50,Reverse Holofoil
27046,dp7-70,Reverse Holofoil
27050,sm11-53,Reverse Holofoil
27052,ecard3-43,Reverse Holofoil
27059,sm1-77,Reverse Holofoil
27062,dp7-86,Reverse Holofoil
27063,sm35-15,Reverse Holofoil
27066,sm10-177,Reverse Holofoil
27067,xy12-47,Reverse Holofoil
27068,xy3-48,Reverse Holofoil
27069,sv6-78,Reverse Holofoil
27071,bw1-77,Reverse Holofoil
27074,ex6-99,Reverse Holofoil
27075,sv2-9,Reverse Holofoil
27077,pl3-62,Reverse Holofoil
27079,sm75-47,Reverse Holofoil
27080,xy2-54,Reverse Holofoil
27081,rsv10pt5-63,Reverse Holofoil
27082,swsh9-110,Reverse Holofoil
27085,sm2-109,Reverse Holofoil
27087,sm1-113,Reverse Holofoil
27088,xy4-64,Reverse Holofoil
27090,sm9-3,Reverse Holofoil
