mp_id,med_name,price
2,Hydrocillin Tab,259.74
3,Roxidine Forte,227.99
4,Dolotidine Cap,113.1
5,Hydroolol Max,370.91
6,Cipromab XR,255.31
7,Trixan Max,230.23
8,Zyloprazole Cream,266.78
9,Panvir Lite,137.66
10,Roxisartan DS,357.84
11,Maximab Inj,48.31
12,Norzol Tab,47.95
13,Hydrosartan Inj,326.24
14,Levobarb Gel,299.2
15,Claribarb SR,225.89
16,Maxiazole Lite,331.44
17,Neoazole SR,447.27
18,Fluprazole Forte,248.71
19,Ultrapril Inj,91.29
20,Acustat Ointment,60.86
21,Zylopril SR,71.61
22,Levozol Drops,388.03
23,Omnitidine Plus,421.42
24,Neoazole Ointment,223.39
25,Metadine DS,216.85
26,Norbarb DS,448.4
27,Dexlax SR,417.2
28,Hydrobarb Forte,336.75
29,Bioxan Inj,66.15
30,Neomycin Drops,420.31
31,Roxiazole Syrup,400.81
32,Doloxan XR,45.4
33,Neotidine Forte,78.85
34,Tribarb Syrup,290.4
35,Zyloazole Cap,209.74
36,Omnidine Forte,151.66
37,Acudine Cap,345.69
38,Nordine Max,159.7
39,Zylomab Tab,369.16
40,Fluquine Max,245.47
41,Roxizol Plus,77.25
42,Ultracept Cream,152.89
43,Hydrofen Lite,166.81
44,Dexbarb Cream,160.94
45,Levosartan SR,148.04
46,Norprazole Gel,227.99
47,Acumycin Max,110.73
48,Hydroquine Tab,143.7
49,Maxiolol Cream,135.81
50,Amoxicept Lite,493.33
51,Ciproprazole Cap,467.68
52,Triazole Gel,138
53,Neovir DS,492.79
54,Panmycin Plus,87.49
55,Panmycin XR,262.66
56,Ciprovir SR,210.35
57,Clariolol Ointment,156.01
58,Amoxivir SR,128.56
59,Norfen Forte,220.81
60,Panxan Max,412.68
61,Cipropril Drops,112.02
62,Claribarb Cap,91.4
63,Norlax Ointment,262.26
64,Dexpril Drops,154.88
65,Doloxan Gel,495.42
66,Tritidine Cap,222.66
67,Biosartan Lite,226.54
68,Neostat Drops,341.8
69,Biovir DS,336.31
70,Ultrapril Syrup,60.43
71,Ultraprazole Cap,75.07
72,Acupril Plus,238.86
73,Zyloazole Ointment,316.08
74,Panmab Forte,220.73
75,Zylomycin Max,29.68
76,Metavir SR,249.9
77,Panvir Ointment,84.44
78,Zylostat Plus,486.46
79,Cipromycin Gel,275.99
80,Maxisartan DS,290.59
81,Hydroolol Cream,209.64
82,Ciprofen Plus,64.58
83,Neodine Tab,65.39
84,Levolax DS,234.08
85,Amoxizol DS,485.18
86,Ciprobarb Inj,440.97
87,Roxistat Forte,30.5
88,Maximycin Forte,281.61
89,Neocillin Lite,106.74
90,Maxizol Cream,139.16
91,Metatidine Ointment,409.74
92,Roxixan Tab,105.87
93,Zylomab Lite,371.52
94,Roxifen Lite,457.39
95,Roxistat Plus,343.52
96,Dololax Lite,417.89
97,Clarimycin XR,62.88
98,Ciproquine Plus,209.69
99,Neoxan Forte,181.87
100,Pandine Syrup,212.08
101,Fluzol Forte,497.8
102,Norsartan Inj,123.32
103,Norzone SR,118.54
104,Metabarb Drops,143.35
105,Hydropril Ointment,258.51
106,Tripril Plus,50.23
107,Omnizol Forte,81.26
108,Cipropril Lite,124
109,Ciprovir Cream,176.65
110,Ciprocept Lite,142.06
111,Acumab Cream,176.99
112,Pansartan Tab,61.41
113,Ciprodine Inj,228.33
114,Zylosartan Tab,395.47
115,Panmycin Max,119.09
116,Claricept Cap,162.96
117,Omnidine Plus,383.55
118,Panvir Cap,19.22
119,Acuazole Forte,110.89
120,Maximab Drops,183.11
121,Clarimab DS,283.66
122,Biosartan Syrup,87.75
123,Amoxilax Inj,113.17
124,Fluprazole Plus,205.72
125,Claritidine Inj,329.22
126,Roxizone Inj,52.53
127,Biomycin Gel,457.09
128,Metastat Drops,436.74
129,Aculax Inj,357.12
130,Neocillin DS,441.33
131,Fluazole Cap,471.76
132,Maxidine Max,246.19
133,Levopril Cream,449.93
134,Metadine Ointment,262.07
135,Zyloquine XR,433.27
136,Biovir Lite,333.96
137,Hydrovir Lite,403.85
138,Clarizol Tab,141.65
139,Hydroolol Gel,356.79
140,Roxitidine Max,453.32
141,Dexcillin Forte,340.47
142,Tridine Cap,36.81
143,Metamab Lite,35.99
144,Roxisartan Ointment,496.77
145,Biovir Syrup,409.65
146,Levozol Max,168.24
147,Ciprotidine Max,332.13
148,Trivir Inj,201.85
149,Doloolol XR,367.47
150,Ultraolol Forte,296.33
151,Clariquine Cream,121.79
152,Dololax SR,295.69
153,Dextidine Forte,65.37
154,Amoximycin Syrup,354.83
155,Fluxan Cream,311.36
156,Clarizone Plus,108.59
157,Tricillin DS,304.87
158,Fluzol Cap,61.38
159,Maximab Cap,20.66
160,Ciprovir Forte,441.04
161,Zylodine Max,432.65
162,Norlax DS,102.82
163,Roxipril Cream,33.23
164,Dolozol Forte,169.47
165,Ultrastat Cream,480.82
166,Neolax XR,28.92
167,Norsartan Max,201.48
168,Pansartan Forte,42.59
169,Ciproquine Syrup,498.92
170,Dolozol Plus,15.19
171,Clarisartan Gel,49.04
172,Hydroazole Syrup,166.49
173,Maxistat Inj,36.54
174,Hydrodine Gel,261.06
175,Amoximycin Lite,96.24
176,Ultraolol Cream,296.85
177,Dolozol DS,107.56
178,Maxizol Ointment,160.71
179,Omnibarb Cap,386.05
180,Dolopril Gel,72.87
181,Dexbarb Tab,118
182,Panolol Drops,275.88
183,Levofen Lite,355.75
184,Neotidine Plus,431.71
185,Maxivir Tab,479.91
186,Normab Ointment,88.23
187,Levoquine Drops,311.31
188,Roxixan Ointment,360.61
189,Ultralax Max,446.65
190,Neoolol Lite,297.02
191,Dolosartan Cream,335.19
192,Biotidine Max,402.78
193,Levosartan Ointment,11.95
194,Biopril Cream,113.31
195,Triquine SR,215.83
196,Metaquine Plus,141.71
197,Levovir XR,390.49
198,Levoprazole Cream,278.78
199,Maxilax Ointment,298.68
200,Dexsartan Drops,220.9
201,Zylotidine Lite,491.83
202,Amoxipril Forte,40.73
203,Acucillin Lite,23.82
204,Omnistat Forte,365.69
205,Ultramycin Lite,71.49
206,Norazole Syrup,144.78
207,Omnisartan Syrup,395.47
208,Amoxiolol Plus,46.43
209,Tricillin Cap,280.64
210,Maxistat Cap,138.49
211,Acuzol XR,15.4
212,Dolocillin Tab,394.99
213,Maxiolol Max,331.87
214,Ciproprazole Ointment,65.69
215,Dexsartan Inj,194.02
216,Dolozol Gel,294.32
217,Zyloazole Cream,442.21
218,Omniazole Inj,365.28
219,Roxitidine Ointment,322.27
220,Levocillin Cream,202.46
221,Maximycin Cream,390.17
222,Ciproazole DS,43.7
223,Ultramycin Cream,379.33
224,Maximab Gel,68.44
225,Hydrovir Forte,16.12
226,Tribarb DS,49.69
227,Fluquine Drops,188.77
228,Ultrafen DS,7.52
229,Dolozol Cap,258.85
230,Acuxan Inj,324.14
231,Panzone Gel,96.81
232,Ultrafen Drops,311.53
233,Fluzone Lite,255.99
234,Zyloquine Syrup,476.12
235,Neopril Max,189.54
236,Hydroprazole Inj,391.21
237,Hydromab Syrup,498.24
238,Levocept Tab,169.7
239,Cipromycin Cream,55.08
240,Metazone Plus,203.08
241,Ciprofen Tab,291.56
242,Claribarb Cream,446.33
243,Panmycin Tab,372.38
244,Norfen XR,472.61
245,Roxicillin Forte,381.8
246,Zylotidine Ointment,339.52
247,Hydrozone Lite,241.04
248,Levovir Plus,88.57
249,Dexmab Lite,26.05
250,Ciprocillin Inj,34.57
251,Omnimycin Cap,72.56
252,Panzone Drops,321.29
253,Ultraxan Syrup,74.34
254,Neocillin Gel,153.38
255,Biomab Plus,480.53
256,Hydropril Inj,202.16
257,Bioazole Drops,351.75
258,Biocillin Ointment,178.91
259,Dexlax Drops,145.58
260,Biozol Drops,330.2
261,Amoxipril Syrup,407.72
262,Ultramab Gel,152.16
263,Roxiquine Lite,193.45
264,Flucept XR,74.65
265,Bioprazole Lite,180.4
266,Biotidine Gel,184.95
267,Metazol Gel,196.74
268,Triprazole Tab,449.08
269,Ultrafen Plus,61.19
270,Biobarb Ointment,158.69
271,Neozone Forte,37.97
272,Omnilax Max,123.98
273,Acuolol Cap,54.03
274,Zylozol DS,117.35
275,Fluazole Max,349.14
276,Zylofen Drops,171.62
277,Neoxan Syrup,451.97
278,Amoxiquine Syrup,433.65
279,Zylobarb SR,187.17
280,Ultraolol Cap,325.48
281,Panquine DS,184.96
282,Maxiquine Gel,370.77
283,Amoxiolol Cap,439.9
284,Hydroprazole Max,302.13
285,Dolotidine Tab,132.11
286,Hydroolol Cap,10.82
287,Amoxifen Cap,97.45
288,Ultrazol Syrup,386.69
289,Trizol Max,296.38
290,Ultracept Syrup,165.39
291,Levotidine Max,14.07
292,Panstat Lite,128.71
293,Doloolol Gel,84.59
294,Roxicillin Syrup,382.34
295,Omniazole XR,401.31
296,Trilax Ointment,206.11
297,Fluolol Inj,388.72
298,Levoolol Gel,259.89
299,Metaquine DS,435.2
300,Amoximab Plus,329.51
301,Pancillin Lite,239.13
302,Zylotidine Tab,439.76
303,Ultracept Cap,271.33
304,Trimycin Inj,114.77
305,Levozol Lite,457.82
306,Roxibarb Drops,490.27
307,Ciprosartan Cap,245.26
308,Ciprozone Cap,69.91
309,Acuquine Tab,106.38
310,Flumycin DS,308.33
311,Doloprazole Max,406.39
312,Norvir Ointment,153.95
313,Flucept Inj,179.98
314,Amoximycin Plus,399.28
315,Biopril Drops,496.13
316,Norvir Tab,54.05
317,Hydroquine Gel,185.76
318,Norzone Inj,105.25
319,Dexvir Cap,165.5
320,Roxiquine SR,177.02
321,Neocept DS,464.41
322,Roxifen Gel,189.36
323,Panzol Plus,306.94
324,Neocept Inj,8.16
325,Dexsartan XR,137.35
326,Fludine Gel,344.92
327,Omnistat Drops,103.51
328,Acuzol Drops,352.42
329,Metacillin Inj,225.88
330,Norazole XR,415.75
331,Levocillin Ointment,151.42
332,Neocept Gel,328.44
333,Omnicept Syrup,252.92
334,Ciprodine Ointment,186.96
335,Pantidine Cream,50.89
336,Zylostat Cream,166.29
337,Dexquine Forte,301.3
338,Metabarb Tab,87.86
339,Norxan Syrup,13.59
340,Neoazole Forte,57.36
341,Trivir Ointment,472.15
342,Omnimycin XR,419.63
343,Norolol Inj,150.8
344,Dolofen Cream,267.46
345,Dexcept Ointment,205.22
346,Acufen Inj,192.92
347,Hydrolax Plus,219.71
348,Acucept DS,73.05
349,Neoazole Gel,203.58
350,Roximab Plus,230.68
351,Panprazole Ointment,383.27
352,Normycin SR,71.14
353,Cipromycin Lite,82.04
354,Maxixan Cap,240.51
355,Dexolol Max,206.25
356,Nortidine Ointment,458.19
357,Roximycin Cream,219.46
358,Ciproquine DS,497.82
359,Norzone Tab,291.8
360,Normab Cream,334.57
361,Metazone Syrup,336.38
362,Acucept Cream,20.18
363,Roxizol Syrup,485.2
364,Roxizol Forte,345.04
365,Bioquine Ointment,6.78
366,Triazole XR,436.73
367,Ciproazole Plus,255.43
368,Zylostat Gel,377.51
369,Levodine Syrup,215.87
370,Hydrocillin SR,75.36
371,Zylofen Cream,150.19
372,Clarizone Forte,412.86
373,Hydrotidine Forte,209.25
374,Fluxan Syrup,446.71
375,Acuquine Drops,77.29
376,Norquine Forte,168.33
377,Maxiazole Inj,180.95
378,Levotidine Drops,233.78
379,Normycin Ointment,465.64
380,Norzone Gel,443.98
381,Ciprozol Cap,376.18
382,Panlax DS,426.37
383,Dexvir Gel,40.66
384,Dexzol Tab,407.43
385,Clarixan Cream,121.86
386,Levomab Syrup,458.11
387,Omnicept Cream,308.54
388,Omnicept Forte,435.41
389,Amoxibarb Lite,90.65
390,Fludine Lite,134.7
391,Maxilax SR,448.19
392,Dexprazole Cream,275.47
393,Dextidine Cap,448.66
394,Normab Inj,478.24
395,Norzol Plus,217.72
396,Tristat Drops,133.44
397,Amoxixan Tab,314.22
398,Fluolol SR,198.71
399,Roxisartan SR,246.8
400,Biofen Forte,181.17
401,Metafen Tab,399.86
402,Nortidine Gel,84.58
403,Norcillin Inj,304.71
404,Levocillin Max,281.28
405,Levoquine Cream,268.76
406,Maxitidine Gel,251.76
407,Dexmycin Ointment,486.46
408,Clarilax Plus,115.96
409,Flucept DS,15.61
410,Zylocept Lite,162.04
411,Flumab Syrup,301.4
412,Panmab Plus,109.49
413,Pandine Forte,235.17
414,Flulax Cap,334.14
415,Flustat Drops,193.56
416,Neozol Tab,321.97
417,Hydropril Cap,414.02
418,Hydrobarb Lite,28.93
419,Neoxan DS,396.87
420,Amoxiolol SR,280.96
421,Pantidine DS,12.67
422,Clarilax Forte,204.94
423,Acufen Cap,484.17
424,Dolofen Inj,7.28
425,Acutidine Gel,446.44
426,Panxan Inj,459.72
427,Maxilax Syrup,120.1
428,Triolol Ointment,489.47
429,Amoxistat DS,14.62
430,Zylodine Plus,357.54
431,Metamycin XR,355.56
432,Ciprotidine Drops,54.86
433,Dolofen Max,169.08
434,Norzone XR,13.12
435,Clariprazole Max,33.53
436,Claritidine Cap,488.78
437,Omnixan Cap,87.43
438,Biomycin XR,485.51
439,Zylozone XR,325.58
440,Metabarb Max,479.71
441,Metalax Inj,127.18
442,Omniolol Gel,46.65
443,Dexcept Plus,345.42
444,Acuzol Gel,194.19
445,Ultraprazole XR,296.49
446,Fluzone Inj,117.88
447,Hydroazole Ointment,242.45
448,Neocillin XR,61.02
449,Roxipril Inj,30.56
450,Nortidine Plus,375.88
451,Cipromab Cap,26.88
452,Clarizone Tab,274.9
453,Zylodine Drops,253.63
454,Maxiquine Forte,122.22
455,Ciprovir DS,90.64
456,Acuprazole Ointment,158.21
457,Ciprostat DS,409.21
458,Panfen Max,454.28
459,Panxan Syrup,79.6
460,Ciprocillin SR,127.56
461,Dolobarb Inj,397.46
462,Fluquine Syrup,245.95
463,Omnistat Tab,154.1
464,Omnimab Syrup,249.12
465,Levozone Ointment,321.44
466,Dexazole Gel,330.32
467,Flumycin XR,335.78
468,Maxitidine Inj,300.75
469,Flustat DS,390.8
470,Ultracept Forte,227.34
471,Maxiprazole Gel,7.16
472,Ultracept Tab,430.81
473,Zylozone SR,360
474,Zylobarb DS,463.78
475,Neoxan Ointment,190.54
476,Zylodine Cream,156.6
477,Metaolol Forte,218.22
478,Bioquine DS,78.78
479,Hydroolol Plus,464.06
480,Roxipril Forte,229.49
481,Maxicillin Cap,485.34
482,Trimab Drops,421.06
483,Maxixan Drops,203.32
484,Dolosartan Max,334.65
485,Dolosartan Drops,61.09
486,Claridine Gel,300.86
487,Maxicept XR,251.43
488,Amoxilax DS,29.67
489,Maxidine Gel,431.66
490,Dolovir Cream,436.55
491,Ciproazole Tab,78.03
492,Clariazole XR,414.68
493,Zylozone Gel,485.5
494,Flucillin XR,345.84
495,Dexxan Drops,153.59
496,Panbarb Plus,39.73
497,Amoxiazole Plus,17.01
498,Clarivir SR,355.14
499,Roxitidine DS,241.85
500,Ultraquine Max,79.13
501,Biofen Drops,170.08
502,Tritidine Tab,142.74
503,Panbarb XR,76.69
504,Zyloquine Inj,457.32
505,Dexsartan SR,225.87
506,Trixan SR,463.19
507,Hydrozone Max,439.35
508,Trifen Plus,367.43
509,Dolosartan Gel,303.85
510,Zylolax Syrup,266.45
511,Acutidine DS,13.36
512,Amoxiolol Max,274.15
513,Neobarb Syrup,357.19
514,Ultrazol Forte,119.8
515,Levobarb Cap,474.56
516,Biobarb Drops,13.48
517,Tripril Tab,209.77
518,Zyloolol Cap,426.09
519,Dexmycin SR,33.99
520,Neomab DS,133.88
521,Amoxibarb Tab,302.46
522,Neomycin Ointment,289.03
523,Claritidine Drops,329.43
524,Acuxan Tab,367.4
525,Ultratidine Tab,330.16
526,Omnicillin SR,472.07
527,Ultraprazole Gel,163.63
528,Clarisartan Max,495.11
529,Metasartan SR,417.17
530,Neotidine Cream,378.58
531,Claricillin Gel,191.91
532,Dexxan Gel,303.63
533,Clarizone Inj,362.96
534,Norquine Lite,336.87
535,Ultratidine DS,10.35
536,Norcept DS,228.22
537,Norolol Plus,8.84
538,Roxisartan Gel,34.93
539,Hydrovir Syrup,307.68
540,Metaxan DS,238.2
541,Trilax Cap,59.66
542,Levofen Gel,44.77
543,Metasartan XR,457.56
544,Dolozone Ointment,17.66
545,Amoxilax Ointment,32.46
546,Maxidine XR,206.88
547,Levocillin DS,88.81
548,Trizol DS,459.54
549,Levodine Tab,460.8
550,Biobarb Cap,242.93
551,Neotidine Drops,125.38
552,Roxifen SR,416.3
553,Neosartan Syrup,183.81
554,Norfen Cap,261.5
555,Ciproolol Lite,386.74
556,Levomab XR,330.8
557,Biomycin Forte,378.55
558,Acustat Drops,281.03
559,Metadine Forte,136.6
560,Hydroquine Forte,457.79
561,Ciprocillin Forte,225.69
562,Zylomab Max,175.8
563,Clarifen Inj,168.93
564,Omnizone Max,428.84
565,Fluvir Plus,301.75
566,Ciprotidine Ointment,209.86
567,Biozol Cream,220.15
568,Panfen DS,55.13
569,Levoolol Ointment,212.96
570,Fluzol Plus,198.95
571,Panfen Tab,109.33
572,Roxilax DS,398.96
573,Omnimab Gel,28.43
574,Bioquine Max,188.4
575,Hydropril Cream,8.76
576,Roxidine Max,497.51
577,Dolostat SR,101.93
578,Neoquine Tab,345.39
579,Zylofen Plus,293.52
580,Ultrasartan Tab,460.21
581,Ciproazole Cap,15.44
582,Metapril Cap,9.18
583,Flulax XR,18.98
584,Zylovir SR,394.46
585,Biomab Inj,265.76
586,Ultrapril XR,134.76
587,Maxicillin Drops,124.69
588,Levozol XR,143.28
589,Omniquine Forte,267.68
590,Zylozone Ointment,128.73
591,Amoxisartan Cap,445.81
592,Doloxan SR,434.74
593,Levoolol XR,137.34
594,Norstat Tab,254.18
595,Omnidine XR,285.2
596,Neofen Tab,457.12
597,Zylosartan Drops,32.49
598,Norolol DS,233.85
599,Omnilax Gel,142.78
600,Panolol Ointment,325.57
601,Omnitidine Max,171.49
602,Dexbarb Cap,232.28
603,Panprazole Lite,406.55
604,Triolol Lite,416.05
605,Amoxixan Cream,124.28
606,Metaprazole SR,433.09
607,Acumycin Forte,371.56
608,Acuxan Forte,362.47
609,Roxilax Max,360.14
610,Levoolol Tab,130.56
611,Roxiprazole XR,129.75
612,Tritidine Syrup,429.24
613,Flumab Max,119.67
614,Hydrodine Ointment,304.4
615,Cipromab Inj,283.3
616,Levofen Syrup,429.77
617,Roxizone XR,84.99
618,Metazone Ointment,38.55
619,Metadine Drops,427.45
620,Clarizone Cap,343.17
621,Ciprozol Syrup,62.95
622,Hydrodine XR,86.59
623,Ultralax Gel,479.28
624,Panquine Cap,309.36
625,Dexpril Inj,38.38
626,Dexzol Lite,496.04
627,Neocept Cap,247.71
628,Neoxan Inj,487.06
629,Zylosartan Lite,348.9
630,Omnicept Tab,498.8
631,Ciprocept Tab,264.34
632,Zyloxan Drops,309.33
633,Ciproolol Ointment,338.33
634,Zyloprazole Inj,480.45
635,Ultramab DS,102.35
636,Ultrastat Forte,335.39
637,Omnimab Tab,252.94
638,Ultrabarb Syrup,5.24
639,Levotidine SR,382.74
640,Biozone Ointment,394.87
641,Metazone Forte,125.7
642,Hydrofen Gel,59.5
643,Roximycin Drops,465.86
644,Panazole DS,491.65
645,Ultraolol Tab,449.21
646,Ciproprazole XR,368.09
647,Zylomab Ointment,484.48
648,Neocept Cream,34.43
649,Fluvir Lite,56.49
650,Zylocept Ointment,34.85
651,Omnizone Ointment,71.93
652,Ultraquine Gel,448.57
653,Metapril Ointment,213.35
654,Neozone Ointment,487.94
655,Tribarb Tab,57.52
656,Hydrostat DS,477.32
657,Zylocillin Lite,18.77
658,Dexmab Forte,175.43
659,Neoprazole Ointment,444.8
660,Dexvir Inj,80.04
661,Dolobarb DS,68.79
662,Hydrovir Inj,303.96
663,Dexazole XR,454.37
664,Biostat Lite,156.69
665,Acufen Cream,30.98
666,Metacillin Tab,259.76
667,Amoxiolol XR,21.17
668,Fluazole XR,329.75
669,Amoxizol Syrup,5.88
670,Dexmab Ointment,481.58
671,Amoxilax Cap,114.31
672,Panlax Syrup,112.65
673,Levostat Cream,296.81
674,Biosartan Inj,269.07
675,Maxilax DS,176.55
676,Levostat Cap,18.91
677,Roxiprazole DS,476.37
678,Dolovir Inj,467.79
679,Roxistat Max,75.29
680,Ultraprazole SR,188.01
681,Amoxixan Inj,305.44
682,Roxidine Cream,219.3
683,Omnimab XR,10.38
684,Trimycin Cap,297.44
685,Ciproprazole Syrup,390.95
686,Triquine Cap,97.57
687,Metacept Cap,117.9
688,Metaolol Drops,302.78
689,Trimab Inj,82.33
690,Metacept Gel,328.62
691,Trimab Gel,259.51
692,Maxicept Max,64.29
693,Ciprocept Forte,54.54
694,Maxistat Drops,360.54
695,Dolomab Ointment,115.8
696,Hydrozol Inj,488.49
697,Zyloxan SR,164.32
698,Dolocillin XR,448.23
699,Norvir Cream,16.78
700,Ciproazole Lite,256.42
701,Acupril Syrup,352.64
702,Panvir Max,468.57
703,Metapril DS,128.32
704,Dexolol Tab,97.85
705,Acuzol Inj,270.27
706,Neostat Ointment,301.19
707,Metavir Gel,153.38
708,Roxizol SR,437.04
709,Biosartan Cap,139.31
710,Ciprofen Forte,344.45
711,Dolostat Gel,233.26
712,Amoxitidine Tab,275.13
713,Dolofen Tab,293.49
714,Ultravir Gel,52.04
715,Amoxibarb Gel,112.64
716,Metalax XR,82.17
717,Maxizol Gel,464.61
718,Acuolol XR,14.08
719,Maxicept Tab,46.2
720,Pandine XR,8.3
721,Omniprazole Cap,394.19
722,Omnimycin Tab,205.87
723,Zyloolol DS,174.45
724,Norcillin Max,431.08
725,Roxipril SR,348.77
726,Levofen Cream,97.64
727,Zylocept SR,395.43
728,Ultravir Ointment,14.67
729,Dexzone Syrup,259.42
730,Metafen Drops,137.51
731,Hydrolax DS,193.4
732,Omnizol Cream,497.35
733,Neosartan Max,131.24
734,Zyloquine Lite,168.92
735,Roxiquine Syrup,115.4
736,Levostat DS,317.78
737,Ciproquine Max,392.93
738,Pancillin DS,194.33
739,Biotidine Forte,119.32
740,Dolopril Max,411.09
741,Amoxiprazole DS,156.46
742,Omnistat Syrup,49.49
743,Maxisartan XR,103.65
744,Levodine Max,49.61
745,Panpril Cap,379.43
746,Ultrafen Gel,246.09
747,Panstat Gel,430.19
748,Zyloolol Syrup,427.05
749,Dolodine Plus,150.69
750,Metamab Forte,374.88
751,Neolax Cap,24.94
752,Omnitidine Ointment,72.21
753,Biofen Syrup,226.36
754,Clariquine Gel,70.21
755,Neofen XR,229.28
756,Zylotidine Drops,282.48
757,Panzol Cream,379.87
758,Ultramycin Ointment,216.64
759,Tricillin Tab,46.54
760,Hydrovir Cream,139.33
761,Trisartan Syrup,247.03
762,Omnimycin Cream,420.86
763,Pantidine Tab,188.88
764,Roxibarb XR,132.63
765,Omnixan Gel,232.99
766,Panvir Cream,173.69
767,Clarizol Inj,107.89
768,Flutidine Max,370.08
769,Neozol DS,242.92
770,Ciproolol Cap,58.06
771,Metafen Plus,473.83
772,Metamab Cap,188.25
773,Acucillin Cap,112.92
774,Levozol Ointment,177.14
775,Omnisartan DS,401.13
776,Levoprazole Ointment,496.8
777,Dolotidine Forte,171.85
778,Biostat Drops,319.91
779,Clariazole SR,377.77
780,Ciprocept Inj,367.24
781,Dolozol Lite,246.68
782,Tristat Plus,303.92
783,Metavir Tab,236.68
784,Claristat Ointment,307.18
785,Claricept Lite,29.06
786,Neoprazole Cream,441.38
787,Maximycin DS,274.31
788,Tristat Tab,203.11
789,Fluprazole Drops,21.57
790,Triolol Forte,306.9
791,Levolax Forte,384.28
792,Dexolol Gel,200.49
793,Amoxitidine XR,421.05
794,Omniolol Drops,440.97
795,Acuzone Gel,317.73
796,Zyloolol Drops,472.13
797,Norvir XR,444.89
798,Zylopril Forte,222.16
799,Ultrazone Gel,251.67
800,Levodine Inj,34.08
801,Dexdine Tab,417.88
802,Acumycin Tab,307.15
803,Acupril Drops,439.55
804,Levoprazole Inj,322.83
805,Acubarb Ointment,414.31
806,Omnivir Lite,70.56
807,Roxisartan Lite,260.93
808,Metaazole Plus,452.82
809,Maxipril Inj,320.06
810,Hydrolax Gel,41.22
811,Biomycin Max,147.49
812,Panzone Max,201.99
813,Ultrapril Plus,490.91
814,Trimab Lite,25.53
815,Dexsartan Forte,39.89
816,Dexstat Max,434.77
817,Flucillin Tab,137.1
818,Dolomab DS,135.13
819,Neostat Cream,271.63
820,Zylovir Lite,18.04
821,Hydroprazole SR,221.34
822,Doloolol Cream,109.93
823,Maxiolol DS,349.88
824,Neozol Ointment,363.74
825,Ciprosartan Plus,310.11
826,Maximab Max,51.85
827,Roxiolol Cream,495.74
828,Roxisartan Cap,223.02
829,Maxicept Gel,252.15
830,Metaazole Cap,271.86
831,Ultracept XR,453.07
832,Zylopril Plus,109.45
833,Hydrocept Inj,301.57
834,Bioquine SR,155.96
835,Dexcillin Cream,413.81
836,Amoximycin SR,147.85
837,Levostat Ointment,131.6
838,Metatidine Forte,323.47
839,Dolozol Drops,166.34
840,Trisartan Ointment,262.22
841,Panlax Cap,287.54
842,Dexolol Inj,400.08
843,Doloazole Tab,299.6
844,Biocillin DS,246.68
845,Acusartan Ointment,483.52
846,Metazol DS,240.41
847,Dexcillin Cap,27.47
848,Panvir Drops,246.92
849,Bioazole DS,395.54
850,Clarilax Cream,141.1
851,Ultrapril Forte,29.27
852,Norlax Forte,151.93
853,Norprazole Tab,157.83
854,Ultraxan Inj,394.62
855,Norquine SR,331.37
856,Levovir Lite,405.57
857,Hydroxan Tab,348.32
858,Metazol Forte,464.49
859,Cipropril SR,64.74
860,Neozol Lite,335.12
861,Hydroolol SR,314.97
862,Metaazole Gel,441.25
863,Ciproquine Gel,287.68
864,Acuolol SR,172.45
865,Metacept Max,410.74
866,Ciprocillin Plus,204.76
867,Dexzone Forte,86.36
868,Dexdine Cream,423.97
869,Biopril Gel,153.87
870,Doloolol Inj,299.69
871,Bioazole Cream,286.83
872,Panprazole Syrup,366.93
873,Doloolol Syrup,290.88
874,Levoolol DS,447.58
875,Biomab Ointment,106.93
876,Norsartan Gel,270.11
877,Panzone Syrup,344.73
878,Norcillin Lite,337.94
879,Roxilax Ointment,489.85
880,Ultrafen Cream,401.12
881,Hydropril Max,449.21
882,Norcillin Ointment,279.14
883,Ultrapril Cream,321.62
884,Acuprazole Cream,61.13
885,Metazol Plus,452.86
886,Metavir Forte,230.07
887,Panzone Ointment,419
888,Ciprostat Forte,351.28
889,Zyloquine Cap,369.16
890,Biosartan Plus,452.48
891,Norcillin XR,475.34
892,Fluolol Gel,188.7
893,Claristat Plus,223.85
894,Ciproquine Inj,294.14
895,Acuolol Max,38.7
896,Biofen Lite,412.72
897,Tricillin Inj,259.36
898,Maxiquine Cream,467.84
899,Levosartan Max,448.08
900,Omnicillin Max,228.25
901,Levoxan XR,360.37
902,Pansartan Plus,322.62
903,Roxiprazole Forte,338.95
904,Levomab Cap,381.67
905,Tridine Ointment,7.3
906,Ultrazone Ointment,283.15
907,Panazole Cap,270.26
908,Acubarb Syrup,316.79
909,Neoolol Forte,274.42
910,Levomab Cream,471.46
911,Tripril Drops,446.33
912,Roxivir Syrup,441.75
913,Omniprazole Gel,426.81
914,Levopril XR,256.07
915,Ciprobarb Cream,331.02
916,Omnitidine DS,441.13
917,Tristat Inj,216.31
918,Fluazole Gel,343.84
919,Roxifen DS,144.37
920,Levobarb Plus,193.38
921,Bioxan Gel,299.24
922,Claridine Max,149.83
923,Metalax Cap,190.11
924,Neocept Ointment,328.11
925,Amoxixan Plus,176.29
926,Tricillin Plus,132.07
927,Biosartan Forte,199.01
928,Metaxan Lite,212.97
929,Dexpril SR,148.09
930,Levofen Drops,141.41
931,Flulax Gel,24.2
932,Dexmycin Plus,115.95
933,Levocillin Inj,477.51
934,Fluvir Forte,107.28
935,Ciprosartan Drops,261.31
936,Ultramycin Plus,410.24
937,Zylomycin Gel,69.04
938,Zylovir Plus,288.68
939,Maxivir Forte,365.1
940,Maxiazole Syrup,455.32
941,Dexazole Forte,30.68
942,Metapril Gel,242.49
943,Flustat Cap,488.79
944,Flubarb Max,340.36
945,Amoxiprazole Cream,464.25
946,Panxan Forte,305.37
947,Ciprolax SR,320.08
948,Metaolol Cap,135.25
949,Acutidine Ointment,455.36
950,Maxicillin Ointment,427.32
951,Norazole Forte,141.01
952,Neomycin Max,482.05
953,Omnimycin Syrup,408.08
954,Biolax DS,113.63
955,Amoxiprazole Ointment,341.71
956,Levovir Cream,385.08
957,Metapril Forte,120.04
958,Dolomycin Lite,133.86
959,Neopril Plus,230.74
960,Maximab Tab,169.94
961,Ultravir SR,304.07
962,Norolol XR,336.77
963,Omnistat Cap,133.62
964,Omnizone DS,258.55
965,Nortidine XR,328.42
966,Omnizone SR,437.77
967,Metalax Forte,367.52
968,Metazone Gel,363.29
969,Metaxan Cream,147.92
970,Zylofen Syrup,470.7
971,Zylozol Inj,491.24
972,Dolodine Syrup,205.56
973,Ciproxan Drops,171.08
974,Panlax Inj,213.37
975,Acutidine Max,447.09
976,Doloazole XR,40.96
977,Levocillin SR,462.69
978,Ultraolol Inj,319.09
979,Metaolol Lite,28.78
980,Omnidine Ointment,478.26
981,Triazole Plus,473.26
982,Roximab Max,101.6
983,Dexxan XR,492.26
984,Biolax Cap,172.29
985,Fluprazole Ointment,27.88
986,Dexvir Ointment,410.42
987,Omnitidine Forte,261.76
988,Biozone Gel,175.75
989,Doloolol Lite,224.92
990,Maxicept Cream,375.5
991,Amoxidine Inj,366.97
992,Zylolax Max,356.16
993,Flucillin Drops,27.43
994,Ciprozone Tab,276.03
995,Clarixan Plus,293.58
996,Maxiprazole Forte,479.49
997,Zylopril Lite,364.47
998,Levofen Tab,190.88
999,Maxistat Plus,68.08
1000,Metafen Syrup,452.55
1001,Panprazole Inj,405
1002,Metatidine DS,22.46
1003,Ciproprazole Cream,366.11
1004,Trimycin Forte,197.77
1005,Norsartan Tab,16.3
1006,Zyloxan Cap,202.98
1007,Bioolol Cream,50.02
1008,Zylovir Ointment,309.6
1009,Amoxisartan XR,183.69
1010,Aculax Tab,308.43
1011,Norfen Plus,99.16
1012,Metaquine Inj,475.96
1013,Amoxistat SR,487.64
1014,Metamab SR,366.96
1015,Ciprocept Cream,434.31
1016,Panmab DS,403.16
1017,Panquine Cream,17.14
1018,Metamab Ointment,139.04
1019,Claritidine Max,179.75
1020,Neomab XR,94.6
1021,Neomycin Lite,445.73
1022,Hydropril DS,446.83
1023,Tristat XR,128.93
1024,Neocept Drops,487.83
1025,Panazole Cream,445.84
1026,Panstat XR,159.71
1027,Neoquine Syrup,56.56
1028,Biotidine Ointment,24.78
1029,Clariolol Forte,274.38
1030,Clariprazole Ointment,198.96
1031,Maxivir Plus,380.48
1032,Cipromycin SR,429.83
1033,Metamycin Forte,189.12
1034,Norcept Drops,267.18
1035,Ciprodine Syrup,292.64
1036,Amoxipril Drops,341.85
1037,Acumab XR,155.22
1038,Roxitidine Tab,495.93
1039,Levodine Lite,486.77
1040,Amoxifen XR,200.28
1041,Doloazole Drops,287.14
1042,Levobarb Forte,425.48
1043,Zylolax Lite,222.75
1044,Flulax Syrup,99.39
1045,Biovir Inj,186.1
1046,Levozol DS,274.63
1047,Metadine Max,312.77
1048,Biotidine Drops,25.28
1049,Fluzol Syrup,309.88
1050,Claripril Cream,332.26
1051,Hydromycin Max,313.31
1052,Neoprazole SR,385.16
1053,Amoxisartan Plus,246.07
1054,Clarivir Drops,253.08
1055,Ciprostat Ointment,252.55
1056,Hydrovir Plus,369.65
1057,Panzol Syrup,436.93
1058,Claripril XR,319.39
1059,Ciprocillin Max,266.51
1060,Acuolol Plus,54.52
1061,Omnisartan Tab,230.22
1062,Amoxifen Forte,313.03
1063,Biozol Syrup,206.77
1064,Biopril Max,260.83
1065,Hydrosartan SR,182.66
1066,Biotidine Syrup,307.26
1067,Panxan Cap,407.8
1068,Hydrocept Plus,349.36
1069,Hydromycin Drops,185.57
1070,Dolotidine Lite,442.85
1071,Ciprozol SR,308.31
1072,Ciproolol Gel,92.26
1073,Roxidine Inj,185.36
1074,Zylobarb XR,225.93
1075,Neoazole Cream,395.79
1076,Levovir Inj,390.34
1077,Fluquine Tab,302.29
1078,Metacillin Drops,416.37
1079,Flubarb Ointment,258.09
1080,Maximab Plus,110.6
1081,Metazol Cap,73.39
1082,Levozone Drops,77.59
1083,Maxizol DS,368.44
1084,Doloolol Plus,493.87
1085,Ciproprazole DS,174.68
1086,Norstat Max,376.38
1087,Roxixan Lite,84.08
1088,Amoxiquine Max,480.35
1089,Zylopril Tab,195.77
1090,Amoxiquine Gel,222.09
1091,Dolotidine SR,237.14
1092,Clariazole Tab,274.57
1093,Dolomycin Inj,307.48
1094,Ultracillin Cream,31.55
1095,Dexpril DS,441.75
1096,Maximab Cream,79.17
1097,Levolax Tab,316.11
1098,Neoazole Cap,474.96
1099,Tricept XR,305.24
1100,Triquine Plus,334.87
1101,Clarimycin Forte,323.74
1102,Norstat Gel,324.37
1103,Pandine Gel,425.32
1104,Omnizol Lite,344.63
1105,Dexcillin DS,167.96
1106,Dexcillin SR,185.43
1107,Ciprobarb Plus,229.73
1108,Zylofen Inj,134.72
1109,Biozone Tab,415.29
1110,Ultrazone Inj,303.38
1111,Biozol Cap,15.28
1112,Amoxixan Drops,405.75
1113,Levoazole Forte,194.61
1114,Dexolol Drops,71.08
1115,Levostat Plus,447.93
1116,Roxivir Forte,338.79
1117,Amoximycin Tab,238.5
1118,Dololax Syrup,458.19
1119,Flupril Forte,203.65
1120,Panquine Tab,159.09
1121,Ciproolol Plus,182.26
1122,Norpril XR,336.63
1123,Amoxiazole XR,354.78
1124,Flucept SR,27.85
1125,Neosartan Forte,129.04
1126,Trivir Lite,341.26
1127,Metavir Lite,493.13
1128,Neoazole Max,280.8
1129,Roxiolol XR,140.52
1130,Fluazole Lite,253.16
1131,Dexquine Inj,355.65
1132,Panxan XR,421.37
1133,Neodine Ointment,380.12
1134,Trimycin Cream,247.77
1135,Dolodine DS,182.93
1136,Doloxan Cap,370.8
1137,Amoxiazole Ointment,96.03
1138,Dolobarb Cream,190.26
1139,Triquine Forte,456.01
1140,Doloprazole SR,342.37
1141,Levoxan Plus,57.74
1142,Maxitidine Lite,45.61
1143,Flucillin Cap,387.13
1144,Dexquine Cap,54.32
1145,Neosartan Inj,200.58
1146,Fluolol Lite,410.01
1147,Hydrozol SR,209.06
1148,Dexstat Lite,415.9
1149,Hydromab DS,159.68
1150,Roxiprazole Lite,316.84
1151,Norpril Syrup,207.26
1152,Clariolol Inj,87.33
1153,Dolofen Drops,75.31
1154,Amoxivir Drops,217.41
1155,Omnizone XR,96.65
1156,Acuolol Cream,131.93
1157,Neobarb Gel,333
1158,Doloazole Cap,301.65
1159,Norxan Lite,136.35
1160,Panvir SR,302.84
1161,Norfen Inj,334.42
1162,Ciproxan Ointment,492.5
1163,Roxixan Forte,480.54
1164,Biofen Ointment,282.81
1165,Clarifen Plus,304.81
1166,Metaprazole Forte,108.12
1167,Clarizone Ointment,398.11
1168,Pantidine Drops,341.29
1169,Aculax Forte,293.29
1170,Metacillin Syrup,269.29
1171,Zylobarb Drops,480.51
1172,Neocept XR,89.82
1173,Omnizol Syrup,225.33
1174,Biocept Cream,68.2
1175,Ciprocept XR,188
1176,Hydrozol Drops,286.04
1177,Normab Lite,364.94
1178,Amoximab Ointment,179.33
1179,Dexbarb Gel,202.32
1180,Acudine SR,45.1
1181,Amoxixan Gel,48.95
1182,Flupril Gel,178.61
1183,Ciproxan Cap,479.3
1184,Metamycin Cream,120.55
1185,Cipromycin Cap,132.01
1186,Bioolol Forte,263.13
1187,Roxiprazole Cap,356.03
1188,Norolol Drops,481.6
1189,Clarimab Ointment,441.72
1190,Hydrosartan Lite,276.69
1191,Metalax DS,168.7
1192,Ultrabarb Lite,285.77
1193,Metaxan Max,249.12
1194,Acumab Plus,120.81
1195,Amoxiquine SR,192.45
1196,Fluzone Gel,219.19
1197,Dexolol Forte,265.46
1198,Zyloxan Inj,303.14
1199,Dolocept Inj,291.75
1200,Bioazole Max,351.28
1201,Ultralax Syrup,282.62
1202,Trimycin SR,471.53
1203,Zylolax Ointment,343.54
1204,Omnibarb Syrup,138.96
1205,Norzol Syrup,177.96
1206,Hydrozone Cream,326.14
1207,Zyloxan Plus,436.42
1208,Roxibarb Plus,112.62
1209,Zylofen XR,69.46
1210,Ultrazone XR,265.19
1211,Metafen DS,51.27
1212,Zyloquine Max,398.87
1213,Triolol Inj,406.25
1214,Ciproxan Forte,113.03
1215,Nordine Inj,262.55
1216,Roxixan XR,439.72
1217,Neozone Inj,343.12
1218,Norcept Gel,133.18
1219,Biozol Lite,179.41
1220,Flumycin Forte,290.77
1221,Zyloquine Tab,382.64
1222,Zylotidine Cap,114.51
1223,Tribarb Cap,200.28
1224,Neomab Tab,155.14
1225,Amoximab Drops,490.17
1226,Omnifen Forte,113.56
1227,Roxiazole XR,307.91
1228,Levoxan DS,407.66
1229,Panstat Tab,105.98
1230,Dextidine Drops,482.12
1231,Neobarb Cream,290.55
1232,Clarimycin Inj,131.76
1233,Roxixan Gel,77.3
1234,Dolovir Plus,41.57
1235,Roxidine DS,411.03
1236,Dexzone Drops,78.29
1237,Levosartan DS,448.44
1238,Ciprovir Drops,335.47
1239,Panmycin Gel,174.8
1240,Clarivir Lite,238.25
1241,Omnivir DS,236.13
1242,Metabarb SR,128.88
1243,Zylomycin Syrup,416.73
1244,Nordine Drops,231.57
1245,Dexzol Ointment,434.21
1246,Omnidine Cream,424.28
1247,Omnisartan Drops,295.6
1248,Roxitidine Syrup,44.03
1249,Omnibarb Inj,477.93
1250,Ciprozol Plus,41.84
1251,Fluvir Cream,486.31
1252,Pancept Syrup,423.27
1253,Neolax Syrup,317.03
1254,Doloolol Cap,432.19
1255,Dolofen Syrup,372.3
1256,Metapril Tab,114.31
1257,Metalax Ointment,202.21
1258,Panolol Syrup,219.47
1259,Ciprozol Lite,399.98
1260,Acuvir DS,127.54
1261,Maxivir Cap,162.54
1262,Norzol Forte,351.94
1263,Zyloprazole Ointment,256.69
1264,Flufen XR,495.97
1265,Levolax Syrup,403.58
1266,Dexxan Plus,106.78
1267,Omnicept Max,164.55
1268,Nortidine Forte,477.73
1269,Amoxizol XR,158.03
1270,Amoxitidine Forte,494.92
1271,Dexcept Tab,390.26
1272,Dexbarb Inj,114.27
1273,Panazole SR,209.46
1274,Biocept Ointment,21.9
1275,Amoxidine Tab,48.64
1276,Norquine Drops,368.24
1277,Acumycin Lite,121.5
1278,Roximycin Syrup,37.65
1279,Neodine Plus,129.23
1280,Flumab Cap,334.06
1281,Omniprazole Max,307.76
1282,Cipromab Ointment,311.52
1283,Norpril Plus,480.81
1284,Clarizone SR,257.36
1285,Dolobarb Tab,182.98
1286,Neodine SR,307.97
1287,Normycin Tab,288.34
1288,Clariazole Ointment,228.04
1289,Neomab Drops,360.46
1290,Ultrazol Tab,240.89
1291,Metamab Tab,104.72
1292,Zylolax XR,195.88
1293,Trivir Tab,453.52
1294,Acuprazole Inj,132.23
1295,Flusartan Tab,456.69
1296,Ciprobarb Syrup,446.22
1297,Norbarb Cap,298.86
1298,Amoxipril Inj,220.51
1299,Ciprotidine Inj,434.61
1300,Acuvir Gel,413.07
1301,Dexlax XR,413.39
1302,Ciprozol Forte,467.72
1303,Hydrosartan Gel,83.72
1304,Hydrodine Syrup,233.1
1305,Levocillin Syrup,63.76
1306,Trimycin Lite,53.71
1307,Dolosartan Lite,241.94
1308,Biozone Forte,77.71
1309,Flustat Inj,303.29
1310,Acucept Inj,83.17
1311,Panstat Syrup,202.05
1312,Neocillin Plus,19.98
1313,Omnipril Forte,467.6
1314,Metazone DS,499.54
1315,Acuzone Drops,133.72
1316,Omnisartan Lite,78.34
1317,Acusartan XR,369.11
1318,Metamycin Inj,470.8
1319,Claridine XR,305.91
1320,Neoprazole Plus,92.33
1321,Flumycin Gel,98.19
1322,Omnicillin Gel,65.48
1323,Claribarb Ointment,320.86
1324,Neobarb DS,480.59
1325,Trivir Max,465.95
1326,Triolol Cream,368.91
1327,Hydroquine Cream,452.35
1328,Amoxipril Lite,480.06
1329,Neocillin Cream,97.46
1330,Trizone Lite,171.01
1331,Ciprofen Gel,20.58
1332,Zylobarb Forte,338.04
1333,Roxiazole Tab,402.67
1334,Biodine Plus,384.1
1335,Zylocept Gel,242.87
1336,Ciprovir Tab,86.03
1337,Clarilax Inj,170.41
1338,Norazole Gel,434.88
1339,Hydromab Drops,453.77
1340,Biosartan Cream,384.4
1341,Roxicept Lite,163.85
1342,Dolostat Drops,10.07
1343,Acuzone Plus,178.64
1344,Trivir Gel,380.01
1345,Roxiolol Drops,31.31
1346,Amoxizone Lite,20.41
1347,Tricillin Max,53.74
1348,Panolol Lite,108.07
1349,Biomycin Syrup,486.39
1350,Metaprazole Syrup,261.78
1351,Tristat Max,390.55
1352,Panvir Plus,143.34
1353,Norvir Inj,188.23
1354,Levocept DS,5.42
1355,Norzone Lite,79.69
1356,Norzol Cap,28.26
1357,Bioxan Tab,6.15
1358,Omnidine Gel,488.86
1359,Norcept Cap,174.24
1360,Bioxan Max,157.51
1361,Levosartan Cap,166.75
1362,Ultravir Cream,190.58
1363,Triprazole Cream,163.75
1364,Roxiprazole Gel,275.93
1365,Omniprazole DS,67.66
1366,Omniquine Inj,216.14
1367,Clariazole Drops,229.36
1368,Ultrasartan DS,220.65
1369,Neoazole Tab,105.01
1370,Ultrazone DS,157.71
1371,Neoquine Ointment,259.44
1372,Maxiquine SR,276.39
1373,Norstat Lite,343.07
1374,Neovir Tab,121.13
1375,Ultraxan XR,488.72
1376,Trixan Cream,66.42
1377,Ciprofen Ointment,461.15
1378,Maxiazole Plus,403.4
1379,Cipromycin DS,213.96
1380,Roxivir DS,172.66
1381,Trimab DS,207.32
1382,Norolol SR,446.55
1383,Biopril Tab,232.7
1384,Maximycin Inj,457.19
1385,Fluprazole Tab,85.11
1386,Roxiquine Forte,135.04
1387,Roxistat Gel,198.34
1388,Ultraolol Ointment,414.81
1389,Neotidine Lite,327.2
1390,Panpril Max,52.67
1391,Zylocillin Drops,348.33
1392,Levozone Cap,289.58
1393,Bioxan Forte,324.66
1394,Biolax Max,168.46
1395,Zylozol SR,353.48
1396,Dolopril Cap,276.86
1397,Amoxiprazole SR,287.45
1398,Zylovir Forte,235.21
1399,Maxitidine Tab,280.17
1400,Roxifen Plus,66.26
1401,Acuolol Ointment,357.81
1402,Levoazole Drops,403.91
1403,Maxiazole DS,62.68
1404,Hydrobarb Cream,66.15
1405,Biosartan Tab,377.6
1406,Bioazole XR,207.61
1407,Zylovir Inj,456.61
1408,Fluazole Tab,121.76
1409,Panpril Inj,285.48
1410,Zylomycin Drops,470.6
1411,Normycin Max,398.22
1412,Roxiazole Max,89.33
1413,Bioazole Inj,334.79
1414,Claristat Forte,445.18
1415,Zylofen Gel,83.02
1416,Flusartan Syrup,433.84
1417,Dolofen Gel,255.49
1418,Amoxifen SR,331.57
1419,Neobarb XR,228.9
1420,Clarilax DS,122.12
1421,Dolomycin Syrup,486.35
1422,Dolomab Gel,82.18
1423,Fluolol Max,184.14
1424,Panquine Max,170.56
1425,Levovir Ointment,316.34
1426,Claricillin Syrup,445.04
1427,Dexolol Syrup,10.62
1428,Roxicept Max,359.69
1429,Trifen Syrup,275.27
1430,Clarizone Lite,441.79
1431,Acufen DS,225.18
1432,Zylocillin Forte,152.45
1433,Flumycin Max,435.73
1434,Neoquine Cap,445.25
1435,Levomycin DS,108.39
1436,Amoxistat Tab,58.3
1437,Levozol Cap,447.75
1438,Neoolol Tab,37.24
1439,Hydroazole XR,159.35
1440,Ciprocillin Tab,133.78
1441,Omnizol Drops,29.77
1442,Fluvir Max,73.06
1443,Zylomycin Cream,178.36
1444,Flufen Lite,303.83
1445,Metaolol Gel,186.55
1446,Flulax Inj,464.06
1447,Trivir Cap,230.41
1448,Biocillin Gel,330
1449,Amoxitidine Syrup,284.84
1450,Levoazole Syrup,354.79
1451,Panmab Drops,89.24
1452,Maxiolol Lite,461.01
1453,Ultracillin Max,439.22
1454,Trimycin Drops,254.95
1455,Panlax XR,476.62
1456,Dexazole DS,364.24
1457,Ultrazol Cream,8.64
1458,Ultralax DS,151.69
1459,Aculax Plus,213.76
1460,Ultracept Plus,398.64
1461,Norpril Drops,318.18
1462,Flucept Plus,334.78
1463,Zylocillin Tab,363.39
1464,Dolozol SR,71.88
1465,Trilax DS,199.46
1466,Fluolol DS,301.92
1467,Omnimycin Ointment,310.5
1468,Biostat Max,281.03
1469,Ultrabarb XR,143.03
1470,Neoprazole Gel,325.59
1471,Neoolol Cap,407.6
1472,Levovir Drops,333.85
1473,Zylosartan DS,291.5
1474,Doloazole Lite,358.18
1475,Claricept DS,357.18
1476,Panazole Forte,165.41
1477,Metabarb Lite,460.5
1478,Dolopril DS,140.41
1479,Nordine Ointment,340.94
1480,Ultraazole Cap,149.51
1481,Ciprotidine DS,440.59
1482,Amoxivir Cap,117.53
1483,Roxivir Lite,489.03
1484,Maxiprazole XR,217.45
1485,Neodine Forte,212.06
1486,Ultraxan SR,288.71
1487,Levolax Inj,49.8
1488,Dolovir Max,454.15
1489,Neocillin Ointment,100.45
1490,Dexcept Cream,208.55
1491,Norbarb SR,274.36
1492,Dexxan Ointment,424.21
1493,Dexquine Lite,168.51
1494,Levocept Lite,280.51
1495,Clarifen Forte,269.63
1496,Amoxizol Tab,94.05
1497,Neoprazole Tab,200.93
1498,Roximab XR,445.24
1499,Omnizol SR,438.84
1500,Roxicillin DS,106.91
1501,Trisartan Inj,376.06
1502,Zyloolol SR,357.4
1503,Acumab Drops,15.45
1504,Acucept Cap,414.22
1505,Ciprosartan Ointment,363.14
1506,Omnizone Inj,67.5
1507,Metacillin XR,269.73
1508,Metacept Lite,137.88
1509,Zyloprazole Max,306.13
1510,Clarilax Syrup,408.53
1511,Zyloazole Max,364.17
1512,Biocillin Plus,85.91
1513,Omnicillin Forte,286.73
1514,Levoxan Syrup,119.88
1515,Norbarb Max,67.96
1516,Ultradine DS,15.66
1517,Acuvir Lite,482.19
1518,Doloquine Lite,316.76
1519,Dexmycin Forte,418.01
1520,Hydrovir XR,308.82
1521,Claricillin Lite,360.24
1522,Dexstat Cream,312.5
1523,Hydrovir Cap,112.68
1524,Flucillin Gel,465.88
1525,Tritidine Inj,459.49
1526,Maxifen DS,65.13
1527,Ciprovir Lite,36.43
1528,Neotidine Cap,238.8
1529,Neofen Inj,34.06
1530,Levopril Gel,196.53
1531,Triprazole Syrup,238.91
1532,Ultracept Drops,184.87
1533,Triprazole Drops,389.7
1534,Amoxiazole Tab,144.39
1535,Tricept Gel,59.34
1536,Amoxiolol Ointment,418.92
1537,Maxiolol Forte,86.03
1538,Neodine DS,349.55
1539,Biobarb Plus,166.76
1540,Dolopril Drops,61.57
1541,Acuprazole XR,115.82
1542,Doloquine Tab,314.76
1543,Biozone Inj,287.73
1544,Neocept SR,425.91
1545,Claricillin Drops,75.43
1546,Panmycin Cream,211.06
1547,Hydrofen Tab,414.98
1548,Fluazole Inj,354.94
1549,Flufen Max,229.72
1550,Metamycin DS,366.27
1551,Levomycin Max,499.98
1552,Trivir Cream,379.8
1553,Triazole Inj,234.38
1554,Acuprazole Max,390.66
1555,Ultrazone Drops,497.52
1556,Maxilax Cap,185.38
1557,Roxivir Gel,433.76
1558,Metacillin Plus,364.92
1559,Clarivir Cream,239.65
1560,Trizol SR,26.74
1561,Roxivir Ointment,393.35
1562,Acumab Tab,442.51
1563,Tripril Cap,237.92
1564,Clariolol Gel,182.06
1565,Trizol Cap,68.28
1566,Acuazole Inj,229.93
1567,Biocillin Drops,287.62
1568,Metamab Cream,126.93
1569,Dolodine Tab,404.62
1570,Trifen SR,470.58
1571,Amoxixan SR,462.38
1572,Dexprazole Ointment,265.75
1573,Acuprazole DS,334.31
1574,Fluvir DS,163.38
1575,Trixan Forte,33.8
1576,Zylolax SR,337.73
1577,Metaxan Plus,297.4
1578,Omnicillin Ointment,217.02
1579,Acuolol Gel,155.09
1580,Norprazole Forte,164.85
1581,Hydrofen Cream,9.24
1582,Levocillin Cap,84.09
1583,Dolocept Syrup,369.07
1584,Zyloolol Plus,181.69
1585,Omnilax Plus,425.08
1586,Zylostat Syrup,238.24
1587,Maxiquine Ointment,117.59
1588,Maxitidine Forte,8.33
1589,Dexmycin Cap,478.58
1590,Dexdine DS,111.61
1591,Tribarb Drops,228.52
1592,Clariolol Drops,264.39
1593,Dololax Ointment,411.75
1594,Fluolol Drops,22.73
1595,Panzone Forte,153.88
1596,Fluzone Cap,314.17
1597,Amoxizone Cap,303.3
1598,Ciprocept Gel,240.13
1599,Zylocept Cap,165.98
1600,Triolol Drops,115.32
1601,Amoxiazole Forte,254.07
1602,Acucillin DS,326.18
1603,Neozone Syrup,179.41
1604,Biopril XR,25.01
1605,Dolozol Inj,267.32
1606,Levoazole XR,46.51
1607,Metamycin SR,209.98
1608,Maximab Syrup,378.38
1609,Biocillin Cap,329.3
1610,Doloprazole Drops,355.99
1611,Amoxidine Cap,454.78
1612,Flufen Cap,297.26
1613,Ciproazole Forte,399.81
1614,Triazole Cream,444.5
1615,Acuquine Cream,310.42
1616,Biocillin Inj,283.11
1617,Ciprozone Syrup,336.4
1618,Bioprazole Plus,499.73
1619,Flucillin Inj,124.74
1620,Metabarb Plus,168.48
1621,Acucillin Max,89.66
1622,Dexmab Cap,236.34
1623,Levoprazole XR,200.9
1624,Metamycin Tab,443.42
1625,Trixan DS,342.81
1626,Panquine Lite,437.31
1627,Roxiazole Cap,433.47
1628,Biodine SR,221.79
1629,Ciprocillin Lite,136.5
1630,Dolostat Cream,411.07
1631,Fluprazole Lite,79.75
1632,Dolobarb Plus,151.35
1633,Clariquine Plus,9.82
1634,Triprazole Gel,227.65
1635,Hydrolax Cream,332.67
1636,Levopril Plus,35.29
1637,Amoxiquine Cream,142.74
1638,Omnixan DS,42.53
1639,Fluzol SR,312.19
1640,Ciprozol XR,498.91
1641,Clarivir Syrup,119.3
1642,Triquine DS,180.66
1643,Amoxipril Cap,111.64
1644,Omnicept Drops,262.63
1645,Biocillin Lite,460.29
1646,Roxicillin Inj,369.96
1647,Claribarb Plus,90.65
1648,Neozol Cream,125.46
1649,Roxicept Syrup,149.91
1650,Trizol Tab,101.36
1651,Clariazole Cream,320.17
1652,Acuquine Inj,229.56
1653,Doloprazole Lite,365.08
1654,Panstat Ointment,242.49
1655,Metaquine Max,325.33
1656,Trisartan Plus,49.12
1657,Trifen Forte,136.35
1658,Norsartan Forte,295.21
1659,Panxan SR,310.91
1660,Nordine DS,168.8
1661,Ultratidine Drops,163.49
1662,Maxizol Cap,132.44
1663,Roxilax SR,266.4
1664,Claristat Cream,396.62
1665,Hydrotidine XR,121.67
1666,Ciproxan Gel,243.82
1667,Trivir Drops,205.37
1668,Zylocept Tab,182.68
1669,Norcept Inj,429.24
1670,Pantidine Max,324.65
1671,Ciproolol SR,271.2
1672,Norxan Drops,405.79
1673,Omnizol Gel,147.09
1674,Roxicillin Gel,407.87
1675,Panzol SR,71.04
1676,Amoxicept Ointment,343.53
1677,Roxistat Syrup,74.45
1678,Panzol Max,362.36
1679,Dexzone Ointment,375.85
1680,Roxizone Max,369.36
1681,Trivir Forte,231.67
1682,Zyloquine SR,13.52
1683,Dexzol XR,248.46
1684,Zylovir Drops,315.02
1685,Ultracillin Plus,233.73
1686,Dolozone Cream,382.7
1687,Nordine SR,356.5
1688,Fluazole Plus,372.48
1689,Panvir XR,27.05
1690,Acusartan Plus,198.93
1691,Biodine XR,124.33
1692,Ultrasartan Plus,44.08
1693,Roximycin Cap,10.41
1694,Neovir SR,21.42
1695,Metastat Tab,99.83
1696,Clarifen XR,456.87
1697,Hydrolax Forte,288.16
1698,Levoprazole Forte,143.15
1699,Dolotidine Syrup,142.14
1700,Hydrofen SR,190.89
1701,Ultraquine Cap,411.35
1702,Fluazole SR,488.79
1703,Panazole XR,394.29
1704,Clariquine Inj,92.85
1705,Panmab SR,417.79
1706,Ciproazole Max,134.03
1707,Acuzol Lite,365.21
1708,Roxilax XR,188.87
1709,Ciprocillin Gel,280.96
1710,Levozone XR,139.8
1711,Tritidine SR,54.39
1712,Ultrazol Max,477.22
1713,Levoquine XR,399.19
1714,Flufen Ointment,470.45
1715,Ultraquine Tab,86.29
1716,Fluzone Forte,257.02
1717,Metaolol DS,70.19
1718,Ultramycin SR,46.91
1719,Omnilax Cream,410.86
1720,Hydroquine Cap,340.81
1721,Metabarb Forte,281.84
1722,Biofen Max,456.38
1723,Maxipril Cream,450.32
1724,Ultravir Syrup,210.2
1725,Levopril Cap,249.7
1726,Hydrovir Max,427.5
1727,Flusartan Gel,342.58
1728,Metadine Syrup,23
1729,Doloxan Drops,125.81
1730,Ciprostat Drops,261.11
1731,Hydrodine Cap,224.53
1732,Roxicillin Plus,260.58
1733,Dolomab Inj,194.22
1734,Norxan Cap,152.47
1735,Omniazole Max,223.42
1736,Triquine Inj,131.87
1737,Levozone Lite,62.71
1738,Acuprazole Syrup,264.35
1739,Roxilax Cap,74.99
1740,Amoxipril Cream,117.85
1741,Pancept Lite,482.95
1742,Omnipril DS,169.44
1743,Ultramab Max,337.26
1744,Hydrozol Lite,107.98
1745,Dolozone Inj,63.92
1746,Ultrazone Plus,123.42
1747,Cipromab SR,137.45
1748,Amoxixan DS,207.85
1749,Metaprazole Max,17.39
1750,Hydrodine Cream,246.75
1751,Clarixan Inj,308.74
1752,Biolax Drops,32.19
1753,Zylozol Cap,270.75
1754,Clariquine XR,29.48
1755,Roxiazole Cream,286
1756,Roxiolol Cap,275.32
1757,Omniolol SR,447.2
1758,Tripril Lite,255.41
1759,Amoxitidine DS,252.52
1760,Trilax XR,282.36
1761,Maxiprazole Inj,76.14
1762,Hydromycin Syrup,118.69
1763,Hydrovir SR,195.82
1764,Dexzone Tab,75.29
1765,Acutidine XR,293.78
1766,Acuazole Cream,409.15
1767,Claridine Plus,57.03
1768,Norolol Lite,489.71
1769,Roxiquine Plus,259.01
1770,Dolocept Plus,182.3
1771,Trifen Gel,153.97
1772,Levomycin SR,499.98
1773,Levocept Plus,301.34
1774,Levozone Cream,374.16
1775,Fluprazole XR,499.42
1776,Bioprazole Tab,419.05
1777,Ultraolol Max,121.74
1778,Zylocept Syrup,384.36
1779,Tricept Inj,235.46
1780,Hydrocept DS,153.9
1781,Bioxan Cream,279.65
1782,Hydrozone Drops,213.03
1783,Dexfen Max,399.09
1784,Zylomycin Inj,12.01
1785,Tristat DS,393.65
1786,Amoxifen Tab,438.49
1787,Roxiolol Syrup,309.44
1788,Dexzol Max,369.2
1789,Hydrozol Gel,44.13
1790,Acuzol Forte,83.03
1791,Hydrolax Max,317.72
1792,Dexmycin Syrup,416.26
1793,Ultraolol Drops,103.49
1794,Biostat XR,373.14
1795,Levomycin Tab,98.87
1796,Flucillin Ointment,272.73
1797,Dolozol XR,208.52
1798,Ultracillin Forte,395.12
1799,Fluxan Forte,465.95
1800,Acumab SR,448.34
1801,Levolax Gel,478.74
1802,Triazole Lite,53.33
1803,Acucillin Inj,205.71
1804,Dexdine Syrup,136.95
1805,Norbarb Ointment,369.83
1806,Acuvir Drops,487.69
1807,Trizone Ointment,242.92
1808,Clariprazole Lite,77.42
1809,Biovir Ointment,407.39
1810,Triquine Tab,201.55
1811,Levoquine Tab,388.93
1812,Normab Drops,303.41
1813,Amoxicillin XR,253.79
1814,Levostat Tab,496.33
1815,Norlax Lite,329.53
1816,Acuazole Drops,260.93
1817,Claricept Cream,175.5
1818,Bioquine Tab,309.45
1819,Roxicillin Cream,418.45
1820,Acupril DS,303.3
1821,Neolax SR,137.11
1822,Maxifen SR,303.73
1823,Ultravir Cap,218.36
1824,Maxipril DS,80.12
1825,Aculax DS,268.5
1826,Hydrocept Max,68.22
1827,Ciproxan Cream,242.17
1828,Hydrostat Plus,385.3
1829,Ultramycin Drops,109.68
1830,Ciprobarb Max,232.07
1831,Omnilax Cap,309.65
1832,Acumab Lite,215.11
1833,Amoxixan Syrup,115.79
1834,Dolovir Gel,114.85
1835,Clarixan SR,58.7
1836,Hydroazole Plus,37.79
1837,Levosartan Cream,467.94
1838,Levoazole Inj,470.86
1839,Acuzol SR,145.28
1840,Zylodine Lite,200.1
1841,Claripril Inj,174.23
1842,Tristat Cream,345.36
1843,Biomycin Drops,391.26
1844,Levocept Max,438.83
1845,Triazole Drops,151
1846,Maxidine Cream,22.82
1847,Dextidine Inj,82.55
1848,Amoxisartan Max,423.36
1849,Fluzone Max,74.28
1850,Metamab Gel,316.48
1851,Panbarb Cap,84.76
1852,Biopril SR,207.32
1853,Ultravir Drops,488.98
1854,Flucept Forte,183.05
1855,Ultraxan Lite,14.58
1856,Acuolol DS,461.09
1857,Zylocillin XR,355.05
1858,Flucillin SR,53.23
1859,Tricept Plus,17.19
1860,Dolocept Max,362.61
1861,Neovir Cap,401.47
1862,Roxifen Inj,330.69
1863,Maxifen Cream,381.38
1864,Maxipril Tab,44.5
1865,Clarizone Drops,267.75
1866,Tritidine XR,46.43
1867,Pandine Lite,92.17
1868,Ciprobarb Lite,310.5
1869,Omnicept SR,58.82
1870,Clarizone Gel,50.05
1871,Maxifen Lite,341.77
1872,Ciprolax Tab,165.43
1873,Biovir SR,94.14
1874,Maxixan Plus,443.77
1875,Dolozone Gel,218.99
1876,Amoximycin Gel,357.82
1877,Panlax Lite,467.22
1878,Amoxivir Inj,245.49
1879,Ciproolol Inj,19.01
1880,Pancillin Drops,224.21
1881,Levocept SR,348.14
1882,Zylosartan Cap,346.12
1883,Zyloazole Inj,376.54
1884,Biozol DS,166.56
1885,Amoxiazole Gel,432.49
1886,Fluquine XR,188.87
1887,Hydrotidine Cream,43.22
1888,Dolosartan Tab,240.47
1889,Hydrostat Drops,439.03
1890,Dexmycin Lite,424.21
1891,Panpril DS,20.65
1892,Fluolol Syrup,178.52
1893,Cipropril Tab,78.29
1894,Neocillin Forte,315.83
1895,Hydrosartan DS,259.07
1896,Clarifen Ointment,245.86
1897,Dexlax Max,245.54
1898,Claristat Gel,63.12
1899,Zyloprazole XR,346.33
1900,Hydroolol Ointment,147.86
1901,Panmab Ointment,231.44
1902,Omniquine Cap,299.57
1903,Zyloxan Lite,312.47
1904,Flustat Syrup,469.65
1905,Panzol Lite,237.24
1906,Flutidine Cream,489.76
1907,Acumycin DS,445.82
1908,Clariolol Cap,28.51
1909,Clarisartan DS,238.22
1910,Ciprofen SR,200.24
1911,Ciproxan Tab,477.05
1912,Fluquine Lite,204.15
1913,Acufen Plus,388.63
1914,Flumycin Drops,127.36
1915,Hydrozol Ointment,226.94
1916,Roxizol Tab,395.55
1917,Hydromycin Inj,455.02
1918,Tribarb Plus,70.86
1919,Dexlax Gel,142.12
1920,Zylostat Drops,126.06
1921,Panolol Cap,151.24
1922,Dexazole Cap,336.58
1923,Amoxibarb Max,155.04
1924,Doloprazole Forte,399.46
1925,Zylosartan Inj,52.26
1926,Dexmab Plus,219.02
1927,Neomab Inj,209.5
1928,Roxiolol DS,441.1
1929,Dolomycin Forte,419.77
1930,Dexazole Plus,71.43
1931,Hydromycin Cream,199.42
1932,Amoximab Forte,13.68
1933,Claricillin DS,377.23
1934,Zylolax Drops,396.99
1935,Clariazole Max,452.65
1936,Biocillin Max,42.89
1937,Neolax Inj,335.08
1938,Fluazole Cream,37.85
1939,Acuvir XR,431.07
1940,Omnizone Plus,439.22
1941,Roxicillin Cap,338.27
1942,Roximab Tab,299.97
1943,Panmab Cap,23.59
1944,Omnidine Drops,458.13
1945,Panfen Lite,117.31
1946,Bioprazole Inj,271.93
1947,Maxiprazole Lite,362.13
1948,Maxixan DS,303.25
1949,Ciprodine Cap,170.06
1950,Amoxizol Cream,287.54
1951,Clarixan Ointment,126.6
1952,Norprazole Plus,161.72
1953,Metazone XR,113.83
1954,Doloxan Max,104.13
1955,Roxifen Max,411.37
1956,Dexcillin Tab,413.54
1957,Amoxiolol Forte,416.05
1958,Levobarb Syrup,43.58
1959,Biozol Plus,388.55
1960,Dolozone Drops,94.3
1961,Zylotidine XR,94.03
1962,Neobarb Forte,87.4
1963,Omnixan Lite,453.68
1964,Dexbarb Plus,69.32
1965,Doloolol Drops,249.78
1966,Dolozone XR,410.27
1967,Metastat Plus,328.26
1968,Biozol Gel,461.8
1969,Aculax Ointment,427.16
1970,Hydroazole Forte,309.29
1971,Triquine Drops,276.72
1972,Amoxitidine Max,90.32
1973,Flusartan XR,270.76
1974,Biozone DS,326.66
1975,Claricept Ointment,271.9
1976,Tritidine Max,125.74
1977,Panzone Plus,259.97
1978,Pandine Cream,499.53
1979,Levoolol Lite,174.84
1980,Bioazole Plus,289.01
1981,Dexazole SR,336.82
1982,Ciprobarb Gel,25.39
1983,Hydrocept Ointment,102.07
1984,Metaquine XR,45.54
1985,Metaquine Gel,343.28
1986,Hydrostat Cream,448.37
1987,Norcept SR,354.3
1988,Roxivir SR,322.31
1989,Trilax Inj,413.34
1990,Triolol SR,98.69
1991,Amoxibarb Cream,459.14
1992,Roxiazole Gel,208.41
1993,Amoxivir Tab,11.14
1994,Ciproazole Syrup,52.89
1995,Panolol Max,103.73
1996,Fluzol Cream,56.37
1997,Hydroprazole Ointment,332.32
1998,Neofen Ointment,6.02
1999,Maxiprazole Plus,56.46
2000,Ciprozone Drops,408.27
2001,Omnipril Ointment,257
2002,Hydroquine XR,302.63
2003,Neocept Tab,318.55
2004,Pansartan Syrup,25.45
2005,Flumab Forte,455.74
2006,Neotidine Max,76.9
2007,Amoxiquine Plus,186.41
2008,Dolotidine Plus,110.67
2009,Dolocillin Gel,71.54
2010,Claripril Ointment,134.35
2011,Panzone Lite,146.97
2012,Neopril Ointment,499.59
2013,Cipromab Lite,470.45
2014,Omnidine Cap,113.3
2015,Norvir Plus,229.63
2016,Triprazole DS,227.48
2017,Zylostat Lite,93.37
2018,Dexquine SR,423.06
2019,Levozol Syrup,14.91
2020,Hydrocept Cap,33.59
2021,Nordine Tab,384.96
2022,Ciprostat XR,170.82
2023,Norstat Cream,354.54
2024,Metavir DS,478.52
2025,Clarizol SR,246.01
2026,Panlax Max,5.37
2027,Ultraazole Cream,114.4
2028,Levocept Drops,289.52
2029,Ciproprazole Lite,81.36
2030,Omnisartan Forte,495.93
2031,Biomab SR,354.06
2032,Amoxiprazole Syrup,148.64
2033,Maxidine Syrup,351.14
2034,Neolax Ointment,325.92
2035,Omniquine Syrup,492.22
2036,Acucept Max,412.08
2037,Roxiprazole Cream,219.44
2038,Metamab XR,183.47
2039,Norsartan XR,68.83
2040,Doloxan Tab,85.96
2041,Dexsartan Ointment,335.91
2042,Amoxiquine Tab,235.6
2043,Flucillin Lite,487.9
2044,Triprazole Ointment,362.64
2045,Amoxixan Ointment,261.67
2046,Hydrotidine Gel,446.48
2047,Biostat Gel,128.32
2048,Hydrocillin Syrup,98.15
2049,Levozone Gel,422.9
2050,Hydromab XR,228.64
2051,Panstat Max,223.34
2052,Norzone Cream,25.14
2053,Flumab Drops,293.67
2054,Amoxiprazole Forte,38.42
2055,Bioolol Tab,370.92
2056,Panlax Forte,393.88
2057,Normycin Cream,410.07
2058,Metapril Max,167.28
2059,Hydrocept Tab,187.51
2060,Ciprostat Lite,237.93
2061,Levoprazole SR,240.18
2062,Neopril Tab,388.5
2063,Metatidine Max,309.55
2064,Ciprolax Drops,128.05
2065,Maxiprazole Cream,29.18
2066,Ciprosartan Tab,364.2
2067,Metadine Lite,263.65
2068,Hydroprazole Plus,437.39
2069,Tricillin SR,7.39
2070,Fluprazole SR,181.24
2071,Amoxifen Ointment,304.71
2072,Omnisartan Cap,12
2073,Trivir Plus,20.17
2074,Biozol Inj,237.37
2075,Dolostat Cap,393.04
2076,Pancept SR,46.91
2077,Biomycin Cream,303.77
2078,Neobarb Cap,363.91
2079,Acucept SR,151.6
2080,Omnistat Lite,110.32
2081,Ciprosartan Max,102.45
2082,Norbarb XR,369.72
2083,Ultrasartan Drops,268.23
2084,Acuzone DS,281.31
2085,Levoazole Cap,48.15
2086,Acuvir Tab,304.06
2087,Amoxiazole Inj,282.98
2088,Dexzone Max,186.46
2089,Omnistat Inj,357.21
2090,Maxicillin Inj,371.41
2091,Metazone Drops,400.15
2092,Panxan Ointment,332.72
2093,Levodine DS,298.33
2094,Ultradine Cap,480.68
2095,Clarilax Cap,78.44
2096,Metazol Drops,436.12
2097,Roxiazole Inj,164.94
2098,Ultrazone Syrup,381.83
2099,Trimab Ointment,464
2100,Roxisartan Inj,121.09
2101,Metatidine Cap,491.03
2102,Amoxizone Max,322.23
2103,Claristat Cap,174.57
2104,Doloazole Max,275.2
2105,Acustat Cream,198.54
2106,Levostat Max,369.2
2107,Zylodine Inj,163.83
2108,Dolostat Syrup,481.24
2109,Norcillin SR,255.02
2110,Roximab SR,222.15
2111,Levobarb Ointment,167.13
2112,Panmycin Syrup,58.01
2113,Levozol Forte,141.7
2114,Biocept Max,315.22
2115,Trizol Drops,494.79
2116,Trisartan Tab,340.35
2117,Ultratidine Syrup,264.97
2118,Flumab SR,479.72
2119,Dexolol Ointment,346.94
2120,Roxilax Gel,19.2
2121,Neomycin Syrup,437.68
2122,Acuvir Cream,160.63
2123,Roxitidine Plus,105.53
2124,Hydrostat Inj,95.58
2125,Panmycin SR,437.87
2126,Metalax Lite,20.6
2127,Zylomab XR,491.13
2128,Dolocept Forte,447.88
2129,Roxiazole DS,11.28
2130,Dexcillin Lite,328.63
2131,Ciprozol Ointment,182.79
2132,Roxisartan Cream,60.27
2133,Triolol Syrup,134.4
2134,Maxipril Max,321.67
2135,Hydrolax Lite,185.28
2136,Levomycin Cream,430.54
2137,Amoxixan Forte,39.41
2138,Dexfen SR,219.24
2139,Maxixan Gel,219.96
2140,Roxiazole Forte,246.72
2141,Tritidine Gel,358.87
2142,Omnimycin Drops,75.17
2143,Acumab DS,241.06
2144,Fluzol Gel,117.17
2145,Hydrobarb Inj,466.65
2146,Amoxidine Syrup,372.74
2147,Claridine Lite,326.63
2148,Ciprocept SR,370.58
2149,Claribarb Inj,216.41
2150,Panquine Gel,425.2
2151,Metasartan Cream,211.15
2152,Dexbarb SR,259.83
2153,Ciprobarb Tab,152.42
2154,Ultramab Inj,368.7
2155,Dextidine SR,267.09
2156,Acudine Syrup,229.39
2157,Amoxibarb Inj,18.52
2158,Fluzol Lite,485.42
2159,Omnistat Max,196.88
2160,Dolocept SR,180.54
2161,Hydroxan Max,374.57
2162,Dolozone Cap,454.22
2163,Normab SR,140
2164,Neoxan Lite,437.45
2165,Metastat Ointment,251.67
2166,Ultrapril DS,25.25
2167,Maxixan Inj,273.12
2168,Ciprofen Cap,268.28
2169,Trimab Tab,319.76
2170,Dolomab Lite,392.63
2171,Neoolol DS,247.23
2172,Trisartan Drops,21.74
2173,Levovir DS,113.66
2174,Ciproolol Tab,27.02
2175,Levoazole Plus,429.13
2176,Ultralax Forte,148.51
2177,Triazole SR,180.5
2178,Maxiolol Gel,483.92
2179,Dexquine Tab,18.06
2180,Levocillin Plus,450.11
2181,Ultrazone Max,80.89
2182,Tripril Forte,423.18
2183,Omnilax Forte,91.71
2184,Clarizol Max,363.04
2185,Fluxan Inj,73.22
2186,Biozol Max,471.84
2187,Triquine Max,36.59
2188,Amoxicept Plus,355.82
2189,Metacillin Cream,137.19
2190,Metabarb DS,12.97
2191,Roxifen Cream,146.43
2192,Dolotidine Inj,173.78
2193,Cipromab Forte,23.35
2194,Zylozone Syrup,408.54
2195,Metamycin Plus,383.76
2196,Panbarb Inj,260.91
2197,Maxicillin SR,121.4
2198,Triolol DS,461.84
2199,Roxiprazole Inj,93.15
2200,Panlax Gel,318.11
2201,Omnivir Inj,305.16
2202,Zylozone Cap,312.3
2203,Omnisartan Gel,257.19
2204,Norfen Max,189.18
2205,Neosartan Plus,296.03
2206,Ultrasartan Max,109.77
2207,Norcept Max,130.71
2208,Levoxan Forte,496.27
2209,Roxiquine Cap,312.92
2210,Hydropril Forte,113.08
2211,Ultraazole Syrup,98.5
2212,Dolozol Max,282.71
2213,Panxan Drops,124.7
2214,Maximycin Lite,102.55
2215,Bioxan Ointment,155.62
2216,Roxitidine Lite,196.7
2217,Roxibarb DS,497.38
2218,Claristat SR,160.94
2219,Biodine Max,337.49
2220,Acuquine Forte,394.04
2221,Zylodine Cap,443.25
2222,Amoximab Max,25.66
2223,Omnivir Cream,80.54
2224,Metalax SR,184.45
2225,Pancept Cap,461.35
2226,Flumycin Cap,151.44
2227,Flutidine SR,393.15
2228,Clarifen Syrup,490.88
2229,Metabarb Syrup,411.93
2230,Zyloazole SR,121.51
2231,Claristat Tab,240.6
2232,Neoquine Forte,266.19
2233,Biosartan Max,185.59
2234,Acuzol Ointment,201.9
2235,Biotidine Tab,231.51
2236,Amoxistat Lite,383.53
2237,Biostat Ointment,61.11
2238,Panmycin DS,26.86
2239,Clariazole Gel,59.24
2240,Omnistat Ointment,403.48
2241,Norcept Syrup,26.4
2242,Trimab SR,124.64
2243,Dexdine Drops,86.89
2244,Zylovir Tab,205.81
2245,Norstat Cap,440.74
2246,Ultracept Gel,400.8
2247,Ciproazole Inj,279.06
2248,Norlax Inj,391.84
2249,Maxipril Drops,19.1
2250,Pandine Drops,181.36
2251,Roxizone DS,376.63
2252,Metasartan Plus,48.89
2253,Ultrastat Drops,128.51
2254,Maximycin Drops,461.15
2255,Dololax Max,135.37
2256,Dextidine Gel,498.15
2257,Ultrastat SR,56.13
2258,Dolodine Max,402.13
2259,Ciprocillin Drops,70.9
2260,Tritidine Ointment,143.81
2261,Flubarb Tab,251.15
2262,Metafen Cream,253.33
2263,Ciproolol XR,152.44
2264,Omnibarb Lite,417.61
2265,Dexzol Syrup,74.84
2266,Omniprazole Forte,268.54
2267,Dexfen DS,199.36
2268,Pancillin Gel,389.18
2269,Dolomab Forte,183.42
2270,Omnilax Tab,34.79
2271,Maxiquine DS,210.24
2272,Maxicept Drops,34.34
2273,Clarizone DS,167.52
2274,Trisartan DS,469.41
2275,Roxilax Forte,108.81
2276,Acuxan Max,317.29
2277,Maxibarb Syrup,391.36
2278,Fludine Inj,273.4
2279,Acucillin Forte,467.17
2280,Neosartan SR,468.24
2281,Dolocept Gel,292.87
2282,Norfen Ointment,302.52
2283,Omnizol DS,200.8
2284,Amoxistat Gel,398.32
2285,Ciprofen Max,220.59
2286,Norvir Cap,309.12
2287,Trimycin Syrup,308.47
2288,Zylosartan Forte,339
2289,Panolol Gel,37.96
2290,Omnisartan Inj,433.92
2291,Acusartan Cream,404.56
2292,Clarilax Lite,434.79
2293,Tricillin Gel,173.74
2294,Dololax Plus,467.26
2295,Ciproprazole Tab,245.67
2296,Maxizone Syrup,499.14
2297,Clarisartan SR,466.5
2298,Acuzone Cream,374.4
2299,Norquine Tab,245.48
2300,Zylocept Inj,281.25
2301,Fludine Forte,322.67
2302,Maxitidine Cap,390.06
2303,Panazole Syrup,162.34
2304,Metamab Inj,162.65
2305,Claritidine Tab,41.51
2306,Zylotidine Plus,175.12
2307,Roxidine Drops,354.53
2308,Neoquine Cream,466
2309,Acumycin Cream,29.64
2310,Acumycin Inj,91.52
2311,Ciproquine XR,18.83
2312,Ciprosartan Forte,385.32
2313,Levocept Cap,454.79
2314,Bioprazole Syrup,220.59
2315,Norbarb Cream,216.86
2316,Zyloolol Inj,363.34
2317,Acubarb Drops,77.58
2318,Maxizol Lite,442.68
2319,Neoxan Drops,255.57
2320,Cipromycin Ointment,433.86
2321,Normycin Syrup,260.34
2322,Ciprozone Gel,141.79
2323,Maxidine Inj,146.64
2324,Acubarb DS,347.45
2325,Flusartan Plus,388.82
2326,Levofen Ointment,284.59
2327,Dololax Drops,142.15
2328,Zylozol Cream,170.91
2329,Amoxibarb XR,11.36
2330,Metazone Max,313.54
2331,Norazole Inj,228.14
2332,Clarizone XR,21.22
2333,Neozol SR,259.27
2334,Ultrazol XR,407.13
2335,Acuprazole Cap,284.81
2336,Amoxicept Inj,406.83
2337,Dolotidine DS,401.02
2338,Zylocillin Ointment,487.59
2339,Acucillin Gel,196.14
2340,Neostat Forte,94.08
2341,Zylovir DS,222.88
2342,Panolol XR,313.01
2343,Neopril Cream,352.13
2344,Ciprodine Max,427.01
2345,Amoxizol Ointment,497.6
2346,Amoxivir Syrup,306.87
2347,Omniprazole Tab,477.6
2348,Flumab Cream,33.66
2349,Flulax Lite,159.56
2350,Clarifen Cap,280.9
2351,Metazol XR,249.79
2352,Panzol Ointment,379.12
2353,Acumab Syrup,451.95
2354,Levofen Forte,300.09
2355,Levopril Max,65.89
2356,Levotidine Tab,291.99
2357,Acustat Plus,283.22
2358,Ciprodine Lite,6.62
2359,Biofen Cream,253.06
2360,Biopril Lite,187.38
2361,Dexbarb DS,160.93
2362,Trivir Syrup,474.81
2363,Ultraquine Cream,338.11
2364,Neozol Inj,291.33
2365,Dexbarb Forte,71.84
2366,Amoxicept XR,99.36
2367,Maxistat Gel,463.73
2368,Neobarb Drops,442.83
2369,Clarimycin SR,83.17
2370,Ciprodine Forte,261.47
2371,Hydroxan Cap,466.8
2372,Maxivir Syrup,23.41
2373,Omnistat Cream,455.19
2374,Roximab DS,475.49
2375,Ultrazone Tab,127.53
2376,Hydrodine Tab,249.6
2377,Metacillin Gel,210.11
2378,Amoxifen Gel,368.95
2379,Biomycin Tab,392.44
2380,Maxidine Tab,371.98
2381,Amoxicillin Forte,9.95
2382,Norcept Lite,172.56
2383,Tripril DS,436.34
2384,Biodine Cap,474.24
2385,Hydropril Plus,146.97
2386,Clariquine Cap,210.65
2387,Maxicillin DS,30.57
2388,Zyloxan Gel,433.32
2389,Maxitidine Plus,323.18
2390,Levozol Plus,213.46
2391,Claribarb Lite,458.38
2392,Dolosartan Ointment,129.53
2393,Zylocept Max,344.33
2394,Roxizone Drops,22.68
2395,Roxitidine XR,288.85
2396,Claripril Max,251.18
2397,Norcept Ointment,269.45
2398,Omnipril Tab,240.81
2399,Ultradine Forte,250.19
2400,Dexprazole Forte,473.89
2401,Hydroxan Forte,275.76
2402,Neobarb Inj,126.44
2403,Levopril Lite,98.38
2404,Maxifen Max,116.44
2405,Trifen Cap,491.35
2406,Ultramycin XR,337.95
2407,Biozone Cream,223.94
2408,Ultramycin DS,240.49
2409,Fluquine DS,313.62
2410,Claripril Gel,366.47
2411,Ultratidine Plus,294.81
2412,Normycin Forte,489.5
2413,Levomycin Lite,48.49
2414,Amoxiprazole Gel,459.56
2415,Tricillin Syrup,222.61
2416,Panbarb Cream,361.25
2417,Clarivir XR,7.47
2418,Metaquine Drops,454.68
2419,Acuquine Cap,248.34
2420,Dextidine Cream,361.38
2421,Omniprazole SR,132.03
2422,Zyloolol Cream,285.29
2423,Ultraprazole Drops,119.04
2424,Acustat Tab,159.02
2425,Clarivir Cap,270.65
2426,Ultradine Inj,489.7
2427,Dololax Cream,368.19
2428,Zylomycin Tab,450.66
2429,Neostat Syrup,435.17
2430,Maxivir DS,412.65
2431,Omnisartan SR,141.59
2432,Maxiolol Cap,184.51
2433,Hydrofen Cap,417.33
2434,Zylobarb Inj,434.88
2435,Zyloazole Lite,487.36
2436,Amoxifen Plus,369.67
2437,Dexfen Drops,375.6
2438,Claricillin Inj,198.46
2439,Zyloxan Ointment,12.66
2440,Dolofen Forte,487.68
2441,Norpril DS,408.6
2442,Levomab SR,322.04
2443,Omnixan Drops,237.18
2444,Fluxan Cap,37.35
2445,Doloxan Lite,322.39
2446,Tripril Max,17.27
2447,Doloxan Syrup,261.35
2448,Amoxicept Cap,297.99
2449,Levocillin Forte,316.89
2450,Panxan Gel,379.4
2451,Omnizol XR,63.32
2452,Claristat DS,483.58
2453,Hydrofen Inj,342.02
2454,Norprazole XR,403.22
2455,Acutidine Drops,479.49
2456,Trizone Gel,61.95
2457,Tridine Tab,319.53
2458,Flubarb Cap,306.82
2459,Claricillin Forte,114.98
2460,Acuprazole Tab,99.81
2461,Ultrastat Cap,403.8
2462,Biomab Lite,15.67
2463,Norfen Syrup,185.33
2464,Trimab Plus,130.09
2465,Ciprofen Lite,141.62
2466,Panpril Lite,72.88
2467,Clariolol XR,161.35
2468,Flusartan Ointment,154.3
2469,Maxicillin Tab,23.7
2470,Ultramycin Cap,248.99
2471,Omnipril Lite,280.3
2472,Fluzol DS,221.84
2473,Bioquine Cap,381.55
2474,Metabarb Ointment,323.27
2475,Amoxizone Tab,43.73
2476,Flupril Cap,425.92
2477,Levopril Tab,190.95
2478,Roxibarb Inj,168.34
2479,Dexzol Cap,71.05
2480,Acumab Forte,296.28
2481,Ciprobarb Cap,273.54
2482,Omnimycin Plus,282.4
2483,Clarimab Cream,198.43
2484,Flustat Ointment,189.39
2485,Clarixan Lite,303.16
2486,Doloquine Plus,52.62
2487,Maxistat Syrup,361.94
2488,Roxisartan Tab,184.62
2489,Dolopril Ointment,86.18
2490,Dolozone SR,278.12
2491,Dexquine Max,423.84
2492,Ultraquine Lite,399.08
2493,Acufen SR,262.78
2494,Clarisartan Cap,9.57
2495,Trizol Ointment,355.49
2496,Neoprazole Forte,413.02
2497,Roximab Syrup,302.72
2498,Ultraolol Syrup,56.9
2499,Amoxidine Forte,175.03
2500,Biozol SR,420.43
2501,Ultravir XR,68.8
2502,Hydrolax Tab,196.9
2503,Levovir Max,282.25
2504,Bioquine Syrup,455.72
2505,Clarilax XR,167.29
2506,Dolopril Cream,416.83
2507,Hydrobarb SR,196.5
2508,Cipromab Drops,369.86
2509,Hydroquine Inj,447.82
2510,Dexmycin Cream,316.38
2511,Neomab Ointment,365.5
2512,Ultraxan Gel,285.76
2513,Biolax XR,285.81
2514,Amoximab SR,49.73
2515,Levobarb Tab,236.39
2516,Biovir Tab,88.73
2517,Roxilax Cream,260.93
2518,Ciproxan Inj,393.19
2519,Ciproazole Drops,375.65
2520,Roxipril Tab,336.89
2521,Biosartan DS,45.96
2522,Zylovir Syrup,283.31
2523,Ultramycin Gel,322.53
2524,Dexzol Gel,112.87
2525,Ultrasartan XR,95.45
2526,Metazol Syrup,181.6
2527,Omnizone Gel,223.47
2528,Biobarb Syrup,49.39
2529,Levotidine DS,287.44
2530,Neopril Inj,401.31
2531,Levoxan Drops,126.33
2532,Dolodine Lite,349.14
2533,Omniazole Drops,77.77
2534,Hydroprazole Tab,428.76
2535,Levolax Ointment,333.93
2536,Biomycin Inj,187.69
2537,Tricept Cap,235.54
2538,Amoximab Gel,325.87
2539,Ultrapril Ointment,133.27
2540,Clarimycin Cream,164.42
2541,Ultrafen Ointment,303.74
2542,Dolocept Drops,119.32
2543,Claritidine DS,476.46
2544,Ultratidine Cap,410.87
2545,Levocept Syrup,374.5
2546,Amoxidine Lite,455.38
2547,Ciproquine Forte,354.4
2548,Maxiazole XR,39.9
2549,Acusartan Gel,123.4
2550,Dolovir Ointment,198.46
2551,Dexstat Forte,170.44
2552,Amoxiquine Inj,384.46
2553,Bioazole Ointment,383.57
2554,Maxibarb Ointment,212.49
2555,Fludine Syrup,120.76
2556,Zylodine DS,141.84
2557,Panbarb Max,488.07
2558,Dextidine Syrup,296.45
2559,Acufen Lite,395.2
2560,Neopril SR,198.32
2561,Omnifen Tab,383.27
2562,Panzol Forte,411.2
2563,Zylotidine Cream,393.22
2564,Maxisartan Lite,130
2565,Zylodine SR,137.94
2566,Flubarb Inj,334.3
2567,Panfen Cap,73.81
2568,Panprazole Drops,426.57
2569,Fluquine Ointment,219.68
2570,Panquine Ointment,419.47
2571,Claricept Max,85.08
2572,Omnimycin Inj,118.94
2573,Bioprazole XR,192.88
2574,Norzone Cap,33.29
2575,Ultraquine DS,429.86
2576,Neovir Drops,52.03
2577,Hydrosartan Drops,376.67
2578,Zylopril XR,168.88
2579,Acuzol Syrup,59.74
2580,Norfen DS,417.88
2581,Omnidine SR,88.08
2582,Neosartan Cream,462.92
2583,Zylostat Max,217.46
2584,Maximycin Plus,36.69
2585,Hydroprazole Drops,493.63
2586,Maxiolol Inj,319.93
2587,Omnimab Cream,206.4
2588,Acudine Gel,251.07
2589,Zylotidine DS,306.93
2590,Clarizol Syrup,184.04
2591,Maxifen Inj,165.04
2592,Norprazole SR,365.68
2593,Omnilax Inj,461.71
2594,Metacillin Lite,101.23
2595,Ultrastat Ointment,308.19
2596,Ultraprazole Tab,37.05
2597,Levobarb XR,440.45
2598,Acuquine Plus,476.09
2599,Flustat Plus,85.9
2600,Fludine Max,255.01
2601,Biomab DS,305.12
2602,Ultramycin Tab,16.9
2603,Amoximab Syrup,52.03
2604,Ultrazone SR,367.8
2605,Tristat Ointment,235.9
2606,Roxidine Gel,457.06
2607,Tricept Lite,123.52
2608,Omnitidine Drops,419.4
2609,Biostat DS,183.92
2610,Nortidine Syrup,123.49
2611,Acuquine Ointment,379.03
2612,Dolocept Cream,320.17
2613,Amoxicept Drops,398.49
2614,Amoximycin XR,102.35
2615,Metasartan Drops,313.39
2616,Levovir Forte,27.65
2617,Neozol Gel,423.26
2618,Neoquine Plus,304.79
2619,Dexstat Drops,127.99
2620,Zylostat Ointment,211.27
2621,Ciprosartan SR,218.7
2622,Zylotidine Gel,128.16
2623,Ultraprazole Ointment,269.14
2624,Zylomycin Plus,323.48
2625,Dexfen Inj,437.06
2626,Ciprosartan Lite,195.96
2627,Acustat Max,214.57
2628,Dexazole Syrup,75.11
2629,Bioolol XR,374.49
2630,Dolozone Lite,384.57
2631,Ultrazol Ointment,447.11
2632,Hydrozol Syrup,370.88
2633,Dexquine Drops,296.99
2634,Normycin DS,461.58
2635,Cipromycin Syrup,270.12
2636,Dolocept XR,111.99
2637,Cipromab Cream,76.75
2638,Clarizol XR,54.89
2639,Roximycin SR,199.72
2640,Roxizol Gel,447.1
2641,Omnimycin Max,487.39
2642,Norprazole Drops,154.79
2643,Amoxivir Forte,217.61
2644,Amoxistat XR,51.84
2645,Flutidine Forte,59.08
2646,Pancept Tab,10.8
2647,Trizol Plus,273.2
2648,Dexprazole Tab,16.87
2649,Amoxicillin Gel,374.18
2650,Clariolol Tab,361.87
2651,Maxitidine DS,132.61
2652,Levoquine Forte,378.94
2653,Neotidine Inj,314.27
2654,Dolocillin Cream,419.88
2655,Trizone Max,119.35
2656,Maxicept Plus,178.62
2657,Ultraprazole Max,275.18
2658,Ultraprazole Inj,125
2659,Dexprazole Inj,457.84
2660,Tripril Cream,445.47
2661,Biostat Inj,123.35
2662,Biovir XR,263.04
2663,Levotidine Syrup,339.15
2664,Metazone Tab,433.71
2665,Claridine DS,465.3
2666,Omnifen Plus,462.78
2667,Acumycin SR,206.98
2668,Biolax Lite,441.49
2669,Roxitidine Cap,300.75
2670,Omniquine SR,298.62
2671,Dexprazole Cap,187.7
2672,Clariquine Ointment,195.3
2673,Triazole Forte,148.75
2674,Acucept Tab,20.94
2675,Dexfen Tab,56.93
2676,Metacept Syrup,351.16
2677,Zyloxan Syrup,224.23
2678,Levofen Cap,151.91
2679,Fludine Cap,149.51
2680,Fludine Cream,123.01
2681,Hydroxan DS,109.25
2682,Norlax SR,13.32
2683,Dolosartan SR,32.84
2684,Cipropril Inj,99.22
2685,Dexpril XR,340.19
2686,Amoxifen Lite,336.21
2687,Omniolol Ointment,424.4
2688,Panstat Plus,233.75
2689,Ultrastat DS,314.14
2690,Nordine Forte,398.3
2691,Norlax XR,472.82
2692,Fluvir Cap,190.34
2693,Fluzone Tab,11.51
2694,Dolodine SR,304.25
2695,Biosartan SR,43.75
2696,Hydrotidine DS,78.88
2697,Maxisartan Ointment,113.89
2698,Omnilax XR,133.33
2699,Norcept Cream,102.27
2700,Biocillin Forte,232.11
2701,Roxivir Max,49.04
2702,Metalax Plus,83.78
2703,Dexxan Cream,140.37
2704,Hydrolax SR,394.62
2705,Omnizone Cream,302.45
2706,Amoxilax SR,485.01
2707,Claristat XR,33.03
2708,Levobarb Cream,112.27
2709,Hydrocillin Cream,382.31
2710,Roximycin Forte,324.88
2711,Roxiazole Ointment,177.27
2712,Norsartan Lite,158.02
2713,Claricillin Ointment,81.18
2714,Ciproprazole Forte,390.28
2715,Hydrotidine Lite,78.31
2716,Dolopril Inj,476.32
2717,Hydroprazole Lite,301.33
2718,Zyloazole Drops,408.58
2719,Biocept Cap,381.55
2720,Acudine Forte,273.77
2721,Trimab Cream,329.09
2722,Biopril Syrup,454.09
2723,Acusartan Drops,52.49
2724,Roxizone Cap,305.31
2725,Ultramycin Forte,52.23
2726,Metavir Inj,241.52
2727,Hydrocillin Max,208.33
2728,Ultramab Cap,464.22
2729,Hydropril Syrup,72.73
2730,Neozone Gel,291.4
2731,Zylomab Forte,77.22
2732,Clarixan Forte,311.2
2733,Ultramab Syrup,444.41
2734,Acuxan Lite,286.68
2735,Metasartan Cap,424.76
2736,Bioquine Inj,113.92
2737,Zylolax Plus,95.23
2738,Neoolol Ointment,116.74
2739,Dexdine Inj,117.51
2740,Dolovir Cap,286.57
2741,Neovir Plus,98.52
2742,Roxibarb Gel,454.12
2743,Norpril Lite,383.26
2744,Doloprazole XR,47.54
2745,Ultrafen Max,26.39
2746,Claristat Syrup,26.39
2747,Pancept Ointment,183.58
2748,Norvir DS,139.48
2749,Roxistat Cream,13.21
2750,Dexmab Gel,31.96
2751,Panpril XR,439.96
2752,Metaazole Syrup,353.52
2753,Ultrazol Lite,121.35
2754,Dexzol Plus,408.31
2755,Roxistat Lite,356.35
2756,Omnisartan XR,152.72
2757,Panmab Gel,79.44
2758,Neofen Max,338.97
2759,Panprazole Tab,442.93
2760,Acucept Forte,466.06
2761,Levoquine Ointment,493.18
2762,Roxisartan Forte,218.48
2763,Omniprazole XR,136.72
2764,Ciprolax Syrup,40.55
2765,Biomab Max,37.27
2766,Acuzone Inj,301.72
2767,Neozol Forte,66.35
2768,Metabarb Cream,243
2769,Tristat Forte,171.46
2770,Levopril Inj,192.65
2771,Omnivir Drops,338.12
2772,Amoxiquine Cap,71.67
2773,Amoxisartan Tab,220.61
2774,Dexquine XR,451.66
2775,Norbarb Plus,121.44
2776,Omnilax Syrup,209.9
2777,Norazole DS,132.53
2778,Trifen DS,225.25
2779,Dexsartan Plus,390.61
2780,Claritidine Lite,299.3
2781,Biolax SR,465.63
2782,Acuazole Cap,214.37
2783,Panlax Plus,357.44
2784,Clariquine Lite,304.02
2785,Maxifen Syrup,15.47
2786,Neovir Max,298.61
2787,Norpril Gel,196.64
2788,Trisartan Gel,130.39
2789,Pantidine Lite,222.23
2790,Metabarb Gel,378.65
2791,Metazone Cream,210.59
2792,Amoxiprazole Drops,114.85
2793,Roxicillin Ointment,60.91
2794,Levodine XR,465.83
2795,Claricillin SR,297.45
2796,Neolax Drops,10.4
2797,Acuzone Forte,273.81
2798,Metadine Cap,327.61
2799,Claribarb Drops,407.85
2800,Amoxiquine Lite,102.65
2801,Bioolol Lite,398.67
2802,Hydrozone XR,164.6
2803,Hydroolol Drops,285.6
2804,Flubarb Cream,345.82
2805,Fluxan Gel,471.59
2806,Maxiprazole Max,276.84
2807,Levocept XR,8.07
2808,Trilax SR,85.04
2809,Roxicept Drops,282.05
2810,Biostat Forte,290.33
2811,Flucept Cap,174.07
2812,Hydromycin Lite,477.58
2813,Metasartan Gel,423.69
2814,Clarixan DS,480.66
2815,Biotidine Inj,220.85
2816,Hydrobarb Syrup,157.59
2817,Metastat Cream,244.02
2818,Ciprosartan DS,143.6
2819,Norzol Gel,75.57
2820,Zyloprazole Forte,57.73
2821,Omnifen Max,231.12
2822,Dolocillin Drops,297.99
2823,Maxiazole Tab,286.21
2824,Acumycin Syrup,115.32
2825,Ciprodine DS,301.51
2826,Hydrosartan Cap,332.2
2827,Zyloxan XR,78.55
2828,Maximycin Syrup,177.77
2829,Amoxipril Tab,354.42
2830,Amoxiolol Lite,182.88
2831,Dexstat Plus,475.2
2832,Clariprazole Cream,410.84
2833,Levomab Lite,180.87
2834,Pancillin Cream,297.01
2835,Acuzone SR,244.87
2836,Dolomab Plus,398.48
2837,Levotidine XR,493.23
2838,Hydrodine Drops,370
2839,Omniprazole Syrup,210.59
2840,Ultracillin Cap,38.86
2841,Fluolol Tab,217.46
2842,Dolovir SR,117.18
2843,Dexlax Syrup,333.23
2844,Clarizol Ointment,383.26
2845,Omniprazole Inj,233.86
2846,Biobarb Inj,217.22
2847,Ultrabarb Cream,271.14
2848,Dexxan Forte,404.48
2849,Clarisartan Plus,85.69
2850,Acupril Cap,279.57
2851,Claricept Plus,342.86
2852,Amoxizol Max,468.03
2853,Neopril DS,23.95
2854,Roxisartan XR,284.19
2855,Doloquine Max,440.88
2856,Flupril Syrup,324.59
2857,Dexzone Gel,94.23
2858,Amoxipril XR,56.25
2859,Fluzol Drops,372.61
2860,Ultracillin Syrup,334.81
2861,Acuzone Ointment,395.22
2862,Zylolax Gel,327.72
2863,Maxidine Plus,156.8
2864,Roxiprazole SR,241.14
2865,Ultramab Cream,453.4
2866,Neomycin XR,46.12
2867,Hydrostat Tab,466.89
2868,Ciprodine Drops,292.99
2869,Acuxan Syrup,443.73
2870,Fludine Tab,445.95
2871,Metasartan Max,25.21
2872,Levoazole Lite,121.49
2873,Roxixan Drops,295.99
2874,Cipropril Plus,349.97
2875,Pancept DS,148.56
2876,Metaprazole Lite,316.61
2877,Zyloquine Plus,276.12
2878,Ciprosartan XR,161.59
2879,Metatidine Cream,290.13
2880,Flusartan Lite,375.98
2881,Doloprazole Cap,215.39
2882,Zylovir Max,416.95
2883,Omnifen Ointment,416.5
2884,Dexprazole SR,470.67
2885,Ultrazone Cap,117.43
2886,Trizol Forte,412.11
2887,Dexolol Cream,219.79
2888,Acuvir Plus,166.67
2889,Acufen XR,221.16
2890,Norxan SR,105.12
2891,Ciprovir Gel,329.19
2892,Neofen Gel,408.08
2893,Panquine SR,174.01
2894,Ultraxan DS,286.06
2895,Levoquine SR,412.92
2896,Acuolol Lite,56.41
2897,Roxicept SR,327.43
2898,Metacept Cream,291.79
2899,Tridine XR,355.59
2900,Norzol Cream,128.67
2901,Omniolol XR,71.52
2902,Pantidine Forte,297.12
2903,Dolofen Cap,362.32
2904,Trizone DS,205.47
2905,Flumab Inj,421.03
2906,Neobarb Max,218.91
2907,Acudine XR,94.92
2908,Hydropril SR,194.66
2909,Dexquine Gel,381.67
2910,Panzone Tab,88.17
2911,Dolocept Lite,97.04
2912,Bioxan Drops,477.37
2913,Zylomycin DS,332.36
2914,Clarimab Forte,249.44
2915,Metaazole Tab,299.34
2916,Panfen Cream,71.13
2917,Ciprobarb Drops,204.73
2918,Biomycin DS,309.21
2919,Maxitidine XR,311.26
2920,Dexcept Gel,26.27
2921,Dexfen XR,274.43
2922,Maxiazole Drops,330.36
2923,Omnicillin Lite,82.88
2924,Bioprazole SR,374.91
2925,Trisartan Max,496.69
2926,Biozone Syrup,455.24
2927,Amoxistat Drops,137.39
2928,Clarimab Inj,45.72
2929,Acupril Tab,54.97
2930,Dexmycin Tab,225.32
2931,Norvir Gel,199.37
2932,Amoxizone Syrup,142.84
2933,Panprazole DS,349.9
2934,Clarixan Gel,379.72
2935,Ciprotidine Cream,168.37
2936,Amoxizone Ointment,436.22
2937,Omnivir Gel,113.33
2938,Maximab Lite,86.71
2939,Flulax SR,207.77
2940,Ultravir Inj,200.01
2941,Amoxistat Plus,344.42
2942,Hydroxan Ointment,282.37
2943,Dexfen Ointment,275.89
2944,Omnistat DS,169.76
2945,Zyloolol Max,370.54
2946,Roxifen Ointment,297.39
2947,Dolotidine Max,32.25
2948,Pancillin Ointment,30.93
2949,Biomab Tab,9.99
2950,Levodine Cream,112.97
2951,Dolozol Tab,456.59
2952,Ciprovir Cap,129.46
2953,Hydrocillin Drops,393.34
2954,Zyloprazole Lite,84.68
2955,Neosartan DS,494.17
2956,Cipropril Cream,115.91
2957,Ultraxan Drops,256.01
2958,Zylotidine Forte,27.3
2959,Amoxisartan Drops,408.68
2960,Norzone Syrup,195.48
2961,Biostat Syrup,105.47
2962,Amoxipril Ointment,220.88
2963,Zylocept Forte,414.82
2964,Metazol Inj,258.18
2965,Zylomycin SR,491.34
2966,Flupril Tab,175.27
2967,Hydrostat XR,132.29
2968,Panprazole Cap,137.29
2969,Clarimab SR,218.49
2970,Amoxitidine Plus,50.51
2971,Norbarb Syrup,268.26
2972,Tribarb Ointment,23.68
2973,Biomab XR,171.76
2974,Amoxicept Forte,416.84
2975,Levotidine Cap,193.37
2976,Ciprosartan Syrup,180.44
2977,Dolomycin Cap,449.04
2978,Hydrofen Syrup,412.18
2979,Norpril SR,487.21
2980,Norazole Lite,406.79
2981,Amoxilax XR,376.69
2982,Norzol Ointment,203.14
2983,Norzol XR,440.67
2984,Acudine DS,144.19
2985,Dexzone Cream,61.66
2986,Neozone Cream,256.37
2987,Omniprazole Plus,5.29
2988,Biofen Gel,203.33
2989,Tridine SR,287.36
2990,Dolocillin DS,156.94
2991,Flumycin Cream,203.38
2992,Metacept Inj,109.34
2993,Neotidine Ointment,405.4
2994,Amoxicillin Tab,312.25
2995,Clariprazole DS,174.44
2996,Pandine Plus,14.97
2997,Metaazole SR,331.09
2998,Hydrobarb DS,260.53
2999,Panmab Inj,194.55
3000,Flustat Gel,443.55
3001,Roximab Cream,224.85
3002,Roxisartan Plus,425.55
3003,Claripril DS,227.1
3004,Amoxitidine Gel,361.34
3005,Roxiolol Tab,208.89
3006,Ultramab Ointment,378.05
3007,Levoprazole Drops,446.77
3008,Maxiazole Max,197.23
3009,Ciproolol Forte,462.94
3010,Zylomab Plus,446.61
3011,Clarifen Tab,125.69
3012,Acustat Inj,228.3
3013,Panstat SR,217.69
3014,Nortidine Cream,142.53
3015,Amoxistat Cap,141.32
3016,Zyloolol Forte,178.46
3017,Metaquine SR,473.13
3018,Dexmycin Inj,211.12
3019,Claricillin Tab,262.29
3020,Ultralax Cream,17.54
3021,Dexlax Plus,309.32
3022,Dolozone Max,336.6
3023,Normycin Drops,13.62
3024,Levocept Forte,6.12
3025,Dolobarb Ointment,307.57
3026,Amoxisartan Cream,36.93
3027,Levofen Max,137.88
3028,Panquine Syrup,385.68
3029,Claridine Ointment,434.56
3030,Fluolol Ointment,100.72
3031,Neofen Lite,267.42
3032,Tricept Drops,136.07
3033,Ciprozol Drops,152.97
3034,Trizone Inj,231.87
3035,Dexdine Max,181.15
3036,Clarimab Cap,408.04
3037,Maxitidine Cream,14.73
3038,Panstat DS,427.72
3039,Amoxipril SR,419.69
3040,Neozone Lite,205.56
3041,Metaprazole Tab,62.65
3042,Ciprostat Cap,490.24
3043,Maxipril Syrup,496.76
3044,Clariazole Lite,461.96
3045,Ultravir Tab,435.65
3046,Metatidine Gel,7.01
3047,Hydrosartan Syrup,211.99
3048,Fluzol Max,200.47
3049,Amoxizone Forte,462.13
3050,Normab Max,476.28
3051,Roxizol Cream,272.22
3052,Claridine Cream,294.16
3053,Dexquine Cream,127.23
3054,Amoxibarb Drops,406.69
3055,Acucillin Tab,285.68
3056,Dolocillin Forte,494.2
3057,Dextidine DS,9.92
3058,Neozone Cap,288.69
3059,Zyloxan Max,196.4
3060,Acuzone Tab,58.92
3061,Metamycin Syrup,278.15
3062,Dexdine Ointment,288.03
3063,Tridine Drops,200.42
3064,Ciprotidine Syrup,181.86
3065,Claricept XR,23.07
3066,Levolax Max,469.2
3067,Levodine Forte,416.22
3068,Biopril Cap,23.85
3069,Norzol Inj,478.41
3070,Hydromab Inj,453.78
3071,Neolax Lite,229.3
3072,Panstat Forte,483.35
3073,Dextidine Max,272.17
3074,Acupril Lite,326.44
3075,Dolobarb Cap,445.01
3076,Amoxitidine Cap,421.85
3077,Dexdine Lite,53.76
3078,Dexdine Gel,330.1
3079,Clarimycin Plus,289.8
3080,Biomab Drops,158.4
3081,Amoxivir Plus,407.78
3082,Maxiazole Cap,427.56
3083,Roxizol Cap,281.35
3084,Ultralax Cap,408.77
3085,Panzone SR,414.91
3086,Nortidine Cap,27.68
3087,Aculax Cream,39.6
3088,Neofen Drops,62.09
3089,Tricept SR,106.24
3090,Maximycin SR,117.94
3091,Ultravir DS,80.6
3092,Zylofen DS,110.2
3093,Levotidine Cream,415.29
3094,Levopril Syrup,354.88
3095,Omnitidine Tab,93.39
3096,Maxiquine Tab,10.41
3097,Maxiazole Forte,342
3098,Cipromab DS,361.69
3099,Roxipril DS,184.32
3100,Dexzone XR,361.88
3101,Ultradine Cream,370.36
3102,Dexquine DS,263.54
3103,Dololax Tab,359.86
3104,Panpril Drops,300.81
3105,Ultralax Tab,274.56
3106,Neomycin Forte,123.87
3107,Flucept Lite,293.12
3108,Neodine Cream,311.01
3109,Zyloprazole DS,240.38
3110,Trizol Syrup,97.47
3111,Panpril SR,248.16
3112,Neocept Plus,304.41
3113,Amoxiolol Tab,69.14
3114,Omnicillin Tab,210.9
3115,Roxilax Plus,463.12
3116,Metamab Max,320.37
3117,Maxibarb Gel,99.12
3118,Omniolol Forte,53.68
3119,Ultradine Plus,455.37
3120,Levoazole Ointment,324.58
3121,Neocept Forte,27.73
3122,Ultraazole DS,110.34
3123,Dexcillin Drops,254.73
3124,Panxan Lite,422.41
3125,Acumab Cap,83.98
3126,Dolozone Syrup,121.26
3127,Ultratidine Cream,45.1
3128,Metaxan Inj,38.71
3129,Zylozol Tab,43.67
3130,Bioxan Plus,91.68
3131,Dexbarb XR,92.8
3132,Metaxan Drops,305.75
3133,Normycin Gel,379.44
3134,Metastat DS,383.86
3135,Flulax Plus,296
3136,Zylostat DS,79.04
3137,Hydrobarb Ointment,33.08
3138,Normycin Inj,47.52
3139,Zylozol Max,322.72
3140,Triazole Tab,338.66
3141,Ciproquine Ointment,303.74
3142,Ultrasartan Ointment,132.56
3143,Trimycin XR,179.93
3144,Bioolol Gel,144.67
3145,Amoxiazole DS,452.49
3146,Cipromycin Max,158.47
3147,Norolol Cream,418.73
3148,Ciproxan Max,497.83
3149,Flumab Lite,332.8
3150,Panzone Cream,433.99
3151,Levozone Max,184.44
3152,Ultraazole Drops,53.43
3153,Panolol Tab,91.47
3154,Zylostat Forte,69.08
3155,Cipromycin Tab,95.96
3156,Maximab SR,341.96
3157,Levozone Inj,230.97
3158,Fluvir Drops,54.07
3159,Flubarb XR,219.12
3160,Clarixan Tab,191.93
3161,Neopril Cap,202.63
3162,Dexdine Cap,145
3163,Amoximab Cream,356.11
3164,Omnifen Gel,94.77
3165,Neobarb Tab,10.08
3166,Claribarb Max,84.34
3167,Claritidine Cream,433.55
3168,Roximab Inj,179.5
3169,Clarimab Gel,187.6
3170,Levomab Gel,428.54
3171,Flusartan Inj,447.78
3172,Fluprazole Inj,274.45
3173,Neoolol Cream,412.51
3174,Ultradine SR,79.95
3175,Hydrotidine Max,427.74
3176,Acuzone Lite,262.85
3177,Norfen Tab,229.38
3178,Ultratidine Forte,70.1
3179,Biopril DS,293
3180,Hydrozol Max,78.87
3181,Dolocillin Syrup,431.59
3182,Trixan Ointment,34.17
3183,Metazol Cream,298.31
3184,Omnisartan Cream,318.65
3185,Neozone XR,165.96
3186,Roxiprazole Ointment,206.79
3187,Zylozone DS,11.82
3188,Omnitidine Inj,446.06
3189,Neolax Gel,330.32
3190,Ciprozone Cream,487.58
3191,Biovir Max,289.31
3192,Ciprocillin DS,104.92
3193,Trivir XR,173.12
3194,Dolofen XR,444.45
3195,Zylostat Cap,222.47
3196,Hydrosartan Forte,217.17
3197,Levoolol Syrup,174.74
3198,Ciproxan Lite,318.72
3199,Omnifen Inj,82.1
3200,Triprazole Forte,286.24
3201,Maxipril Lite,432.18
3202,Acusartan Forte,112.12
3203,Neodine Lite,232.92
3204,Flumycin SR,267.45
3205,Metaolol Tab,494.64
3206,Hydromab SR,51.24
3207,Dolomab Tab,72.82
3208,Metasartan Inj,58.17
3209,Acupril Inj,335.09
3210,Zyloolol Lite,330.52
3211,Ultrafen Tab,58.36
3212,Dolosartan DS,290.87
3213,Hydropril Drops,260.76
3214,Metazone SR,19.84
3215,Claribarb DS,55.18
3216,Tristat Lite,185.13
3217,Norcillin Drops,78.63
3218,Zyloprazole Gel,134.26
3219,Ultramab Tab,315.75
3220,Zylosartan Ointment,251.08
3221,Roxipril Ointment,68.4
3222,Dolozone DS,8.75
3223,Levoolol Drops,361
3224,Trizol Cream,46.71
3225,Acuvir Forte,299.56
3226,Dolozol Cream,189.6
3227,Neostat Lite,348.84
3228,Maxibarb SR,97
3229,Maxiolol SR,39.3
3230,Metaxan Forte,453.47
3231,Norsartan SR,463.54
3232,Fluprazole Cream,329.67
3233,Hydrozol XR,301.19
3234,Dexsartan Cap,229.94
3235,Omnimycin Forte,29.47
3236,Dolodine Inj,412.07
3237,Panazole Max,437.64
3238,Ultrazol Drops,131.1
3239,Trizone SR,88.65
3240,Levosartan Lite,81.15
3241,Neosartan Lite,304.61
3242,Zylobarb Gel,203.7
3243,Zylomycin Ointment,178.11
3244,Clariprazole Gel,170.81
3245,Ultraolol Plus,233.81
3246,Metaprazole XR,325.77
3247,Ultrabarb SR,444.43
3248,Omnidine DS,442.21
3249,Ciprotidine SR,135.16
3250,Clarifen Lite,102.47
3251,Hydroazole Lite,245.63
3252,Amoxiprazole Plus,466.7
3253,Levoxan Max,55.27
3254,Acuolol Tab,376.84
3255,Acuxan Gel,487.84
3256,Omnipril XR,142.47
3257,Zylosartan XR,71.63
3258,Ciprozol Tab,63.55
3259,Acubarb SR,374.4
3260,Biocept DS,378.75
3261,Ultraxan Forte,192.78
3262,Metaazole Ointment,285.04
3263,Clarilax Max,28.83
3264,Dololax DS,23.37
3265,Roximycin XR,257.34
3266,Dexmab Syrup,79.99
3267,Metasartan DS,390.93
3268,Amoxizol SR,178.45
3269,Roxidine Cap,470.83
3270,Acupril XR,303.43
3271,Clariazole DS,350.96
3272,Zyloazole Syrup,298.31
3273,Hydroxan XR,178.36
3274,Ultraquine Drops,342.21
3275,Panolol SR,57.8
3276,Neozol Max,8.99
3277,Levodine Ointment,6.91
3278,Roxicept XR,310.12
3279,Flumab Ointment,279.7
3280,Neozol Plus,213.49
3281,Biomab Cream,99.47
3282,Amoxiprazole Max,379.37
3283,Tridine Inj,459.78
3284,Hydrozone Inj,454.35
3285,Omnivir Forte,106.68
3286,Tripril XR,465.17
3287,Norprazole Cap,206.88
3288,Claritidine Forte,79.8
3289,Dolocillin Lite,325.58
3290,Neozone Drops,486.89
3291,Dexcept Lite,315.07
3292,Fluprazole Syrup,143.36
3293,Biomycin Cap,24.9
3294,Norprazole Lite,211.39
3295,Maxixan Ointment,293.27
3296,Levoprazole DS,176.19
3297,Zylosartan Plus,481.99
3298,Biostat SR,146.29
3299,Trimycin Tab,312.98
3300,Roxizone Tab,174.78
3301,Dololax Cap,28.25
3302,Roxistat Cap,443.4
3303,Metamycin Ointment,132.64
3304,Ultracillin XR,359.71
3305,Levosartan Tab,223.97
3306,Biofen Tab,300.53
3307,Hydropril XR,146.42
3308,Hydrotidine Ointment,467.19
3309,Acuazole DS,396.78
3310,Acuvir Inj,292.05
3311,Maxilax Drops,472.98
3312,Claridine Forte,407.35
3313,Zylomab SR,155.78
3314,Amoximycin Cream,6.13
3315,Clariquine Max,384.41
3316,Maxistat Lite,250.83
3317,Levoprazole Syrup,72.61
3318,Roxitidine Drops,153.98
3319,Levostat Gel,169.78
3320,Acufen Drops,333.88
3321,Doloxan Inj,110.31
3322,Roxicept Tab,104.76
3323,Acuxan Cream,239.75
3324,Norquine Cap,131.81
3325,Biolax Inj,289.65
3326,Maxibarb Plus,495.4
3327,Neolax DS,80.48
3328,Dexlax Cap,142.11
3329,Hydrozone Ointment,345.26
3330,Trilax Cream,223.56
3331,Metadine SR,368.1
3332,Metaolol Plus,49.6
3333,Omnimab SR,239.46
3334,Metastat Cap,305.11
3335,Metazone Lite,72.67
3336,Norprazole Max,406.08
3337,Dolosartan Cap,371.11
3338,Omnicept XR,219.06
3339,Neoolol Syrup,320.84
3340,Doloquine XR,493.38
3341,Hydroazole Cap,93.39
3342,Acuquine Max,433.87
3343,Pandine Cap,263.29
3344,Flufen Inj,303.35
3345,Dolodine Drops,272.45
3346,Omniquine Plus,248.64
3347,Roxizone Forte,318.28
3348,Ultraxan Cap,160.14
3349,Omnixan Syrup,381.61
3350,Dolopril XR,428.02
3351,Tribarb XR,222.05
3352,Claristat Drops,129.16
3353,Biozone Cap,34.59
3354,Roxilax Drops,326.26
3355,Flumab Tab,372.36
3356,Neostat SR,67.69
3357,Panmycin Drops,284.48
3358,Roxiquine Gel,164
3359,Neodine Gel,159.8
3360,Norsartan DS,215.08
3361,Ultraprazole Forte,310.14
3362,Neostat Tab,128.85
3363,Doloolol SR,313.57
3364,Metazone Inj,88.76
3365,Amoxisartan Forte,12.37
3366,Omnitidine XR,499.76
3367,Clarifen SR,484.87
3368,Dexquine Syrup,225.17
3369,Roxiolol Lite,241.38
3370,Maxidine SR,135.38
3371,Maxisartan Plus,207.2
3372,Trifen Cream,316.86
3373,Ultramab Drops,275.6
3374,Dolotidine Gel,357.45
3375,Metacillin DS,390.51
3376,Dolozone Plus,54.68
3377,Acusartan Cap,179.69
3378,Maxicept Inj,62.45
3379,Triprazole XR,17.29
3380,Biobarb Tab,114.5
3381,Panbarb Tab,413.41
3382,Tritidine Drops,248.55
3383,Fluolol Cream,202.75
3384,Panvir Inj,122.66
3385,Neoazole Inj,173.53
3386,Maxibarb Cap,465.34
3387,Omnitidine Cream,337.52
3388,Ultravir Lite,288.96
3389,Levotidine Gel,211.17
3390,Omnixan Forte,271.67
3391,Neodine Inj,20.61
3392,Omnifen Cap,33.66
3393,Ultradine XR,402.57
3394,Maxiprazole Syrup,68.4
3395,Trisartan Cap,78.89
3396,Acuquine Syrup,77.38
3397,Maxizol Plus,296.08
3398,Amoximycin Drops,385.03
3399,Pansartan DS,256.75
3400,Cipropril Syrup,234.73
3401,Clariprazole Forte,35.5
3402,Amoxivir Max,195.85
3403,Dolocillin SR,467.46
3404,Norcept Forte,463.81
3405,Ultravir Plus,186.3
3406,Roxiquine Drops,315.13
3407,Biozone Drops,218.21
3408,Zyloquine DS,63.47
3409,Neostat Gel,90.26
3410,Dexmab Inj,422.2
3411,Trifen Drops,56.32
3412,Neocillin Drops,416.61
3413,Hydroquine Plus,119.94
3414,Amoxizol Plus,132.36
3415,Trilax Syrup,51.84
3416,Levoolol Forte,440.32
3417,Triquine Syrup,153.22
3418,Maxizone Ointment,358.17
3419,Normycin Plus,305.58
3420,Dolomycin Plus,436.52
3421,Levocept Ointment,233.3
3422,Levocept Cream,200.53
3423,Clarimab XR,269.22
3424,Trimab Forte,40.07
3425,Neostat Inj,119.84
3426,Levomab Drops,408.12
3427,Neocept Lite,31.97
3428,Neoolol XR,65.39
3429,Norquine Cream,277.08
3430,Ciprolax Inj,96.34
3431,Metacept Tab,71.33
3432,Norlax Gel,359.21
3433,Flucept Ointment,252.16
3434,Omniquine Tab,13.42
3435,Acucept Syrup,100.67
3436,Normab Tab,138.94
3437,Roxitidine Gel,447.96
3438,Ciprobarb XR,495.71
3439,Zylopril Gel,454.36
3440,Metaazole XR,229.03
3441,Dexprazole Max,317.14
3442,Hydropril Gel,374.91
3443,Biopril Plus,415.4
3444,Amoxidine SR,186.5
3445,Roxizol XR,458.75
3446,Hydrofen Drops,35.5
3447,Levoprazole Plus,415.51
3448,Levovir Syrup,436.41
3449,Hydroprazole Forte,492.64
3450,Metalax Max,107.42
3451,Clarifen Max,126.43
3452,Zyloquine Gel,337.93
3453,Acucillin Syrup,320.5
3454,Trizol XR,293.21
3455,Ultrastat Tab,195.81
3456,Omnicillin Inj,15.79
3457,Omniolol Syrup,8.65
3458,Dexstat Ointment,160.74
3459,Roxizol DS,139.96
3460,Panfen Ointment,197.21
3461,Claritidine Ointment,341.58
3462,Hydroazole SR,310.71
3463,Acubarb Gel,145.6
3464,Metalax Drops,377.75
3465,Zyloprazole Tab,135.11
3466,Nortidine DS,216.21
3467,Trivir DS,399.43
3468,Fluzone Plus,464.24
3469,Dexzone Cap,154.49
3470,Amoxitidine Drops,281.28
3471,Tritidine DS,398.87
3472,Dexvir Cream,72.69
3473,Panmab Lite,98.57
3474,Amoxitidine Inj,18.01
3475,Levosartan Gel,198.37
3476,Fludine XR,418.75
3477,Doloazole SR,450.94
3478,Roxifen XR,111.54
3479,Amoxicillin Syrup,264.17
3480,Hydrobarb Tab,275.08
3481,Roxiprazole Syrup,280
3482,Roximycin Plus,221.7
3483,Zylopril Drops,16.41
3484,Dexfen Plus,34.76
3485,Flufen Cream,263.49
3486,Neotidine Gel,210.71
3487,Dolodine Cap,16.76
3488,Omniprazole Ointment,346.57
3489,Dexcept Syrup,111.77
3490,Biolax Plus,310.8
3491,Metamycin Cap,227.51
3492,Hydrozol Forte,144.57
3493,Pansartan Cap,290.59
3494,Biodine Gel,291.79
3495,Roxiolol Plus,255.15
3496,Amoxifen Cream,489.25
3497,Flumycin Tab,459.51
3498,Roxidine Syrup,245.4
3499,Hydromycin SR,178.45
3500,Clariazole Plus,263.75
3501,Hydromycin Ointment,133.74
3502,Fluquine SR,9.76
3503,Amoxibarb SR,466.15
3504,Metasartan Forte,277.87
3505,Dexlax DS,497.88
3506,Fluxan SR,45.21
3507,Neoprazole Max,471.18
3508,Cipropril XR,104.92
3509,Dolofen Plus,466.04
3510,Acuxan Cap,298.33
3511,Zylocillin DS,234.52
3512,Metatidine Lite,484.13
3513,Pansartan SR,433.81
3514,Norolol Tab,99.35
3515,Norzone Plus,115.35
3516,Acuprazole SR,483.41
3517,Hydroquine DS,391.01
3518,Zylozol Ointment,82.9
3519,Maxistat SR,146.84
3520,Levozol Cream,263.62
3521,Dolofen Lite,253.05
3522,Trizone Cap,9.21
3523,Amoxibarb Plus,14.95
3524,Doloazole Plus,394.97
3525,Neoazole Plus,164.32
3526,Norfen Drops,400.37
3527,Flustat Lite,408.37
3528,Dexstat Cap,141.72
3529,Panmab Max,424.56
3530,Omnistat XR,244.3
3531,Maxiprazole DS,117.27
3532,Roxisartan Max,285.1
3533,Ultraquine Ointment,64
3534,Norstat Syrup,218.81
3535,Flulax Ointment,138.95
3536,Neovir Forte,322.75
3537,Hydrocept XR,106.63
3538,Dolocillin Max,326.98
3539,Roxiprazole Tab,436.08
3540,Dolostat Max,214.33
3541,Dextidine Ointment,215.59
3542,Ciproquine Tab,350.56
3543,Trifen Inj,343.96
3544,Fluxan Lite,150.37
3545,Ciprofen XR,269.41
3546,Ciprolax Cream,209.38
3547,Ultralax Ointment,296.72
3548,Clarimycin Ointment,251.17
3549,Dolotidine XR,410.85
3550,Norcillin Syrup,356.89
3551,Acuprazole Forte,44.76
3552,Fludine Drops,22.27
3553,Roxizol Ointment,88.71
3554,Clariolol Max,348.21
3555,Metaprazole Inj,42.71
3556,Dexmab SR,182.74
3557,Pancept XR,145.15
3558,Cipromycin Plus,285.56
3559,Acustat DS,363.78
3560,Flutidine Cap,484.07
3561,Biozol XR,17.06
3562,Zylocept XR,129
3563,Levoprazole Cap,89.28
3564,Ciprostat Inj,177.37
3565,Dexcillin XR,465.91
3566,Maxizol Tab,42.9
3567,Dolozol Syrup,336.52
3568,Flumycin Syrup,187.75
3569,Neolax Cream,353.46
3570,Neozol XR,472.58
3571,Acutidine Lite,100.69
3572,Omnilax Drops,124.78
3573,Amoxipril Gel,60.79
3574,Claripril Drops,309.89
3575,Ciprobarb Ointment,304.54
3576,Levotidine Lite,489.84
3577,Panlax SR,405.44
3578,Metaolol SR,156.59
3579,Hydroxan Lite,252.48
3580,Zylopril Cream,70.25
3581,Dolocept Ointment,374.45
3582,Amoxilax Forte,469.42
3583,Bioolol Plus,209.98
3584,Acuxan SR,17.05
3585,Hydroazole Tab,284.46
3586,Flupril DS,360.41
3587,Ciprotidine Gel,476.74
3588,Omnidine Lite,360.35
3589,Hydroazole Gel,357.9
3590,Amoxiazole Cap,426.51
3591,Roxiazole Plus,427.96
3592,Hydrocept Drops,410.51
3593,Bioolol Max,479.18
3594,Hydrovir Gel,249.9
3595,Hydroprazole Syrup,42.22
3596,Metapril XR,82.34
3597,Metasartan Ointment,412.03
3598,Clariquine DS,197.85
3599,Panolol Forte,265.66
3600,Doloprazole Tab,137.9
3601,Hydroolol Lite,185.51
3602,Acutidine Plus,392.05
3603,Dexstat Gel,274.38
3604,Omnizone Forte,16.92
3605,Ultraazole Gel,279.43
3606,Ultraprazole DS,115.68
3607,Amoxisartan Inj,39.98
3608,Levomab Forte,115.32
3609,Flusartan Drops,275.22
3610,Ciprozol Inj,141.16
3611,Trimycin Ointment,448.48
3612,Levoolol Inj,134.87
3613,Levozone Forte,494.85
3614,Dolomycin DS,449.23
3615,Metaolol XR,464.11
3616,Hydroprazole Gel,12.68
3617,Flustat Max,315.73
3618,Omnibarb Forte,28.1
3619,Ultraazole Plus,376.17
3620,Panazole Drops,415.8
3621,Acuzol Cream,202.76
3622,Dolopril Forte,394.76
3623,Trizone Syrup,492.09
3624,Amoxidine Ointment,496
3625,Doloquine Cream,234.72
3626,Amoxicillin Max,495.08
3627,Nordine Lite,362.51
3628,Levoquine Max,423.3
3629,Maxicillin Gel,84.4
3630,Levoquine Cap,237.72
3631,Dolobarb SR,267.56
3632,Roxivir Tab,111.41
3633,Biotidine DS,152.99
3634,Amoxistat Cream,414.71
3635,Ultramycin Inj,471.68
3636,Acuazole SR,88.74
3637,Tricept DS,381.42
3638,Neodine XR,52.64
3639,Tristat Gel,433.75
3640,Levoprazole Tab,393.68
3641,Ultratidine Max,141.38
3642,Hydrocillin Gel,160.2
3643,Amoxicillin Lite,10.13
3644,Ultrasartan SR,28.5
3645,Pandine Inj,340.28
3646,Doloolol Ointment,454.24
3647,Amoxiazole Syrup,336
3648,Zylofen Cap,237.6
3649,Levocillin XR,29.19
3650,Doloquine Drops,422.97
3651,Pancillin Plus,68.67
3652,Amoxiprazole Tab,387.34
3653,Norzone Ointment,333.9
3654,Roximycin Tab,63.91
3655,Fluazole Forte,13.5
3656,Amoxiprazole Lite,389.88
3657,Metaazole Max,215.87
3658,Metaolol Inj,19.29
3659,Dexprazole Lite,207.95
3660,Fluzol Tab,298.3
3661,Trifen Lite,460.62
3662,Claripril Forte,22.26
3663,Levosartan Syrup,242.94
3664,Claripril Tab,293.25
3665,Claribarb Syrup,25.53
3666,Amoxicept SR,58.83
3667,Pancept Inj,36.77
3668,Dexazole Drops,343.13
3669,Roxifen Syrup,455.6
3670,Levosartan Drops,499.73
3671,Claricept Forte,441.44
3672,Norstat Drops,80.28
3673,Zylocillin Cream,49.49
3674,Maxibarb XR,261.45
3675,Omnimab Drops,325.27
3676,Metacept Ointment,7.37
3677,Zylopril Inj,173.66
3678,Norquine Max,107.41
3679,Maxisartan Cream,221.45
3680,Omnistat SR,357.96
3681,Maxiazole Ointment,37.67
3682,Maxipril XR,303.78
3683,Neoprazole Inj,203.81
3684,Levoxan Ointment,65.86
3685,Nortidine Tab,283.5
3686,Acuzol Plus,158.51
3687,Biocept Tab,91.19
3688,Omnisartan Max,49.26
3689,Levodine SR,265.21
3690,Ultracept Inj,61.23
3691,Metapril SR,194.29
3692,Fluvir Inj,119.35
3693,Hydrocept Gel,244.09
3694,Clarisartan Ointment,473.87
3695,Nortidine Max,107.98
3696,Roxizol Lite,488.75
3697,Maxiquine Lite,231.34
3698,Hydromab Ointment,456.81
3699,Norcillin Gel,276.57
3700,Amoxibarb Ointment,262.53
3701,Amoxiolol Inj,173.8
3702,Ultralax Plus,464.66
3703,Omniazole Forte,305.75
3704,Metabarb XR,89.02
3705,Acuolol Forte,301.92
3706,Panprazole Max,160.77
3707,Doloquine DS,461.61
3708,Tritidine Forte,167.71
3709,Metapril Lite,370.75
3710,Hydroolol Forte,290.05
3711,Zylocillin Plus,377.87
3712,Neomab Max,447.01
3713,Amoxisartan Syrup,181.17
3714,Metazol Max,125.58
3715,Amoxivir DS,62.37
3716,Claritidine Gel,96.91
3717,Zylobarb Max,342.11
3718,Ultracillin Ointment,390.08
3719,Omnitidine Cap,164.49
3720,Dolopril Plus,149.99
3721,Omnizone Lite,423.84
3722,Dexcillin Max,460.17
3723,Flucillin DS,249.7
3724,Norprazole Syrup,410.62
3725,Levofen SR,33.96
3726,Omnixan Ointment,467.67
3727,Clarizol Cream,217.49
3728,Neoazole XR,262.05
3729,Amoxitidine Cream,117.35
3730,Maxiquine XR,211.58
3731,Acumycin Cap,310.74
3732,Norpril Tab,216.18
3733,Neovir Ointment,313.42
3734,Fluzone SR,89.02
3735,Zylosartan Gel,122.67
3736,Claribarb Forte,396
3737,Ciprostat Gel,403.25
3738,Omnipril Drops,5.6
3739,Doloazole DS,487.78
3740,Levocept Inj,174.51
3741,Roxiquine Tab,483.37
3742,Neoolol Inj,108.85
3743,Ciprovir Syrup,46.5
3744,Dexpril Lite,301.23
3745,Metacept Drops,115.36
3746,Roxitidine Inj,275.69
3747,Dolomycin SR,434.87
3748,Omnixan Cream,480.13
3749,Dexsartan Tab,400.73
3750,Triprazole Inj,359.34
3751,Maxiprazole Cap,128.51
3752,Norzol Drops,360.93
3753,Fluazole Ointment,322.1
3754,Ultrabarb Max,84.19
3755,Dolobarb Max,477.43
3756,Bioprazole Cream,288.15
3757,Dexdine Plus,283.02
3758,Ciproquine Lite,383.75
3759,Zylosartan Syrup,303.25
3760,Acuzone XR,106.69
3761,Clarimycin Cap,36.44
3762,Omniprazole Cream,422.67
3763,Panfen Plus,404.26
3764,Levoquine Inj,471.76
3765,Roxipril Max,237.47
3766,Doloazole Forte,297.32
3767,Clarizol Drops,228.55
3768,Neoxan XR,231.49
3769,Levolax Plus,146.48
3770,Hydrostat Max,197.11
3771,Dexprazole DS,266.85
3772,Doloquine Forte,62.54
3773,Metavir Ointment,323.87
3774,Maxivir XR,68.56
3775,Norcillin Forte,22.05
3776,Neoquine Inj,139.55
3777,Clariquine Forte,335.84
3778,Levozone DS,96.12
3779,Metastat XR,475.2
3780,Bioxan SR,353.87
3781,Zyloprazole Syrup,118.69
3782,Flustat SR,92.03
3783,Amoxidine Plus,81.44
3784,Amoxizol Inj,55.32
3785,Omniazole Plus,8.54
3786,Panfen Drops,477.34
3787,Norfen Lite,345.13
3788,Tripril Ointment,296.19
3789,Roxicillin Tab,381.3
3790,Dexbarb Syrup,205.13
3791,Biocept Forte,438.35
3792,Metafen Cap,224.25
3793,Zylocillin Cap,264.06
3794,Zylocillin SR,425.1
3795,Norprazole Inj,176.17
3796,Ultraazole Max,425.87
3797,Normycin Lite,181.33
3798,Ultrazone Lite,143.41
3799,Hydrodine Max,96.25
3800,Acuolol Drops,388.23
3801,Acuzol Tab,279.25
3802,Biozone SR,486.74
3803,Dolostat Inj,7.14
3804,Acuazole XR,193.37
3805,Fluquine Cream,245.09
3806,Roxistat XR,272.55
3807,Metatidine Tab,194.08
3808,Panolol Plus,106.53
3809,Claricillin Cap,88.93
3810,Ciprozone DS,210.71
3811,Omnimab Max,471.02
3812,Ciprosartan Cream,228.25
3813,Neocillin Tab,377.87
3814,Ultralax Lite,82.42
3815,Biocept SR,180.83
3816,Nortidine SR,374.73
3817,Levocept Gel,287.27
3818,Dexdine XR,87
3819,Omnifen Drops,383.51
3820,Omnitidine Gel,143.87
3821,Maximycin Tab,372.38
3822,Flutidine Plus,234.38
3823,Neostat Plus,415.8
3824,Fluvir Syrup,318.99
3825,Hydrocillin Inj,200.84
3826,Roxixan Max,61.81
3827,Levosartan Inj,321.51
3828,Hydroolol XR,464.28
3829,Neoxan Tab,274.54
3830,Pantidine Inj,13.86
3831,Bioolol Ointment,413.83
3832,Ciprocept Cap,397.41
3833,Hydromab Plus,335.47
3834,Roxifen Drops,213.11
3835,Maxilax XR,291.41
3836,Roxilax Syrup,142.32
3837,Maxiquine Cap,52.11
3838,Neopril Gel,157.28
3839,Acupril Cream,111.85
3840,Zylovir Gel,175.08
3841,Panvir Forte,155.68
3842,Trizol Inj,308.58
3843,Panbarb Gel,203.73
3844,Metaxan SR,472.73
3845,Ciprosartan Gel,153.84
3846,Norazole Cap,237.57
3847,Trimab Cap,496.69
3848,Aculax Cap,25.72
3849,Ultrabarb Tab,365.06
3850,Roxivir Cap,492.87
3851,Ciproprazole Max,25.5
3852,Levoazole Max,342.36
3853,Ultraolol Gel,258.95
3854,Levoprazole Lite,74.39
3855,Amoxibarb Cap,329.34
3856,Neofen Cream,479.34
3857,Dexxan Inj,168.29
3858,Doloprazole Cream,28.15
3859,Ultramab Plus,28.57
3860,Levoazole DS,21.71
3861,Acuolol Inj,469.41
3862,Maxiolol Drops,64.39
3863,Cipromycin XR,68.9
3864,Roxizone Ointment,196.25
3865,Tridine Cream,287.66
3866,Acuvir Max,119.28
3867,Trilax Tab,276.5
3868,Claribarb Gel,129.38
3869,Bioazole SR,448.02
3870,Dexolol SR,421.41
3871,Roxixan Cream,230.86
3872,Maximycin XR,377.2
3873,Omnistat Gel,445.34
3874,Tricillin Forte,123.4
3875,Ultratidine SR,231.34
3876,Panazole Ointment,318.22
3877,Metacillin Forte,123.79
3878,Norsartan Ointment,363.01
3879,Normycin XR,338.38
3880,Amoxicillin Ointment,73.12
3881,Dexcept SR,479.73
3882,Zyloolol Gel,121.75
3883,Zylotidine Max,34.48
3884,Neoxan SR,41.83
3885,Amoxiquine Forte,171.64
3886,Hydroquine Drops,220.55
3887,Ciprocept Max,433.21
3888,Maxisartan Drops,471.84
3889,Flutidine Tab,308.53
3890,Hydromab Cream,388.49
3891,Biotidine Cap,312.77
3892,Hydroquine Ointment,361.82
3893,Neozone DS,31.23
3894,Ultraxan Ointment,425.15
3895,Omnilax SR,41.53
3896,Clarisartan XR,470.01
3897,Metafen Inj,455.06
3898,Omnifen XR,385.37
3899,Trizone Tab,56.48
3900,Ultraazole Lite,454.53
3901,Doloolol Forte,493.13
3902,Acumab Gel,383.85
3903,Ultravir Max,134.17
3904,Levoxan SR,341.18
3905,Zyloxan DS,453.05
3906,Roximab Drops,321.27
3907,Acufen Syrup,90.09
3908,Cipropril Ointment,436.98
3909,Hydromycin XR,233.91
3910,Maxiolol Ointment,121.63
3911,Zylomycin Forte,124.72
3912,Hydroxan Plus,360.48
3913,Panfen Gel,149.68
3914,Metadine Tab,490.42
3915,Clarisartan Inj,204.23
3916,Roxiolol Max,54.15
3917,Dexfen Syrup,11.76
3918,Tribarb Lite,498.79
3919,Levoquine Plus,370.99
3920,Ultrafen Inj,451.99
3921,Roxistat SR,47.18
3922,Claristat Max,128.19
3923,Trifen Tab,431.72
3924,Trimycin Plus,283.4
3925,Claridine SR,390.77
3926,Amoxicillin Drops,465.64
3927,Neolax Forte,210.79
3928,Dolocillin Ointment,496
3929,Dolostat Ointment,160.42
3930,Ultrastat Inj,145.06
3931,Dexzol Inj,284.79
3932,Dexlax Inj,209.57
3933,Levozone Plus,409.86
3934,Acuolol Syrup,302.91
3935,Dexstat DS,227.41
3936,Dexazole Inj,315.95
3937,Omnicillin Syrup,349.91
3938,Clarixan Max,26.05
3939,Norprazole Ointment,303.18
3940,Maxivir Max,134.05
3941,Ciprofen DS,433.27
3942,Norpril Cream,329.87
3943,Neofen Forte,239.61
3944,Norzol Max,209.29
3945,Neomab Forte,494
3946,Metaprazole Cream,351.38
3947,Bioxan Lite,382.63
3948,Maxivir Ointment,476.81
3949,Levozol Inj,376.55
3950,Omniazole Gel,429.38
3951,Flubarb Gel,436.11
3952,Ciproazole Cream,227.82
3953,Acuprazole Lite,439.9
3954,Dexxan Syrup,55.25
3955,Hydroxan Cream,161.58
3956,Zylobarb Syrup,397.8
3957,Roxizol Drops,281.49
3958,Neoolol Plus,331.6
3959,Hydrocept Syrup,296.07
3960,Dolobarb Lite,31.53
3961,Neoolol SR,78.17
3962,Dexquine Plus,282.23
3963,Hydrodine Forte,244.62
3964,Norvir Drops,457.76
3965,Doloquine Ointment,257.43
3966,Pansartan Max,200.72
3967,Ciproxan DS,140.61
3968,Biovir Forte,319.75
3969,Pancillin Syrup,183.3
3970,Amoxizone DS,131.95
3971,Omnizol Tab,106.53
3972,Clarimycin Lite,110.69
3973,Dexpril Syrup,383.6
3974,Dexvir Syrup,449.15
3975,Metafen Lite,180.02
3976,Acuxan Plus,47.5
3977,Flulax Tab,124.26
3978,Norazole Drops,40.13
3979,Ultrabarb Inj,472.92
3980,Ultracept Lite,368.58
3981,Ultraprazole Syrup,327.19
3982,Acusartan Inj,489.64
3983,Clarisartan Tab,493.83
3984,Claricillin Cream,183.16
3985,Maxisartan Gel,280.91
3986,Ultratidine Gel,34.15
3987,Ciproolol DS,28.87
3988,Roxipril Plus,221.64
3989,Flutidine Inj,246.89
3990,Ultradine Syrup,55.38
3991,Dexsartan Syrup,425.67
3992,Maxixan SR,446.79
3993,Panprazole Forte,492.22
3994,Dolovir Lite,364.32
3995,Tridine DS,461.39
3996,Maxizone DS,134.51
3997,Dexlax Tab,221.51
3998,Hydropril Lite,333.83
3999,Hydrosartan XR,109.31
4000,Amoximycin Max,108.27
4001,Dexazole Tab,331.41
4002,Omniquine Lite,203.79
4003,Pansartan Lite,70.32
4004,Levovir Tab,81.25
4005,Hydromab Cap,75.31
4006,Amoxiquine Ointment,192.69
4007,Clariazole Forte,227.77
4008,Panprazole Cream,36.14
4009,Nordine Cap,318.77
4010,Dexpril Cream,135.97
4011,Ultrastat Gel,232.65
4012,Ultraolol Lite,26.67
4013,Fluquine Gel,208.27
4014,Zylocillin Gel,498.81
4015,Clarizol Plus,456.78
4016,Neofen SR,436.76
4017,Nordine Cream,323.05
4018,Norbarb Lite,80.72
4019,Flucept Tab,404.57
4020,Flupril Cream,319.15
4021,Clariprazole Syrup,229.92
4022,Norxan Cream,302.58
4023,Dexvir Drops,246.34
4024,Roxitidine SR,230.07
4025,Norolol Syrup,224.57
4026,Normab XR,283.58
4027,Ciprotidine Tab,458.18
4028,Levosartan XR,332.43
4029,Ciprolax Plus,262.74
4030,Trizol Lite,43.47
4031,Hydroxan SR,131.22
4032,Panolol Inj,245.42
4033,Norcillin Tab,183.13
4034,Neozone SR,200.1
4035,Norlax Drops,172.76
4036,Ultrabarb Cap,300.82
4037,Biostat Plus,437.22
4038,Norquine Ointment,253.33
4039,Roxixan Plus,5.31
4040,Omnicept Gel,133.52
4041,Maxizone Lite,301.93
4042,Acuazole Max,175.46
4043,Pandine Ointment,23.36
4044,Dextidine Tab,36.28
4045,Amoxisartan Lite,357.21
4046,Zyloazole Tab,79.31
4047,Acubarb Cream,143.63
4048,Levomab Plus,79.83
4049,Flupril Ointment,367.99
4050,Biofen XR,147.86
4051,Omnimab Inj,192.13
4052,Neovir Cream,132
4053,Fluxan Plus,131.71
4054,Maxiprazole Drops,361.26
4055,Omnixan Max,287.31
4056,Trixan Inj,241.77
4057,Ciproolol Max,207.36
4058,Dexazole Ointment,272.64
4059,Hydrosartan Tab,70.36
4060,Triazole Max,401.53
4061,Acubarb Inj,85.64
4062,Omnipril Inj,116.79
4063,Clariazole Cap,351.73
4064,Ciprodine XR,85.29
4065,Omnicillin Cap,229.87
4066,Roxibarb Ointment,323.38
4067,Amoxisartan Gel,170.21
4068,Roxidine XR,298.19
4069,Fluolol Plus,155.19
4070,Clarizone Cream,338.48
4071,Nordine Gel,368.24
4072,Acupril Forte,37.07
4073,Biocept Inj,88.62
4074,Omnivir Max,342.78
4075,Hydrofen XR,72.39
4076,Maxibarb Cream,487.7
4077,Roxiazole Drops,45
4078,Zyloquine Forte,364
4079,Maxifen Ointment,249.82
4080,Ultrazol Inj,95.25
4081,Neozol Syrup,25.24
4082,Biostat Cream,205.74
4083,Levolax SR,214.98
4084,Flulax Max,125.11
4085,Levozone Tab,252.2
4086,Dolopril SR,216.71
4087,Zylostat Tab,270.92
4088,Norolol Ointment,283.52
4089,Cipromab Max,378.36
4090,Claribarb XR,161.47
4091,Flusartan Cream,240.71
4092,Acutidine Syrup,396.71
4093,Norcillin Cream,483.39
4094,Ciprostat Syrup,144.57
4095,Levotidine Forte,401.12
4096,Biozol Forte,427.95
4097,Panquine Forte,36.88
4098,Dexazole Max,54.09
4099,Norstat DS,229.78
4100,Omnivir Cap,301.78
4101,Metaquine Forte,481.28
4102,Ultracillin Drops,275.4
4103,Ciprozone SR,166.38
4104,Roxicept Forte,164.02
4105,Fluprazole DS,380.64
4106,Omnizone Cap,85.79
4107,Zyloolol XR,148.6
4108,Ciprolax Ointment,167.98
4109,Acuazole Gel,277.85
4110,Omnivir SR,67.96
4111,Maxicept Syrup,142.91
4112,Neostat Max,57.51
4113,Hydrostat Cap,475.43
4114,Dexfen Cream,67.28
4115,Ultramycin Syrup,249.44
4116,Ultraazole Ointment,80.42
4117,Omnivir XR,491.15
4118,Biomycin Ointment,29.98
4119,Levoquine Gel,249
4120,Ultracillin Lite,461.16
4121,Ciprobarb SR,462.03
4122,Flumycin Ointment,442.24
4123,Neoprazole Cap,178.31
4124,Nordine XR,313.7
4125,Omnizol Cap,488.92
4126,Zylostat SR,447.54
4127,Neostat XR,427.2
4128,Panfen Syrup,369.06
4129,Norpril Inj,45.63
4130,Metalax Tab,183.95
4131,Maxiazole SR,270.74
4132,Zylolax DS,432.05
4133,Ciprozol Cream,390.19
4134,Metadine Plus,159.44
4135,Dexzone Plus,367.7
4136,Dolodine Gel,117.06
4137,Omniquine Cream,361.11
4138,Amoxiazole Lite,354.1
4139,Ciproazole Gel,192.38
4140,Dolosartan XR,244.25
4141,Doloazole Inj,30.84
4142,Fluazole Syrup,355.97
4143,Amoxizone Inj,258.03
4144,Amoxiolol Drops,458.74
4145,Amoxicept Tab,283.39
4146,Maxistat Tab,192.23
4147,Norquine Gel,367.46
4148,Maxizone XR,218.54
4149,Ciprozone Max,158.14
4150,Maxizone Tab,422.91
4151,Dexmycin XR,140.47
4152,Maxilax Tab,19.53
4153,Ultraquine Plus,221.71
4154,Zylobarb Lite,419.03
4155,Norstat SR,227.76
4156,Metaxan Gel,117.53
4157,Metaolol Cream,395.04
4158,Maxistat Cream,140.8
4159,Cipromab Tab,109
4160,Metacillin Max,85.08
4161,Claridine Drops,172.73
4162,Metaolol Syrup,380.21
4163,Flucillin Max,224.54
4164,Cipropril DS,240.72
4165,Norsartan Drops,294.63
4166,Levoolol Plus,400.72
4167,Neobarb Ointment,116.47
4168,Dexolol XR,446.94
4169,Amoxibarb Syrup,417.61
4170,Amoxivir XR,487.57
4171,Roxipril Cap,132.15
4172,Ultradine Drops,186.76
4173,Levoxan Cap,293.05
4174,Metastat Inj,247.39
4175,Dexprazole Drops,406.14
4176,Amoxipril Plus,245.12
4177,Zylomab Gel,241.67
4178,Omnixan SR,357.68
4179,Neomab SR,299.48
4180,Omnizol Plus,465.36
4181,Fludine Plus,249.57
4182,Ultrafen Forte,324.57
4183,Acuazole Lite,324.78
4184,Acutidine Forte,171.64
4185,Metatidine Plus,381.29
4186,Norazole Plus,101.35
4187,Zylozone Lite,235.63
4188,Trimab XR,282.61
4189,Norlax Cap,129.2
4190,Neovir Lite,272.47
4191,Trimycin Max,249.13
4192,Clarivir Plus,340.07
4193,Maxibarb Forte,183.5
4194,Bioolol Cap,405.02
4195,Acudine Plus,66.7
4196,Maxifen Cap,261.01
4197,Acupril SR,233.18
4198,Maxiazole Cream,372.37
4199,Norazole SR,283.92
4200,Metaprazole Ointment,371.31
4201,Levolax XR,246.71
4202,Zylofen SR,178.54
4203,Omnivir Syrup,31.76
4204,Tricillin Ointment,176
4205,Dolomab SR,471.68
4206,Amoxidine Drops,148.8
4207,Maxizol Max,18.28
4208,Pancillin Tab,477.36
4209,Dexsartan Lite,302.69
4210,Ultraxan Plus,308.29
4211,Maxibarb Tab,452.5
4212,Hydroprazole DS,320.17
4213,Claripril Cap,440.86
4214,Maxiolol Plus,247.13
4215,Tristat SR,344.72
4216,Metasartan Syrup,470.97
4217,Acucillin Plus,341.91
4218,Flubarb Lite,133.47
4219,Acusartan Max,75.58
4220,Maximycin Max,11.16
4221,Metaxan Syrup,83.17
4222,Panazole Inj,293.1
4223,Flufen Forte,355.35
4224,Pandine DS,433.44
4225,Panvir Syrup,39.38
4226,Tricept Syrup,422.09
4227,Bioquine Cream,5.06
4228,Maxiquine Max,259.41
4229,Triquine XR,263.28
4230,Flucept Syrup,271.28
4231,Dolosartan Forte,410.25
4232,Claritidine Plus,154.91
4233,Claribarb Tab,369.08
4234,Trisartan Forte,249.59
4235,Roximycin Lite,68.04
4236,Biocept Lite,247
4237,Clariprazole Cap,381.66
4238,Norfen Cream,298
4239,Claritidine Syrup,246.19
4240,Amoxiolol DS,213.15
4241,Acupril Max,246.55
4242,Neomycin Plus,471.83
4243,Amoxivir Lite,158.58
4244,Panstat Drops,258.37
4245,Zylozone Drops,81
4246,Nortidine Drops,70.55
4247,Levostat Drops,223.11
4248,Tristat Syrup,400.87
4249,Pancillin Max,314.34
4250,Norfen SR,425.87
4251,Dolosartan Inj,392.19
4252,Roxicept Inj,200.72
4253,Biofen SR,174.46
4254,Dolovir Syrup,416.71
4255,Omniquine Max,483.32
4256,Triolol Gel,90.06
4257,Biovir Gel,160.74
4258,Norxan Plus,87.53
4259,Biotidine Cream,230.92
4260,Metavir Cap,271.29
4261,Normab Plus,404.25
4262,Fluxan Max,371.89
4263,Hydrozone Plus,452.46
4264,Metatidine SR,467.86
4265,Ciprocept Drops,89.33
4266,Tripril Syrup,230.62
4267,Hydroprazole XR,446.29
4268,Maxitidine Syrup,247.25
4269,Neobarb Lite,490.73
4270,Panprazole XR,420.36
4271,Amoximycin Forte,329.09
4272,Biocept Drops,328.03
4273,Roxiquine Ointment,292.88
4274,Acucept XR,169.92
4275,Neoxan Gel,80.1
4276,Metazol Lite,254.15
4277,Roxizone SR,39.97
4278,Neomab Cap,129.96
4279,Hydromab Max,34.67
4280,Zylocept Plus,182.95
4281,Zylomab Syrup,148.07
4282,Acudine Tab,306.21
4283,Claripril Lite,489.28
4284,Neomab Lite,286.6
4285,Trilax Drops,181.31
4286,Acuvir Syrup,32.39
4287,Normab Cap,273.73
4288,Omnifen SR,87.08
4289,Norstat XR,464.14
4290,Triprazole Lite,158.1
4291,Levoprazole Max,166.05
4292,Panfen Forte,72.37
4293,Norfen Gel,206.03
4294,Tricillin XR,357.89
4295,Roxilax Tab,341.51
4296,Acuazole Plus,241.23
4297,Levomycin Drops,18.33
4298,Dolocept Tab,120.88
4299,Ciprozone Ointment,214.11
4300,Neopril Syrup,291.51
4301,Panzol Drops,154.43
4302,Levostat Inj,400.79
4303,Amoxicillin Cap,96.81
4304,Dolostat XR,304.21
4305,Clarimab Lite,165.44
4306,Maxicept Lite,485.57
4307,Panxan DS,395.39
4308,Amoxicept Max,92.42
4309,Norxan DS,283.57
4310,Omniquine DS,298.42
4311,Neomycin Inj,448.79
4312,Omnibarb Cream,461.06
4313,Flustat Cream,431.97
4314,Biodine Inj,175.82
4315,Dexprazole XR,377.41
4316,Roxistat Ointment,211.84
4317,Maximycin Ointment,419.66
4318,Zylofen Ointment,488.6
4319,Dexlax Cream,303.29
4320,Ultraquine Syrup,317.16
4321,Maxizol Syrup,54.52
4322,Roxibarb Cream,64.62
4323,Dexlax Lite,137.28
4324,Panpril Plus,224.86
4325,Omnixan Plus,345.85
4326,Zylostat Inj,225.33
4327,Ultraquine Forte,377.15
4328,Hydrozone Forte,379.09
4329,Omnizone Tab,216
4330,Fluvir XR,413.74
4331,Levoazole SR,108.84
4332,Neoxan Max,98.74
4333,Acuzone Cap,101.4
4334,Amoxicillin DS,293.26
4335,Dexvir Plus,88.92
4336,Norcept Plus,158.69
4337,Metacept Forte,340.25
4338,Biobarb DS,390.88
4339,Dexmycin Gel,136.58
4340,Metaquine Cream,12.4
4341,Maxicept Ointment,265.54
4342,Panstat Inj,427.32
4343,Tripril SR,246.35
4344,Hydrosartan Ointment,423.93
4345,Flutidine Lite,383.35
4346,Dexxan DS,21.76
4347,Zylosartan Cream,366.43
4348,Hydrozone Tab,162.12
4349,Acucept Drops,124.73
4350,Dolobarb XR,363.65
4351,Metafen Gel,380.72
4352,Neomycin SR,466.78
4353,Neodine Drops,330.03
4354,Biosartan Gel,413.98
4355,Maxitidine Drops,207.71
4356,Dolostat Lite,142.11
4357,Maxibarb Lite,360.12
4358,Acutidine Cap,77.54
4359,Ultraolol SR,353.6
4360,Levoxan Cream,182.53
4361,Biocept Gel,15.65
4362,Tritidine Cream,178.8
4363,Omniazole Syrup,496.61
4364,Metaprazole Drops,447.41
4365,Flupril Lite,58.51
4366,Ultramab Lite,335.64
4367,Amoxisartan Ointment,484.67
4368,Zylodine Syrup,20.98
4369,Clarivir Max,63.46
4370,Triquine Cream,440.45
4371,Hydrolax Syrup,9.41
4372,Panmycin Inj,86.38
4373,Dexcillin Plus,161.5
4374,Neoprazole Drops,261.66
4375,Hydrostat Lite,65.16
4376,Roxistat Inj,323.26
4377,Biolax Syrup,24.57
4378,Amoximab Cap,68.94
4379,Zylocept Drops,425.02
4380,Clarimycin Max,38.52
4381,Zylobarb Cream,479.24
4382,Omnizone Drops,15.29
4383,Omnicillin DS,17.05
4384,Levocillin Gel,13.46
4385,Flulax DS,303.52
4386,Maxibarb DS,476.58
4387,Clariquine Drops,22.14
4388,Acucept Plus,156.93
4389,Metapril Drops,6.28
4390,Nordine Syrup,164.93
4391,Maxifen XR,200.78
4392,Omniazole Cream,426.99
4393,Omnitidine SR,394.78
4394,Panquine XR,232.66
4395,Levopril SR,393.57
4396,Maxixan Max,95.19
4397,Panbarb Syrup,395.13
4398,Doloazole Gel,374.79
4399,Maxilax Cream,269.53
4400,Panbarb DS,107.04
4401,Hydrocept Cream,256.55
4402,Acusartan Syrup,492.55
4403,Dolomycin Drops,377.8
4404,Zylotidine SR,384.52
4405,Roxiazole Lite,351.97
4406,Hydrozone Cap,298.77
4407,Claridine Tab,474.65
4408,Neocillin Max,282.95
4409,Acudine Drops,30.49
4410,Maxilax Inj,50.89
4411,Metacillin Ointment,215.43
4412,Amoxizone Cream,482.99
4413,Neosartan XR,225.2
4414,Panpril Cream,403.38
4415,Clariolol DS,436.68
4416,Fluzol Inj,221.73
4417,Ciproxan SR,97.75
4418,Panazole Plus,409.02
4419,Fluzone Drops,423.47
4420,Ultrapril Drops,264.18
4421,Amoxivir Ointment,150.54
4422,Bioazole Forte,390.85
4423,Clariquine Tab,403.51
4424,Panzol Cap,71.31
4425,Biopril Ointment,191.29
4426,Zylomab Cream,45.79
4427,Bioquine Drops,185.11
4428,Flufen Plus,126.98
4429,Cipropril Gel,281.18
4430,Norsartan Cap,383.16
4431,Fluvir Ointment,161.85
4432,Pancillin Cap,340.43
4433,Ultraxan Max,89.43
4434,Hydrobarb Drops,167.93
4435,Norbarb Tab,459.98
4436,Acuprazole Plus,73.71
4437,Zylozol XR,253.65
4438,Amoxizone XR,476.64
4439,Clariolol Syrup,130.98
4440,Ultracillin DS,358.37
4441,Levofen XR,313.49
4442,Trifen XR,151.67
4443,Levoxan Inj,150.55
4444,Roxipril Gel,296.43
4445,Dolovir Tab,224
4446,Omnicept DS,338.24
4447,Maximab XR,211.69
4448,Roxipril XR,104.87
4449,Clarimab Syrup,269.99
4450,Clarimycin Syrup,324.11
4451,Neovir XR,48.21
4452,Normab DS,91.77
4453,Levodine Gel,459.51
4454,Dexolol DS,404.17
4455,Neomycin Cap,312.22
4456,Levopril Forte,5.03
4457,Omnimab Plus,107.16
4458,Dexprazole Syrup,120.14
4459,Ciprolax DS,148.86
4460,Zylozol Drops,242.43
4461,Neodine Syrup,41.77
4462,Acustat Syrup,262.04
4463,Biotidine XR,369.78
4464,Metavir Syrup,6.03
4465,Amoxicept Cream,151.69
4466,Ultratidine XR,291.88
4467,Tricept Forte,6.02
4468,Neomycin Tab,400.19
4469,Omnidine Inj,102.85
4470,Omnivir Plus,87.55
4471,Clarivir Tab,374.71
4472,Dolomycin Ointment,302.84
4473,Amoxidine Gel,177.64
4474,Claricillin Plus,281.5
4475,Clariolol SR,69.25
4476,Fluquine Cap,186.49
4477,Ultrasartan Inj,121.18
4478,Maxifen Tab,447.75
4479,Maxivir Inj,305.86
4480,Panquine Inj,270.86
4481,Dexmab Max,230.3
4482,Neomycin DS,232.56
4483,Acuquine SR,415.22
4484,Ultradine Ointment,65.54
4485,Doloprazole Gel,312.48
4486,Triprazole Plus,401.36
4487,Zyloxan Cream,336.01
4488,Levolax Lite,61.53
4489,Roxicept DS,14.11
4490,Neozone Tab,349.3
4491,Biocept XR,377.86
4492,Roxiolol Ointment,127.15
4493,Omnilax DS,20.25
4494,Hydrozone Syrup,113.06
4495,Levoolol Max,360.74
4496,Amoxisartan DS,217.57
4497,Ultraprazole Cream,136.75
4498,Dexmab DS,276.15
4499,Flulax Forte,98.98
4500,Omniazole Lite,37.6
4501,Dolomab Drops,406.77
4502,Metapril Cream,140.62
4503,Zylozone Inj,163.41
4504,Norlax Syrup,145.81
4505,Hydroxan Inj,313
4506,Norxan Ointment,355.5
4507,Metaquine Cap,28.22
4508,Norprazole DS,97.51
4509,Dolostat DS,49.24
4510,Neopril Lite,429.1
4511,Panxan Tab,367.38
4512,Ultrafen Syrup,62.63
4513,Acuzol Max,404.79
4514,Dexcept Forte,404.02
4515,Dolobarb Drops,210.04
4516,Maxizol SR,22.61
4517,Ultraolol DS,235.58
4518,Amoxiquine DS,256.39
4519,Triquine Ointment,335.61
4520,Doloxan DS,478.09
4521,Panmycin Cap,145.86
4522,Amoxibarb DS,379.36
4523,Zylodine Forte,104.69
4524,Zylozol Forte,389.48
4525,Omnibarb DS,317.49
4526,Biosartan XR,448.91
4527,Metatidine Syrup,40.99
4528,Omnisartan Plus,46.86
4529,Roxiquine XR,110.09
4530,Ciprozone Forte,89.86
4531,Triazole Ointment,369.71
4532,Amoxizone Gel,28.15
4533,Dololax Forte,467.82
4534,Doloquine Syrup,16.15
4535,Neofen Cap,490.37
4536,Acustat Lite,484.86
4537,Levomycin XR,309.51
4538,Dolobarb Syrup,399.98
4539,Hydrozol Cap,475.17
4540,Pancept Gel,182.11
4541,Dexxan SR,332.11
4542,Roxizone Plus,281.18
4543,Omnixan XR,118.63
4544,Norbarb Drops,173.41
4545,Acuxan XR,155.66
4546,Clarimycin Gel,201.69
4547,Ciprocept Ointment,296.16
4548,Dexazole Cream,248.32
4549,Ultrasartan Syrup,164.45
4550,Flubarb Forte,87.23
4551,Amoxilax Plus,71.25
4552,Metavir XR,466.33
4553,Flusartan Forte,275.74
4554,Maxifen Drops,148.91
4555,Norazole Cream,275.91
4556,Hydromycin Cap,338.67
4557,Omnidine Max,210.39
4558,Maxixan Tab,237.95
4559,Maxicept Cap,21.92
4560,Metavir Drops,39.33
4561,Levobarb Inj,85.08
4562,Panbarb Forte,188.08
4563,Cipropril Forte,297.31
4564,Amoxifen Syrup,341.23
4565,Amoxiolol Cream,166.79
4566,Metavir Plus,221.36
4567,Dexmycin Drops,343.11
4568,Panazole Lite,329.64
4569,Clarisartan Lite,66.79
4570,Ciprodine Cream,240.08
4571,Metadine Inj,384.34
4572,Maxixan Forte,58.1
4573,Zylozone Tab,385.1
4574,Biomab Cap,241.5
4575,Biodine DS,189.02
4576,Hydrodine Inj,212.12
4577,Doloprazole DS,243.76
4578,Dexvir SR,92.77
4579,Hydrocillin Cap,120.95
4580,Levoazole Cream,321.88
4581,Metaxan Ointment,136.24
4582,Levostat Syrup,91.75
4583,Aculax Gel,120.23
4584,Ultrafen XR,90.35
4585,Maxiquine Syrup,164.05
4586,Trimab Max,210.29
4587,Ultralax XR,370.59
4588,Hydrofen Forte,431.28
4589,Norvir Forte,50.48
4590,Neolax Tab,179.95
4591,Panprazole Plus,419.69
4592,Biobarb Cream,44.88
4593,Omnidine Tab,396.22
4594,Cipropril Cap,88.94
4595,Hydrosartan Cream,455.72
4596,Normab Forte,262.66
4597,Omnifen Lite,135.78
4598,Aculax Lite,31.99
4599,Acupril Gel,342.29
4600,Metadine Gel,429.03
4601,Flupril Plus,433.64
4602,Clarivir Ointment,260.21
4603,Ciproprazole Gel,274.65
4604,Amoxicept Syrup,72.64
4605,Amoximycin Ointment,48.99
4606,Trilax Forte,122.06
4607,Amoxiolol Gel,413.84
4608,Neosartan Ointment,73.69
4609,Ciproprazole Drops,224.69
4610,Ciprodine SR,80.07
4611,Amoximycin Cap,186.88
4612,Ciprosartan Inj,434.88
4613,Hydromycin Gel,138.96
4614,Ciprofen Inj,249.58
4615,Hydroquine Max,324.2
4616,Clarimycin Drops,155.66
4617,Aculax SR,464.39
4618,Tridine Gel,213.86
4619,Acudine Inj,205.23
4620,Neoprazole Lite,39.48
4621,Panzol Tab,105.1
4622,Hydrostat SR,483.02
4623,Pantidine Syrup,292.47
4624,Panbarb Drops,408.43
4625,Zylolax Tab,58.95
4626,Hydrodine DS,128.5
4627,Clariquine Syrup,115.31
4628,Amoxilax Max,230.1
4629,Dexpril Plus,100.79
4630,Doloolol Tab,176.88
4631,Trisartan XR,464.89
4632,Ultramab SR,307.04
4633,Pancillin SR,347.11
4634,Acumycin Gel,42.34
4635,Norxan Forte,210.36
4636,Fluxan Tab,53.72
4637,Levostat SR,431.12
4638,Bioprazole Cap,166.11
4639,Amoxicept DS,426.54
4640,Neodine Cap,160.14
4641,Fluzol Ointment,398.45
4642,Roxiprazole Max,37.77
4643,Panmycin Ointment,228.41
4644,Levostat Forte,83.41
4645,Maxizone Cap,190.76
4646,Omnipril Max,411.79
4647,Roxiprazole Plus,295.74
4648,Pancept Forte,316.57
4649,Acuazole Syrup,13.54
4650,Acusartan SR,301.18
4651,Hydromab Lite,475.27
4652,Hydromycin DS,187.57
4653,Clariprazole Plus,367.38
4654,Neoxan Cream,377.83
4655,Maxipril Cap,188.23
4656,Aculax Syrup,278.55
4657,Omnifen Syrup,387.73
4658,Amoxixan Cap,435.51
4659,Maximab Ointment,211.16
4660,Biobarb Lite,371.27
4661,Aculax Drops,215.52
4662,Maxiprazole Ointment,79.43
4663,Acuxan DS,420.97
4664,Pancept Drops,410.29
4665,Omnixan Inj,173.08
4666,Neozone Plus,389.88
4667,Zylolax Inj,218.14
4668,Roxiazole SR,78.76
4669,Dexmab XR,40.19
4670,Dolovir Forte,427.51
4671,Norquine Inj,411.89
4672,Dexmab Drops,297.83
4673,Dexmab Tab,487.4
4674,Hydrotidine Cap,456.49
4675,Zylofen Max,232.25
4676,Maxisartan Syrup,319.12
4677,Acumycin Plus,248
4678,Neodine Max,183.72
4679,Biomycin Plus,37.09
4680,Maxifen Plus,382.58
4681,Dolocillin Cap,66.63
4682,Bioquine XR,234.48
4683,Neoazole Syrup,263.64
4684,Dexsartan Cream,254.25
4685,Ultramab XR,59.12
4686,Fluxan DS,187.62
4687,Bioquine Gel,54.29
4688,Maxizone Drops,65.76
4689,Dexcillin Syrup,194.7
4690,Panzol Gel,284.31
4691,Omnifen Cream,84.75
4692,Maxisartan Max,369.14
4693,Dextidine Plus,106.33
4694,Neotidine Syrup,337.45
4695,Omnibarb Plus,284.32
4696,Tricillin Cream,350.91
4697,Ciprovir XR,456.98
4698,Biosartan Drops,268.52
4699,Biodine Drops,443.45
4700,Flulax Drops,17.26
4701,Biolax Gel,466.41
4702,Ciprostat Tab,75.66
4703,Trixan Drops,130.42
4704,Trixan Plus,52.02
4705,Ciprolax Gel,231.09
4706,Omnibarb Gel,422.09
4707,Bioprazole Forte,93.57
4708,Zylocillin Max,293.28
4709,Neocept Max,449.58
4710,Ciproxan XR,334.41
4711,Fluprazole Max,189.73
4712,Neofen Syrup,173.84
4713,Metaazole Drops,271.26
4714,Clarifen Cream,162.84
4715,Flustat Forte,160.9
4716,Levodine Plus,485.69
4717,Triolol Plus,368.41
4718,Dexvir Forte,91.05
4719,Acustat Gel,347.15
4720,Tricept Cream,469.81
4721,Ciproquine Cream,192.42
4722,Ciprozol Gel,306.06
4723,Maxistat DS,117.2
4724,Tribarb Inj,417.76
4725,Maxilax Lite,316.35
4726,Amoxiquine XR,60.14
4727,Maxiolol Syrup,331.79
4728,Maxicillin Syrup,63.51
4729,Biobarb Gel,349.15
4730,Zylotidine Syrup,175.36
4731,Clarisartan Forte,307.35
4732,Hydrozol Tab,98.91
4733,Zylobarb Plus,185.37
4734,Acucept Ointment,456.83
4735,Metaazole DS,23.59
4736,Maxivir Gel,394.46
4737,Triprazole Max,394.46
4738,Zylovir XR,196.78
4739,Roxisartan Drops,270.09
4740,Ciprolax XR,377.33
4741,Dolodine Cream,280.75
4742,Hydrofen DS,344.53
4743,Neozone Max,386.34
4744,Dexcept Cap,468.02
4745,Clarifen DS,248.93
4746,Hydrocept SR,170.85
4747,Neomab Plus,284.47
4748,Ultraquine XR,83.6
4749,Roxixan Cap,298.22
4750,Neoquine Lite,67.14
4751,Zylostat XR,397.22
4752,Biovir Drops,253.88
4753,Biolax Forte,400
4754,Trixan Tab,196.85
4755,Maxiquine Drops,229.83
4756,Flucept Drops,399.51
4757,Roxixan Inj,51.4
4758,Panvir DS,303.53
4759,Flucillin Syrup,147.13
4760,Ultrasartan Forte,196.39
4761,Metaquine Ointment,138.8
4762,Tribarb Cream,386.9
4763,Biobarb SR,376.98
4764,Panstat Cap,262.48
4765,Hydroolol Syrup,261.31
4766,Biovir Plus,477.29
4767,Ciprozone XR,141.79
4768,Zyloquine Cream,176.42
4769,Fluzone Syrup,66.46
4770,Flucillin Plus,359.18
4771,Tripril Gel,312.41
4772,Maxiolol Tab,398.58
4773,Norquine DS,275.49
4774,Biocillin XR,236.96
4775,Tribarb SR,47.81
4776,Norxan Tab,472.72
4777,Tridine Lite,311.03
4778,Doloprazole Syrup,53.68
4779,Fluolol Cap,433.54
4780,Trisartan Cream,230.71
4781,Ultrapril Tab,137.64
4782,Neoprazole DS,381.81
4783,Ciprostat Max,332.11
4784,Omnicillin Cream,393.63
4785,Claridine Inj,208.99
4786,Levoquine Syrup,364.96
4787,Ultrasartan Lite,365.16
4788,Levozone Syrup,443.84
4789,Dexdine Forte,181.07
4790,Omnibarb Max,147.41
4791,Ciprozone Inj,312.19
4792,Clarimab Drops,413.31
4793,Ciprovir Inj,359.16
4794,Dolotidine Ointment,446.59
4795,Maxifen Gel,74.24
4796,Ultradine Gel,234.37
4797,Amoximab Lite,491.16
4798,Clariazole Inj,210.89
4799,Acudine Max,128.27
4800,Hydroprazole Cap,403.75
4801,Pantidine SR,79.04
4802,Metaxan XR,107.64
4803,Maxizone Gel,369.79
4804,Levofen Plus,235.73
4805,Neoazole Drops,57.09
4806,Roxibarb Syrup,114.54
4807,Amoxixan Max,181.85
4808,Ultraquine Inj,282.1
4809,Amoxiquine Drops,185.6
4810,Biotidine Plus,144.52
4811,Dexquine Ointment,240.76
4812,Maxiprazole SR,131.28
4813,Roxiolol Inj,280.37
4814,Biomab Syrup,215.05
4815,Roxibarb Forte,120.79
4816,Maxivir Lite,203.72
4817,Norolol Forte,450.95
4818,Ultrastat Plus,293.8
4819,Ciprofen Drops,160.34
4820,Amoxilax Lite,336.25
4821,Norcillin Cap,233.5
4822,Amoxizone SR,78.3
4823,Flusartan Cap,12.7
4824,Biodine Lite,477.41
4825,Ultracept SR,488.6
4826,Levoazole Tab,286.86
4827,Clarisartan Syrup,17.7
4828,Neovir Inj,260.29
4829,Levotidine Inj,46.48
4830,Acumycin Drops,226.92
4831,Tripril Inj,331.25
4832,Dexzone Lite,391.91
4833,Norxan Inj,223.88
4834,Zylomab Drops,281.91
4835,Ultrasartan Cream,113.26
4836,Trixan Syrup,393.58
4837,Levodine Drops,481.27
4838,Zylocept Cream,350.15
4839,Tridine Forte,418.74
4840,Metaxan Cap,144.51
4841,Dolozone Tab,415.68
4842,Biostat Cap,293.36
4843,Fluxan XR,257.08
4844,Flufen Tab,180.74
4845,Hydrotidine Plus,267.13
4846,Ciprostat Cream,143.23
4847,Dolocept Cap,331.66
4848,Panazole Tab,42.97
4849,Pancept Max,155.88
4850,Dexpril Ointment,241.14
4851,Dolopril Tab,280.71
4852,Acumab Ointment,88.92
4853,Acuquine Gel,169.63
4854,Acumab Inj,331.85
4855,Ultracept DS,279.46
4856,Ciproolol Cream,283.81
4857,Trisartan Lite,429.65
4858,Biobarb Forte,151.26
4859,Maxilax Gel,49.86
4860,Omnipril Plus,81.18
4861,Omnizol Ointment,156.58
4862,Hydrozol DS,214.64
4863,Norquine Plus,102.4
4864,Omnicillin XR,290.2
4865,Clarisartan Cream,63.42
4866,Hydrobarb Plus,367.15
4867,Maxicillin Max,120.85
4868,Dexfen Forte,339.58
4869,Dolodine Forte,124.4
4870,Roxicept Cap,242.2
4871,Metaprazole Gel,236.43
4872,Roxizol Inj,201.42
4873,Dexzone DS,141.37
4874,Cipromab Gel,443.66
4875,Panmycin Lite,27.5
4876,Ciprostat Plus,185.29
4877,Roxipril Lite,41.64
4878,Norbarb Gel,470.36
4879,Dololax Inj,74.89
4880,Ciproolol Drops,89.66
4881,Acudine Cream,152.6
4882,Omnimab Cap,156.74
4883,Fluvir Gel,347.28
4884,Bioquine Forte,193.64
4885,Maxisartan Cap,179.98
4886,Clarimycin Tab,156.86
4887,Dolosartan Syrup,241.11
4888,Levolax Cap,16.83
4889,Clariprazole XR,30.13
4890,Hydrodine Plus,474.32
4891,Panbarb SR,425.46
4892,Acubarb Max,472.44
4893,Dolosartan Plus,11.83
4894,Omnicillin Plus,400.3
4895,Dexpril Tab,386.55
4896,Dolomycin Tab,241.7
4897,Clarizol Lite,298.34
4898,Doloprazole Ointment,478.68
4899,Biozone Max,183.91
4900,Flucillin Cream,296.52
4901,Neobarb SR,376.59
4902,Flumycin Lite,360.15
4903,Levomab Max,214.64
4904,Flufen Drops,179.29
4905,Hydrotidine Tab,113.79
4906,Metavir Max,184.71
4907,Neoquine Max,274.46
4908,Flupril SR,125.73
4909,Clarixan Syrup,360.39
4910,Roxidine SR,42.1
4911,Fluvir SR,234.53
4912,Pantidine Gel,107.93
4913,Acumycin XR,309.5
4914,Metamycin Max,187.38
4915,Maxitidine Ointment,64.59
4916,Hydromab Tab,10.18
4917,Omniolol Cream,397.19
4918,Bioxan DS,12.67
4919,Trizone XR,400.06
4920,Ciprotidine Cap,109.48
4921,Levosartan Forte,55.48
4922,Maxipril Ointment,198.38
4923,Amoxiprazole XR,144.88
4924,Biofen DS,222.97
4925,Ultraazole Tab,490.1
4926,Levomycin Gel,488.24
4927,Amoximab Tab,375.32
4928,Clarilax Tab,335.71
4929,Pandine Max,288.73
4930,Hydrocept Lite,174.32
4931,Omniprazole Drops,64.78
4932,Fluzone Ointment,228.93
4933,Flutidine DS,327.31
4934,Roxicillin SR,174.96
4935,Ciprotidine Forte,424.74
4936,Acuzol DS,484.94
4937,Metaxan Tab,307.5
4938,Zylomycin XR,107.23
4939,Roxicept Gel,186.25
4940,Clariprazole Drops,398.44
4941,Omniquine Gel,23.48
4942,Zylozone Max,255.46
4943,Omniolol DS,302.3
4944,Roximycin Max,444.96
4945,Doloolol DS,87.69
4946,Doloprazole Inj,150.31
4947,Neosartan Cap,81.35
4948,Omnicept Inj,328.32
4949,Omniprazole Lite,245.81
4950,Amoxilax Syrup,72.11
4951,Dolomab Cap,464.83
4952,Norzol SR,92.08
4953,Levomycin Forte,422.36
4954,Acuprazole Gel,252.61
4955,Ultrapril Max,362.85
4956,Neoxan Plus,472.31
4957,Hydroazole Cream,204.2
4958,Roxibarb SR,273.08
4959,Claricillin Max,42.37
4960,Panlax Tab,206.98
4961,Hydrovir DS,210.95
4962,Zyloprazole Drops,224.07
4963,Panzol DS,109.8
4964,Clarilax Gel,123.03
4965,Ciprotidine XR,119.05
4966,Neofen Plus,79.84
4967,Metaquine Lite,379.23
4968,Dexstat Syrup,219.33
4969,Neomab Gel,275.64
4970,Roxiquine Max,401.06
4971,Biozone Plus,31.78
4972,Levobarb SR,258.32
4973,Metaprazole Cap,435.25
4974,Roxitidine Forte,267.1
4975,Biozol Tab,192.89
4976,Amoxistat Inj,238.05
4977,Ultracept Max,71.31
4978,Metasartan Tab,181.23
4979,Metabarb Cap,352.07
4980,Hydrostat Syrup,472.96
4981,Maxidine Ointment,40.13
4982,Zyloxan Forte,391.44
4983,Acuazole Tab,472.16
4984,Maxicept DS,103.26
4985,Trimycin Gel,490.11
4986,Dexzone Inj,326.49
4987,Ciprobarb Forte,56.43
4988,Panbarb Ointment,60.15
4989,Maxixan Syrup,323.76
4990,Trixan Lite,235.81
4991,Norazole Tab,148.75
4992,Clarizol DS,40.13
4993,Flusartan Max,413.64
4994,Roximab Gel,464.51
4995,Norlax Plus,18.79
4996,Ultratidine Lite,125.23
4997,Norvir Max,115.39
4998,Zylomycin Lite,274.66
4999,Norvir Lite,432.53
5000,Norazole Max,274.84
5001,Ultradine Lite,19.76
5002,Neopril Forte,53.24
5003,Roxicillin Max,298.04
5004,Hydrovir Ointment,334.38
5005,Roxiquine Inj,135.99
5006,Acubarb Tab,96.48
5007,Dexvir DS,379.32
5008,Ciprostat SR,20.77
5009,Norcillin Plus,281.39
5010,Levoolol Cream,31.2
5011,Acusartan Lite,243.04
5012,Ciprodine Gel,166.28
5013,Fluzone DS,53.34
5014,Dexxan Tab,321.02
5015,Acubarb Forte,369.51
5016,Clarilax Drops,179.62
5017,Acubarb Cap,268.91
5018,Roximab Ointment,208.21
5019,Dexmycin DS,122.51
5020,Hydromab Forte,230.02
5021,Dololax Gel,254.84
5022,Dolobarb Gel,465.35
5023,Biocillin Syrup,53.38
5024,Dexolol Cap,243.58
5025,Dolostat Forte,121.81
5026,Fludine DS,236.45
5027,Amoxizol Forte,394.78
5028,Roxibarb Cap,260.63
5029,Omnistat Plus,209.78
5030,Maxifen Forte,496.27
5031,Amoxicillin Plus,265.46
5032,Roxiquine Cream,421.79
5033,Levostat Lite,241.44
5034,Ultrafen SR,445.33
5035,Trimycin DS,138.48
5036,Omnizol Max,473.72
5037,Metaprazole DS,346.98
5038,Hydroquine Syrup,223.86
5039,Norzol DS,381.23
5040,Omniazole Cap,78.25
5041,Zylozol Plus,133.48
5042,Hydroquine Lite,191.28
5043,Amoxilax Drops,358.87
5044,Ciproazole XR,232.32
5045,Ultramycin Max,339.87
5046,Hydrocillin Forte,269.22
5047,Maxisartan Tab,434.24
5048,Zyloquine Drops,280.09
5049,Metapril Syrup,170.83
5050,Norsartan Syrup,262.53
5051,Flutidine Drops,23.05
5052,Hydrosartan Max,335.38
5053,Acuzol Cap,407.98
5054,Dexsartan DS,441.71
5055,Roxicillin XR,233.31
5056,Amoxipril DS,256
5057,Norxan Max,56.64
5058,Ultrapril SR,347.46
5059,Flupril Drops,353.53
5060,Dolomycin Gel,379.61
5061,Claricept Inj,414.8
5062,Claristat Inj,75.78
5063,Clarizol Forte,486.27
5064,Omnicept Ointment,69.06
5065,Levopril Ointment,199.84
5066,Neobarb Plus,291.15
5067,Omnicillin Drops,270.4
5068,Dexprazole Gel,394.62
5069,Panquine Drops,231.14
5070,Ultratidine Ointment,193.37
5071,Hydrolax Drops,204.51
5072,Tristat Cap,481.31
5073,Clarifen Drops,344.07
5074,Metamab Plus,474.08
5075,Amoximab DS,493.29
5076,Panvir Tab,312.87
5077,Triquine Lite,456.71
5078,Acufen Gel,387.91
5079,Panquine Plus,304.48
5080,Amoxitidine Lite,76.26
5081,Clarilax SR,246.7
5082,Ultrabarb Plus,265.37
5083,Hydroazole Inj,168.64
5084,Ultracillin Inj,247.33
5085,Panlax Ointment,241.98
5086,Dolomycin Cream,60.75
5087,Doloquine Gel,281.41
5088,Zylozone Cream,474.02
5089,Levoolol Cap,195.64
5090,Zyloazole Plus,354.67
5091,Zyloazole Forte,358.79
5092,Omniazole Tab,484.52
5093,Neovir Syrup,221.27
5094,Doloolol Max,254.95
5095,Dololax XR,310.57
5096,Hydrotidine Inj,421.08
5097,Ultrafen Lite,432.63
5098,Maxicillin Lite,466.6
5099,Flupril Inj,382.46
5100,Neoprazole XR,424.66
5101,Omnibarb Drops,36.52
5102,Omnipril Cream,172.94
5103,Acubarb Lite,243.92
5104,Roxiquine DS,108.69
5105,Hydrolax Ointment,107.93
5106,Dexzol SR,365.04
5107,Clarivir Gel,495.03
5108,Amoxidine DS,418.83
5109,Clarimycin DS,340.69
5110,Acustat Forte,490.4
5111,Doloazole Cream,278.31
5112,Maximab Forte,135.57
5113,Fluxan Ointment,498.93
5114,Dexpril Forte,293.93
5115,Biocillin Cream,50.7
5116,Ultradine Tab,146.58
5117,Triazole Cap,402.96
5118,Hydromycin Plus,49.65
5119,Acucillin Cream,197.93
5120,Amoxipril Max,498.95
5121,Norxan Gel,466.21
5122,Neocillin Cap,347.98
5123,Panmab Syrup,168.81
5124,Acustat SR,357.61
5125,Hydrozone SR,334.25
5126,Metamab Syrup,438.52
5127,Norpril Cap,186.88
5128,Hydrolax Inj,150.16
5129,Levozol Gel,66.19
5130,Neomab Syrup,117.26
5131,Metafen Ointment,408.7
5132,Amoxiprazole Cap,17.79
5133,Ciproxan Syrup,96.57
5134,Hydrofen Ointment,304.09
5135,Neoquine XR,491.71
5136,Metacillin SR,211.86
5137,Dexvir Max,127.05
5138,Clarivir Inj,439.14
5139,Dolomycin XR,143.95
5140,Zylofen Tab,280.56
5141,Omniolol Plus,311.63
5142,Amoxilax Cream,441.69
5143,Acuvir Cap,406.58
5144,Tricept Ointment,486.46
5145,Zyloprazole Plus,208.55
5146,Dexbarb Lite,31.5
5147,Maxidine Drops,407.79
5148,Pansartan XR,246.81
5149,Bioprazole Ointment,433.15
5150,Panfen Inj,326.72
5151,Norprazole Cream,475.02
5152,Levomab Ointment,363.4
5153,Dolocillin Inj,270.85
5154,Flutidine Syrup,98.35
5155,Maxicept Forte,253.22
5156,Roxicillin Lite,83.97
5157,Zylotidine Inj,172.9
5158,Ultraxan Tab,275.68
5159,Metaolol Max,276.94
5160,Neolax Max,247.28
5161,Tricept Tab,213.26
5162,Bioazole Tab,456.52
5163,Zylozol Syrup,194.52
5164,Amoxiazole Cream,154.24
5165,Trixan Cap,149.6
5166,Dextidine XR,236.27
5167,Roxistat Drops,202.28
5168,Acubarb XR,228.3
5169,Flubarb Plus,332.56
5170,Hydroazole Drops,82.9
5171,Roximycin Inj,270.9
5172,Ciproolol Syrup,287.94
5173,Norsartan Plus,393.59
5174,Roxidine Tab,419.15
5175,Cipropril Max,223.09
5176,Neotidine XR,159.81
5177,Biolax Cream,134.76
5178,Ultrastat Syrup,70
5179,Dexmab Cream,355.33
5180,Maxizol Forte,455.66
5181,Dexfen Cap,114.1
5182,Omniquine Drops,433.26
5183,Maxizone Plus,349.22
5184,Acupril Ointment,275.03
5185,Zyloprazole SR,182.28
5186,Maxilax Max,348.88
5187,Omnimab Forte,40.5
5188,Biolax Ointment,299.89
5189,Zylodine Tab,208.39
5190,Omniazole DS,192.19
5191,Norlax Cream,454.31
5192,Neomycin Gel,471.04
5193,Metamycin Drops,243.54
5194,Triazole Syrup,253.97
5195,Ultratidine Inj,96.49
5196,Maxicillin Cream,293.63
5197,Pansartan Gel,94.73
5198,Doloazole Syrup,129.04
5199,Metafen Forte,347.95
5200,Hydrostat Forte,245.93
5201,Panzol Inj,428.26
5202,Tricept Max,11.24
5203,Trisartan SR,402.31
5204,Zylosartan SR,61.92
5205,Biopril Inj,348.47
5206,Hydrotidine Syrup,498.74
5207,Panzol XR,400.53
5208,Doloxan Forte,112.8
5209,Zylomab Cap,378.5
5210,Amoxicept Gel,185.54
5211,Maxistat Max,27.51
5212,Panpril Tab,182.98
5213,Trivir SR,196.93
5214,Dolomab XR,162.7
5215,Omnimycin DS,128.37
5216,Ciprovir Plus,480.84
5217,Clarimab Tab,36.05
5218,Acutidine Inj,496.22
5219,Neopril Drops,145.88
5220,Roxitidine Cream,305.53
5221,Zylozone Plus,95.71
5222,Hydrodine SR,230.46
5223,Aculax XR,466.76
5224,Metapril Plus,279.23
5225,Ultralax SR,332.63
5226,Roxixan SR,202.48
5227,Fludine Ointment,75.82
5228,Biodine Ointment,60.98
5229,Ultrabarb Forte,261.62
5230,Biotidine Lite,394.35
5231,Panstat Cream,390.16
5232,Dexzone SR,397.02
5233,Bioxan Syrup,14.68
5234,Zylomab Inj,384.18
5235,Neoxan Cap,122.27
5236,Clarixan Cap,391.06
5237,Ultraprazole Plus,32.3
5238,Hydrobarb Gel,176.71
5239,Ultrabarb DS,155.55
5240,Maxizone Forte,29.37
5241,Neoprazole Syrup,381.06
5242,Maxidine Cap,450.08
5243,Fluzol XR,436.79
5244,Hydrobarb Cap,477.72
5245,Acucillin Drops,235.3
5246,Omnitidine Lite,389.78
5247,Flusartan SR,39.34
5248,Norpril Max,474.55
5249,Hydrocillin Ointment,433.31
5250,Zyloazole DS,155.34
5251,Dolocept DS,235.67
5252,Maxivir SR,492.4
5253,Levobarb Drops,112.55
5254,Dexcept XR,143.38
5255,Acuazole Ointment,199.32
5256,Zylopril Cap,353.56
5257,Levoxan Lite,381.87
5258,Panprazole Gel,139.72
5259,Tritidine Plus,316.83
5260,Levocillin Tab,291.39
5261,Acucillin SR,283.29
5262,Trizone Plus,426.73
5263,Roxixan DS,387
5264,Biofen Inj,179.04
5265,Roxilax Inj,350.1
5266,Amoximycin Inj,492.2
5267,Amoxifen Inj,221.15
5268,Dexsartan Max,269.08
5269,Neocillin SR,105.98
5270,Ultrastat XR,79.55
5271,Norxan XR,257.03
5272,Fluxan Drops,436.74
5273,Metaazole Inj,93.7
5274,Metacept DS,50.88
5275,Amoxiazole Max,446.76
5276,Acuprazole Drops,63.83
5277,Zylolax Cream,498.38
5278,Ultrazone Forte,191.66
5279,Dolopril Syrup,314.47
5280,Bioprazole DS,283.79
5281,Dexpril Cap,98.69
5282,Neovir Gel,254.05
5283,Neoquine Gel,479.41
5284,Trifen Ointment,51.72
5285,Levomycin Plus,100.27
5286,Levomab DS,271.2
5287,Acuxan Ointment,52.66
5288,Flumab DS,481.03
5289,Acufen Forte,219.67
5290,Panmycin Forte,483.68
5291,Fluquine Forte,198.5
5292,Bioolol Syrup,42.08
5293,Flutidine Ointment,381.05
5294,Ciprozol Max,209.51
5295,Dolozone Forte,494.28
5296,Claritidine SR,383.86
5297,Ultraolol XR,208.61
5298,Zylozol Lite,426.78
5299,Ciprolax Max,479.31
5300,Doloazole Ointment,128.31
5301,Levozol SR,243.58
5302,Trifen Max,18.73
5303,Neocept Syrup,64.37
5304,Hydropril Tab,74.2
5305,Bioolol Inj,301.86
5306,Flusartan DS,156.59
5307,Maxitidine Max,43.09
5308,Biostat Tab,363.33
5309,Omniquine Ointment,224.54
5310,Levocillin Drops,165.8
5311,Maxiazole Gel,161.49
5312,Maxipril Plus,140.39
5313,Acuquine XR,310.91
5314,Pansartan Drops,204.85
5315,Panpril Ointment,179.7
5316,Neotidine SR,253.81
5317,Amoxiolol Syrup,49.81
5318,Maxipril Forte,182.26
5319,Omnimab Lite,256.62
5320,Clarizol Gel,239.05
5321,Acumab Max,430.34
5322,Acutidine SR,466.13
5323,Clariolol Lite,458.56
5324,Neoolol Max,199.65
5325,Acuzone Max,207.36
5326,Amoxitidine SR,474.51
5327,Maxibarb Max,466.45
5328,Norquine XR,448.89
5329,Amoxizol Drops,406.56
5330,Ciprobarb DS,330.86
5331,Flubarb SR,221.53
5332,Levoquine DS,217.43
5333,Dolofen Ointment,206.12
5334,Norzone Max,465.71
5335,Amoxivir Gel,154.52
5336,Metazol SR,144.02
5337,Amoxifen Drops,191.01
5338,Biocillin Tab,322.47
5339,Neoolol Gel,10.29
5340,Ultracillin SR,42.7
5341,Omnibarb Tab,490.64
5342,Zylofen Lite,359.52
5343,Omniolol Lite,76.76
5344,Metastat Forte,434.59
5345,Tribarb Forte,123.27
5346,Clarifen Gel,451.6
5347,Ultraxan Cream,463.7
5348,Metaazole Cream,11.64
5349,Triolol Max,479.07
5350,Flufen DS,499.5
5351,Ciprozol DS,469.92
5352,Ultravir Forte,450.5
5353,Acufen Tab,437.91
5354,Maxitidine SR,486.14
5355,Roxivir XR,5.65
5356,Dolozol Ointment,207.08
5357,Pansartan Cream,484.7
5358,Hydrozol Cream,439.41
5359,Amoxidine XR,416.85
5360,Fluolol XR,219.75
5361,Dexzol Forte,367.03
5362,Norolol Cap,41.07
5363,Levovir SR,367.23
5364,Hydrozone DS,70.38
5365,Panpril Forte,25.42
5366,Roxicept Cream,242.95
5367,Metafen SR,279.27
5368,Ultraprazole Lite,319.38
5369,Levomycin Syrup,306.16
5370,Neoolol Drops,493.28
5371,Amoxicillin SR,197.58
5372,Hydrostat Gel,243.12
5373,Zylopril Syrup,367.18
5374,Zylovir Cream,489.98
5375,Dexlax Ointment,358.35
5376,Trimab Syrup,473.63
5377,Levopril DS,467.2
5378,Doloprazole Plus,16.71
5379,Cipromycin Forte,387.95
5380,Levotidine Plus,349.75
5381,Omnicept Lite,408.96
5382,Acudine Ointment,336.96
5383,Dexzol DS,283.67
5384,Trilax Lite,394.94
5385,Levocillin Lite,345.21
5386,Maxiquine Inj,81.75
5387,Zyloazole XR,84.34
5388,Omniolol Max,258.08
5389,Bioazole Lite,424.75
5390,Zylocept DS,278.05
5391,Clarixan XR,371.7
5392,Ciproazole Ointment,122.97
5393,Levovir Cap,377.81
5394,Metatidine XR,245.47
5395,Norquine Syrup,130.87
5396,Flustat XR,479.6
5397,Pancillin XR,147.1
5398,Zyloprazole Cap,293.53
5399,Omnipril Cap,181.11
5400,Zyloxan Tab,127.45
5401,Zylozone Forte,14.95
5402,Acucept Lite,208.48
5403,Dexfen Lite,55.97
5404,Clarizone Syrup,263.54
5405,Roxivir Plus,199.75
5406,Pantidine Cap,307.47
5407,Doloxan Cream,183.75
5408,Dolofen DS,95.79
5409,Ciprocillin Cap,200.01
5410,Ultrazol Gel,350.76
5411,Claripril SR,420.5
5412,Neosartan Gel,472.09
5413,Acusartan DS,422.7
5414,Hydrosartan Plus,32.37
5415,Norstat Ointment,406.77
5416,Bioquine Plus,306.54
5417,Maxizol Inj,54.31
5418,Hydroquine SR,240.96
5419,Metabarb Inj,271.44
5420,Maxiprazole Tab,150.52
5421,Ciproazole SR,128.15
5422,Dolovir DS,239.28
5423,Hydrocillin XR,454.2
5424,Panazole Gel,284.18
5425,Levomycin Cap,24.36
5426,Norbarb Inj,52.78
5427,Roxicept Plus,284.82
5428,Flumycin Inj,147.65
5429,Dolomab Max,434.97
5430,Panzone Cap,10.64
5431,Clarisartan Drops,251.77
5432,Ultraquine SR,85.72
5433,Flubarb DS,240.81
5434,Hydrostat Ointment,117.55
5435,Neopril XR,449.35
5436,Amoximab Inj,173.8
5437,Norzone Forte,394.22
5438,Trilax Gel,38.69
5439,Roxilax Lite,124.83
5440,Ultralax Inj,46
5441,Trilax Max,77.14
5442,Zylolax Cap,178.16
5443,Cipromycin Inj,220.98
5444,Norpril Forte,9.72
5445,Trixan Gel,429.9
5446,Biozol Ointment,361.5
5447,Dolomab Cream,248.55
5448,Panolol DS,95.05
5449,Levoazole Gel,156.18
5450,Dolostat Tab,43.63
5451,Tritidine Lite,19.79
5452,Metadine Cream,54.69
5453,Omnimycin SR,407.41
5454,Omnivir Tab,212.64
5455,Dexxan Max,356.7
5456,Nortidine Inj,297.27
5457,Norolol Gel,483.11
5458,Norsartan Cream,87.32
5459,Norzone Drops,246.89
5460,Omnifen DS,327.16
5461,Ciprofen Cream,406.89
5462,Clarixan Drops,241.94
5463,Fluazole DS,117.87
5464,Levozol Tab,107.58
5465,Doloxan Plus,292.05
5466,Bioolol Drops,395.48
5467,Claricept Tab,57.18
5468,Neolax Plus,98.72
5469,Amoxiazole SR,298.67
5470,Bioolol SR,373.27
5471,Omnipril SR,284.63
5472,Zyloolol Ointment,195.42
5473,Norzone DS,408.67
5474,Hydromycin Forte,452.98
5475,Bioolol DS,289.75
5476,Ultrabarb Gel,498.59
5477,Neostat DS,58.49
5478,Neoazole DS,179.96
5479,Amoxizol Lite,471.3
5480,Flucept Max,400.46
5481,Roxizone Gel,332.53
5482,Omnivir Ointment,147.21
5483,Doloxan Ointment,427.85
5484,Ciproquine Cap,387.2
5485,Flumab Gel,309.15
5486,Clariprazole SR,56.6
5487,Hydrozol Plus,174.17
5488,Dexazole Lite,176.63
5489,Zylodine XR,49.23
5490,Ciproquine SR,16.75
5491,Fluquine Inj,278.58
5492,Dexolol Lite,357.73
5493,Tricillin Lite,299.95
5494,Tridine Plus,142.06
5495,Ciprocillin Ointment,243.67
5496,Omnimycin Gel,286.96
5497,Maximab DS,128.35
5498,Amoxifen DS,445.13
5499,Acumycin Ointment,350.63
5500,Bioprazole Drops,309.63
5501,Metapril Inj,365.07
5502,Amoxistat Forte,118.06
5503,Pantidine Ointment,101.49
5504,Omniazole SR,82.65
5505,Maxicillin Forte,364.33
5506,Flubarb Drops,204.31
5507,Neostat Cap,254.15
5508,Amoxisartan SR,44.64
5509,Levoprazole Gel,114.49
5510,Hydrotidine SR,391.5
5511,Biotidine SR,94.06
5512,Norvir Syrup,421.97
5513,Maxistat Ointment,372.51
5514,Tribarb Max,464.97
5515,Panlax Drops,208.99
5516,Roxidine Plus,222.53
5517,Clarivir Forte,400.39
5518,Zylocillin Syrup,444.37
5519,Zyloquine Ointment,52.21
5520,Maxivir Drops,313.7
5521,Ultracillin Tab,184.47
5522,Claricept Drops,254.13
5523,Amoxilax Tab,404.04
5524,Hydroprazole Cream,421.85
5525,Ciprocept Syrup,103.96
5526,Metavir Cream,163.31
5527,Claridine Cap,426.8
5528,Roxidine Lite,245.37
5529,Maxiolol XR,447.77
5530,Bioazole Syrup,12.12
5531,Biodine Forte,206.86
5532,Acucillin XR,337
5533,Ultrazol SR,301.58
5534,Pancillin Forte,306.05
5535,Biovir Cap,341.56
5536,Zylopril Max,479.51
5537,Dolodine Ointment,142.1
5538,Trizol Gel,436.62
5539,Acubarb Plus,22.29
5540,Clarizone Max,482.38
5541,Omnibarb XR,284.63
5542,Roxibarb Max,80.68
5543,Bioazole Cap,42.43
5544,Fludine SR,481.91
5545,Trizone Cream,373.34
5546,Ultrasartan Gel,155.01
5547,Dolopril Lite,301.77
5548,Biomab Gel,71.93
5549,Ultracept Ointment,280.39
5550,Hydrovir Drops,432.81
5551,Amoxixan XR,198.97
5552,Dexstat Tab,403.83
5553,Panvir Gel,316.78
5554,Claripril Syrup,367.36
5555,Dexstat SR,372.87
5556,Dexbarb Max,252
5557,Pansartan Ointment,122.02
5558,Bioprazole Max,356.91
5559,Trixan XR,123.23
5560,Biomab Forte,421.12
5561,Hydroxan Drops,351.47
5562,Metadine XR,357.44
5563,Ultrabarb Ointment,332.96
5564,Dexfen Gel,69.66
5565,Biofen Plus,44.64
5566,Flupril Max,29.2
5567,Maxilax Forte,498.23
5568,Clariprazole Tab,332.71
5569,Metacillin Cap,73.11
5570,Levolax Cream,250
5571,Pantidine Plus,300.98
5572,Metaprazole Plus,128.67
5573,Tricillin Drops,441.53
5574,Maxizone Inj,177.4
5575,Ciproquine Drops,407.33
5576,Dexcillin Ointment,493.46
5577,Ciprocept DS,110.93
5578,Bioxan XR,164.84
5579,Ultrabarb Drops,63.82
5580,Metaquine Tab,497.48
5581,Roxibarb Lite,168.73
5582,Dexpril Gel,27.5
5583,Neozol Cap,332.9
5584,Metamab Drops,204.13
5585,Maxizol XR,89.16
5586,Hydrolax Cap,213.29
5587,Maxipril Gel,62.09
5588,Ciprocillin Cream,298.33
5589,Nordine Plus,210.29
5590,Norstat Forte,184.27
5591,Trilax Plus,258.54
5592,Fluvir Tab,153.98
5593,Dolocillin Plus,212.94
5594,Acutidine Tab,122.69
5595,Zylobarb Ointment,17.8
5596,Panzone Inj,452.32
5597,Ultraazole XR,162.24
5598,Maxipril SR,367.95
5599,Zylomycin Cap,127.94
5600,Dexxan Cap,385
5601,Panolol Cream,356.52
5602,Roximab Forte,18.13
5603,Levozone SR,21.43
5604,Levobarb Lite,324.45
5605,Omnilax Lite,165.08
5606,Maxisartan SR,267.96
5607,Ultrazol Plus,318.45
5608,Amoxizol Cap,154.88
5609,Amoxistat Ointment,404.25
5610,Omniolol Tab,297.1
5611,Dolobarb Forte,102.62
5612,Panmab Cream,49.43
5613,Omniazole Ointment,151.44
5614,Neosartan Tab,337.94
5615,Dolofen SR,73.68
5616,Dexstat Inj,182.11
5617,Clarizol Cap,177.34
5618,Omnicept Cap,462.8
5619,Neoquine SR,138.91
5620,Zylomab DS,385.8
5621,Hydroxan Syrup,94.36
5622,Roximycin DS,248.48
5623,Fluquine Plus,317.23
5624,Zylocillin Inj,77.32
5625,Panpril Syrup,209.76
5626,Cipromab Plus,382.41
5627,Dexstat XR,120.37
5628,Trizone Drops,289.5
5629,Tridine Max,70.15
5630,Maximycin Cap,299.34
5631,Nortidine Lite,202.64
5632,Flutidine XR,137.84
5633,Omnimycin Lite,171.46
5634,Dolomab Syrup,379.55
5635,Zylodine Ointment,186.93
5636,Ciprodine Tab,310.56
5637,Ultrastat Lite,366.07
5638,Ciprolax Cap,281.57
5639,Norpril Ointment,136.48
5640,Maxisartan Inj,472.62
5641,Triprazole SR,298.25
5642,Metafen Max,422.84
5643,Metaazole Lite,470.01
5644,Levomycin Ointment,350.29
5645,Acuquine DS,187.68
5646,Maxistat XR,408.06
5647,Acucept Gel,353.84
5648,Levoxan Tab,444.94
5649,Maxizone SR,412.13
5650,Maxicillin Plus,299.15
5651,Dexcept Drops,216.44
5652,Ciprotidine Lite,50.23
5653,Maxiquine Plus,120.8
5654,Pandine SR,242.12
5655,Roxipril Syrup,215.61
5656,Ultrapril Gel,484.79
5657,Levostat XR,417.05
5658,Pancept Cream,66.8
5659,Acuvir SR,185.35
5660,Metacept XR,274.6
5661,Amoxidine Cream,436.79
5662,Hydrotidine Drops,346.56
5663,Norlax Tab,40.23
5664,Hydroolol Inj,372.95
5665,Panmab XR,381.27
5666,Amoxizone Drops,221.98
5667,Acuvir Ointment,238.67
5668,Norolol Max,324.23
5669,Flulax Cream,188.74
5670,Ultrazol Cap,208.91
5671,Amoxistat Max,215.63
5672,Levodine Cap,497.47
5673,Zylofen Forte,149.29
5674,Roxiolol Gel,243.73
5675,Norazole Ointment,273.05
5676,Hydrolax XR,392.75
5677,Dolomycin Max,119.8
5678,Levofen DS,160.58
5679,Trizone Forte,367.7
5680,Ultradine Max,482.48
5681,Neocillin Inj,388.89
5682,Metamycin Gel,43.08
5683,Hydrozone Gel,337.26
5684,Roxiolol Forte,80.72
5685,Ultramab Forte,214.6
5686,Zylovir Cap,45.32
5687,Ciprovir Max,186.45
5688,Biomycin Lite,358.08
5689,Metatidine Inj,299.91
5690,Norstat Inj,104.62
5691,Omniolol Inj,67.92
5692,Neoquine Drops,370.64
5693,Pansartan Inj,256.83
5694,Clarilax Ointment,483.47
5695,Fluzone Cream,245.15
5696,Norbarb Forte,126.11
5697,Neotidine DS,74.06
5698,Roximab Cap,288.77
5699,Dexdine SR,91.87
5700,Omnibarb SR,287.72
5701,Hydroazole Max,215.94
5702,Cipromab Syrup,80.76
5703,Neomycin Cream,255.67
5704,Amoxistat Syrup,342.54
5705,Ciprofen Syrup,83
5706,Roximycin Gel,498.98
5707,Dexzol Cream,218.09
5708,Levovir Gel,55.72
5709,Amoxidine Max,235.8
5710,Metatidine Drops,73.82
5711,Clariolol Cream,365.88
5712,Neomab Cream,238.94
5713,Claridine Syrup,196.21
5714,Dolotidine Cream,462.75
5715,Flufen SR,384.23
5716,Hydrocillin DS,102.21
5717,Maxixan Lite,75.01
5718,Omnizol Inj,372.75
5719,Acufen Ointment,19.78
5720,Bioprazole Gel,79.09
5721,Levopril Drops,76.51
5722,Dexvir XR,226.3
5723,Claristat Lite,304.96
5724,Neofen DS,355.42
5725,Biomycin SR,92.02
5726,Biobarb Max,350.98
5727,Biovir Cream,201.13
5728,Maxistat Forte,362.04
5729,Dexbarb Ointment,57.73
5730,Triolol Tab,286.71
5731,Cipromycin Drops,343
5732,Panmab Tab,214.14
5733,Hydroazole DS,298.27
5734,Biobarb XR,259.95
5735,Omnisartan Ointment,431.41
5736,Ciprozone Lite,77.95
5737,Normab Syrup,445.2
5738,Zylopril DS,64.09
5739,Amoxiazole Drops,370.18
5740,Zyloazole Gel,308.98
5741,Amoxixan Lite,210.52
5742,Dexzol Drops,393.17
5743,Maxibarb Drops,218.31
5744,Metastat Syrup,254.42
5745,Amoxivir Cream,371.1
5746,Metazol Tab,97.97
5747,Ciprolax Lite,273.43
5748,Triprazole Cap,104.52
5749,Pancillin Inj,472.51
5750,Dexvir Lite,79.23
5751,Amoximycin DS,43.91
5752,Panfen XR,24
5753,Biodine Tab,439.61
5754,Acutidine Cream,299.74
5755,Metalax Cream,10.83
5756,Biodine Syrup,420.31
5757,Roxistat Tab,82.49
5758,Zylobarb Cap,419.81
5759,Panxan Cream,183.41
5760,Norvir SR,208.65
5761,Omnibarb Ointment,151.77
5762,Biozone Lite,426.04
5763,Dolovir Drops,228.14
5764,Amoxitidine Ointment,364.79
5765,Flumycin Plus,275.57
5766,Biopril Forte,481.9
5767,Ciproxan Plus,346.96
5768,Levoolol SR,98.86
5769,Biocept Syrup,367.92
5770,Pandine Tab,112.05
5771,Acufen Max,91.33
5772,Dexcillin Inj,442.59
5773,Fluolol Forte,231.67
5774,Metaazole Forte,259.87
5775,Maxilax Plus,98.34
5776,Amoximab XR,42.16
5777,Aculax Max,101.78
5778,Doloquine Inj,171.02
5779,Metalax Gel,191.42
5780,Triquine Gel,481.78
5781,Amoxifen Max,273.33
5782,Roxiolol SR,457.62
5783,Ciprovir Ointment,387.82
5784,Panzone XR,70.83
5785,Norstat Plus,332.28
5786,Ultrastat Max,107.11
5787,Hydrodine Lite,308.38
5788,Maxivir Cream,203.51
5789,Metaolol Ointment,396.39
5790,Triolol Cap,269.29
5791,Flucept Cream,431.82
5792,Ciproprazole SR,184.43
5793,Pancept Plus,113.74
5794,Roxifen Tab,305.37
5795,Ultrazol DS,356.31
5796,Norzol Lite,101.35
5797,Flupril XR,63.69
5798,Maxidine Forte,252.66
5799,Bioquine Lite,362.6
5800,Roxivir Cream,375.71
5801,Metamycin Lite,135.36
5802,Biolax Tab,20.7
5803,Clariquine SR,74.06
5804,Dexcept DS,69.25
5805,Levosartan Plus,145.17
5806,Ultralax Drops,400.38
5807,Ultrasartan Cap,495.31
5808,Panzone DS,395.57
5809,Maxicillin XR,151.44
5810,Dexcept Inj,176.08
5811,Ciprocillin Syrup,392.71
5812,Panpril Gel,56.43
5813,Panxan Plus,91.82
5814,Neotidine Tab,99.8
5815,Flumab Plus,379.51
5816,Roxizone Lite,408.5
5817,Hydromycin Tab,234.66
5818,Biocillin SR,497.52
5819,Amoxiprazole Inj,323.54
5820,Hydroolol DS,247.09
5821,Triazole DS,447.85
5822,Tribarb Gel,315.91
5823,Ultrafen Cap,124.1
5824,Zylosartan Max,12.21
5825,Acucillin Ointment,159.14
5826,Zylolax Forte,362.41
5827,Hydrocept Forte,432.7
5828,Hydrovir Tab,284.77
5829,Metastat SR,205.81
5830,Roxicept Ointment,76.88
5831,Dolostat Plus,385.94
5832,Hydromab Gel,457.12
5833,Omnimab DS,397.39
5834,Maxibarb Inj,23.46
5835,Metastat Lite,278.61
5836,Maxidine Lite,109.56
5837,Norlax Max,436.07
5838,Bioxan Cap,139.96
5839,Levobarb DS,214.29
5840,Flufen Gel,257.35
5841,Norcept Tab,138.95
5842,Clariprazole Inj,207.22
5843,Metasartan Lite,130.07
5844,Hydroolol Tab,343.78
5845,Norcept XR,350.96
5846,Biozone XR,445.12
5847,Normab Gel,488.03
5848,Flucept Gel,90.38
5849,Dexlax Forte,150.73
5850,Ultrapril Cap,241.35
5851,Levomab Inj,172.1
5852,Biofen Cap,43.84
5853,Metamab DS,32.96
5854,Flumab XR,242.35
5855,Fluprazole Cap,462.19
5856,Ciprodine Plus,294.3
5857,Metazone Cap,120.7
5858,Flubarb Syrup,259.37
5859,Fluazole Drops,100.38
5860,Flucillin Forte,365.18
5861,Metaquine Syrup,100.12
5862,Metacept Plus,110.65
5863,Zylozol Gel,174.65
5864,Amoxizol Gel,137.78
5865,Clarimab Max,462.24
5866,Omnidine Syrup,471.87
5867,Ultraazole Forte,295.78
5868,Neocillin Syrup,480.8
5869,Ciprozone Plus,388.18
5870,Roxidine Ointment,364.76
5871,Ciprotidine Plus,151.7
5872,Levomycin Inj,49.82
5873,Maxizol Drops,367.87
5874,Hydrobarb Max,445.36
5875,Dexcept Max,61.9
5876,Roxifen Forte,56.53
5877,Doloquine Cap,445.63
5878,Ultraazole Inj,283.06
5879,Omnimab Ointment,114.11
5880,Omnicept Plus,342.69
5881,Dexolol Plus,287.92
5882,Roximab Lite,203.47
5883,Dolotidine Drops,130.34
5884,Roxipril Drops,455.36
5885,Roxibarb Tab,147.98
5886,Claricillin XR,464.51
5887,Omnilax Ointment,374.41
5888,Dexsartan Gel,490.3
5889,Biocept Plus,255.58
5890,Hydroxan Gel,181.65
5891,Ciprocept Plus,379.11
5892,Acustat XR,377.8
5893,Roxivir Drops,183.06
5894,Roxizone Syrup,249.02
5895,Claricept Syrup,486.46
5896,Roxixan Syrup,344.3
5897,Acuzone Syrup,15.74
5898,Metastat Gel,172.98
5899,Flutidine Gel,445.44
5900,Ciproprazole Plus,460.39
5901,Panfen SR,207.89
5902,Roxisartan Syrup,362.63
5903,Maxicept SR,120.05
5904,Ultrapril Lite,269.66
5905,Maxidine DS,53.94
5906,Omnixan Tab,62.12
5907,Panprazole SR,362.79
5908,Amoxicillin Cream,94.3
5909,Roxiprazole Drops,158.73
5910,Roxifen Cap,235.93
5911,Dexmycin Max,428.75
5912,Acuquine Lite,139.47
5913,Levobarb Max,491.95
5914,Acustat Cap,6.45
5915,Dolodine XR,271.16
5916,Amoxilax Gel,291.08
5917,Dexcillin Gel,127.38
5918,Ultracillin Gel,321.08
5919,Maxizone Cream,122.65
5920,Acusartan Tab,140.15
5921,Clarivir DS,41.44
5922,Neozol Drops,101.62
5923,Roxivir Inj,19.36
5924,Hydrofen Plus,77.1
5925,Dexxan Lite,372.37
5926,Levolax Drops,354.45
5927,Hydrobarb XR,227.18
5928,Claripril Plus,315.86
5929,Clarimab Plus,401.31
5930,Maxixan Cream,448.08
5931,Claricept SR,17.22
5932,Roxistat DS,293.52
5933,Zylopril Ointment,301.97
5934,Omnipril Gel,58.89
5935,Roxizone Cream,19.05
5936,Fluzone XR,231.95
5937,Maxixan XR,496.55
5938,Panlax Cream,140.54
5939,Omnizone Syrup,229.39
5940,Ciprocillin XR,245.48
5941,Levotidine Ointment,230.1
5942,Ultraazole SR,276.11
5943,Doloquine SR,402.66
5944,Claritidine XR,338.6
5945,Normycin Cap,454.08
5946,Roxizol Max,40.52
5947,Metacept SR,199.58
5948,Amoxizone Plus,288.6
5949,Flustat Tab,413.05
5950,Amoxicillin Inj,409.15
5951,Zylobarb Tab,254.93
5952,Dexvir Tab,170.99
5953,Tridine Syrup,136.19
5954,Biodine Cream,364.41
5955,Metalax Syrup,365.34
5956,Fluprazole Gel,223.5
5957,Metafen XR,338.73
5958,Clariolol Plus,150.85
5959,Clariazole Syrup,456.04
5960,Dexprazole Plus,139.59
5961,Acuxan Drops,85.21
5962,Amoxibarb Forte,123.99
5963,Norcillin DS,103.11
5964,Omnipril Syrup,67.79
5965,Dextidine Lite,468.48
5966,Panbarb Lite,181.51
5967,Zylodine Gel,344.58
5968,Ultrazone Cream,324.11
5969,Biosartan Ointment,73.17
5970,Ciproprazole Inj,308.69
5971,Levomab Tab,86.32
5972,Metastat Max,411.96
5973,Roxicillin Drops,39.12
5974,Neoazole Lite,234.11
5975,Maxisartan Forte,231.98
5976,Roximycin Ointment,163.09
5977,Hydrocillin Plus,93.24
5978,Neoquine DS,14.4
5979,Pantidine XR,363.71
5980,Omniquine XR,300.86
5981,Bioazole Gel,32.47
5982,Levofen Inj,380.19
5983,Levoxan Gel,339.85
5984,Zyloolol Tab,305.98
5985,Omniolol Cap,453.38
5986,Hydrocillin Lite,202.73
5987,Ciprolax Forte,405.99
5988,Maximycin Gel,108.62
5989,Omnitidine Syrup,60.05
5990,Maxizone Max,185.3
5991,Levoquine Lite,54.17
5992,Acudine Lite,409.28
5993,Flufen Syrup,324.89
5994,Claricept Gel,283.12
5995,Triolol XR,274.81
5996,Metazol Ointment,263.07
5997,Hydrofen Max,291.9
5998,Dexbarb Drops,109.5
5999,Neosartan Drops,104.76
6000,Dolovir XR,437.88
1,Dexpril Max,19.99
